gene_symbol,tissue_id,score
TAS1R3,Small_Intestine_Terminal_Ileum_Lymphoid_Aggregate,8.59593
TAS1R3,Spleen,6.23236
TAS1R3,Small_Intestine_Terminal_Ileum_Mixed_Cell,4.58321
TAS1R3,Pituitary,3.19331
TAS1R3,Liver_Portal_Tract,3.15001
TAS1R3,Small_Intestine_Terminal_Ileum,2.87213
TAS1R3,Minor_Salivary_Gland,2.28338
TAS1R3,Testis,2.19176
TAS1R3,Brain_Cerebellum,2.19131
TAS1R3,Colon_Transverse_Mucosa,2.10425
TAS1R3,Brain_Cerebellar_Hemisphere,2.00888
TAS1R3,Colon_Transverse_Mixed_Cell,1.90193
NADK,Whole_Blood,171.184
NADK,Spleen,109.695
NADK,Liver_Hepatocyte,93.2725
NADK,Liver_Mixed_Cell,90.5018
NADK,Adrenal_Gland,69.7827
NADK,Small_Intestine_Terminal_Ileum_Lymphoid_Aggregate,68.5191
NADK,Artery_Tibial,59.8733
NADK,Lung,57.8298
NADK,Artery_Coronary,57.7602
NADK,Adipose_Subcutaneous,57.5711
NADK,Cells_EBV-transformed_lymphocytes,55.9421
NADK,Adipose_Visceral_Omentum,55.594
PRKCZ,Brain_Cerebellar_Hemisphere,92.7204
PRKCZ,Brain_Cerebellum,87.6462
PRKCZ,Brain_Frontal_Cortex_BA9,43.3985
PRKCZ,Brain_Cortex,40.2479
PRKCZ,Testis,36.3103
PRKCZ,Brain_Anterior_cingulate_cortex_BA24,30.4971
PRKCZ,Brain_Nucleus_accumbens_basal_ganglia,27.5956
PRKCZ,Brain_Spinal_cord_cervical_c-1,21.9614
PRKCZ,Lung,21.3082
PRKCZ,Brain_Caudate_basal_ganglia,19.6144
PRKCZ,Brain_Hypothalamus,18.8367
PRKCZ,Brain_Amygdala,17.3042
ICMT,Cells_Cultured_fibroblasts,74.1607
ICMT,Artery_Aorta,60.9945
ICMT,Artery_Tibial,56.5757
ICMT,Artery_Coronary,54.9948
ICMT,Pituitary,48.9689
ICMT,Brain_Cerebellum,46.3836
ICMT,Uterus,44.1658
ICMT,Colon_Sigmoid,43.7581
ICMT,Cervix_Endocervix,41.7389
ICMT,Muscle_Skeletal,41.6127
ICMT,Esophagus_Muscularis,41.2878
ICMT,Adipose_Subcutaneous,41.2262
TAS1R1,Testis,10.1939
TAS1R1,Spleen,1.04122
TAS1R1,Colon_Transverse_Muscularis,0.994587
TAS1R1,Skin_Not_Sun_Exposed_Suprapubic,0.888387
TAS1R1,Colon_Sigmoid,0.777112
TAS1R1,Artery_Aorta,0.651819
TAS1R1,Minor_Salivary_Gland,0.565314
TAS1R1,Pituitary,0.562558
TAS1R1,Stomach_Muscularis,0.466569
TAS1R1,Skin_Sun_Exposed_Lower_leg,0.461289
TAS1R1,Lung,0.444579
TAS1R1,Ovary,0.438282
CA6,Skin_Sun_Exposed_Lower_leg,19.0009
CA6,Skin_Not_Sun_Exposed_Suprapubic,9.3335
CA6,Small_Intestine_Terminal_Ileum_Lymphoid_Aggregate,0.179334
CA6,Spleen,0.162155
CA6,Whole_Blood,0.090716
CA6,Pituitary,0.072606
CA6,Minor_Salivary_Gland,0.062301
CA6,Testis,0.054198
CA6,Small_Intestine_Terminal_Ileum_Mixed_Cell,0.034453
CA6,Breast_Mammary_Tissue,0.021966
CA6,Brain_Hippocampus,0.016578
CA6,Small_Intestine_Terminal_Ileum,0.012582
PIK3CD,Whole_Blood,129.097
PIK3CD,Small_Intestine_Terminal_Ileum_Lymphoid_Aggregate,113.119
PIK3CD,Cells_EBV-transformed_lymphocytes,107.31
PIK3CD,Spleen,85.1854
PIK3CD,Small_Intestine_Terminal_Ileum_Mixed_Cell,40.3247
PIK3CD,Liver_Portal_Tract,32.4204
PIK3CD,Lung,23.4945
PIK3CD,Small_Intestine_Terminal_Ileum,15.1072
PIK3CD,Ovary,14.4216
PIK3CD,Uterus,12.2586
PIK3CD,Fallopian_Tube,11.4973
PIK3CD,Adipose_Visceral_Omentum,10.9892
PGD,Whole_Blood,894.585
PGD,Esophagus_Mucosa,647.45
PGD,Vagina,175.644
PGD,Spleen,151.46
PGD,Cervix_Ectocervix,148.565
PGD,Adipose_Subcutaneous,148.071
PGD,Lung,143.299
PGD,Cells_Cultured_fibroblasts,139.022
PGD,Testis,133.266
PGD,Cells_EBV-transformed_lymphocytes,128.539
PGD,Adipose_Visceral_Omentum,121.765
PGD,Thyroid,105.665
MASP2,Liver_Mixed_Cell,142.925
MASP2,Liver_Hepatocyte,121.383
MASP2,Liver,98.152
MASP2,Liver_Portal_Tract,34.9204
MASP2,Brain_Cerebellum,19.2353
MASP2,Brain_Cerebellar_Hemisphere,18.6838
MASP2,Small_Intestine_Terminal_Ileum_Lymphoid_Aggregate,14.4308
MASP2,Nerve_Tibial,10.8976
MASP2,Cervix_Endocervix,8.84468
MASP2,Uterus,8.6706
MASP2,Fallopian_Tube,7.99973
MASP2,Skin_Sun_Exposed_Lower_leg,7.789
MTOR,Testis,44.0508
MTOR,Brain_Cerebellum,32.3423
MTOR,Brain_Cerebellar_Hemisphere,30.5752
MTOR,Cells_EBV-transformed_lymphocytes,25.7707
MTOR,Uterus,25.165
MTOR,Kidney_Medulla,25.0042
MTOR,Nerve_Tibial,24.7637
MTOR,Thyroid,24.1243
MTOR,Esophagus_Muscularis,23.8582
MTOR,Colon_Sigmoid,23.5795
MTOR,Small_Intestine_Terminal_Ileum_Lymphoid_Aggregate,23.4498
MTOR,Cells_Cultured_fibroblasts,23.3759
MTHFR,Liver_Portal_Tract,37.2979
MTHFR,Ovary,27.3269
MTHFR,Nerve_Tibial,25.8488
MTHFR,Spleen,24.4749
MTHFR,Lung,23.4908
MTHFR,Thyroid,22.2748
MTHFR,Small_Intestine_Terminal_Ileum_Lymphoid_Aggregate,22.0524
MTHFR,Pituitary,21.7987
MTHFR,Brain_Cerebellum,16.5375
MTHFR,Testis,16.2273
MTHFR,Colon_Transverse_Muscularis,16.1696
MTHFR,Stomach_Muscularis,15.8012
CTRC,Pancreas_Acini,3929.33
CTRC,Pancreas_Mixed_Cell,3557.88
CTRC,Pancreas,3414.0
CTRC,Pancreas_Islets,685.902
CTRC,Liver_Portal_Tract,1.49281
CTRC,Liver_Mixed_Cell,1.06036
CTRC,Whole_Blood,0.993956
CTRC,Spleen,0.980206
CTRC,Liver_Hepatocyte,0.789811
CTRC,Testis,0.714978
CTRC,Uterus,0.577302
CTRC,Brain_Cerebellum,0.530705
CASP9,Ovary,59.7679
CASP9,Pituitary,30.0299
CASP9,Testis,28.5071
CASP9,Thyroid,27.3592
CASP9,Fallopian_Tube,26.1767
CASP9,Uterus,20.6427
CASP9,Cervix_Endocervix,18.8696
CASP9,Prostate,17.734
CASP9,Liver_Portal_Tract,17.0313
CASP9,Nerve_Tibial,16.753
CASP9,Kidney_Medulla,15.1605
CASP9,Adrenal_Gland,13.6212
EPHA2,Esophagus_Mucosa,204.412
EPHA2,Liver_Portal_Tract,142.292
EPHA2,Vagina,108.361
EPHA2,Cervix_Ectocervix,75.6077
EPHA2,Skin_Not_Sun_Exposed_Suprapubic,64.3966
EPHA2,Skin_Sun_Exposed_Lower_leg,60.214
EPHA2,Nerve_Tibial,44.0817
EPHA2,Minor_Salivary_Gland,40.8549
EPHA2,Kidney_Medulla,38.2752
EPHA2,Thyroid,37.6059
EPHA2,Adipose_Visceral_Omentum,37.2405
EPHA2,Uterus,36.0044
PADI3,Bladder,36.0771
PADI3,Esophagus_Mucosa,17.7387
PADI3,Vagina,1.59843
PADI3,Testis,0.675014
PADI3,Skin_Not_Sun_Exposed_Suprapubic,0.545608
PADI3,Prostate,0.537344
PADI3,Cervix_Ectocervix,0.453968
PADI3,Skin_Sun_Exposed_Lower_leg,0.337916
PADI3,Minor_Salivary_Gland,0.092072
PADI3,Colon_Transverse_Mucosa,0.083106
PADI3,Colon_Transverse_Mixed_Cell,0.077333
PADI3,Cells_EBV-transformed_lymphocytes,0.065999
HTR6,Brain_Nucleus_accumbens_basal_ganglia,9.18958
HTR6,Brain_Caudate_basal_ganglia,7.06306
HTR6,Brain_Putamen_basal_ganglia,6.18729
HTR6,Brain_Cortex,3.31572
HTR6,Brain_Frontal_Cortex_BA9,2.97409
HTR6,Brain_Anterior_cingulate_cortex_BA24,1.76376
HTR6,Brain_Hypothalamus,0.913949
HTR6,Small_Intestine_Terminal_Ileum_Lymphoid_Aggregate,0.806384
HTR6,Brain_Hippocampus,0.6283
HTR6,Brain_Amygdala,0.571449
HTR6,Testis,0.550508
HTR6,Cells_EBV-transformed_lymphocytes,0.482348
PLA2G2A,Artery_Coronary,1540.21
PLA2G2A,Liver_Mixed_Cell,1317.8
PLA2G2A,Liver_Portal_Tract,1100.41
PLA2G2A,Liver_Hepatocyte,1079.68
PLA2G2A,Small_Intestine_Terminal_Ileum,1058.66
PLA2G2A,Small_Intestine_Terminal_Ileum_Mixed_Cell,1027.34
PLA2G2A,Heart_Atrial_Appendage,940.332
PLA2G2A,Nerve_Tibial,744.838
PLA2G2A,Adipose_Subcutaneous,727.448
PLA2G2A,Colon_Transverse_Mixed_Cell,583.485
PLA2G2A,Adipose_Visceral_Omentum,541.173
PLA2G2A,Colon_Transverse_Mucosa,411.248
PLA2G5,Ovary,86.9365
PLA2G5,Heart_Atrial_Appendage,67.0408
PLA2G5,Artery_Coronary,59.0351
PLA2G5,Heart_Left_Ventricle,29.2593
PLA2G5,Colon_Sigmoid,21.4772
PLA2G5,Esophagus_Gastroesophageal_Junction,18.415
PLA2G5,Esophagus_Muscularis,16.2256
PLA2G5,Testis,14.7149
PLA2G5,Liver_Portal_Tract,12.9303
PLA2G5,Colon_Transverse_Muscularis,12.5344
PLA2G5,Prostate,11.4755
PLA2G5,Bladder,10.7127
CDA,Whole_Blood,639.951
CDA,Esophagus_Mucosa,147.267
CDA,Vagina,71.8296
CDA,Cervix_Ectocervix,66.5045
CDA,Liver,60.3419
CDA,Spleen,46.8455
CDA,Liver_Hepatocyte,45.265
CDA,Colon_Transverse_Mixed_Cell,44.5755
CDA,Colon_Transverse_Mucosa,41.9114
CDA,Liver_Mixed_Cell,39.6668
CDA,Skin_Sun_Exposed_Lower_leg,33.6527
CDA,Cells_Cultured_fibroblasts,32.2567
ECE1,Artery_Tibial,168.462
ECE1,Adipose_Subcutaneous,147.042
ECE1,Adrenal_Gland,143.775
ECE1,Ovary,138.055
ECE1,Nerve_Tibial,134.971
ECE1,Lung,134.687
ECE1,Breast_Mammary_Tissue,131.428
ECE1,Cells_Cultured_fibroblasts,130.499
ECE1,Artery_Coronary,127.333
ECE1,Cervix_Endocervix,120.69
ECE1,Colon_Sigmoid,117.308
ECE1,Thyroid,106.901
ALPL,Whole_Blood,953.892
ALPL,Spleen,97.8435
ALPL,Lung,92.9128
ALPL,Adrenal_Gland,80.0584
ALPL,Liver_Mixed_Cell,75.214
ALPL,Liver_Hepatocyte,66.6846
ALPL,Liver,51.0232
ALPL,Liver_Portal_Tract,33.2314
ALPL,Adipose_Visceral_Omentum,32.0209
ALPL,Breast_Mammary_Tissue,30.5992
ALPL,Kidney_Cortex,28.3993
ALPL,Kidney_Medulla,20.9075
CDC42,Cells_EBV-transformed_lymphocytes,36.2592
CDC42,Whole_Blood,34.0045
CDC42,Cells_Cultured_fibroblasts,28.7265
CDC42,Lung,22.9099
CDC42,Cervix_Ectocervix,22.608
CDC42,Vagina,22.2109
CDC42,Uterus,22.1052
CDC42,Skin_Not_Sun_Exposed_Suprapubic,21.5588
CDC42,Fallopian_Tube,21.3182
CDC42,Skin_Sun_Exposed_Lower_leg,20.7541
CDC42,Esophagus_Mucosa,20.5694
CDC42,Liver_Portal_Tract,20.4045
KDM1A,Testis,96.868
KDM1A,Cells_EBV-transformed_lymphocytes,52.036
KDM1A,Ovary,49.2621
KDM1A,Cervix_Endocervix,45.8953
KDM1A,Uterus,45.4401
KDM1A,Pituitary,42.0035
KDM1A,Cells_Cultured_fibroblasts,41.2124
KDM1A,Fallopian_Tube,41.0786
KDM1A,Cervix_Ectocervix,38.8024
KDM1A,Brain_Cerebellar_Hemisphere,38.1569
KDM1A,Small_Intestine_Terminal_Ileum_Lymphoid_Aggregate,36.227
KDM1A,Vagina,35.6048
HTR1D,Brain_Nucleus_accumbens_basal_ganglia,8.35228
HTR1D,Small_Intestine_Terminal_Ileum_Mixed_Cell,4.17732
HTR1D,Brain_Caudate_basal_ganglia,4.02076
HTR1D,Small_Intestine_Terminal_Ileum,3.25554
HTR1D,Brain_Putamen_basal_ganglia,3.21506
HTR1D,Liver_Portal_Tract,2.74505
HTR1D,Brain_Cortex,0.720528
HTR1D,Testis,0.617507
HTR1D,Brain_Frontal_Cortex_BA9,0.590279
HTR1D,Brain_Hypothalamus,0.553274
HTR1D,Brain_Amygdala,0.467493
HTR1D,Nerve_Tibial,0.401668
LYPLA2,Liver_Portal_Tract,102.349
LYPLA2,Small_Intestine_Terminal_Ileum_Lymphoid_Aggregate,99.1327
LYPLA2,Spleen,91.0744
LYPLA2,Kidney_Medulla,89.1238
LYPLA2,Small_Intestine_Terminal_Ileum_Mixed_Cell,88.955
LYPLA2,Cells_EBV-transformed_lymphocytes,86.3755
LYPLA2,Esophagus_Mucosa,85.4397
LYPLA2,Colon_Transverse_Mixed_Cell,82.6446
LYPLA2,Colon_Transverse_Mucosa,81.778
LYPLA2,Prostate,72.5022
LYPLA2,Thyroid,72.4655
LYPLA2,Whole_Blood,70.5452
FUCA1,Colon_Transverse_Mixed_Cell,156.475
FUCA1,Colon_Transverse_Mucosa,142.681
FUCA1,Small_Intestine_Terminal_Ileum_Mixed_Cell,123.4
FUCA1,Small_Intestine_Terminal_Ileum_Lymphoid_Aggregate,87.0654
FUCA1,Thyroid,81.9062
FUCA1,Small_Intestine_Terminal_Ileum,78.9372
FUCA1,Pancreas_Islets,73.9593
FUCA1,Minor_Salivary_Gland,70.5853
FUCA1,Colon_Transverse,68.8051
FUCA1,Spleen,67.1647
FUCA1,Kidney_Medulla,66.204
FUCA1,Artery_Aorta,63.8012
CNR2,Small_Intestine_Terminal_Ileum_Lymphoid_Aggregate,43.9066
CNR2,Spleen,18.3323
CNR2,Cells_EBV-transformed_lymphocytes,14.8238
CNR2,Small_Intestine_Terminal_Ileum_Mixed_Cell,11.3573
CNR2,Small_Intestine_Terminal_Ileum,2.09178
CNR2,Whole_Blood,1.80151
CNR2,Liver_Portal_Tract,1.16269
CNR2,Thyroid,0.399815
CNR2,Colon_Transverse_Mucosa,0.307855
CNR2,Testis,0.262034
CNR2,Colon_Transverse_Mixed_Cell,0.248868
CNR2,Lung,0.155511
LIN28A,Testis,12.7541
LIN28A,Small_Intestine_Terminal_Ileum_Lymphoid_Aggregate,0.133678
LIN28A,Pituitary,0.042453
LIN28A,Pancreas_Islets,0.036857
LIN28A,Ovary,0.03132
LIN28A,Brain_Cerebellum,0.030612
LIN28A,Small_Intestine_Terminal_Ileum_Mixed_Cell,0.029438
LIN28A,Spleen,0.022336
LIN28A,Brain_Cerebellar_Hemisphere,0.021824
LIN28A,Small_Intestine_Terminal_Ileum,0.018899
LIN28A,Liver_Portal_Tract,0.018752
LIN28A,Skin_Sun_Exposed_Lower_leg,0.017576
RPS6KA1,Whole_Blood,271.89
RPS6KA1,Spleen,92.675
RPS6KA1,Cells_EBV-transformed_lymphocytes,91.6543
RPS6KA1,Small_Intestine_Terminal_Ileum_Mixed_Cell,87.4803
RPS6KA1,Colon_Transverse_Mixed_Cell,84.9279
RPS6KA1,Small_Intestine_Terminal_Ileum_Lymphoid_Aggregate,82.8892
RPS6KA1,Colon_Transverse_Mucosa,80.7782
RPS6KA1,Small_Intestine_Terminal_Ileum,76.708
RPS6KA1,Lung,69.8962
RPS6KA1,Thyroid,49.758
RPS6KA1,Colon_Transverse,42.9686
RPS6KA1,Brain_Cerebellar_Hemisphere,41.1539
GPR3,Pituitary,6.42924
GPR3,Brain_Cerebellum,6.20904
GPR3,Brain_Cerebellar_Hemisphere,5.67033
GPR3,Brain_Frontal_Cortex_BA9,5.32615
GPR3,Brain_Cortex,4.71622
GPR3,Brain_Hypothalamus,4.4481
GPR3,Brain_Anterior_cingulate_cortex_BA24,3.79174
GPR3,Lung,3.37598
GPR3,Heart_Atrial_Appendage,3.08065
GPR3,Thyroid,3.05551
GPR3,Stomach_Muscularis,3.04033
GPR3,Cells_Cultured_fibroblasts,2.74055
PTAFR,Whole_Blood,68.1749
PTAFR,Spleen,26.2138
PTAFR,Cells_EBV-transformed_lymphocytes,17.5267
PTAFR,Lung,15.7902
PTAFR,Small_Intestine_Terminal_Ileum_Lymphoid_Aggregate,12.3639
PTAFR,Liver_Portal_Tract,11.1682
PTAFR,Small_Intestine_Terminal_Ileum_Mixed_Cell,10.3246
PTAFR,Adipose_Visceral_Omentum,7.41602
PTAFR,Small_Intestine_Terminal_Ileum,7.34643
PTAFR,Esophagus_Mucosa,7.30875
PTAFR,Colon_Transverse_Mixed_Cell,5.89038
PTAFR,Adipose_Subcutaneous,5.41453
OPRD1,Brain_Cortex,3.57378
OPRD1,Brain_Frontal_Cortex_BA9,3.27652
OPRD1,Pancreas_Islets,1.76754
OPRD1,Brain_Anterior_cingulate_cortex_BA24,1.49946
OPRD1,Brain_Putamen_basal_ganglia,1.34126
OPRD1,Brain_Caudate_basal_ganglia,1.24492
OPRD1,Brain_Nucleus_accumbens_basal_ganglia,1.14065
OPRD1,Brain_Amygdala,0.684221
OPRD1,Small_Intestine_Terminal_Ileum_Lymphoid_Aggregate,0.638437
OPRD1,Brain_Hippocampus,0.593414
OPRD1,Brain_Hypothalamus,0.449481
OPRD1,Colon_Sigmoid,0.390475
FABP3,Heart_Left_Ventricle,1999.05
FABP3,Heart_Atrial_Appendage,1387.33
FABP3,Muscle_Skeletal,675.625
FABP3,Artery_Tibial,109.419
FABP3,Brain_Frontal_Cortex_BA9,105.194
FABP3,Kidney_Medulla,82.6718
FABP3,Brain_Anterior_cingulate_cortex_BA24,78.2852
FABP3,Brain_Cortex,76.1034
FABP3,Artery_Coronary,74.2384
FABP3,Kidney_Cortex,69.9255
FABP3,Brain_Substantia_nigra,60.9729
FABP3,Cervix_Endocervix,55.8818
HCRTR1,Pancreas_Islets,1.61186
HCRTR1,Thyroid,1.45795
HCRTR1,Brain_Hypothalamus,1.18147
HCRTR1,Pituitary,1.04821
HCRTR1,Kidney_Medulla,0.946131
HCRTR1,Esophagus_Muscularis,0.688562
HCRTR1,Artery_Aorta,0.566741
HCRTR1,Esophagus_Gastroesophageal_Junction,0.476417
HCRTR1,Breast_Mammary_Tissue,0.46087
HCRTR1,Adipose_Visceral_Omentum,0.444102
HCRTR1,Brain_Cortex,0.435158
HCRTR1,Adipose_Subcutaneous,0.427333
LCK,Small_Intestine_Terminal_Ileum_Lymphoid_Aggregate,132.687
LCK,Cells_EBV-transformed_lymphocytes,109.453
LCK,Whole_Blood,71.6002
LCK,Spleen,60.2952
LCK,Small_Intestine_Terminal_Ileum_Mixed_Cell,48.5344
LCK,Liver_Portal_Tract,42.4156
LCK,Small_Intestine_Terminal_Ileum,21.4307
LCK,Lung,14.7918
LCK,Colon_Transverse_Mucosa,7.61196
LCK,Colon_Transverse_Mixed_Cell,6.48095
LCK,Cervix_Ectocervix,4.85795
LCK,Colon_Transverse,4.79348
HDAC1,Cells_EBV-transformed_lymphocytes,242.239
HDAC1,Small_Intestine_Terminal_Ileum_Lymphoid_Aggregate,205.861
HDAC1,Colon_Transverse_Mixed_Cell,164.383
HDAC1,Small_Intestine_Terminal_Ileum_Mixed_Cell,157.485
HDAC1,Colon_Transverse_Mucosa,155.174
HDAC1,Thyroid,141.045
HDAC1,Spleen,138.505
HDAC1,Ovary,137.923
HDAC1,Small_Intestine_Terminal_Ileum,128.071
HDAC1,Cervix_Endocervix,126.424
HDAC1,Vagina,125.193
HDAC1,Esophagus_Mucosa,125.147
YARS1,Cells_Cultured_fibroblasts,114.842
YARS1,Cells_EBV-transformed_lymphocytes,111.979
YARS1,Adrenal_Gland,54.5354
YARS1,Lung,53.0605
YARS1,Brain_Cerebellar_Hemisphere,51.9225
YARS1,Brain_Frontal_Cortex_BA9,49.8974
YARS1,Brain_Cerebellum,48.6249
YARS1,Testis,48.4235
YARS1,Brain_Cortex,44.6578
YARS1,Liver_Portal_Tract,39.8891
YARS1,Esophagus_Mucosa,37.4876
YARS1,Fallopian_Tube,36.8159
PSMB2,Cells_EBV-transformed_lymphocytes,105.464
PSMB2,Cells_Cultured_fibroblasts,66.9957
PSMB2,Uterus,43.6457
PSMB2,Artery_Tibial,43.071
PSMB2,Lung,42.5294
PSMB2,Nerve_Tibial,42.0078
PSMB2,Artery_Aorta,40.7826
PSMB2,Cervix_Endocervix,40.4097
PSMB2,Artery_Coronary,40.0953
PSMB2,Skin_Sun_Exposed_Lower_leg,39.9976
PSMB2,Fallopian_Tube,39.7326
PSMB2,Skin_Not_Sun_Exposed_Suprapubic,38.4348
GRIK3,Nerve_Tibial,32.6955
GRIK3,Colon_Sigmoid,11.1181
GRIK3,Brain_Hypothalamus,7.99827
GRIK3,Brain_Cerebellum,7.80843
GRIK3,Brain_Frontal_Cortex_BA9,7.16037
GRIK3,Esophagus_Muscularis,6.80166
GRIK3,Brain_Cortex,6.70156
GRIK3,Esophagus_Gastroesophageal_Junction,6.45124
GRIK3,Brain_Anterior_cingulate_cortex_BA24,6.34264
GRIK3,Brain_Substantia_nigra,5.96289
GRIK3,Brain_Cerebellar_Hemisphere,5.68804
GRIK3,Colon_Transverse_Muscularis,4.45985
SLC2A1,Nerve_Tibial,881.974
SLC2A1,Skin_Not_Sun_Exposed_Suprapubic,337.309
SLC2A1,Skin_Sun_Exposed_Lower_leg,328.966
SLC2A1,Vagina,218.868
SLC2A1,Cervix_Ectocervix,192.489
SLC2A1,Esophagus_Mucosa,187.752
SLC2A1,Brain_Spinal_cord_cervical_c-1,94.9592
SLC2A1,Cells_Cultured_fibroblasts,88.6165
SLC2A1,Brain_Substantia_nigra,79.6933
SLC2A1,Artery_Aorta,76.867
SLC2A1,Cells_EBV-transformed_lymphocytes,74.1536
SLC2A1,Brain_Cortex,72.7626
MPL,Testis,2.83794
MPL,Ovary,2.8093
MPL,Pancreas_Islets,1.70449
MPL,Fallopian_Tube,1.55644
MPL,Cervix_Endocervix,1.51344
MPL,Thyroid,1.474
MPL,Uterus,1.45036
MPL,Nerve_Tibial,1.32104
MPL,Bladder,1.27999
MPL,Artery_Tibial,1.27148
MPL,Esophagus_Gastroesophageal_Junction,1.25047
MPL,Brain_Spinal_cord_cervical_c-1,1.23167
PTPRF,Skin_Not_Sun_Exposed_Suprapubic,120.099
PTPRF,Skin_Sun_Exposed_Lower_leg,107.372
PTPRF,Esophagus_Mucosa,99.7083
PTPRF,Minor_Salivary_Gland,87.7045
PTPRF,Colon_Transverse_Mixed_Cell,74.1355
PTPRF,Breast_Mammary_Tissue,73.5819
PTPRF,Colon_Transverse_Mucosa,72.7494
PTPRF,Vagina,71.7828
PTPRF,Liver_Mixed_Cell,71.1563
PTPRF,Liver_Hepatocyte,69.3818
PTPRF,Prostate,68.2543
PTPRF,Fallopian_Tube,67.6775
KDM4A,Cells_Cultured_fibroblasts,30.7302
KDM4A,Skin_Sun_Exposed_Lower_leg,28.6665
KDM4A,Cells_EBV-transformed_lymphocytes,28.3099
KDM4A,Adrenal_Gland,27.8625
KDM4A,Brain_Cerebellar_Hemisphere,27.0421
KDM4A,Uterus,25.7864
KDM4A,Ovary,25.5736
KDM4A,Skin_Not_Sun_Exposed_Suprapubic,25.3482
KDM4A,Cervix_Endocervix,25.2717
KDM4A,Brain_Cerebellum,24.9911
KDM4A,Cervix_Ectocervix,24.1099
KDM4A,Fallopian_Tube,23.6389
ST3GAL3,Testis,18.8514
ST3GAL3,Muscle_Skeletal,11.8442
ST3GAL3,Nerve_Tibial,9.83364
ST3GAL3,Brain_Cerebellum,9.83026
ST3GAL3,Brain_Cortex,9.47761
ST3GAL3,Uterus,9.22299
ST3GAL3,Brain_Frontal_Cortex_BA9,8.97446
ST3GAL3,Brain_Cerebellar_Hemisphere,8.74277
ST3GAL3,Fallopian_Tube,8.65885
ST3GAL3,Cervix_Endocervix,8.60944
ST3GAL3,Esophagus_Gastroesophageal_Junction,8.59922
ST3GAL3,Pituitary,8.47249
SLC6A9,Brain_Spinal_cord_cervical_c-1,71.6732
SLC6A9,Skin_Sun_Exposed_Lower_leg,59.7925
SLC6A9,Skin_Not_Sun_Exposed_Suprapubic,50.0604
SLC6A9,Cervix_Ectocervix,28.1991
SLC6A9,Brain_Substantia_nigra,24.6651
SLC6A9,Vagina,23.676
SLC6A9,Esophagus_Mucosa,23.4432
SLC6A9,Adrenal_Gland,22.2312
SLC6A9,Lung,17.2446
SLC6A9,Fallopian_Tube,16.6786
SLC6A9,Uterus,15.4191
SLC6A9,Colon_Transverse_Mixed_Cell,14.113
PLK3,Liver_Portal_Tract,68.6199
PLK3,Whole_Blood,51.0614
PLK3,Artery_Aorta,50.5777
PLK3,Small_Intestine_Terminal_Ileum_Lymphoid_Aggregate,43.6254
PLK3,Lung,41.6322
PLK3,Skin_Not_Sun_Exposed_Suprapubic,36.7323
PLK3,Adipose_Visceral_Omentum,34.4141
PLK3,Artery_Coronary,30.6395
PLK3,Fallopian_Tube,30.5056
PLK3,Skin_Sun_Exposed_Lower_leg,30.2983
PLK3,Nerve_Tibial,27.0737
PLK3,Esophagus_Mucosa,26.0757
FAAH,Testis,144.241
FAAH,Thyroid,140.781
FAAH,Prostate,123.216
FAAH,Brain_Cerebellum,69.4059
FAAH,Colon_Transverse_Mucosa,69.1403
FAAH,Brain_Spinal_cord_cervical_c-1,68.5281
FAAH,Brain_Cerebellar_Hemisphere,65.4143
FAAH,Pituitary,56.6535
FAAH,Colon_Transverse_Mixed_Cell,54.5994
FAAH,Nerve_Tibial,53.3896
FAAH,Stomach_Mucosa,44.2994
FAAH,Stomach_Mixed_Cell,42.9761
MKNK1,Whole_Blood,140.723
MKNK1,Pancreas_Acini,116.058
MKNK1,Spleen,80.2138
MKNK1,Pancreas_Mixed_Cell,73.8638
MKNK1,Pancreas,68.5387
MKNK1,Liver_Portal_Tract,59.6296
MKNK1,Small_Intestine_Terminal_Ileum_Lymphoid_Aggregate,54.2576
MKNK1,Lung,53.8494
MKNK1,Nerve_Tibial,49.0847
MKNK1,Colon_Transverse_Muscularis,48.6391
MKNK1,Artery_Aorta,45.0154
MKNK1,Colon_Sigmoid,43.9203
CYP4B1,Nerve_Tibial,181.226
CYP4B1,Lung,151.809
CYP4B1,Bladder,86.5035
CYP4B1,Adipose_Visceral_Omentum,56.3198
CYP4B1,Adipose_Subcutaneous,44.4771
CYP4B1,Breast_Mammary_Tissue,43.8916
CYP4B1,Esophagus_Mucosa,42.1746
CYP4B1,Esophagus_Gastroesophageal_Junction,40.7085
CYP4B1,Skin_Not_Sun_Exposed_Suprapubic,36.5859
CYP4B1,Artery_Tibial,33.6059
CYP4B1,Vagina,31.4035
CYP4B1,Esophagus_Muscularis,31.059
CYP4A11,Liver,240.615
CYP4A11,Liver_Hepatocyte,148.759
CYP4A11,Liver_Mixed_Cell,137.841
CYP4A11,Kidney_Cortex,44.2516
CYP4A11,Liver_Portal_Tract,28.2159
CYP4A11,Kidney_Medulla,4.71728
CYP4A11,Adipose_Subcutaneous,0.726818
CYP4A11,Small_Intestine_Terminal_Ileum_Mixed_Cell,0.580912
CYP4A11,Nerve_Tibial,0.517267
CYP4A11,Brain_Hypothalamus,0.463167
CYP4A11,Brain_Nucleus_accumbens_basal_ganglia,0.423816
CYP4A11,Breast_Mammary_Tissue,0.413336
CYP4Z1,Nerve_Tibial,6.09115
CYP4Z1,Breast_Mammary_Tissue,3.28188
CYP4Z1,Adipose_Subcutaneous,2.8727
CYP4Z1,Lung,2.52661
CYP4Z1,Adipose_Visceral_Omentum,1.99827
CYP4Z1,Prostate,1.84017
CYP4Z1,Brain_Hypothalamus,1.4906
CYP4Z1,Artery_Coronary,1.36651
CYP4Z1,Artery_Tibial,1.27286
CYP4Z1,Brain_Cortex,1.13985
CYP4Z1,Minor_Salivary_Gland,1.0874
CYP4Z1,Bladder,1.06994
CPT2,Liver_Mixed_Cell,46.0374
CPT2,Liver_Hepatocyte,39.3283
CPT2,Colon_Transverse_Mixed_Cell,34.7787
CPT2,Liver,32.1142
CPT2,Colon_Transverse_Mucosa,31.0543
CPT2,Cells_EBV-transformed_lymphocytes,29.1911
CPT2,Adrenal_Gland,23.5198
CPT2,Testis,23.0543
CPT2,Small_Intestine_Terminal_Ileum_Mixed_Cell,22.3783
CPT2,Stomach_Mixed_Cell,20.7105
CPT2,Colon_Transverse,20.6672
CPT2,Pituitary,19.3662
DHCR24,Adrenal_Gland,1059.94
DHCR24,Brain_Spinal_cord_cervical_c-1,450.675
DHCR24,Liver_Mixed_Cell,417.418
DHCR24,Liver_Hepatocyte,403.732
DHCR24,Esophagus_Mucosa,322.213
DHCR24,Liver,293.932
DHCR24,Skin_Not_Sun_Exposed_Suprapubic,286.955
DHCR24,Skin_Sun_Exposed_Lower_leg,267.241
DHCR24,Liver_Portal_Tract,163.313
DHCR24,Lung,160.644
DHCR24,Minor_Salivary_Gland,147.643
DHCR24,Vagina,139.948
PRKAA2,Muscle_Skeletal,27.0074
PRKAA2,Heart_Left_Ventricle,15.1053
PRKAA2,Heart_Atrial_Appendage,13.9592
PRKAA2,Esophagus_Muscularis,13.2972
PRKAA2,Esophagus_Gastroesophageal_Junction,11.3546
PRKAA2,Kidney_Medulla,11.021
PRKAA2,Colon_Sigmoid,10.2776
PRKAA2,Brain_Cerebellar_Hemisphere,8.76502
PRKAA2,Brain_Cerebellum,8.16487
PRKAA2,Artery_Tibial,7.84468
PRKAA2,Artery_Coronary,7.7552
PRKAA2,Colon_Transverse_Muscularis,7.15306
JUN,Fallopian_Tube,568.814
JUN,Adipose_Visceral_Omentum,531.0
JUN,Stomach_Muscularis,494.828
JUN,Adipose_Subcutaneous,463.598
JUN,Breast_Mammary_Tissue,445.556
JUN,Nerve_Tibial,405.23
JUN,Cervix_Ectocervix,392.49
JUN,Skin_Not_Sun_Exposed_Suprapubic,389.37
JUN,Ovary,378.941
JUN,Lung,347.782
JUN,Vagina,309.269
JUN,Uterus,304.531
CYP2J2,Liver_Mixed_Cell,65.5704
CYP2J2,Heart_Atrial_Appendage,55.8754
CYP2J2,Liver,50.669
CYP2J2,Liver_Hepatocyte,48.7844
CYP2J2,Heart_Left_Ventricle,43.5631
CYP2J2,Colon_Transverse_Mucosa,38.6376
CYP2J2,Small_Intestine_Terminal_Ileum_Mixed_Cell,36.9805
CYP2J2,Brain_Spinal_cord_cervical_c-1,36.8998
CYP2J2,Colon_Transverse_Mixed_Cell,30.7901
CYP2J2,Brain_Nucleus_accumbens_basal_ganglia,26.2088
CYP2J2,Liver_Portal_Tract,25.7321
CYP2J2,Nerve_Tibial,25.5676
ROR1,Artery_Tibial,19.0366
ROR1,Cells_Cultured_fibroblasts,14.0193
ROR1,Artery_Aorta,12.0986
ROR1,Artery_Coronary,9.6851
ROR1,Cervix_Endocervix,9.15664
ROR1,Colon_Sigmoid,6.82203
ROR1,Nerve_Tibial,6.3123
ROR1,Uterus,5.93915
ROR1,Ovary,5.80198
ROR1,Stomach,5.64716
ROR1,Lung,5.22441
ROR1,Cervix_Ectocervix,4.94941
PDE4B,Small_Intestine_Terminal_Ileum_Lymphoid_Aggregate,40.7447
PDE4B,Brain_Spinal_cord_cervical_c-1,28.1578
PDE4B,Small_Intestine_Terminal_Ileum_Mixed_Cell,16.5179
PDE4B,Brain_Nucleus_accumbens_basal_ganglia,16.4042
PDE4B,Brain_Substantia_nigra,16.1386
PDE4B,Spleen,15.905
PDE4B,Brain_Frontal_Cortex_BA9,15.6915
PDE4B,Brain_Hypothalamus,15.2156
PDE4B,Brain_Caudate_basal_ganglia,14.7918
PDE4B,Brain_Cortex,14.4671
PDE4B,Lung,14.1813
PDE4B,Brain_Putamen_basal_ganglia,13.8906
CTH,Liver_Mixed_Cell,43.6032
CTH,Liver,43.426
CTH,Liver_Hepatocyte,31.9399
CTH,Ovary,24.0992
CTH,Cells_EBV-transformed_lymphocytes,20.3707
CTH,Liver_Portal_Tract,13.3377
CTH,Thyroid,10.5327
CTH,Nerve_Tibial,8.20071
CTH,Testis,7.97501
CTH,Cells_Cultured_fibroblasts,7.14873
CTH,Stomach_Mixed_Cell,6.78996
CTH,Fallopian_Tube,6.6118
PTGER3,Uterus,73.175
PTGER3,Kidney_Medulla,21.8843
PTGER3,Adipose_Visceral_Omentum,20.7097
PTGER3,Artery_Aorta,20.1023
PTGER3,Kidney_Cortex,18.6676
PTGER3,Artery_Tibial,18.3247
PTGER3,Adipose_Subcutaneous,18.0181
PTGER3,Breast_Mammary_Tissue,12.8884
PTGER3,Stomach_Mixed_Cell,11.7336
PTGER3,Stomach,11.6069
PTGER3,Stomach_Mucosa,11.0596
PTGER3,Skin_Sun_Exposed_Lower_leg,9.96752
PTGFR,Nerve_Tibial,42.1875
PTGFR,Cells_Cultured_fibroblasts,28.067
PTGFR,Uterus,17.2521
PTGFR,Adipose_Subcutaneous,14.9464
PTGFR,Fallopian_Tube,11.722
PTGFR,Artery_Tibial,9.61021
PTGFR,Bladder,9.47138
PTGFR,Esophagus_Gastroesophageal_Junction,9.22832
PTGFR,Breast_Mammary_Tissue,8.48269
PTGFR,Skin_Sun_Exposed_Lower_leg,7.36325
PTGFR,Artery_Coronary,6.65354
PTGFR,Cervix_Ectocervix,6.55731
PRKACB,Brain_Cerebellar_Hemisphere,131.201
PRKACB,Brain_Frontal_Cortex_BA9,100.272
PRKACB,Brain_Cerebellum,86.6896
PRKACB,Brain_Spinal_cord_cervical_c-1,79.075
PRKACB,Brain_Nucleus_accumbens_basal_ganglia,78.3778
PRKACB,Brain_Hypothalamus,73.5493
PRKACB,Brain_Anterior_cingulate_cortex_BA24,62.3933
PRKACB,Brain_Cortex,57.1505
PRKACB,Brain_Caudate_basal_ganglia,47.1813
PRKACB,Brain_Amygdala,47.0818
PRKACB,Brain_Hippocampus,46.5697
PRKACB,Brain_Substantia_nigra,46.4176
LPAR3,Testis,17.7603
LPAR3,Prostate,14.9864
LPAR3,Esophagus_Mucosa,9.82119
LPAR3,Vagina,9.72776
LPAR3,Heart_Atrial_Appendage,9.63539
LPAR3,Skin_Not_Sun_Exposed_Suprapubic,6.84033
LPAR3,Skin_Sun_Exposed_Lower_leg,6.16336
LPAR3,Minor_Salivary_Gland,6.15146
LPAR3,Pancreas,5.43034
LPAR3,Pancreas_Mixed_Cell,4.66825
LPAR3,Pancreas_Acini,4.32005
LPAR3,Brain_Cortex,3.58588
MCOLN3,Adrenal_Gland,49.5835
MCOLN3,Pituitary,33.549
MCOLN3,Cervix_Endocervix,16.5093
MCOLN3,Pancreas_Islets,14.3052
MCOLN3,Cervix_Ectocervix,10.3398
MCOLN3,Nerve_Tibial,10.2735
MCOLN3,Lung,10.2592
MCOLN3,Vagina,8.70781
MCOLN3,Uterus,8.69649
MCOLN3,Pancreas_Acini,8.41661
MCOLN3,Breast_Mammary_Tissue,7.2109
MCOLN3,Heart_Atrial_Appendage,7.16515
DDAH1,Cells_Cultured_fibroblasts,129.618
DDAH1,Brain_Anterior_cingulate_cortex_BA24,118.067
DDAH1,Brain_Frontal_Cortex_BA9,116.286
DDAH1,Brain_Caudate_basal_ganglia,104.942
DDAH1,Brain_Nucleus_accumbens_basal_ganglia,104.033
DDAH1,Brain_Amygdala,99.0338
DDAH1,Brain_Cortex,94.3876
DDAH1,Brain_Putamen_basal_ganglia,77.1808
DDAH1,Brain_Hypothalamus,68.8262
DDAH1,Brain_Hippocampus,68.1995
DDAH1,Brain_Substantia_nigra,62.5733
DDAH1,Brain_Cerebellar_Hemisphere,57.4076
PKN2,Ovary,39.6697
PKN2,Cells_Cultured_fibroblasts,36.1226
PKN2,Uterus,35.1444
PKN2,Vagina,32.9777
PKN2,Nerve_Tibial,32.5842
PKN2,Cervix_Endocervix,32.1176
PKN2,Liver_Portal_Tract,29.6402
PKN2,Esophagus_Mucosa,28.9162
PKN2,Thyroid,28.9051
PKN2,Cervix_Ectocervix,28.2994
PKN2,Adipose_Subcutaneous,28.2199
PKN2,Fallopian_Tube,27.2697
CDC7,Brain_Cerebellar_Hemisphere,26.8054
CDC7,Cells_EBV-transformed_lymphocytes,26.1837
CDC7,Testis,25.7706
CDC7,Brain_Cerebellum,22.8474
CDC7,Spleen,17.0892
CDC7,Small_Intestine_Terminal_Ileum_Lymphoid_Aggregate,15.5185
CDC7,Liver_Portal_Tract,10.9948
CDC7,Cells_Cultured_fibroblasts,9.13648
CDC7,Lung,7.9193
CDC7,Small_Intestine_Terminal_Ileum_Mixed_Cell,7.74982
CDC7,Pituitary,7.66891
CDC7,Brain_Frontal_Cortex_BA9,7.51881
BRDT,Testis,109.819
BRDT,Brain_Nucleus_accumbens_basal_ganglia,0.08048
BRDT,Brain_Frontal_Cortex_BA9,0.080314
BRDT,Brain_Cortex,0.076291
BRDT,Brain_Caudate_basal_ganglia,0.057765
BRDT,Brain_Anterior_cingulate_cortex_BA24,0.05671
BRDT,Liver_Portal_Tract,0.055848
BRDT,Brain_Putamen_basal_ganglia,0.053098
BRDT,Lung,0.050113
BRDT,Breast_Mammary_Tissue,0.032995
BRDT,Small_Intestine_Terminal_Ileum_Lymphoid_Aggregate,0.032734
BRDT,Brain_Amygdala,0.031384
F3,Ovary,180.718
F3,Adipose_Visceral_Omentum,173.852
F3,Cells_Cultured_fibroblasts,151.633
F3,Adipose_Subcutaneous,139.902
F3,Thyroid,129.87
F3,Pituitary,119.559
F3,Liver_Portal_Tract,118.271
F3,Breast_Mammary_Tissue,114.478
F3,Vagina,104.828
F3,Minor_Salivary_Gland,103.914
F3,Lung,102.695
F3,Nerve_Tibial,95.3004
AGL,Muscle_Skeletal,63.5677
AGL,Esophagus_Muscularis,42.4716
AGL,Esophagus_Gastroesophageal_Junction,30.5845
AGL,Cells_EBV-transformed_lymphocytes,19.5366
AGL,Artery_Tibial,16.8284
AGL,Colon_Sigmoid,16.228
AGL,Brain_Cerebellum,15.8952
AGL,Brain_Cerebellar_Hemisphere,15.8257
AGL,Artery_Coronary,15.6139
AGL,Bladder,14.6576
AGL,Colon_Transverse_Muscularis,13.9047
AGL,Artery_Aorta,13.1802
VCAM1,Spleen,273.051
VCAM1,Adrenal_Gland,54.5227
VCAM1,Ovary,46.805
VCAM1,Kidney_Cortex,45.1756
VCAM1,Adipose_Visceral_Omentum,41.0287
VCAM1,Liver_Portal_Tract,35.8941
VCAM1,Kidney_Medulla,34.7278
VCAM1,Artery_Coronary,32.6995
VCAM1,Small_Intestine_Terminal_Ileum_Lymphoid_Aggregate,28.1335
VCAM1,Artery_Aorta,27.5068
VCAM1,Adipose_Subcutaneous,25.1721
VCAM1,Nerve_Tibial,24.9672
S1PR1,Adipose_Subcutaneous,120.873
S1PR1,Lung,94.761
S1PR1,Breast_Mammary_Tissue,89.9929
S1PR1,Adipose_Visceral_Omentum,89.2507
S1PR1,Nerve_Tibial,47.1546
S1PR1,Spleen,46.9894
S1PR1,Thyroid,46.1611
S1PR1,Artery_Coronary,35.0828
S1PR1,Uterus,33.3357
S1PR1,Brain_Nucleus_accumbens_basal_ganglia,32.8526
S1PR1,Brain_Caudate_basal_ganglia,32.3698
S1PR1,Brain_Amygdala,28.7457
AMY2A,Pancreas_Mixed_Cell,4188.6
AMY2A,Pancreas,3671.27
AMY2A,Pancreas_Acini,2597.25
AMY2A,Pancreas_Islets,781.99
AMY2A,Brain_Nucleus_accumbens_basal_ganglia,2.70068
AMY2A,Brain_Caudate_basal_ganglia,1.28301
AMY2A,Brain_Cortex,1.25263
AMY2A,Liver_Portal_Tract,1.24675
AMY2A,Liver_Mixed_Cell,1.04937
AMY2A,Brain_Frontal_Cortex_BA9,1.00104
AMY2A,Brain_Putamen_basal_ganglia,0.979937
AMY2A,Nerve_Tibial,0.922134
AMY1A,Pancreas_Acini,0.110213
AMY1A,Pancreas,0.097442
AMY1A,Pancreas_Mixed_Cell,0.093512
AMY1A,Pancreas_Islets,0.048405
AMY1A,Testis,0.01198
PRMT6,Cells_EBV-transformed_lymphocytes,15.5851
PRMT6,Cells_Cultured_fibroblasts,14.1229
PRMT6,Small_Intestine_Terminal_Ileum_Lymphoid_Aggregate,11.9232
PRMT6,Pituitary,10.7168
PRMT6,Liver_Portal_Tract,10.5775
PRMT6,Pancreas_Islets,10.1624
PRMT6,Cervix_Endocervix,9.57344
PRMT6,Adrenal_Gland,8.87483
PRMT6,Testis,8.45132
PRMT6,Brain_Cerebellar_Hemisphere,8.02842
PRMT6,Prostate,7.99408
PRMT6,Uterus,7.97649
SORT1,Artery_Tibial,192.545
SORT1,Brain_Spinal_cord_cervical_c-1,188.794
SORT1,Artery_Coronary,180.009
SORT1,Artery_Aorta,179.263
SORT1,Nerve_Tibial,78.4671
SORT1,Brain_Frontal_Cortex_BA9,76.2362
SORT1,Brain_Hippocampus,72.0913
SORT1,Lung,70.121
SORT1,Testis,66.2158
SORT1,Esophagus_Muscularis,66.139
SORT1,Brain_Cortex,62.6957
SORT1,Brain_Substantia_nigra,62.641
GSTM2,Ovary,76.9392
GSTM2,Cervix_Endocervix,41.7951
GSTM2,Prostate,41.4395
GSTM2,Nerve_Tibial,40.559
GSTM2,Cervix_Ectocervix,39.4064
GSTM2,Vagina,39.399
GSTM2,Fallopian_Tube,37.0841
GSTM2,Uterus,34.731
GSTM2,Bladder,33.8843
GSTM2,Thyroid,32.7224
GSTM2,Colon_Sigmoid,29.3731
GSTM2,Small_Intestine_Terminal_Ileum_Lymphoid_Aggregate,28.3637
GSTM1,Ovary,122.561
GSTM1,Vagina,55.1178
GSTM1,Uterus,48.8286
GSTM1,Nerve_Tibial,44.6264
GSTM1,Fallopian_Tube,44.4979
GSTM1,Testis,41.8791
GSTM1,Cells_Cultured_fibroblasts,40.3339
GSTM1,Cells_EBV-transformed_lymphocytes,37.048
GSTM1,Adrenal_Gland,37.0319
GSTM1,Cervix_Ectocervix,35.0963
GSTM1,Spleen,35.0387
GSTM1,Skin_Not_Sun_Exposed_Suprapubic,33.9627
KCNA2,Brain_Cerebellum,34.2058
KCNA2,Brain_Cerebellar_Hemisphere,27.1243
KCNA2,Brain_Cortex,18.1508
KCNA2,Brain_Frontal_Cortex_BA9,17.6702
KCNA2,Nerve_Tibial,11.8321
KCNA2,Brain_Anterior_cingulate_cortex_BA24,7.71048
KCNA2,Brain_Nucleus_accumbens_basal_ganglia,5.93322
KCNA2,Brain_Caudate_basal_ganglia,5.9004
KCNA2,Brain_Putamen_basal_ganglia,5.17955
KCNA2,Brain_Amygdala,4.19138
KCNA2,Brain_Hypothalamus,4.06314
KCNA2,Brain_Hippocampus,3.79513
KCNA3,Small_Intestine_Terminal_Ileum_Lymphoid_Aggregate,17.1327
KCNA3,Cells_EBV-transformed_lymphocytes,6.87939
KCNA3,Liver_Portal_Tract,6.71825
KCNA3,Small_Intestine_Terminal_Ileum_Mixed_Cell,6.37507
KCNA3,Spleen,6.12143
KCNA3,Lung,5.96694
KCNA3,Brain_Cerebellar_Hemisphere,5.69726
KCNA3,Brain_Cerebellum,4.6514
KCNA3,Brain_Hypothalamus,3.48615
KCNA3,Whole_Blood,3.27861
KCNA3,Small_Intestine_Terminal_Ileum,3.17263
KCNA3,Brain_Frontal_Cortex_BA9,3.06048
CHIA,Stomach_Mixed_Cell,159.225
CHIA,Stomach_Mucosa,146.468
CHIA,Stomach,89.9704
CHIA,Lung,1.56047
CHIA,Pituitary,1.5528
CHIA,Stomach_Muscularis,0.982864
CHIA,Testis,0.565589
CHIA,Thyroid,0.498946
CHIA,Small_Intestine_Terminal_Ileum_Lymphoid_Aggregate,0.172345
CHIA,Cells_EBV-transformed_lymphocytes,0.111277
CHIA,Kidney_Medulla,0.086056
CHIA,Adipose_Subcutaneous,0.071304
ADORA3,Brain_Spinal_cord_cervical_c-1,17.4285
ADORA3,Liver_Portal_Tract,12.0465
ADORA3,Nerve_Tibial,9.57926
ADORA3,Colon_Transverse_Mixed_Cell,9.47774
ADORA3,Small_Intestine_Terminal_Ileum_Mixed_Cell,9.44483
ADORA3,Small_Intestine_Terminal_Ileum_Lymphoid_Aggregate,8.9861
ADORA3,Adrenal_Gland,8.96627
ADORA3,Small_Intestine_Terminal_Ileum,7.75574
ADORA3,Brain_Substantia_nigra,6.45872
ADORA3,Spleen,6.06539
ADORA3,Colon_Transverse_Mucosa,5.97636
ADORA3,Bladder,5.64686
KCND3,Brain_Cerebellar_Hemisphere,29.2421
KCND3,Brain_Cerebellum,26.6639
KCND3,Brain_Frontal_Cortex_BA9,10.8067
KCND3,Brain_Cortex,9.0903
KCND3,Brain_Anterior_cingulate_cortex_BA24,7.7358
KCND3,Esophagus_Gastroesophageal_Junction,7.62881
KCND3,Esophagus_Muscularis,7.60489
KCND3,Brain_Nucleus_accumbens_basal_ganglia,6.55071
KCND3,Prostate,6.19219
KCND3,Fallopian_Tube,5.99618
KCND3,Pancreas_Islets,5.8771
KCND3,Artery_Tibial,5.73834
SLC16A1,Cells_Cultured_fibroblasts,70.6283
SLC16A1,Cells_EBV-transformed_lymphocytes,51.5154
SLC16A1,Colon_Transverse_Mixed_Cell,40.0413
SLC16A1,Testis,37.5539
SLC16A1,Colon_Sigmoid,37.1811
SLC16A1,Colon_Transverse,32.8244
SLC16A1,Uterus,32.2021
SLC16A1,Colon_Transverse_Mucosa,31.4534
SLC16A1,Heart_Left_Ventricle,30.1998
SLC16A1,Colon_Transverse_Muscularis,29.5165
SLC16A1,Adipose_Visceral_Omentum,25.8817
SLC16A1,Stomach_Muscularis,24.6658
PTPN22,Cells_EBV-transformed_lymphocytes,56.8681
PTPN22,Small_Intestine_Terminal_Ileum_Lymphoid_Aggregate,22.0545
PTPN22,Whole_Blood,19.7341
PTPN22,Spleen,15.8985
PTPN22,Liver_Portal_Tract,12.2321
PTPN22,Small_Intestine_Terminal_Ileum_Mixed_Cell,11.0948
PTPN22,Small_Intestine_Terminal_Ileum,10.4092
PTPN22,Lung,9.39799
PTPN22,Cells_Cultured_fibroblasts,6.68766
PTPN22,Colon_Transverse_Mucosa,5.53518
PTPN22,Colon_Transverse_Mixed_Cell,4.22939
PTPN22,Colon_Transverse,3.73242
TRIM33,Testis,26.2484
TRIM33,Brain_Cerebellar_Hemisphere,25.4475
TRIM33,Uterus,24.2102
TRIM33,Ovary,23.5044
TRIM33,Small_Intestine_Terminal_Ileum_Lymphoid_Aggregate,22.9384
TRIM33,Nerve_Tibial,22.2924
TRIM33,Artery_Tibial,22.0549
TRIM33,Cells_EBV-transformed_lymphocytes,21.5938
TRIM33,Cervix_Endocervix,21.551
TRIM33,Skin_Sun_Exposed_Lower_leg,20.9326
TRIM33,Skin_Not_Sun_Exposed_Suprapubic,20.6722
TRIM33,Liver_Portal_Tract,20.551
ATP1A1,Brain_Cerebellar_Hemisphere,321.368
ATP1A1,Thyroid,313.413
ATP1A1,Colon_Transverse_Mucosa,270.899
ATP1A1,Colon_Transverse_Mixed_Cell,233.26
ATP1A1,Minor_Salivary_Gland,225.697
ATP1A1,Small_Intestine_Terminal_Ileum,224.567
ATP1A1,Small_Intestine_Terminal_Ileum_Mixed_Cell,218.398
ATP1A1,Cells_EBV-transformed_lymphocytes,212.639
ATP1A1,Brain_Cerebellum,185.583
ATP1A1,Kidney_Medulla,184.691
ATP1A1,Skin_Sun_Exposed_Lower_leg,174.065
ATP1A1,Cells_Cultured_fibroblasts,165.771
PHGDH,Cells_Cultured_fibroblasts,105.468
PHGDH,Brain_Spinal_cord_cervical_c-1,62.3578
PHGDH,Skin_Not_Sun_Exposed_Suprapubic,60.6054
PHGDH,Minor_Salivary_Gland,58.8634
PHGDH,Skin_Sun_Exposed_Lower_leg,55.5315
PHGDH,Brain_Caudate_basal_ganglia,55.342
PHGDH,Testis,54.5279
PHGDH,Brain_Amygdala,54.0647
PHGDH,Artery_Tibial,49.9504
PHGDH,Brain_Nucleus_accumbens_basal_ganglia,49.4353
PHGDH,Brain_Substantia_nigra,49.0185
PHGDH,Brain_Putamen_basal_ganglia,46.1014
BCL9,Uterus,35.7887
BCL9,Fallopian_Tube,32.7212
BCL9,Cervix_Endocervix,31.6043
BCL9,Brain_Cerebellar_Hemisphere,25.4534
BCL9,Brain_Cerebellum,25.3954
BCL9,Esophagus_Muscularis,21.3694
BCL9,Ovary,20.5239
BCL9,Esophagus_Gastroesophageal_Junction,20.4925
BCL9,Colon_Sigmoid,18.2226
BCL9,Artery_Tibial,16.7943
BCL9,Prostate,16.7849
BCL9,Pituitary,16.3375
CA14,Brain_Spinal_cord_cervical_c-1,56.513
CA14,Brain_Substantia_nigra,18.0098
CA14,Brain_Hippocampus,9.23949
CA14,Brain_Putamen_basal_ganglia,8.0922
CA14,Brain_Amygdala,7.2066
CA14,Brain_Caudate_basal_ganglia,6.73683
CA14,Colon_Sigmoid,6.6923
CA14,Brain_Hypothalamus,6.514
CA14,Brain_Cerebellum,5.80452
CA14,Heart_Atrial_Appendage,5.55711
CA14,Brain_Cerebellar_Hemisphere,5.42357
CA14,Colon_Transverse_Muscularis,5.42239
MCL1,Whole_Blood,534.052
MCL1,Liver_Portal_Tract,520.411
MCL1,Lung,477.679
MCL1,Stomach_Muscularis,395.1
MCL1,Artery_Aorta,386.749
MCL1,Adipose_Visceral_Omentum,367.788
MCL1,Artery_Coronary,318.34
MCL1,Cells_Cultured_fibroblasts,306.9
MCL1,Spleen,306.152
MCL1,Skin_Not_Sun_Exposed_Suprapubic,295.035
MCL1,Nerve_Tibial,293.103
MCL1,Small_Intestine_Terminal_Ileum_Lymphoid_Aggregate,273.61
CTSS,Whole_Blood,330.559
CTSS,Spleen,141.596
CTSS,Colon_Transverse_Mucosa,93.1552
CTSS,Colon_Transverse_Mixed_Cell,90.2983
CTSS,Lung,78.6609
CTSS,Small_Intestine_Terminal_Ileum_Lymphoid_Aggregate,72.5322
CTSS,Small_Intestine_Terminal_Ileum_Mixed_Cell,65.9159
CTSS,Cells_EBV-transformed_lymphocytes,64.939
CTSS,Small_Intestine_Terminal_Ileum,49.6275
CTSS,Colon_Transverse,48.4012
CTSS,Liver_Portal_Tract,39.0079
CTSS,Adipose_Subcutaneous,26.9909
CTSK,Cervix_Endocervix,270.894
CTSK,Cervix_Ectocervix,210.405
CTSK,Cells_Cultured_fibroblasts,162.443
CTSK,Adipose_Subcutaneous,144.244
CTSK,Vagina,140.451
CTSK,Skin_Sun_Exposed_Lower_leg,139.484
CTSK,Uterus,138.099
CTSK,Breast_Mammary_Tissue,133.315
CTSK,Skin_Not_Sun_Exposed_Suprapubic,87.7399
CTSK,Fallopian_Tube,73.9567
CTSK,Small_Intestine_Terminal_Ileum_Lymphoid_Aggregate,71.602
CTSK,Bladder,66.5652
RORC,Muscle_Skeletal,90.6516
RORC,Liver,51.3419
RORC,Pancreas_Islets,45.2456
RORC,Thyroid,41.6559
RORC,Skin_Sun_Exposed_Lower_leg,41.3025
RORC,Liver_Hepatocyte,37.9022
RORC,Minor_Salivary_Gland,37.0294
RORC,Liver_Mixed_Cell,36.3004
RORC,Skin_Not_Sun_Exposed_Suprapubic,34.057
RORC,Pituitary,33.8391
RORC,Stomach_Mucosa,31.0031
RORC,Prostate,30.6255
S100A4,Artery_Aorta,1468.44
S100A4,Whole_Blood,1402.27
S100A4,Cells_Cultured_fibroblasts,952.625
S100A4,Adipose_Subcutaneous,821.99
S100A4,Lung,688.987
S100A4,Artery_Coronary,667.708
S100A4,Artery_Tibial,518.144
S100A4,Vagina,438.98
S100A4,Cervix_Ectocervix,430.736
S100A4,Breast_Mammary_Tissue,415.294
S100A4,Cervix_Endocervix,369.53
S100A4,Spleen,347.61
CHRNB2,Brain_Frontal_Cortex_BA9,19.6837
CHRNB2,Brain_Cortex,18.2288
CHRNB2,Brain_Cerebellum,18.1361
CHRNB2,Brain_Cerebellar_Hemisphere,13.6518
CHRNB2,Brain_Nucleus_accumbens_basal_ganglia,12.5026
CHRNB2,Brain_Anterior_cingulate_cortex_BA24,11.658
CHRNB2,Pancreas_Islets,9.87996
CHRNB2,Brain_Hypothalamus,9.6414
CHRNB2,Brain_Caudate_basal_ganglia,9.42368
CHRNB2,Pituitary,7.64349
CHRNB2,Brain_Putamen_basal_ganglia,7.31112
CHRNB2,Brain_Hippocampus,7.3108
KCNN3,Cells_EBV-transformed_lymphocytes,22.1212
KCNN3,Brain_Nucleus_accumbens_basal_ganglia,12.0167
KCNN3,Colon_Sigmoid,10.9974
KCNN3,Uterus,10.9969
KCNN3,Brain_Caudate_basal_ganglia,10.9399
KCNN3,Brain_Amygdala,9.53286
KCNN3,Brain_Substantia_nigra,8.96676
KCNN3,Brain_Putamen_basal_ganglia,8.49462
KCNN3,Colon_Transverse_Muscularis,6.28125
KCNN3,Fallopian_Tube,6.14072
KCNN3,Brain_Anterior_cingulate_cortex_BA24,5.95155
KCNN3,Brain_Hypothalamus,5.90588
GBA1,Whole_Blood,51.3942
GBA1,Cells_Cultured_fibroblasts,48.7169
GBA1,Pituitary,41.7718
GBA1,Artery_Aorta,29.8171
GBA1,Thyroid,29.2267
GBA1,Adrenal_Gland,28.339
GBA1,Nerve_Tibial,25.9366
GBA1,Artery_Coronary,25.29
GBA1,Lung,25.0386
GBA1,Skin_Sun_Exposed_Lower_leg,23.8123
GBA1,Spleen,23.4736
GBA1,Cervix_Ectocervix,20.798
CLK2,Small_Intestine_Terminal_Ileum_Lymphoid_Aggregate,109.115
CLK2,Thyroid,96.2841
CLK2,Spleen,88.4229
CLK2,Ovary,79.6076
CLK2,Uterus,79.1973
CLK2,Cervix_Endocervix,77.6396
CLK2,Pituitary,77.4827
CLK2,Fallopian_Tube,72.7643
CLK2,Prostate,67.5818
CLK2,Cells_EBV-transformed_lymphocytes,64.8535
CLK2,Liver_Portal_Tract,64.8524
CLK2,Brain_Cerebellum,63.4276
PKLR,Liver,35.7285
PKLR,Liver_Mixed_Cell,29.8714
PKLR,Liver_Hepatocyte,26.7378
PKLR,Kidney_Cortex,8.74153
PKLR,Liver_Portal_Tract,4.84261
PKLR,Small_Intestine_Terminal_Ileum_Mixed_Cell,3.54135
PKLR,Small_Intestine_Terminal_Ileum,3.53722
PKLR,Kidney_Medulla,2.78806
PKLR,Brain_Cerebellar_Hemisphere,2.71618
PKLR,Brain_Cerebellum,2.29781
PKLR,Testis,2.25138
PKLR,Brain_Hypothalamus,0.689116
FDPS,Cells_EBV-transformed_lymphocytes,237.747
FDPS,Cells_Cultured_fibroblasts,105.176
FDPS,Esophagus_Mucosa,90.738
FDPS,Liver_Mixed_Cell,87.6714
FDPS,Lung,86.8766
FDPS,Colon_Transverse_Mixed_Cell,79.5238
FDPS,Skin_Sun_Exposed_Lower_leg,78.078
FDPS,Liver_Hepatocyte,76.025
FDPS,Skin_Not_Sun_Exposed_Suprapubic,75.0464
FDPS,Nerve_Tibial,74.4308
FDPS,Adrenal_Gland,69.7457
FDPS,Liver_Portal_Tract,68.5462
NTRK1,Prostate,4.63185
NTRK1,Testis,3.95971
NTRK1,Uterus,2.8905
NTRK1,Fallopian_Tube,2.72746
NTRK1,Cervix_Endocervix,2.65964
NTRK1,Adipose_Visceral_Omentum,2.59802
NTRK1,Kidney_Cortex,2.57046
NTRK1,Colon_Sigmoid,2.51947
NTRK1,Stomach_Muscularis,2.41368
NTRK1,Pituitary,2.24692
NTRK1,Brain_Putamen_basal_ganglia,2.13678
NTRK1,Esophagus_Gastroesophageal_Junction,1.92009
ATP1A2,Muscle_Skeletal,620.109
ATP1A2,Brain_Caudate_basal_ganglia,568.404
ATP1A2,Brain_Cortex,514.465
ATP1A2,Brain_Nucleus_accumbens_basal_ganglia,483.617
ATP1A2,Brain_Putamen_basal_ganglia,439.764
ATP1A2,Brain_Anterior_cingulate_cortex_BA24,432.254
ATP1A2,Brain_Frontal_Cortex_BA9,415.66
ATP1A2,Brain_Amygdala,379.813
ATP1A2,Brain_Cerebellum,303.193
ATP1A2,Brain_Substantia_nigra,276.06
ATP1A2,Nerve_Tibial,255.738
ATP1A2,Brain_Hippocampus,225.353
PPOX,Small_Intestine_Terminal_Ileum_Lymphoid_Aggregate,47.8264
PPOX,Fallopian_Tube,46.002
PPOX,Cervix_Endocervix,40.5545
PPOX,Ovary,37.2045
PPOX,Thyroid,36.3839
PPOX,Uterus,36.3657
PPOX,Pituitary,34.1198
PPOX,Brain_Cerebellum,33.4426
PPOX,Nerve_Tibial,32.85
PPOX,Kidney_Medulla,32.5437
PPOX,Prostate,32.3892
PPOX,Brain_Cerebellar_Hemisphere,32.1149
ADAMTS4,Adipose_Visceral_Omentum,94.1315
ADAMTS4,Ovary,52.7213
ADAMTS4,Liver_Portal_Tract,51.9821
ADAMTS4,Stomach_Muscularis,35.6636
ADAMTS4,Brain_Spinal_cord_cervical_c-1,33.5204
ADAMTS4,Fallopian_Tube,30.4245
ADAMTS4,Artery_Coronary,29.3275
ADAMTS4,Breast_Mammary_Tissue,27.5004
ADAMTS4,Adipose_Subcutaneous,25.0342
ADAMTS4,Thyroid,22.3759
ADAMTS4,Lung,21.5014
ADAMTS4,Heart_Atrial_Appendage,21.4717
NR1I3,Liver,101.103
NR1I3,Liver_Hepatocyte,98.1113
NR1I3,Liver_Mixed_Cell,73.2195
NR1I3,Liver_Portal_Tract,13.4395
NR1I3,Brain_Nucleus_accumbens_basal_ganglia,3.62238
NR1I3,Brain_Caudate_basal_ganglia,2.27476
NR1I3,Kidney_Cortex,2.02816
NR1I3,Brain_Cerebellum,1.55262
NR1I3,Pituitary,1.53996
NR1I3,Brain_Putamen_basal_ganglia,1.45575
NR1I3,Brain_Cerebellar_Hemisphere,1.36664
NR1I3,Skin_Sun_Exposed_Lower_leg,1.30585
RGS4,Brain_Frontal_Cortex_BA9,194.729
RGS4,Brain_Cortex,113.151
RGS4,Brain_Anterior_cingulate_cortex_BA24,90.307
RGS4,Brain_Caudate_basal_ganglia,25.7809
RGS4,Stomach_Muscularis,24.3676
RGS4,Pancreas_Islets,23.3006
RGS4,Artery_Aorta,22.5155
RGS4,Artery_Coronary,20.7192
RGS4,Brain_Putamen_basal_ganglia,18.1393
RGS4,Brain_Hypothalamus,16.6659
RGS4,Esophagus_Gastroesophageal_Junction,12.5626
RGS4,Brain_Hippocampus,10.72
RXRG,Pancreas_Islets,61.3487
RXRG,Pituitary,46.4717
RXRG,Nerve_Tibial,22.3568
RXRG,Muscle_Skeletal,16.5432
RXRG,Brain_Spinal_cord_cervical_c-1,16.4598
RXRG,Brain_Caudate_basal_ganglia,14.8652
RXRG,Brain_Nucleus_accumbens_basal_ganglia,14.0627
RXRG,Brain_Putamen_basal_ganglia,12.9941
RXRG,Brain_Hypothalamus,11.8838
RXRG,Brain_Anterior_cingulate_cortex_BA24,7.77842
RXRG,Brain_Cortex,7.45464
RXRG,Brain_Amygdala,6.97661
ADCY10,Testis,18.6333
ADCY10,Liver_Hepatocyte,1.98244
ADCY10,Liver,1.85273
ADCY10,Liver_Mixed_Cell,1.83914
ADCY10,Liver_Portal_Tract,0.691868
ADCY10,Brain_Cerebellar_Hemisphere,0.585392
ADCY10,Brain_Cerebellum,0.558997
ADCY10,Kidney_Medulla,0.327507
ADCY10,Prostate,0.311489
ADCY10,Brain_Cortex,0.213702
ADCY10,Brain_Frontal_Cortex_BA9,0.197066
ADCY10,Nerve_Tibial,0.186242
SELP,Fallopian_Tube,25.4501
SELP,Lung,22.7943
SELP,Breast_Mammary_Tissue,20.5422
SELP,Adipose_Visceral_Omentum,19.784
SELP,Adipose_Subcutaneous,19.0924
SELP,Artery_Coronary,18.9822
SELP,Uterus,18.1967
SELP,Nerve_Tibial,15.4863
SELP,Cervix_Endocervix,14.8376
SELP,Prostate,14.6484
SELP,Kidney_Medulla,14.1637
SELP,Artery_Tibial,10.9684
SELL,Whole_Blood,1988.32
SELL,Spleen,203.778
SELL,Small_Intestine_Terminal_Ileum_Lymphoid_Aggregate,167.494
SELL,Cells_EBV-transformed_lymphocytes,94.7023
SELL,Small_Intestine_Terminal_Ileum_Mixed_Cell,59.4396
SELL,Lung,29.974
SELL,Pituitary,23.9013
SELL,Liver_Portal_Tract,15.0036
SELL,Small_Intestine_Terminal_Ileum,10.0354
SELL,Brain_Spinal_cord_cervical_c-1,8.75691
SELL,Adipose_Visceral_Omentum,7.59857
SELL,Artery_Coronary,6.90484
SELE,Fallopian_Tube,30.3609
SELE,Thyroid,17.4004
SELE,Stomach_Muscularis,12.2508
SELE,Adipose_Visceral_Omentum,10.8561
SELE,Prostate,8.87589
SELE,Liver_Hepatocyte,6.97775
SELE,Liver_Mixed_Cell,6.4032
SELE,Vagina,6.34152
SELE,Liver_Portal_Tract,6.27574
SELE,Kidney_Medulla,6.24077
SELE,Lung,5.81299
SELE,Breast_Mammary_Tissue,5.6708
MYOC,Esophagus_Gastroesophageal_Junction,307.776
MYOC,Nerve_Tibial,259.06
MYOC,Stomach_Muscularis,208.368
MYOC,Artery_Tibial,160.666
MYOC,Esophagus_Muscularis,157.232
MYOC,Bladder,66.9105
MYOC,Artery_Aorta,60.7078
MYOC,Artery_Coronary,56.851
MYOC,Adipose_Subcutaneous,53.4769
MYOC,Stomach_Mixed_Cell,47.2637
MYOC,Thyroid,44.9889
MYOC,Adipose_Visceral_Omentum,31.137
SERPINC1,Liver_Mixed_Cell,1949.66
SERPINC1,Liver_Hepatocyte,1365.17
SERPINC1,Liver,1087.26
SERPINC1,Liver_Portal_Tract,312.167
SERPINC1,Testis,1.06665
SERPINC1,Small_Intestine_Terminal_Ileum_Mixed_Cell,0.96804
SERPINC1,Kidney_Cortex,0.838749
SERPINC1,Whole_Blood,0.789245
SERPINC1,Spleen,0.554879
SERPINC1,Kidney_Medulla,0.503282
SERPINC1,Lung,0.475909
SERPINC1,Pancreas_Acini,0.430537
GPR52,Brain_Nucleus_accumbens_basal_ganglia,5.60975
GPR52,Brain_Caudate_basal_ganglia,1.87463
GPR52,Brain_Putamen_basal_ganglia,1.45331
GPR52,Pituitary,1.03447
GPR52,Brain_Frontal_Cortex_BA9,0.827241
GPR52,Brain_Anterior_cingulate_cortex_BA24,0.651419
GPR52,Stomach_Muscularis,0.611266
GPR52,Brain_Cortex,0.589216
GPR52,Brain_Hypothalamus,0.40737
GPR52,Cells_EBV-transformed_lymphocytes,0.37382
GPR52,Small_Intestine_Terminal_Ileum_Lymphoid_Aggregate,0.341008
GPR52,Brain_Cerebellum,0.324338
ABL2,Cells_Cultured_fibroblasts,33.3261
ABL2,Nerve_Tibial,15.1079
ABL2,Brain_Cerebellar_Hemisphere,13.8309
ABL2,Adipose_Subcutaneous,13.409
ABL2,Brain_Cerebellum,11.0401
ABL2,Adipose_Visceral_Omentum,10.8884
ABL2,Lung,10.7597
ABL2,Breast_Mammary_Tissue,9.67302
ABL2,Artery_Coronary,9.38766
ABL2,Liver_Portal_Tract,9.13282
ABL2,Artery_Tibial,8.98683
ABL2,Cervix_Endocervix,8.75185
SOAT1,Adrenal_Gland,132.392
SOAT1,Cells_Cultured_fibroblasts,32.5679
SOAT1,Lung,25.9704
SOAT1,Cells_EBV-transformed_lymphocytes,25.5789
SOAT1,Liver_Portal_Tract,22.4084
SOAT1,Small_Intestine_Terminal_Ileum_Lymphoid_Aggregate,19.5095
SOAT1,Prostate,17.5291
SOAT1,Spleen,16.7827
SOAT1,Adipose_Subcutaneous,15.4427
SOAT1,Adipose_Visceral_Omentum,15.3102
SOAT1,Cervix_Endocervix,15.0628
SOAT1,Uterus,14.9713
GLUL,Nerve_Tibial,988.234
GLUL,Stomach_Mixed_Cell,654.316
GLUL,Muscle_Skeletal,591.802
GLUL,Stomach_Mucosa,565.03
GLUL,Adipose_Visceral_Omentum,555.383
GLUL,Stomach,532.192
GLUL,Brain_Cortex,518.812
GLUL,Brain_Anterior_cingulate_cortex_BA24,510.718
GLUL,Adipose_Subcutaneous,500.857
GLUL,Ovary,454.293
GLUL,Brain_Frontal_Cortex_BA9,441.675
GLUL,Breast_Mammary_Tissue,435.641
RNASEL,Small_Intestine_Terminal_Ileum_Lymphoid_Aggregate,14.1296
RNASEL,Ovary,13.3889
RNASEL,Thyroid,11.1308
RNASEL,Spleen,11.12
RNASEL,Cervix_Endocervix,10.7192
RNASEL,Cervix_Ectocervix,10.4605
RNASEL,Uterus,10.3575
RNASEL,Vagina,9.83879
RNASEL,Nerve_Tibial,9.63978
RNASEL,Bladder,9.45205
RNASEL,Whole_Blood,9.27464
RNASEL,Fallopian_Tube,8.92458
RGS16,Pancreas_Islets,334.807
RGS16,Thyroid,94.3399
RGS16,Liver_Portal_Tract,85.0517
RGS16,Pituitary,69.7685
RGS16,Cells_EBV-transformed_lymphocytes,63.2106
RGS16,Adipose_Visceral_Omentum,46.6992
RGS16,Lung,39.7491
RGS16,Stomach_Muscularis,33.9748
RGS16,Artery_Aorta,24.0442
RGS16,Fallopian_Tube,23.6662
RGS16,Artery_Coronary,18.7783
RGS16,Colon_Sigmoid,18.0418
RGS8,Brain_Nucleus_accumbens_basal_ganglia,26.6457
RGS8,Brain_Caudate_basal_ganglia,15.2157
RGS8,Brain_Cerebellum,14.1089
RGS8,Brain_Putamen_basal_ganglia,11.6593
RGS8,Brain_Hypothalamus,4.33357
RGS8,Brain_Cerebellar_Hemisphere,3.91821
RGS8,Brain_Spinal_cord_cervical_c-1,3.60478
RGS8,Thyroid,3.55627
RGS8,Testis,3.23553
RGS8,Brain_Anterior_cingulate_cortex_BA24,2.96615
RGS8,Brain_Substantia_nigra,2.80755
RGS8,Brain_Cortex,2.77642
PTGS2,Stomach_Muscularis,36.7856
PTGS2,Lung,27.8983
PTGS2,Kidney_Medulla,24.6998
PTGS2,Liver_Portal_Tract,20.0187
PTGS2,Colon_Transverse_Muscularis,18.9851
PTGS2,Colon_Sigmoid,17.7955
PTGS2,Prostate,16.4515
PTGS2,Bladder,11.4658
PTGS2,Adipose_Visceral_Omentum,9.82236
PTGS2,Artery_Tibial,9.0161
PTGS2,Artery_Coronary,8.94397
PTGS2,Artery_Aorta,8.13435
PLA2G4A,Bladder,36.4641
PLA2G4A,Kidney_Medulla,25.7611
PLA2G4A,Colon_Sigmoid,23.1208
PLA2G4A,Vagina,18.6026
PLA2G4A,Fallopian_Tube,17.6523
PLA2G4A,Cervix_Ectocervix,16.6241
PLA2G4A,Uterus,15.5678
PLA2G4A,Cervix_Endocervix,14.9605
PLA2G4A,Colon_Transverse_Muscularis,14.4465
PLA2G4A,Stomach_Muscularis,14.3342
PLA2G4A,Skin_Sun_Exposed_Lower_leg,12.5754
PLA2G4A,Adipose_Visceral_Omentum,12.4
NEK7,Artery_Tibial,89.3512
NEK7,Artery_Coronary,66.983
NEK7,Nerve_Tibial,61.2684
NEK7,Artery_Aorta,61.1211
NEK7,Brain_Spinal_cord_cervical_c-1,51.5901
NEK7,Adipose_Subcutaneous,49.8026
NEK7,Adrenal_Gland,48.7392
NEK7,Uterus,47.8793
NEK7,Lung,47.8407
NEK7,Colon_Sigmoid,47.8053
NEK7,Cells_Cultured_fibroblasts,44.5089
NEK7,Esophagus_Muscularis,41.8801
PTPRC,Whole_Blood,240.274
PTPRC,Small_Intestine_Terminal_Ileum_Lymphoid_Aggregate,120.4
PTPRC,Spleen,111.646
PTPRC,Cells_EBV-transformed_lymphocytes,80.2924
PTPRC,Lung,49.1458
PTPRC,Liver_Portal_Tract,47.1893
PTPRC,Small_Intestine_Terminal_Ileum_Mixed_Cell,44.0252
PTPRC,Small_Intestine_Terminal_Ileum,21.3481
PTPRC,Adipose_Visceral_Omentum,14.2245
PTPRC,Adipose_Subcutaneous,8.84246
PTPRC,Artery_Coronary,7.86512
PTPRC,Brain_Spinal_cord_cervical_c-1,7.4128
NR5A2,Pancreas,21.8069
NR5A2,Pancreas_Acini,20.1549
NR5A2,Pancreas_Mixed_Cell,17.7784
NR5A2,Colon_Transverse_Mucosa,9.83668
NR5A2,Small_Intestine_Terminal_Ileum_Mixed_Cell,9.79005
NR5A2,Liver_Mixed_Cell,9.31078
NR5A2,Colon_Transverse_Mixed_Cell,9.17761
NR5A2,Liver,8.96812
NR5A2,Liver_Hepatocyte,8.76922
NR5A2,Small_Intestine_Terminal_Ileum,8.26665
NR5A2,Liver_Portal_Tract,7.73473
NR5A2,Colon_Transverse,5.55673
RNPEP,Small_Intestine_Terminal_Ileum_Mixed_Cell,73.4461
RNPEP,Thyroid,69.6116
RNPEP,Esophagus_Mucosa,68.7532
RNPEP,Cells_Cultured_fibroblasts,67.2836
RNPEP,Spleen,67.2201
RNPEP,Colon_Transverse_Mixed_Cell,65.732
RNPEP,Colon_Transverse_Mucosa,64.6977
RNPEP,Nerve_Tibial,64.1516
RNPEP,Small_Intestine_Terminal_Ileum,63.6025
RNPEP,Cervix_Ectocervix,62.7939
RNPEP,Lung,62.2759
RNPEP,Cervix_Endocervix,61.2601
PTPN7,Small_Intestine_Terminal_Ileum_Lymphoid_Aggregate,69.11
PTPN7,Cells_EBV-transformed_lymphocytes,57.5975
PTPN7,Spleen,30.9468
PTPN7,Whole_Blood,30.2396
PTPN7,Testis,28.4002
PTPN7,Small_Intestine_Terminal_Ileum_Mixed_Cell,22.95
PTPN7,Liver_Portal_Tract,21.7007
PTPN7,Small_Intestine_Terminal_Ileum,10.0106
PTPN7,Brain_Putamen_basal_ganglia,9.404
PTPN7,Brain_Caudate_basal_ganglia,8.2431
PTPN7,Lung,7.82729
PTPN7,Adrenal_Gland,7.5633
KDM5B,Testis,85.6519
KDM5B,Skin_Sun_Exposed_Lower_leg,24.0602
KDM5B,Skin_Not_Sun_Exposed_Suprapubic,23.3179
KDM5B,Cells_Cultured_fibroblasts,20.2357
KDM5B,Vagina,18.3783
KDM5B,Cervix_Ectocervix,17.6964
KDM5B,Cervix_Endocervix,17.3664
KDM5B,Esophagus_Mucosa,17.1096
KDM5B,Uterus,16.7548
KDM5B,Ovary,16.5067
KDM5B,Fallopian_Tube,14.0949
KDM5B,Prostate,12.8415
ADORA1,Brain_Spinal_cord_cervical_c-1,47.9242
ADORA1,Brain_Frontal_Cortex_BA9,41.1961
ADORA1,Brain_Cortex,37.855
ADORA1,Testis,36.7937
ADORA1,Brain_Substantia_nigra,33.164
ADORA1,Brain_Amygdala,32.2534
ADORA1,Brain_Putamen_basal_ganglia,32.0867
ADORA1,Brain_Caudate_basal_ganglia,30.3052
ADORA1,Brain_Nucleus_accumbens_basal_ganglia,29.6654
ADORA1,Brain_Hippocampus,29.1057
ADORA1,Brain_Anterior_cingulate_cortex_BA24,28.041
ADORA1,Brain_Cerebellum,27.8152
CHIT1,Whole_Blood,5.31421
CHIT1,Liver_Portal_Tract,2.30843
CHIT1,Small_Intestine_Terminal_Ileum_Lymphoid_Aggregate,2.25362
CHIT1,Lung,2.18626
CHIT1,Spleen,2.07556
CHIT1,Adipose_Subcutaneous,1.58509
CHIT1,Cells_EBV-transformed_lymphocytes,1.02364
CHIT1,Small_Intestine_Terminal_Ileum_Mixed_Cell,0.803688
CHIT1,Brain_Spinal_cord_cervical_c-1,0.44692
CHIT1,Thyroid,0.322433
CHIT1,Breast_Mammary_Tissue,0.316343
CHIT1,Small_Intestine_Terminal_Ileum,0.27248
REN,Kidney_Cortex,46.0413
REN,Ovary,12.0932
REN,Kidney_Medulla,3.86057
REN,Uterus,2.87325
REN,Fallopian_Tube,2.62286
REN,Cervix_Endocervix,2.20112
REN,Testis,1.38197
REN,Liver_Portal_Tract,1.34722
REN,Adrenal_Gland,0.732319
REN,Pancreas_Islets,0.516098
REN,Colon_Transverse_Mixed_Cell,0.515549
REN,Bladder,0.416979
MDM4,Small_Intestine_Terminal_Ileum_Lymphoid_Aggregate,60.8248
MDM4,Liver_Portal_Tract,37.4072
MDM4,Ovary,32.1624
MDM4,Spleen,32.0525
MDM4,Small_Intestine_Terminal_Ileum_Mixed_Cell,30.4727
MDM4,Nerve_Tibial,29.4142
MDM4,Thyroid,27.8966
MDM4,Uterus,27.0196
MDM4,Cervix_Endocervix,26.4927
MDM4,Skin_Not_Sun_Exposed_Suprapubic,25.3136
MDM4,Fallopian_Tube,24.4966
MDM4,Pituitary,23.8041
AVPR1B,Pituitary,17.9602
AVPR1B,Pancreas_Islets,5.65365
AVPR1B,Liver_Portal_Tract,1.31301
AVPR1B,Brain_Cerebellum,1.02667
AVPR1B,Brain_Cerebellar_Hemisphere,0.854667
AVPR1B,Stomach_Mucosa,0.833226
AVPR1B,Stomach_Mixed_Cell,0.807354
AVPR1B,Stomach,0.387471
AVPR1B,Colon_Transverse_Mucosa,0.244932
AVPR1B,Colon_Transverse_Mixed_Cell,0.23989
AVPR1B,Small_Intestine_Terminal_Ileum_Mixed_Cell,0.229822
AVPR1B,Colon_Sigmoid,0.215374
IKBKE,Small_Intestine_Terminal_Ileum_Lymphoid_Aggregate,37.046
IKBKE,Spleen,23.9177
IKBKE,Cells_EBV-transformed_lymphocytes,23.1637
IKBKE,Whole_Blood,18.1765
IKBKE,Esophagus_Mucosa,17.9268
IKBKE,Small_Intestine_Terminal_Ileum_Mixed_Cell,15.6645
IKBKE,Cells_Cultured_fibroblasts,13.4226
IKBKE,Skin_Not_Sun_Exposed_Suprapubic,13.267
IKBKE,Skin_Sun_Exposed_Lower_leg,11.7355
IKBKE,Vagina,10.9177
IKBKE,Liver_Portal_Tract,10.8533
IKBKE,Minor_Salivary_Gland,10.245
DYRK3,Testis,23.3288
DYRK3,Cells_Cultured_fibroblasts,9.16765
DYRK3,Pituitary,6.99835
DYRK3,Adipose_Visceral_Omentum,6.32985
DYRK3,Fallopian_Tube,5.55218
DYRK3,Stomach_Muscularis,5.43578
DYRK3,Ovary,5.27065
DYRK3,Liver_Portal_Tract,5.21394
DYRK3,Uterus,5.15592
DYRK3,Lung,4.91636
DYRK3,Heart_Atrial_Appendage,4.83531
DYRK3,Thyroid,4.8281
MAPKAPK2,Whole_Blood,132.418
MAPKAPK2,Small_Intestine_Terminal_Ileum_Lymphoid_Aggregate,123.985
MAPKAPK2,Lung,123.974
MAPKAPK2,Liver_Portal_Tract,122.968
MAPKAPK2,Spleen,112.838
MAPKAPK2,Muscle_Skeletal,108.789
MAPKAPK2,Heart_Atrial_Appendage,101.526
MAPKAPK2,Heart_Left_Ventricle,100.03
MAPKAPK2,Artery_Aorta,93.8614
MAPKAPK2,Uterus,93.8013
MAPKAPK2,Artery_Tibial,92.2261
MAPKAPK2,Fallopian_Tube,91.1466
HSD11B1,Liver_Mixed_Cell,369.246
HSD11B1,Liver_Hepatocyte,249.837
HSD11B1,Liver,242.043
HSD11B1,Liver_Portal_Tract,88.7077
HSD11B1,Ovary,84.4204
HSD11B1,Lung,59.6823
HSD11B1,Skin_Not_Sun_Exposed_Suprapubic,44.4564
HSD11B1,Cells_Cultured_fibroblasts,42.8636
HSD11B1,Kidney_Medulla,39.0847
HSD11B1,Skin_Sun_Exposed_Lower_leg,36.7278
HSD11B1,Prostate,36.0286
HSD11B1,Adipose_Subcutaneous,30.1552
NEK2,Testis,53.3231
NEK2,Cells_EBV-transformed_lymphocytes,31.1424
NEK2,Cells_Cultured_fibroblasts,11.5446
NEK2,Esophagus_Mucosa,4.56316
NEK2,Small_Intestine_Terminal_Ileum_Mixed_Cell,4.30722
NEK2,Colon_Transverse_Mucosa,4.13998
NEK2,Colon_Transverse_Mixed_Cell,3.50169
NEK2,Small_Intestine_Terminal_Ileum,2.39514
NEK2,Small_Intestine_Terminal_Ileum_Lymphoid_Aggregate,2.097
NEK2,Skin_Sun_Exposed_Lower_leg,1.7599
NEK2,Skin_Not_Sun_Exposed_Suprapubic,1.69217
NEK2,Colon_Transverse,1.6725
PPP2R5A,Adipose_Subcutaneous,78.8726
PPP2R5A,Lung,71.0784
PPP2R5A,Artery_Tibial,70.9876
PPP2R5A,Esophagus_Mucosa,64.3836
PPP2R5A,Breast_Mammary_Tissue,60.9645
PPP2R5A,Stomach_Mixed_Cell,59.7961
PPP2R5A,Artery_Coronary,59.4518
PPP2R5A,Spleen,58.2195
PPP2R5A,Bladder,56.2581
PPP2R5A,Stomach_Mucosa,54.2918
PPP2R5A,Adipose_Visceral_Omentum,53.8837
PPP2R5A,Artery_Aorta,53.7464
SMYD2,Heart_Left_Ventricle,77.0633
SMYD2,Testis,32.5556
SMYD2,Muscle_Skeletal,31.0685
SMYD2,Brain_Frontal_Cortex_BA9,30.4471
SMYD2,Cells_Cultured_fibroblasts,29.0174
SMYD2,Thyroid,28.8564
SMYD2,Small_Intestine_Terminal_Ileum_Lymphoid_Aggregate,28.0457
SMYD2,Pituitary,25.768
SMYD2,Liver_Portal_Tract,23.4177
SMYD2,Spleen,23.0105
SMYD2,Cells_EBV-transformed_lymphocytes,22.4328
SMYD2,Lung,22.0166
KCNK2,Cells_Cultured_fibroblasts,88.241
KCNK2,Adrenal_Gland,46.8206
KCNK2,Nerve_Tibial,14.616
KCNK2,Breast_Mammary_Tissue,7.10167
KCNK2,Thyroid,5.98683
KCNK2,Brain_Caudate_basal_ganglia,5.35138
KCNK2,Brain_Putamen_basal_ganglia,4.17839
KCNK2,Brain_Hypothalamus,3.62415
KCNK2,Brain_Nucleus_accumbens_basal_ganglia,3.60801
KCNK2,Skin_Not_Sun_Exposed_Suprapubic,3.23106
KCNK2,Brain_Frontal_Cortex_BA9,3.12138
KCNK2,Brain_Amygdala,2.99775
ESRRG,Stomach_Mixed_Cell,14.0376
ESRRG,Stomach_Mucosa,13.2665
ESRRG,Stomach,9.92293
ESRRG,Kidney_Medulla,5.98518
ESRRG,Brain_Cerebellar_Hemisphere,3.75622
ESRRG,Kidney_Cortex,3.64551
ESRRG,Brain_Cerebellum,3.18386
ESRRG,Heart_Atrial_Appendage,2.51042
ESRRG,Heart_Left_Ventricle,2.48427
ESRRG,Brain_Frontal_Cortex_BA9,2.43673
ESRRG,Adrenal_Gland,2.41198
ESRRG,Thyroid,2.1571
CAPN2,Cells_Cultured_fibroblasts,181.325
CAPN2,Lung,166.441
CAPN2,Minor_Salivary_Gland,157.228
CAPN2,Artery_Aorta,143.147
CAPN2,Adipose_Subcutaneous,142.341
CAPN2,Fallopian_Tube,140.92
CAPN2,Cervix_Ectocervix,135.777
CAPN2,Vagina,133.436
CAPN2,Artery_Tibial,133.434
CAPN2,Artery_Coronary,121.443
CAPN2,Stomach_Mixed_Cell,119.433
CAPN2,Ovary,119.422
DEGS1,Skin_Not_Sun_Exposed_Suprapubic,602.07
DEGS1,Skin_Sun_Exposed_Lower_leg,596.357
DEGS1,Cells_Cultured_fibroblasts,147.64
DEGS1,Artery_Aorta,117.839
DEGS1,Vagina,111.582
DEGS1,Esophagus_Muscularis,102.701
DEGS1,Artery_Coronary,101.61
DEGS1,Cervix_Ectocervix,100.287
DEGS1,Esophagus_Gastroesophageal_Junction,95.9889
DEGS1,Artery_Tibial,94.245
DEGS1,Stomach_Muscularis,90.7423
DEGS1,Lung,87.849
EPHX1,Adrenal_Gland,1201.47
EPHX1,Liver,509.106
EPHX1,Ovary,505.63
EPHX1,Adipose_Subcutaneous,288.831
EPHX1,Thyroid,262.279
EPHX1,Adipose_Visceral_Omentum,252.036
EPHX1,Cervix_Endocervix,233.156
EPHX1,Nerve_Tibial,223.27
EPHX1,Uterus,218.604
EPHX1,Fallopian_Tube,206.567
EPHX1,Vagina,199.005
EPHX1,Cervix_Ectocervix,195.147
PARP1,Cells_EBV-transformed_lymphocytes,252.374
PARP1,Small_Intestine_Terminal_Ileum_Lymphoid_Aggregate,96.4083
PARP1,Brain_Spinal_cord_cervical_c-1,93.7361
PARP1,Spleen,84.6445
PARP1,Nerve_Tibial,79.5669
PARP1,Cells_Cultured_fibroblasts,75.6206
PARP1,Testis,66.3374
PARP1,Pituitary,62.9678
PARP1,Colon_Sigmoid,62.8464
PARP1,Bladder,58.4573
PARP1,Brain_Cerebellar_Hemisphere,54.3091
PARP1,Cervix_Endocervix,53.5037
CDC42BPA,Brain_Cerebellar_Hemisphere,40.4515
CDC42BPA,Brain_Cerebellum,38.0315
CDC42BPA,Bladder,32.287
CDC42BPA,Artery_Tibial,29.3539
CDC42BPA,Colon_Sigmoid,29.0555
CDC42BPA,Nerve_Tibial,28.4272
CDC42BPA,Cervix_Endocervix,28.2913
CDC42BPA,Uterus,27.8004
CDC42BPA,Testis,27.5298
CDC42BPA,Artery_Aorta,26.7513
CDC42BPA,Artery_Coronary,25.867
CDC42BPA,Fallopian_Tube,24.6097
GALNT2,Liver_Mixed_Cell,117.662
GALNT2,Artery_Aorta,98.1803
GALNT2,Cells_Cultured_fibroblasts,90.6487
GALNT2,Liver_Hepatocyte,82.6612
GALNT2,Artery_Coronary,58.8669
GALNT2,Esophagus_Gastroesophageal_Junction,57.3204
GALNT2,Esophagus_Muscularis,56.2589
GALNT2,Stomach_Muscularis,54.5997
GALNT2,Cells_EBV-transformed_lymphocytes,45.8792
GALNT2,Ovary,45.5567
GALNT2,Nerve_Tibial,45.3133
GALNT2,Artery_Tibial,40.0835
GNPAT,Muscle_Skeletal,66.8948
GNPAT,Cells_EBV-transformed_lymphocytes,58.2687
GNPAT,Colon_Sigmoid,50.9569
GNPAT,Cells_Cultured_fibroblasts,50.1723
GNPAT,Small_Intestine_Terminal_Ileum_Lymphoid_Aggregate,49.9984
GNPAT,Testis,48.0347
GNPAT,Esophagus_Muscularis,47.14
GNPAT,Uterus,47.0654
GNPAT,Fallopian_Tube,44.2054
GNPAT,Colon_Transverse_Muscularis,43.5534
GNPAT,Ovary,43.0634
GNPAT,Cervix_Endocervix,43.008
EGLN1,Muscle_Skeletal,229.456
EGLN1,Adipose_Subcutaneous,61.5921
EGLN1,Nerve_Tibial,55.3589
EGLN1,Artery_Tibial,51.7339
EGLN1,Ovary,45.6237
EGLN1,Skin_Sun_Exposed_Lower_leg,45.2974
EGLN1,Uterus,45.1931
EGLN1,Colon_Sigmoid,44.2637
EGLN1,Brain_Cerebellar_Hemisphere,42.9964
EGLN1,Artery_Aorta,42.3758
EGLN1,Esophagus_Muscularis,41.7885
EGLN1,Cervix_Endocervix,41.5657
TSNAX,Cells_EBV-transformed_lymphocytes,44.4679
TSNAX,Cells_Cultured_fibroblasts,43.488
TSNAX,Adipose_Subcutaneous,43.478
TSNAX,Brain_Cerebellar_Hemisphere,41.7354
TSNAX,Nerve_Tibial,40.3366
TSNAX,Uterus,40.1412
TSNAX,Muscle_Skeletal,38.6799
TSNAX,Adrenal_Gland,37.1617
TSNAX,Cervix_Endocervix,37.0986
TSNAX,Breast_Mammary_Tissue,36.377
TSNAX,Artery_Tibial,35.579
TSNAX,Pituitary,35.1379
GGPS1,Testis,33.7322
GGPS1,Prostate,23.4754
GGPS1,Uterus,21.6217
GGPS1,Colon_Sigmoid,21.4722
GGPS1,Thyroid,21.0717
GGPS1,Cells_Cultured_fibroblasts,20.6502
GGPS1,Esophagus_Muscularis,20.1632
GGPS1,Cervix_Endocervix,19.9516
GGPS1,Stomach_Muscularis,19.9346
GGPS1,Ovary,19.0642
GGPS1,Artery_Coronary,18.8805
GGPS1,Nerve_Tibial,18.7002
LGALS8,Spleen,58.4495
LGALS8,Lung,40.9026
LGALS8,Small_Intestine_Terminal_Ileum_Lymphoid_Aggregate,40.1182
LGALS8,Testis,39.5717
LGALS8,Skin_Sun_Exposed_Lower_leg,36.3763
LGALS8,Liver_Portal_Tract,36.0917
LGALS8,Skin_Not_Sun_Exposed_Suprapubic,35.5846
LGALS8,Ovary,35.3073
LGALS8,Adipose_Visceral_Omentum,34.4628
LGALS8,Prostate,34.3703
LGALS8,Nerve_Tibial,33.7119
LGALS8,Cells_EBV-transformed_lymphocytes,33.6468
CHRM3,Esophagus_Muscularis,9.87933
CHRM3,Esophagus_Gastroesophageal_Junction,8.64432
CHRM3,Bladder,8.30078
CHRM3,Colon_Transverse_Muscularis,7.6651
CHRM3,Colon_Sigmoid,7.16912
CHRM3,Brain_Frontal_Cortex_BA9,6.25653
CHRM3,Stomach_Muscularis,5.64377
CHRM3,Brain_Cortex,4.6049
CHRM3,Stomach_Mixed_Cell,4.29722
CHRM3,Minor_Salivary_Gland,4.23868
CHRM3,Stomach,4.01901
CHRM3,Brain_Anterior_cingulate_cortex_BA24,3.30772
RGS7,Brain_Cerebellar_Hemisphere,17.4797
RGS7,Brain_Frontal_Cortex_BA9,12.3623
RGS7,Brain_Cerebellum,11.032
RGS7,Brain_Nucleus_accumbens_basal_ganglia,8.61772
RGS7,Brain_Cortex,6.30321
RGS7,Brain_Anterior_cingulate_cortex_BA24,6.09826
RGS7,Brain_Caudate_basal_ganglia,4.65193
RGS7,Brain_Putamen_basal_ganglia,3.33798
RGS7,Brain_Hypothalamus,3.15919
RGS7,Brain_Hippocampus,2.99306
RGS7,Brain_Amygdala,2.82026
RGS7,Pancreas_Islets,2.28878
KMO,Liver_Mixed_Cell,17.1035
KMO,Liver_Hepatocyte,14.6237
KMO,Liver,13.0809
KMO,Liver_Portal_Tract,6.64329
KMO,Spleen,6.0682
KMO,Cells_EBV-transformed_lymphocytes,5.7416
KMO,Small_Intestine_Terminal_Ileum_Lymphoid_Aggregate,4.24747
KMO,Kidney_Cortex,3.3135
KMO,Lung,2.39208
KMO,Small_Intestine_Terminal_Ileum_Mixed_Cell,1.62318
KMO,Kidney_Medulla,0.840672
KMO,Whole_Blood,0.764994
AKT3,Artery_Tibial,42.5713
AKT3,Ovary,31.3361
AKT3,Uterus,31.3311
AKT3,Artery_Coronary,28.4769
AKT3,Artery_Aorta,27.9089
AKT3,Brain_Cerebellar_Hemisphere,26.7293
AKT3,Colon_Sigmoid,24.3929
AKT3,Nerve_Tibial,24.1858
AKT3,Brain_Cerebellum,23.5733
AKT3,Fallopian_Tube,23.3746
AKT3,Cervix_Endocervix,22.5217
AKT3,Esophagus_Muscularis,21.7836
ADSS2,Testis,71.3456
ADSS2,Cells_EBV-transformed_lymphocytes,51.162
ADSS2,Cells_Cultured_fibroblasts,47.3742
ADSS2,Small_Intestine_Terminal_Ileum_Lymphoid_Aggregate,40.5756
ADSS2,Artery_Tibial,40.0409
ADSS2,Skin_Not_Sun_Exposed_Suprapubic,39.8844
ADSS2,Skin_Sun_Exposed_Lower_leg,39.7049
ADSS2,Vagina,37.9327
ADSS2,Artery_Aorta,36.7556
ADSS2,Artery_Coronary,36.6682
ADSS2,Ovary,36.3751
ADSS2,Esophagus_Muscularis,35.7827
NLRP3,Whole_Blood,35.9178
NLRP3,Lung,7.41824
NLRP3,Spleen,7.25568
NLRP3,Liver_Portal_Tract,5.98125
NLRP3,Small_Intestine_Terminal_Ileum_Lymphoid_Aggregate,4.22344
NLRP3,Adipose_Visceral_Omentum,3.73255
NLRP3,Nerve_Tibial,2.99064
NLRP3,Small_Intestine_Terminal_Ileum_Mixed_Cell,2.97649
NLRP3,Adipose_Subcutaneous,2.90771
NLRP3,Artery_Coronary,2.85519
NLRP3,Brain_Spinal_cord_cervical_c-1,2.78126
NLRP3,Artery_Aorta,2.52507
ACP1,Adrenal_Gland,88.4419
ACP1,Cells_EBV-transformed_lymphocytes,87.1956
ACP1,Cells_Cultured_fibroblasts,76.0064
ACP1,Testis,74.3747
ACP1,Ovary,71.1885
ACP1,Stomach_Mixed_Cell,67.1987
ACP1,Pituitary,66.4119
ACP1,Small_Intestine_Terminal_Ileum_Lymphoid_Aggregate,62.1622
ACP1,Stomach_Mucosa,61.8007
ACP1,Uterus,59.6573
ACP1,Liver_Portal_Tract,59.511
ACP1,Thyroid,59.2296
TPO,Thyroid,994.471
TPO,Spleen,17.5602
TPO,Adipose_Subcutaneous,8.93478
TPO,Breast_Mammary_Tissue,7.07635
TPO,Esophagus_Gastroesophageal_Junction,6.12857
TPO,Esophagus_Muscularis,5.90164
TPO,Nerve_Tibial,5.41884
TPO,Adipose_Visceral_Omentum,4.82283
TPO,Stomach_Muscularis,3.72146
TPO,Colon_Sigmoid,3.03626
TPO,Colon_Transverse_Muscularis,2.8818
TPO,Heart_Left_Ventricle,2.33042
RNASEH1,Cells_Cultured_fibroblasts,32.8225
RNASEH1,Brain_Cerebellar_Hemisphere,27.9178
RNASEH1,Uterus,27.7653
RNASEH1,Artery_Tibial,25.5545
RNASEH1,Esophagus_Muscularis,23.512
RNASEH1,Cervix_Endocervix,23.2008
RNASEH1,Cells_EBV-transformed_lymphocytes,23.0854
RNASEH1,Artery_Aorta,22.9655
RNASEH1,Nerve_Tibial,22.784
RNASEH1,Fallopian_Tube,22.158
RNASEH1,Colon_Sigmoid,21.6877
RNASEH1,Esophagus_Gastroesophageal_Junction,21.6288
ADAM17,Cells_Cultured_fibroblasts,14.1474
ADAM17,Lung,13.9969
ADAM17,Nerve_Tibial,11.8724
ADAM17,Ovary,11.3118
ADAM17,Brain_Cerebellar_Hemisphere,11.27
ADAM17,Brain_Cerebellum,10.9708
ADAM17,Small_Intestine_Terminal_Ileum_Lymphoid_Aggregate,10.8732
ADAM17,Testis,9.25079
ADAM17,Cells_EBV-transformed_lymphocytes,9.14608
ADAM17,Adipose_Visceral_Omentum,8.58298
ADAM17,Skin_Sun_Exposed_Lower_leg,8.36655
ADAM17,Skin_Not_Sun_Exposed_Suprapubic,8.32867
ODC1,Cells_EBV-transformed_lymphocytes,256.935
ODC1,Testis,146.493
ODC1,Small_Intestine_Terminal_Ileum_Lymphoid_Aggregate,99.5709
ODC1,Cells_Cultured_fibroblasts,87.8496
ODC1,Artery_Tibial,86.1666
ODC1,Stomach_Muscularis,78.0278
ODC1,Pituitary,76.8414
ODC1,Esophagus_Muscularis,73.3076
ODC1,Liver_Portal_Tract,72.3887
ODC1,Artery_Coronary,68.348
ODC1,Muscle_Skeletal,66.8853
ODC1,Small_Intestine_Terminal_Ileum_Mixed_Cell,65.8436
ROCK2,Artery_Tibial,61.6395
ROCK2,Adipose_Subcutaneous,47.2431
ROCK2,Artery_Aorta,44.5625
ROCK2,Uterus,44.293
ROCK2,Artery_Coronary,42.1977
ROCK2,Bladder,38.5363
ROCK2,Lung,36.9842
ROCK2,Brain_Cerebellar_Hemisphere,36.7272
ROCK2,Cells_Cultured_fibroblasts,36.3044
ROCK2,Adipose_Visceral_Omentum,35.1085
ROCK2,Breast_Mammary_Tissue,33.7389
ROCK2,Cervix_Endocervix,33.1963
FKBP1B,Brain_Caudate_basal_ganglia,65.4149
FKBP1B,Brain_Nucleus_accumbens_basal_ganglia,63.2112
FKBP1B,Pancreas_Islets,56.245
FKBP1B,Brain_Frontal_Cortex_BA9,52.5438
FKBP1B,Brain_Anterior_cingulate_cortex_BA24,49.4014
FKBP1B,Brain_Cerebellar_Hemisphere,49.2116
FKBP1B,Brain_Putamen_basal_ganglia,48.8034
FKBP1B,Brain_Hippocampus,47.2494
FKBP1B,Brain_Cortex,42.9009
FKBP1B,Brain_Cerebellum,42.3862
FKBP1B,Brain_Amygdala,40.3457
FKBP1B,Brain_Hypothalamus,27.5632
NCOA1,Nerve_Tibial,49.5534
NCOA1,Ovary,46.7843
NCOA1,Cervix_Endocervix,42.9171
NCOA1,Brain_Cerebellar_Hemisphere,42.6667
NCOA1,Uterus,40.0495
NCOA1,Fallopian_Tube,39.1375
NCOA1,Brain_Cerebellum,38.9765
NCOA1,Cervix_Ectocervix,35.3564
NCOA1,Testis,34.8327
NCOA1,Artery_Tibial,33.4712
NCOA1,Pituitary,32.4995
NCOA1,Adipose_Subcutaneous,31.4496
KCNK3,Adrenal_Gland,260.952
KCNK3,Lung,50.4329
KCNK3,Pancreas_Islets,39.4873
KCNK3,Brain_Cerebellar_Hemisphere,21.2622
KCNK3,Brain_Cerebellum,20.8383
KCNK3,Artery_Coronary,18.2784
KCNK3,Pancreas,17.2444
KCNK3,Pancreas_Mixed_Cell,17.1243
KCNK3,Artery_Tibial,15.7107
KCNK3,Stomach_Muscularis,15.2393
KCNK3,Pancreas_Acini,14.1903
KCNK3,Pituitary,13.3874
KHK,Liver_Mixed_Cell,152.339
KHK,Liver,125.134
KHK,Liver_Hepatocyte,119.147
KHK,Small_Intestine_Terminal_Ileum_Mixed_Cell,70.5217
KHK,Kidney_Cortex,57.1066
KHK,Small_Intestine_Terminal_Ileum,38.1065
KHK,Liver_Portal_Tract,30.0997
KHK,Brain_Cerebellar_Hemisphere,22.4741
KHK,Brain_Cerebellum,21.4272
KHK,Kidney_Medulla,17.8227
KHK,Fallopian_Tube,13.8335
KHK,Brain_Frontal_Cortex_BA9,11.3511
CAD,Cells_EBV-transformed_lymphocytes,54.0875
CAD,Cells_Cultured_fibroblasts,40.9566
CAD,Uterus,35.7829
CAD,Fallopian_Tube,33.1205
CAD,Ovary,32.7004
CAD,Cervix_Endocervix,31.3697
CAD,Testis,30.2204
CAD,Nerve_Tibial,28.1614
CAD,Cervix_Ectocervix,25.9475
CAD,Thyroid,25.4202
CAD,Small_Intestine_Terminal_Ileum_Lymphoid_Aggregate,24.299
CAD,Pituitary,24.0443
ALK,Pituitary,3.48689
ALK,Testis,2.82155
ALK,Brain_Hypothalamus,1.58847
ALK,Brain_Anterior_cingulate_cortex_BA24,1.37752
ALK,Colon_Sigmoid,1.31723
ALK,Brain_Frontal_Cortex_BA9,1.2689
ALK,Brain_Cortex,1.1538
ALK,Brain_Nucleus_accumbens_basal_ganglia,0.894338
ALK,Brain_Amygdala,0.879483
ALK,Brain_Substantia_nigra,0.734438
ALK,Colon_Transverse_Muscularis,0.714595
ALK,Esophagus_Muscularis,0.712418
GALNT14,Kidney_Medulla,39.9905
GALNT14,Kidney_Cortex,16.7539
GALNT14,Esophagus_Mucosa,13.2954
GALNT14,Whole_Blood,10.1093
GALNT14,Pituitary,8.21382
GALNT14,Pancreas_Islets,7.85449
GALNT14,Testis,4.63059
GALNT14,Brain_Frontal_Cortex_BA9,3.23763
GALNT14,Spleen,3.13549
GALNT14,Small_Intestine_Terminal_Ileum_Mixed_Cell,2.99958
GALNT14,Brain_Cerebellum,2.71468
GALNT14,Brain_Cerebellar_Hemisphere,2.62766
XDH,Liver,27.0061
XDH,Liver_Hepatocyte,19.1799
XDH,Liver_Mixed_Cell,18.655
XDH,Colon_Transverse_Mucosa,16.7958
XDH,Small_Intestine_Terminal_Ileum_Mixed_Cell,16.4291
XDH,Colon_Transverse_Mixed_Cell,15.6031
XDH,Small_Intestine_Terminal_Ileum,13.0604
XDH,Esophagus_Mucosa,7.69739
XDH,Liver_Portal_Tract,5.75011
XDH,Colon_Transverse,5.0353
XDH,Pancreas_Islets,4.47627
XDH,Minor_Salivary_Gland,3.83584
SRD5A2,Prostate,27.7555
SRD5A2,Liver,12.0293
SRD5A2,Liver_Mixed_Cell,4.85609
SRD5A2,Testis,3.93008
SRD5A2,Liver_Hepatocyte,3.9025
SRD5A2,Liver_Portal_Tract,2.59715
SRD5A2,Vagina,2.30358
SRD5A2,Fallopian_Tube,0.630155
SRD5A2,Cervix_Endocervix,0.610539
SRD5A2,Bladder,0.462888
SRD5A2,Cervix_Ectocervix,0.426798
SRD5A2,Lung,0.280358
PRKD3,Cells_Cultured_fibroblasts,36.5276
PRKD3,Small_Intestine_Terminal_Ileum_Lymphoid_Aggregate,34.5524
PRKD3,Nerve_Tibial,33.4487
PRKD3,Cervix_Endocervix,32.2084
PRKD3,Uterus,30.6359
PRKD3,Colon_Sigmoid,29.5305
PRKD3,Testis,27.3506
PRKD3,Cells_EBV-transformed_lymphocytes,26.4018
PRKD3,Spleen,26.4001
PRKD3,Colon_Transverse_Muscularis,25.5775
PRKD3,Artery_Tibial,25.2387
PRKD3,Ovary,24.7754
QPCT,Adrenal_Gland,168.429
QPCT,Pancreas_Islets,167.327
QPCT,Whole_Blood,163.672
QPCT,Pituitary,41.6349
QPCT,Skin_Sun_Exposed_Lower_leg,37.2972
QPCT,Colon_Sigmoid,34.5228
QPCT,Colon_Transverse_Muscularis,30.837
QPCT,Skin_Not_Sun_Exposed_Suprapubic,28.0082
QPCT,Brain_Hypothalamus,27.0645
QPCT,Spleen,15.5668
QPCT,Brain_Frontal_Cortex_BA9,14.897
QPCT,Cervix_Endocervix,13.5074
CYP1B1,Nerve_Tibial,106.351
CYP1B1,Fallopian_Tube,86.9413
CYP1B1,Cervix_Endocervix,72.5603
CYP1B1,Cells_Cultured_fibroblasts,69.573
CYP1B1,Uterus,57.6084
CYP1B1,Stomach_Muscularis,53.9861
CYP1B1,Adipose_Visceral_Omentum,38.0218
CYP1B1,Prostate,36.1681
CYP1B1,Breast_Mammary_Tissue,33.1496
CYP1B1,Lung,27.608
CYP1B1,Artery_Coronary,25.8711
CYP1B1,Spleen,25.3798
OXER1,Liver,30.6778
OXER1,Whole_Blood,28.8542
OXER1,Ovary,19.6318
OXER1,Liver_Hepatocyte,17.9805
OXER1,Cervix_Endocervix,17.2443
OXER1,Small_Intestine_Terminal_Ileum_Lymphoid_Aggregate,16.96
OXER1,Liver_Mixed_Cell,15.2029
OXER1,Small_Intestine_Terminal_Ileum,14.0882
OXER1,Small_Intestine_Terminal_Ileum_Mixed_Cell,13.9014
OXER1,Prostate,13.8813
OXER1,Bladder,12.173
OXER1,Fallopian_Tube,11.738
PPM1B,Brain_Cerebellar_Hemisphere,56.6078
PPM1B,Artery_Tibial,52.2762
PPM1B,Muscle_Skeletal,51.8465
PPM1B,Artery_Aorta,43.069
PPM1B,Brain_Cerebellum,41.5514
PPM1B,Artery_Coronary,37.6178
PPM1B,Nerve_Tibial,35.3564
PPM1B,Uterus,32.1089
PPM1B,Esophagus_Muscularis,31.9465
PPM1B,Esophagus_Gastroesophageal_Junction,31.7932
PPM1B,Stomach_Muscularis,31.2352
PPM1B,Brain_Spinal_cord_cervical_c-1,30.132
PRKCE,Brain_Cerebellar_Hemisphere,34.6312
PRKCE,Brain_Frontal_Cortex_BA9,27.5375
PRKCE,Lung,23.6725
PRKCE,Brain_Cerebellum,21.9527
PRKCE,Brain_Anterior_cingulate_cortex_BA24,14.4481
PRKCE,Brain_Cortex,12.6826
PRKCE,Brain_Hippocampus,9.14843
PRKCE,Testis,8.46585
PRKCE,Brain_Amygdala,7.812
PRKCE,Cells_EBV-transformed_lymphocytes,6.79545
PRKCE,Brain_Nucleus_accumbens_basal_ganglia,6.29211
PRKCE,Small_Intestine_Terminal_Ileum_Lymphoid_Aggregate,6.21339
EPAS1,Lung,1221.51
EPAS1,Artery_Tibial,671.109
EPAS1,Artery_Coronary,555.877
EPAS1,Adipose_Subcutaneous,504.559
EPAS1,Artery_Aorta,480.922
EPAS1,Adipose_Visceral_Omentum,473.687
EPAS1,Thyroid,413.784
EPAS1,Breast_Mammary_Tissue,393.965
EPAS1,Uterus,235.884
EPAS1,Fallopian_Tube,200.689
EPAS1,Bladder,190.175
EPAS1,Liver_Portal_Tract,189.019
XPO1,Cells_EBV-transformed_lymphocytes,71.2634
XPO1,Cells_Cultured_fibroblasts,58.7353
XPO1,Small_Intestine_Terminal_Ileum_Lymphoid_Aggregate,47.9841
XPO1,Ovary,44.9912
XPO1,Cervix_Endocervix,44.2808
XPO1,Uterus,41.786
XPO1,Nerve_Tibial,40.7662
XPO1,Fallopian_Tube,40.2831
XPO1,Testis,38.6951
XPO1,Brain_Cerebellar_Hemisphere,35.7436
XPO1,Brain_Cerebellum,34.1437
XPO1,Cervix_Ectocervix,30.8617
PELI1,Cells_EBV-transformed_lymphocytes,62.7516
PELI1,Whole_Blood,55.7993
PELI1,Lung,53.634
PELI1,Esophagus_Mucosa,53.3258
PELI1,Liver_Portal_Tract,52.2878
PELI1,Small_Intestine_Terminal_Ileum_Lymphoid_Aggregate,50.4503
PELI1,Skin_Not_Sun_Exposed_Suprapubic,47.567
PELI1,Vagina,44.4767
PELI1,Breast_Mammary_Tissue,44.0902
PELI1,Adipose_Visceral_Omentum,43.5469
PELI1,Skin_Sun_Exposed_Lower_leg,43.5254
PELI1,Nerve_Tibial,43.346
GFPT1,Cells_EBV-transformed_lymphocytes,49.3279
GFPT1,Cells_Cultured_fibroblasts,44.7308
GFPT1,Pituitary,41.1387
GFPT1,Artery_Aorta,39.947
GFPT1,Colon_Transverse_Mixed_Cell,38.1742
GFPT1,Minor_Salivary_Gland,36.7692
GFPT1,Colon_Transverse_Mucosa,36.1415
GFPT1,Pancreas_Islets,34.627
GFPT1,Artery_Coronary,32.1956
GFPT1,Thyroid,31.1048
GFPT1,Testis,30.7851
GFPT1,Artery_Tibial,30.7285
AAK1,Brain_Cerebellar_Hemisphere,28.399
AAK1,Brain_Cerebellum,27.5441
AAK1,Thyroid,15.4815
AAK1,Brain_Frontal_Cortex_BA9,15.2805
AAK1,Brain_Cortex,12.0791
AAK1,Pituitary,11.1144
AAK1,Small_Intestine_Terminal_Ileum_Lymphoid_Aggregate,8.91222
AAK1,Brain_Anterior_cingulate_cortex_BA24,8.44857
AAK1,Fallopian_Tube,7.78658
AAK1,Lung,7.68626
AAK1,Uterus,7.50555
AAK1,Brain_Hypothalamus,6.98526
SPR,Liver_Mixed_Cell,122.17
SPR,Liver_Hepatocyte,115.751
SPR,Colon_Transverse_Mixed_Cell,84.438
SPR,Adrenal_Gland,79.3515
SPR,Kidney_Medulla,77.1203
SPR,Liver,76.6655
SPR,Stomach_Mixed_Cell,72.4341
SPR,Stomach_Mucosa,71.0675
SPR,Colon_Transverse_Mucosa,69.9227
SPR,Pancreas_Mixed_Cell,60.3706
SPR,Prostate,59.2143
SPR,Stomach,58.7627
TET3,Skin_Not_Sun_Exposed_Suprapubic,28.8608
TET3,Skin_Sun_Exposed_Lower_leg,28.556
TET3,Cells_EBV-transformed_lymphocytes,25.3071
TET3,Brain_Cerebellar_Hemisphere,12.4395
TET3,Brain_Cerebellum,12.3304
TET3,Esophagus_Mucosa,11.973
TET3,Small_Intestine_Terminal_Ileum_Lymphoid_Aggregate,10.2264
TET3,Lung,9.65639
TET3,Small_Intestine_Terminal_Ileum,8.94362
TET3,Liver_Portal_Tract,8.73607
TET3,Vagina,8.43981
TET3,Spleen,7.93965
MTHFD2,Cells_EBV-transformed_lymphocytes,132.444
MTHFD2,Artery_Tibial,92.4992
MTHFD2,Cells_Cultured_fibroblasts,82.4362
MTHFD2,Artery_Aorta,76.7656
MTHFD2,Artery_Coronary,62.8292
MTHFD2,Fallopian_Tube,36.0499
MTHFD2,Cervix_Endocervix,36.0445
MTHFD2,Adipose_Visceral_Omentum,33.7914
MTHFD2,Uterus,32.4351
MTHFD2,Liver_Portal_Tract,32.3337
MTHFD2,Adipose_Subcutaneous,31.7674
MTHFD2,Lung,30.9562
HK2,Colon_Transverse_Mixed_Cell,76.7154
HK2,Colon_Transverse_Mucosa,75.3523
HK2,Cells_EBV-transformed_lymphocytes,74.743
HK2,Testis,68.8212
HK2,Whole_Blood,53.3761
HK2,Cells_Cultured_fibroblasts,41.4118
HK2,Colon_Transverse,33.8799
HK2,Adipose_Visceral_Omentum,32.2635
HK2,Ovary,30.4922
HK2,Esophagus_Mucosa,25.976
HK2,Adipose_Subcutaneous,24.0042
HK2,Lung,23.412
TACR1,Adipose_Subcutaneous,12.054
TACR1,Cervix_Endocervix,8.84786
TACR1,Breast_Mammary_Tissue,8.64524
TACR1,Uterus,7.25069
TACR1,Cervix_Ectocervix,6.79927
TACR1,Fallopian_Tube,6.62765
TACR1,Nerve_Tibial,6.40581
TACR1,Vagina,4.88873
TACR1,Bladder,3.89748
TACR1,Adipose_Visceral_Omentum,3.73159
TACR1,Skin_Sun_Exposed_Lower_leg,3.5907
TACR1,Brain_Putamen_basal_ganglia,3.52581
KDM3A,Testis,48.7277
KDM3A,Skin_Sun_Exposed_Lower_leg,44.7654
KDM3A,Skin_Not_Sun_Exposed_Suprapubic,43.1945
KDM3A,Artery_Tibial,36.942
KDM3A,Nerve_Tibial,36.8849
KDM3A,Uterus,33.9592
KDM3A,Thyroid,32.1627
KDM3A,Cervix_Ectocervix,31.924
KDM3A,Artery_Aorta,31.3637
KDM3A,Bladder,31.3278
KDM3A,Colon_Sigmoid,31.2232
KDM3A,Cervix_Endocervix,30.9827
FABP1,Colon_Transverse_Mixed_Cell,1570.39
FABP1,Liver_Mixed_Cell,1127.64
FABP1,Colon_Transverse_Mucosa,1115.15
FABP1,Liver_Hepatocyte,1038.09
FABP1,Liver,784.777
FABP1,Small_Intestine_Terminal_Ileum_Mixed_Cell,545.277
FABP1,Colon_Transverse,467.529
FABP1,Liver_Portal_Tract,235.531
FABP1,Small_Intestine_Terminal_Ileum,215.631
FABP1,Colon_Transverse_Muscularis,76.4336
FABP1,Kidney_Cortex,67.6847
FABP1,Small_Intestine_Terminal_Ileum_Lymphoid_Aggregate,10.5288
ADRA2B,Spleen,14.1716
ADRA2B,Adipose_Subcutaneous,10.5265
ADRA2B,Nerve_Tibial,10.0148
ADRA2B,Kidney_Medulla,9.61262
ADRA2B,Esophagus_Muscularis,7.58911
ADRA2B,Adipose_Visceral_Omentum,7.3572
ADRA2B,Esophagus_Gastroesophageal_Junction,6.55721
ADRA2B,Uterus,6.37063
ADRA2B,Fallopian_Tube,6.17327
ADRA2B,Artery_Aorta,5.77433
ADRA2B,Breast_Mammary_Tissue,5.37765
ADRA2B,Heart_Left_Ventricle,5.27589
ZAP70,Small_Intestine_Terminal_Ileum_Lymphoid_Aggregate,79.7306
ZAP70,Spleen,36.8813
ZAP70,Whole_Blood,34.9904
ZAP70,Liver_Portal_Tract,28.1346
ZAP70,Small_Intestine_Terminal_Ileum_Mixed_Cell,27.4839
ZAP70,Small_Intestine_Terminal_Ileum,12.969
ZAP70,Lung,11.5403
ZAP70,Colon_Transverse_Mucosa,5.57656
ZAP70,Colon_Transverse_Mixed_Cell,4.11074
ZAP70,Thyroid,3.58887
ZAP70,Fallopian_Tube,3.41855
ZAP70,Cervix_Ectocervix,3.24908
MAP4K4,Brain_Spinal_cord_cervical_c-1,221.652
MAP4K4,Cells_Cultured_fibroblasts,175.463
MAP4K4,Brain_Substantia_nigra,123.522
MAP4K4,Brain_Hippocampus,109.556
MAP4K4,Brain_Amygdala,100.293
MAP4K4,Brain_Putamen_basal_ganglia,84.3764
MAP4K4,Brain_Hypothalamus,69.9422
MAP4K4,Nerve_Tibial,67.5464
MAP4K4,Whole_Blood,64.6961
MAP4K4,Brain_Caudate_basal_ganglia,62.4857
MAP4K4,Adipose_Subcutaneous,58.5226
MAP4K4,Brain_Frontal_Cortex_BA9,58.5113
SLC5A7,Colon_Sigmoid,3.40256
SLC5A7,Bladder,2.17665
SLC5A7,Esophagus_Gastroesophageal_Junction,1.82889
SLC5A7,Brain_Putamen_basal_ganglia,1.71613
SLC5A7,Esophagus_Muscularis,1.64611
SLC5A7,Colon_Transverse_Muscularis,1.63656
SLC5A7,Brain_Caudate_basal_ganglia,1.33781
SLC5A7,Stomach_Muscularis,1.20238
SLC5A7,Colon_Transverse,0.772552
SLC5A7,Cervix_Endocervix,0.644154
SLC5A7,Brain_Hypothalamus,0.60677
SLC5A7,Brain_Nucleus_accumbens_basal_ganglia,0.596502
BCL2L11,Small_Intestine_Terminal_Ileum_Lymphoid_Aggregate,36.4259
BCL2L11,Thyroid,24.8364
BCL2L11,Liver_Portal_Tract,19.6054
BCL2L11,Spleen,19.0102
BCL2L11,Cells_EBV-transformed_lymphocytes,16.1228
BCL2L11,Small_Intestine_Terminal_Ileum_Mixed_Cell,14.8758
BCL2L11,Ovary,14.4306
BCL2L11,Pituitary,13.3822
BCL2L11,Small_Intestine_Terminal_Ileum,13.3612
BCL2L11,Colon_Transverse_Mucosa,13.0869
BCL2L11,Testis,12.8885
BCL2L11,Lung,12.2256
IL1B,Whole_Blood,38.5003
IL1B,Liver_Portal_Tract,32.8422
IL1B,Spleen,16.9199
IL1B,Stomach_Mixed_Cell,11.8961
IL1B,Stomach_Mucosa,9.32161
IL1B,Lung,7.57554
IL1B,Stomach,4.15204
IL1B,Small_Intestine_Terminal_Ileum_Mixed_Cell,3.61508
IL1B,Adipose_Visceral_Omentum,2.82899
IL1B,Brain_Spinal_cord_cervical_c-1,2.57158
IL1B,Cells_EBV-transformed_lymphocytes,2.48717
IL1B,Colon_Transverse_Mucosa,2.37849
IL1RN,Esophagus_Mucosa,1542.04
IL1RN,Vagina,326.122
IL1RN,Cervix_Ectocervix,153.404
IL1RN,Skin_Not_Sun_Exposed_Suprapubic,122.646
IL1RN,Skin_Sun_Exposed_Lower_leg,117.161
IL1RN,Whole_Blood,115.208
IL1RN,Liver_Portal_Tract,69.6214
IL1RN,Liver_Hepatocyte,64.3941
IL1RN,Liver_Mixed_Cell,63.6399
IL1RN,Liver,32.4131
IL1RN,Spleen,11.9569
IL1RN,Testis,11.1204
GLI2,Ovary,22.7713
GLI2,Cervix_Endocervix,11.5291
GLI2,Uterus,10.9054
GLI2,Cells_Cultured_fibroblasts,7.95979
GLI2,Fallopian_Tube,7.80265
GLI2,Esophagus_Muscularis,7.34858
GLI2,Artery_Tibial,7.23261
GLI2,Esophagus_Gastroesophageal_Junction,7.05052
GLI2,Nerve_Tibial,6.47223
GLI2,Colon_Sigmoid,6.42334
GLI2,Bladder,6.23662
GLI2,Prostate,5.67067
GPR17,Colon_Transverse_Muscularis,52.3895
GPR17,Nerve_Tibial,31.1325
GPR17,Colon_Sigmoid,28.806
GPR17,Brain_Amygdala,24.9693
GPR17,Uterus,22.6811
GPR17,Esophagus_Muscularis,21.1984
GPR17,Brain_Hippocampus,20.4595
GPR17,Esophagus_Gastroesophageal_Junction,20.308
GPR17,Brain_Hypothalamus,17.7609
GPR17,Artery_Aorta,17.4678
GPR17,Stomach_Muscularis,17.2101
GPR17,Brain_Substantia_nigra,17.0472
GPR39,Colon_Transverse_Mucosa,6.12999
GPR39,Colon_Transverse_Mixed_Cell,5.60363
GPR39,Testis,4.62707
GPR39,Stomach_Mucosa,3.80552
GPR39,Stomach,3.64348
GPR39,Lung,3.5358
GPR39,Stomach_Mixed_Cell,3.31379
GPR39,Liver_Portal_Tract,2.9632
GPR39,Colon_Transverse,2.85684
GPR39,Liver_Mixed_Cell,2.42559
GPR39,Small_Intestine_Terminal_Ileum_Mixed_Cell,2.0108
GPR39,Kidney_Medulla,1.83261
CXCR4,Small_Intestine_Terminal_Ileum_Lymphoid_Aggregate,1192.13
CXCR4,Whole_Blood,562.914
CXCR4,Small_Intestine_Terminal_Ileum_Mixed_Cell,423.543
CXCR4,Spleen,363.963
CXCR4,Liver_Portal_Tract,174.347
CXCR4,Small_Intestine_Terminal_Ileum,132.398
CXCR4,Lung,105.51
CXCR4,Adrenal_Gland,65.7439
CXCR4,Nerve_Tibial,60.0331
CXCR4,Brain_Spinal_cord_cervical_c-1,52.7927
CXCR4,Adipose_Visceral_Omentum,37.7532
CXCR4,Pituitary,35.2562
KYNU,Cells_EBV-transformed_lymphocytes,7.17154
KYNU,Liver_Mixed_Cell,6.00645
KYNU,Liver_Hepatocyte,5.16477
KYNU,Liver,3.79078
KYNU,Liver_Portal_Tract,3.25306
KYNU,Small_Intestine_Terminal_Ileum_Lymphoid_Aggregate,3.21836
KYNU,Testis,2.55694
KYNU,Lung,2.32759
KYNU,Whole_Blood,2.1913
KYNU,Spleen,2.13711
KYNU,Small_Intestine_Terminal_Ileum_Mixed_Cell,1.19362
KYNU,Cells_Cultured_fibroblasts,0.889531
NR4A2,Ovary,149.521
NR4A2,Nerve_Tibial,93.2243
NR4A2,Artery_Tibial,66.3909
NR4A2,Pituitary,49.646
NR4A2,Adipose_Visceral_Omentum,49.1827
NR4A2,Fallopian_Tube,38.6584
NR4A2,Brain_Cerebellar_Hemisphere,31.1208
NR4A2,Artery_Aorta,28.7879
NR4A2,Artery_Coronary,28.3812
NR4A2,Brain_Cerebellum,27.9148
NR4A2,Liver_Portal_Tract,25.3223
NR4A2,Lung,21.4259
ACVR1,Cells_Cultured_fibroblasts,32.1674
ACVR1,Artery_Tibial,31.2928
ACVR1,Cervix_Endocervix,29.4822
ACVR1,Artery_Aorta,29.1387
ACVR1,Uterus,28.1397
ACVR1,Thyroid,27.4887
ACVR1,Fallopian_Tube,22.6143
ACVR1,Adipose_Subcutaneous,22.2665
ACVR1,Cervix_Ectocervix,21.8452
ACVR1,Ovary,21.0986
ACVR1,Breast_Mammary_Tissue,20.6382
ACVR1,Artery_Coronary,20.3765
PSMD14,Cells_EBV-transformed_lymphocytes,168.124
PSMD14,Cells_Cultured_fibroblasts,120.778
PSMD14,Muscle_Skeletal,76.1644
PSMD14,Brain_Cerebellar_Hemisphere,64.7915
PSMD14,Brain_Frontal_Cortex_BA9,62.9152
PSMD14,Brain_Spinal_cord_cervical_c-1,62.4863
PSMD14,Liver_Mixed_Cell,61.4001
PSMD14,Esophagus_Mucosa,60.7299
PSMD14,Testis,57.9593
PSMD14,Adrenal_Gland,57.7105
PSMD14,Pancreas_Islets,53.453
PSMD14,Brain_Cerebellum,51.2739
DPP4,Cells_Cultured_fibroblasts,30.8305
DPP4,Small_Intestine_Terminal_Ileum_Mixed_Cell,20.3287
DPP4,Prostate,18.7508
DPP4,Small_Intestine_Terminal_Ileum,18.6216
DPP4,Kidney_Cortex,13.8644
DPP4,Adipose_Subcutaneous,11.2835
DPP4,Kidney_Medulla,9.67346
DPP4,Adipose_Visceral_Omentum,8.46662
DPP4,Lung,7.65001
DPP4,Spleen,7.33915
DPP4,Nerve_Tibial,6.66714
DPP4,Pancreas_Islets,6.44529
FAP,Cells_Cultured_fibroblasts,107.934
FAP,Uterus,33.8855
FAP,Pancreas_Islets,26.1417
FAP,Artery_Aorta,23.526
FAP,Cervix_Endocervix,19.6736
FAP,Artery_Coronary,16.6711
FAP,Artery_Tibial,13.5504
FAP,Breast_Mammary_Tissue,9.00949
FAP,Cervix_Ectocervix,7.93684
FAP,Adipose_Subcutaneous,7.61439
FAP,Fallopian_Tube,7.50078
FAP,Adipose_Visceral_Omentum,5.85168
SCN2A,Brain_Cerebellar_Hemisphere,70.506
SCN2A,Brain_Cerebellum,64.2444
SCN2A,Brain_Frontal_Cortex_BA9,18.0164
SCN2A,Brain_Cortex,11.2008
SCN2A,Brain_Nucleus_accumbens_basal_ganglia,9.76824
SCN2A,Brain_Anterior_cingulate_cortex_BA24,8.75925
SCN2A,Brain_Hypothalamus,6.43582
SCN2A,Brain_Caudate_basal_ganglia,6.40828
SCN2A,Brain_Hippocampus,5.04023
SCN2A,Brain_Putamen_basal_ganglia,4.96093
SCN2A,Pituitary,4.28128
SCN2A,Brain_Amygdala,4.19649
GALNT3,Minor_Salivary_Gland,32.7763
GALNT3,Esophagus_Mucosa,26.4077
GALNT3,Colon_Transverse_Mucosa,24.3706
GALNT3,Colon_Transverse_Mixed_Cell,22.9483
GALNT3,Stomach,19.3539
GALNT3,Stomach_Mixed_Cell,18.98
GALNT3,Thyroid,18.8204
GALNT3,Testis,16.8987
GALNT3,Vagina,16.1624
GALNT3,Liver_Portal_Tract,15.9988
GALNT3,Small_Intestine_Terminal_Ileum_Mixed_Cell,15.8075
GALNT3,Stomach_Mucosa,15.285
SCN1A,Brain_Frontal_Cortex_BA9,10.933
SCN1A,Brain_Cerebellar_Hemisphere,7.41483
SCN1A,Brain_Cerebellum,6.57238
SCN1A,Brain_Cortex,6.38903
SCN1A,Brain_Hypothalamus,4.40036
SCN1A,Brain_Anterior_cingulate_cortex_BA24,4.28072
SCN1A,Brain_Nucleus_accumbens_basal_ganglia,3.48922
SCN1A,Brain_Caudate_basal_ganglia,3.28533
SCN1A,Brain_Hippocampus,2.62472
SCN1A,Brain_Putamen_basal_ganglia,2.54542
SCN1A,Brain_Amygdala,2.22674
SCN1A,Brain_Substantia_nigra,1.87493
SCN9A,Nerve_Tibial,8.47188
SCN9A,Testis,8.25617
SCN9A,Brain_Hypothalamus,7.34943
SCN9A,Colon_Sigmoid,5.80168
SCN9A,Spleen,5.27762
SCN9A,Liver_Portal_Tract,4.39119
SCN9A,Colon_Transverse,3.88323
SCN9A,Colon_Transverse_Muscularis,3.6918
SCN9A,Colon_Transverse_Mixed_Cell,3.0523
SCN9A,Pituitary,3.03751
SCN9A,Colon_Transverse_Mucosa,2.78884
SCN9A,Liver_Hepatocyte,2.58814
ABCB11,Liver_Hepatocyte,23.0603
ABCB11,Liver_Mixed_Cell,21.2437
ABCB11,Liver,20.6297
ABCB11,Testis,6.38282
ABCB11,Liver_Portal_Tract,5.22942
ABCB11,Colon_Transverse_Mucosa,2.88681
ABCB11,Colon_Transverse_Mixed_Cell,2.53541
ABCB11,Adipose_Subcutaneous,2.29361
ABCB11,Colon_Transverse,0.731732
ABCB11,Breast_Mammary_Tissue,0.567002
ABCB11,Skin_Sun_Exposed_Lower_leg,0.548345
ABCB11,Skin_Not_Sun_Exposed_Suprapubic,0.441922
HAT1,Cells_EBV-transformed_lymphocytes,70.3348
HAT1,Cells_Cultured_fibroblasts,39.9121
HAT1,Artery_Tibial,36.9064
HAT1,Breast_Mammary_Tissue,32.4973
HAT1,Muscle_Skeletal,32.2178
HAT1,Artery_Coronary,31.9299
HAT1,Nerve_Tibial,31.662
HAT1,Thyroid,30.9451
HAT1,Adipose_Subcutaneous,30.7306
HAT1,Lung,30.5995
HAT1,Ovary,29.9062
HAT1,Spleen,29.6744
PDK1,Cells_EBV-transformed_lymphocytes,16.8417
PDK1,Skin_Not_Sun_Exposed_Suprapubic,12.1832
PDK1,Skin_Sun_Exposed_Lower_leg,11.8792
PDK1,Ovary,7.79399
PDK1,Artery_Tibial,7.02807
PDK1,Cells_Cultured_fibroblasts,6.62804
PDK1,Minor_Salivary_Gland,5.84118
PDK1,Spleen,5.76562
PDK1,Small_Intestine_Terminal_Ileum_Lymphoid_Aggregate,5.09899
PDK1,Vagina,5.09804
PDK1,Cervix_Ectocervix,4.59904
PDK1,Liver_Portal_Tract,4.32199
RAPGEF4,Brain_Anterior_cingulate_cortex_BA24,207.064
RAPGEF4,Brain_Cortex,200.309
RAPGEF4,Brain_Frontal_Cortex_BA9,185.762
RAPGEF4,Brain_Amygdala,171.57
RAPGEF4,Brain_Hippocampus,151.992
RAPGEF4,Brain_Nucleus_accumbens_basal_ganglia,81.0906
RAPGEF4,Adrenal_Gland,45.8422
RAPGEF4,Brain_Cerebellar_Hemisphere,44.5622
RAPGEF4,Brain_Cerebellum,41.4983
RAPGEF4,Brain_Caudate_basal_ganglia,32.0091
RAPGEF4,Brain_Putamen_basal_ganglia,31.2562
RAPGEF4,Brain_Hypothalamus,24.3046
MAP3K20,Esophagus_Muscularis,116.135
MAP3K20,Muscle_Skeletal,114.292
MAP3K20,Esophagus_Gastroesophageal_Junction,105.58
MAP3K20,Stomach_Muscularis,92.7857
MAP3K20,Colon_Sigmoid,82.318
MAP3K20,Artery_Tibial,76.1493
MAP3K20,Uterus,64.5478
MAP3K20,Bladder,63.648
MAP3K20,Fallopian_Tube,62.8034
MAP3K20,Cervix_Endocervix,62.4519
MAP3K20,Colon_Transverse_Muscularis,53.9676
MAP3K20,Ovary,46.2398
CHRNA1,Muscle_Skeletal,31.4977
CHRNA1,Pituitary,1.96038
CHRNA1,Pancreas_Islets,1.70566
CHRNA1,Testis,1.10064
CHRNA1,Colon_Transverse_Mucosa,0.77427
CHRNA1,Colon_Transverse_Mixed_Cell,0.736422
CHRNA1,Brain_Hippocampus,0.637063
CHRNA1,Brain_Frontal_Cortex_BA9,0.394356
CHRNA1,Brain_Cortex,0.240521
CHRNA1,Colon_Transverse,0.216683
CHRNA1,Brain_Spinal_cord_cervical_c-1,0.172815
CHRNA1,Brain_Anterior_cingulate_cortex_BA24,0.156614
NFE2L2,Esophagus_Mucosa,109.818
NFE2L2,Ovary,98.6997
NFE2L2,Bladder,83.2093
NFE2L2,Vagina,78.8638
NFE2L2,Thyroid,69.2808
NFE2L2,Skin_Sun_Exposed_Lower_leg,68.0143
NFE2L2,Artery_Aorta,65.0282
NFE2L2,Skin_Not_Sun_Exposed_Suprapubic,64.9081
NFE2L2,Nerve_Tibial,64.7315
NFE2L2,Cervix_Ectocervix,63.9923
NFE2L2,Artery_Coronary,62.7338
NFE2L2,Fallopian_Tube,60.0072
CALCRL,Lung,60.7388
CALCRL,Artery_Coronary,30.5306
CALCRL,Adipose_Visceral_Omentum,28.4085
CALCRL,Thyroid,26.2206
CALCRL,Adipose_Subcutaneous,25.2675
CALCRL,Artery_Tibial,22.0923
CALCRL,Breast_Mammary_Tissue,18.8966
CALCRL,Liver_Portal_Tract,16.5303
CALCRL,Uterus,15.742
CALCRL,Nerve_Tibial,13.9596
CALCRL,Cervix_Endocervix,12.8144
CALCRL,Ovary,11.0986
GLS,Artery_Aorta,117.604
GLS,Brain_Cerebellar_Hemisphere,97.7744
GLS,Cells_EBV-transformed_lymphocytes,97.2176
GLS,Artery_Tibial,95.3263
GLS,Artery_Coronary,79.5829
GLS,Brain_Frontal_Cortex_BA9,76.7347
GLS,Cells_Cultured_fibroblasts,67.4249
GLS,Brain_Cerebellum,66.9432
GLS,Kidney_Cortex,64.6145
GLS,Liver_Portal_Tract,64.5316
GLS,Adrenal_Gland,64.0844
GLS,Kidney_Medulla,62.0851
STAT1,Cells_EBV-transformed_lymphocytes,317.885
STAT1,Cells_Cultured_fibroblasts,137.207
STAT1,Lung,38.96
STAT1,Spleen,38.2736
STAT1,Liver_Portal_Tract,31.5536
STAT1,Artery_Aorta,31.1102
STAT1,Adipose_Subcutaneous,30.1071
STAT1,Artery_Tibial,27.058
STAT1,Artery_Coronary,26.9987
STAT1,Nerve_Tibial,26.9554
STAT1,Whole_Blood,26.2566
STAT1,Bladder,24.2932
STK17B,Whole_Blood,68.8072
STK17B,Small_Intestine_Terminal_Ileum_Lymphoid_Aggregate,67.586
STK17B,Spleen,39.4788
STK17B,Small_Intestine_Terminal_Ileum_Mixed_Cell,35.0215
STK17B,Cells_EBV-transformed_lymphocytes,31.4561
STK17B,Lung,21.7813
STK17B,Liver_Portal_Tract,21.0839
STK17B,Small_Intestine_Terminal_Ileum,20.5111
STK17B,Adipose_Subcutaneous,16.4453
STK17B,Colon_Transverse_Mucosa,13.8653
STK17B,Adipose_Visceral_Omentum,13.4879
STK17B,Nerve_Tibial,13.1996
HSPD1,Cells_EBV-transformed_lymphocytes,604.916
HSPD1,Adrenal_Gland,513.389
HSPD1,Liver_Mixed_Cell,314.24
HSPD1,Cells_Cultured_fibroblasts,266.374
HSPD1,Liver_Hepatocyte,223.01
HSPD1,Ovary,210.875
HSPD1,Liver,180.427
HSPD1,Adipose_Visceral_Omentum,169.577
HSPD1,Fallopian_Tube,152.396
HSPD1,Liver_Portal_Tract,145.542
HSPD1,Small_Intestine_Terminal_Ileum_Mixed_Cell,140.37
HSPD1,Cervix_Endocervix,136.232
AOX1,Liver_Mixed_Cell,506.657
AOX1,Liver_Hepatocyte,482.207
AOX1,Adrenal_Gland,428.63
AOX1,Liver,252.621
AOX1,Cells_Cultured_fibroblasts,172.145
AOX1,Adipose_Visceral_Omentum,140.051
AOX1,Liver_Portal_Tract,131.439
AOX1,Adipose_Subcutaneous,100.723
AOX1,Fallopian_Tube,81.3437
AOX1,Bladder,78.5682
AOX1,Ovary,72.062
AOX1,Breast_Mammary_Tissue,70.2797
CLK1,Small_Intestine_Terminal_Ileum_Lymphoid_Aggregate,382.743
CLK1,Nerve_Tibial,342.677
CLK1,Ovary,341.063
CLK1,Thyroid,286.537
CLK1,Artery_Tibial,284.6
CLK1,Cervix_Endocervix,283.404
CLK1,Uterus,283.169
CLK1,Fallopian_Tube,282.826
CLK1,Liver_Portal_Tract,269.331
CLK1,Lung,246.305
CLK1,Spleen,244.801
CLK1,Vagina,242.843
CASP8,Small_Intestine_Terminal_Ileum_Lymphoid_Aggregate,101.199
CASP8,Whole_Blood,55.488
CASP8,Spleen,43.2854
CASP8,Liver_Portal_Tract,30.4232
CASP8,Small_Intestine_Terminal_Ileum_Mixed_Cell,29.4906
CASP8,Small_Intestine_Terminal_Ileum,24.4706
CASP8,Lung,22.0087
CASP8,Cells_Cultured_fibroblasts,15.8006
CASP8,Colon_Transverse_Mucosa,14.3771
CASP8,Colon_Transverse_Mixed_Cell,13.372
CASP8,Adipose_Subcutaneous,11.7721
CASP8,Esophagus_Mucosa,10.8285
SUMO1,Cells_Cultured_fibroblasts,138.766
SUMO1,Cells_EBV-transformed_lymphocytes,128.541
SUMO1,Brain_Cerebellar_Hemisphere,119.383
SUMO1,Artery_Tibial,89.0607
SUMO1,Thyroid,87.3482
SUMO1,Brain_Frontal_Cortex_BA9,85.6927
SUMO1,Liver_Portal_Tract,85.4812
SUMO1,Artery_Aorta,81.1098
SUMO1,Artery_Coronary,81.0347
SUMO1,Brain_Cerebellum,80.3405
SUMO1,Lung,78.4682
SUMO1,Adrenal_Gland,78.1462
BMPR2,Lung,46.0806
BMPR2,Artery_Aorta,36.3933
BMPR2,Artery_Tibial,33.6646
BMPR2,Artery_Coronary,33.6121
BMPR2,Uterus,29.0103
BMPR2,Cervix_Endocervix,27.5585
BMPR2,Adipose_Subcutaneous,25.957
BMPR2,Adipose_Visceral_Omentum,23.2707
BMPR2,Nerve_Tibial,22.8587
BMPR2,Fallopian_Tube,22.2231
BMPR2,Adrenal_Gland,21.7941
BMPR2,Thyroid,21.7607
IDH1,Adrenal_Gland,306.656
IDH1,Liver_Mixed_Cell,247.571
IDH1,Liver_Hepatocyte,197.835
IDH1,Colon_Transverse_Mixed_Cell,172.3
IDH1,Colon_Transverse_Mucosa,168.692
IDH1,Liver,120.183
IDH1,Esophagus_Mucosa,115.3
IDH1,Small_Intestine_Terminal_Ileum_Mixed_Cell,104.158
IDH1,Adipose_Subcutaneous,97.0964
IDH1,Prostate,94.6549
IDH1,Cells_Cultured_fibroblasts,81.9911
IDH1,Colon_Transverse,78.7948
MAP2,Brain_Frontal_Cortex_BA9,171.183
MAP2,Brain_Anterior_cingulate_cortex_BA24,168.924
MAP2,Brain_Cortex,141.953
MAP2,Brain_Nucleus_accumbens_basal_ganglia,120.254
MAP2,Brain_Hypothalamus,116.861
MAP2,Brain_Amygdala,100.041
MAP2,Brain_Cerebellar_Hemisphere,98.2321
MAP2,Brain_Cerebellum,83.8933
MAP2,Brain_Hippocampus,69.7304
MAP2,Brain_Caudate_basal_ganglia,59.6405
MAP2,Brain_Putamen_basal_ganglia,43.0493
MAP2,Brain_Substantia_nigra,35.3897
ERBB4,Artery_Aorta,9.41501
ERBB4,Brain_Anterior_cingulate_cortex_BA24,9.14372
ERBB4,Brain_Cerebellar_Hemisphere,9.14203
ERBB4,Brain_Frontal_Cortex_BA9,8.16279
ERBB4,Brain_Caudate_basal_ganglia,7.70897
ERBB4,Brain_Cerebellum,7.11432
ERBB4,Brain_Nucleus_accumbens_basal_ganglia,6.96227
ERBB4,Brain_Amygdala,6.58659
ERBB4,Brain_Putamen_basal_ganglia,5.84013
ERBB4,Brain_Cortex,5.52426
ERBB4,Testis,5.26761
ERBB4,Brain_Hypothalamus,4.58105
BARD1,Cells_EBV-transformed_lymphocytes,14.6286
BARD1,Skin_Not_Sun_Exposed_Suprapubic,11.6495
BARD1,Skin_Sun_Exposed_Lower_leg,10.1344
BARD1,Artery_Tibial,5.95335
BARD1,Vagina,5.86315
BARD1,Nerve_Tibial,5.45458
BARD1,Esophagus_Mucosa,5.39726
BARD1,Testis,5.10329
BARD1,Uterus,5.10038
BARD1,Cervix_Ectocervix,5.0905
BARD1,Artery_Aorta,4.73002
BARD1,Small_Intestine_Terminal_Ileum_Lymphoid_Aggregate,4.26454
ATIC,Cells_EBV-transformed_lymphocytes,193.239
ATIC,Cells_Cultured_fibroblasts,122.616
ATIC,Cervix_Endocervix,61.9661
ATIC,Bladder,61.9516
ATIC,Uterus,60.1464
ATIC,Small_Intestine_Terminal_Ileum_Lymphoid_Aggregate,59.9476
ATIC,Fallopian_Tube,56.221
ATIC,Artery_Tibial,55.5504
ATIC,Spleen,55.325
ATIC,Ovary,52.4837
ATIC,Nerve_Tibial,51.8209
ATIC,Artery_Aorta,50.4568
CXCR1,Whole_Blood,1194.09
CXCR1,Spleen,69.5252
CXCR1,Lung,14.8375
CXCR1,Liver_Portal_Tract,3.99269
CXCR1,Adipose_Visceral_Omentum,2.22315
CXCR1,Stomach_Muscularis,1.14614
CXCR1,Liver,1.12653
CXCR1,Colon_Transverse_Muscularis,1.05704
CXCR1,Colon_Transverse_Mixed_Cell,1.01284
CXCR1,Small_Intestine_Terminal_Ileum_Mixed_Cell,0.966041
CXCR1,Liver_Mixed_Cell,0.953261
CXCR1,Fallopian_Tube,0.890072
GPBAR1,Stomach_Muscularis,14.3836
GPBAR1,Whole_Blood,12.9035
GPBAR1,Adipose_Visceral_Omentum,12.2793
GPBAR1,Adipose_Subcutaneous,11.0014
GPBAR1,Liver_Portal_Tract,8.68233
GPBAR1,Spleen,6.68767
GPBAR1,Kidney_Medulla,6.04383
GPBAR1,Breast_Mammary_Tissue,5.9045
GPBAR1,Colon_Transverse_Muscularis,5.29672
GPBAR1,Bladder,4.80791
GPBAR1,Pancreas_Islets,4.22034
GPBAR1,Testis,4.19553
CTDSP1,Cervix_Endocervix,181.26
CTDSP1,Whole_Blood,176.992
CTDSP1,Artery_Aorta,173.445
CTDSP1,Uterus,172.674
CTDSP1,Prostate,171.721
CTDSP1,Nerve_Tibial,164.401
CTDSP1,Liver_Portal_Tract,163.236
CTDSP1,Artery_Tibial,162.133
CTDSP1,Ovary,161.755
CTDSP1,Thyroid,156.414
CTDSP1,Fallopian_Tube,151.436
CTDSP1,Artery_Coronary,148.713
DNPEP,Testis,80.6906
DNPEP,Cervix_Endocervix,57.4546
DNPEP,Fallopian_Tube,50.2593
DNPEP,Uterus,49.6471
DNPEP,Ovary,48.9847
DNPEP,Cervix_Ectocervix,48.293
DNPEP,Bladder,46.5544
DNPEP,Lung,46.3276
DNPEP,Prostate,45.2994
DNPEP,Vagina,43.6201
DNPEP,Breast_Mammary_Tissue,41.7469
DNPEP,Small_Intestine_Terminal_Ileum,41.3792
INHA,Testis,194.011
INHA,Ovary,171.063
INHA,Adrenal_Gland,72.6729
INHA,Pituitary,12.7397
INHA,Brain_Cerebellum,11.9713
INHA,Brain_Cerebellar_Hemisphere,11.7668
INHA,Brain_Nucleus_accumbens_basal_ganglia,10.3339
INHA,Heart_Atrial_Appendage,8.62545
INHA,Thyroid,7.29413
INHA,Pancreas_Islets,7.12694
INHA,Fallopian_Tube,6.16409
INHA,Brain_Cortex,5.87487
GPR55,Cells_EBV-transformed_lymphocytes,22.2514
GPR55,Testis,8.49831
GPR55,Spleen,5.4753
GPR55,Small_Intestine_Terminal_Ileum_Lymphoid_Aggregate,5.07456
GPR55,Small_Intestine_Terminal_Ileum_Mixed_Cell,3.06375
GPR55,Small_Intestine_Terminal_Ileum,3.04683
GPR55,Brain_Nucleus_accumbens_basal_ganglia,1.65674
GPR55,Colon_Transverse_Mucosa,1.44275
GPR55,Whole_Blood,1.26431
GPR55,Colon_Transverse_Mixed_Cell,1.20424
GPR55,Brain_Caudate_basal_ganglia,1.18008
GPR55,Brain_Cortex,0.867376
HTR2B,Cervix_Endocervix,20.6107
HTR2B,Stomach_Muscularis,16.5693
HTR2B,Colon_Transverse_Muscularis,15.875
HTR2B,Uterus,15.8069
HTR2B,Adrenal_Gland,15.1669
HTR2B,Esophagus_Muscularis,9.86895
HTR2B,Colon_Sigmoid,9.36716
HTR2B,Cervix_Ectocervix,7.27798
HTR2B,Esophagus_Gastroesophageal_Junction,5.30953
HTR2B,Thyroid,5.10891
HTR2B,Fallopian_Tube,4.24247
HTR2B,Kidney_Medulla,4.21548
PDE6D,Testis,69.8606
PDE6D,Cells_EBV-transformed_lymphocytes,33.5719
PDE6D,Brain_Spinal_cord_cervical_c-1,32.7099
PDE6D,Brain_Cerebellar_Hemisphere,29.4264
PDE6D,Brain_Cerebellum,28.6196
PDE6D,Pituitary,26.0358
PDE6D,Brain_Hypothalamus,23.8961
PDE6D,Artery_Aorta,23.2388
PDE6D,Small_Intestine_Terminal_Ileum_Lymphoid_Aggregate,23.0289
PDE6D,Uterus,22.8434
PDE6D,Brain_Frontal_Cortex_BA9,22.8377
PDE6D,Brain_Substantia_nigra,22.836
ALPG,Testis,0.641029
ALPG,Lung,0.36511
ALPG,Colon_Transverse_Mucosa,0.155371
ALPG,Colon_Transverse_Mixed_Cell,0.133468
ALPG,Pancreas_Islets,0.133335
ALPG,Small_Intestine_Terminal_Ileum_Mixed_Cell,0.084056
ALPG,Fallopian_Tube,0.061488
ALPG,Cervix_Ectocervix,0.055406
ALPG,Cervix_Endocervix,0.049269
ALPG,Ovary,0.045269
ALPG,Colon_Transverse,0.040959
ALPG,Small_Intestine_Terminal_Ileum,0.027889
ALPI,Small_Intestine_Terminal_Ileum_Mixed_Cell,62.0337
ALPI,Small_Intestine_Terminal_Ileum,32.3617
ALPI,Colon_Transverse_Mucosa,9.09196
ALPI,Colon_Transverse_Mixed_Cell,7.3127
ALPI,Colon_Transverse,1.66397
ALPI,Small_Intestine_Terminal_Ileum_Lymphoid_Aggregate,0.647458
ALPI,Colon_Transverse_Muscularis,0.4379
ALPI,Kidney_Medulla,0.272701
ALPI,Kidney_Cortex,0.14076
ALPI,Testis,0.086403
ALPI,Liver_Hepatocyte,0.017497
ALPI,Liver,0.015287
UGT1A6,Liver_Mixed_Cell,5.41257
UGT1A6,Liver,2.43405
UGT1A6,Kidney_Cortex,2.18401
UGT1A6,Bladder,1.78542
UGT1A6,Liver_Hepatocyte,1.7509
UGT1A6,Stomach_Mixed_Cell,1.53155
UGT1A6,Esophagus_Mucosa,1.46885
UGT1A6,Stomach_Mucosa,1.36368
UGT1A6,Skin_Not_Sun_Exposed_Suprapubic,0.974031
UGT1A6,Testis,0.929044
UGT1A6,Stomach,0.912144
UGT1A6,Skin_Sun_Exposed_Lower_leg,0.908413
UGT1A4,Liver_Mixed_Cell,37.518
UGT1A4,Liver,27.8634
UGT1A4,Liver_Hepatocyte,18.2758
UGT1A4,Liver_Portal_Tract,4.57954
UGT1A4,Small_Intestine_Terminal_Ileum_Mixed_Cell,0.55569
UGT1A4,Small_Intestine_Terminal_Ileum,0.262029
UGT1A4,Colon_Transverse_Mucosa,0.215485
UGT1A4,Stomach_Mixed_Cell,0.166469
UGT1A4,Skin_Sun_Exposed_Lower_leg,0.129845
UGT1A4,Colon_Transverse_Mixed_Cell,0.127746
UGT1A4,Stomach_Mucosa,0.12284
UGT1A4,Skin_Not_Sun_Exposed_Suprapubic,0.111012
UGT1A3,Liver_Mixed_Cell,3.62401
UGT1A3,Liver_Hepatocyte,1.65112
UGT1A3,Liver,1.63071
UGT1A3,Small_Intestine_Terminal_Ileum_Mixed_Cell,0.236128
UGT1A3,Colon_Transverse_Mixed_Cell,0.145515
UGT1A3,Colon_Transverse_Mucosa,0.115194
UGT1A3,Small_Intestine_Terminal_Ileum,0.114579
UGT1A3,Liver_Portal_Tract,0.104403
UGT1A3,Stomach_Mixed_Cell,0.05244
UGT1A3,Bladder,0.030132
UGT1A3,Kidney_Cortex,0.016817
UGT1A1,Liver,22.4253
UGT1A1,Liver_Mixed_Cell,20.087
UGT1A1,Liver_Hepatocyte,11.1274
UGT1A1,Esophagus_Mucosa,4.12934
UGT1A1,Bladder,3.5345
UGT1A1,Colon_Transverse_Mucosa,3.35264
UGT1A1,Small_Intestine_Terminal_Ileum_Mixed_Cell,3.17537
UGT1A1,Small_Intestine_Terminal_Ileum,2.38524
UGT1A1,Liver_Portal_Tract,2.38324
UGT1A1,Kidney_Cortex,2.33463
UGT1A1,Colon_Transverse_Mixed_Cell,2.0803
UGT1A1,Stomach_Mixed_Cell,1.53591
TRPM8,Prostate,14.8731
TRPM8,Liver_Mixed_Cell,11.9515
TRPM8,Liver_Hepatocyte,9.95562
TRPM8,Liver,7.87742
TRPM8,Liver_Portal_Tract,2.1981
TRPM8,Testis,0.721985
TRPM8,Pituitary,0.253907
TRPM8,Brain_Hypothalamus,0.106522
TRPM8,Brain_Caudate_basal_ganglia,0.075634
TRPM8,Brain_Putamen_basal_ganglia,0.067589
TRPM8,Brain_Cerebellum,0.05822
TRPM8,Small_Intestine_Terminal_Ileum_Lymphoid_Aggregate,0.048395
HDAC4,Colon_Sigmoid,50.0112
HDAC4,Colon_Transverse_Muscularis,43.3285
HDAC4,Muscle_Skeletal,30.906
HDAC4,Stomach_Muscularis,27.8071
HDAC4,Esophagus_Muscularis,25.3609
HDAC4,Esophagus_Gastroesophageal_Junction,21.3363
HDAC4,Cervix_Endocervix,19.7237
HDAC4,Uterus,18.9571
HDAC4,Bladder,17.5419
HDAC4,Colon_Transverse,15.6906
HDAC4,Fallopian_Tube,14.8546
HDAC4,Nerve_Tibial,14.2737
GPR35,Colon_Transverse_Mucosa,36.195
GPR35,Colon_Transverse_Mixed_Cell,28.108
GPR35,Small_Intestine_Terminal_Ileum_Mixed_Cell,26.402
GPR35,Small_Intestine_Terminal_Ileum,20.9392
GPR35,Colon_Transverse,18.1354
GPR35,Spleen,9.04573
GPR35,Liver_Portal_Tract,7.64954
GPR35,Fallopian_Tube,7.25877
GPR35,Stomach_Mixed_Cell,7.16721
GPR35,Pituitary,6.85496
GPR35,Colon_Transverse_Muscularis,6.67876
GPR35,Stomach_Mucosa,6.65488
AGXT,Liver,1173.23
AGXT,Liver_Mixed_Cell,792.752
AGXT,Liver_Hepatocyte,742.012
AGXT,Liver_Portal_Tract,189.028
AGXT,Kidney_Cortex,2.33361
AGXT,Spleen,2.15038
AGXT,Colon_Transverse_Mucosa,0.881594
AGXT,Colon_Transverse_Mixed_Cell,0.858922
AGXT,Kidney_Medulla,0.68702
AGXT,Small_Intestine_Terminal_Ileum_Mixed_Cell,0.459602
AGXT,Colon_Transverse,0.389537
AGXT,Adipose_Visceral_Omentum,0.323527
PASK,Testis,36.7582
PASK,Cells_EBV-transformed_lymphocytes,36.4924
PASK,Small_Intestine_Terminal_Ileum_Lymphoid_Aggregate,31.0842
PASK,Thyroid,14.0472
PASK,Prostate,13.495
PASK,Brain_Caudate_basal_ganglia,13.3886
PASK,Small_Intestine_Terminal_Ileum_Mixed_Cell,13.274
PASK,Brain_Nucleus_accumbens_basal_ganglia,12.8568
PASK,Brain_Cerebellum,11.8757
PASK,Brain_Cerebellar_Hemisphere,10.6119
PASK,Pituitary,10.1614
PASK,Spleen,9.34791
ATG4B,Brain_Cerebellum,112.959
ATG4B,Brain_Cerebellar_Hemisphere,102.825
ATG4B,Testis,91.6453
ATG4B,Prostate,89.1357
ATG4B,Cervix_Endocervix,81.2699
ATG4B,Thyroid,80.4889
ATG4B,Pituitary,80.0834
ATG4B,Small_Intestine_Terminal_Ileum_Lymphoid_Aggregate,79.882
ATG4B,Uterus,78.4896
ATG4B,Fallopian_Tube,72.6242
ATG4B,Nerve_Tibial,72.2831
ATG4B,Ovary,70.9197
DTYMK,Cells_EBV-transformed_lymphocytes,63.9292
DTYMK,Cells_Cultured_fibroblasts,52.7717
DTYMK,Small_Intestine_Terminal_Ileum_Mixed_Cell,33.0897
DTYMK,Small_Intestine_Terminal_Ileum_Lymphoid_Aggregate,32.9923
DTYMK,Spleen,27.5047
DTYMK,Colon_Transverse_Mixed_Cell,25.8588
DTYMK,Cervix_Endocervix,24.4644
DTYMK,Uterus,24.1123
DTYMK,Brain_Cerebellar_Hemisphere,23.7311
DTYMK,Esophagus_Mucosa,23.3213
DTYMK,Cervix_Ectocervix,22.632
DTYMK,Brain_Cerebellum,22.5806
CRBN,Testis,32.4278
CRBN,Artery_Tibial,31.4357
CRBN,Nerve_Tibial,27.2427
CRBN,Adipose_Subcutaneous,25.7709
CRBN,Uterus,25.1524
CRBN,Ovary,25.0239
CRBN,Bladder,23.7652
CRBN,Fallopian_Tube,23.4727
CRBN,Cervix_Endocervix,23.1934
CRBN,Artery_Coronary,22.9312
CRBN,Breast_Mammary_Tissue,22.3327
CRBN,Brain_Cerebellar_Hemisphere,21.8946
ITPR1,Artery_Tibial,57.7293
ITPR1,Brain_Cerebellum,46.9937
ITPR1,Artery_Coronary,41.4856
ITPR1,Artery_Aorta,37.4481
ITPR1,Fallopian_Tube,32.5464
ITPR1,Uterus,31.0131
ITPR1,Esophagus_Muscularis,28.4208
ITPR1,Esophagus_Gastroesophageal_Junction,27.7288
ITPR1,Ovary,27.5843
ITPR1,Bladder,24.9021
ITPR1,Thyroid,23.9525
ITPR1,Brain_Frontal_Cortex_BA9,22.1269
GRM7,Brain_Frontal_Cortex_BA9,4.64969
GRM7,Brain_Hypothalamus,3.73073
GRM7,Brain_Cortex,3.03086
GRM7,Brain_Nucleus_accumbens_basal_ganglia,2.74734
GRM7,Brain_Anterior_cingulate_cortex_BA24,2.54232
GRM7,Brain_Hippocampus,2.13489
GRM7,Testis,1.61914
GRM7,Brain_Amygdala,1.61622
GRM7,Brain_Caudate_basal_ganglia,1.43553
GRM7,Brain_Putamen_basal_ganglia,0.990858
GRM7,Brain_Cerebellum,0.873963
GRM7,Brain_Substantia_nigra,0.647314
OXTR,Cells_EBV-transformed_lymphocytes,13.1821
OXTR,Breast_Mammary_Tissue,11.4394
OXTR,Brain_Substantia_nigra,6.36605
OXTR,Brain_Nucleus_accumbens_basal_ganglia,6.2343
OXTR,Brain_Hypothalamus,4.65099
OXTR,Brain_Anterior_cingulate_cortex_BA24,3.0737
OXTR,Brain_Spinal_cord_cervical_c-1,2.79702
OXTR,Brain_Caudate_basal_ganglia,2.76609
OXTR,Brain_Putamen_basal_ganglia,2.48014
OXTR,Cells_Cultured_fibroblasts,2.27273
OXTR,Brain_Cortex,2.04513
OXTR,Brain_Frontal_Cortex_BA9,2.02228
CAMK1,Adrenal_Gland,127.513
CAMK1,Fallopian_Tube,97.5761
CAMK1,Ovary,81.415
CAMK1,Adipose_Visceral_Omentum,81.1969
CAMK1,Brain_Frontal_Cortex_BA9,80.9993
CAMK1,Uterus,78.6499
CAMK1,Stomach_Muscularis,77.6447
CAMK1,Artery_Tibial,76.4476
CAMK1,Brain_Cortex,74.2046
CAMK1,Artery_Aorta,74.1358
CAMK1,Brain_Nucleus_accumbens_basal_ganglia,72.8018
CAMK1,Artery_Coronary,72.203
SLC6A11,Brain_Substantia_nigra,44.1945
SLC6A11,Brain_Hypothalamus,35.3595
SLC6A11,Brain_Cortex,18.9271
SLC6A11,Brain_Anterior_cingulate_cortex_BA24,17.1384
SLC6A11,Brain_Nucleus_accumbens_basal_ganglia,16.8612
SLC6A11,Brain_Frontal_Cortex_BA9,15.9753
SLC6A11,Brain_Amygdala,9.26392
SLC6A11,Esophagus_Mucosa,8.91877
SLC6A11,Brain_Caudate_basal_ganglia,6.41922
SLC6A11,Skin_Not_Sun_Exposed_Suprapubic,5.4309
SLC6A11,Brain_Hippocampus,5.10949
SLC6A11,Brain_Cerebellum,4.85407
SLC6A1,Brain_Anterior_cingulate_cortex_BA24,63.2948
SLC6A1,Brain_Frontal_Cortex_BA9,63.2485
SLC6A1,Brain_Cortex,56.6864
SLC6A1,Brain_Caudate_basal_ganglia,51.9798
SLC6A1,Brain_Nucleus_accumbens_basal_ganglia,45.8581
SLC6A1,Brain_Amygdala,45.0246
SLC6A1,Brain_Putamen_basal_ganglia,44.4617
SLC6A1,Brain_Cerebellum,42.6889
SLC6A1,Brain_Substantia_nigra,36.8326
SLC6A1,Brain_Hippocampus,33.4476
SLC6A1,Brain_Hypothalamus,32.9253
SLC6A1,Brain_Cerebellar_Hemisphere,32.6874
HRH1,Artery_Aorta,19.5495
HRH1,Nerve_Tibial,14.1225
HRH1,Cells_Cultured_fibroblasts,13.2302
HRH1,Artery_Tibial,11.0815
HRH1,Artery_Coronary,8.55473
HRH1,Vagina,8.20846
HRH1,Adipose_Subcutaneous,7.96858
HRH1,Fallopian_Tube,7.2574
HRH1,Cervix_Endocervix,6.66614
HRH1,Cervix_Ectocervix,6.14335
HRH1,Skin_Sun_Exposed_Lower_leg,5.87531
HRH1,Lung,5.79263
PPARG,Adipose_Subcutaneous,63.8027
PPARG,Adipose_Visceral_Omentum,58.7132
PPARG,Breast_Mammary_Tissue,43.6392
PPARG,Colon_Transverse_Mucosa,27.85
PPARG,Colon_Transverse_Mixed_Cell,26.7598
PPARG,Cells_Cultured_fibroblasts,12.9
PPARG,Colon_Transverse,12.6816
PPARG,Bladder,12.6095
PPARG,Lung,11.5921
PPARG,Thyroid,10.9115
PPARG,Ovary,10.5394
PPARG,Stomach_Mixed_Cell,8.22351
HDAC11,Testis,90.7286
HDAC11,Brain_Putamen_basal_ganglia,48.6817
HDAC11,Brain_Spinal_cord_cervical_c-1,48.2226
HDAC11,Brain_Caudate_basal_ganglia,46.5403
HDAC11,Brain_Substantia_nigra,42.9149
HDAC11,Brain_Frontal_Cortex_BA9,42.2117
HDAC11,Brain_Amygdala,41.6044
HDAC11,Nerve_Tibial,40.1438
HDAC11,Brain_Nucleus_accumbens_basal_ganglia,39.7769
HDAC11,Brain_Hypothalamus,39.6856
HDAC11,Brain_Hippocampus,39.1348
HDAC11,Brain_Cortex,39.1185
SLC6A6,Whole_Blood,142.727
SLC6A6,Ovary,103.263
SLC6A6,Spleen,58.5527
SLC6A6,Lung,55.6766
SLC6A6,Adrenal_Gland,43.4372
SLC6A6,Skin_Sun_Exposed_Lower_leg,37.1473
SLC6A6,Small_Intestine_Terminal_Ileum,34.9691
SLC6A6,Small_Intestine_Terminal_Ileum_Lymphoid_Aggregate,33.5197
SLC6A6,Uterus,32.0292
SLC6A6,Skin_Not_Sun_Exposed_Suprapubic,31.5195
SLC6A6,Minor_Salivary_Gland,30.0916
SLC6A6,Small_Intestine_Terminal_Ileum_Mixed_Cell,28.0762
KAT2B,Nerve_Tibial,61.9844
KAT2B,Small_Intestine_Terminal_Ileum_Lymphoid_Aggregate,46.5755
KAT2B,Brain_Spinal_cord_cervical_c-1,44.3494
KAT2B,Brain_Amygdala,41.8011
KAT2B,Brain_Substantia_nigra,40.921
KAT2B,Brain_Cerebellum,40.8278
KAT2B,Artery_Tibial,37.9756
KAT2B,Brain_Cerebellar_Hemisphere,37.0375
KAT2B,Artery_Aorta,36.78
KAT2B,Vagina,36.4081
KAT2B,Ovary,36.2772
KAT2B,Thyroid,34.9059
THRB,Artery_Aorta,35.4825
THRB,Brain_Frontal_Cortex_BA9,22.1393
THRB,Artery_Tibial,21.7187
THRB,Pituitary,21.0392
THRB,Brain_Cortex,15.9098
THRB,Colon_Sigmoid,14.1071
THRB,Artery_Coronary,14.0999
THRB,Esophagus_Gastroesophageal_Junction,12.6494
THRB,Esophagus_Muscularis,12.5364
THRB,Brain_Anterior_cingulate_cortex_BA24,12.301
THRB,Stomach_Muscularis,11.565
THRB,Bladder,10.4992
RARB,Esophagus_Muscularis,10.5275
RARB,Kidney_Medulla,6.95554
RARB,Cervix_Endocervix,6.80555
RARB,Prostate,6.54016
RARB,Nerve_Tibial,6.42137
RARB,Uterus,6.4179
RARB,Thyroid,6.26359
RARB,Liver_Portal_Tract,6.11576
RARB,Brain_Nucleus_accumbens_basal_ganglia,6.1076
RARB,Cervix_Ectocervix,5.68448
RARB,Esophagus_Gastroesophageal_Junction,5.6597
RARB,Pituitary,5.33787
TOP2B,Brain_Cerebellar_Hemisphere,106.866
TOP2B,Brain_Cerebellum,85.6122
TOP2B,Cells_EBV-transformed_lymphocytes,78.784
TOP2B,Cervix_Endocervix,77.1077
TOP2B,Uterus,76.4795
TOP2B,Ovary,71.9955
TOP2B,Small_Intestine_Terminal_Ileum_Lymphoid_Aggregate,68.2352
TOP2B,Nerve_Tibial,67.0198
TOP2B,Artery_Tibial,65.4948
TOP2B,Bladder,64.0423
TOP2B,Cells_Cultured_fibroblasts,63.4195
TOP2B,Fallopian_Tube,63.3785
CCR4,Small_Intestine_Terminal_Ileum_Lymphoid_Aggregate,20.7395
CCR4,Liver_Portal_Tract,12.7663
CCR4,Small_Intestine_Terminal_Ileum_Mixed_Cell,6.62108
CCR4,Spleen,4.02877
CCR4,Whole_Blood,3.9838
CCR4,Lung,3.38324
CCR4,Testis,2.38702
CCR4,Small_Intestine_Terminal_Ileum,1.5385
CCR4,Colon_Transverse_Mucosa,0.734639
CCR4,Colon_Transverse_Mixed_Cell,0.713969
CCR4,Skin_Not_Sun_Exposed_Suprapubic,0.654767
CCR4,Cervix_Ectocervix,0.645268
GLB1,Cells_Cultured_fibroblasts,72.4864
GLB1,Thyroid,48.1249
GLB1,Adrenal_Gland,43.0684
GLB1,Lung,38.8236
GLB1,Cervix_Endocervix,38.3874
GLB1,Pancreas_Islets,35.4352
GLB1,Spleen,34.8694
GLB1,Ovary,34.0353
GLB1,Small_Intestine_Terminal_Ileum_Mixed_Cell,33.6977
GLB1,Colon_Transverse_Mixed_Cell,33.6661
GLB1,Kidney_Medulla,33.6219
GLB1,Uterus,33.4945
SCN5A,Heart_Atrial_Appendage,35.8524
SCN5A,Heart_Left_Ventricle,35.807
SCN5A,Cervix_Endocervix,3.92794
SCN5A,Nerve_Tibial,3.02143
SCN5A,Cervix_Ectocervix,2.36133
SCN5A,Artery_Aorta,1.98826
SCN5A,Vagina,1.87261
SCN5A,Ovary,1.59716
SCN5A,Bladder,1.18365
SCN5A,Prostate,1.01229
SCN5A,Uterus,0.920668
SCN5A,Artery_Tibial,0.831339
SCN10A,Testis,0.459287
SCN10A,Heart_Atrial_Appendage,0.065956
SCN10A,Artery_Aorta,0.065492
SCN10A,Heart_Left_Ventricle,0.04402
SCN10A,Artery_Coronary,0.023102
SCN10A,Artery_Tibial,0.017813
SCN10A,Small_Intestine_Terminal_Ileum_Lymphoid_Aggregate,0.016141
SCN10A,Spleen,0.014527
SCN10A,Liver_Portal_Tract,0.01389
SCN10A,Brain_Frontal_Cortex_BA9,0.010462
SCN10A,Brain_Cortex,0.009841
SCN10A,Colon_Transverse_Muscularis,0.006674
CCR8,Cells_EBV-transformed_lymphocytes,3.18106
CCR8,Small_Intestine_Terminal_Ileum_Lymphoid_Aggregate,0.485204
CCR8,Small_Intestine_Terminal_Ileum_Mixed_Cell,0.298361
CCR8,Spleen,0.244756
CCR8,Lung,0.138692
CCR8,Skin_Not_Sun_Exposed_Suprapubic,0.109368
CCR8,Whole_Blood,0.108259
CCR8,Small_Intestine_Terminal_Ileum,0.094805
CCR8,Skin_Sun_Exposed_Lower_leg,0.067976
CCR8,Colon_Transverse_Mucosa,0.059861
CCR8,Minor_Salivary_Gland,0.043694
CCR8,Esophagus_Mucosa,0.042676
RPSA,Cells_EBV-transformed_lymphocytes,1290.64
RPSA,Small_Intestine_Terminal_Ileum_Lymphoid_Aggregate,1248.24
RPSA,Cells_Cultured_fibroblasts,1196.24
RPSA,Ovary,1029.95
RPSA,Small_Intestine_Terminal_Ileum_Mixed_Cell,751.847
RPSA,Fallopian_Tube,634.887
RPSA,Uterus,612.222
RPSA,Cervix_Endocervix,602.804
RPSA,Spleen,599.452
RPSA,Esophagus_Mucosa,579.569
RPSA,Vagina,561.972
RPSA,Cervix_Ectocervix,556.455
CTNNB1,Cervix_Endocervix,177.918
CTNNB1,Artery_Tibial,168.364
CTNNB1,Ovary,145.388
CTNNB1,Brain_Cerebellar_Hemisphere,140.509
CTNNB1,Uterus,136.494
CTNNB1,Nerve_Tibial,133.787
CTNNB1,Lung,121.627
CTNNB1,Thyroid,120.788
CTNNB1,Cells_Cultured_fibroblasts,119.493
CTNNB1,Cervix_Ectocervix,118.628
CTNNB1,Fallopian_Tube,117.626
CTNNB1,Brain_Cerebellum,117.397
CYP8B1,Liver_Mixed_Cell,231.974
CYP8B1,Liver_Hepatocyte,229.604
CYP8B1,Liver,182.705
CYP8B1,Liver_Portal_Tract,40.4163
CYP8B1,Kidney_Cortex,2.86851
CYP8B1,Nerve_Tibial,1.69281
CYP8B1,Thyroid,0.681463
CYP8B1,Kidney_Medulla,0.664744
CYP8B1,Adipose_Subcutaneous,0.504675
CYP8B1,Artery_Coronary,0.46298
CYP8B1,Adipose_Visceral_Omentum,0.374244
CYP8B1,Lung,0.36482
CCR3,Whole_Blood,7.58565
CCR3,Spleen,1.46498
CCR3,Lung,0.493173
CCR3,Skin_Sun_Exposed_Lower_leg,0.372168
CCR3,Liver_Portal_Tract,0.353177
CCR3,Skin_Not_Sun_Exposed_Suprapubic,0.311209
CCR3,Thyroid,0.277375
CCR3,Small_Intestine_Terminal_Ileum_Mixed_Cell,0.188537
CCR3,Muscle_Skeletal,0.167997
CCR3,Small_Intestine_Terminal_Ileum,0.167778
CCR3,Small_Intestine_Terminal_Ileum_Lymphoid_Aggregate,0.149512
CCR3,Colon_Transverse_Mixed_Cell,0.120873
CCR1,Whole_Blood,73.4999
CCR1,Spleen,43.7861
CCR1,Lung,16.7761
CCR1,Liver_Portal_Tract,14.6395
CCR1,Adipose_Visceral_Omentum,10.4284
CCR1,Small_Intestine_Terminal_Ileum_Lymphoid_Aggregate,9.15543
CCR1,Adipose_Subcutaneous,8.54174
CCR1,Small_Intestine_Terminal_Ileum_Mixed_Cell,7.45268
CCR1,Artery_Coronary,6.8993
CCR1,Cells_EBV-transformed_lymphocytes,6.75533
CCR1,Small_Intestine_Terminal_Ileum,5.78235
CCR1,Adrenal_Gland,5.7053
CCR2,Spleen,21.6875
CCR2,Whole_Blood,19.8784
CCR2,Liver_Portal_Tract,18.4487
CCR2,Small_Intestine_Terminal_Ileum_Lymphoid_Aggregate,13.8208
CCR2,Small_Intestine_Terminal_Ileum_Mixed_Cell,5.74107
CCR2,Lung,4.55887
CCR2,Small_Intestine_Terminal_Ileum,4.39179
CCR2,Minor_Salivary_Gland,2.49796
CCR2,Colon_Transverse_Mixed_Cell,2.35032
CCR2,Colon_Transverse_Mucosa,2.15524
CCR2,Colon_Transverse,1.994
CCR2,Cervix_Endocervix,1.77527
CCR5,Liver_Portal_Tract,22.6315
CCR5,Spleen,10.9421
CCR5,Small_Intestine_Terminal_Ileum_Lymphoid_Aggregate,10.593
CCR5,Lung,5.13836
CCR5,Small_Intestine_Terminal_Ileum_Mixed_Cell,4.79294
CCR5,Small_Intestine_Terminal_Ileum,4.78785
CCR5,Whole_Blood,4.55924
CCR5,Colon_Transverse_Mixed_Cell,2.16113
CCR5,Colon_Transverse_Mucosa,1.75698
CCR5,Stomach_Mixed_Cell,1.75293
CCR5,Cervix_Ectocervix,1.68912
CCR5,Colon_Transverse,1.597
CDC25A,Testis,22.0512
CDC25A,Cells_EBV-transformed_lymphocytes,21.3947
CDC25A,Cells_Cultured_fibroblasts,4.22665
CDC25A,Colon_Transverse_Mucosa,3.15541
CDC25A,Colon_Transverse_Mixed_Cell,3.11914
CDC25A,Small_Intestine_Terminal_Ileum_Mixed_Cell,3.07128
CDC25A,Spleen,2.88818
CDC25A,Small_Intestine_Terminal_Ileum_Lymphoid_Aggregate,2.86732
CDC25A,Esophagus_Mucosa,2.84936
CDC25A,Ovary,2.22164
CDC25A,Thyroid,1.57085
CDC25A,Colon_Transverse,1.53858
PFKFB4,Whole_Blood,62.8007
PFKFB4,Testis,43.9935
PFKFB4,Cells_EBV-transformed_lymphocytes,41.1739
PFKFB4,Spleen,14.5255
PFKFB4,Pancreas_Islets,11.9233
PFKFB4,Small_Intestine_Terminal_Ileum_Mixed_Cell,11.6882
PFKFB4,Brain_Cerebellum,9.37829
PFKFB4,Brain_Cerebellar_Hemisphere,8.98618
PFKFB4,Small_Intestine_Terminal_Ileum,8.61675
PFKFB4,Pituitary,7.76172
PFKFB4,Pancreas_Acini,7.6122
PFKFB4,Lung,6.68293
IP6K2,Nerve_Tibial,99.7202
IP6K2,Brain_Cerebellum,95.6678
IP6K2,Brain_Cerebellar_Hemisphere,95.6506
IP6K2,Uterus,79.712
IP6K2,Cervix_Endocervix,76.1554
IP6K2,Pituitary,73.9365
IP6K2,Thyroid,73.2751
IP6K2,Colon_Transverse_Mucosa,72.4536
IP6K2,Skin_Sun_Exposed_Lower_leg,72.4086
IP6K2,Prostate,71.3887
IP6K2,Skin_Not_Sun_Exposed_Suprapubic,70.7056
IP6K2,Ovary,69.2133
SLC25A20,Liver_Mixed_Cell,116.058
SLC25A20,Liver_Hepatocyte,89.0071
SLC25A20,Liver,76.0667
SLC25A20,Small_Intestine_Terminal_Ileum_Mixed_Cell,71.773
SLC25A20,Colon_Transverse_Mixed_Cell,55.4464
SLC25A20,Muscle_Skeletal,53.7318
SLC25A20,Adrenal_Gland,49.6244
SLC25A20,Colon_Transverse_Mucosa,48.3928
SLC25A20,Spleen,46.4952
SLC25A20,Heart_Left_Ventricle,43.2556
SLC25A20,Small_Intestine_Terminal_Ileum,43.1249
SLC25A20,Liver_Portal_Tract,41.8575
P4HTM,Pituitary,96.743
P4HTM,Brain_Cerebellum,67.4103
P4HTM,Brain_Cerebellar_Hemisphere,64.8087
P4HTM,Pancreas_Islets,60.7242
P4HTM,Thyroid,47.8386
P4HTM,Brain_Frontal_Cortex_BA9,46.022
P4HTM,Brain_Cortex,45.762
P4HTM,Brain_Nucleus_accumbens_basal_ganglia,37.2709
P4HTM,Nerve_Tibial,36.7481
P4HTM,Cervix_Endocervix,35.6716
P4HTM,Fallopian_Tube,35.6599
P4HTM,Small_Intestine_Terminal_Ileum_Lymphoid_Aggregate,35.2607
IMPDH2,Ovary,685.903
IMPDH2,Cells_Cultured_fibroblasts,494.94
IMPDH2,Cells_EBV-transformed_lymphocytes,401.316
IMPDH2,Cervix_Endocervix,369.164
IMPDH2,Uterus,323.393
IMPDH2,Fallopian_Tube,309.982
IMPDH2,Cervix_Ectocervix,293.089
IMPDH2,Skin_Sun_Exposed_Lower_leg,289.619
IMPDH2,Skin_Not_Sun_Exposed_Suprapubic,283.99
IMPDH2,Vagina,273.443
IMPDH2,Pancreas_Mixed_Cell,234.797
IMPDH2,Esophagus_Mucosa,234.483
QARS1,Cells_EBV-transformed_lymphocytes,170.204
QARS1,Small_Intestine_Terminal_Ileum_Lymphoid_Aggregate,153.301
QARS1,Skin_Sun_Exposed_Lower_leg,146.399
QARS1,Colon_Transverse_Mucosa,140.164
QARS1,Esophagus_Mucosa,138.332
QARS1,Cells_Cultured_fibroblasts,137.492
QARS1,Colon_Transverse_Mixed_Cell,134.754
QARS1,Skin_Not_Sun_Exposed_Suprapubic,134.062
QARS1,Ovary,130.296
QARS1,Thyroid,124.445
QARS1,Spleen,122.823
QARS1,Minor_Salivary_Gland,121.645
USP4,Whole_Blood,49.6256
USP4,Cells_EBV-transformed_lymphocytes,46.3759
USP4,Small_Intestine_Terminal_Ileum_Lymphoid_Aggregate,40.0235
USP4,Nerve_Tibial,39.983
USP4,Spleen,39.7051
USP4,Uterus,39.6803
USP4,Lung,39.2616
USP4,Brain_Cerebellum,39.1474
USP4,Brain_Cerebellar_Hemisphere,39.0852
USP4,Cervix_Endocervix,37.3836
USP4,Fallopian_Tube,35.8501
USP4,Cervix_Ectocervix,35.1333
RHOA,Artery_Tibial,546.07
RHOA,Artery_Aorta,458.812
RHOA,Whole_Blood,445.903
RHOA,Artery_Coronary,442.015
RHOA,Cells_Cultured_fibroblasts,412.859
RHOA,Nerve_Tibial,409.885
RHOA,Adipose_Subcutaneous,383.338
RHOA,Lung,381.291
RHOA,Cells_EBV-transformed_lymphocytes,346.015
RHOA,Uterus,315.764
RHOA,Breast_Mammary_Tissue,306.742
RHOA,Adipose_Visceral_Omentum,304.187
IP6K1,Brain_Cerebellum,87.8737
IP6K1,Brain_Cerebellar_Hemisphere,82.2015
IP6K1,Testis,63.6058
IP6K1,Brain_Cortex,58.6862
IP6K1,Uterus,55.4811
IP6K1,Cervix_Endocervix,52.095
IP6K1,Brain_Frontal_Cortex_BA9,50.5122
IP6K1,Ovary,48.3772
IP6K1,Fallopian_Tube,44.7215
IP6K1,Nerve_Tibial,43.7056
IP6K1,Colon_Sigmoid,41.2034
IP6K1,Pituitary,40.0361
MST1R,Colon_Transverse_Mucosa,41.7609
MST1R,Colon_Transverse_Mixed_Cell,40.4969
MST1R,Skin_Sun_Exposed_Lower_leg,35.4062
MST1R,Stomach_Mixed_Cell,33.7736
MST1R,Skin_Not_Sun_Exposed_Suprapubic,33.351
MST1R,Stomach_Mucosa,29.5137
MST1R,Liver_Portal_Tract,27.014
MST1R,Stomach,25.3469
MST1R,Colon_Transverse,23.0929
MST1R,Small_Intestine_Terminal_Ileum_Mixed_Cell,22.1813
MST1R,Small_Intestine_Terminal_Ileum,20.7566
MST1R,Esophagus_Mucosa,14.5789
CACNA2D2,Brain_Cerebellum,39.6692
CACNA2D2,Lung,32.1891
CACNA2D2,Brain_Cerebellar_Hemisphere,30.9961
CACNA2D2,Pancreas_Islets,30.8935
CACNA2D2,Pituitary,16.0528
CACNA2D2,Brain_Hypothalamus,15.9012
CACNA2D2,Testis,14.0785
CACNA2D2,Brain_Nucleus_accumbens_basal_ganglia,11.2408
CACNA2D2,Brain_Caudate_basal_ganglia,8.50641
CACNA2D2,Heart_Atrial_Appendage,8.08116
CACNA2D2,Brain_Frontal_Cortex_BA9,7.04652
CACNA2D2,Brain_Cortex,6.95783
MAPKAPK3,Heart_Left_Ventricle,122.87
MAPKAPK3,Muscle_Skeletal,103.435
MAPKAPK3,Heart_Atrial_Appendage,76.6141
MAPKAPK3,Whole_Blood,67.2607
MAPKAPK3,Thyroid,58.8394
MAPKAPK3,Skin_Sun_Exposed_Lower_leg,58.2406
MAPKAPK3,Skin_Not_Sun_Exposed_Suprapubic,56.343
MAPKAPK3,Esophagus_Mucosa,47.6135
MAPKAPK3,Adrenal_Gland,42.3371
MAPKAPK3,Cells_Cultured_fibroblasts,41.5848
MAPKAPK3,Kidney_Medulla,37.3028
MAPKAPK3,Lung,36.4657
GRM2,Testis,20.6844
GRM2,Brain_Cortex,14.3124
GRM2,Brain_Frontal_Cortex_BA9,11.8987
GRM2,Brain_Anterior_cingulate_cortex_BA24,6.28862
GRM2,Brain_Cerebellum,6.28671
GRM2,Brain_Cerebellar_Hemisphere,4.67318
GRM2,Brain_Hypothalamus,3.28617
GRM2,Liver_Portal_Tract,2.35837
GRM2,Brain_Hippocampus,2.15111
GRM2,Skin_Sun_Exposed_Lower_leg,2.14298
GRM2,Brain_Amygdala,2.04772
GRM2,Nerve_Tibial,1.80711
TLR9,Small_Intestine_Terminal_Ileum_Lymphoid_Aggregate,18.3469
TLR9,Cells_EBV-transformed_lymphocytes,16.4803
TLR9,Spleen,10.4296
TLR9,Whole_Blood,9.3835
TLR9,Brain_Cerebellum,6.58834
TLR9,Brain_Cerebellar_Hemisphere,5.76217
TLR9,Small_Intestine_Terminal_Ileum_Mixed_Cell,5.61101
TLR9,Ovary,3.75978
TLR9,Cervix_Endocervix,3.32779
TLR9,Small_Intestine_Terminal_Ileum,3.27809
TLR9,Fallopian_Tube,2.73779
TLR9,Uterus,2.704
NISCH,Brain_Cerebellum,385.673
NISCH,Brain_Cerebellar_Hemisphere,305.085
NISCH,Pancreas_Islets,296.05
NISCH,Pituitary,250.137
NISCH,Cervix_Endocervix,174.9
NISCH,Nerve_Tibial,163.758
NISCH,Prostate,162.427
NISCH,Ovary,152.108
NISCH,Testis,147.062
NISCH,Uterus,138.911
NISCH,Fallopian_Tube,134.175
NISCH,Cervix_Ectocervix,115.865
NEK4,Testis,41.7905
NEK4,Ovary,19.0414
NEK4,Cells_Cultured_fibroblasts,17.6266
NEK4,Cells_EBV-transformed_lymphocytes,17.3292
NEK4,Uterus,16.4222
NEK4,Thyroid,16.3691
NEK4,Cervix_Endocervix,15.8001
NEK4,Brain_Cerebellar_Hemisphere,15.7975
NEK4,Pituitary,15.1324
NEK4,Nerve_Tibial,14.1918
NEK4,Brain_Cerebellum,14.0141
NEK4,Fallopian_Tube,13.7881
PRKCD,Whole_Blood,176.305
PRKCD,Cells_EBV-transformed_lymphocytes,99.4503
PRKCD,Spleen,80.435
PRKCD,Thyroid,75.8216
PRKCD,Lung,69.5631
PRKCD,Adrenal_Gland,62.6222
PRKCD,Prostate,50.4515
PRKCD,Colon_Transverse_Mixed_Cell,48.4501
PRKCD,Colon_Transverse_Mucosa,48.3634
PRKCD,Liver_Portal_Tract,48.1164
PRKCD,Small_Intestine_Terminal_Ileum,47.7975
PRKCD,Stomach_Mixed_Cell,46.0114
TKT,Whole_Blood,767.847
TKT,Cells_Cultured_fibroblasts,264.861
TKT,Esophagus_Mucosa,241.525
TKT,Thyroid,231.373
TKT,Bladder,226.216
TKT,Cells_EBV-transformed_lymphocytes,222.974
TKT,Lung,193.812
TKT,Spleen,191.062
TKT,Ovary,151.145
TKT,Adrenal_Gland,146.013
TKT,Vagina,141.872
TKT,Adipose_Visceral_Omentum,140.409
FHIT,Adrenal_Gland,7.36416
FHIT,Thyroid,7.07549
FHIT,Liver_Portal_Tract,6.57847
FHIT,Kidney_Medulla,5.8036
FHIT,Brain_Spinal_cord_cervical_c-1,5.2977
FHIT,Small_Intestine_Terminal_Ileum_Lymphoid_Aggregate,5.08197
FHIT,Kidney_Cortex,4.74776
FHIT,Brain_Substantia_nigra,4.161
FHIT,Pituitary,4.07736
FHIT,Brain_Frontal_Cortex_BA9,3.90178
FHIT,Ovary,3.80073
FHIT,Minor_Salivary_Gland,3.52029
GPR27,Brain_Nucleus_accumbens_basal_ganglia,52.0855
GPR27,Brain_Spinal_cord_cervical_c-1,46.6168
GPR27,Brain_Caudate_basal_ganglia,36.2462
GPR27,Brain_Hypothalamus,30.1045
GPR27,Brain_Amygdala,28.0004
GPR27,Brain_Frontal_Cortex_BA9,27.4838
GPR27,Brain_Anterior_cingulate_cortex_BA24,26.298
GPR27,Brain_Hippocampus,24.6449
GPR27,Brain_Putamen_basal_ganglia,24.1512
GPR27,Brain_Cortex,21.6483
GPR27,Brain_Substantia_nigra,21.3415
GPR27,Brain_Cerebellar_Hemisphere,16.0732
HTR1F,Pancreas_Islets,1.95178
HTR1F,Adipose_Subcutaneous,1.29572
HTR1F,Cervix_Endocervix,0.968237
HTR1F,Breast_Mammary_Tissue,0.744524
HTR1F,Pituitary,0.70594
HTR1F,Adipose_Visceral_Omentum,0.685391
HTR1F,Nerve_Tibial,0.684076
HTR1F,Uterus,0.675924
HTR1F,Thyroid,0.520411
HTR1F,Kidney_Medulla,0.484196
HTR1F,Lung,0.476506
HTR1F,Fallopian_Tube,0.439753
GABRR3,Testis,0.292977
GABRR3,Liver_Mixed_Cell,0.011622
GABRR3,Liver_Portal_Tract,0.006014
SENP7,Ovary,36.286
SENP7,Uterus,33.4751
SENP7,Nerve_Tibial,33.3447
SENP7,Cervix_Endocervix,30.8174
SENP7,Small_Intestine_Terminal_Ileum_Lymphoid_Aggregate,27.8003
SENP7,Fallopian_Tube,27.1137
SENP7,Liver_Portal_Tract,22.932
SENP7,Artery_Tibial,21.7074
SENP7,Thyroid,21.4846
SENP7,Brain_Cerebellum,21.242
SENP7,Adipose_Subcutaneous,20.5193
SENP7,Brain_Cerebellar_Hemisphere,20.3856
NAA50,Cells_Cultured_fibroblasts,70.3218
NAA50,Muscle_Skeletal,67.3608
NAA50,Esophagus_Mucosa,46.7807
NAA50,Cells_EBV-transformed_lymphocytes,45.5118
NAA50,Vagina,41.303
NAA50,Small_Intestine_Terminal_Ileum_Lymphoid_Aggregate,40.7227
NAA50,Adipose_Visceral_Omentum,39.6026
NAA50,Adipose_Subcutaneous,38.5296
NAA50,Lung,37.7983
NAA50,Liver_Portal_Tract,37.409
NAA50,Breast_Mammary_Tissue,36.9571
NAA50,Ovary,36.7994
DRD3,Brain_Nucleus_accumbens_basal_ganglia,5.51629
DRD3,Brain_Caudate_basal_ganglia,1.11987
DRD3,Testis,0.985581
DRD3,Brain_Putamen_basal_ganglia,0.872349
DRD3,Small_Intestine_Terminal_Ileum_Lymphoid_Aggregate,0.129066
DRD3,Brain_Hypothalamus,0.123699
DRD3,Spleen,0.054579
DRD3,Liver_Portal_Tract,0.044346
DRD3,Small_Intestine_Terminal_Ileum_Mixed_Cell,0.037233
DRD3,Brain_Frontal_Cortex_BA9,0.035098
DRD3,Brain_Anterior_cingulate_cortex_BA24,0.03305
DRD3,Brain_Cortex,0.029985
NR1I2,Liver,45.2842
NR1I2,Liver_Hepatocyte,44.1291
NR1I2,Liver_Mixed_Cell,35.8325
NR1I2,Colon_Transverse_Mucosa,32.393
NR1I2,Small_Intestine_Terminal_Ileum_Mixed_Cell,26.9522
NR1I2,Colon_Transverse_Mixed_Cell,25.23
NR1I2,Small_Intestine_Terminal_Ileum,21.9657
NR1I2,Colon_Transverse,11.6816
NR1I2,Liver_Portal_Tract,4.9815
NR1I2,Colon_Transverse_Muscularis,2.25341
NR1I2,Cells_EBV-transformed_lymphocytes,1.78805
NR1I2,Small_Intestine_Terminal_Ileum_Lymphoid_Aggregate,1.13078
GSK3B,Brain_Cerebellar_Hemisphere,17.2374
GSK3B,Cells_EBV-transformed_lymphocytes,15.4476
GSK3B,Cells_Cultured_fibroblasts,13.3785
GSK3B,Brain_Cerebellum,12.9019
GSK3B,Testis,11.9196
GSK3B,Skin_Not_Sun_Exposed_Suprapubic,11.4794
GSK3B,Skin_Sun_Exposed_Lower_leg,11.3715
GSK3B,Brain_Frontal_Cortex_BA9,11.1428
GSK3B,Lung,10.3645
GSK3B,Uterus,9.66816
GSK3B,Minor_Salivary_Gland,9.14281
GSK3B,Cervix_Endocervix,8.97772
SLC15A2,Prostate,20.2623
SLC15A2,Minor_Salivary_Gland,16.7828
SLC15A2,Lung,14.2851
SLC15A2,Brain_Nucleus_accumbens_basal_ganglia,13.3866
SLC15A2,Brain_Caudate_basal_ganglia,13.2844
SLC15A2,Brain_Anterior_cingulate_cortex_BA24,12.0569
SLC15A2,Brain_Cortex,11.6377
SLC15A2,Brain_Amygdala,11.395
SLC15A2,Small_Intestine_Terminal_Ileum_Lymphoid_Aggregate,11.3746
SLC15A2,Spleen,10.9822
SLC15A2,Brain_Frontal_Cortex_BA9,10.2658
SLC15A2,Brain_Putamen_basal_ganglia,8.21782
CASR,Pancreas_Islets,25.6115
CASR,Kidney_Medulla,19.9702
CASR,Liver_Portal_Tract,5.73807
CASR,Pancreas,3.2084
CASR,Kidney_Cortex,2.68282
CASR,Pancreas_Mixed_Cell,2.53214
CASR,Pancreas_Acini,2.48421
CASR,Ovary,0.276324
CASR,Testis,0.273785
CASR,Cells_EBV-transformed_lymphocytes,0.250222
CASR,Small_Intestine_Terminal_Ileum_Lymphoid_Aggregate,0.111729
CASR,Bladder,0.095732
PARP15,Small_Intestine_Terminal_Ileum_Lymphoid_Aggregate,280.103
PARP15,Spleen,79.1381
PARP15,Cells_EBV-transformed_lymphocytes,70.4526
PARP15,Small_Intestine_Terminal_Ileum_Mixed_Cell,59.8658
PARP15,Liver_Portal_Tract,20.9788
PARP15,Small_Intestine_Terminal_Ileum,19.6087
PARP15,Lung,11.1492
PARP15,Whole_Blood,7.05668
PARP15,Colon_Transverse_Mucosa,3.67981
PARP15,Pancreas_Islets,3.45257
PARP15,Adipose_Subcutaneous,3.45072
PARP15,Adipose_Visceral_Omentum,3.1798
PARP14,Cells_EBV-transformed_lymphocytes,116.215
PARP14,Spleen,69.3993
PARP14,Lung,68.3776
PARP14,Small_Intestine_Terminal_Ileum_Lymphoid_Aggregate,60.2208
PARP14,Liver_Portal_Tract,39.7908
PARP14,Thyroid,36.1819
PARP14,Small_Intestine_Terminal_Ileum_Mixed_Cell,33.0565
PARP14,Small_Intestine_Terminal_Ileum,29.7709
PARP14,Nerve_Tibial,28.4959
PARP14,Adipose_Subcutaneous,28.2163
PARP14,Kidney_Medulla,26.6715
PARP14,Prostate,26.0781
MYLK,Esophagus_Muscularis,203.133
MYLK,Colon_Sigmoid,187.941
MYLK,Esophagus_Gastroesophageal_Junction,168.06
MYLK,Artery_Tibial,135.506
MYLK,Fallopian_Tube,133.114
MYLK,Uterus,128.735
MYLK,Colon_Transverse_Muscularis,111.384
MYLK,Artery_Aorta,96.9245
MYLK,Stomach_Muscularis,92.863
MYLK,Cervix_Endocervix,84.809
MYLK,Bladder,80.6262
MYLK,Artery_Coronary,68.4258
UMPS,Cells_EBV-transformed_lymphocytes,18.9791
UMPS,Cells_Cultured_fibroblasts,16.6071
UMPS,Liver_Mixed_Cell,10.7847
UMPS,Esophagus_Mucosa,9.93591
UMPS,Liver_Portal_Tract,9.72913
UMPS,Skin_Sun_Exposed_Lower_leg,9.60117
UMPS,Small_Intestine_Terminal_Ileum_Lymphoid_Aggregate,9.55086
UMPS,Spleen,9.33948
UMPS,Small_Intestine_Terminal_Ileum_Mixed_Cell,8.96158
UMPS,Skin_Not_Sun_Exposed_Suprapubic,8.88759
UMPS,Liver_Hepatocyte,8.76572
UMPS,Fallopian_Tube,8.25644
TXNRD3,Testis,34.316
TXNRD3,Nerve_Tibial,14.4008
TXNRD3,Ovary,12.0246
TXNRD3,Uterus,10.3494
TXNRD3,Cervix_Endocervix,9.73454
TXNRD3,Cells_Cultured_fibroblasts,9.43649
TXNRD3,Thyroid,8.48367
TXNRD3,Fallopian_Tube,8.23837
TXNRD3,Cervix_Ectocervix,7.76647
TXNRD3,Bladder,7.22924
TXNRD3,Breast_Mammary_Tissue,7.16793
TXNRD3,Liver_Mixed_Cell,7.11935
MGLL,Adipose_Subcutaneous,95.9864
MGLL,Brain_Cerebellum,72.1571
MGLL,Brain_Cerebellar_Hemisphere,70.4613
MGLL,Adipose_Visceral_Omentum,64.7752
MGLL,Esophagus_Mucosa,63.4605
MGLL,Minor_Salivary_Gland,61.0192
MGLL,Nerve_Tibial,60.9223
MGLL,Breast_Mammary_Tissue,60.1905
MGLL,Brain_Cortex,59.9183
MGLL,Brain_Frontal_Cortex_BA9,57.5101
MGLL,Colon_Transverse_Mixed_Cell,55.0348
MGLL,Colon_Transverse_Mucosa,53.4273
RAB7A,Whole_Blood,163.24
RAB7A,Cells_Cultured_fibroblasts,156.751
RAB7A,Nerve_Tibial,130.732
RAB7A,Lung,127.109
RAB7A,Artery_Aorta,121.195
RAB7A,Adipose_Subcutaneous,120.3
RAB7A,Artery_Tibial,119.132
RAB7A,Uterus,116.44
RAB7A,Artery_Coronary,112.496
RAB7A,Adipose_Visceral_Omentum,111.743
RAB7A,Cervix_Endocervix,111.346
RAB7A,Cervix_Ectocervix,110.882
SLCO2A1,Lung,272.187
SLCO2A1,Thyroid,226.93
SLCO2A1,Uterus,99.8366
SLCO2A1,Prostate,74.7125
SLCO2A1,Cervix_Endocervix,69.7425
SLCO2A1,Fallopian_Tube,63.6475
SLCO2A1,Adrenal_Gland,58.6551
SLCO2A1,Kidney_Cortex,56.4837
SLCO2A1,Artery_Coronary,55.0215
SLCO2A1,Cervix_Ectocervix,53.7776
SLCO2A1,Adipose_Visceral_Omentum,49.0012
SLCO2A1,Spleen,47.596
PIK3CB,Brain_Cerebellar_Hemisphere,26.8152
PIK3CB,Thyroid,22.0161
PIK3CB,Brain_Cerebellum,21.2104
PIK3CB,Skin_Sun_Exposed_Lower_leg,20.2277
PIK3CB,Skin_Not_Sun_Exposed_Suprapubic,19.6265
PIK3CB,Brain_Frontal_Cortex_BA9,16.9793
PIK3CB,Artery_Tibial,12.6161
PIK3CB,Brain_Cortex,12.6134
PIK3CB,Vagina,12.2071
PIK3CB,Colon_Transverse_Mixed_Cell,11.9694
PIK3CB,Esophagus_Mucosa,11.8883
PIK3CB,Whole_Blood,11.8394
ATP1B3,Skin_Sun_Exposed_Lower_leg,232.711
ATP1B3,Skin_Not_Sun_Exposed_Suprapubic,227.161
ATP1B3,Colon_Transverse_Mixed_Cell,214.884
ATP1B3,Vagina,193.251
ATP1B3,Lung,192.234
ATP1B3,Colon_Transverse_Mucosa,191.539
ATP1B3,Esophagus_Mucosa,165.268
ATP1B3,Artery_Aorta,163.531
ATP1B3,Adipose_Visceral_Omentum,161.219
ATP1B3,Liver_Portal_Tract,156.615
ATP1B3,Cells_Cultured_fibroblasts,150.409
ATP1B3,Cervix_Ectocervix,148.27
ATR,Cells_EBV-transformed_lymphocytes,19.4997
ATR,Small_Intestine_Terminal_Ileum_Lymphoid_Aggregate,18.1966
ATR,Adrenal_Gland,18.1163
ATR,Cells_Cultured_fibroblasts,17.2499
ATR,Testis,14.5276
ATR,Thyroid,13.296
ATR,Spleen,13.1078
ATR,Cervix_Endocervix,12.5959
ATR,Uterus,12.3368
ATR,Nerve_Tibial,12.1499
ATR,Pituitary,11.691
ATR,Fallopian_Tube,11.6671
PLOD2,Cells_Cultured_fibroblasts,204.416
PLOD2,Thyroid,44.7141
PLOD2,Artery_Aorta,44.1213
PLOD2,Artery_Tibial,33.5385
PLOD2,Adipose_Visceral_Omentum,32.5114
PLOD2,Artery_Coronary,30.8711
PLOD2,Esophagus_Gastroesophageal_Junction,29.123
PLOD2,Uterus,28.8627
PLOD2,Esophagus_Muscularis,26.9216
PLOD2,Adipose_Subcutaneous,26.7331
PLOD2,Colon_Transverse_Mixed_Cell,25.5383
PLOD2,Ovary,25.0347
AGTR1,Adipose_Subcutaneous,72.7461
AGTR1,Breast_Mammary_Tissue,41.1278
AGTR1,Adipose_Visceral_Omentum,35.8469
AGTR1,Adrenal_Gland,34.0704
AGTR1,Liver_Mixed_Cell,34.0562
AGTR1,Liver_Hepatocyte,29.4701
AGTR1,Liver,28.698
AGTR1,Colon_Sigmoid,23.9226
AGTR1,Bladder,20.0195
AGTR1,Colon_Transverse_Muscularis,19.5079
AGTR1,Thyroid,18.623
AGTR1,Liver_Portal_Tract,17.5589
CPB1,Pancreas_Mixed_Cell,17633.8
CPB1,Pancreas,16085.9
CPB1,Pancreas_Acini,16046.6
CPB1,Pancreas_Islets,5076.4
CPB1,Adrenal_Gland,71.4563
CPB1,Spleen,14.907
CPB1,Adipose_Visceral_Omentum,5.1392
CPB1,Liver_Portal_Tract,4.60453
CPB1,Liver_Mixed_Cell,4.40624
CPB1,Liver_Hepatocyte,3.14844
CPB1,Stomach,2.99741
CPB1,Stomach_Mixed_Cell,2.60387
CPA3,Lung,69.5793
CPA3,Small_Intestine_Terminal_Ileum_Mixed_Cell,48.295
CPA3,Bladder,43.2299
CPA3,Small_Intestine_Terminal_Ileum,39.719
CPA3,Esophagus_Muscularis,37.2228
CPA3,Esophagus_Gastroesophageal_Junction,36.1114
CPA3,Colon_Transverse_Mixed_Cell,31.2655
CPA3,Adipose_Subcutaneous,30.7798
CPA3,Liver_Portal_Tract,30.7507
CPA3,Pancreas_Islets,29.4178
CPA3,Skin_Sun_Exposed_Lower_leg,28.8081
CPA3,Stomach_Mixed_Cell,28.6503
P2RY14,Stomach_Muscularis,38.9507
P2RY14,Stomach_Mixed_Cell,12.3517
P2RY14,Bladder,11.3627
P2RY14,Nerve_Tibial,10.4677
P2RY14,Colon_Transverse,10.3849
P2RY14,Small_Intestine_Terminal_Ileum,10.2182
P2RY14,Colon_Sigmoid,9.62678
P2RY14,Colon_Transverse_Mixed_Cell,9.58364
P2RY14,Colon_Transverse_Muscularis,9.2379
P2RY14,Stomach,8.51099
P2RY14,Adipose_Subcutaneous,8.05955
P2RY14,Lung,7.19984
P2RY12,Brain_Spinal_cord_cervical_c-1,21.9555
P2RY12,Brain_Substantia_nigra,15.0597
P2RY12,Brain_Amygdala,11.1757
P2RY12,Nerve_Tibial,10.2189
P2RY12,Brain_Hypothalamus,8.81691
P2RY12,Brain_Hippocampus,8.2746
P2RY12,Brain_Nucleus_accumbens_basal_ganglia,8.03949
P2RY12,Brain_Caudate_basal_ganglia,7.71896
P2RY12,Brain_Frontal_Cortex_BA9,7.23555
P2RY12,Brain_Anterior_cingulate_cortex_BA24,6.71233
P2RY12,Brain_Putamen_basal_ganglia,5.4641
P2RY12,Spleen,3.42003
SUCNR1,Thyroid,16.8086
SUCNR1,Kidney_Cortex,5.48988
SUCNR1,Spleen,5.32372
SUCNR1,Adipose_Visceral_Omentum,2.84312
SUCNR1,Kidney_Medulla,2.26775
SUCNR1,Adipose_Subcutaneous,1.68506
SUCNR1,Lung,1.41343
SUCNR1,Liver_Portal_Tract,1.24269
SUCNR1,Liver_Mixed_Cell,1.17955
SUCNR1,Liver_Hepatocyte,1.02516
SUCNR1,Artery_Coronary,0.974238
SUCNR1,Adrenal_Gland,0.950721
MBNL1,Artery_Tibial,216.1
MBNL1,Artery_Aorta,184.728
MBNL1,Artery_Coronary,154.898
MBNL1,Cells_EBV-transformed_lymphocytes,138.151
MBNL1,Colon_Sigmoid,106.111
MBNL1,Adipose_Subcutaneous,101.416
MBNL1,Small_Intestine_Terminal_Ileum_Lymphoid_Aggregate,97.3903
MBNL1,Uterus,92.2695
MBNL1,Nerve_Tibial,86.1044
MBNL1,Cervix_Endocervix,85.5063
MBNL1,Esophagus_Muscularis,85.0576
MBNL1,Cells_Cultured_fibroblasts,83.9121
P2RY1,Pancreas_Islets,44.6494
P2RY1,Esophagus_Mucosa,24.2578
P2RY1,Vagina,18.3309
P2RY1,Lung,16.7772
P2RY1,Colon_Sigmoid,16.7256
P2RY1,Brain_Nucleus_accumbens_basal_ganglia,16.0852
P2RY1,Cervix_Ectocervix,12.7447
P2RY1,Uterus,12.5402
P2RY1,Skin_Not_Sun_Exposed_Suprapubic,12.1497
P2RY1,Colon_Transverse,11.654
P2RY1,Skin_Sun_Exposed_Lower_leg,11.4097
P2RY1,Cervix_Endocervix,11.2822
MME,Cells_Cultured_fibroblasts,654.656
MME,Nerve_Tibial,44.7704
MME,Kidney_Cortex,39.0883
MME,Whole_Blood,32.6781
MME,Prostate,25.5209
MME,Adipose_Subcutaneous,24.7267
MME,Breast_Mammary_Tissue,23.0866
MME,Lung,21.2864
MME,Small_Intestine_Terminal_Ileum,18.6592
MME,Small_Intestine_Terminal_Ileum_Mixed_Cell,16.6377
MME,Adipose_Visceral_Omentum,11.6565
MME,Muscle_Skeletal,8.01221
SPTSSB,Skin_Not_Sun_Exposed_Suprapubic,49.0942
SPTSSB,Skin_Sun_Exposed_Lower_leg,43.1545
SPTSSB,Brain_Cerebellar_Hemisphere,18.3808
SPTSSB,Brain_Frontal_Cortex_BA9,13.9158
SPTSSB,Brain_Cerebellum,13.1518
SPTSSB,Prostate,11.3822
SPTSSB,Vagina,11.1499
SPTSSB,Pancreas_Islets,11.0879
SPTSSB,Stomach_Mixed_Cell,9.99818
SPTSSB,Stomach_Mucosa,8.54623
SPTSSB,Brain_Cortex,7.191
SPTSSB,Bladder,7.05963
SI,Small_Intestine_Terminal_Ileum_Mixed_Cell,113.086
SI,Small_Intestine_Terminal_Ileum,88.0201
SI,Colon_Transverse_Mucosa,5.75006
SI,Colon_Transverse_Mixed_Cell,5.4641
SI,Testis,3.82288
SI,Colon_Transverse,3.48637
SI,Small_Intestine_Terminal_Ileum_Lymphoid_Aggregate,1.61007
SI,Colon_Transverse_Muscularis,0.358717
SI,Prostate,0.071846
SI,Colon_Sigmoid,0.023507
SI,Brain_Cortex,0.012833
SI,Brain_Nucleus_accumbens_basal_ganglia,0.01003
BCHE,Fallopian_Tube,56.0143
BCHE,Esophagus_Muscularis,38.3563
BCHE,Colon_Sigmoid,32.6293
BCHE,Esophagus_Gastroesophageal_Junction,31.9584
BCHE,Cervix_Endocervix,26.9048
BCHE,Uterus,23.6132
BCHE,Adipose_Visceral_Omentum,23.585
BCHE,Liver,21.0804
BCHE,Liver_Mixed_Cell,19.2954
BCHE,Colon_Transverse_Muscularis,18.7354
BCHE,Liver_Hepatocyte,11.5108
BCHE,Colon_Transverse,10.011
TNIK,Cells_EBV-transformed_lymphocytes,27.2529
TNIK,Brain_Caudate_basal_ganglia,19.4164
TNIK,Brain_Nucleus_accumbens_basal_ganglia,17.5471
TNIK,Testis,15.6646
TNIK,Brain_Putamen_basal_ganglia,14.5195
TNIK,Brain_Cortex,13.8786
TNIK,Brain_Frontal_Cortex_BA9,13.5271
TNIK,Brain_Anterior_cingulate_cortex_BA24,13.1551
TNIK,Brain_Amygdala,12.733
TNIK,Esophagus_Muscularis,12.2878
TNIK,Brain_Hypothalamus,11.7555
TNIK,Esophagus_Gastroesophageal_Junction,11.736
GHSR,Pituitary,6.03506
GHSR,Pancreas_Islets,2.00442
GHSR,Brain_Hypothalamus,0.279033
GHSR,Brain_Nucleus_accumbens_basal_ganglia,0.109309
GHSR,Testis,0.068681
GHSR,Pancreas_Mixed_Cell,0.0426
GHSR,Pancreas,0.04143
GHSR,Whole_Blood,0.026462
GHSR,Brain_Hippocampus,0.021119
GHSR,Colon_Sigmoid,0.015694
GHSR,Spleen,0.012779
TNFSF10,Minor_Salivary_Gland,184.691
TNFSF10,Lung,157.392
TNFSF10,Breast_Mammary_Tissue,104.649
TNFSF10,Vagina,104.558
TNFSF10,Colon_Transverse_Mucosa,99.4824
TNFSF10,Prostate,98.9619
TNFSF10,Colon_Transverse_Mixed_Cell,96.0187
TNFSF10,Esophagus_Mucosa,88.2409
TNFSF10,Spleen,82.6764
TNFSF10,Cervix_Ectocervix,82.6063
TNFSF10,Adipose_Subcutaneous,80.3017
TNFSF10,Small_Intestine_Terminal_Ileum,79.431
PIK3CA,Artery_Tibial,22.6183
PIK3CA,Cells_EBV-transformed_lymphocytes,22.3177
PIK3CA,Nerve_Tibial,20.9351
PIK3CA,Adipose_Subcutaneous,20.1564
PIK3CA,Cells_Cultured_fibroblasts,20.1414
PIK3CA,Uterus,18.4547
PIK3CA,Artery_Coronary,17.9843
PIK3CA,Adipose_Visceral_Omentum,17.8049
PIK3CA,Artery_Aorta,17.8048
PIK3CA,Breast_Mammary_Tissue,17.4386
PIK3CA,Lung,15.2689
PIK3CA,Ovary,15.224
DCUN1D1,Testis,72.1318
DCUN1D1,Cells_EBV-transformed_lymphocytes,12.3317
DCUN1D1,Cells_Cultured_fibroblasts,11.6238
DCUN1D1,Brain_Cerebellar_Hemisphere,11.2303
DCUN1D1,Nerve_Tibial,10.6786
DCUN1D1,Uterus,10.2494
DCUN1D1,Bladder,10.132
DCUN1D1,Vagina,9.8414
DCUN1D1,Liver_Portal_Tract,9.73089
DCUN1D1,Thyroid,9.67002
DCUN1D1,Artery_Tibial,9.55153
DCUN1D1,Small_Intestine_Terminal_Ileum_Lymphoid_Aggregate,9.39103
EIF4G1,Cells_Cultured_fibroblasts,251.928
EIF4G1,Muscle_Skeletal,223.547
EIF4G1,Skin_Sun_Exposed_Lower_leg,183.264
EIF4G1,Esophagus_Mucosa,180.927
EIF4G1,Cells_EBV-transformed_lymphocytes,179.424
EIF4G1,Skin_Not_Sun_Exposed_Suprapubic,173.8
EIF4G1,Vagina,153.165
EIF4G1,Thyroid,151.261
EIF4G1,Cervix_Ectocervix,148.061
EIF4G1,Esophagus_Muscularis,145.082
EIF4G1,Lung,144.297
EIF4G1,Esophagus_Gastroesophageal_Junction,138.02
SENP2,Testis,51.1496
SENP2,Brain_Cerebellar_Hemisphere,29.5704
SENP2,Ovary,29.1034
SENP2,Nerve_Tibial,28.823
SENP2,Pituitary,24.9137
SENP2,Brain_Cerebellum,24.7384
SENP2,Uterus,22.7904
SENP2,Fallopian_Tube,22.3456
SENP2,Artery_Tibial,21.2005
SENP2,Brain_Frontal_Cortex_BA9,20.7679
SENP2,Thyroid,20.2772
SENP2,Liver_Portal_Tract,20.2449
ST6GAL1,Liver_Mixed_Cell,212.293
ST6GAL1,Liver_Hepatocyte,176.297
ST6GAL1,Cells_EBV-transformed_lymphocytes,149.041
ST6GAL1,Liver,143.114
ST6GAL1,Small_Intestine_Terminal_Ileum_Lymphoid_Aggregate,100.806
ST6GAL1,Liver_Portal_Tract,77.1777
ST6GAL1,Spleen,60.0008
ST6GAL1,Kidney_Medulla,37.7232
ST6GAL1,Artery_Aorta,35.4699
ST6GAL1,Small_Intestine_Terminal_Ileum_Mixed_Cell,33.8059
ST6GAL1,Minor_Salivary_Gland,33.7455
ST6GAL1,Prostate,33.7132
TNK2,Brain_Cerebellum,125.895
TNK2,Small_Intestine_Terminal_Ileum_Lymphoid_Aggregate,114.533
TNK2,Brain_Cerebellar_Hemisphere,111.222
TNK2,Pituitary,100.242
TNK2,Brain_Cortex,98.7482
TNK2,Brain_Frontal_Cortex_BA9,90.6688
TNK2,Brain_Anterior_cingulate_cortex_BA24,84.448
TNK2,Brain_Amygdala,66.4892
TNK2,Brain_Nucleus_accumbens_basal_ganglia,65.5548
TNK2,Brain_Hypothalamus,62.8021
TNK2,Brain_Caudate_basal_ganglia,55.7834
TNK2,Spleen,54.6238
GAK,Small_Intestine_Terminal_Ileum_Lymphoid_Aggregate,113.419
GAK,Testis,89.1388
GAK,Spleen,86.2785
GAK,Uterus,78.7447
GAK,Brain_Cerebellum,77.1113
GAK,Small_Intestine_Terminal_Ileum_Mixed_Cell,74.0572
GAK,Minor_Salivary_Gland,73.3612
GAK,Lung,73.3358
GAK,Cervix_Endocervix,72.2336
GAK,Colon_Transverse_Mixed_Cell,71.9636
GAK,Brain_Cerebellar_Hemisphere,71.486
GAK,Colon_Transverse_Mucosa,70.7499
IDUA,Brain_Cerebellum,72.6727
IDUA,Brain_Cerebellar_Hemisphere,52.2897
IDUA,Small_Intestine_Terminal_Ileum_Lymphoid_Aggregate,51.8751
IDUA,Cervix_Endocervix,42.2926
IDUA,Thyroid,39.1977
IDUA,Liver_Portal_Tract,39.18
IDUA,Uterus,37.0574
IDUA,Prostate,36.6598
IDUA,Fallopian_Tube,35.5276
IDUA,Ovary,34.5108
IDUA,Pituitary,34.3764
IDUA,Spleen,33.3787
CTBP1,Brain_Cerebellar_Hemisphere,70.8139
CTBP1,Brain_Cerebellum,65.4435
CTBP1,Pituitary,62.6587
CTBP1,Small_Intestine_Terminal_Ileum_Lymphoid_Aggregate,54.8553
CTBP1,Fallopian_Tube,46.8026
CTBP1,Uterus,46.5744
CTBP1,Spleen,46.391
CTBP1,Cervix_Endocervix,45.4995
CTBP1,Ovary,43.254
CTBP1,Thyroid,42.675
CTBP1,Nerve_Tibial,41.1095
CTBP1,Prostate,40.1569
FGFR3,Skin_Not_Sun_Exposed_Suprapubic,385.534
FGFR3,Skin_Sun_Exposed_Lower_leg,377.554
FGFR3,Esophagus_Mucosa,204.465
FGFR3,Brain_Caudate_basal_ganglia,154.948
FGFR3,Brain_Nucleus_accumbens_basal_ganglia,149.344
FGFR3,Vagina,120.163
FGFR3,Brain_Cortex,118.552
FGFR3,Brain_Amygdala,117.048
FGFR3,Brain_Anterior_cingulate_cortex_BA24,115.352
FGFR3,Brain_Putamen_basal_ganglia,109.403
FGFR3,Brain_Frontal_Cortex_BA9,90.9013
FGFR3,Brain_Substantia_nigra,77.3928
NSD2,Cells_EBV-transformed_lymphocytes,38.3674
NSD2,Testis,24.4027
NSD2,Cells_Cultured_fibroblasts,19.247
NSD2,Brain_Cerebellar_Hemisphere,19.1512
NSD2,Brain_Cerebellum,17.7596
NSD2,Colon_Transverse_Mucosa,14.5642
NSD2,Small_Intestine_Terminal_Ileum_Lymphoid_Aggregate,13.7481
NSD2,Colon_Transverse_Mixed_Cell,11.6226
NSD2,Thyroid,11.3768
NSD2,Colon_Transverse,11.2471
NSD2,Pituitary,10.9785
NSD2,Colon_Sigmoid,10.7409
HTT,Cells_EBV-transformed_lymphocytes,62.7711
HTT,Brain_Cerebellum,35.2272
HTT,Brain_Cerebellar_Hemisphere,31.9724
HTT,Nerve_Tibial,26.7686
HTT,Small_Intestine_Terminal_Ileum_Lymphoid_Aggregate,26.1512
HTT,Lung,24.848
HTT,Spleen,23.7938
HTT,Brain_Cortex,23.6203
HTT,Skin_Sun_Exposed_Lower_leg,23.4468
HTT,Thyroid,22.5065
HTT,Testis,22.0535
HTT,Skin_Not_Sun_Exposed_Suprapubic,21.9703
HGFAC,Liver,237.459
HGFAC,Liver_Hepatocyte,137.914
HGFAC,Liver_Mixed_Cell,117.88
HGFAC,Liver_Portal_Tract,37.1422
HGFAC,Testis,21.172
HGFAC,Brain_Cerebellum,8.77909
HGFAC,Brain_Cerebellar_Hemisphere,7.46241
HGFAC,Pituitary,4.41218
HGFAC,Brain_Cortex,2.96233
HGFAC,Cervix_Endocervix,2.54522
HGFAC,Kidney_Medulla,2.33445
HGFAC,Brain_Anterior_cingulate_cortex_BA24,2.21205
ADRA2C,Artery_Aorta,200.385
ADRA2C,Artery_Tibial,133.956
ADRA2C,Cervix_Endocervix,132.079
ADRA2C,Uterus,71.5863
ADRA2C,Kidney_Medulla,66.344
ADRA2C,Artery_Coronary,57.4685
ADRA2C,Cervix_Ectocervix,50.3763
ADRA2C,Spleen,36.3402
ADRA2C,Fallopian_Tube,34.483
ADRA2C,Prostate,33.7137
ADRA2C,Brain_Caudate_basal_ganglia,28.12
ADRA2C,Adipose_Subcutaneous,25.7839
SLC2A9,Kidney_Cortex,6.03784
SLC2A9,Bladder,5.38027
SLC2A9,Esophagus_Muscularis,5.10494
SLC2A9,Prostate,3.77706
SLC2A9,Liver,3.72557
SLC2A9,Liver_Mixed_Cell,3.56033
SLC2A9,Minor_Salivary_Gland,3.45404
SLC2A9,Lung,3.40994
SLC2A9,Kidney_Medulla,3.25781
SLC2A9,Vagina,3.21114
SLC2A9,Esophagus_Mucosa,3.03857
SLC2A9,Artery_Tibial,2.84772
DRD5,Brain_Anterior_cingulate_cortex_BA24,2.91693
DRD5,Brain_Frontal_Cortex_BA9,2.16294
DRD5,Brain_Cortex,1.6958
DRD5,Brain_Putamen_basal_ganglia,1.32449
DRD5,Brain_Hypothalamus,1.14323
DRD5,Brain_Caudate_basal_ganglia,1.09548
DRD5,Brain_Hippocampus,0.704201
DRD5,Brain_Nucleus_accumbens_basal_ganglia,0.67515
DRD5,Brain_Amygdala,0.591479
DRD5,Pituitary,0.49574
DRD5,Prostate,0.286891
DRD5,Testis,0.245755
CD38,Cells_EBV-transformed_lymphocytes,38.379
CD38,Small_Intestine_Terminal_Ileum_Lymphoid_Aggregate,37.2434
CD38,Spleen,28.7723
CD38,Small_Intestine_Terminal_Ileum_Mixed_Cell,12.0457
CD38,Brain_Caudate_basal_ganglia,7.50249
CD38,Small_Intestine_Terminal_Ileum,6.87033
CD38,Prostate,6.68371
CD38,Liver_Portal_Tract,6.68047
CD38,Lung,6.60105
CD38,Brain_Putamen_basal_ganglia,5.78043
CD38,Brain_Nucleus_accumbens_basal_ganglia,5.27379
CD38,Liver_Mixed_Cell,5.13931
LAP3,Cells_EBV-transformed_lymphocytes,226.883
LAP3,Lung,104.809
LAP3,Adipose_Subcutaneous,83.4927
LAP3,Adipose_Visceral_Omentum,77.9438
LAP3,Liver_Portal_Tract,72.513
LAP3,Spleen,72.068
LAP3,Breast_Mammary_Tissue,69.234
LAP3,Artery_Coronary,61.8727
LAP3,Liver_Mixed_Cell,59.3863
LAP3,Liver_Hepatocyte,57.6169
LAP3,Cells_Cultured_fibroblasts,57.4876
LAP3,Nerve_Tibial,56.6267
TLR1,Whole_Blood,26.1463
TLR1,Spleen,13.7842
TLR1,Small_Intestine_Terminal_Ileum_Lymphoid_Aggregate,8.563
TLR1,Liver_Portal_Tract,7.14989
TLR1,Cells_EBV-transformed_lymphocytes,7.13466
TLR1,Lung,5.50719
TLR1,Minor_Salivary_Gland,4.64675
TLR1,Nerve_Tibial,4.18871
TLR1,Ovary,3.58334
TLR1,Small_Intestine_Terminal_Ileum_Mixed_Cell,3.51034
TLR1,Adipose_Visceral_Omentum,2.87031
TLR1,Uterus,2.60464
UCHL1,Brain_Frontal_Cortex_BA9,1250.99
UCHL1,Brain_Hypothalamus,1082.09
UCHL1,Brain_Cortex,1048.66
UCHL1,Brain_Anterior_cingulate_cortex_BA24,805.058
UCHL1,Brain_Nucleus_accumbens_basal_ganglia,777.702
UCHL1,Pituitary,726.216
UCHL1,Pancreas_Islets,569.113
UCHL1,Brain_Hippocampus,485.977
UCHL1,Brain_Spinal_cord_cervical_c-1,476.927
UCHL1,Brain_Amygdala,470.278
UCHL1,Brain_Substantia_nigra,450.251
UCHL1,Brain_Caudate_basal_ganglia,418.127
GABRA2,Brain_Frontal_Cortex_BA9,12.5125
GABRA2,Brain_Nucleus_accumbens_basal_ganglia,11.543
GABRA2,Brain_Anterior_cingulate_cortex_BA24,10.784
GABRA2,Brain_Caudate_basal_ganglia,10.5894
GABRA2,Brain_Cortex,10.2317
GABRA2,Brain_Amygdala,8.68405
GABRA2,Brain_Putamen_basal_ganglia,7.66154
GABRA2,Brain_Cerebellum,5.29762
GABRA2,Brain_Hippocampus,5.16505
GABRA2,Brain_Hypothalamus,4.00351
GABRA2,Brain_Cerebellar_Hemisphere,2.66642
GABRA2,Nerve_Tibial,2.08294
GABRA4,Brain_Nucleus_accumbens_basal_ganglia,11.3218
GABRA4,Brain_Caudate_basal_ganglia,7.68462
GABRA4,Brain_Frontal_Cortex_BA9,7.65783
GABRA4,Brain_Cortex,5.2183
GABRA4,Brain_Putamen_basal_ganglia,5.11318
GABRA4,Brain_Anterior_cingulate_cortex_BA24,4.79028
GABRA4,Brain_Amygdala,2.79077
GABRA4,Brain_Hypothalamus,1.88907
GABRA4,Artery_Tibial,1.85974
GABRA4,Brain_Hippocampus,1.76888
GABRA4,Artery_Coronary,1.62156
GABRA4,Pituitary,1.52407
PDGFRA,Ovary,231.647
PDGFRA,Cells_Cultured_fibroblasts,171.263
PDGFRA,Cervix_Endocervix,97.1879
PDGFRA,Liver_Portal_Tract,84.1533
PDGFRA,Uterus,82.6708
PDGFRA,Artery_Aorta,71.9314
PDGFRA,Fallopian_Tube,71.8091
PDGFRA,Bladder,70.9301
PDGFRA,Spleen,70.6333
PDGFRA,Lung,65.5976
PDGFRA,Artery_Coronary,64.3327
PDGFRA,Vagina,61.7166
KIT,Esophagus_Muscularis,35.9983
KIT,Ovary,29.9363
KIT,Esophagus_Gastroesophageal_Junction,28.6374
KIT,Brain_Cerebellar_Hemisphere,23.3459
KIT,Thyroid,22.6409
KIT,Skin_Sun_Exposed_Lower_leg,22.5515
KIT,Brain_Cerebellum,19.0279
KIT,Minor_Salivary_Gland,18.7026
KIT,Bladder,18.6538
KIT,Lung,17.3268
KIT,Colon_Transverse_Muscularis,17.0109
KIT,Colon_Sigmoid,16.731
KDR,Thyroid,82.5823
KDR,Uterus,80.3163
KDR,Adipose_Visceral_Omentum,75.4903
KDR,Lung,52.8524
KDR,Breast_Mammary_Tissue,48.9991
KDR,Adipose_Subcutaneous,46.419
KDR,Fallopian_Tube,38.9736
KDR,Nerve_Tibial,36.9849
KDR,Cervix_Endocervix,36.2206
KDR,Prostate,23.8475
KDR,Pituitary,21.2968
KDR,Esophagus_Muscularis,21.1966
UGT2B15,Liver_Portal_Tract,141.939
UGT2B15,Liver,74.7884
UGT2B15,Liver_Mixed_Cell,36.5652
UGT2B15,Colon_Transverse_Mucosa,24.2843
UGT2B15,Stomach_Mixed_Cell,22.6977
UGT2B15,Liver_Hepatocyte,21.2777
UGT2B15,Colon_Transverse_Mixed_Cell,20.5099
UGT2B15,Stomach_Mucosa,20.4994
UGT2B15,Small_Intestine_Terminal_Ileum_Mixed_Cell,11.3645
UGT2B15,Stomach,10.329
UGT2B15,Small_Intestine_Terminal_Ileum,7.01015
UGT2B15,Pancreas,5.78251
UGT2B10,Liver,97.9107
UGT2B10,Liver_Mixed_Cell,46.5472
UGT2B10,Liver_Hepatocyte,38.2862
UGT2B10,Liver_Portal_Tract,8.16028
UGT2B10,Testis,0.697551
UGT2B10,Colon_Transverse_Mucosa,0.279602
UGT2B10,Colon_Transverse_Mixed_Cell,0.219813
UGT2B10,Small_Intestine_Terminal_Ileum_Mixed_Cell,0.114989
UGT2B10,Colon_Transverse,0.072674
UGT2B10,Pancreas_Acini,0.027793
UGT2B10,Pancreas_Islets,0.021913
UGT2B10,Kidney_Cortex,0.019561
UGT2B7,Liver_Mixed_Cell,114.073
UGT2B7,Kidney_Cortex,90.8632
UGT2B7,Liver,87.4674
UGT2B7,Liver_Hepatocyte,58.7353
UGT2B7,Kidney_Medulla,41.686
UGT2B7,Liver_Portal_Tract,19.0773
UGT2B7,Small_Intestine_Terminal_Ileum_Mixed_Cell,8.90097
UGT2B7,Small_Intestine_Terminal_Ileum,4.84384
UGT2B7,Colon_Transverse_Mixed_Cell,3.6479
UGT2B7,Pancreas_Mixed_Cell,3.31634
UGT2B7,Colon_Transverse_Mucosa,2.89573
UGT2B7,Pancreas,2.80736
SULT1E1,Skin_Sun_Exposed_Lower_leg,30.4661
SULT1E1,Vagina,25.3471
SULT1E1,Skin_Not_Sun_Exposed_Suprapubic,21.7827
SULT1E1,Adrenal_Gland,21.7397
SULT1E1,Small_Intestine_Terminal_Ileum_Mixed_Cell,21.5079
SULT1E1,Small_Intestine_Terminal_Ileum,15.3203
SULT1E1,Liver,12.0094
SULT1E1,Minor_Salivary_Gland,6.69643
SULT1E1,Cervix_Ectocervix,6.2381
SULT1E1,Lung,3.85585
SULT1E1,Stomach_Mixed_Cell,2.80055
SULT1E1,Stomach_Mucosa,2.52321
DCK,Small_Intestine_Terminal_Ileum_Lymphoid_Aggregate,56.2511
DCK,Cells_EBV-transformed_lymphocytes,30.8075
DCK,Spleen,27.5639
DCK,Small_Intestine_Terminal_Ileum_Mixed_Cell,24.3765
DCK,Brain_Spinal_cord_cervical_c-1,22.1679
DCK,Brain_Cerebellar_Hemisphere,19.4674
DCK,Brain_Nucleus_accumbens_basal_ganglia,17.4392
DCK,Liver_Portal_Tract,17.1011
DCK,Cells_Cultured_fibroblasts,16.7277
DCK,Brain_Frontal_Cortex_BA9,16.45
DCK,Nerve_Tibial,15.9484
DCK,Artery_Tibial,15.1527
GC,Liver_Mixed_Cell,3653.49
GC,Liver_Hepatocyte,2215.48
GC,Liver,1062.97
GC,Liver_Portal_Tract,721.232
GC,Pancreas_Islets,439.321
GC,Pancreas_Mixed_Cell,23.6456
GC,Stomach_Mucosa,17.5867
GC,Stomach_Mixed_Cell,17.1601
GC,Pancreas,14.3549
GC,Stomach,11.9913
GC,Pancreas_Acini,8.87215
GC,Small_Intestine_Terminal_Ileum_Mixed_Cell,1.35056
NPFFR2,Testis,0.660518
NPFFR2,Bladder,0.539261
NPFFR2,Brain_Hypothalamus,0.430184
NPFFR2,Esophagus_Muscularis,0.359142
NPFFR2,Esophagus_Gastroesophageal_Junction,0.320926
NPFFR2,Brain_Amygdala,0.260698
NPFFR2,Brain_Frontal_Cortex_BA9,0.240502
NPFFR2,Brain_Anterior_cingulate_cortex_BA24,0.226353
NPFFR2,Pituitary,0.195448
NPFFR2,Brain_Caudate_basal_ganglia,0.181549
NPFFR2,Breast_Mammary_Tissue,0.17224
NPFFR2,Brain_Nucleus_accumbens_basal_ganglia,0.129339
ALB,Liver,26217.1
ALB,Liver_Mixed_Cell,20226.8
ALB,Liver_Hepatocyte,13218.9
ALB,Liver_Portal_Tract,4853.02
ALB,Pancreas,320.259
ALB,Pancreas_Acini,277.247
ALB,Pancreas_Mixed_Cell,273.389
ALB,Pancreas_Islets,126.394
ALB,Kidney_Cortex,42.313
ALB,Kidney_Medulla,13.0471
ALB,Small_Intestine_Terminal_Ileum_Mixed_Cell,9.67333
ALB,Stomach,5.10826
CXCL8,Liver_Portal_Tract,116.962
CXCL8,Lung,49.7984
CXCL8,Whole_Blood,39.1979
CXCL8,Cells_Cultured_fibroblasts,29.9575
CXCL8,Adipose_Visceral_Omentum,13.8192
CXCL8,Minor_Salivary_Gland,7.78123
CXCL8,Heart_Atrial_Appendage,4.00138
CXCL8,Artery_Aorta,3.70953
CXCL8,Artery_Coronary,3.41492
CXCL8,Kidney_Cortex,3.40245
CXCL8,Brain_Spinal_cord_cervical_c-1,3.23533
CXCL8,Prostate,3.04404
NAAA,Colon_Transverse_Mucosa,44.5573
NAAA,Colon_Transverse_Mixed_Cell,41.483
NAAA,Spleen,34.8302
NAAA,Small_Intestine_Terminal_Ileum_Lymphoid_Aggregate,25.1783
NAAA,Small_Intestine_Terminal_Ileum_Mixed_Cell,23.3129
NAAA,Small_Intestine_Terminal_Ileum,23.3092
NAAA,Prostate,22.3943
NAAA,Minor_Salivary_Gland,21.9197
NAAA,Whole_Blood,19.7855
NAAA,Artery_Aorta,19.0196
NAAA,Cervix_Ectocervix,18.2408
NAAA,Vagina,17.8954
BMP2K,Testis,21.3867
BMP2K,Nerve_Tibial,16.7967
BMP2K,Cells_Cultured_fibroblasts,16.7879
BMP2K,Small_Intestine_Terminal_Ileum_Lymphoid_Aggregate,15.8017
BMP2K,Cells_EBV-transformed_lymphocytes,13.7006
BMP2K,Spleen,11.8254
BMP2K,Whole_Blood,10.2938
BMP2K,Lung,9.82197
BMP2K,Small_Intestine_Terminal_Ileum_Mixed_Cell,8.7934
BMP2K,Small_Intestine_Terminal_Ileum,8.68687
BMP2K,Vagina,8.54852
BMP2K,Brain_Spinal_cord_cervical_c-1,8.23371
ANTXR2,Esophagus_Gastroesophageal_Junction,106.604
ANTXR2,Stomach_Muscularis,102.461
ANTXR2,Esophagus_Muscularis,90.1983
ANTXR2,Uterus,76.0891
ANTXR2,Colon_Sigmoid,70.5113
ANTXR2,Bladder,67.7637
ANTXR2,Colon_Transverse_Muscularis,59.2786
ANTXR2,Cervix_Endocervix,53.9011
ANTXR2,Ovary,48.3255
ANTXR2,Fallopian_Tube,44.8371
ANTXR2,Adipose_Subcutaneous,43.8407
ANTXR2,Artery_Tibial,42.7144
PRKG2,Esophagus_Muscularis,5.69017
PRKG2,Small_Intestine_Terminal_Ileum_Mixed_Cell,4.71489
PRKG2,Esophagus_Gastroesophageal_Junction,4.71286
PRKG2,Small_Intestine_Terminal_Ileum,4.50295
PRKG2,Colon_Transverse_Mixed_Cell,3.98297
PRKG2,Pituitary,3.87919
PRKG2,Liver_Portal_Tract,3.8208
PRKG2,Colon_Transverse_Mucosa,3.45363
PRKG2,Cells_Cultured_fibroblasts,2.88775
PRKG2,Prostate,2.7475
PRKG2,Brain_Frontal_Cortex_BA9,2.08598
PRKG2,Heart_Atrial_Appendage,1.90775
HPSE,Whole_Blood,25.032
HPSE,Esophagus_Mucosa,10.3693
HPSE,Fallopian_Tube,9.57787
HPSE,Spleen,9.22119
HPSE,Ovary,8.68112
HPSE,Minor_Salivary_Gland,8.50433
HPSE,Skin_Not_Sun_Exposed_Suprapubic,7.36601
HPSE,Skin_Sun_Exposed_Lower_leg,6.89646
HPSE,Colon_Transverse_Mixed_Cell,5.87471
HPSE,Liver_Portal_Tract,4.93311
HPSE,Cervix_Ectocervix,4.86695
HPSE,Colon_Transverse_Mucosa,4.84103
MAPK10,Brain_Frontal_Cortex_BA9,19.4404
MAPK10,Brain_Cortex,15.2688
MAPK10,Brain_Anterior_cingulate_cortex_BA24,11.6447
MAPK10,Brain_Cerebellar_Hemisphere,10.0383
MAPK10,Brain_Cerebellum,8.5812
MAPK10,Brain_Nucleus_accumbens_basal_ganglia,8.10148
MAPK10,Brain_Hypothalamus,7.63116
MAPK10,Pituitary,7.43833
MAPK10,Brain_Amygdala,6.95507
MAPK10,Brain_Caudate_basal_ganglia,6.95178
MAPK10,Brain_Substantia_nigra,6.93963
MAPK10,Uterus,6.91096
HSD17B13,Liver,84.2598
HSD17B13,Liver_Mixed_Cell,31.4586
HSD17B13,Pancreas_Islets,21.7269
HSD17B13,Liver_Portal_Tract,16.9571
HSD17B13,Liver_Hepatocyte,16.2189
HSD17B13,Vagina,11.3331
HSD17B13,Adipose_Subcutaneous,6.7197
HSD17B13,Breast_Mammary_Tissue,6.47646
HSD17B13,Uterus,6.02579
HSD17B13,Adipose_Visceral_Omentum,5.44118
HSD17B13,Cervix_Ectocervix,5.3076
HSD17B13,Brain_Cerebellar_Hemisphere,5.02917
ABCG2,Uterus,25.0014
ABCG2,Cervix_Endocervix,21.023
ABCG2,Small_Intestine_Terminal_Ileum_Mixed_Cell,18.3369
ABCG2,Brain_Spinal_cord_cervical_c-1,17.4286
ABCG2,Brain_Substantia_nigra,17.0257
ABCG2,Fallopian_Tube,14.9189
ABCG2,Brain_Hippocampus,13.7006
ABCG2,Brain_Putamen_basal_ganglia,12.6778
ABCG2,Colon_Transverse_Mucosa,12.4313
ABCG2,Brain_Hypothalamus,12.3243
ABCG2,Brain_Caudate_basal_ganglia,12.117
ABCG2,Pituitary,11.7092
SNCA,Brain_Cerebellar_Hemisphere,62.6431
SNCA,Brain_Frontal_Cortex_BA9,59.9608
SNCA,Brain_Anterior_cingulate_cortex_BA24,48.0905
SNCA,Brain_Cerebellum,45.1061
SNCA,Nerve_Tibial,41.1723
SNCA,Brain_Cortex,36.4745
SNCA,Whole_Blood,28.4131
SNCA,Brain_Spinal_cord_cervical_c-1,26.3029
SNCA,Brain_Amygdala,25.177
SNCA,Brain_Nucleus_accumbens_basal_ganglia,21.8291
SNCA,Brain_Substantia_nigra,21.0466
SNCA,Brain_Hippocampus,19.2164
HPGDS,Small_Intestine_Terminal_Ileum_Mixed_Cell,8.09783
HPGDS,Lung,7.12233
HPGDS,Small_Intestine_Terminal_Ileum,5.21682
HPGDS,Adipose_Subcutaneous,4.70612
HPGDS,Bladder,3.96108
HPGDS,Esophagus_Gastroesophageal_Junction,3.80026
HPGDS,Esophagus_Muscularis,3.77184
HPGDS,Prostate,3.68738
HPGDS,Adipose_Visceral_Omentum,3.62567
HPGDS,Uterus,3.38609
HPGDS,Liver_Portal_Tract,3.3577
HPGDS,Skin_Sun_Exposed_Lower_leg,3.2904
EIF4E,Cells_EBV-transformed_lymphocytes,38.4253
EIF4E,Testis,25.3997
EIF4E,Cells_Cultured_fibroblasts,24.4221
EIF4E,Esophagus_Mucosa,20.4295
EIF4E,Artery_Aorta,20.2882
EIF4E,Artery_Tibial,20.09
EIF4E,Brain_Spinal_cord_cervical_c-1,20.057
EIF4E,Vagina,19.5198
EIF4E,Thyroid,18.3325
EIF4E,Cervix_Ectocervix,17.9519
EIF4E,Nerve_Tibial,17.8722
EIF4E,Uterus,17.6207
METAP1,Testis,72.8728
METAP1,Artery_Aorta,66.105
METAP1,Esophagus_Mucosa,65.286
METAP1,Cells_EBV-transformed_lymphocytes,65.2801
METAP1,Bladder,61.0473
METAP1,Cells_Cultured_fibroblasts,59.6674
METAP1,Vagina,52.7216
METAP1,Uterus,48.053
METAP1,Small_Intestine_Terminal_Ileum_Lymphoid_Aggregate,44.3244
METAP1,Artery_Tibial,42.2891
METAP1,Prostate,42.0636
METAP1,Cervix_Ectocervix,40.6477
ADH1A,Liver,323.26
ADH1A,Liver_Mixed_Cell,233.531
ADH1A,Liver_Hepatocyte,184.222
ADH1A,Liver_Portal_Tract,76.1268
ADH1A,Adipose_Visceral_Omentum,3.37881
ADH1A,Adipose_Subcutaneous,2.78784
ADH1A,Artery_Aorta,2.10418
ADH1A,Breast_Mammary_Tissue,1.9769
ADH1A,Artery_Coronary,1.72601
ADH1A,Nerve_Tibial,1.598
ADH1A,Fallopian_Tube,1.23583
ADH1A,Lung,1.22968
ADH1B,Adipose_Subcutaneous,1452.21
ADH1B,Adipose_Visceral_Omentum,1034.21
ADH1B,Liver_Mixed_Cell,971.216
ADH1B,Liver,829.696
ADH1B,Breast_Mammary_Tissue,826.503
ADH1B,Liver_Hepatocyte,825.483
ADH1B,Artery_Coronary,786.552
ADH1B,Artery_Aorta,673.554
ADH1B,Nerve_Tibial,501.945
ADH1B,Lung,462.458
ADH1B,Artery_Tibial,421.013
ADH1B,Fallopian_Tube,411.296
ADH1C,Colon_Transverse_Mixed_Cell,444.655
ADH1C,Colon_Transverse_Mucosa,417.491
ADH1C,Liver,327.213
ADH1C,Liver_Mixed_Cell,231.955
ADH1C,Colon_Transverse,187.685
ADH1C,Liver_Hepatocyte,185.096
ADH1C,Stomach_Mixed_Cell,159.583
ADH1C,Stomach_Mucosa,129.493
ADH1C,Small_Intestine_Terminal_Ileum_Mixed_Cell,97.8103
ADH1C,Liver_Portal_Tract,90.7962
ADH1C,Stomach,76.0504
ADH1C,Nerve_Tibial,74.787
ADH7,Esophagus_Mucosa,220.957
ADH7,Stomach_Mixed_Cell,6.57191
ADH7,Stomach_Mucosa,4.08034
ADH7,Cervix_Ectocervix,2.00785
ADH7,Vagina,1.79378
ADH7,Stomach,1.16537
ADH7,Skin_Sun_Exposed_Lower_leg,0.261809
ADH7,Minor_Salivary_Gland,0.213621
ADH7,Skin_Not_Sun_Exposed_Suprapubic,0.142146
ADH7,Lung,0.101884
ADH7,Liver,0.089205
ADH7,Testis,0.078551
PPP3CA,Brain_Cerebellar_Hemisphere,185.47
PPP3CA,Brain_Frontal_Cortex_BA9,158.655
PPP3CA,Brain_Nucleus_accumbens_basal_ganglia,149.631
PPP3CA,Brain_Caudate_basal_ganglia,146.442
PPP3CA,Brain_Putamen_basal_ganglia,117.044
PPP3CA,Brain_Cerebellum,109.988
PPP3CA,Brain_Cortex,87.024
PPP3CA,Brain_Anterior_cingulate_cortex_BA24,74.7702
PPP3CA,Brain_Hippocampus,69.206
PPP3CA,Prostate,53.1489
PPP3CA,Brain_Amygdala,40.4605
PPP3CA,Adipose_Subcutaneous,35.9754
NFKB1,Cells_EBV-transformed_lymphocytes,119.934
NFKB1,Cervix_Endocervix,41.6051
NFKB1,Lung,41.1368
NFKB1,Fallopian_Tube,39.353
NFKB1,Uterus,39.3162
NFKB1,Cells_Cultured_fibroblasts,39.1928
NFKB1,Small_Intestine_Terminal_Ileum_Lymphoid_Aggregate,39.0858
NFKB1,Cervix_Ectocervix,38.9489
NFKB1,Bladder,38.0722
NFKB1,Spleen,37.4441
NFKB1,Nerve_Tibial,37.0695
NFKB1,Vagina,36.0289
UBE2D3,Cells_EBV-transformed_lymphocytes,173.337
UBE2D3,Lung,163.149
UBE2D3,Cells_Cultured_fibroblasts,161.931
UBE2D3,Liver_Portal_Tract,157.151
UBE2D3,Ovary,142.1
UBE2D3,Artery_Tibial,139.517
UBE2D3,Whole_Blood,135.419
UBE2D3,Adipose_Visceral_Omentum,134.953
UBE2D3,Uterus,131.134
UBE2D3,Nerve_Tibial,128.859
UBE2D3,Small_Intestine_Terminal_Ileum_Lymphoid_Aggregate,127.863
UBE2D3,Artery_Aorta,127.659
TACR3,Brain_Hypothalamus,1.36346
TACR3,Bladder,1.34806
TACR3,Brain_Spinal_cord_cervical_c-1,0.503548
TACR3,Brain_Substantia_nigra,0.430703
TACR3,Brain_Amygdala,0.370694
TACR3,Brain_Hippocampus,0.250143
TACR3,Kidney_Cortex,0.173376
TACR3,Brain_Frontal_Cortex_BA9,0.164444
TACR3,Brain_Anterior_cingulate_cortex_BA24,0.15778
TACR3,Brain_Nucleus_accumbens_basal_ganglia,0.136164
TACR3,Brain_Cortex,0.132254
TACR3,Brain_Putamen_basal_ganglia,0.116122
TET2,Cells_EBV-transformed_lymphocytes,13.8236
TET2,Whole_Blood,12.6274
TET2,Vagina,11.2358
TET2,Skin_Not_Sun_Exposed_Suprapubic,10.9973
TET2,Skin_Sun_Exposed_Lower_leg,10.9801
TET2,Cervix_Ectocervix,10.5535
TET2,Uterus,10.3432
TET2,Cervix_Endocervix,9.86411
TET2,Nerve_Tibial,9.51884
TET2,Fallopian_Tube,9.46214
TET2,Lung,9.20615
TET2,Spleen,9.17535
SGMS2,Esophagus_Muscularis,24.6375
SGMS2,Liver_Portal_Tract,24.4163
SGMS2,Cells_Cultured_fibroblasts,19.4828
SGMS2,Lung,14.8996
SGMS2,Thyroid,14.0061
SGMS2,Colon_Sigmoid,13.3653
SGMS2,Esophagus_Gastroesophageal_Junction,13.0908
SGMS2,Artery_Aorta,10.5078
SGMS2,Nerve_Tibial,10.3088
SGMS2,Uterus,10.2676
SGMS2,Colon_Transverse_Muscularis,10.1277
SGMS2,Small_Intestine_Terminal_Ileum,9.67722
ENPEP,Small_Intestine_Terminal_Ileum_Mixed_Cell,43.4748
ENPEP,Small_Intestine_Terminal_Ileum,36.9561
ENPEP,Kidney_Cortex,24.8859
ENPEP,Adipose_Visceral_Omentum,19.0544
ENPEP,Uterus,18.2383
ENPEP,Spleen,14.229
ENPEP,Artery_Coronary,10.3341
ENPEP,Liver_Mixed_Cell,10.0262
ENPEP,Liver_Portal_Tract,9.67688
ENPEP,Lung,9.00259
ENPEP,Thyroid,8.61593
ENPEP,Breast_Mammary_Tissue,7.87032
CAMK2D,Brain_Cerebellar_Hemisphere,46.7498
CAMK2D,Brain_Cerebellum,32.5281
CAMK2D,Artery_Tibial,19.292
CAMK2D,Adipose_Subcutaneous,18.6402
CAMK2D,Artery_Aorta,18.5181
CAMK2D,Cells_Cultured_fibroblasts,18.3431
CAMK2D,Artery_Coronary,18.2382
CAMK2D,Heart_Left_Ventricle,18.1743
CAMK2D,Heart_Atrial_Appendage,18.1425
CAMK2D,Muscle_Skeletal,18.0493
CAMK2D,Cells_EBV-transformed_lymphocytes,17.3004
CAMK2D,Nerve_Tibial,16.8474
FABP2,Small_Intestine_Terminal_Ileum_Mixed_Cell,165.16
FABP2,Small_Intestine_Terminal_Ileum,86.8532
FABP2,Colon_Transverse_Mixed_Cell,46.0693
FABP2,Colon_Transverse_Mucosa,39.3995
FABP2,Colon_Transverse,11.5157
FABP2,Colon_Transverse_Muscularis,3.17677
FABP2,Small_Intestine_Terminal_Ileum_Lymphoid_Aggregate,2.2866
FABP2,Colon_Sigmoid,0.105014
FABP2,Testis,0.096668
FABP2,Adrenal_Gland,0.089366
FABP2,Muscle_Skeletal,0.054684
FABP2,Liver_Portal_Tract,0.050466
PDE5A,Artery_Aorta,76.8109
PDE5A,Artery_Tibial,63.9534
PDE5A,Esophagus_Muscularis,50.9224
PDE5A,Esophagus_Gastroesophageal_Junction,48.1831
PDE5A,Artery_Coronary,42.9685
PDE5A,Colon_Sigmoid,41.4658
PDE5A,Cervix_Endocervix,27.286
PDE5A,Colon_Transverse_Muscularis,23.7067
PDE5A,Prostate,21.7295
PDE5A,Fallopian_Tube,21.274
PDE5A,Cervix_Ectocervix,19.8676
PDE5A,Nerve_Tibial,17.8934
TRPC3,Pituitary,7.62395
TRPC3,Brain_Cerebellum,3.10625
TRPC3,Bladder,2.2719
TRPC3,Brain_Putamen_basal_ganglia,2.12211
TRPC3,Brain_Caudate_basal_ganglia,1.45402
TRPC3,Lung,1.33548
TRPC3,Brain_Cerebellar_Hemisphere,1.26295
TRPC3,Brain_Frontal_Cortex_BA9,1.13922
TRPC3,Cervix_Endocervix,0.971895
TRPC3,Brain_Hypothalamus,0.957207
TRPC3,Brain_Cortex,0.955868
TRPC3,Fallopian_Tube,0.909096
IL2,Small_Intestine_Terminal_Ileum_Lymphoid_Aggregate,2.2309
IL2,Liver_Portal_Tract,1.93969
IL2,Small_Intestine_Terminal_Ileum_Mixed_Cell,0.815581
IL2,Small_Intestine_Terminal_Ileum,0.679693
IL2,Lung,0.318442
IL2,Spleen,0.275008
IL2,Colon_Transverse_Mucosa,0.246556
IL2,Colon_Transverse_Mixed_Cell,0.238389
IL2,Bladder,0.217674
IL2,Fallopian_Tube,0.204447
IL2,Thyroid,0.1504
IL2,Adipose_Visceral_Omentum,0.122507
FGF2,Cells_Cultured_fibroblasts,52.4332
FGF2,Uterus,29.3848
FGF2,Nerve_Tibial,28.8752
FGF2,Colon_Sigmoid,28.0388
FGF2,Artery_Aorta,26.8667
FGF2,Stomach_Muscularis,25.945
FGF2,Adipose_Subcutaneous,24.1042
FGF2,Artery_Tibial,21.6552
FGF2,Cervix_Endocervix,21.3119
FGF2,Fallopian_Tube,19.8986
FGF2,Artery_Coronary,19.5514
FGF2,Esophagus_Gastroesophageal_Junction,19.1105
PLK4,Cells_EBV-transformed_lymphocytes,33.2965
PLK4,Testis,24.7005
PLK4,Cells_Cultured_fibroblasts,9.22858
PLK4,Esophagus_Mucosa,4.55199
PLK4,Small_Intestine_Terminal_Ileum_Lymphoid_Aggregate,4.04852
PLK4,Colon_Transverse_Mucosa,3.6518
PLK4,Small_Intestine_Terminal_Ileum_Mixed_Cell,3.5355
PLK4,Skin_Not_Sun_Exposed_Suprapubic,2.92842
PLK4,Skin_Sun_Exposed_Lower_leg,2.85739
PLK4,Colon_Transverse_Mixed_Cell,2.80377
PLK4,Vagina,2.37671
PLK4,Small_Intestine_Terminal_Ileum,2.20666
SLC7A11,Brain_Amygdala,12.6395
SLC7A11,Brain_Caudate_basal_ganglia,12.3368
SLC7A11,Brain_Nucleus_accumbens_basal_ganglia,12.3234
SLC7A11,Cells_Cultured_fibroblasts,12.0578
SLC7A11,Brain_Anterior_cingulate_cortex_BA24,11.5602
SLC7A11,Brain_Cortex,10.9115
SLC7A11,Cells_EBV-transformed_lymphocytes,9.38976
SLC7A11,Brain_Putamen_basal_ganglia,9.19469
SLC7A11,Brain_Frontal_Cortex_BA9,9.09137
SLC7A11,Brain_Substantia_nigra,8.02402
SLC7A11,Brain_Hippocampus,6.88077
SLC7A11,Brain_Spinal_cord_cervical_c-1,6.78547
SETD7,Cells_Cultured_fibroblasts,39.1548
SETD7,Artery_Tibial,37.5268
SETD7,Artery_Aorta,33.4004
SETD7,Stomach_Muscularis,33.093
SETD7,Cervix_Endocervix,31.456
SETD7,Artery_Coronary,29.3053
SETD7,Muscle_Skeletal,28.8995
SETD7,Uterus,28.0212
SETD7,Nerve_Tibial,27.1145
SETD7,Adipose_Subcutaneous,27.0857
SETD7,Bladder,24.0384
SETD7,Fallopian_Tube,24.0048
EDNRA,Cervix_Endocervix,88.0811
EDNRA,Cervix_Ectocervix,60.3963
EDNRA,Fallopian_Tube,55.3652
EDNRA,Uterus,55.0871
EDNRA,Ovary,50.44
EDNRA,Vagina,44.5046
EDNRA,Artery_Tibial,38.9025
EDNRA,Artery_Coronary,35.851
EDNRA,Lung,32.7716
EDNRA,Prostate,31.4112
EDNRA,Bladder,21.794
EDNRA,Stomach_Muscularis,20.3768
NR3C2,Thyroid,20.6826
NR3C2,Colon_Transverse_Mucosa,18.6217
NR3C2,Colon_Transverse_Mixed_Cell,17.4429
NR3C2,Ovary,14.3634
NR3C2,Colon_Transverse,13.2943
NR3C2,Brain_Cerebellar_Hemisphere,12.4004
NR3C2,Artery_Tibial,12.2528
NR3C2,Small_Intestine_Terminal_Ileum,11.6567
NR3C2,Bladder,11.3378
NR3C2,Pituitary,11.1316
NR3C2,Nerve_Tibial,10.7488
NR3C2,Brain_Cerebellum,10.4046
TLR2,Whole_Blood,235.655
TLR2,Lung,57.0088
TLR2,Spleen,52.2732
TLR2,Liver_Portal_Tract,44.7677
TLR2,Nerve_Tibial,27.0663
TLR2,Minor_Salivary_Gland,19.5474
TLR2,Artery_Aorta,18.5814
TLR2,Adipose_Visceral_Omentum,16.7602
TLR2,Artery_Coronary,14.6275
TLR2,Adipose_Subcutaneous,13.5232
TLR2,Breast_Mammary_Tissue,9.42028
TLR2,Fallopian_Tube,8.10584
FGB,Liver_Mixed_Cell,16739.9
FGB,Liver_Hepatocyte,9813.05
FGB,Liver,4061.56
FGB,Liver_Portal_Tract,2672.31
FGB,Small_Intestine_Terminal_Ileum_Mixed_Cell,5.6265
FGB,Kidney_Cortex,3.44882
FGB,Pancreas_Islets,3.4372
FGB,Stomach_Mixed_Cell,3.17315
FGB,Pancreas_Mixed_Cell,3.04756
FGB,Stomach_Mucosa,2.87487
FGB,Kidney_Medulla,2.76182
FGB,Pancreas_Acini,2.66991
NPY2R,Brain_Hypothalamus,1.85247
NPY2R,Breast_Mammary_Tissue,1.55708
NPY2R,Brain_Nucleus_accumbens_basal_ganglia,1.39157
NPY2R,Brain_Frontal_Cortex_BA9,0.871882
NPY2R,Artery_Aorta,0.726711
NPY2R,Brain_Hippocampus,0.716262
NPY2R,Brain_Amygdala,0.681721
NPY2R,Minor_Salivary_Gland,0.623611
NPY2R,Artery_Coronary,0.530082
NPY2R,Colon_Sigmoid,0.469998
NPY2R,Brain_Cortex,0.454579
NPY2R,Brain_Anterior_cingulate_cortex_BA24,0.41732
TDO2,Liver_Mixed_Cell,241.09
TDO2,Liver_Hepatocyte,185.205
TDO2,Liver,173.136
TDO2,Liver_Portal_Tract,60.5377
TDO2,Small_Intestine_Terminal_Ileum_Lymphoid_Aggregate,7.97073
TDO2,Small_Intestine_Terminal_Ileum_Mixed_Cell,5.9138
TDO2,Pituitary,4.22426
TDO2,Small_Intestine_Terminal_Ileum,2.73254
TDO2,Lung,2.11896
TDO2,Spleen,1.21971
TDO2,Brain_Frontal_Cortex_BA9,1.18145
TDO2,Adrenal_Gland,1.03815
GRIA2,Brain_Cerebellum,53.0521
GRIA2,Brain_Cerebellar_Hemisphere,47.8207
GRIA2,Brain_Frontal_Cortex_BA9,47.7389
GRIA2,Brain_Cortex,36.9586
GRIA2,Brain_Nucleus_accumbens_basal_ganglia,35.5897
GRIA2,Brain_Anterior_cingulate_cortex_BA24,28.7791
GRIA2,Pituitary,24.9796
GRIA2,Fallopian_Tube,24.0297
GRIA2,Brain_Hippocampus,21.7006
GRIA2,Brain_Caudate_basal_ganglia,20.9492
GRIA2,Brain_Hypothalamus,20.2534
GRIA2,Brain_Amygdala,18.7897
RXFP1,Brain_Frontal_Cortex_BA9,7.80846
RXFP1,Brain_Cortex,5.15589
RXFP1,Brain_Anterior_cingulate_cortex_BA24,3.66219
RXFP1,Lung,3.34268
RXFP1,Cervix_Endocervix,3.02568
RXFP1,Adrenal_Gland,2.71041
RXFP1,Cervix_Ectocervix,2.26063
RXFP1,Uterus,2.19381
RXFP1,Cells_Cultured_fibroblasts,2.06738
RXFP1,Thyroid,1.67835
RXFP1,Vagina,1.4178
RXFP1,Kidney_Cortex,1.08813
NPY1R,Spleen,142.059
NPY1R,Artery_Tibial,67.2888
NPY1R,Artery_Aorta,38.5148
NPY1R,Kidney_Medulla,34.1022
NPY1R,Adrenal_Gland,32.3386
NPY1R,Adipose_Subcutaneous,30.7592
NPY1R,Liver_Portal_Tract,22.6753
NPY1R,Adipose_Visceral_Omentum,22.3325
NPY1R,Minor_Salivary_Gland,19.9755
NPY1R,Breast_Mammary_Tissue,17.4458
NPY1R,Kidney_Cortex,15.128
NPY1R,Skin_Sun_Exposed_Lower_leg,14.341
NPY5R,Spleen,5.84284
NPY5R,Artery_Tibial,4.38816
NPY5R,Adipose_Subcutaneous,3.63938
NPY5R,Kidney_Medulla,3.58835
NPY5R,Brain_Nucleus_accumbens_basal_ganglia,3.23596
NPY5R,Artery_Aorta,3.07281
NPY5R,Testis,2.905
NPY5R,Adipose_Visceral_Omentum,2.40041
NPY5R,Adrenal_Gland,2.21859
NPY5R,Brain_Caudate_basal_ganglia,1.94655
NPY5R,Brain_Frontal_Cortex_BA9,1.94486
NPY5R,Minor_Salivary_Gland,1.77672
HPGD,Colon_Transverse_Mixed_Cell,97.3592
HPGD,Colon_Transverse_Mucosa,87.2933
HPGD,Vagina,70.7859
HPGD,Lung,59.3992
HPGD,Stomach_Muscularis,52.3635
HPGD,Esophagus_Mucosa,49.4969
HPGD,Liver_Mixed_Cell,48.7863
HPGD,Colon_Transverse_Muscularis,42.4416
HPGD,Liver_Hepatocyte,40.583
HPGD,Skin_Sun_Exposed_Lower_leg,40.3999
HPGD,Small_Intestine_Terminal_Ileum_Mixed_Cell,38.9017
HPGD,Liver,38.3464
GLRA3,Brain_Frontal_Cortex_BA9,3.25758
GLRA3,Brain_Hypothalamus,2.90682
GLRA3,Brain_Cortex,2.18234
GLRA3,Brain_Anterior_cingulate_cortex_BA24,1.98551
GLRA3,Pancreas_Islets,1.26204
GLRA3,Brain_Amygdala,0.959062
GLRA3,Pituitary,0.885339
GLRA3,Brain_Substantia_nigra,0.867904
GLRA3,Brain_Nucleus_accumbens_basal_ganglia,0.814277
GLRA3,Small_Intestine_Terminal_Ileum_Lymphoid_Aggregate,0.60524
GLRA3,Testis,0.580436
GLRA3,Brain_Caudate_basal_ganglia,0.397104
CASP3,Cells_EBV-transformed_lymphocytes,74.3842
CASP3,Cells_Cultured_fibroblasts,38.3961
CASP3,Colon_Transverse_Mixed_Cell,37.1637
CASP3,Colon_Transverse_Mucosa,35.2804
CASP3,Brain_Cerebellar_Hemisphere,33.9385
CASP3,Spleen,31.9347
CASP3,Small_Intestine_Terminal_Ileum_Lymphoid_Aggregate,31.5265
CASP3,Small_Intestine_Terminal_Ileum_Mixed_Cell,31.0719
CASP3,Esophagus_Mucosa,29.5105
CASP3,Liver_Portal_Tract,29.4288
CASP3,Brain_Cerebellum,27.0234
CASP3,Small_Intestine_Terminal_Ileum,24.8472
KLKB1,Liver_Mixed_Cell,50.889
KLKB1,Liver,47.8235
KLKB1,Liver_Hepatocyte,33.3777
KLKB1,Liver_Portal_Tract,15.6588
KLKB1,Pancreas_Islets,11.9924
KLKB1,Kidney_Medulla,9.48868
KLKB1,Pituitary,6.46241
KLKB1,Pancreas_Acini,4.4733
KLKB1,Testis,4.12608
KLKB1,Brain_Cerebellum,4.12164
KLKB1,Nerve_Tibial,4.11151
KLKB1,Pancreas_Mixed_Cell,3.84435
F11,Liver,67.1204
F11,Liver_Hepatocyte,57.1516
F11,Liver_Mixed_Cell,48.2413
F11,Liver_Portal_Tract,17.1552
F11,Kidney_Medulla,15.5689
F11,Pancreas,12.7092
F11,Pancreas_Acini,10.9118
F11,Pancreas_Mixed_Cell,9.87567
F11,Pancreas_Islets,8.43519
F11,Kidney_Cortex,3.15777
F11,Lung,1.16501
F11,Small_Intestine_Terminal_Ileum_Mixed_Cell,0.507856
MTNR1A,Brain_Cerebellar_Hemisphere,2.39747
MTNR1A,Brain_Cerebellum,1.93272
MTNR1A,Colon_Transverse_Mixed_Cell,0.871843
MTNR1A,Colon_Transverse_Mucosa,0.871689
MTNR1A,Testis,0.847393
MTNR1A,Kidney_Cortex,0.51914
MTNR1A,Colon_Transverse,0.44213
MTNR1A,Liver_Portal_Tract,0.336365
MTNR1A,Pancreas,0.262141
MTNR1A,Minor_Salivary_Gland,0.23971
MTNR1A,Pancreas_Mixed_Cell,0.237924
MTNR1A,Pancreas_Acini,0.17863
TPPP,Brain_Frontal_Cortex_BA9,221.947
TPPP,Brain_Cortex,209.915
TPPP,Brain_Anterior_cingulate_cortex_BA24,146.737
TPPP,Brain_Spinal_cord_cervical_c-1,139.619
TPPP,Brain_Cerebellum,139.255
TPPP,Brain_Cerebellar_Hemisphere,131.175
TPPP,Brain_Hippocampus,131.071
TPPP,Brain_Hypothalamus,119.884
TPPP,Brain_Amygdala,116.145
TPPP,Brain_Substantia_nigra,109.937
TPPP,Brain_Nucleus_accumbens_basal_ganglia,106.037
TPPP,Brain_Caudate_basal_ganglia,103.843
TERT,Testis,2.17895
TERT,Small_Intestine_Terminal_Ileum_Lymphoid_Aggregate,1.10707
TERT,Colon_Transverse_Mucosa,0.878512
TERT,Small_Intestine_Terminal_Ileum_Mixed_Cell,0.652617
TERT,Small_Intestine_Terminal_Ileum,0.477165
TERT,Colon_Transverse_Mixed_Cell,0.458961
TERT,Brain_Caudate_basal_ganglia,0.444144
TERT,Colon_Transverse,0.437924
TERT,Brain_Nucleus_accumbens_basal_ganglia,0.366293
TERT,Cells_EBV-transformed_lymphocytes,0.360478
TERT,Spleen,0.356453
TERT,Brain_Putamen_basal_ganglia,0.223521
SLC6A3,Brain_Substantia_nigra,23.5608
SLC6A3,Thyroid,1.48418
SLC6A3,Ovary,0.887794
SLC6A3,Testis,0.719142
SLC6A3,Kidney_Medulla,0.641877
SLC6A3,Lung,0.602603
SLC6A3,Adipose_Visceral_Omentum,0.567616
SLC6A3,Uterus,0.485507
SLC6A3,Cervix_Endocervix,0.40337
SLC6A3,Liver_Portal_Tract,0.400838
SLC6A3,Brain_Hypothalamus,0.389919
SLC6A3,Vagina,0.384969
SRD5A1,Pancreas_Islets,21.0471
SRD5A1,Skin_Not_Sun_Exposed_Suprapubic,18.2944
SRD5A1,Esophagus_Mucosa,18.2181
SRD5A1,Skin_Sun_Exposed_Lower_leg,15.0651
SRD5A1,Vagina,12.8148
SRD5A1,Liver,10.9426
SRD5A1,Liver_Hepatocyte,10.8437
SRD5A1,Brain_Cerebellar_Hemisphere,10.0096
SRD5A1,Liver_Mixed_Cell,9.51707
SRD5A1,Brain_Cerebellum,8.09681
SRD5A1,Brain_Frontal_Cortex_BA9,7.91531
SRD5A1,Cervix_Ectocervix,6.97609
RAD1,Cells_Cultured_fibroblasts,26.4215
RAD1,Small_Intestine_Terminal_Ileum_Lymphoid_Aggregate,18.2151
RAD1,Cervix_Endocervix,17.5289
RAD1,Testis,16.8986
RAD1,Liver_Portal_Tract,16.6019
RAD1,Cervix_Ectocervix,15.3737
RAD1,Thyroid,14.0818
RAD1,Lung,14.0733
RAD1,Cells_EBV-transformed_lymphocytes,14.0633
RAD1,Uterus,13.7607
RAD1,Artery_Aorta,13.5907
RAD1,Vagina,13.3894
SLC1A3,Brain_Anterior_cingulate_cortex_BA24,223.454
SLC1A3,Brain_Cerebellum,218.578
SLC1A3,Brain_Cortex,214.565
SLC1A3,Brain_Frontal_Cortex_BA9,206.281
SLC1A3,Brain_Nucleus_accumbens_basal_ganglia,205.311
SLC1A3,Brain_Amygdala,181.764
SLC1A3,Brain_Caudate_basal_ganglia,181.719
SLC1A3,Brain_Putamen_basal_ganglia,160.56
SLC1A3,Brain_Cerebellar_Hemisphere,109.131
SLC1A3,Brain_Hippocampus,100.821
SLC1A3,Brain_Substantia_nigra,80.2875
SLC1A3,Brain_Hypothalamus,70.7372
DAB2,Cells_Cultured_fibroblasts,156.046
DAB2,Adrenal_Gland,106.23
DAB2,Adipose_Subcutaneous,103.501
DAB2,Lung,80.7673
DAB2,Adipose_Visceral_Omentum,76.0183
DAB2,Kidney_Cortex,65.6413
DAB2,Kidney_Medulla,62.3995
DAB2,Spleen,62.2926
DAB2,Breast_Mammary_Tissue,61.0824
DAB2,Artery_Coronary,54.0052
DAB2,Nerve_Tibial,51.5248
DAB2,Artery_Aorta,44.2476
PTGER4,Lung,28.93
PTGER4,Liver_Portal_Tract,25.0986
PTGER4,Pancreas_Acini,21.2214
PTGER4,Small_Intestine_Terminal_Ileum_Mixed_Cell,21.1645
PTGER4,Colon_Transverse,20.7264
PTGER4,Colon_Transverse_Mixed_Cell,20.0089
PTGER4,Small_Intestine_Terminal_Ileum,20.0001
PTGER4,Adipose_Visceral_Omentum,19.5463
PTGER4,Colon_Transverse_Mucosa,19.1448
PTGER4,Colon_Sigmoid,18.1548
PTGER4,Small_Intestine_Terminal_Ileum_Lymphoid_Aggregate,17.9777
PTGER4,Adipose_Subcutaneous,17.5541
PRKAA1,Artery_Tibial,60.3416
PRKAA1,Adipose_Subcutaneous,59.4799
PRKAA1,Liver_Portal_Tract,56.7978
PRKAA1,Cells_Cultured_fibroblasts,53.774
PRKAA1,Breast_Mammary_Tissue,47.8169
PRKAA1,Artery_Coronary,47.5792
PRKAA1,Small_Intestine_Terminal_Ileum_Lymphoid_Aggregate,46.2176
PRKAA1,Nerve_Tibial,46.1981
PRKAA1,Uterus,45.8691
PRKAA1,Artery_Aorta,45.6674
PRKAA1,Thyroid,44.9585
PRKAA1,Lung,42.3481
PDE4D,Muscle_Skeletal,24.5645
PDE4D,Artery_Tibial,20.9386
PDE4D,Colon_Sigmoid,16.9494
PDE4D,Colon_Transverse_Muscularis,15.0828
PDE4D,Stomach_Muscularis,15.0315
PDE4D,Bladder,13.0183
PDE4D,Lung,11.7829
PDE4D,Prostate,11.6654
PDE4D,Cells_Cultured_fibroblasts,9.0743
PDE4D,Colon_Transverse,6.81615
PDE4D,Artery_Coronary,6.6705
PDE4D,Esophagus_Muscularis,6.37981
HTR1A,Brain_Cortex,5.91116
HTR1A,Brain_Frontal_Cortex_BA9,5.73846
HTR1A,Brain_Anterior_cingulate_cortex_BA24,4.16457
HTR1A,Brain_Hippocampus,3.88867
HTR1A,Brain_Amygdala,1.53532
HTR1A,Brain_Hypothalamus,1.20833
HTR1A,Brain_Caudate_basal_ganglia,0.37976
HTR1A,Ovary,0.323421
HTR1A,Brain_Nucleus_accumbens_basal_ganglia,0.24213
HTR1A,Brain_Substantia_nigra,0.152516
HTR1A,Testis,0.107823
HTR1A,Brain_Putamen_basal_ganglia,0.096874
NLN,Cells_Cultured_fibroblasts,16.8823
NLN,Cells_EBV-transformed_lymphocytes,11.5207
NLN,Liver_Mixed_Cell,8.52069
NLN,Brain_Spinal_cord_cervical_c-1,8.01891
NLN,Liver_Hepatocyte,7.32688
NLN,Muscle_Skeletal,7.31674
NLN,Nerve_Tibial,6.71294
NLN,Brain_Frontal_Cortex_BA9,5.84509
NLN,Liver_Portal_Tract,5.69348
NLN,Liver,4.90658
NLN,Adipose_Subcutaneous,4.90324
NLN,Skin_Sun_Exposed_Lower_leg,4.7197
PIK3R1,Nerve_Tibial,111.233
PIK3R1,Esophagus_Muscularis,62.8354
PIK3R1,Esophagus_Gastroesophageal_Junction,60.2133
PIK3R1,Breast_Mammary_Tissue,57.8453
PIK3R1,Uterus,54.8817
PIK3R1,Cervix_Endocervix,51.9394
PIK3R1,Artery_Tibial,46.1342
PIK3R1,Minor_Salivary_Gland,45.0006
PIK3R1,Cervix_Ectocervix,43.7734
PIK3R1,Colon_Sigmoid,41.6423
PIK3R1,Adipose_Subcutaneous,41.3245
PIK3R1,Vagina,41.1471
CDK7,Testis,53.0785
CDK7,Cells_EBV-transformed_lymphocytes,48.8028
CDK7,Cells_Cultured_fibroblasts,48.3294
CDK7,Esophagus_Mucosa,42.342
CDK7,Skin_Sun_Exposed_Lower_leg,35.3229
CDK7,Skin_Not_Sun_Exposed_Suprapubic,34.2853
CDK7,Vagina,30.7796
CDK7,Pituitary,28.7968
CDK7,Small_Intestine_Terminal_Ileum_Lymphoid_Aggregate,26.3867
CDK7,Cervix_Ectocervix,26.375
CDK7,Thyroid,24.7394
CDK7,Artery_Aorta,24.4964
HEXB,Cells_Cultured_fibroblasts,154.192
HEXB,Artery_Aorta,137.844
HEXB,Lung,123.001
HEXB,Minor_Salivary_Gland,121.277
HEXB,Artery_Coronary,110.099
HEXB,Thyroid,108.297
HEXB,Cervix_Endocervix,106.483
HEXB,Adipose_Subcutaneous,104.973
HEXB,Uterus,99.9947
HEXB,Fallopian_Tube,94.2496
HEXB,Breast_Mammary_Tissue,92.8426
HEXB,Colon_Transverse_Mixed_Cell,91.3282
HMGCR,Liver_Portal_Tract,50.3909
HMGCR,Skin_Not_Sun_Exposed_Suprapubic,50.2332
HMGCR,Skin_Sun_Exposed_Lower_leg,45.6949
HMGCR,Cells_EBV-transformed_lymphocytes,42.5944
HMGCR,Esophagus_Mucosa,38.8605
HMGCR,Colon_Transverse_Mucosa,36.0528
HMGCR,Colon_Transverse_Mixed_Cell,34.9224
HMGCR,Vagina,27.2931
HMGCR,Adrenal_Gland,26.8018
HMGCR,Cervix_Ectocervix,24.4947
HMGCR,Brain_Cerebellar_Hemisphere,19.6127
HMGCR,Brain_Frontal_Cortex_BA9,18.0812
F2R,Artery_Aorta,88.7406
F2R,Artery_Coronary,57.2344
F2R,Artery_Tibial,52.4128
F2R,Liver_Portal_Tract,50.827
F2R,Skin_Not_Sun_Exposed_Suprapubic,50.2734
F2R,Skin_Sun_Exposed_Lower_leg,49.0808
F2R,Minor_Salivary_Gland,48.5031
F2R,Spleen,48.0966
F2R,Lung,46.1976
F2R,Cells_Cultured_fibroblasts,34.6976
F2R,Adipose_Subcutaneous,25.4971
F2R,Thyroid,21.2424
CRHBP,Spleen,41.493
CRHBP,Liver_Mixed_Cell,25.721
CRHBP,Kidney_Cortex,24.7169
CRHBP,Liver_Hepatocyte,17.8093
CRHBP,Kidney_Medulla,15.3095
CRHBP,Adrenal_Gland,14.8102
CRHBP,Liver,13.8644
CRHBP,Brain_Hypothalamus,11.1718
CRHBP,Brain_Anterior_cingulate_cortex_BA24,9.61527
CRHBP,Brain_Frontal_Cortex_BA9,7.83943
CRHBP,Adipose_Visceral_Omentum,6.67077
CRHBP,Thyroid,6.50871
BHMT2,Liver_Hepatocyte,264.257
BHMT2,Liver,248.601
BHMT2,Liver_Mixed_Cell,243.797
BHMT2,Kidney_Cortex,125.779
BHMT2,Kidney_Medulla,125.382
BHMT2,Esophagus_Muscularis,69.836
BHMT2,Liver_Portal_Tract,63.5
BHMT2,Esophagus_Gastroesophageal_Junction,47.8823
BHMT2,Stomach_Muscularis,45.7122
BHMT2,Thyroid,43.7359
BHMT2,Nerve_Tibial,40.7789
BHMT2,Adipose_Subcutaneous,39.4337
BHMT,Liver,322.658
BHMT,Kidney_Cortex,120.857
BHMT,Liver_Mixed_Cell,114.226
BHMT,Liver_Hepatocyte,70.0339
BHMT,Kidney_Medulla,47.6032
BHMT,Liver_Portal_Tract,26.0163
BHMT,Bladder,7.69141
BHMT,Esophagus_Muscularis,4.90895
BHMT,Stomach_Mucosa,2.69507
BHMT,Stomach_Mixed_Cell,2.47682
BHMT,Stomach,2.46216
BHMT,Nerve_Tibial,2.29825
DHFR,Cells_EBV-transformed_lymphocytes,38.05
DHFR,Cells_Cultured_fibroblasts,21.1012
DHFR,Brain_Spinal_cord_cervical_c-1,14.5613
DHFR,Testis,11.7116
DHFR,Small_Intestine_Terminal_Ileum_Lymphoid_Aggregate,10.575
DHFR,Small_Intestine_Terminal_Ileum_Mixed_Cell,10.3003
DHFR,Brain_Substantia_nigra,7.9059
DHFR,Small_Intestine_Terminal_Ileum,7.73313
DHFR,Adipose_Subcutaneous,7.16064
DHFR,Colon_Transverse_Mixed_Cell,7.1373
DHFR,Spleen,7.00359
DHFR,Brain_Cerebellar_Hemisphere,6.96991
ERAP1,Cells_EBV-transformed_lymphocytes,51.5269
ERAP1,Small_Intestine_Terminal_Ileum,28.1053
ERAP1,Liver_Portal_Tract,25.3954
ERAP1,Small_Intestine_Terminal_Ileum_Mixed_Cell,25.0015
ERAP1,Small_Intestine_Terminal_Ileum_Lymphoid_Aggregate,24.1959
ERAP1,Adipose_Subcutaneous,23.6253
ERAP1,Lung,23.4695
ERAP1,Cells_Cultured_fibroblasts,22.7613
ERAP1,Fallopian_Tube,22.6362
ERAP1,Uterus,22.1749
ERAP1,Colon_Transverse_Mixed_Cell,22.0386
ERAP1,Adipose_Visceral_Omentum,21.5543
ERAP2,Small_Intestine_Terminal_Ileum_Lymphoid_Aggregate,59.9169
ERAP2,Cells_EBV-transformed_lymphocytes,46.3636
ERAP2,Spleen,32.9726
ERAP2,Small_Intestine_Terminal_Ileum_Mixed_Cell,24.9233
ERAP2,Small_Intestine_Terminal_Ileum,22.1395
ERAP2,Lung,19.7899
ERAP2,Cells_Cultured_fibroblasts,18.1826
ERAP2,Ovary,17.758
ERAP2,Cervix_Ectocervix,14.475
ERAP2,Cervix_Endocervix,14.4363
ERAP2,Colon_Transverse_Mucosa,13.3018
ERAP2,Adipose_Subcutaneous,13.2294
LNPEP,Cells_EBV-transformed_lymphocytes,39.079
LNPEP,Small_Intestine_Terminal_Ileum_Lymphoid_Aggregate,28.6193
LNPEP,Brain_Cerebellar_Hemisphere,25.0354
LNPEP,Artery_Tibial,23.2543
LNPEP,Artery_Aorta,20.762
LNPEP,Brain_Cerebellum,18.9313
LNPEP,Stomach_Muscularis,18.2598
LNPEP,Skin_Sun_Exposed_Lower_leg,18.1494
LNPEP,Adipose_Subcutaneous,16.5543
LNPEP,Artery_Coronary,16.4115
LNPEP,Esophagus_Muscularis,16.2542
LNPEP,Esophagus_Gastroesophageal_Junction,16.1686
SLCO4C1,Kidney_Medulla,11.2761
SLCO4C1,Liver_Portal_Tract,6.51392
SLCO4C1,Whole_Blood,6.24575
SLCO4C1,Kidney_Cortex,5.69235
SLCO4C1,Minor_Salivary_Gland,3.26529
SLCO4C1,Lung,3.09317
SLCO4C1,Liver_Hepatocyte,2.91265
SLCO4C1,Liver_Mixed_Cell,2.70574
SLCO4C1,Testis,1.98208
SLCO4C1,Liver,1.96727
SLCO4C1,Spleen,1.49154
SLCO4C1,Cells_EBV-transformed_lymphocytes,1.2515
PAM,Heart_Atrial_Appendage,557.851
PAM,Artery_Aorta,469.629
PAM,Pancreas_Islets,300.658
PAM,Artery_Tibial,245.927
PAM,Artery_Coronary,224.923
PAM,Cervix_Endocervix,218.526
PAM,Cells_Cultured_fibroblasts,160.181
PAM,Heart_Left_Ventricle,139.423
PAM,Cervix_Ectocervix,129.995
PAM,Minor_Salivary_Gland,110.393
PAM,Adrenal_Gland,101.884
PAM,Ovary,99.9667
FER,Nerve_Tibial,14.7515
FER,Artery_Tibial,9.09424
FER,Thyroid,8.59976
FER,Uterus,8.4235
FER,Colon_Sigmoid,7.72355
FER,Cells_Cultured_fibroblasts,7.54607
FER,Cervix_Endocervix,7.49212
FER,Artery_Coronary,7.44129
FER,Esophagus_Gastroesophageal_Junction,7.33435
FER,Fallopian_Tube,7.09949
FER,Adipose_Subcutaneous,6.88599
FER,Artery_Aorta,6.76573
MAN2A1,Brain_Spinal_cord_cervical_c-1,57.1527
MAN2A1,Cells_Cultured_fibroblasts,42.1674
MAN2A1,Artery_Aorta,35.4467
MAN2A1,Artery_Tibial,28.2002
MAN2A1,Liver_Portal_Tract,25.1092
MAN2A1,Nerve_Tibial,24.9378
MAN2A1,Small_Intestine_Terminal_Ileum_Lymphoid_Aggregate,24.6236
MAN2A1,Liver_Mixed_Cell,23.8952
MAN2A1,Lung,23.6252
MAN2A1,Adrenal_Gland,23.2237
MAN2A1,Small_Intestine_Terminal_Ileum,22.9726
MAN2A1,Liver_Hepatocyte,22.7619
TSSK1B,Testis,20.528
TSSK1B,Liver_Portal_Tract,0.276498
KCNN2,Adrenal_Gland,15.1292
KCNN2,Pituitary,6.07262
KCNN2,Brain_Cerebellum,5.85569
KCNN2,Brain_Cerebellar_Hemisphere,4.77123
KCNN2,Brain_Cortex,3.43893
KCNN2,Brain_Frontal_Cortex_BA9,3.397
KCNN2,Cervix_Endocervix,3.16233
KCNN2,Brain_Hippocampus,2.97554
KCNN2,Brain_Spinal_cord_cervical_c-1,2.9717
KCNN2,Brain_Anterior_cingulate_cortex_BA24,2.9359
KCNN2,Prostate,2.79039
KCNN2,Liver,2.04454
LOX,Cells_Cultured_fibroblasts,279.302
LOX,Artery_Aorta,45.5785
LOX,Adipose_Subcutaneous,41.3959
LOX,Artery_Tibial,36.1401
LOX,Artery_Coronary,30.3469
LOX,Adipose_Visceral_Omentum,29.6967
LOX,Breast_Mammary_Tissue,29.2313
LOX,Lung,25.1226
LOX,Nerve_Tibial,21.3437
LOX,Skin_Sun_Exposed_Lower_leg,16.7077
LOX,Thyroid,15.0971
LOX,Heart_Atrial_Appendage,15.0962
CSNK1G3,Cells_Cultured_fibroblasts,28.2883
CSNK1G3,Nerve_Tibial,26.4775
CSNK1G3,Uterus,22.7493
CSNK1G3,Cervix_Endocervix,20.3686
CSNK1G3,Brain_Cerebellar_Hemisphere,19.9143
CSNK1G3,Ovary,19.1933
CSNK1G3,Adipose_Subcutaneous,18.9949
CSNK1G3,Cells_EBV-transformed_lymphocytes,18.7102
CSNK1G3,Artery_Aorta,18.6467
CSNK1G3,Vagina,17.8913
CSNK1G3,Artery_Tibial,17.0761
CSNK1G3,Breast_Mammary_Tissue,16.7494
CDC25C,Testis,28.2557
CDC25C,Cells_EBV-transformed_lymphocytes,13.5192
CDC25C,Cells_Cultured_fibroblasts,5.68055
CDC25C,Colon_Transverse_Mucosa,3.57186
CDC25C,Colon_Transverse_Mixed_Cell,2.82789
CDC25C,Small_Intestine_Terminal_Ileum_Mixed_Cell,2.77664
CDC25C,Esophagus_Mucosa,1.68294
CDC25C,Small_Intestine_Terminal_Ileum,1.38528
CDC25C,Small_Intestine_Terminal_Ileum_Lymphoid_Aggregate,1.21062
CDC25C,Colon_Transverse,1.08239
CDC25C,Spleen,1.04318
CDC25C,Skin_Sun_Exposed_Lower_leg,0.888577
STING1,Lung,156.285
STING1,Spleen,131.781
STING1,Fallopian_Tube,129.965
STING1,Artery_Aorta,129.761
STING1,Cervix_Endocervix,120.196
STING1,Artery_Coronary,116.047
STING1,Artery_Tibial,107.108
STING1,Adipose_Subcutaneous,102.82
STING1,Cervix_Ectocervix,100.048
STING1,Liver_Portal_Tract,98.7513
STING1,Uterus,95.1329
STING1,Nerve_Tibial,93.8834
HDAC3,Cells_EBV-transformed_lymphocytes,119.981
HDAC3,Small_Intestine_Terminal_Ileum_Lymphoid_Aggregate,116.19
HDAC3,Cervix_Endocervix,88.646
HDAC3,Skin_Sun_Exposed_Lower_leg,87.7807
HDAC3,Cells_Cultured_fibroblasts,86.5945
HDAC3,Ovary,84.412
HDAC3,Spleen,83.6799
HDAC3,Uterus,82.5218
HDAC3,Skin_Not_Sun_Exposed_Suprapubic,80.995
HDAC3,Cervix_Ectocervix,79.6315
HDAC3,Thyroid,78.742
HDAC3,Adrenal_Gland,78.2353
FGF1,Brain_Spinal_cord_cervical_c-1,249.642
FGF1,Brain_Substantia_nigra,189.071
FGF1,Nerve_Tibial,134.812
FGF1,Brain_Hippocampus,124.521
FGF1,Brain_Amygdala,115.785
FGF1,Brain_Putamen_basal_ganglia,115.058
FGF1,Brain_Hypothalamus,103.749
FGF1,Brain_Caudate_basal_ganglia,95.3543
FGF1,Brain_Nucleus_accumbens_basal_ganglia,63.3975
FGF1,Brain_Frontal_Cortex_BA9,55.3149
FGF1,Brain_Anterior_cingulate_cortex_BA24,54.145
FGF1,Brain_Cortex,47.0711
NR3C1,Cells_EBV-transformed_lymphocytes,52.0879
NR3C1,Nerve_Tibial,35.7116
NR3C1,Adipose_Subcutaneous,35.5645
NR3C1,Cells_Cultured_fibroblasts,34.4736
NR3C1,Artery_Tibial,34.2031
NR3C1,Brain_Cerebellar_Hemisphere,29.623
NR3C1,Adipose_Visceral_Omentum,27.7291
NR3C1,Breast_Mammary_Tissue,27.417
NR3C1,Lung,26.2805
NR3C1,Artery_Coronary,25.3726
NR3C1,Brain_Cerebellum,24.7412
NR3C1,Artery_Aorta,23.9648
HTR4,Artery_Coronary,3.67837
HTR4,Artery_Aorta,2.86437
HTR4,Heart_Atrial_Appendage,2.43609
HTR4,Small_Intestine_Terminal_Ileum,1.94075
HTR4,Artery_Tibial,1.56063
HTR4,Colon_Transverse_Mucosa,1.48929
HTR4,Colon_Transverse_Mixed_Cell,1.46251
HTR4,Colon_Transverse,1.29309
HTR4,Brain_Nucleus_accumbens_basal_ganglia,1.23037
HTR4,Small_Intestine_Terminal_Ileum_Mixed_Cell,1.16475
HTR4,Colon_Sigmoid,0.746067
HTR4,Pituitary,0.705582
ADRB2,Skin_Not_Sun_Exposed_Suprapubic,55.7828
ADRB2,Breast_Mammary_Tissue,51.3607
ADRB2,Skin_Sun_Exposed_Lower_leg,48.6908
ADRB2,Adipose_Subcutaneous,46.0255
ADRB2,Adipose_Visceral_Omentum,35.7236
ADRB2,Lung,29.6857
ADRB2,Vagina,23.028
ADRB2,Spleen,16.4413
ADRB2,Esophagus_Mucosa,15.5574
ADRB2,Cervix_Ectocervix,15.5315
ADRB2,Nerve_Tibial,11.3671
ADRB2,Prostate,10.7063
CSNK1A1,Esophagus_Mucosa,99.7739
CSNK1A1,Vagina,97.4482
CSNK1A1,Skin_Not_Sun_Exposed_Suprapubic,97.1194
CSNK1A1,Skin_Sun_Exposed_Lower_leg,92.9556
CSNK1A1,Cells_Cultured_fibroblasts,87.8934
CSNK1A1,Prostate,85.9567
CSNK1A1,Uterus,82.4516
CSNK1A1,Esophagus_Muscularis,81.0644
CSNK1A1,Artery_Aorta,80.8863
CSNK1A1,Lung,80.5179
CSNK1A1,Artery_Coronary,77.6699
CSNK1A1,Colon_Sigmoid,76.626
CSF1R,Spleen,233.319
CSF1R,Liver_Portal_Tract,77.8899
CSF1R,Nerve_Tibial,52.0341
CSF1R,Whole_Blood,46.3007
CSF1R,Lung,40.7482
CSF1R,Adipose_Subcutaneous,40.1414
CSF1R,Adipose_Visceral_Omentum,36.4223
CSF1R,Artery_Coronary,34.6539
CSF1R,Small_Intestine_Terminal_Ileum_Mixed_Cell,34.3379
CSF1R,Brain_Spinal_cord_cervical_c-1,33.8681
CSF1R,Small_Intestine_Terminal_Ileum,32.5617
CSF1R,Artery_Aorta,31.3296
PDGFRB,Artery_Tibial,370.859
PDGFRB,Cervix_Endocervix,335.822
PDGFRB,Adipose_Subcutaneous,321.744
PDGFRB,Artery_Coronary,296.534
PDGFRB,Artery_Aorta,287.716
PDGFRB,Uterus,260.449
PDGFRB,Cervix_Ectocervix,260.418
PDGFRB,Cells_Cultured_fibroblasts,238.563
PDGFRB,Fallopian_Tube,225.373
PDGFRB,Ovary,220.347
PDGFRB,Adipose_Visceral_Omentum,198.165
PDGFRB,Lung,196.476
CAMK2A,Brain_Frontal_Cortex_BA9,480.464
CAMK2A,Brain_Cortex,437.157
CAMK2A,Brain_Anterior_cingulate_cortex_BA24,367.292
CAMK2A,Brain_Hippocampus,312.194
CAMK2A,Brain_Amygdala,247.731
CAMK2A,Brain_Nucleus_accumbens_basal_ganglia,139.118
CAMK2A,Brain_Caudate_basal_ganglia,80.4771
CAMK2A,Brain_Putamen_basal_ganglia,66.2636
CAMK2A,Brain_Hypothalamus,42.7128
CAMK2A,Muscle_Skeletal,26.6215
CAMK2A,Brain_Cerebellum,10.7182
CAMK2A,Brain_Cerebellar_Hemisphere,6.52735
GLRA1,Pancreas_Islets,2.05227
GLRA1,Brain_Hypothalamus,0.755907
GLRA1,Brain_Substantia_nigra,0.491398
GLRA1,Brain_Cerebellum,0.319818
GLRA1,Brain_Cerebellar_Hemisphere,0.309711
GLRA1,Brain_Spinal_cord_cervical_c-1,0.231472
GLRA1,Brain_Putamen_basal_ganglia,0.127746
GLRA1,Pancreas,0.074689
GLRA1,Testis,0.073021
GLRA1,Brain_Caudate_basal_ganglia,0.067608
GLRA1,Pancreas_Mixed_Cell,0.059236
GLRA1,Brain_Frontal_Cortex_BA9,0.058412
NMUR2,Testis,3.1336
NMUR2,Thyroid,0.876512
NMUR2,Brain_Spinal_cord_cervical_c-1,0.828732
NMUR2,Brain_Hypothalamus,0.558775
NMUR2,Kidney_Medulla,0.475084
NMUR2,Lung,0.442583
NMUR2,Nerve_Tibial,0.325771
NMUR2,Brain_Substantia_nigra,0.269753
NMUR2,Brain_Cortex,0.241017
NMUR2,Pituitary,0.206466
NMUR2,Brain_Frontal_Cortex_BA9,0.16391
NMUR2,Brain_Hippocampus,0.154823
GRIA1,Brain_Cerebellum,72.8632
GRIA1,Brain_Cerebellar_Hemisphere,40.0775
GRIA1,Brain_Hippocampus,38.9763
GRIA1,Brain_Anterior_cingulate_cortex_BA24,33.923
GRIA1,Brain_Frontal_Cortex_BA9,32.957
GRIA1,Brain_Nucleus_accumbens_basal_ganglia,32.2757
GRIA1,Brain_Amygdala,27.948
GRIA1,Brain_Cortex,26.5853
GRIA1,Brain_Hypothalamus,25.6613
GRIA1,Brain_Caudate_basal_ganglia,21.3921
GRIA1,Artery_Aorta,20.7557
GRIA1,Brain_Putamen_basal_ganglia,15.4416
GALNT10,Ovary,48.7798
GALNT10,Cells_Cultured_fibroblasts,31.3949
GALNT10,Cells_EBV-transformed_lymphocytes,29.8082
GALNT10,Artery_Aorta,18.4836
GALNT10,Thyroid,16.9207
GALNT10,Artery_Coronary,16.0573
GALNT10,Lung,15.3631
GALNT10,Colon_Sigmoid,15.3599
GALNT10,Spleen,14.1132
GALNT10,Small_Intestine_Terminal_Ileum_Lymphoid_Aggregate,13.015
GALNT10,Nerve_Tibial,12.9547
GALNT10,Esophagus_Muscularis,12.056
ITK,Small_Intestine_Terminal_Ileum_Lymphoid_Aggregate,79.6855
ITK,Liver_Portal_Tract,27.2697
ITK,Small_Intestine_Terminal_Ileum_Mixed_Cell,20.2299
ITK,Spleen,19.3524
ITK,Whole_Blood,15.7575
ITK,Small_Intestine_Terminal_Ileum,10.3581
ITK,Lung,9.4465
ITK,Adipose_Visceral_Omentum,3.99108
ITK,Cervix_Ectocervix,2.92048
ITK,Colon_Transverse_Mucosa,2.60759
ITK,Fallopian_Tube,2.52091
ITK,Bladder,2.50949
ADRA1B,Artery_Aorta,29.212
ADRA1B,Spleen,16.6198
ADRA1B,Artery_Tibial,13.2694
ADRA1B,Brain_Frontal_Cortex_BA9,9.05198
ADRA1B,Brain_Cortex,8.39521
ADRA1B,Brain_Anterior_cingulate_cortex_BA24,8.33076
ADRA1B,Liver,6.61939
ADRA1B,Adipose_Visceral_Omentum,5.29303
ADRA1B,Lung,5.20857
ADRA1B,Liver_Hepatocyte,4.98187
ADRA1B,Fallopian_Tube,4.84355
ADRA1B,Liver_Mixed_Cell,4.82337
GABRB2,Brain_Cerebellar_Hemisphere,70.437
GABRB2,Brain_Cerebellum,47.0865
GABRB2,Brain_Frontal_Cortex_BA9,35.1506
GABRB2,Brain_Cortex,17.6787
GABRB2,Brain_Anterior_cingulate_cortex_BA24,14.4943
GABRB2,Brain_Nucleus_accumbens_basal_ganglia,8.63936
GABRB2,Brain_Caudate_basal_ganglia,7.07278
GABRB2,Brain_Putamen_basal_ganglia,5.29404
GABRB2,Brain_Amygdala,5.29155
GABRB2,Brain_Hippocampus,5.20458
GABRB2,Brain_Hypothalamus,3.74816
GABRB2,Brain_Substantia_nigra,1.84955
GABRA6,Brain_Cerebellar_Hemisphere,356.647
GABRA6,Brain_Cerebellum,250.227
GABRA6,Testis,0.906944
GABRA6,Brain_Frontal_Cortex_BA9,0.628114
GABRA6,Brain_Spinal_cord_cervical_c-1,0.581589
GABRA6,Brain_Cortex,0.475335
GABRA6,Brain_Nucleus_accumbens_basal_ganglia,0.368655
GABRA6,Brain_Anterior_cingulate_cortex_BA24,0.272609
GABRA6,Brain_Caudate_basal_ganglia,0.221887
GABRA6,Brain_Putamen_basal_ganglia,0.155753
GABRA6,Brain_Hippocampus,0.149985
GABRA6,Brain_Amygdala,0.148476
GABRA1,Brain_Cerebellar_Hemisphere,96.3928
GABRA1,Brain_Frontal_Cortex_BA9,66.2055
GABRA1,Brain_Cerebellum,65.2629
GABRA1,Brain_Cortex,35.2428
GABRA1,Brain_Anterior_cingulate_cortex_BA24,27.8985
GABRA1,Brain_Hypothalamus,9.68815
GABRA1,Brain_Hippocampus,9.6575
GABRA1,Brain_Nucleus_accumbens_basal_ganglia,9.25065
GABRA1,Brain_Amygdala,8.88619
GABRA1,Brain_Caudate_basal_ganglia,5.22115
GABRA1,Brain_Putamen_basal_ganglia,4.77744
GABRA1,Brain_Substantia_nigra,4.01596
GABRG2,Brain_Cerebellar_Hemisphere,20.7502
GABRG2,Brain_Frontal_Cortex_BA9,19.2531
GABRG2,Brain_Cerebellum,15.6486
GABRG2,Brain_Cortex,10.7896
GABRG2,Brain_Nucleus_accumbens_basal_ganglia,8.27432
GABRG2,Brain_Hypothalamus,8.09173
GABRG2,Brain_Anterior_cingulate_cortex_BA24,7.20888
GABRG2,Brain_Caudate_basal_ganglia,3.52668
GABRG2,Pituitary,3.36296
GABRG2,Brain_Amygdala,3.06729
GABRG2,Brain_Hippocampus,3.0081
GABRG2,Brain_Putamen_basal_ganglia,2.42258
DUSP1,Artery_Aorta,2069.39
DUSP1,Artery_Tibial,1919.87
DUSP1,Stomach_Muscularis,1553.18
DUSP1,Adipose_Visceral_Omentum,1521.4
DUSP1,Skin_Not_Sun_Exposed_Suprapubic,1510.47
DUSP1,Lung,1414.59
DUSP1,Adipose_Subcutaneous,1316.51
DUSP1,Whole_Blood,1299.36
DUSP1,Fallopian_Tube,1288.81
DUSP1,Artery_Coronary,1256.71
DUSP1,Skin_Sun_Exposed_Lower_leg,1161.25
DUSP1,Nerve_Tibial,1154.44
DRD1,Brain_Nucleus_accumbens_basal_ganglia,34.5691
DRD1,Brain_Caudate_basal_ganglia,28.7365
DRD1,Brain_Putamen_basal_ganglia,23.187
DRD1,Brain_Frontal_Cortex_BA9,5.81803
DRD1,Brain_Cortex,4.46928
DRD1,Brain_Anterior_cingulate_cortex_BA24,3.73393
DRD1,Brain_Amygdala,2.15809
DRD1,Bladder,1.42785
DRD1,Prostate,1.22653
DRD1,Lung,1.18588
DRD1,Brain_Hippocampus,1.15144
DRD1,Liver_Portal_Tract,1.09547
HRH2,Whole_Blood,133.155
HRH2,Spleen,26.4783
HRH2,Stomach_Mucosa,26.2343
HRH2,Stomach_Mixed_Cell,23.823
HRH2,Stomach,18.8095
HRH2,Brain_Caudate_basal_ganglia,14.3768
HRH2,Brain_Frontal_Cortex_BA9,14.3502
HRH2,Brain_Cortex,14.1775
HRH2,Liver_Portal_Tract,14.1054
HRH2,Brain_Nucleus_accumbens_basal_ganglia,13.9746
HRH2,Brain_Putamen_basal_ganglia,12.2113
HRH2,Heart_Left_Ventricle,12.0328
FGFR4,Lung,115.245
FGFR4,Liver_Portal_Tract,70.6269
FGFR4,Liver,51.8037
FGFR4,Ovary,47.2576
FGFR4,Liver_Hepatocyte,45.8946
FGFR4,Liver_Mixed_Cell,42.8869
FGFR4,Spleen,36.6705
FGFR4,Kidney_Cortex,33.9214
FGFR4,Colon_Transverse_Mucosa,33.3768
FGFR4,Colon_Transverse_Mixed_Cell,30.9888
FGFR4,Small_Intestine_Terminal_Ileum,29.9205
FGFR4,Kidney_Medulla,26.5663
F12,Liver,347.111
F12,Liver_Hepatocyte,240.675
F12,Liver_Mixed_Cell,204.359
F12,Liver_Portal_Tract,52.6854
F12,Esophagus_Mucosa,8.13329
F12,Brain_Nucleus_accumbens_basal_ganglia,5.55111
F12,Skin_Sun_Exposed_Lower_leg,4.34827
F12,Skin_Not_Sun_Exposed_Suprapubic,4.31921
F12,Vagina,4.31506
F12,Cells_EBV-transformed_lymphocytes,4.21153
F12,Whole_Blood,4.14487
F12,Brain_Caudate_basal_ganglia,3.75208
GRK6,Whole_Blood,192.519
GRK6,Small_Intestine_Terminal_Ileum_Lymphoid_Aggregate,118.084
GRK6,Spleen,86.6553
GRK6,Cells_EBV-transformed_lymphocytes,73.7687
GRK6,Small_Intestine_Terminal_Ileum_Mixed_Cell,50.8623
GRK6,Testis,38.3384
GRK6,Liver_Portal_Tract,37.7846
GRK6,Lung,33.2129
GRK6,Small_Intestine_Terminal_Ileum,28.2185
GRK6,Colon_Transverse_Mixed_Cell,25.6439
GRK6,Stomach_Muscularis,25.5512
GRK6,Uterus,24.4669
CLK4,Brain_Cerebellum,174.763
CLK4,Brain_Cerebellar_Hemisphere,162.587
CLK4,Small_Intestine_Terminal_Ileum_Lymphoid_Aggregate,52.8551
CLK4,Nerve_Tibial,46.7557
CLK4,Cervix_Endocervix,41.4389
CLK4,Thyroid,39.7886
CLK4,Uterus,37.2586
CLK4,Ovary,35.813
CLK4,Spleen,35.4643
CLK4,Vagina,34.3125
CLK4,Liver_Portal_Tract,34.3091
CLK4,Fallopian_Tube,33.6817
GRM6,Testis,1.88323
GRM6,Pituitary,1.6463
GRM6,Brain_Cerebellum,1.02627
GRM6,Brain_Cerebellar_Hemisphere,0.989195
GRM6,Liver_Portal_Tract,0.858428
GRM6,Prostate,0.794126
GRM6,Pancreas_Islets,0.793684
GRM6,Cervix_Endocervix,0.537327
GRM6,Fallopian_Tube,0.488997
GRM6,Brain_Hypothalamus,0.439578
GRM6,Uterus,0.434534
GRM6,Thyroid,0.428565
MAPK9,Brain_Cerebellar_Hemisphere,93.6877
MAPK9,Brain_Cerebellum,66.9825
MAPK9,Brain_Frontal_Cortex_BA9,57.4572
MAPK9,Brain_Anterior_cingulate_cortex_BA24,36.5625
MAPK9,Brain_Cortex,34.0605
MAPK9,Brain_Hypothalamus,27.5694
MAPK9,Brain_Nucleus_accumbens_basal_ganglia,27.3012
MAPK9,Brain_Spinal_cord_cervical_c-1,22.7049
MAPK9,Artery_Tibial,22.1813
MAPK9,Brain_Caudate_basal_ganglia,21.3901
MAPK9,Brain_Hippocampus,20.0408
MAPK9,Brain_Amygdala,19.708
FLT4,Thyroid,67.5491
FLT4,Lung,37.483
FLT4,Spleen,35.3205
FLT4,Liver_Portal_Tract,33.9508
FLT4,Breast_Mammary_Tissue,30.2393
FLT4,Adipose_Visceral_Omentum,30.0357
FLT4,Fallopian_Tube,25.5016
FLT4,Adipose_Subcutaneous,23.6102
FLT4,Uterus,23.489
FLT4,Kidney_Medulla,22.8692
FLT4,Cervix_Endocervix,22.372
FLT4,Kidney_Cortex,20.4253
NQO2,Whole_Blood,93.0477
NQO2,Adrenal_Gland,76.6814
NQO2,Kidney_Cortex,47.9138
NQO2,Liver_Mixed_Cell,47.5051
NQO2,Adipose_Subcutaneous,46.8082
NQO2,Liver_Hepatocyte,41.7976
NQO2,Artery_Coronary,41.1798
NQO2,Muscle_Skeletal,40.5971
NQO2,Liver,39.233
NQO2,Brain_Cerebellar_Hemisphere,38.6031
NQO2,Adipose_Visceral_Omentum,38.5015
NQO2,Artery_Tibial,38.4727
RIPK1,Liver_Portal_Tract,33.7891
RIPK1,Small_Intestine_Terminal_Ileum_Lymphoid_Aggregate,23.467
RIPK1,Adipose_Subcutaneous,22.6578
RIPK1,Skin_Sun_Exposed_Lower_leg,22.6549
RIPK1,Spleen,22.5576
RIPK1,Skin_Not_Sun_Exposed_Suprapubic,22.2399
RIPK1,Small_Intestine_Terminal_Ileum,21.522
RIPK1,Thyroid,21.1418
RIPK1,Uterus,20.2077
RIPK1,Breast_Mammary_Tissue,19.9066
RIPK1,Fallopian_Tube,19.862
RIPK1,Nerve_Tibial,19.781
F13A1,Adipose_Visceral_Omentum,117.586
F13A1,Adipose_Subcutaneous,112.162
F13A1,Artery_Coronary,62.1212
F13A1,Artery_Aorta,59.7279
F13A1,Breast_Mammary_Tissue,56.8637
F13A1,Bladder,55.3364
F13A1,Nerve_Tibial,48.955
F13A1,Esophagus_Muscularis,42.9026
F13A1,Lung,42.4817
F13A1,Esophagus_Gastroesophageal_Junction,40.9136
F13A1,Colon_Transverse_Muscularis,37.584
F13A1,Stomach_Muscularis,37.2322
ADTRP,Colon_Transverse_Mucosa,44.8054
ADTRP,Colon_Transverse_Mixed_Cell,36.0589
ADTRP,Small_Intestine_Terminal_Ileum_Mixed_Cell,23.6909
ADTRP,Small_Intestine_Terminal_Ileum,17.09
ADTRP,Testis,14.2275
ADTRP,Colon_Transverse,13.5334
ADTRP,Stomach_Mucosa,12.1242
ADTRP,Skin_Not_Sun_Exposed_Suprapubic,12.0396
ADTRP,Stomach_Mixed_Cell,11.5305
ADTRP,Stomach,8.67129
ADTRP,Skin_Sun_Exposed_Lower_leg,8.27144
ADTRP,Small_Intestine_Terminal_Ileum_Lymphoid_Aggregate,6.91899
SIRT5,Brain_Cerebellar_Hemisphere,9.09485
SIRT5,Brain_Cerebellum,8.60086
SIRT5,Small_Intestine_Terminal_Ileum_Lymphoid_Aggregate,8.01428
SIRT5,Thyroid,7.94199
SIRT5,Ovary,7.91206
SIRT5,Spleen,7.74991
SIRT5,Heart_Left_Ventricle,7.01028
SIRT5,Cells_EBV-transformed_lymphocytes,6.91542
SIRT5,Testis,6.72
SIRT5,Brain_Frontal_Cortex_BA9,6.677
SIRT5,Fallopian_Tube,6.47472
SIRT5,Pituitary,6.46094
TPMT,Thyroid,91.8054
TPMT,Colon_Transverse_Mixed_Cell,48.06
TPMT,Colon_Transverse_Mucosa,44.2753
TPMT,Liver_Mixed_Cell,38.673
TPMT,Liver_Hepatocyte,36.1781
TPMT,Brain_Cerebellar_Hemisphere,33.6305
TPMT,Liver,28.0795
TPMT,Kidney_Cortex,27.1278
TPMT,Brain_Frontal_Cortex_BA9,26.9747
TPMT,Small_Intestine_Terminal_Ileum_Mixed_Cell,26.5729
TPMT,Brain_Cerebellum,24.6798
TPMT,Kidney_Medulla,24.4154
TDP2,Colon_Transverse_Mixed_Cell,117.885
TDP2,Colon_Transverse_Mucosa,114.867
TDP2,Small_Intestine_Terminal_Ileum_Mixed_Cell,65.7389
TDP2,Small_Intestine_Terminal_Ileum,62.756
TDP2,Whole_Blood,62.1399
TDP2,Colon_Transverse,50.9151
TDP2,Brain_Cerebellar_Hemisphere,50.5825
TDP2,Small_Intestine_Terminal_Ileum_Lymphoid_Aggregate,49.6402
TDP2,Prostate,47.6077
TDP2,Cells_EBV-transformed_lymphocytes,46.8329
TDP2,Pancreas_Islets,42.0487
TDP2,Cells_Cultured_fibroblasts,41.4432
BTN3A1,Small_Intestine_Terminal_Ileum_Lymphoid_Aggregate,148.54
BTN3A1,Spleen,116.564
BTN3A1,Small_Intestine_Terminal_Ileum_Mixed_Cell,64.3469
BTN3A1,Liver_Portal_Tract,64.1763
BTN3A1,Lung,50.0303
BTN3A1,Whole_Blood,48.8617
BTN3A1,Cervix_Endocervix,45.7213
BTN3A1,Cells_EBV-transformed_lymphocytes,43.4157
BTN3A1,Small_Intestine_Terminal_Ileum,41.8999
BTN3A1,Cervix_Ectocervix,39.9418
BTN3A1,Fallopian_Tube,39.4646
BTN3A1,Uterus,37.5908
GABBR1,Brain_Cerebellar_Hemisphere,337.511
GABBR1,Brain_Cerebellum,292.671
GABBR1,Brain_Nucleus_accumbens_basal_ganglia,238.808
GABBR1,Brain_Frontal_Cortex_BA9,216.999
GABBR1,Brain_Anterior_cingulate_cortex_BA24,210.36
GABBR1,Uterus,186.304
GABBR1,Brain_Cortex,176.58
GABBR1,Brain_Caudate_basal_ganglia,168.574
GABBR1,Cervix_Endocervix,160.794
GABBR1,Brain_Amygdala,147.287
GABBR1,Ovary,147.279
GABBR1,Fallopian_Tube,145.949
HLA-A,Whole_Blood,862.399
HLA-A,Cells_EBV-transformed_lymphocytes,601.385
HLA-A,Spleen,465.913
HLA-A,Lung,381.503
HLA-A,Small_Intestine_Terminal_Ileum_Lymphoid_Aggregate,376.152
HLA-A,Small_Intestine_Terminal_Ileum_Mixed_Cell,343.843
HLA-A,Small_Intestine_Terminal_Ileum,281.97
HLA-A,Colon_Transverse_Mixed_Cell,264.81
HLA-A,Colon_Transverse_Mucosa,235.7
HLA-A,Adipose_Subcutaneous,219.298
HLA-A,Uterus,213.987
HLA-A,Thyroid,210.765
LTA,Cells_EBV-transformed_lymphocytes,306.668
LTA,Small_Intestine_Terminal_Ileum_Lymphoid_Aggregate,11.7135
LTA,Testis,9.76194
LTA,Spleen,9.30761
LTA,Whole_Blood,5.52914
LTA,Small_Intestine_Terminal_Ileum_Mixed_Cell,3.20651
LTA,Liver_Portal_Tract,1.6974
LTA,Small_Intestine_Terminal_Ileum,1.42947
LTA,Brain_Cerebellum,1.3321
LTA,Brain_Cerebellar_Hemisphere,1.31357
LTA,Lung,0.868435
LTA,Prostate,0.516629
TNF,Cells_EBV-transformed_lymphocytes,141.946
TNF,Small_Intestine_Terminal_Ileum_Lymphoid_Aggregate,17.6555
TNF,Spleen,10.2362
TNF,Liver_Portal_Tract,8.11884
TNF,Whole_Blood,6.54356
TNF,Lung,2.78309
TNF,Small_Intestine_Terminal_Ileum_Mixed_Cell,2.77484
TNF,Small_Intestine_Terminal_Ileum,2.11557
TNF,Skin_Not_Sun_Exposed_Suprapubic,1.72703
TNF,Skin_Sun_Exposed_Lower_leg,1.24466
TNF,Kidney_Medulla,1.15147
TNF,Adipose_Visceral_Omentum,1.10775
ABHD16A,Pituitary,108.5
ABHD16A,Pancreas_Islets,89.3645
ABHD16A,Testis,87.2432
ABHD16A,Brain_Cerebellar_Hemisphere,80.5804
ABHD16A,Brain_Cerebellum,76.8423
ABHD16A,Whole_Blood,71.3591
ABHD16A,Thyroid,66.5887
ABHD16A,Fallopian_Tube,64.7881
ABHD16A,Uterus,64.0134
ABHD16A,Cervix_Endocervix,60.8267
ABHD16A,Spleen,57.4213
ABHD16A,Prostate,56.6677
HSPA1A,Whole_Blood,250.172
HSPA1A,Kidney_Medulla,173.842
HSPA1A,Brain_Spinal_cord_cervical_c-1,149.359
HSPA1A,Colon_Sigmoid,139.865
HSPA1A,Liver,124.601
HSPA1A,Lung,123.296
HSPA1A,Kidney_Cortex,122.507
HSPA1A,Uterus,119.571
HSPA1A,Artery_Aorta,116.852
HSPA1A,Pituitary,115.462
HSPA1A,Prostate,114.961
HSPA1A,Stomach_Muscularis,114.585
EHMT2,Brain_Cerebellum,69.5794
EHMT2,Brain_Cerebellar_Hemisphere,67.3105
EHMT2,Uterus,66.1357
EHMT2,Cervix_Endocervix,55.2983
EHMT2,Testis,55.1616
EHMT2,Ovary,49.832
EHMT2,Brain_Nucleus_accumbens_basal_ganglia,49.6757
EHMT2,Brain_Cortex,49.6732
EHMT2,Fallopian_Tube,48.6505
EHMT2,Nerve_Tibial,46.6727
EHMT2,Brain_Frontal_Cortex_BA9,44.0975
EHMT2,Small_Intestine_Terminal_Ileum_Lymphoid_Aggregate,41.6614
CYP21A2,Adrenal_Gland,1752.96
CYP21A2,Liver_Hepatocyte,43.3748
CYP21A2,Liver_Mixed_Cell,36.6322
CYP21A2,Liver,18.3644
CYP21A2,Liver_Portal_Tract,8.11824
CYP21A2,Ovary,5.04397
CYP21A2,Spleen,3.70818
CYP21A2,Colon_Transverse_Muscularis,3.66651
CYP21A2,Fallopian_Tube,3.61157
CYP21A2,Nerve_Tibial,3.10273
CYP21A2,Kidney_Cortex,2.80658
CYP21A2,Thyroid,2.75586
AGER,Lung,1131.5
AGER,Thyroid,112.797
AGER,Small_Intestine_Terminal_Ileum_Lymphoid_Aggregate,68.9443
AGER,Spleen,56.8132
AGER,Liver_Portal_Tract,41.0457
AGER,Fallopian_Tube,34.3429
AGER,Whole_Blood,32.8852
AGER,Prostate,31.4466
AGER,Colon_Transverse_Muscularis,29.6234
AGER,Pituitary,29.3918
AGER,Brain_Cerebellum,28.0421
AGER,Uterus,27.2017
PSMB8,Cells_EBV-transformed_lymphocytes,458.824
PSMB8,Spleen,311.02
PSMB8,Small_Intestine_Terminal_Ileum_Lymphoid_Aggregate,285.583
PSMB8,Whole_Blood,228.213
PSMB8,Small_Intestine_Terminal_Ileum_Mixed_Cell,228.203
PSMB8,Colon_Transverse_Mixed_Cell,180.335
PSMB8,Lung,178.805
PSMB8,Small_Intestine_Terminal_Ileum,169.862
PSMB8,Colon_Transverse_Mucosa,153.21
PSMB8,Liver_Portal_Tract,143.045
PSMB8,Adipose_Subcutaneous,121.099
PSMB8,Colon_Transverse,118.396
BRD2,Thyroid,194.594
BRD2,Cervix_Endocervix,176.731
BRD2,Uterus,176.555
BRD2,Small_Intestine_Terminal_Ileum_Lymphoid_Aggregate,174.913
BRD2,Ovary,171.487
BRD2,Testis,169.53
BRD2,Fallopian_Tube,166.871
BRD2,Brain_Cerebellar_Hemisphere,159.127
BRD2,Brain_Cerebellum,158.772
BRD2,Nerve_Tibial,157.16
BRD2,Spleen,156.786
BRD2,Cells_EBV-transformed_lymphocytes,153.127
RXRB,Small_Intestine_Terminal_Ileum_Lymphoid_Aggregate,113.788
RXRB,Thyroid,113.344
RXRB,Brain_Cerebellum,107.117
RXRB,Cervix_Endocervix,102.494
RXRB,Uterus,102.028
RXRB,Fallopian_Tube,100.707
RXRB,Nerve_Tibial,97.5878
RXRB,Brain_Cerebellar_Hemisphere,95.6291
RXRB,Ovary,94.5139
RXRB,Spleen,91.4708
RXRB,Artery_Aorta,89.8253
RXRB,Pituitary,86.2824
KIFC1,Cells_EBV-transformed_lymphocytes,110.851
KIFC1,Cells_Cultured_fibroblasts,32.2523
KIFC1,Testis,29.2185
KIFC1,Esophagus_Mucosa,15.4339
KIFC1,Small_Intestine_Terminal_Ileum_Mixed_Cell,12.3133
KIFC1,Colon_Transverse_Mixed_Cell,10.4818
KIFC1,Small_Intestine_Terminal_Ileum_Lymphoid_Aggregate,9.64529
KIFC1,Colon_Transverse_Mucosa,9.27366
KIFC1,Small_Intestine_Terminal_Ileum,6.99404
KIFC1,Spleen,6.73002
KIFC1,Skin_Not_Sun_Exposed_Suprapubic,6.56622
KIFC1,Skin_Sun_Exposed_Lower_leg,6.47543
ITPR3,Nerve_Tibial,144.235
ITPR3,Thyroid,140.007
ITPR3,Skin_Not_Sun_Exposed_Suprapubic,111.403
ITPR3,Skin_Sun_Exposed_Lower_leg,111.264
ITPR3,Spleen,85.8701
ITPR3,Lung,77.0263
ITPR3,Small_Intestine_Terminal_Ileum,69.3749
ITPR3,Small_Intestine_Terminal_Ileum_Lymphoid_Aggregate,66.7214
ITPR3,Small_Intestine_Terminal_Ileum_Mixed_Cell,60.1415
ITPR3,Vagina,58.0384
ITPR3,Colon_Transverse_Mucosa,56.6785
ITPR3,Colon_Transverse_Mixed_Cell,53.3767
GRM4,Brain_Cerebellar_Hemisphere,301.981
GRM4,Brain_Cerebellum,295.976
GRM4,Brain_Nucleus_accumbens_basal_ganglia,10.562
GRM4,Brain_Caudate_basal_ganglia,6.90525
GRM4,Pancreas_Islets,6.29058
GRM4,Brain_Putamen_basal_ganglia,4.74767
GRM4,Brain_Hypothalamus,1.74476
GRM4,Brain_Frontal_Cortex_BA9,1.71842
GRM4,Testis,1.56532
GRM4,Brain_Cortex,1.43782
GRM4,Brain_Anterior_cingulate_cortex_BA24,1.37212
GRM4,Brain_Spinal_cord_cervical_c-1,1.1154
PPARD,Thyroid,86.5912
PPARD,Esophagus_Mucosa,55.8726
PPARD,Ovary,55.2139
PPARD,Liver_Portal_Tract,55.0425
PPARD,Small_Intestine_Terminal_Ileum_Lymphoid_Aggregate,54.5619
PPARD,Vagina,54.3502
PPARD,Spleen,50.6767
PPARD,Cells_Cultured_fibroblasts,49.1424
PPARD,Prostate,48.8165
PPARD,Lung,48.4548
PPARD,Brain_Cerebellum,48.0316
PPARD,Cervix_Ectocervix,47.382
FKBP5,Muscle_Skeletal,179.68
FKBP5,Esophagus_Muscularis,170.455
FKBP5,Nerve_Tibial,168.197
FKBP5,Esophagus_Gastroesophageal_Junction,157.924
FKBP5,Artery_Tibial,130.525
FKBP5,Stomach_Muscularis,129.939
FKBP5,Adipose_Subcutaneous,119.541
FKBP5,Cells_Cultured_fibroblasts,118.168
FKBP5,Artery_Coronary,109.15
FKBP5,Adipose_Visceral_Omentum,106.842
FKBP5,Bladder,102.533
FKBP5,Small_Intestine_Terminal_Ileum_Lymphoid_Aggregate,101.429
SRPK1,Whole_Blood,58.0592
SRPK1,Cells_EBV-transformed_lymphocytes,51.0192
SRPK1,Testis,48.3757
SRPK1,Cells_Cultured_fibroblasts,30.7261
SRPK1,Skin_Sun_Exposed_Lower_leg,28.7224
SRPK1,Skin_Not_Sun_Exposed_Suprapubic,27.0303
SRPK1,Esophagus_Mucosa,23.5486
SRPK1,Brain_Cerebellar_Hemisphere,22.6887
SRPK1,Colon_Transverse_Mucosa,22.5994
SRPK1,Colon_Transverse_Mixed_Cell,20.9947
SRPK1,Vagina,20.3829
SRPK1,Small_Intestine_Terminal_Ileum_Lymphoid_Aggregate,19.6712
MAPK14,Whole_Blood,84.488
MAPK14,Uterus,48.99
MAPK14,Spleen,42.9104
MAPK14,Cervix_Endocervix,36.0287
MAPK14,Bladder,35.2874
MAPK14,Fallopian_Tube,34.9718
MAPK14,Cervix_Ectocervix,34.2958
MAPK14,Vagina,32.5327
MAPK14,Skin_Sun_Exposed_Lower_leg,31.9772
MAPK14,Lung,31.6374
MAPK14,Cells_Cultured_fibroblasts,31.3438
MAPK14,Nerve_Tibial,31.2889
MAPK13,Skin_Sun_Exposed_Lower_leg,65.3651
MAPK13,Skin_Not_Sun_Exposed_Suprapubic,63.8479
MAPK13,Esophagus_Mucosa,62.8455
MAPK13,Colon_Transverse_Mucosa,53.2185
MAPK13,Colon_Transverse_Mixed_Cell,49.801
MAPK13,Adrenal_Gland,41.9242
MAPK13,Small_Intestine_Terminal_Ileum_Mixed_Cell,40.7128
MAPK13,Testis,39.9267
MAPK13,Vagina,38.2706
MAPK13,Minor_Salivary_Gland,36.1593
MAPK13,Pituitary,33.9301
MAPK13,Whole_Blood,32.7257
PIM1,Esophagus_Mucosa,242.462
PIM1,Whole_Blood,195.085
PIM1,Adipose_Visceral_Omentum,183.752
PIM1,Vagina,179.025
PIM1,Skin_Sun_Exposed_Lower_leg,174.271
PIM1,Skin_Not_Sun_Exposed_Suprapubic,167.285
PIM1,Cervix_Ectocervix,165.327
PIM1,Liver_Portal_Tract,138.128
PIM1,Fallopian_Tube,125.993
PIM1,Stomach_Muscularis,121.259
PIM1,Bladder,107.211
PIM1,Spleen,102.792
GLO1,Cells_Cultured_fibroblasts,184.672
GLO1,Cells_EBV-transformed_lymphocytes,175.443
GLO1,Ovary,144.135
GLO1,Prostate,110.736
GLO1,Cervix_Endocervix,108.841
GLO1,Skin_Sun_Exposed_Lower_leg,102.758
GLO1,Fallopian_Tube,101.727
GLO1,Nerve_Tibial,101.316
GLO1,Small_Intestine_Terminal_Ileum_Lymphoid_Aggregate,99.8604
GLO1,Brain_Frontal_Cortex_BA9,99.6842
GLO1,Skin_Not_Sun_Exposed_Suprapubic,98.9101
GLO1,Uterus,98.9052
TFEB,Small_Intestine_Terminal_Ileum_Lymphoid_Aggregate,95.7899
TFEB,Cells_EBV-transformed_lymphocytes,58.0615
TFEB,Whole_Blood,51.1448
TFEB,Spleen,36.7982
TFEB,Pancreas_Islets,36.1099
TFEB,Small_Intestine_Terminal_Ileum_Mixed_Cell,33.2043
TFEB,Brain_Spinal_cord_cervical_c-1,27.5762
TFEB,Muscle_Skeletal,25.731
TFEB,Nerve_Tibial,22.1474
TFEB,Pituitary,21.883
TFEB,Thyroid,20.8116
TFEB,Colon_Sigmoid,18.5318
DNPH1,Small_Intestine_Terminal_Ileum_Mixed_Cell,115.755
DNPH1,Cells_EBV-transformed_lymphocytes,104.594
DNPH1,Colon_Transverse_Mixed_Cell,90.8211
DNPH1,Adrenal_Gland,81.0956
DNPH1,Kidney_Cortex,79.5128
DNPH1,Fallopian_Tube,78.0498
DNPH1,Kidney_Medulla,73.1246
DNPH1,Cells_Cultured_fibroblasts,72.9613
DNPH1,Brain_Nucleus_accumbens_basal_ganglia,69.1466
DNPH1,Small_Intestine_Terminal_Ileum,68.7046
DNPH1,Liver_Mixed_Cell,68.293
DNPH1,Colon_Transverse_Mucosa,66.6007
POLH,Cells_EBV-transformed_lymphocytes,24.0295
POLH,Cells_Cultured_fibroblasts,21.0817
POLH,Testis,13.1926
POLH,Small_Intestine_Terminal_Ileum_Lymphoid_Aggregate,10.5735
POLH,Thyroid,8.85434
POLH,Skin_Sun_Exposed_Lower_leg,7.92563
POLH,Uterus,7.40085
POLH,Cervix_Endocervix,7.31086
POLH,Cervix_Ectocervix,7.08111
POLH,Skin_Not_Sun_Exposed_Suprapubic,7.05873
POLH,Artery_Aorta,6.96625
POLH,Spleen,6.90658
VEGFA,Thyroid,646.603
VEGFA,Uterus,269.903
VEGFA,Adipose_Visceral_Omentum,211.9
VEGFA,Liver_Hepatocyte,200.479
VEGFA,Prostate,191.764
VEGFA,Liver_Portal_Tract,170.981
VEGFA,Lung,169.995
VEGFA,Spleen,151.57
VEGFA,Liver_Mixed_Cell,148.352
VEGFA,Liver,147.639
VEGFA,Muscle_Skeletal,135.996
VEGFA,Heart_Atrial_Appendage,131.413
SLC29A1,Stomach_Muscularis,179.473
SLC29A1,Esophagus_Gastroesophageal_Junction,178.587
SLC29A1,Artery_Aorta,177.239
SLC29A1,Colon_Sigmoid,150.694
SLC29A1,Adipose_Subcutaneous,149.936
SLC29A1,Pancreas_Islets,146.452
SLC29A1,Esophagus_Muscularis,142.362
SLC29A1,Artery_Coronary,137.317
SLC29A1,Artery_Tibial,135.738
SLC29A1,Breast_Mammary_Tissue,126.701
SLC29A1,Colon_Transverse_Muscularis,117.376
SLC29A1,Adrenal_Gland,106.493
HSP90AB1,Cells_EBV-transformed_lymphocytes,1958.05
HSP90AB1,Ovary,1954.47
HSP90AB1,Uterus,1162.58
HSP90AB1,Cervix_Endocervix,1124.4
HSP90AB1,Fallopian_Tube,1114.47
HSP90AB1,Artery_Aorta,1109.28
HSP90AB1,Cells_Cultured_fibroblasts,1103.62
HSP90AB1,Pituitary,1031.78
HSP90AB1,Cervix_Ectocervix,1020.13
HSP90AB1,Muscle_Skeletal,975.235
HSP90AB1,Vagina,963.128
HSP90AB1,Bladder,956.472
PLA2G7,Spleen,28.2986
PLA2G7,Thyroid,16.9615
PLA2G7,Lung,11.7394
PLA2G7,Small_Intestine_Terminal_Ileum_Lymphoid_Aggregate,10.289
PLA2G7,Prostate,7.88588
PLA2G7,Small_Intestine_Terminal_Ileum_Mixed_Cell,6.59374
PLA2G7,Liver_Portal_Tract,5.80673
PLA2G7,Colon_Transverse_Mixed_Cell,5.01433
PLA2G7,Adipose_Subcutaneous,4.34076
PLA2G7,Brain_Spinal_cord_cervical_c-1,3.70391
PLA2G7,Whole_Blood,3.62232
PLA2G7,Small_Intestine_Terminal_Ileum,3.5971
ADGRF1,Kidney_Medulla,25.0404
ADGRF1,Esophagus_Mucosa,16.0856
ADGRF1,Kidney_Cortex,13.9967
ADGRF1,Thyroid,11.1127
ADGRF1,Liver_Portal_Tract,6.44375
ADGRF1,Vagina,6.10019
ADGRF1,Bladder,4.83615
ADGRF1,Cervix_Ectocervix,3.89516
ADGRF1,Minor_Salivary_Gland,3.46104
ADGRF1,Prostate,2.25728
ADGRF1,Lung,1.87454
ADGRF1,Small_Intestine_Terminal_Ileum_Mixed_Cell,1.49305
GSTA2,Pancreas_Mixed_Cell,132.863
GSTA2,Pancreas_Acini,122.57
GSTA2,Pancreas,118.4
GSTA2,Liver,73.1021
GSTA2,Testis,63.0225
GSTA2,Kidney_Cortex,47.6693
GSTA2,Pancreas_Islets,45.8913
GSTA2,Small_Intestine_Terminal_Ileum_Mixed_Cell,36.417
GSTA2,Small_Intestine_Terminal_Ileum,20.5043
GSTA2,Stomach_Mucosa,16.2065
GSTA2,Stomach_Mixed_Cell,15.1046
GSTA2,Kidney_Medulla,12.1152
GSTA1,Adrenal_Gland,661.067
GSTA1,Liver,375.7
GSTA1,Small_Intestine_Terminal_Ileum_Mixed_Cell,305.128
GSTA1,Testis,195.145
GSTA1,Small_Intestine_Terminal_Ileum,172.459
GSTA1,Stomach_Mixed_Cell,103.104
GSTA1,Stomach_Mucosa,102.29
GSTA1,Kidney_Cortex,96.3556
GSTA1,Pancreas_Mixed_Cell,89.9524
GSTA1,Pancreas_Acini,81.2689
GSTA1,Liver_Mixed_Cell,73.2697
GSTA1,Liver_Portal_Tract,68.9649
HCRTR2,Brain_Hypothalamus,0.797531
HCRTR2,Testis,0.491222
HCRTR2,Brain_Frontal_Cortex_BA9,0.391562
HCRTR2,Brain_Cortex,0.310414
HCRTR2,Brain_Anterior_cingulate_cortex_BA24,0.283754
HCRTR2,Brain_Nucleus_accumbens_basal_ganglia,0.239765
HCRTR2,Brain_Substantia_nigra,0.22926
HCRTR2,Brain_Amygdala,0.169179
HCRTR2,Kidney_Medulla,0.140137
HCRTR2,Ovary,0.128429
HCRTR2,Heart_Atrial_Appendage,0.107683
HCRTR2,Lung,0.080681
CGAS,Cells_EBV-transformed_lymphocytes,16.762
CGAS,Whole_Blood,9.28693
CGAS,Spleen,9.24441
CGAS,Small_Intestine_Terminal_Ileum_Lymphoid_Aggregate,6.50068
CGAS,Lung,5.83717
CGAS,Cells_Cultured_fibroblasts,5.54171
CGAS,Cervix_Endocervix,4.70289
CGAS,Adipose_Visceral_Omentum,4.5437
CGAS,Fallopian_Tube,4.41587
CGAS,Uterus,4.39173
CGAS,Vagina,4.37583
CGAS,Cervix_Ectocervix,4.29593
SENP6,Ovary,53.2067
SENP6,Nerve_Tibial,52.224
SENP6,Uterus,50.0032
SENP6,Cervix_Endocervix,48.0668
SENP6,Thyroid,46.6749
SENP6,Fallopian_Tube,46.4905
SENP6,Artery_Tibial,46.0676
SENP6,Small_Intestine_Terminal_Ileum_Lymphoid_Aggregate,43.8008
SENP6,Liver_Portal_Tract,43.3797
SENP6,Artery_Aorta,40.4252
SENP6,Colon_Sigmoid,39.0417
SENP6,Pituitary,38.7096
HTR1B,Artery_Tibial,17.8433
HTR1B,Artery_Aorta,10.1262
HTR1B,Artery_Coronary,9.74091
HTR1B,Cells_Cultured_fibroblasts,7.66957
HTR1B,Brain_Nucleus_accumbens_basal_ganglia,2.91105
HTR1B,Bladder,1.99776
HTR1B,Esophagus_Muscularis,1.94109
HTR1B,Esophagus_Gastroesophageal_Junction,1.7708
HTR1B,Testis,1.39061
HTR1B,Brain_Caudate_basal_ganglia,1.29846
HTR1B,Brain_Frontal_Cortex_BA9,1.27753
HTR1B,Brain_Cortex,1.15767
ME1,Adrenal_Gland,73.3439
ME1,Esophagus_Mucosa,36.358
ME1,Bladder,31.3292
ME1,Cells_Cultured_fibroblasts,29.9441
ME1,Brain_Spinal_cord_cervical_c-1,28.9113
ME1,Adipose_Subcutaneous,28.7197
ME1,Muscle_Skeletal,28.5477
ME1,Artery_Aorta,27.1838
ME1,Pituitary,26.9361
ME1,Brain_Nucleus_accumbens_basal_ganglia,26.9188
ME1,Testis,25.9355
ME1,Artery_Coronary,25.2699
NT5E,Cells_Cultured_fibroblasts,221.322
NT5E,Cervix_Endocervix,81.2328
NT5E,Cervix_Ectocervix,60.8157
NT5E,Uterus,57.3311
NT5E,Artery_Aorta,50.1874
NT5E,Artery_Tibial,49.8145
NT5E,Ovary,48.3651
NT5E,Vagina,44.884
NT5E,Fallopian_Tube,42.4863
NT5E,Artery_Coronary,31.3068
NT5E,Thyroid,31.124
NT5E,Nerve_Tibial,27.1809
HTR1E,Brain_Frontal_Cortex_BA9,5.70405
HTR1E,Brain_Cortex,4.26038
HTR1E,Brain_Nucleus_accumbens_basal_ganglia,3.32255
HTR1E,Brain_Anterior_cingulate_cortex_BA24,2.66591
HTR1E,Brain_Caudate_basal_ganglia,2.42173
HTR1E,Brain_Cerebellar_Hemisphere,2.25217
HTR1E,Ovary,2.12049
HTR1E,Stomach_Mucosa,2.07468
HTR1E,Brain_Cerebellum,1.85276
HTR1E,Stomach_Mixed_Cell,1.84938
HTR1E,Brain_Putamen_basal_ganglia,1.79824
HTR1E,Stomach,1.57928
CNR1,Small_Intestine_Terminal_Ileum_Lymphoid_Aggregate,53.3919
CNR1,Brain_Cerebellar_Hemisphere,33.6735
CNR1,Cells_Cultured_fibroblasts,30.7862
CNR1,Pituitary,30.769
CNR1,Brain_Cerebellum,29.3061
CNR1,Adipose_Subcutaneous,27.8143
CNR1,Adipose_Visceral_Omentum,26.7306
CNR1,Artery_Tibial,24.3874
CNR1,Breast_Mammary_Tissue,20.8637
CNR1,Brain_Anterior_cingulate_cortex_BA24,19.926
CNR1,Colon_Sigmoid,18.1888
CNR1,Brain_Frontal_Cortex_BA9,16.6605
GABRR1,Artery_Aorta,2.26442
GABRR1,Testis,1.6521
GABRR1,Artery_Coronary,0.404468
GABRR1,Artery_Tibial,0.350238
GABRR1,Nerve_Tibial,0.171864
GABRR1,Skin_Sun_Exposed_Lower_leg,0.106838
GABRR1,Esophagus_Mucosa,0.105697
GABRR1,Brain_Cerebellum,0.085421
GABRR1,Brain_Cerebellar_Hemisphere,0.066965
GABRR1,Skin_Not_Sun_Exposed_Suprapubic,0.065615
GABRR1,Prostate,0.050563
GABRR1,Colon_Transverse_Mucosa,0.049329
GABRR2,Spleen,6.5702
GABRR2,Liver_Portal_Tract,5.42198
GABRR2,Small_Intestine_Terminal_Ileum_Lymphoid_Aggregate,4.50861
GABRR2,Lung,3.74374
GABRR2,Whole_Blood,3.16177
GABRR2,Uterus,3.01992
GABRR2,Cervix_Endocervix,2.90052
GABRR2,Thyroid,2.85967
GABRR2,Artery_Aorta,2.7342
GABRR2,Small_Intestine_Terminal_Ileum,2.46345
GABRR2,Cells_EBV-transformed_lymphocytes,2.43508
GABRR2,Artery_Coronary,2.39156
MAP3K7,Cells_Cultured_fibroblasts,28.6655
MAP3K7,Small_Intestine_Terminal_Ileum_Lymphoid_Aggregate,25.391
MAP3K7,Ovary,24.5038
MAP3K7,Spleen,24.0317
MAP3K7,Uterus,23.7994
MAP3K7,Cervix_Endocervix,23.7651
MAP3K7,Brain_Cerebellar_Hemisphere,23.5683
MAP3K7,Nerve_Tibial,22.9936
MAP3K7,Cells_EBV-transformed_lymphocytes,22.8372
MAP3K7,Thyroid,21.6356
MAP3K7,Brain_Cerebellum,21.2613
MAP3K7,Pituitary,20.9271
CCNC,Liver_Portal_Tract,51.0531
CCNC,Cells_EBV-transformed_lymphocytes,46.5454
CCNC,Minor_Salivary_Gland,33.3099
CCNC,Pancreas_Islets,31.124
CCNC,Thyroid,30.7265
CCNC,Cells_Cultured_fibroblasts,30.0871
CCNC,Brain_Cerebellar_Hemisphere,29.9263
CCNC,Small_Intestine_Terminal_Ileum_Lymphoid_Aggregate,28.2949
CCNC,Brain_Cerebellum,26.9913
CCNC,Liver_Mixed_Cell,26.7814
CCNC,Esophagus_Mucosa,26.344
CCNC,Stomach_Mixed_Cell,26.034
GRIK2,Brain_Cerebellar_Hemisphere,46.4913
GRIK2,Brain_Cerebellum,40.9547
GRIK2,Brain_Hypothalamus,7.53552
GRIK2,Brain_Frontal_Cortex_BA9,6.69313
GRIK2,Brain_Cortex,6.30734
GRIK2,Brain_Anterior_cingulate_cortex_BA24,5.90921
GRIK2,Brain_Nucleus_accumbens_basal_ganglia,5.58399
GRIK2,Pituitary,4.63126
GRIK2,Nerve_Tibial,4.09712
GRIK2,Brain_Hippocampus,3.59263
GRIK2,Brain_Amygdala,3.56473
GRIK2,Brain_Caudate_basal_ganglia,3.15521
PREP,Cells_Cultured_fibroblasts,21.9225
PREP,Muscle_Skeletal,21.3691
PREP,Colon_Transverse_Mixed_Cell,19.2138
PREP,Skin_Sun_Exposed_Lower_leg,18.9359
PREP,Skin_Not_Sun_Exposed_Suprapubic,17.7219
PREP,Colon_Transverse_Mucosa,17.3806
PREP,Testis,15.8453
PREP,Cells_EBV-transformed_lymphocytes,14.9706
PREP,Colon_Transverse,14.8996
PREP,Small_Intestine_Terminal_Ileum_Mixed_Cell,14.7908
PREP,Bladder,14.144
PREP,Small_Intestine_Terminal_Ileum,13.2551
NR2E1,Brain_Caudate_basal_ganglia,20.5747
NR2E1,Brain_Nucleus_accumbens_basal_ganglia,17.911
NR2E1,Brain_Anterior_cingulate_cortex_BA24,17.7413
NR2E1,Brain_Amygdala,17.7155
NR2E1,Brain_Cortex,17.3781
NR2E1,Brain_Frontal_Cortex_BA9,15.9629
NR2E1,Brain_Putamen_basal_ganglia,13.7256
NR2E1,Brain_Hippocampus,8.87507
NR2E1,Brain_Hypothalamus,6.05158
NR2E1,Brain_Substantia_nigra,4.09546
NR2E1,Adrenal_Gland,0.360954
NR2E1,Whole_Blood,0.168426
AMD1,Prostate,117.642
AMD1,Cells_EBV-transformed_lymphocytes,55.9946
AMD1,Brain_Spinal_cord_cervical_c-1,50.4483
AMD1,Nerve_Tibial,46.7013
AMD1,Brain_Cerebellar_Hemisphere,46.08
AMD1,Liver_Portal_Tract,42.3581
AMD1,Esophagus_Mucosa,39.8205
AMD1,Thyroid,37.0855
AMD1,Cells_Cultured_fibroblasts,36.0791
AMD1,Lung,35.2556
AMD1,Vagina,34.6861
AMD1,Ovary,34.5665
FYN,Small_Intestine_Terminal_Ileum_Lymphoid_Aggregate,68.9501
FYN,Nerve_Tibial,66.3742
FYN,Adipose_Subcutaneous,60.0467
FYN,Brain_Cerebellar_Hemisphere,54.1136
FYN,Lung,54.1012
FYN,Spleen,51.2984
FYN,Brain_Cerebellum,50.9573
FYN,Adipose_Visceral_Omentum,48.6248
FYN,Brain_Amygdala,48.4382
FYN,Brain_Frontal_Cortex_BA9,47.253
FYN,Cells_Cultured_fibroblasts,46.7366
FYN,Brain_Cortex,45.5636
HDAC2,Cells_EBV-transformed_lymphocytes,29.6079
HDAC2,Cells_Cultured_fibroblasts,28.8289
HDAC2,Testis,28.477
HDAC2,Cervix_Endocervix,24.0723
HDAC2,Uterus,23.7852
HDAC2,Ovary,23.5037
HDAC2,Fallopian_Tube,20.7071
HDAC2,Artery_Tibial,20.6043
HDAC2,Brain_Cerebellar_Hemisphere,20.24
HDAC2,Cervix_Ectocervix,18.828
HDAC2,Nerve_Tibial,18.7652
HDAC2,Vagina,18.124
FRK,Artery_Tibial,8.94171
FRK,Artery_Coronary,7.83434
FRK,Artery_Aorta,7.64778
FRK,Colon_Transverse_Mixed_Cell,5.79476
FRK,Colon_Transverse_Mucosa,5.27836
FRK,Minor_Salivary_Gland,5.03794
FRK,Esophagus_Mucosa,4.6151
FRK,Small_Intestine_Terminal_Ileum_Mixed_Cell,4.22437
FRK,Kidney_Medulla,4.15549
FRK,Stomach_Mixed_Cell,3.99453
FRK,Kidney_Cortex,3.99411
FRK,Stomach,3.72318
ROS1,Lung,13.392
ROS1,Cells_Cultured_fibroblasts,2.82995
ROS1,Brain_Cortex,1.10809
ROS1,Testis,1.06231
ROS1,Brain_Frontal_Cortex_BA9,0.9877
ROS1,Liver_Portal_Tract,0.585563
ROS1,Colon_Transverse_Mixed_Cell,0.271669
ROS1,Colon_Transverse_Mucosa,0.271632
ROS1,Kidney_Medulla,0.25245
ROS1,Brain_Anterior_cingulate_cortex_BA24,0.15022
ROS1,Skin_Not_Sun_Exposed_Suprapubic,0.109945
ROS1,Colon_Transverse,0.090587
FABP7,Brain_Cerebellar_Hemisphere,103.043
FABP7,Brain_Cerebellum,80.233
FABP7,Brain_Anterior_cingulate_cortex_BA24,40.6623
FABP7,Brain_Amygdala,32.6352
FABP7,Brain_Hippocampus,26.0649
FABP7,Brain_Frontal_Cortex_BA9,25.1799
FABP7,Brain_Cortex,22.8595
FABP7,Brain_Hypothalamus,19.9567
FABP7,Brain_Nucleus_accumbens_basal_ganglia,17.0418
FABP7,Skin_Sun_Exposed_Lower_leg,14.6864
FABP7,Brain_Substantia_nigra,11.6606
FABP7,Brain_Spinal_cord_cervical_c-1,11.0791
AKAP7,Adrenal_Gland,36.3694
AKAP7,Liver_Portal_Tract,24.8354
AKAP7,Pancreas_Acini,17.8643
AKAP7,Pancreas_Mixed_Cell,16.0697
AKAP7,Brain_Cerebellum,14.4517
AKAP7,Pancreas,13.5397
AKAP7,Brain_Cerebellar_Hemisphere,12.8429
AKAP7,Ovary,11.6371
AKAP7,Liver_Mixed_Cell,9.17362
AKAP7,Prostate,8.56324
AKAP7,Brain_Frontal_Cortex_BA9,8.47309
AKAP7,Testis,8.43983
ARG1,Liver_Mixed_Cell,906.05
ARG1,Liver_Hepatocyte,682.294
ARG1,Liver,449.731
ARG1,Whole_Blood,254.094
ARG1,Skin_Sun_Exposed_Lower_leg,132.768
ARG1,Liver_Portal_Tract,119.066
ARG1,Skin_Not_Sun_Exposed_Suprapubic,71.9692
ARG1,Spleen,30.663
ARG1,Pancreas_Islets,19.8979
ARG1,Lung,7.29308
ARG1,Adipose_Visceral_Omentum,1.8402
ARG1,Small_Intestine_Terminal_Ileum_Lymphoid_Aggregate,1.5124
ENPP1,Uterus,32.8992
ENPP1,Thyroid,20.693
ENPP1,Liver_Hepatocyte,18.6509
ENPP1,Fallopian_Tube,17.8317
ENPP1,Pituitary,17.3962
ENPP1,Artery_Aorta,17.3275
ENPP1,Liver_Mixed_Cell,16.6258
ENPP1,Liver,15.762
ENPP1,Ovary,14.7721
ENPP1,Cervix_Endocervix,14.252
ENPP1,Adipose_Subcutaneous,11.542
ENPP1,Breast_Mammary_Tissue,10.6091
TAAR1,Pancreas_Islets,0.136776
TAAR1,Whole_Blood,0.089843
TAAR1,Stomach_Mucosa,0.067911
TAAR1,Prostate,0.066543
TAAR1,Stomach_Mixed_Cell,0.061082
TAAR1,Stomach,0.060817
TAAR1,Spleen,0.060245
TAAR1,Kidney_Medulla,0.0417
TAAR1,Liver_Portal_Tract,0.037173
TAAR1,Liver_Hepatocyte,0.028269
TAAR1,Liver_Mixed_Cell,0.025728
TAAR1,Kidney_Cortex,0.02282
MAP3K5,Adrenal_Gland,130.624
MAP3K5,Ovary,101.713
MAP3K5,Cells_EBV-transformed_lymphocytes,54.2556
MAP3K5,Artery_Aorta,49.2686
MAP3K5,Brain_Cerebellar_Hemisphere,38.5194
MAP3K5,Artery_Tibial,37.5208
MAP3K5,Artery_Coronary,35.3491
MAP3K5,Brain_Cerebellum,33.2002
MAP3K5,Prostate,29.7496
MAP3K5,Fallopian_Tube,28.3252
MAP3K5,Brain_Nucleus_accumbens_basal_ganglia,27.4776
MAP3K5,Pituitary,27.0717
AIG1,Liver_Hepatocyte,26.2454
AIG1,Liver_Mixed_Cell,26.205
AIG1,Liver,22.2069
AIG1,Brain_Spinal_cord_cervical_c-1,19.8604
AIG1,Artery_Aorta,19.1208
AIG1,Thyroid,15.9472
AIG1,Pituitary,15.5383
AIG1,Artery_Tibial,15.1497
AIG1,Brain_Hypothalamus,14.6217
AIG1,Brain_Cerebellar_Hemisphere,14.6181
AIG1,Ovary,14.5645
AIG1,Brain_Frontal_Cortex_BA9,13.4346
GRM1,Brain_Cerebellar_Hemisphere,36.2516
GRM1,Brain_Cerebellum,29.9445
GRM1,Brain_Frontal_Cortex_BA9,5.47467
GRM1,Brain_Anterior_cingulate_cortex_BA24,3.66343
GRM1,Brain_Cortex,3.45731
GRM1,Brain_Hypothalamus,2.44949
GRM1,Brain_Nucleus_accumbens_basal_ganglia,1.97283
GRM1,Brain_Caudate_basal_ganglia,1.94768
GRM1,Brain_Hippocampus,1.93074
GRM1,Brain_Amygdala,1.65179
GRM1,Brain_Putamen_basal_ganglia,1.39617
GRM1,Brain_Substantia_nigra,0.992107
LATS1,Ovary,19.8253
LATS1,Uterus,19.3245
LATS1,Cervix_Endocervix,18.0968
LATS1,Brain_Cerebellar_Hemisphere,17.2323
LATS1,Nerve_Tibial,16.731
LATS1,Brain_Cerebellum,16.258
LATS1,Fallopian_Tube,16.0468
LATS1,Artery_Tibial,15.2963
LATS1,Cells_Cultured_fibroblasts,14.8096
LATS1,Vagina,14.7191
LATS1,Cells_EBV-transformed_lymphocytes,14.49
LATS1,Liver_Portal_Tract,14.0414
IYD,Thyroid,398.226
IYD,Liver,3.89582
IYD,Colon_Transverse_Mucosa,3.73458
IYD,Small_Intestine_Terminal_Ileum,3.49011
IYD,Colon_Transverse_Mixed_Cell,3.1588
IYD,Small_Intestine_Terminal_Ileum_Mixed_Cell,2.87689
IYD,Kidney_Cortex,2.76472
IYD,Colon_Transverse,1.68417
IYD,Liver_Portal_Tract,1.23082
IYD,Liver_Mixed_Cell,0.937717
IYD,Kidney_Medulla,0.780414
IYD,Liver_Hepatocyte,0.716971
ESR1,Cervix_Endocervix,104.027
ESR1,Uterus,67.5104
ESR1,Cervix_Ectocervix,62.0358
ESR1,Fallopian_Tube,53.8073
ESR1,Vagina,46.7993
ESR1,Ovary,8.13183
ESR1,Pituitary,6.03574
ESR1,Breast_Mammary_Tissue,5.73271
ESR1,Prostate,4.96637
ESR1,Liver,3.74212
ESR1,Artery_Tibial,2.98879
ESR1,Artery_Aorta,2.94045
RGS17,Brain_Cerebellar_Hemisphere,8.91809
RGS17,Brain_Cerebellum,7.47514
RGS17,Cells_Cultured_fibroblasts,5.84071
RGS17,Pancreas_Islets,5.28944
RGS17,Artery_Aorta,3.3076
RGS17,Pituitary,2.93781
RGS17,Brain_Nucleus_accumbens_basal_ganglia,2.93666
RGS17,Brain_Hypothalamus,2.66663
RGS17,Brain_Frontal_Cortex_BA9,2.47101
RGS17,Thyroid,2.29869
RGS17,Brain_Caudate_basal_ganglia,2.12327
RGS17,Ovary,1.97341
OPRM1,Brain_Cerebellum,6.04873
OPRM1,Brain_Cerebellar_Hemisphere,4.68274
OPRM1,Brain_Nucleus_accumbens_basal_ganglia,1.41055
OPRM1,Brain_Hypothalamus,1.22694
OPRM1,Testis,0.843773
OPRM1,Brain_Frontal_Cortex_BA9,0.814344
OPRM1,Brain_Cortex,0.542264
OPRM1,Brain_Anterior_cingulate_cortex_BA24,0.483981
OPRM1,Brain_Amygdala,0.325076
OPRM1,Brain_Caudate_basal_ganglia,0.219025
OPRM1,Pancreas_Islets,0.189096
OPRM1,Brain_Spinal_cord_cervical_c-1,0.119108
SYNJ2,Brain_Spinal_cord_cervical_c-1,103.159
SYNJ2,Brain_Substantia_nigra,29.9887
SYNJ2,Brain_Hippocampus,17.2606
SYNJ2,Liver_Portal_Tract,16.899
SYNJ2,Minor_Salivary_Gland,15.7325
SYNJ2,Artery_Aorta,15.6431
SYNJ2,Uterus,14.0437
SYNJ2,Bladder,11.9164
SYNJ2,Artery_Tibial,11.4581
SYNJ2,Brain_Frontal_Cortex_BA9,11.3284
SYNJ2,Artery_Coronary,11.3076
SYNJ2,Cells_Cultured_fibroblasts,11.1533
IGF2R,Cells_Cultured_fibroblasts,66.7773
IGF2R,Whole_Blood,47.6387
IGF2R,Muscle_Skeletal,43.8739
IGF2R,Cells_EBV-transformed_lymphocytes,42.7631
IGF2R,Lung,35.0829
IGF2R,Spleen,34.5759
IGF2R,Uterus,29.3483
IGF2R,Adipose_Subcutaneous,27.8858
IGF2R,Artery_Tibial,27.444
IGF2R,Ovary,27.2484
IGF2R,Artery_Aorta,26.9628
IGF2R,Cervix_Endocervix,26.3302
SLC22A1,Liver,364.864
SLC22A1,Liver_Mixed_Cell,313.216
SLC22A1,Liver_Hepatocyte,278.34
SLC22A1,Liver_Portal_Tract,65.5668
SLC22A1,Whole_Blood,4.37931
SLC22A1,Spleen,1.87599
SLC22A1,Thyroid,1.45993
SLC22A1,Cervix_Endocervix,0.975541
SLC22A1,Lung,0.894316
SLC22A1,Prostate,0.85666
SLC22A1,Pancreas_Islets,0.817736
SLC22A1,Ovary,0.773298
SLC22A2,Kidney_Cortex,10.6542
SLC22A2,Kidney_Medulla,9.23207
SLC22A2,Artery_Aorta,0.256195
SLC22A2,Artery_Coronary,0.245921
SLC22A2,Artery_Tibial,0.204948
SLC22A2,Stomach_Muscularis,0.198825
SLC22A2,Colon_Sigmoid,0.167919
SLC22A2,Testis,0.154952
SLC22A2,Fallopian_Tube,0.122174
SLC22A2,Esophagus_Gastroesophageal_Junction,0.081775
SLC22A2,Colon_Transverse_Muscularis,0.078549
SLC22A2,Muscle_Skeletal,0.075926
SLC22A3,Artery_Aorta,175.634
SLC22A3,Nerve_Tibial,172.23
SLC22A3,Fallopian_Tube,74.9188
SLC22A3,Artery_Tibial,74.2292
SLC22A3,Artery_Coronary,72.3789
SLC22A3,Prostate,45.6343
SLC22A3,Ovary,44.6413
SLC22A3,Muscle_Skeletal,41.5589
SLC22A3,Liver_Hepatocyte,39.1906
SLC22A3,Uterus,34.4104
SLC22A3,Vagina,33.759
SLC22A3,Cervix_Endocervix,32.4132
PLG,Liver_Mixed_Cell,433.171
PLG,Liver_Hepatocyte,280.618
PLG,Liver,230.933
PLG,Liver_Portal_Tract,70.6865
PLG,Kidney_Cortex,14.3279
PLG,Kidney_Medulla,2.09567
PLG,Small_Intestine_Terminal_Ileum_Mixed_Cell,0.171284
PLG,Testis,0.158219
PLG,Fallopian_Tube,0.155588
PLG,Brain_Nucleus_accumbens_basal_ganglia,0.15342
PLG,Ovary,0.080812
PLG,Pancreas_Acini,0.080327
PDE10A,Ovary,8.28107
PDE10A,Fallopian_Tube,5.23692
PDE10A,Brain_Putamen_basal_ganglia,4.43536
PDE10A,Pituitary,4.43127
PDE10A,Brain_Caudate_basal_ganglia,4.3487
PDE10A,Brain_Cerebellar_Hemisphere,3.77524
PDE10A,Brain_Cerebellum,3.75052
PDE10A,Brain_Nucleus_accumbens_basal_ganglia,3.22933
PDE10A,Thyroid,2.26005
PDE10A,Uterus,2.15493
PDE10A,Pancreas_Islets,2.06854
PDE10A,Stomach_Muscularis,2.06182
RPS6KA2,Cells_Cultured_fibroblasts,95.35
RPS6KA2,Brain_Spinal_cord_cervical_c-1,74.7966
RPS6KA2,Lung,71.4601
RPS6KA2,Adipose_Subcutaneous,45.8706
RPS6KA2,Nerve_Tibial,43.652
RPS6KA2,Thyroid,41.5711
RPS6KA2,Pituitary,41.3819
RPS6KA2,Uterus,39.9977
RPS6KA2,Bladder,39.8664
RPS6KA2,Breast_Mammary_Tissue,37.2921
RPS6KA2,Esophagus_Muscularis,33.6966
RPS6KA2,Ovary,33.6432
CCR6,Small_Intestine_Terminal_Ileum_Lymphoid_Aggregate,52.3399
CCR6,Cells_EBV-transformed_lymphocytes,31.6916
CCR6,Spleen,19.4557
CCR6,Small_Intestine_Terminal_Ileum_Mixed_Cell,16.5629
CCR6,Liver_Portal_Tract,7.41162
CCR6,Testis,6.58832
CCR6,Small_Intestine_Terminal_Ileum,5.10592
CCR6,Whole_Blood,1.76794
CCR6,Colon_Transverse_Mucosa,1.39457
CCR6,Colon_Transverse_Mixed_Cell,1.24583
CCR6,Thyroid,1.17444
CCR6,Lung,1.07058
PSMB1,Cells_EBV-transformed_lymphocytes,207.808
PSMB1,Cells_Cultured_fibroblasts,185.673
PSMB1,Artery_Tibial,178.178
PSMB1,Nerve_Tibial,177.235
PSMB1,Uterus,169.194
PSMB1,Artery_Aorta,167.464
PSMB1,Adipose_Subcutaneous,166.128
PSMB1,Fallopian_Tube,162.16
PSMB1,Small_Intestine_Terminal_Ileum_Lymphoid_Aggregate,159.0
PSMB1,Lung,157.687
PSMB1,Artery_Coronary,155.741
PSMB1,Cervix_Endocervix,154.513
GPER1,Stomach_Mucosa,39.9317
GPER1,Stomach,33.5768
GPER1,Stomach_Mixed_Cell,31.4872
GPER1,Kidney_Medulla,20.0539
GPER1,Cells_EBV-transformed_lymphocytes,19.9038
GPER1,Nerve_Tibial,19.3114
GPER1,Thyroid,17.8857
GPER1,Adipose_Subcutaneous,16.5012
GPER1,Colon_Sigmoid,16.093
GPER1,Artery_Tibial,15.3503
GPER1,Adrenal_Gland,14.1341
GPER1,Liver,14.1043
NUDT1,Testis,50.3928
NUDT1,Cells_EBV-transformed_lymphocytes,30.8818
NUDT1,Cells_Cultured_fibroblasts,26.4982
NUDT1,Small_Intestine_Terminal_Ileum_Lymphoid_Aggregate,17.1652
NUDT1,Spleen,16.6175
NUDT1,Skin_Sun_Exposed_Lower_leg,13.2327
NUDT1,Small_Intestine_Terminal_Ileum_Mixed_Cell,13.0577
NUDT1,Skin_Not_Sun_Exposed_Suprapubic,12.6158
NUDT1,Cervix_Ectocervix,11.3701
NUDT1,Nerve_Tibial,11.3011
NUDT1,Esophagus_Mucosa,11.1369
NUDT1,Vagina,10.0273
RAC1,Esophagus_Mucosa,356.258
RAC1,Brain_Spinal_cord_cervical_c-1,353.352
RAC1,Artery_Tibial,317.084
RAC1,Vagina,308.696
RAC1,Artery_Aorta,301.835
RAC1,Cervix_Ectocervix,288.146
RAC1,Cells_Cultured_fibroblasts,287.726
RAC1,Skin_Sun_Exposed_Lower_leg,277.094
RAC1,Skin_Not_Sun_Exposed_Suprapubic,273.08
RAC1,Uterus,272.673
RAC1,Artery_Coronary,271.954
RAC1,Nerve_Tibial,266.952
AHR,Nerve_Tibial,118.554
AHR,Cells_Cultured_fibroblasts,49.0252
AHR,Lung,44.7188
AHR,Adipose_Subcutaneous,36.2616
AHR,Breast_Mammary_Tissue,35.4412
AHR,Adipose_Visceral_Omentum,35.4389
AHR,Liver_Portal_Tract,32.0916
AHR,Skin_Not_Sun_Exposed_Suprapubic,29.91
AHR,Bladder,29.7994
AHR,Vagina,28.4011
AHR,Artery_Coronary,28.218
AHR,Artery_Aorta,26.9498
HDAC9,Artery_Aorta,8.69134
HDAC9,Esophagus_Muscularis,7.744
HDAC9,Uterus,7.45606
HDAC9,Esophagus_Gastroesophageal_Junction,7.11657
HDAC9,Small_Intestine_Terminal_Ileum_Lymphoid_Aggregate,5.73009
HDAC9,Stomach_Muscularis,5.37935
HDAC9,Artery_Tibial,5.01314
HDAC9,Adipose_Subcutaneous,4.22194
HDAC9,Brain_Cerebellar_Hemisphere,4.06288
HDAC9,Pituitary,4.0477
HDAC9,Cells_Cultured_fibroblasts,4.04174
HDAC9,Brain_Frontal_Cortex_BA9,3.83967
IL6,Adipose_Visceral_Omentum,50.8255
IL6,Stomach_Muscularis,45.2594
IL6,Lung,27.2737
IL6,Liver_Portal_Tract,15.9789
IL6,Fallopian_Tube,13.1333
IL6,Breast_Mammary_Tissue,11.7194
IL6,Artery_Coronary,10.8585
IL6,Adipose_Subcutaneous,10.5615
IL6,Artery_Aorta,9.61489
IL6,Colon_Transverse_Muscularis,9.16011
IL6,Cells_Cultured_fibroblasts,7.1768
IL6,Nerve_Tibial,6.86439
NOD1,Ovary,24.3149
NOD1,Lung,22.8124
NOD1,Nerve_Tibial,20.9848
NOD1,Adipose_Subcutaneous,20.048
NOD1,Thyroid,18.8374
NOD1,Adipose_Visceral_Omentum,18.7419
NOD1,Breast_Mammary_Tissue,18.144
NOD1,Spleen,18.0628
NOD1,Uterus,15.5821
NOD1,Fallopian_Tube,15.4921
NOD1,Small_Intestine_Terminal_Ileum_Lymphoid_Aggregate,15.4869
NOD1,Stomach_Muscularis,13.1833
INMT,Lung,341.347
INMT,Liver_Portal_Tract,187.463
INMT,Artery_Coronary,161.519
INMT,Artery_Aorta,95.5515
INMT,Adipose_Visceral_Omentum,77.9128
INMT,Esophagus_Muscularis,69.0648
INMT,Esophagus_Gastroesophageal_Junction,64.901
INMT,Adrenal_Gland,62.0149
INMT,Artery_Tibial,61.7318
INMT,Fallopian_Tube,60.2785
INMT,Nerve_Tibial,58.0086
INMT,Heart_Atrial_Appendage,54.344
STK17A,Small_Intestine_Terminal_Ileum_Lymphoid_Aggregate,106.662
STK17A,Cells_EBV-transformed_lymphocytes,50.6413
STK17A,Whole_Blood,44.7116
STK17A,Small_Intestine_Terminal_Ileum_Mixed_Cell,43.3727
STK17A,Spleen,38.3752
STK17A,Artery_Aorta,31.7678
STK17A,Cells_Cultured_fibroblasts,30.4295
STK17A,Liver_Portal_Tract,27.9249
STK17A,Lung,27.0716
STK17A,Testis,24.4708
STK17A,Artery_Tibial,22.316
STK17A,Stomach_Mixed_Cell,19.585
CAMK2B,Brain_Cerebellar_Hemisphere,224.47
CAMK2B,Brain_Cerebellum,201.698
CAMK2B,Brain_Frontal_Cortex_BA9,84.5396
CAMK2B,Brain_Nucleus_accumbens_basal_ganglia,78.361
CAMK2B,Brain_Caudate_basal_ganglia,72.3821
CAMK2B,Brain_Cortex,68.7732
CAMK2B,Brain_Putamen_basal_ganglia,62.0642
CAMK2B,Brain_Anterior_cingulate_cortex_BA24,55.6365
CAMK2B,Brain_Hippocampus,54.9591
CAMK2B,Pituitary,45.1054
CAMK2B,Brain_Hypothalamus,39.7922
CAMK2B,Pancreas_Islets,38.5853
NPC1L1,Liver_Hepatocyte,38.1625
NPC1L1,Liver,31.8351
NPC1L1,Liver_Mixed_Cell,29.1138
NPC1L1,Liver_Portal_Tract,16.2849
NPC1L1,Pancreas_Islets,12.1863
NPC1L1,Testis,2.89112
NPC1L1,Colon_Sigmoid,2.78613
NPC1L1,Artery_Aorta,2.10341
NPC1L1,Stomach_Muscularis,1.8764
NPC1L1,Colon_Transverse_Muscularis,1.80606
NPC1L1,Artery_Tibial,1.59345
NPC1L1,Artery_Coronary,1.58514
PPIA,Cells_EBV-transformed_lymphocytes,577.829
PPIA,Cells_Cultured_fibroblasts,479.511
PPIA,Esophagus_Mucosa,314.647
PPIA,Small_Intestine_Terminal_Ileum_Lymphoid_Aggregate,276.675
PPIA,Skin_Sun_Exposed_Lower_leg,264.619
PPIA,Skin_Not_Sun_Exposed_Suprapubic,261.547
PPIA,Brain_Frontal_Cortex_BA9,250.061
PPIA,Small_Intestine_Terminal_Ileum_Mixed_Cell,249.521
PPIA,Colon_Transverse_Mixed_Cell,249.163
PPIA,Lung,236.961
PPIA,Cervix_Ectocervix,233.914
PPIA,Vagina,231.514
ADCY1,Brain_Cerebellar_Hemisphere,65.167
ADCY1,Brain_Cerebellum,59.0502
ADCY1,Brain_Frontal_Cortex_BA9,46.1381
ADCY1,Brain_Cortex,42.4355
ADCY1,Brain_Anterior_cingulate_cortex_BA24,30.9888
ADCY1,Liver_Hepatocyte,15.1077
ADCY1,Liver,12.8565
ADCY1,Brain_Amygdala,11.9848
ADCY1,Brain_Hippocampus,10.4685
ADCY1,Liver_Mixed_Cell,10.4592
ADCY1,Brain_Caudate_basal_ganglia,8.35478
ADCY1,Brain_Putamen_basal_ganglia,7.35209
IGFBP3,Cervix_Endocervix,343.216
IGFBP3,Artery_Aorta,340.338
IGFBP3,Adipose_Visceral_Omentum,333.493
IGFBP3,Uterus,328.703
IGFBP3,Breast_Mammary_Tissue,280.666
IGFBP3,Adipose_Subcutaneous,275.266
IGFBP3,Cells_Cultured_fibroblasts,233.677
IGFBP3,Artery_Tibial,223.701
IGFBP3,Ovary,211.28
IGFBP3,Fallopian_Tube,191.447
IGFBP3,Cervix_Ectocervix,180.68
IGFBP3,Vagina,175.353
DDC,Small_Intestine_Terminal_Ileum_Mixed_Cell,56.4945
DDC,Kidney_Cortex,43.1881
DDC,Small_Intestine_Terminal_Ileum,38.1781
DDC,Colon_Transverse_Mucosa,31.2674
DDC,Colon_Transverse_Mixed_Cell,30.9049
DDC,Liver_Mixed_Cell,19.2992
DDC,Colon_Transverse,19.1053
DDC,Pancreas_Islets,16.1768
DDC,Liver_Hepatocyte,14.2082
DDC,Liver,13.4767
DDC,Kidney_Medulla,11.1214
DDC,Pancreas_Mixed_Cell,6.7731
EGFR,Skin_Sun_Exposed_Lower_leg,70.1852
EGFR,Skin_Not_Sun_Exposed_Suprapubic,68.3406
EGFR,Cells_Cultured_fibroblasts,56.6774
EGFR,Nerve_Tibial,38.7467
EGFR,Vagina,37.4587
EGFR,Adipose_Subcutaneous,35.2119
EGFR,Cervix_Ectocervix,31.617
EGFR,Esophagus_Gastroesophageal_Junction,31.0475
EGFR,Breast_Mammary_Tissue,29.8188
EGFR,Artery_Tibial,29.5983
EGFR,Minor_Salivary_Gland,28.4123
EGFR,Esophagus_Muscularis,28.308
LANCL2,Brain_Frontal_Cortex_BA9,29.102
LANCL2,Brain_Cerebellar_Hemisphere,25.2441
LANCL2,Testis,25.2047
LANCL2,Brain_Cortex,24.1893
LANCL2,Brain_Anterior_cingulate_cortex_BA24,23.1841
LANCL2,Brain_Cerebellum,21.5081
LANCL2,Brain_Nucleus_accumbens_basal_ganglia,20.6429
LANCL2,Brain_Spinal_cord_cervical_c-1,20.1915
LANCL2,Brain_Hippocampus,19.499
LANCL2,Brain_Amygdala,18.2042
LANCL2,Uterus,17.7608
LANCL2,Brain_Caudate_basal_ganglia,17.7544
GUSB,Spleen,103.056
GUSB,Lung,80.9507
GUSB,Small_Intestine_Terminal_Ileum_Lymphoid_Aggregate,79.9987
GUSB,Thyroid,79.6588
GUSB,Nerve_Tibial,75.8225
GUSB,Ovary,75.2842
GUSB,Testis,70.8114
GUSB,Adipose_Subcutaneous,69.3509
GUSB,Cervix_Endocervix,69.1077
GUSB,Breast_Mammary_Tissue,68.5087
GUSB,Uterus,66.246
GUSB,Fallopian_Tube,64.4473
LIMK1,Brain_Frontal_Cortex_BA9,105.142
LIMK1,Brain_Cortex,91.6078
LIMK1,Brain_Anterior_cingulate_cortex_BA24,87.0999
LIMK1,Brain_Hypothalamus,62.4542
LIMK1,Cells_EBV-transformed_lymphocytes,61.2482
LIMK1,Brain_Amygdala,53.0342
LIMK1,Cells_Cultured_fibroblasts,46.2383
LIMK1,Brain_Cerebellum,45.0853
LIMK1,Brain_Cerebellar_Hemisphere,44.7073
LIMK1,Small_Intestine_Terminal_Ileum_Lymphoid_Aggregate,40.6462
LIMK1,Brain_Substantia_nigra,37.0549
LIMK1,Brain_Hippocampus,36.8774
EIF4H,Cells_EBV-transformed_lymphocytes,342.462
EIF4H,Cells_Cultured_fibroblasts,329.111
EIF4H,Artery_Tibial,268.582
EIF4H,Brain_Cerebellar_Hemisphere,251.08
EIF4H,Uterus,249.561
EIF4H,Cervix_Endocervix,244.099
EIF4H,Skin_Sun_Exposed_Lower_leg,244.069
EIF4H,Artery_Aorta,243.732
EIF4H,Fallopian_Tube,240.698
EIF4H,Nerve_Tibial,238.366
EIF4H,Ovary,235.149
EIF4H,Colon_Sigmoid,228.408
NCF1,Whole_Blood,317.347
NCF1,Cells_EBV-transformed_lymphocytes,194.745
NCF1,Spleen,91.5323
NCF1,Small_Intestine_Terminal_Ileum_Lymphoid_Aggregate,83.8488
NCF1,Small_Intestine_Terminal_Ileum_Mixed_Cell,30.2334
NCF1,Lung,16.9096
NCF1,Small_Intestine_Terminal_Ileum,12.793
NCF1,Colon_Transverse_Mixed_Cell,5.20687
NCF1,Liver_Portal_Tract,4.77969
NCF1,Adipose_Visceral_Omentum,4.51422
NCF1,Colon_Transverse_Mucosa,4.41433
NCF1,Colon_Transverse,4.04885
YWHAG,Brain_Frontal_Cortex_BA9,535.05
YWHAG,Brain_Cerebellar_Hemisphere,323.131
YWHAG,Brain_Anterior_cingulate_cortex_BA24,318.092
YWHAG,Brain_Cortex,264.473
YWHAG,Brain_Hypothalamus,250.023
YWHAG,Muscle_Skeletal,238.024
YWHAG,Brain_Nucleus_accumbens_basal_ganglia,217.447
YWHAG,Cells_EBV-transformed_lymphocytes,216.743
YWHAG,Cells_Cultured_fibroblasts,195.696
YWHAG,Brain_Cerebellum,193.716
YWHAG,Adipose_Visceral_Omentum,168.238
YWHAG,Brain_Hippocampus,167.319
PTPN12,Nerve_Tibial,131.8
PTPN12,Lung,129.042
PTPN12,Adipose_Subcutaneous,105.525
PTPN12,Artery_Tibial,100.817
PTPN12,Adipose_Visceral_Omentum,89.1199
PTPN12,Artery_Coronary,86.9617
PTPN12,Breast_Mammary_Tissue,86.6222
PTPN12,Cells_Cultured_fibroblasts,82.832
PTPN12,Spleen,82.2728
PTPN12,Uterus,82.0737
PTPN12,Colon_Sigmoid,79.1727
PTPN12,Artery_Aorta,77.4164
CACNA2D1,Muscle_Skeletal,37.8872
CACNA2D1,Colon_Sigmoid,22.8547
CACNA2D1,Artery_Tibial,18.1632
CACNA2D1,Cells_Cultured_fibroblasts,18.1504
CACNA2D1,Colon_Transverse_Muscularis,17.559
CACNA2D1,Brain_Frontal_Cortex_BA9,16.7779
CACNA2D1,Brain_Cerebellar_Hemisphere,15.6762
CACNA2D1,Thyroid,15.1857
CACNA2D1,Brain_Hypothalamus,15.1797
CACNA2D1,Artery_Aorta,14.2455
CACNA2D1,Artery_Coronary,13.2058
CACNA2D1,Esophagus_Muscularis,12.8963
GRM3,Brain_Putamen_basal_ganglia,43.914
GRM3,Brain_Caudate_basal_ganglia,43.6679
GRM3,Brain_Nucleus_accumbens_basal_ganglia,34.9139
GRM3,Brain_Frontal_Cortex_BA9,34.0156
GRM3,Brain_Spinal_cord_cervical_c-1,33.5969
GRM3,Brain_Cortex,31.7888
GRM3,Brain_Anterior_cingulate_cortex_BA24,28.724
GRM3,Brain_Hippocampus,23.5535
GRM3,Brain_Amygdala,19.3472
GRM3,Brain_Cerebellum,17.5846
GRM3,Brain_Substantia_nigra,17.3544
GRM3,Brain_Cerebellar_Hemisphere,11.6679
ABCB1,Adrenal_Gland,149.857
ABCB1,Small_Intestine_Terminal_Ileum_Mixed_Cell,31.2967
ABCB1,Small_Intestine_Terminal_Ileum,26.4344
ABCB1,Liver_Portal_Tract,23.971
ABCB1,Uterus,17.0326
ABCB1,Brain_Spinal_cord_cervical_c-1,14.2329
ABCB1,Brain_Substantia_nigra,12.4277
ABCB1,Colon_Transverse_Mucosa,12.3677
ABCB1,Cervix_Endocervix,12.1708
ABCB1,Liver_Mixed_Cell,12.1631
ABCB1,Nerve_Tibial,12.1553
ABCB1,Colon_Transverse_Mixed_Cell,11.9728
DBF4,Testis,65.4462
DBF4,Cells_EBV-transformed_lymphocytes,38.3955
DBF4,Small_Intestine_Terminal_Ileum_Lymphoid_Aggregate,15.4414
DBF4,Cells_Cultured_fibroblasts,12.9302
DBF4,Ovary,8.59564
DBF4,Small_Intestine_Terminal_Ileum_Mixed_Cell,8.23767
DBF4,Spleen,8.22923
DBF4,Liver_Portal_Tract,7.17761
DBF4,Uterus,5.86733
DBF4,Fallopian_Tube,5.86117
DBF4,Prostate,5.74715
DBF4,Nerve_Tibial,5.60197
CDK6,Cells_EBV-transformed_lymphocytes,35.5891
CDK6,Cells_Cultured_fibroblasts,20.9214
CDK6,Skin_Not_Sun_Exposed_Suprapubic,11.6187
CDK6,Skin_Sun_Exposed_Lower_leg,10.7121
CDK6,Artery_Tibial,10.2361
CDK6,Vagina,9.42234
CDK6,Minor_Salivary_Gland,9.31531
CDK6,Artery_Coronary,8.86996
CDK6,Cervix_Endocervix,8.82512
CDK6,Liver_Portal_Tract,8.82212
CDK6,Adrenal_Gland,8.78757
CDK6,Nerve_Tibial,8.66905
TFPI2,Liver_Portal_Tract,215.679
TFPI2,Cells_Cultured_fibroblasts,158.97
TFPI2,Ovary,48.1002
TFPI2,Adipose_Visceral_Omentum,47.6934
TFPI2,Fallopian_Tube,23.5985
TFPI2,Adrenal_Gland,23.2709
TFPI2,Artery_Aorta,16.6907
TFPI2,Artery_Tibial,11.849
TFPI2,Kidney_Medulla,11.1561
TFPI2,Pituitary,10.3478
TFPI2,Artery_Coronary,10.0537
TFPI2,Breast_Mammary_Tissue,6.7283
PON1,Liver_Mixed_Cell,216.073
PON1,Liver_Hepatocyte,171.165
PON1,Liver,154.802
PON1,Liver_Portal_Tract,54.168
PON1,Pancreas_Islets,11.7897
PON1,Adrenal_Gland,4.36572
PON1,Pituitary,2.12398
PON1,Ovary,2.04754
PON1,Testis,1.03501
PON1,Brain_Amygdala,0.919008
PON1,Brain_Caudate_basal_ganglia,0.835332
PON1,Brain_Hypothalamus,0.768234
PDK4,Muscle_Skeletal,1496.61
PDK4,Adipose_Subcutaneous,694.654
PDK4,Breast_Mammary_Tissue,693.308
PDK4,Stomach_Muscularis,614.307
PDK4,Adipose_Visceral_Omentum,519.169
PDK4,Nerve_Tibial,439.675
PDK4,Bladder,407.485
PDK4,Colon_Transverse_Muscularis,394.408
PDK4,Colon_Sigmoid,380.234
PDK4,Artery_Coronary,376.664
PDK4,Pancreas_Islets,360.07
PDK4,Esophagus_Gastroesophageal_Junction,360.061
CYP3A5,Liver,105.175
CYP3A5,Liver_Portal_Tract,73.2472
CYP3A5,Liver_Hepatocyte,51.3361
CYP3A5,Colon_Transverse_Mucosa,42.6762
CYP3A5,Stomach_Mucosa,41.2301
CYP3A5,Small_Intestine_Terminal_Ileum_Mixed_Cell,41.0115
CYP3A5,Stomach_Mixed_Cell,38.267
CYP3A5,Small_Intestine_Terminal_Ileum,33.1729
CYP3A5,Liver_Mixed_Cell,29.2688
CYP3A5,Colon_Transverse_Mixed_Cell,27.2299
CYP3A5,Prostate,22.864
CYP3A5,Stomach,22.3079
CYP3A4,Liver,342.691
CYP3A4,Small_Intestine_Terminal_Ileum_Mixed_Cell,99.7167
CYP3A4,Liver_Portal_Tract,47.601
CYP3A4,Small_Intestine_Terminal_Ileum,47.582
CYP3A4,Liver_Mixed_Cell,28.7791
CYP3A4,Liver_Hepatocyte,23.5808
CYP3A4,Pancreas_Acini,6.36891
CYP3A4,Colon_Transverse_Mucosa,6.21389
CYP3A4,Small_Intestine_Terminal_Ileum_Lymphoid_Aggregate,3.36974
CYP3A4,Colon_Transverse_Mixed_Cell,3.35867
CYP3A4,Pancreas_Mixed_Cell,3.35027
CYP3A4,Pancreas,2.26149
CYP3A43,Liver,4.45586
CYP3A43,Pancreas_Acini,2.23555
CYP3A43,Testis,1.72847
CYP3A43,Pancreas_Mixed_Cell,1.30328
CYP3A43,Pancreas,1.29815
CYP3A43,Pancreas_Islets,0.778362
CYP3A43,Prostate,0.654108
CYP3A43,Liver_Hepatocyte,0.440191
CYP3A43,Liver_Mixed_Cell,0.345393
CYP3A43,Nerve_Tibial,0.333089
CYP3A43,Ovary,0.277057
CYP3A43,Fallopian_Tube,0.22415
EPHB4,Uterus,139.566
EPHB4,Cervix_Endocervix,131.404
EPHB4,Spleen,94.0504
EPHB4,Ovary,87.1143
EPHB4,Cervix_Ectocervix,73.2498
EPHB4,Adrenal_Gland,71.0916
EPHB4,Breast_Mammary_Tissue,68.9117
EPHB4,Lung,64.6412
EPHB4,Prostate,64.297
EPHB4,Skin_Not_Sun_Exposed_Suprapubic,64.027
EPHB4,Skin_Sun_Exposed_Lower_leg,63.851
EPHB4,Fallopian_Tube,61.0735
ACHE,Brain_Hypothalamus,77.0817
ACHE,Brain_Cerebellum,73.4899
ACHE,Brain_Cerebellar_Hemisphere,65.2914
ACHE,Brain_Nucleus_accumbens_basal_ganglia,27.1628
ACHE,Muscle_Skeletal,24.1522
ACHE,Brain_Caudate_basal_ganglia,22.0392
ACHE,Brain_Putamen_basal_ganglia,20.5717
ACHE,Brain_Frontal_Cortex_BA9,18.964
ACHE,Brain_Cortex,18.8065
ACHE,Brain_Substantia_nigra,17.6813
ACHE,Brain_Anterior_cingulate_cortex_BA24,12.4027
ACHE,Pituitary,11.2713
SERPINE1,Cells_Cultured_fibroblasts,2979.07
SERPINE1,Artery_Aorta,989.018
SERPINE1,Artery_Tibial,521.349
SERPINE1,Artery_Coronary,511.595
SERPINE1,Liver_Portal_Tract,325.32
SERPINE1,Lung,284.002
SERPINE1,Adipose_Visceral_Omentum,190.454
SERPINE1,Adipose_Subcutaneous,105.195
SERPINE1,Ovary,76.0248
SERPINE1,Thyroid,61.4527
SERPINE1,Liver,58.0542
SERPINE1,Liver_Mixed_Cell,41.3639
NAPEPLD,Brain_Cerebellar_Hemisphere,33.958
NAPEPLD,Brain_Cerebellum,28.4624
NAPEPLD,Ovary,21.2193
NAPEPLD,Testis,21.2077
NAPEPLD,Brain_Frontal_Cortex_BA9,19.4868
NAPEPLD,Nerve_Tibial,18.0471
NAPEPLD,Thyroid,17.9301
NAPEPLD,Colon_Transverse_Mucosa,17.9257
NAPEPLD,Spleen,16.6597
NAPEPLD,Brain_Spinal_cord_cervical_c-1,15.2302
NAPEPLD,Kidney_Medulla,15.2008
NAPEPLD,Artery_Aorta,14.5433
NAMPT,Whole_Blood,517.772
NAMPT,Lung,137.646
NAMPT,Adipose_Visceral_Omentum,128.366
NAMPT,Liver_Portal_Tract,112.059
NAMPT,Liver_Mixed_Cell,110.987
NAMPT,Esophagus_Mucosa,93.2805
NAMPT,Liver_Hepatocyte,85.396
NAMPT,Cells_EBV-transformed_lymphocytes,68.2798
NAMPT,Liver,66.114
NAMPT,Spleen,63.7197
NAMPT,Minor_Salivary_Gland,55.0346
NAMPT,Artery_Coronary,54.2016
PIK3CG,Whole_Blood,16.0433
PIK3CG,Small_Intestine_Terminal_Ileum_Lymphoid_Aggregate,13.4859
PIK3CG,Spleen,11.7297
PIK3CG,Small_Intestine_Terminal_Ileum_Mixed_Cell,6.91278
PIK3CG,Liver_Portal_Tract,5.29736
PIK3CG,Testis,5.02493
PIK3CG,Cells_EBV-transformed_lymphocytes,4.66416
PIK3CG,Small_Intestine_Terminal_Ileum,3.62068
PIK3CG,Lung,3.52482
PIK3CG,Adipose_Subcutaneous,1.89458
PIK3CG,Adipose_Visceral_Omentum,1.74722
PIK3CG,Colon_Transverse,1.63952
PRKAR2B,Adipose_Visceral_Omentum,97.5782
PRKAR2B,Adipose_Subcutaneous,91.3775
PRKAR2B,Esophagus_Gastroesophageal_Junction,55.204
PRKAR2B,Esophagus_Muscularis,54.8235
PRKAR2B,Adrenal_Gland,54.0538
PRKAR2B,Ovary,51.5116
PRKAR2B,Breast_Mammary_Tissue,50.1054
PRKAR2B,Brain_Frontal_Cortex_BA9,40.1704
PRKAR2B,Bladder,34.0332
PRKAR2B,Brain_Nucleus_accumbens_basal_ganglia,33.3
PRKAR2B,Testis,29.3494
PRKAR2B,Brain_Caudate_basal_ganglia,26.734
MET,Liver_Portal_Tract,22.2671
MET,Nerve_Tibial,21.7515
MET,Cells_Cultured_fibroblasts,19.5127
MET,Thyroid,17.0559
MET,Adipose_Visceral_Omentum,16.5095
MET,Liver_Mixed_Cell,15.7088
MET,Breast_Mammary_Tissue,15.5572
MET,Adipose_Subcutaneous,14.8999
MET,Liver_Hepatocyte,13.9061
MET,Minor_Salivary_Gland,12.6284
MET,Kidney_Medulla,11.7601
MET,Liver,11.7144
CFTR,Pancreas,42.1368
CFTR,Pancreas_Acini,41.0548
CFTR,Pancreas_Mixed_Cell,40.1013
CFTR,Colon_Transverse_Mucosa,17.884
CFTR,Colon_Transverse_Mixed_Cell,17.3085
CFTR,Liver_Portal_Tract,15.3674
CFTR,Pancreas_Islets,13.1732
CFTR,Colon_Transverse,10.8656
CFTR,Minor_Salivary_Gland,6.93671
CFTR,Small_Intestine_Terminal_Ileum_Mixed_Cell,3.92976
CFTR,Small_Intestine_Terminal_Ileum,3.32718
CFTR,Lung,1.57918
TAS2R16,Testis,0.053551
GRM8,Testis,3.49278
GRM8,Brain_Frontal_Cortex_BA9,2.08686
GRM8,Brain_Anterior_cingulate_cortex_BA24,1.42769
GRM8,Brain_Cortex,1.36634
GRM8,Brain_Caudate_basal_ganglia,1.29495
GRM8,Brain_Putamen_basal_ganglia,1.1465
GRM8,Brain_Hypothalamus,1.09836
GRM8,Brain_Nucleus_accumbens_basal_ganglia,0.86917
GRM8,Liver_Mixed_Cell,0.747993
GRM8,Liver_Hepatocyte,0.561137
GRM8,Bladder,0.551425
GRM8,Liver_Portal_Tract,0.531035
IMPDH1,Whole_Blood,279.97
IMPDH1,Spleen,117.542
IMPDH1,Cells_Cultured_fibroblasts,100.467
IMPDH1,Adipose_Visceral_Omentum,90.2884
IMPDH1,Lung,78.1184
IMPDH1,Stomach_Mixed_Cell,77.3133
IMPDH1,Stomach_Mucosa,77.2348
IMPDH1,Adipose_Subcutaneous,77.2075
IMPDH1,Nerve_Tibial,73.763
IMPDH1,Small_Intestine_Terminal_Ileum_Lymphoid_Aggregate,73.1753
IMPDH1,Breast_Mammary_Tissue,70.6777
IMPDH1,Prostate,65.7774
CPA1,Pancreas,54551.3
CPA1,Pancreas_Mixed_Cell,47234.3
CPA1,Pancreas_Acini,42255.8
CPA1,Pancreas_Islets,11620.8
CPA1,Liver_Portal_Tract,13.3894
CPA1,Liver_Mixed_Cell,13.0188
CPA1,Spleen,9.27037
CPA1,Liver_Hepatocyte,9.20828
CPA1,Testis,8.27494
CPA1,Ovary,6.88841
CPA1,Uterus,6.24285
CPA1,Adipose_Visceral_Omentum,4.93872
AKR1B1,Adrenal_Gland,3283.04
AKR1B1,Kidney_Medulla,420.938
AKR1B1,Nerve_Tibial,292.335
AKR1B1,Cells_Cultured_fibroblasts,190.297
AKR1B1,Muscle_Skeletal,160.696
AKR1B1,Small_Intestine_Terminal_Ileum_Lymphoid_Aggregate,154.595
AKR1B1,Pituitary,123.548
AKR1B1,Cells_EBV-transformed_lymphocytes,119.523
AKR1B1,Brain_Cerebellar_Hemisphere,119.471
AKR1B1,Brain_Cerebellum,116.819
AKR1B1,Bladder,115.891
AKR1B1,Ovary,108.743
AKR1B10,Stomach_Mixed_Cell,621.003
AKR1B10,Stomach_Mucosa,485.439
AKR1B10,Esophagus_Mucosa,233.757
AKR1B10,Colon_Transverse_Mucosa,216.369
AKR1B10,Colon_Transverse_Mixed_Cell,210.893
AKR1B10,Stomach,179.706
AKR1B10,Vagina,179.272
AKR1B10,Small_Intestine_Terminal_Ileum_Mixed_Cell,162.973
AKR1B10,Cervix_Ectocervix,119.927
AKR1B10,Liver_Portal_Tract,104.311
AKR1B10,Bladder,66.3351
AKR1B10,Small_Intestine_Terminal_Ileum,62.6693
CHRM2,Colon_Sigmoid,29.899
CHRM2,Colon_Transverse_Muscularis,28.5591
CHRM2,Stomach_Muscularis,19.6232
CHRM2,Bladder,13.0587
CHRM2,Heart_Atrial_Appendage,10.8057
CHRM2,Colon_Transverse,7.76336
CHRM2,Heart_Left_Ventricle,7.51638
CHRM2,Esophagus_Gastroesophageal_Junction,7.10915
CHRM2,Colon_Transverse_Mixed_Cell,5.81126
CHRM2,Stomach_Mixed_Cell,3.26462
CHRM2,Esophagus_Muscularis,2.91206
CHRM2,Brain_Hypothalamus,1.03382
PTN,Pituitary,249.139
PTN,Brain_Anterior_cingulate_cortex_BA24,238.364
PTN,Cervix_Endocervix,225.317
PTN,Brain_Amygdala,206.347
PTN,Brain_Frontal_Cortex_BA9,206.277
PTN,Brain_Cerebellum,203.712
PTN,Brain_Cortex,194.338
PTN,Brain_Nucleus_accumbens_basal_ganglia,192.588
PTN,Brain_Hippocampus,164.074
PTN,Brain_Caudate_basal_ganglia,162.302
PTN,Brain_Cerebellar_Hemisphere,143.871
PTN,Prostate,142.62
TRIM24,Testis,21.5473
TRIM24,Adrenal_Gland,20.212
TRIM24,Ovary,17.4991
TRIM24,Cells_EBV-transformed_lymphocytes,9.86984
TRIM24,Stomach_Mixed_Cell,8.04789
TRIM24,Prostate,8.0433
TRIM24,Lung,7.938
TRIM24,Nerve_Tibial,7.90343
TRIM24,Skin_Sun_Exposed_Lower_leg,7.7113
TRIM24,Cervix_Endocervix,7.69588
TRIM24,Artery_Tibial,7.69246
TRIM24,Adipose_Subcutaneous,7.62747
HIPK2,Brain_Spinal_cord_cervical_c-1,152.222
HIPK2,Brain_Substantia_nigra,128.516
HIPK2,Brain_Hippocampus,97.027
HIPK2,Brain_Amygdala,91.4406
HIPK2,Brain_Putamen_basal_ganglia,83.2332
HIPK2,Brain_Hypothalamus,76.3369
HIPK2,Brain_Caudate_basal_ganglia,60.3171
HIPK2,Brain_Nucleus_accumbens_basal_ganglia,43.4124
HIPK2,Brain_Frontal_Cortex_BA9,41.9198
HIPK2,Brain_Cortex,39.0133
HIPK2,Brain_Anterior_cingulate_cortex_BA24,37.4018
HIPK2,Cells_Cultured_fibroblasts,35.326
TBXAS1,Whole_Blood,99.7709
TBXAS1,Spleen,53.7277
TBXAS1,Lung,22.8135
TBXAS1,Liver_Portal_Tract,13.0078
TBXAS1,Small_Intestine_Terminal_Ileum_Lymphoid_Aggregate,12.7495
TBXAS1,Small_Intestine_Terminal_Ileum_Mixed_Cell,11.1566
TBXAS1,Small_Intestine_Terminal_Ileum,8.78668
TBXAS1,Minor_Salivary_Gland,7.28544
TBXAS1,Adipose_Visceral_Omentum,6.95065
TBXAS1,Adipose_Subcutaneous,6.55785
TBXAS1,Cells_EBV-transformed_lymphocytes,6.33831
TBXAS1,Brain_Spinal_cord_cervical_c-1,5.98249
PARP12,Small_Intestine_Terminal_Ileum_Lymphoid_Aggregate,76.9371
PARP12,Lung,51.1542
PARP12,Spleen,48.7686
PARP12,Small_Intestine_Terminal_Ileum,44.7439
PARP12,Small_Intestine_Terminal_Ileum_Mixed_Cell,44.0035
PARP12,Liver_Portal_Tract,37.8649
PARP12,Colon_Transverse_Mucosa,33.1638
PARP12,Cells_EBV-transformed_lymphocytes,32.0659
PARP12,Colon_Transverse_Mixed_Cell,32.0088
PARP12,Nerve_Tibial,31.681
PARP12,Uterus,29.6447
PARP12,Testis,29.2693
KDM7A,Skin_Sun_Exposed_Lower_leg,29.1357
KDM7A,Adipose_Subcutaneous,25.063
KDM7A,Skin_Not_Sun_Exposed_Suprapubic,24.9328
KDM7A,Small_Intestine_Terminal_Ileum_Lymphoid_Aggregate,20.4058
KDM7A,Breast_Mammary_Tissue,19.3226
KDM7A,Muscle_Skeletal,19.158
KDM7A,Cervix_Endocervix,18.1315
KDM7A,Lung,17.8244
KDM7A,Nerve_Tibial,17.7633
KDM7A,Minor_Salivary_Gland,16.8939
KDM7A,Small_Intestine_Terminal_Ileum,16.2623
KDM7A,Whole_Blood,15.9145
BRAF,Brain_Cerebellar_Hemisphere,16.0665
BRAF,Brain_Cerebellum,12.9586
BRAF,Testis,12.4348
BRAF,Thyroid,11.6754
BRAF,Uterus,11.3119
BRAF,Ovary,11.1833
BRAF,Nerve_Tibial,10.8628
BRAF,Fallopian_Tube,10.3863
BRAF,Lung,10.2671
BRAF,Cervix_Endocervix,10.1066
BRAF,Cells_EBV-transformed_lymphocytes,10.09
BRAF,Artery_Tibial,10.0031
MGAM,Whole_Blood,66.4074
MGAM,Small_Intestine_Terminal_Ileum,28.3053
MGAM,Small_Intestine_Terminal_Ileum_Mixed_Cell,21.1734
MGAM,Spleen,17.5163
MGAM,Lung,3.87046
MGAM,Kidney_Cortex,2.70062
MGAM,Testis,1.91174
MGAM,Artery_Aorta,1.25704
MGAM,Colon_Transverse_Mucosa,0.979692
MGAM,Artery_Tibial,0.976513
MGAM,Colon_Transverse_Mixed_Cell,0.943622
MGAM,Liver_Portal_Tract,0.859901
MGAM2,Minor_Salivary_Gland,9.68994
MGAM2,Small_Intestine_Terminal_Ileum,8.48667
MGAM2,Small_Intestine_Terminal_Ileum_Mixed_Cell,7.25737
MGAM2,Colon_Transverse_Mixed_Cell,4.67164
MGAM2,Testis,4.17323
MGAM2,Colon_Transverse_Mucosa,4.01803
MGAM2,Pancreas,3.01933
MGAM2,Whole_Blood,2.41885
MGAM2,Nerve_Tibial,2.35225
MGAM2,Pancreas_Mixed_Cell,1.62292
MGAM2,Pancreas_Acini,1.36931
MGAM2,Spleen,1.35099
PRSS1,Pancreas_Mixed_Cell,84766.3
PRSS1,Pancreas,79026.6
PRSS1,Pancreas_Acini,71409.2
PRSS1,Pancreas_Islets,19095.3
PRSS1,Stomach,29.8044
PRSS1,Stomach_Mixed_Cell,28.8412
PRSS1,Liver_Mixed_Cell,25.3194
PRSS1,Liver_Portal_Tract,23.8546
PRSS1,Stomach_Mucosa,22.5715
PRSS1,Liver_Hepatocyte,17.8467
PRSS1,Ovary,12.2388
PRSS1,Spleen,11.2488
GSTK1,Small_Intestine_Terminal_Ileum_Mixed_Cell,170.265
GSTK1,Colon_Transverse_Mucosa,167.449
GSTK1,Spleen,165.897
GSTK1,Small_Intestine_Terminal_Ileum_Lymphoid_Aggregate,165.894
GSTK1,Small_Intestine_Terminal_Ileum,145.356
GSTK1,Colon_Transverse_Mixed_Cell,140.784
GSTK1,Whole_Blood,134.692
GSTK1,Thyroid,134.594
GSTK1,Liver_Portal_Tract,131.627
GSTK1,Nerve_Tibial,123.782
GSTK1,Kidney_Medulla,122.133
GSTK1,Colon_Transverse,109.193
CASP2,Small_Intestine_Terminal_Ileum_Lymphoid_Aggregate,61.9361
CASP2,Cells_EBV-transformed_lymphocytes,41.5213
CASP2,Spleen,38.1269
CASP2,Nerve_Tibial,31.5297
CASP2,Skin_Sun_Exposed_Lower_leg,29.9961
CASP2,Cervix_Endocervix,28.8939
CASP2,Liver_Portal_Tract,28.4092
CASP2,Small_Intestine_Terminal_Ileum_Mixed_Cell,27.7096
CASP2,Skin_Not_Sun_Exposed_Suprapubic,27.4311
CASP2,Cervix_Ectocervix,26.3344
CASP2,Small_Intestine_Terminal_Ileum,25.9306
CASP2,Uterus,25.3669
EZH2,Cells_EBV-transformed_lymphocytes,50.3521
EZH2,Testis,34.6144
EZH2,Esophagus_Mucosa,13.6847
EZH2,Small_Intestine_Terminal_Ileum_Lymphoid_Aggregate,13.3482
EZH2,Skin_Not_Sun_Exposed_Suprapubic,13.0819
EZH2,Skin_Sun_Exposed_Lower_leg,12.9807
EZH2,Cells_Cultured_fibroblasts,12.2337
EZH2,Small_Intestine_Terminal_Ileum_Mixed_Cell,10.7582
EZH2,Colon_Transverse_Mucosa,10.6115
EZH2,Spleen,8.94497
EZH2,Vagina,8.14439
EZH2,Colon_Transverse_Mixed_Cell,8.06973
PDIA4,Cells_Cultured_fibroblasts,333.482
PDIA4,Liver_Mixed_Cell,293.753
PDIA4,Liver_Hepatocyte,230.017
PDIA4,Thyroid,209.956
PDIA4,Cells_EBV-transformed_lymphocytes,192.747
PDIA4,Liver,142.451
PDIA4,Liver_Portal_Tract,124.228
PDIA4,Fallopian_Tube,111.331
PDIA4,Spleen,110.858
PDIA4,Cervix_Endocervix,109.801
PDIA4,Ovary,97.9369
PDIA4,Artery_Aorta,97.8504
KCNH2,Pituitary,89.623
KCNH2,Colon_Sigmoid,76.313
KCNH2,Brain_Cerebellum,73.4229
KCNH2,Colon_Transverse_Muscularis,71.7138
KCNH2,Brain_Cerebellar_Hemisphere,66.9064
KCNH2,Testis,64.9157
KCNH2,Pancreas_Islets,63.741
KCNH2,Stomach_Muscularis,56.5765
KCNH2,Heart_Atrial_Appendage,35.5972
KCNH2,Uterus,33.7256
KCNH2,Esophagus_Muscularis,33.0018
KCNH2,Fallopian_Tube,27.6475
NOS3,Spleen,80.9766
NOS3,Adipose_Visceral_Omentum,19.8424
NOS3,Uterus,16.7403
NOS3,Breast_Mammary_Tissue,16.3694
NOS3,Nerve_Tibial,15.1774
NOS3,Fallopian_Tube,15.1619
NOS3,Thyroid,15.0361
NOS3,Adipose_Subcutaneous,15.0218
NOS3,Kidney_Medulla,14.8551
NOS3,Artery_Coronary,14.7144
NOS3,Cervix_Endocervix,14.1387
NOS3,Lung,13.7899
CDK5,Brain_Frontal_Cortex_BA9,106.771
CDK5,Brain_Cortex,91.7391
CDK5,Brain_Nucleus_accumbens_basal_ganglia,87.4695
CDK5,Brain_Anterior_cingulate_cortex_BA24,74.5024
CDK5,Brain_Caudate_basal_ganglia,63.6095
CDK5,Brain_Cerebellum,61.8266
CDK5,Brain_Cerebellar_Hemisphere,59.2407
CDK5,Brain_Hypothalamus,58.6617
CDK5,Brain_Amygdala,57.7046
CDK5,Brain_Hippocampus,56.1523
CDK5,Brain_Putamen_basal_ganglia,50.623
CDK5,Pituitary,39.2002
HTR5A,Brain_Cerebellar_Hemisphere,25.4998
HTR5A,Brain_Cerebellum,22.399
HTR5A,Brain_Frontal_Cortex_BA9,12.8025
HTR5A,Brain_Cortex,9.37097
HTR5A,Brain_Hypothalamus,5.69415
HTR5A,Brain_Anterior_cingulate_cortex_BA24,5.60878
HTR5A,Brain_Nucleus_accumbens_basal_ganglia,3.73454
HTR5A,Brain_Caudate_basal_ganglia,2.83797
HTR5A,Brain_Putamen_basal_ganglia,2.28045
HTR5A,Brain_Amygdala,2.12053
HTR5A,Brain_Hippocampus,1.77975
HTR5A,Testis,1.26287
TNKS,Brain_Cerebellar_Hemisphere,28.6961
TNKS,Brain_Cerebellum,24.5363
TNKS,Testis,22.6424
TNKS,Pituitary,19.7783
TNKS,Ovary,19.3057
TNKS,Nerve_Tibial,19.0795
TNKS,Cells_Cultured_fibroblasts,18.0738
TNKS,Cervix_Endocervix,17.7351
TNKS,Uterus,17.6064
TNKS,Brain_Spinal_cord_cervical_c-1,16.4662
TNKS,Fallopian_Tube,15.4945
TNKS,Small_Intestine_Terminal_Ileum_Lymphoid_Aggregate,13.9415
BLK,Small_Intestine_Terminal_Ileum_Lymphoid_Aggregate,402.054
BLK,Small_Intestine_Terminal_Ileum_Mixed_Cell,127.765
BLK,Cells_EBV-transformed_lymphocytes,105.433
BLK,Spleen,86.649
BLK,Small_Intestine_Terminal_Ileum,23.8404
BLK,Whole_Blood,9.58365
BLK,Liver_Portal_Tract,8.36014
BLK,Colon_Transverse_Mucosa,4.03749
BLK,Colon_Transverse_Mixed_Cell,3.18033
BLK,Lung,1.43643
BLK,Colon_Transverse,1.36852
BLK,Stomach_Mixed_Cell,1.22909
FDFT1,Cells_EBV-transformed_lymphocytes,172.701
FDFT1,Testis,122.395
FDFT1,Brain_Spinal_cord_cervical_c-1,97.9506
FDFT1,Esophagus_Mucosa,94.9905
FDFT1,Colon_Transverse_Mixed_Cell,91.7923
FDFT1,Minor_Salivary_Gland,91.3719
FDFT1,Colon_Transverse_Mucosa,86.5663
FDFT1,Skin_Not_Sun_Exposed_Suprapubic,85.5832
FDFT1,Vagina,83.4525
FDFT1,Skin_Sun_Exposed_Lower_leg,81.5106
FDFT1,Lung,74.5716
FDFT1,Nerve_Tibial,71.6135
CTSB,Thyroid,908.222
CTSB,Cells_Cultured_fibroblasts,778.127
CTSB,Cervix_Ectocervix,416.302
CTSB,Spleen,358.182
CTSB,Vagina,346.831
CTSB,Lung,293.959
CTSB,Cervix_Endocervix,248.413
CTSB,Artery_Aorta,239.739
CTSB,Uterus,234.245
CTSB,Adipose_Subcutaneous,218.954
CTSB,Colon_Transverse_Muscularis,208.053
CTSB,Esophagus_Mucosa,207.551
MSR1,Lung,34.6019
MSR1,Liver_Portal_Tract,13.6801
MSR1,Artery_Aorta,11.8009
MSR1,Adipose_Subcutaneous,11.35
MSR1,Adipose_Visceral_Omentum,9.67903
MSR1,Artery_Coronary,9.22488
MSR1,Spleen,7.86877
MSR1,Nerve_Tibial,7.34501
MSR1,Adrenal_Gland,5.77522
MSR1,Breast_Mammary_Tissue,3.80716
MSR1,Artery_Tibial,3.78892
MSR1,Brain_Spinal_cord_cervical_c-1,3.43281
ZDHHC2,Brain_Cerebellar_Hemisphere,25.1822
ZDHHC2,Thyroid,24.0864
ZDHHC2,Brain_Cerebellum,22.7312
ZDHHC2,Brain_Spinal_cord_cervical_c-1,18.8674
ZDHHC2,Pituitary,17.9281
ZDHHC2,Nerve_Tibial,16.1443
ZDHHC2,Testis,15.79
ZDHHC2,Cells_Cultured_fibroblasts,15.0037
ZDHHC2,Adrenal_Gland,14.0468
ZDHHC2,Pancreas_Islets,14.0264
ZDHHC2,Whole_Blood,12.9955
ZDHHC2,Kidney_Medulla,12.9033
ASAH1,Thyroid,213.942
ASAH1,Whole_Blood,133.715
ASAH1,Heart_Atrial_Appendage,131.228
ASAH1,Lung,131.083
ASAH1,Heart_Left_Ventricle,121.621
ASAH1,Adipose_Subcutaneous,107.534
ASAH1,Artery_Coronary,99.1469
ASAH1,Adipose_Visceral_Omentum,86.3557
ASAH1,Artery_Aorta,80.7635
ASAH1,Breast_Mammary_Tissue,76.4626
ASAH1,Kidney_Medulla,76.2692
ASAH1,Pituitary,75.7251
NAT1,Colon_Transverse_Mixed_Cell,13.6169
NAT1,Colon_Transverse_Mucosa,13.3989
NAT1,Cells_EBV-transformed_lymphocytes,8.33961
NAT1,Small_Intestine_Terminal_Ileum_Mixed_Cell,7.44627
NAT1,Cells_Cultured_fibroblasts,5.19373
NAT1,Small_Intestine_Terminal_Ileum,4.8978
NAT1,Liver,4.75404
NAT1,Colon_Transverse,4.75323
NAT1,Liver_Hepatocyte,4.58943
NAT1,Liver_Mixed_Cell,4.53968
NAT1,Small_Intestine_Terminal_Ileum_Lymphoid_Aggregate,4.49724
NAT1,Liver_Portal_Tract,4.17578
NAT2,Liver_Mixed_Cell,75.2188
NAT2,Liver_Hepatocyte,54.7901
NAT2,Liver,47.4817
NAT2,Colon_Transverse_Mucosa,22.5623
NAT2,Colon_Transverse_Mixed_Cell,22.1893
NAT2,Small_Intestine_Terminal_Ileum_Mixed_Cell,15.8273
NAT2,Liver_Portal_Tract,13.7021
NAT2,Small_Intestine_Terminal_Ileum,8.41026
NAT2,Colon_Transverse,7.15401
NAT2,Spleen,1.64588
NAT2,Colon_Transverse_Muscularis,1.42783
NAT2,Cervix_Endocervix,1.21151
LPL,Adipose_Visceral_Omentum,530.77
LPL,Adipose_Subcutaneous,466.328
LPL,Nerve_Tibial,348.725
LPL,Breast_Mammary_Tissue,297.427
LPL,Heart_Left_Ventricle,234.376
LPL,Lung,116.883
LPL,Brain_Caudate_basal_ganglia,57.6625
LPL,Brain_Nucleus_accumbens_basal_ganglia,47.6171
LPL,Brain_Putamen_basal_ganglia,44.3889
LPL,Artery_Coronary,43.0042
LPL,Muscle_Skeletal,42.4442
LPL,Heart_Atrial_Appendage,37.2242
TNFRSF10B,Cells_EBV-transformed_lymphocytes,130.532
TNFRSF10B,Cells_Cultured_fibroblasts,122.318
TNFRSF10B,Liver_Portal_Tract,96.0922
TNFRSF10B,Small_Intestine_Terminal_Ileum_Lymphoid_Aggregate,73.6205
TNFRSF10B,Lung,72.3797
TNFRSF10B,Small_Intestine_Terminal_Ileum_Mixed_Cell,59.7595
TNFRSF10B,Spleen,58.5172
TNFRSF10B,Artery_Aorta,58.4917
TNFRSF10B,Small_Intestine_Terminal_Ileum,57.2947
TNFRSF10B,Thyroid,57.2117
TNFRSF10B,Adipose_Visceral_Omentum,53.9198
TNFRSF10B,Ovary,53.8317
LOXL2,Cells_Cultured_fibroblasts,186.318
LOXL2,Colon_Sigmoid,32.7058
LOXL2,Adipose_Subcutaneous,30.1111
LOXL2,Esophagus_Muscularis,28.3911
LOXL2,Colon_Transverse_Muscularis,23.9378
LOXL2,Esophagus_Gastroesophageal_Junction,23.0546
LOXL2,Adipose_Visceral_Omentum,20.8363
LOXL2,Breast_Mammary_Tissue,19.6626
LOXL2,Cervix_Endocervix,19.4373
LOXL2,Ovary,16.4569
LOXL2,Artery_Aorta,15.2806
LOXL2,Uterus,15.0987
ADRA1A,Liver,13.7034
ADRA1A,Liver_Mixed_Cell,10.8436
ADRA1A,Liver_Hepatocyte,10.1157
ADRA1A,Lung,3.80844
ADRA1A,Spleen,3.39593
ADRA1A,Prostate,2.43036
ADRA1A,Adipose_Visceral_Omentum,2.37716
ADRA1A,Heart_Left_Ventricle,2.30389
ADRA1A,Adipose_Subcutaneous,2.12393
ADRA1A,Liver_Portal_Tract,1.98801
ADRA1A,Breast_Mammary_Tissue,1.90296
ADRA1A,Brain_Cerebellum,1.31658
PTK2B,Cells_EBV-transformed_lymphocytes,254.251
PTK2B,Brain_Cerebellar_Hemisphere,234.751
PTK2B,Brain_Cerebellum,224.305
PTK2B,Small_Intestine_Terminal_Ileum_Lymphoid_Aggregate,186.816
PTK2B,Whole_Blood,175.788
PTK2B,Brain_Frontal_Cortex_BA9,120.171
PTK2B,Spleen,118.614
PTK2B,Brain_Cortex,109.424
PTK2B,Small_Intestine_Terminal_Ileum_Mixed_Cell,86.9312
PTK2B,Brain_Nucleus_accumbens_basal_ganglia,66.0766
PTK2B,Brain_Anterior_cingulate_cortex_BA24,62.7534
PTK2B,Brain_Hippocampus,59.7702
CHRNA2,Prostate,16.6502
CHRNA2,Brain_Cortex,3.61228
CHRNA2,Brain_Frontal_Cortex_BA9,3.16653
CHRNA2,Pancreas_Islets,2.85635
CHRNA2,Brain_Anterior_cingulate_cortex_BA24,1.68988
CHRNA2,Brain_Cerebellum,1.53369
CHRNA2,Brain_Cerebellar_Hemisphere,1.53136
CHRNA2,Brain_Hippocampus,0.450943
CHRNA2,Brain_Substantia_nigra,0.388394
CHRNA2,Pituitary,0.370219
CHRNA2,Brain_Amygdala,0.350357
CHRNA2,Adrenal_Gland,0.326741
EPHX2,Liver,98.6282
EPHX2,Liver_Mixed_Cell,88.1175
EPHX2,Liver_Hepatocyte,77.849
EPHX2,Kidney_Medulla,71.58
EPHX2,Adrenal_Gland,68.5865
EPHX2,Colon_Transverse_Mucosa,59.7309
EPHX2,Prostate,58.1797
EPHX2,Pancreas_Islets,57.9979
EPHX2,Small_Intestine_Terminal_Ileum_Mixed_Cell,54.2519
EPHX2,Colon_Transverse_Mixed_Cell,51.493
EPHX2,Pituitary,51.3033
EPHX2,Ovary,47.3685
PBK,Testis,83.7458
PBK,Cells_EBV-transformed_lymphocytes,48.4881
PBK,Cells_Cultured_fibroblasts,28.3037
PBK,Esophagus_Mucosa,8.95994
PBK,Colon_Transverse_Mixed_Cell,7.56408
PBK,Colon_Transverse_Mucosa,7.12247
PBK,Small_Intestine_Terminal_Ileum_Mixed_Cell,6.31277
PBK,Small_Intestine_Terminal_Ileum,3.32007
PBK,Small_Intestine_Terminal_Ileum_Lymphoid_Aggregate,3.24261
PBK,Vagina,2.99183
PBK,Colon_Transverse,2.71755
PBK,Skin_Not_Sun_Exposed_Suprapubic,2.30267
MBOAT4,Pancreas_Islets,3.68148
MBOAT4,Small_Intestine_Terminal_Ileum_Lymphoid_Aggregate,1.90499
MBOAT4,Liver_Portal_Tract,1.31568
MBOAT4,Testis,0.657547
MBOAT4,Spleen,0.650151
MBOAT4,Stomach,0.586262
MBOAT4,Lung,0.569249
MBOAT4,Adrenal_Gland,0.56589
MBOAT4,Stomach_Mixed_Cell,0.539357
MBOAT4,Small_Intestine_Terminal_Ileum_Mixed_Cell,0.502091
MBOAT4,Pancreas_Mixed_Cell,0.477871
MBOAT4,Pancreas,0.476041
GSR,Cells_EBV-transformed_lymphocytes,64.5093
GSR,Cells_Cultured_fibroblasts,64.244
GSR,Colon_Transverse_Mixed_Cell,58.5116
GSR,Colon_Transverse_Mucosa,55.5907
GSR,Esophagus_Mucosa,52.457
GSR,Stomach_Mixed_Cell,50.761
GSR,Stomach_Mucosa,50.5239
GSR,Prostate,48.8255
GSR,Small_Intestine_Terminal_Ileum_Mixed_Cell,48.3293
GSR,Vagina,48.1007
GSR,Ovary,48.0284
GSR,Whole_Blood,42.6649
WRN,Uterus,16.3992
WRN,Cells_EBV-transformed_lymphocytes,15.7007
WRN,Ovary,13.0996
WRN,Cells_Cultured_fibroblasts,13.015
WRN,Cervix_Endocervix,12.9211
WRN,Nerve_Tibial,11.942
WRN,Fallopian_Tube,11.1518
WRN,Pituitary,10.5382
WRN,Cervix_Ectocervix,9.98223
WRN,Artery_Tibial,8.98622
WRN,Testis,8.90291
WRN,Adipose_Subcutaneous,8.8208
ADRB3,Ovary,29.9931
ADRB3,Stomach_Muscularis,15.9288
ADRB3,Fallopian_Tube,12.9559
ADRB3,Bladder,10.7837
ADRB3,Esophagus_Muscularis,9.3411
ADRB3,Esophagus_Gastroesophageal_Junction,5.64432
ADRB3,Colon_Transverse_Muscularis,5.00516
ADRB3,Colon_Sigmoid,3.93788
ADRB3,Stomach_Mixed_Cell,1.84674
ADRB3,Colon_Transverse,1.37197
ADRB3,Uterus,1.28963
ADRB3,Colon_Transverse_Mixed_Cell,0.842381
FGFR1,Artery_Aorta,131.331
FGFR1,Fallopian_Tube,131.146
FGFR1,Ovary,127.788
FGFR1,Artery_Tibial,119.982
FGFR1,Brain_Cerebellum,108.902
FGFR1,Brain_Cerebellar_Hemisphere,106.798
FGFR1,Artery_Coronary,105.578
FGFR1,Uterus,101.651
FGFR1,Nerve_Tibial,101.452
FGFR1,Colon_Sigmoid,98.5904
FGFR1,Esophagus_Gastroesophageal_Junction,97.4919
FGFR1,Esophagus_Muscularis,95.2199
IDO1,Lung,15.7416
IDO1,Small_Intestine_Terminal_Ileum_Lymphoid_Aggregate,11.5067
IDO1,Small_Intestine_Terminal_Ileum_Mixed_Cell,8.21445
IDO1,Small_Intestine_Terminal_Ileum,5.28772
IDO1,Adipose_Visceral_Omentum,4.88567
IDO1,Thyroid,3.9747
IDO1,Spleen,3.65021
IDO1,Colon_Transverse_Mixed_Cell,2.0062
IDO1,Cervix_Endocervix,1.82936
IDO1,Liver_Portal_Tract,1.67995
IDO1,Colon_Transverse,1.42106
IDO1,Colon_Transverse_Mucosa,1.18783
PLAT,Bladder,92.7263
PLAT,Kidney_Medulla,89.5236
PLAT,Nerve_Tibial,85.954
PLAT,Fallopian_Tube,82.3623
PLAT,Uterus,72.8751
PLAT,Adipose_Visceral_Omentum,65.0085
PLAT,Colon_Sigmoid,64.3816
PLAT,Kidney_Cortex,61.7016
PLAT,Artery_Coronary,60.9775
PLAT,Cells_Cultured_fibroblasts,57.7605
PLAT,Stomach_Muscularis,57.1945
PLAT,Colon_Transverse,54.9808
IKBKB,Small_Intestine_Terminal_Ileum_Lymphoid_Aggregate,86.7286
IKBKB,Spleen,77.1215
IKBKB,Fallopian_Tube,55.8795
IKBKB,Thyroid,54.4809
IKBKB,Prostate,54.1978
IKBKB,Uterus,52.7196
IKBKB,Nerve_Tibial,51.0777
IKBKB,Lung,49.6717
IKBKB,Cervix_Endocervix,49.2607
IKBKB,Vagina,49.1934
IKBKB,Cervix_Ectocervix,47.2555
IKBKB,Liver_Portal_Tract,45.5927
POLB,Brain_Cerebellar_Hemisphere,162.285
POLB,Brain_Cerebellum,131.833
POLB,Testis,65.2457
POLB,Cells_EBV-transformed_lymphocytes,26.0341
POLB,Pituitary,24.8633
POLB,Prostate,20.6947
POLB,Muscle_Skeletal,19.5065
POLB,Ovary,18.6012
POLB,Cervix_Ectocervix,17.4371
POLB,Vagina,17.3832
POLB,Small_Intestine_Terminal_Ileum_Lymphoid_Aggregate,16.6575
POLB,Esophagus_Mucosa,16.0147
FNTA,Brain_Spinal_cord_cervical_c-1,68.3448
FNTA,Nerve_Tibial,56.9145
FNTA,Cervix_Endocervix,39.7007
FNTA,Adipose_Subcutaneous,38.3575
FNTA,Small_Intestine_Terminal_Ileum_Lymphoid_Aggregate,37.9914
FNTA,Cervix_Ectocervix,37.6887
FNTA,Vagina,37.3132
FNTA,Uterus,37.2697
FNTA,Ovary,36.3387
FNTA,Cells_Cultured_fibroblasts,35.5912
FNTA,Cells_EBV-transformed_lymphocytes,34.8103
FNTA,Skin_Sun_Exposed_Lower_leg,34.4267
PRKDC,Cells_Cultured_fibroblasts,88.1741
PRKDC,Cells_EBV-transformed_lymphocytes,80.9477
PRKDC,Uterus,33.0177
PRKDC,Ovary,30.7963
PRKDC,Testis,30.5751
PRKDC,Small_Intestine_Terminal_Ileum_Lymphoid_Aggregate,29.3156
PRKDC,Fallopian_Tube,27.9584
PRKDC,Nerve_Tibial,27.758
PRKDC,Cervix_Endocervix,27.746
PRKDC,Bladder,26.9737
PRKDC,Skin_Sun_Exposed_Lower_leg,25.5146
PRKDC,Vagina,25.1052
NPBWR1,Liver_Mixed_Cell,0.945603
NPBWR1,Liver,0.875229
NPBWR1,Brain_Hypothalamus,0.776381
NPBWR1,Skin_Not_Sun_Exposed_Suprapubic,0.695711
NPBWR1,Liver_Hepatocyte,0.687751
NPBWR1,Brain_Cortex,0.672714
NPBWR1,Brain_Anterior_cingulate_cortex_BA24,0.671914
NPBWR1,Brain_Frontal_Cortex_BA9,0.64443
NPBWR1,Pituitary,0.530692
NPBWR1,Liver_Portal_Tract,0.511675
NPBWR1,Skin_Sun_Exposed_Lower_leg,0.484623
NPBWR1,Small_Intestine_Terminal_Ileum_Lymphoid_Aggregate,0.353295
OPRK1,Brain_Nucleus_accumbens_basal_ganglia,4.58353
OPRK1,Brain_Hypothalamus,2.65541
OPRK1,Brain_Anterior_cingulate_cortex_BA24,1.99272
OPRK1,Brain_Caudate_basal_ganglia,1.60061
OPRK1,Brain_Frontal_Cortex_BA9,1.54473
OPRK1,Brain_Amygdala,1.39664
OPRK1,Brain_Cortex,1.26915
OPRK1,Brain_Cerebellum,1.05242
OPRK1,Brain_Cerebellar_Hemisphere,0.919314
OPRK1,Testis,0.856528
OPRK1,Brain_Putamen_basal_ganglia,0.615364
OPRK1,Brain_Hippocampus,0.426328
LYPLA1,Cells_EBV-transformed_lymphocytes,67.8725
LYPLA1,Testis,59.38
LYPLA1,Esophagus_Mucosa,43.1239
LYPLA1,Skin_Sun_Exposed_Lower_leg,36.2107
LYPLA1,Minor_Salivary_Gland,36.0272
LYPLA1,Cells_Cultured_fibroblasts,35.0142
LYPLA1,Vagina,34.8114
LYPLA1,Skin_Not_Sun_Exposed_Suprapubic,33.0391
LYPLA1,Liver_Portal_Tract,26.6267
LYPLA1,Spleen,24.4848
LYPLA1,Prostate,24.4198
LYPLA1,Adrenal_Gland,23.7225
LYN,Whole_Blood,185.326
LYN,Cells_EBV-transformed_lymphocytes,124.909
LYN,Spleen,82.2457
LYN,Small_Intestine_Terminal_Ileum_Lymphoid_Aggregate,65.1316
LYN,Lung,36.3795
LYN,Small_Intestine_Terminal_Ileum_Mixed_Cell,31.221
LYN,Liver_Portal_Tract,20.3944
LYN,Small_Intestine_Terminal_Ileum,17.3231
LYN,Minor_Salivary_Gland,14.6454
LYN,Thyroid,14.4544
LYN,Brain_Cerebellar_Hemisphere,12.5769
LYN,Adipose_Visceral_Omentum,11.3348
CYP7A1,Liver,3.77662
CYP7A1,Liver_Mixed_Cell,0.804798
CYP7A1,Liver_Hepatocyte,0.559027
CYP7A1,Adipose_Subcutaneous,0.474171
CYP7A1,Nerve_Tibial,0.408061
CYP7A1,Spleen,0.331529
CYP7A1,Testis,0.328277
CYP7A1,Breast_Mammary_Tissue,0.260588
CYP7A1,Adipose_Visceral_Omentum,0.232775
CYP7A1,Skin_Sun_Exposed_Lower_leg,0.211626
CYP7A1,Uterus,0.157638
CYP7A1,Fallopian_Tube,0.150129
ASPH,Cells_Cultured_fibroblasts,87.2401
ASPH,Adipose_Subcutaneous,47.918
ASPH,Adrenal_Gland,38.6036
ASPH,Adipose_Visceral_Omentum,34.2229
ASPH,Breast_Mammary_Tissue,31.0218
ASPH,Nerve_Tibial,29.2939
ASPH,Artery_Tibial,28.8332
ASPH,Artery_Aorta,26.1276
ASPH,Bladder,24.3443
ASPH,Thyroid,24.3245
ASPH,Artery_Coronary,24.2559
ASPH,Fallopian_Tube,22.7241
GGH,Liver_Mixed_Cell,71.6381
GGH,Liver_Hepatocyte,52.0516
GGH,Cells_Cultured_fibroblasts,48.24
GGH,Testis,36.097
GGH,Colon_Transverse_Mucosa,33.6965
GGH,Colon_Transverse_Mixed_Cell,30.9499
GGH,Cells_EBV-transformed_lymphocytes,30.4753
GGH,Brain_Cerebellar_Hemisphere,24.7313
GGH,Liver,24.2827
GGH,Skin_Sun_Exposed_Lower_leg,18.5701
GGH,Brain_Cerebellum,18.562
GGH,Colon_Transverse,16.405
TTPA,Liver_Mixed_Cell,45.2295
TTPA,Liver,36.847
TTPA,Liver_Hepatocyte,27.4243
TTPA,Liver_Portal_Tract,10.678
TTPA,Brain_Nucleus_accumbens_basal_ganglia,2.8634
TTPA,Brain_Caudate_basal_ganglia,2.7635
TTPA,Brain_Amygdala,2.38712
TTPA,Brain_Anterior_cingulate_cortex_BA24,2.14255
TTPA,Brain_Cerebellum,2.11245
TTPA,Colon_Transverse_Mucosa,1.95952
TTPA,Colon_Transverse_Mixed_Cell,1.79168
TTPA,Nerve_Tibial,1.74452
CYP7B1,Nerve_Tibial,18.5091
CYP7B1,Brain_Spinal_cord_cervical_c-1,12.832
CYP7B1,Lung,12.6475
CYP7B1,Thyroid,11.7176
CYP7B1,Cells_Cultured_fibroblasts,11.6257
CYP7B1,Vagina,11.3538
CYP7B1,Adipose_Subcutaneous,11.1786
CYP7B1,Cervix_Ectocervix,11.0239
CYP7B1,Liver_Portal_Tract,10.1465
CYP7B1,Cells_EBV-transformed_lymphocytes,9.58245
CYP7B1,Breast_Mammary_Tissue,9.22689
CYP7B1,Artery_Coronary,8.86237
PDE7A,Small_Intestine_Terminal_Ileum_Lymphoid_Aggregate,90.7472
PDE7A,Cells_EBV-transformed_lymphocytes,35.6538
PDE7A,Small_Intestine_Terminal_Ileum_Mixed_Cell,25.175
PDE7A,Spleen,25.0951
PDE7A,Thyroid,22.0806
PDE7A,Liver_Portal_Tract,18.8479
PDE7A,Muscle_Skeletal,17.583
PDE7A,Lung,16.9628
PDE7A,Minor_Salivary_Gland,15.416
PDE7A,Heart_Left_Ventricle,14.0975
PDE7A,Heart_Atrial_Appendage,13.9988
PDE7A,Whole_Blood,13.0064
COPS5,Testis,63.9912
COPS5,Muscle_Skeletal,57.2858
COPS5,Cells_Cultured_fibroblasts,46.1805
COPS5,Cells_EBV-transformed_lymphocytes,44.2182
COPS5,Artery_Tibial,38.7146
COPS5,Nerve_Tibial,36.2479
COPS5,Brain_Spinal_cord_cervical_c-1,36.0543
COPS5,Brain_Cerebellar_Hemisphere,35.9475
COPS5,Uterus,35.8879
COPS5,Artery_Coronary,35.5313
COPS5,Artery_Aorta,35.3211
COPS5,Heart_Left_Ventricle,35.1922
TRPA1,Bladder,13.0005
TRPA1,Small_Intestine_Terminal_Ileum,10.3682
TRPA1,Cells_Cultured_fibroblasts,10.2222
TRPA1,Small_Intestine_Terminal_Ileum_Mixed_Cell,10.1675
TRPA1,Colon_Transverse_Mixed_Cell,9.28341
TRPA1,Colon_Transverse_Mucosa,7.25942
TRPA1,Stomach_Mixed_Cell,6.88161
TRPA1,Colon_Transverse,6.87782
TRPA1,Stomach_Mucosa,5.80483
TRPA1,Stomach,5.35442
TRPA1,Small_Intestine_Terminal_Ileum_Lymphoid_Aggregate,1.869
TRPA1,Colon_Transverse_Muscularis,1.007
ELOC,Testis,37.7482
ELOC,Cells_Cultured_fibroblasts,31.6509
ELOC,Cells_EBV-transformed_lymphocytes,30.4248
ELOC,Brain_Frontal_Cortex_BA9,25.3409
ELOC,Brain_Cerebellar_Hemisphere,22.4836
ELOC,Brain_Anterior_cingulate_cortex_BA24,21.0173
ELOC,Artery_Aorta,20.7291
ELOC,Artery_Tibial,20.7112
ELOC,Muscle_Skeletal,19.773
ELOC,Artery_Coronary,19.5918
ELOC,Stomach_Muscularis,18.9515
ELOC,Brain_Cortex,18.4953
LY96,Spleen,87.2071
LY96,Whole_Blood,47.6608
LY96,Cells_Cultured_fibroblasts,36.2265
LY96,Small_Intestine_Terminal_Ileum_Lymphoid_Aggregate,34.4704
LY96,Cells_EBV-transformed_lymphocytes,33.7407
LY96,Lung,31.7168
LY96,Adipose_Visceral_Omentum,30.5356
LY96,Adipose_Subcutaneous,27.6657
LY96,Artery_Coronary,26.9639
LY96,Ovary,25.7756
LY96,Liver_Portal_Tract,24.8176
LY96,Artery_Aorta,24.5399
FABP5,Esophagus_Mucosa,1958.36
FABP5,Vagina,1922.12
FABP5,Cervix_Ectocervix,1620.14
FABP5,Skin_Sun_Exposed_Lower_leg,414.46
FABP5,Skin_Not_Sun_Exposed_Suprapubic,274.141
FABP5,Adipose_Visceral_Omentum,217.526
FABP5,Adipose_Subcutaneous,184.933
FABP5,Breast_Mammary_Tissue,134.757
FABP5,Colon_Transverse_Mixed_Cell,118.833
FABP5,Cells_EBV-transformed_lymphocytes,109.793
FABP5,Lung,89.9001
FABP5,Spleen,84.5024
FABP4,Adipose_Visceral_Omentum,7818.74
FABP4,Adipose_Subcutaneous,6889.44
FABP4,Breast_Mammary_Tissue,5152.2
FABP4,Artery_Coronary,406.945
FABP4,Nerve_Tibial,331.683
FABP4,Thyroid,318.777
FABP4,Bladder,206.922
FABP4,Lung,137.494
FABP4,Skin_Sun_Exposed_Lower_leg,127.148
FABP4,Heart_Left_Ventricle,117.885
FABP4,Esophagus_Gastroesophageal_Junction,103.858
FABP4,Esophagus_Muscularis,92.0988
CA13,Skin_Sun_Exposed_Lower_leg,8.83706
CA13,Skin_Not_Sun_Exposed_Suprapubic,8.80357
CA13,Thyroid,8.68457
CA13,Minor_Salivary_Gland,7.59147
CA13,Small_Intestine_Terminal_Ileum_Mixed_Cell,7.13886
CA13,Esophagus_Mucosa,6.69992
CA13,Small_Intestine_Terminal_Ileum,6.56197
CA13,Colon_Transverse_Mucosa,6.54663
CA13,Pituitary,5.98899
CA13,Liver_Portal_Tract,5.6158
CA13,Colon_Transverse_Mixed_Cell,5.48358
CA13,Stomach_Mixed_Cell,4.96605
CA1,Colon_Transverse_Mucosa,817.994
CA1,Colon_Transverse_Mixed_Cell,762.883
CA1,Colon_Transverse,87.9383
CA1,Whole_Blood,68.0723
CA1,Colon_Transverse_Muscularis,30.6642
CA1,Spleen,4.90481
CA1,Small_Intestine_Terminal_Ileum_Mixed_Cell,1.12749
CA1,Lung,1.0291
CA1,Colon_Sigmoid,0.458421
CA1,Liver,0.353065
CA1,Liver_Mixed_Cell,0.292823
CA1,Small_Intestine_Terminal_Ileum,0.256
CA3,Muscle_Skeletal,1403.88
CA3,Lung,28.5378
CA3,Fallopian_Tube,13.2771
CA3,Adipose_Visceral_Omentum,9.7951
CA3,Cervix_Endocervix,9.64976
CA3,Uterus,8.30134
CA3,Minor_Salivary_Gland,8.22589
CA3,Artery_Coronary,6.20484
CA3,Vagina,5.93775
CA3,Pituitary,5.78982
CA3,Liver_Portal_Tract,5.41064
CA3,Small_Intestine_Terminal_Ileum,5.39415
CA2,Colon_Transverse_Mixed_Cell,815.749
CA2,Colon_Transverse_Mucosa,762.425
CA2,Stomach_Mixed_Cell,540.891
CA2,Stomach_Mucosa,467.31
CA2,Stomach,299.626
CA2,Colon_Transverse,275.748
CA2,Kidney_Medulla,192.056
CA2,Kidney_Cortex,156.933
CA2,Brain_Spinal_cord_cervical_c-1,133.52
CA2,Liver_Mixed_Cell,117.561
CA2,Brain_Putamen_basal_ganglia,114.545
CA2,Liver_Portal_Tract,111.731
RIPK2,Cells_EBV-transformed_lymphocytes,31.0554
RIPK2,Cells_Cultured_fibroblasts,28.6945
RIPK2,Lung,22.8969
RIPK2,Nerve_Tibial,18.3116
RIPK2,Skin_Sun_Exposed_Lower_leg,17.8798
RIPK2,Artery_Tibial,16.5054
RIPK2,Small_Intestine_Terminal_Ileum_Lymphoid_Aggregate,15.7257
RIPK2,Skin_Not_Sun_Exposed_Suprapubic,15.4639
RIPK2,Artery_Aorta,15.4265
RIPK2,Adipose_Subcutaneous,15.3957
RIPK2,Adipose_Visceral_Omentum,15.0345
RIPK2,Artery_Coronary,14.639
STK3,Uterus,18.0185
STK3,Ovary,16.9747
STK3,Fallopian_Tube,16.4081
STK3,Cervix_Endocervix,15.6275
STK3,Artery_Tibial,13.4616
STK3,Cervix_Ectocervix,12.5934
STK3,Nerve_Tibial,12.5777
STK3,Adipose_Subcutaneous,12.2403
STK3,Vagina,11.9295
STK3,Artery_Coronary,11.8394
STK3,Artery_Aorta,11.6182
STK3,Testis,11.0743
PABPC1,Cells_EBV-transformed_lymphocytes,771.784
PABPC1,Esophagus_Mucosa,593.164
PABPC1,Cells_Cultured_fibroblasts,553.012
PABPC1,Vagina,519.085
PABPC1,Ovary,517.745
PABPC1,Minor_Salivary_Gland,450.593
PABPC1,Cervix_Ectocervix,445.43
PABPC1,Small_Intestine_Terminal_Ileum_Lymphoid_Aggregate,429.404
PABPC1,Testis,395.085
PABPC1,Skin_Not_Sun_Exposed_Suprapubic,384.072
PABPC1,Bladder,381.384
PABPC1,Skin_Sun_Exposed_Lower_leg,380.051
YWHAZ,Esophagus_Mucosa,396.538
YWHAZ,Vagina,288.997
YWHAZ,Cells_EBV-transformed_lymphocytes,241.561
YWHAZ,Brain_Frontal_Cortex_BA9,235.326
YWHAZ,Cells_Cultured_fibroblasts,233.588
YWHAZ,Skin_Not_Sun_Exposed_Suprapubic,227.266
YWHAZ,Cervix_Ectocervix,225.665
YWHAZ,Whole_Blood,224.995
YWHAZ,Skin_Sun_Exposed_Lower_leg,217.413
YWHAZ,Artery_Tibial,208.319
YWHAZ,Liver_Portal_Tract,203.444
YWHAZ,Brain_Cerebellar_Hemisphere,194.419
ENPP2,Brain_Spinal_cord_cervical_c-1,329.616
ENPP2,Cells_Cultured_fibroblasts,246.473
ENPP2,Pancreas_Islets,150.893
ENPP2,Uterus,135.705
ENPP2,Adipose_Subcutaneous,121.589
ENPP2,Breast_Mammary_Tissue,103.861
ENPP2,Cervix_Endocervix,93.7543
ENPP2,Brain_Substantia_nigra,91.8491
ENPP2,Adipose_Visceral_Omentum,86.5369
ENPP2,Fallopian_Tube,83.158
ENPP2,Brain_Hippocampus,68.0876
ENPP2,Brain_Putamen_basal_ganglia,57.0077
NDUFB9,Muscle_Skeletal,85.5475
NDUFB9,Heart_Left_Ventricle,53.2593
NDUFB9,Testis,47.3771
NDUFB9,Brain_Frontal_Cortex_BA9,46.2521
NDUFB9,Heart_Atrial_Appendage,43.8694
NDUFB9,Brain_Anterior_cingulate_cortex_BA24,42.3256
NDUFB9,Brain_Substantia_nigra,42.2371
NDUFB9,Kidney_Medulla,39.3647
NDUFB9,Brain_Cerebellar_Hemisphere,38.3571
NDUFB9,Brain_Amygdala,37.8621
NDUFB9,Brain_Cortex,37.6486
NDUFB9,Brain_Cerebellum,34.7019
SQLE,Cells_EBV-transformed_lymphocytes,93.5638
SQLE,Esophagus_Mucosa,84.5621
SQLE,Brain_Spinal_cord_cervical_c-1,68.3547
SQLE,Skin_Sun_Exposed_Lower_leg,66.0653
SQLE,Testis,65.6306
SQLE,Skin_Not_Sun_Exposed_Suprapubic,65.1267
SQLE,Liver_Portal_Tract,61.3992
SQLE,Vagina,53.0216
SQLE,Cervix_Ectocervix,47.5741
SQLE,Cells_Cultured_fibroblasts,42.3797
SQLE,Lung,30.4783
SQLE,Colon_Transverse_Mixed_Cell,26.1325
MYC,Skin_Not_Sun_Exposed_Suprapubic,154.761
MYC,Adipose_Visceral_Omentum,106.922
MYC,Stomach_Muscularis,106.706
MYC,Cells_Cultured_fibroblasts,98.6579
MYC,Skin_Sun_Exposed_Lower_leg,96.4295
MYC,Cells_EBV-transformed_lymphocytes,94.5964
MYC,Breast_Mammary_Tissue,75.3344
MYC,Fallopian_Tube,71.4827
MYC,Adipose_Subcutaneous,60.6207
MYC,Ovary,58.1682
MYC,Small_Intestine_Terminal_Ileum_Lymphoid_Aggregate,56.1783
MYC,Vagina,54.0698
ADCY8,Brain_Cerebellar_Hemisphere,10.6741
ADCY8,Brain_Cerebellum,10.3267
ADCY8,Brain_Amygdala,8.35756
ADCY8,Brain_Substantia_nigra,8.25831
ADCY8,Brain_Anterior_cingulate_cortex_BA24,8.08878
ADCY8,Brain_Frontal_Cortex_BA9,7.83144
ADCY8,Brain_Cortex,7.60472
ADCY8,Brain_Hypothalamus,7.44032
ADCY8,Brain_Hippocampus,6.56905
ADCY8,Brain_Caudate_basal_ganglia,5.45923
ADCY8,Brain_Spinal_cord_cervical_c-1,5.17656
ADCY8,Brain_Nucleus_accumbens_basal_ganglia,4.94589
KCNK9,Brain_Cerebellum,47.6771
KCNK9,Brain_Cerebellar_Hemisphere,47.1378
KCNK9,Brain_Cortex,4.48174
KCNK9,Brain_Frontal_Cortex_BA9,4.38984
KCNK9,Brain_Hypothalamus,3.04713
KCNK9,Brain_Anterior_cingulate_cortex_BA24,1.93089
KCNK9,Pituitary,1.16974
KCNK9,Brain_Amygdala,0.657586
KCNK9,Brain_Hippocampus,0.603512
KCNK9,Brain_Spinal_cord_cervical_c-1,0.566772
KCNK9,Stomach_Muscularis,0.451687
KCNK9,Colon_Sigmoid,0.426845
PTK2,Artery_Tibial,55.0358
PTK2,Artery_Coronary,34.5571
PTK2,Nerve_Tibial,32.4914
PTK2,Brain_Spinal_cord_cervical_c-1,30.1789
PTK2,Artery_Aorta,29.8479
PTK2,Adipose_Subcutaneous,27.7033
PTK2,Uterus,27.2339
PTK2,Testis,26.2915
PTK2,Brain_Cerebellum,25.1609
PTK2,Cervix_Endocervix,24.9536
PTK2,Thyroid,24.7608
PTK2,Brain_Cerebellar_Hemisphere,24.4606
PTP4A3,Muscle_Skeletal,230.42
PTP4A3,Heart_Left_Ventricle,179.45
PTP4A3,Pituitary,153.482
PTP4A3,Artery_Tibial,144.228
PTP4A3,Liver_Portal_Tract,133.831
PTP4A3,Heart_Atrial_Appendage,133.045
PTP4A3,Esophagus_Gastroesophageal_Junction,110.685
PTP4A3,Artery_Coronary,105.381
PTP4A3,Artery_Aorta,89.7412
PTP4A3,Uterus,83.8954
PTP4A3,Esophagus_Muscularis,78.005
PTP4A3,Fallopian_Tube,75.391
CYP11B1,Adrenal_Gland,5078.66
CYP11B1,Testis,6.71223
CYP11B1,Liver_Portal_Tract,0.406112
CYP11B1,Uterus,0.371035
CYP11B1,Ovary,0.357983
CYP11B1,Spleen,0.327165
CYP11B1,Vagina,0.312896
CYP11B1,Esophagus_Mucosa,0.268394
CYP11B1,Liver_Mixed_Cell,0.266792
CYP11B1,Pituitary,0.263372
CYP11B1,Pancreas_Acini,0.236043
CYP11B1,Liver_Hepatocyte,0.230602
CYP11B2,Adrenal_Gland,80.2521
CYP11B2,Testis,0.191285
CYP11B2,Liver_Portal_Tract,0.030929
CYP11B2,Spleen,0.021042
CYP11B2,Pancreas_Acini,0.019246
CYP11B2,Liver,0.011603
CYP11B2,Colon_Transverse_Mucosa,0.005273
NAPRT,Small_Intestine_Terminal_Ileum_Mixed_Cell,107.578
NAPRT,Esophagus_Mucosa,97.053
NAPRT,Colon_Transverse_Mixed_Cell,96.9734
NAPRT,Liver_Mixed_Cell,93.1344
NAPRT,Skin_Not_Sun_Exposed_Suprapubic,92.8354
NAPRT,Colon_Transverse_Mucosa,88.3394
NAPRT,Skin_Sun_Exposed_Lower_leg,88.1435
NAPRT,Liver,85.709
NAPRT,Liver_Hepatocyte,84.7966
NAPRT,Whole_Blood,82.1264
NAPRT,Small_Intestine_Terminal_Ileum,82.0661
NAPRT,Spleen,78.4456
PLEC,Nerve_Tibial,254.111
PLEC,Cells_Cultured_fibroblasts,227.465
PLEC,Muscle_Skeletal,159.568
PLEC,Artery_Aorta,154.139
PLEC,Artery_Tibial,145.61
PLEC,Artery_Coronary,135.896
PLEC,Uterus,129.681
PLEC,Cervix_Endocervix,125.899
PLEC,Skin_Not_Sun_Exposed_Suprapubic,125.055
PLEC,Skin_Sun_Exposed_Lower_leg,125.04
PLEC,Esophagus_Gastroesophageal_Junction,108.55
PLEC,Cervix_Ectocervix,107.583
PARP10,Spleen,96.0261
PARP10,Small_Intestine_Terminal_Ileum_Lymphoid_Aggregate,83.0502
PARP10,Testis,67.4412
PARP10,Ovary,67.2384
PARP10,Cells_EBV-transformed_lymphocytes,66.0407
PARP10,Prostate,64.762
PARP10,Fallopian_Tube,60.828
PARP10,Kidney_Medulla,60.3854
PARP10,Uterus,58.8174
PARP10,Cervix_Endocervix,58.5287
PARP10,Lung,56.5509
PARP10,Thyroid,53.7059
SMARCA2,Ovary,45.0317
SMARCA2,Brain_Cerebellar_Hemisphere,35.4429
SMARCA2,Cells_EBV-transformed_lymphocytes,33.896
SMARCA2,Artery_Tibial,30.3747
SMARCA2,Artery_Aorta,28.7579
SMARCA2,Testis,27.4421
SMARCA2,Thyroid,27.199
SMARCA2,Cervix_Endocervix,26.9387
SMARCA2,Brain_Cerebellum,26.3949
SMARCA2,Skin_Sun_Exposed_Lower_leg,26.3086
SMARCA2,Skin_Not_Sun_Exposed_Suprapubic,25.4253
SMARCA2,Fallopian_Tube,25.3163
SLC1A1,Small_Intestine_Terminal_Ileum_Mixed_Cell,55.824
SLC1A1,Liver_Portal_Tract,35.9103
SLC1A1,Thyroid,35.0687
SLC1A1,Liver_Mixed_Cell,29.3952
SLC1A1,Liver_Hepatocyte,28.211
SLC1A1,Cells_EBV-transformed_lymphocytes,27.9764
SLC1A1,Small_Intestine_Terminal_Ileum,24.345
SLC1A1,Liver,23.6829
SLC1A1,Brain_Frontal_Cortex_BA9,20.6805
SLC1A1,Colon_Transverse_Mixed_Cell,19.3508
SLC1A1,Lung,18.6935
SLC1A1,Colon_Transverse_Mucosa,16.8209
JAK2,Artery_Tibial,66.5938
JAK2,Artery_Aorta,46.1082
JAK2,Artery_Coronary,31.2844
JAK2,Small_Intestine_Terminal_Ileum_Lymphoid_Aggregate,21.6383
JAK2,Nerve_Tibial,19.8029
JAK2,Adipose_Subcutaneous,19.7044
JAK2,Lung,18.3434
JAK2,Uterus,17.6585
JAK2,Vagina,17.4768
JAK2,Skin_Sun_Exposed_Lower_leg,17.3097
JAK2,Ovary,17.025
JAK2,Liver_Portal_Tract,16.8183
CD274,Cells_EBV-transformed_lymphocytes,60.0695
CD274,Lung,26.1621
CD274,Spleen,16.3109
CD274,Liver_Portal_Tract,5.52237
CD274,Artery_Aorta,5.43241
CD274,Pituitary,4.97985
CD274,Thyroid,4.91671
CD274,Heart_Left_Ventricle,4.76253
CD274,Small_Intestine_Terminal_Ileum_Lymphoid_Aggregate,4.46499
CD274,Whole_Blood,4.46396
CD274,Heart_Atrial_Appendage,4.24573
CD274,Adipose_Visceral_Omentum,3.56776
KDM4C,Brain_Cerebellar_Hemisphere,34.0756
KDM4C,Brain_Cerebellum,33.9424
KDM4C,Small_Intestine_Terminal_Ileum_Lymphoid_Aggregate,17.2752
KDM4C,Cells_EBV-transformed_lymphocytes,16.894
KDM4C,Nerve_Tibial,12.9186
KDM4C,Thyroid,12.7325
KDM4C,Skin_Sun_Exposed_Lower_leg,12.3782
KDM4C,Skin_Not_Sun_Exposed_Suprapubic,12.0214
KDM4C,Fallopian_Tube,11.6401
KDM4C,Artery_Tibial,11.5242
KDM4C,Uterus,11.3146
KDM4C,Cervix_Endocervix,11.248
PSIP1,Cells_EBV-transformed_lymphocytes,127.883
PSIP1,Brain_Cerebellar_Hemisphere,122.751
PSIP1,Brain_Cerebellum,92.957
PSIP1,Ovary,65.6695
PSIP1,Artery_Aorta,53.8077
PSIP1,Cervix_Endocervix,53.6977
PSIP1,Nerve_Tibial,52.2642
PSIP1,Brain_Frontal_Cortex_BA9,52.1568
PSIP1,Uterus,51.7397
PSIP1,Fallopian_Tube,48.4012
PSIP1,Small_Intestine_Terminal_Ileum_Lymphoid_Aggregate,46.3598
PSIP1,Brain_Spinal_cord_cervical_c-1,46.3035
PLAA,Cells_EBV-transformed_lymphocytes,27.5163
PLAA,Muscle_Skeletal,27.0441
PLAA,Cells_Cultured_fibroblasts,23.6152
PLAA,Artery_Tibial,22.4093
PLAA,Uterus,19.9958
PLAA,Artery_Aorta,19.3847
PLAA,Artery_Coronary,18.4391
PLAA,Adrenal_Gland,18.2512
PLAA,Testis,18.2505
PLAA,Nerve_Tibial,17.4963
PLAA,Cervix_Endocervix,17.2348
PLAA,Cervix_Ectocervix,16.8066
TEK,Lung,53.1898
TEK,Adipose_Subcutaneous,34.5906
TEK,Kidney_Medulla,31.4348
TEK,Adipose_Visceral_Omentum,27.3901
TEK,Breast_Mammary_Tissue,24.7085
TEK,Thyroid,23.1024
TEK,Spleen,21.3499
TEK,Uterus,18.5435
TEK,Artery_Coronary,16.9939
TEK,Nerve_Tibial,14.8443
TEK,Cervix_Endocervix,13.2271
TEK,Fallopian_Tube,12.1737
SIGMAR1,Cells_Cultured_fibroblasts,138.451
SIGMAR1,Liver_Hepatocyte,117.375
SIGMAR1,Liver_Mixed_Cell,113.018
SIGMAR1,Liver,96.6651
SIGMAR1,Cervix_Endocervix,92.2276
SIGMAR1,Fallopian_Tube,84.4637
SIGMAR1,Uterus,80.6747
SIGMAR1,Artery_Aorta,75.8774
SIGMAR1,Nerve_Tibial,74.299
SIGMAR1,Cervix_Ectocervix,73.9856
SIGMAR1,Ovary,73.2089
SIGMAR1,Artery_Tibial,72.826
VCP,Cells_Cultured_fibroblasts,165.321
VCP,Cells_EBV-transformed_lymphocytes,161.797
VCP,Muscle_Skeletal,131.181
VCP,Fallopian_Tube,120.583
VCP,Artery_Aorta,119.463
VCP,Lung,115.411
VCP,Uterus,114.374
VCP,Esophagus_Mucosa,112.913
VCP,Artery_Tibial,112.148
VCP,Adrenal_Gland,110.515
VCP,Spleen,110.349
VCP,Nerve_Tibial,109.929
CA9,Stomach_Mucosa,734.114
CA9,Stomach_Mixed_Cell,579.499
CA9,Stomach,482.315
CA9,Testis,57.9146
CA9,Brain_Cerebellar_Hemisphere,42.6957
CA9,Brain_Cerebellum,42.4822
CA9,Pancreas_Mixed_Cell,12.9813
CA9,Skin_Not_Sun_Exposed_Suprapubic,12.0675
CA9,Liver_Portal_Tract,10.4806
CA9,Pancreas_Acini,9.22144
CA9,Pancreas_Islets,7.94132
CA9,Skin_Sun_Exposed_Lower_leg,7.62353
GBA2,Brain_Cerebellum,141.18
GBA2,Brain_Cerebellar_Hemisphere,121.909
GBA2,Colon_Transverse_Mucosa,108.251
GBA2,Thyroid,106.256
GBA2,Small_Intestine_Terminal_Ileum,101.516
GBA2,Small_Intestine_Terminal_Ileum_Mixed_Cell,97.1251
GBA2,Colon_Transverse_Muscularis,93.3923
GBA2,Colon_Transverse_Mixed_Cell,92.0434
GBA2,Pituitary,91.9373
GBA2,Colon_Transverse,91.5368
GBA2,Colon_Sigmoid,90.5347
GBA2,Liver_Portal_Tract,90.214
MELK,Cells_EBV-transformed_lymphocytes,52.8842
MELK,Cells_Cultured_fibroblasts,27.9169
MELK,Testis,17.4668
MELK,Esophagus_Mucosa,10.0061
MELK,Colon_Transverse_Mucosa,7.11696
MELK,Colon_Transverse_Mixed_Cell,6.99816
MELK,Small_Intestine_Terminal_Ileum_Mixed_Cell,6.56654
MELK,Small_Intestine_Terminal_Ileum_Lymphoid_Aggregate,3.7637
MELK,Vagina,3.22326
MELK,Small_Intestine_Terminal_Ileum,3.11819
MELK,Colon_Transverse,2.87056
MELK,Spleen,2.47911
ALDH1B1,Artery_Tibial,251.205
ALDH1B1,Artery_Aorta,225.385
ALDH1B1,Bladder,159.508
ALDH1B1,Esophagus_Muscularis,157.89
ALDH1B1,Stomach_Muscularis,129.955
ALDH1B1,Artery_Coronary,127.516
ALDH1B1,Fallopian_Tube,113.184
ALDH1B1,Esophagus_Gastroesophageal_Junction,109.216
ALDH1B1,Colon_Transverse_Muscularis,87.243
ALDH1B1,Colon_Sigmoid,86.0527
ALDH1B1,Uterus,71.6801
ALDH1B1,Liver_Mixed_Cell,50.6022
PRKACG,Testis,60.8606
PRKACG,Colon_Transverse_Mucosa,0.035555
PRKACG,Brain_Cerebellum,0.023638
PRKACG,Brain_Cerebellar_Hemisphere,0.012891
GDA,Brain_Frontal_Cortex_BA9,36.4099
GDA,Brain_Anterior_cingulate_cortex_BA24,24.7635
GDA,Brain_Cortex,21.5437
GDA,Brain_Nucleus_accumbens_basal_ganglia,20.9573
GDA,Pancreas_Islets,20.7255
GDA,Small_Intestine_Terminal_Ileum_Mixed_Cell,19.9254
GDA,Liver_Hepatocyte,19.155
GDA,Liver_Mixed_Cell,18.2644
GDA,Small_Intestine_Terminal_Ileum,16.6673
GDA,Colon_Transverse_Mucosa,16.0661
GDA,Liver,15.7081
GDA,Colon_Transverse_Mixed_Cell,15.0159
ALDH1A1,Stomach_Mucosa,435.886
ALDH1A1,Stomach_Mixed_Cell,424.828
ALDH1A1,Pancreas_Islets,355.936
ALDH1A1,Stomach,352.922
ALDH1A1,Colon_Sigmoid,315.055
ALDH1A1,Nerve_Tibial,305.441
ALDH1A1,Pituitary,254.202
ALDH1A1,Ovary,241.274
ALDH1A1,Thyroid,234.186
ALDH1A1,Liver,227.518
ALDH1A1,Small_Intestine_Terminal_Ileum_Mixed_Cell,216.701
ALDH1A1,Liver_Mixed_Cell,207.984
RORB,Brain_Frontal_Cortex_BA9,17.2607
RORB,Brain_Cortex,11.333
RORB,Brain_Anterior_cingulate_cortex_BA24,6.166
RORB,Artery_Tibial,5.96714
RORB,Prostate,4.44672
RORB,Brain_Caudate_basal_ganglia,4.26906
RORB,Brain_Amygdala,4.23757
RORB,Brain_Hypothalamus,3.63592
RORB,Brain_Putamen_basal_ganglia,3.44937
RORB,Brain_Nucleus_accumbens_basal_ganglia,3.44487
RORB,Pituitary,2.98507
RORB,Cervix_Endocervix,2.05362
SLC28A3,Minor_Salivary_Gland,20.284
SLC28A3,Skin_Sun_Exposed_Lower_leg,18.1958
SLC28A3,Skin_Not_Sun_Exposed_Suprapubic,16.2644
SLC28A3,Liver_Portal_Tract,9.08895
SLC28A3,Adipose_Visceral_Omentum,6.33209
SLC28A3,Esophagus_Mucosa,5.81298
SLC28A3,Pancreas,5.65884
SLC28A3,Pancreas_Acini,5.11402
SLC28A3,Breast_Mammary_Tissue,4.24181
SLC28A3,Pancreas_Mixed_Cell,3.92953
SLC28A3,Fallopian_Tube,3.75202
SLC28A3,Small_Intestine_Terminal_Ileum,2.96034
NTRK2,Brain_Anterior_cingulate_cortex_BA24,64.9404
NTRK2,Brain_Amygdala,64.7739
NTRK2,Brain_Frontal_Cortex_BA9,60.4992
NTRK2,Brain_Cortex,59.9702
NTRK2,Brain_Caudate_basal_ganglia,59.3653
NTRK2,Brain_Nucleus_accumbens_basal_ganglia,57.1568
NTRK2,Brain_Putamen_basal_ganglia,48.3348
NTRK2,Brain_Hypothalamus,33.9256
NTRK2,Brain_Hippocampus,33.8779
NTRK2,Brain_Substantia_nigra,31.7365
NTRK2,Artery_Tibial,30.9955
NTRK2,Thyroid,29.2546
DAPK1,Ovary,78.5985
DAPK1,Colon_Sigmoid,40.1761
DAPK1,Liver_Portal_Tract,40.0551
DAPK1,Kidney_Medulla,38.4997
DAPK1,Colon_Transverse_Muscularis,38.4348
DAPK1,Pituitary,36.9816
DAPK1,Lung,35.8422
DAPK1,Esophagus_Gastroesophageal_Junction,31.5207
DAPK1,Pancreas_Islets,30.8415
DAPK1,Esophagus_Muscularis,30.7204
DAPK1,Stomach_Muscularis,28.9083
DAPK1,Spleen,26.2224
CTSL,Cells_Cultured_fibroblasts,242.534
CTSL,Adipose_Visceral_Omentum,112.889
CTSL,Lung,108.432
CTSL,Stomach_Muscularis,104.282
CTSL,Uterus,83.7175
CTSL,Ovary,82.9824
CTSL,Spleen,82.6907
CTSL,Bladder,80.537
CTSL,Adipose_Subcutaneous,77.3355
CTSL,Fallopian_Tube,77.2848
CTSL,Liver_Mixed_Cell,76.796
CTSL,Colon_Transverse_Muscularis,76.4836
S1PR3,Esophagus_Muscularis,53.7511
S1PR3,Esophagus_Gastroesophageal_Junction,41.1006
S1PR3,Artery_Coronary,38.6154
S1PR3,Artery_Aorta,33.9613
S1PR3,Artery_Tibial,29.7543
S1PR3,Fallopian_Tube,24.0794
S1PR3,Cervix_Endocervix,18.7289
S1PR3,Cells_Cultured_fibroblasts,17.6253
S1PR3,Kidney_Medulla,16.77
S1PR3,Vagina,14.2441
S1PR3,Cervix_Ectocervix,14.2108
S1PR3,Stomach_Muscularis,13.622
SYK,Small_Intestine_Terminal_Ileum_Lymphoid_Aggregate,135.043
SYK,Whole_Blood,101.219
SYK,Cells_EBV-transformed_lymphocytes,81.2699
SYK,Spleen,80.7304
SYK,Small_Intestine_Terminal_Ileum_Mixed_Cell,50.816
SYK,Thyroid,45.3405
SYK,Small_Intestine_Terminal_Ileum,36.0461
SYK,Esophagus_Mucosa,27.9285
SYK,Liver_Portal_Tract,26.3221
SYK,Lung,25.6098
SYK,Colon_Transverse_Mixed_Cell,23.5858
SYK,Colon_Transverse_Mucosa,20.4663
FBP1,Liver_Mixed_Cell,253.458
FBP1,Liver,243.954
FBP1,Liver_Hepatocyte,163.861
FBP1,Lung,112.221
FBP1,Liver_Portal_Tract,92.4154
FBP1,Small_Intestine_Terminal_Ileum_Mixed_Cell,84.516
FBP1,Stomach_Mucosa,67.8058
FBP1,Small_Intestine_Terminal_Ileum,66.8562
FBP1,Stomach_Mixed_Cell,66.3022
FBP1,Kidney_Cortex,59.403
FBP1,Stomach,47.8883
FBP1,Kidney_Medulla,42.0945
HSD17B3,Testis,0.993141
HSD17B3,Nerve_Tibial,0.46187
HSD17B3,Liver_Portal_Tract,0.333995
HSD17B3,Thyroid,0.203725
HSD17B3,Liver_Hepatocyte,0.187873
HSD17B3,Pancreas_Islets,0.184476
HSD17B3,Brain_Spinal_cord_cervical_c-1,0.178472
HSD17B3,Colon_Transverse_Muscularis,0.131718
HSD17B3,Fallopian_Tube,0.11964
HSD17B3,Small_Intestine_Terminal_Ileum_Lymphoid_Aggregate,0.099293
HSD17B3,Colon_Transverse_Mucosa,0.08131
HSD17B3,Liver,0.077394
CTSV,Testis,32.4403
CTSV,Skin_Not_Sun_Exposed_Suprapubic,21.9903
CTSV,Skin_Sun_Exposed_Lower_leg,20.511
CTSV,Esophagus_Mucosa,5.25378
CTSV,Vagina,3.77164
CTSV,Minor_Salivary_Gland,2.80084
CTSV,Brain_Spinal_cord_cervical_c-1,2.6103
CTSV,Cervix_Ectocervix,1.70056
CTSV,Kidney_Cortex,1.57036
CTSV,Stomach_Mixed_Cell,1.30257
CTSV,Colon_Transverse_Mixed_Cell,1.16821
CTSV,Stomach_Mucosa,1.06794
TGFBR1,Stomach_Muscularis,68.3095
TGFBR1,Artery_Aorta,46.5436
TGFBR1,Artery_Tibial,35.5085
TGFBR1,Artery_Coronary,32.8621
TGFBR1,Colon_Transverse_Muscularis,32.2202
TGFBR1,Colon_Sigmoid,28.9539
TGFBR1,Uterus,24.5545
TGFBR1,Cells_Cultured_fibroblasts,24.1182
TGFBR1,Lung,23.9265
TGFBR1,Liver_Portal_Tract,22.3592
TGFBR1,Nerve_Tibial,20.217
TGFBR1,Cervix_Endocervix,19.4788
TXN,Esophagus_Mucosa,1170.25
TXN,Cells_Cultured_fibroblasts,669.715
TXN,Cells_EBV-transformed_lymphocytes,615.311
TXN,Colon_Transverse_Mixed_Cell,569.377
TXN,Colon_Transverse_Mucosa,479.356
TXN,Stomach_Mixed_Cell,312.929
TXN,Small_Intestine_Terminal_Ileum_Mixed_Cell,301.407
TXN,Vagina,299.726
TXN,Colon_Transverse,289.055
TXN,Cervix_Ectocervix,277.487
TXN,Liver_Mixed_Cell,259.337
TXN,Stomach_Mucosa,258.446
LPAR1,Brain_Spinal_cord_cervical_c-1,254.571
LPAR1,Cells_Cultured_fibroblasts,187.985
LPAR1,Nerve_Tibial,157.978
LPAR1,Brain_Substantia_nigra,147.038
LPAR1,Brain_Putamen_basal_ganglia,118.131
LPAR1,Brain_Hippocampus,117.573
LPAR1,Brain_Amygdala,103.696
LPAR1,Artery_Aorta,72.6312
LPAR1,Brain_Caudate_basal_ganglia,69.8005
LPAR1,Artery_Tibial,69.3616
LPAR1,Brain_Hypothalamus,62.5315
LPAR1,Cervix_Ectocervix,57.4656
UGCG,Cells_Cultured_fibroblasts,95.0522
UGCG,Liver_Portal_Tract,88.5381
UGCG,Adipose_Visceral_Omentum,57.6225
UGCG,Cells_EBV-transformed_lymphocytes,54.1919
UGCG,Vagina,54.1849
UGCG,Small_Intestine_Terminal_Ileum_Lymphoid_Aggregate,54.1536
UGCG,Lung,51.7967
UGCG,Skin_Not_Sun_Exposed_Suprapubic,51.6263
UGCG,Esophagus_Mucosa,50.3757
UGCG,Adrenal_Gland,48.9839
UGCG,Spleen,48.9622
UGCG,Skin_Sun_Exposed_Lower_leg,48.2483
TLR4,Whole_Blood,30.8468
TLR4,Spleen,29.0601
TLR4,Adipose_Visceral_Omentum,15.0943
TLR4,Lung,13.3305
TLR4,Adipose_Subcutaneous,12.0664
TLR4,Breast_Mammary_Tissue,10.3826
TLR4,Cells_Cultured_fibroblasts,9.72837
TLR4,Artery_Aorta,9.68995
TLR4,Artery_Coronary,8.64534
TLR4,Thyroid,6.92196
TLR4,Liver_Portal_Tract,6.4066
TLR4,Adrenal_Gland,6.33205
DAB2IP,Brain_Cerebellum,194.38
DAB2IP,Brain_Cerebellar_Hemisphere,176.62
DAB2IP,Uterus,61.9284
DAB2IP,Artery_Aorta,55.6484
DAB2IP,Colon_Sigmoid,49.7955
DAB2IP,Artery_Tibial,48.7305
DAB2IP,Artery_Coronary,47.0183
DAB2IP,Lung,42.5166
DAB2IP,Colon_Transverse_Muscularis,42.4547
DAB2IP,Ovary,41.37
DAB2IP,Kidney_Medulla,41.1948
DAB2IP,Cervix_Endocervix,41.0131
PTGS1,Bladder,392.437
PTGS1,Colon_Sigmoid,178.305
PTGS1,Cells_Cultured_fibroblasts,163.414
PTGS1,Colon_Transverse_Muscularis,133.769
PTGS1,Skin_Sun_Exposed_Lower_leg,120.419
PTGS1,Skin_Not_Sun_Exposed_Suprapubic,107.001
PTGS1,Esophagus_Muscularis,106.681
PTGS1,Esophagus_Gastroesophageal_Junction,59.6795
PTGS1,Colon_Transverse,46.2347
PTGS1,Esophagus_Mucosa,43.5539
PTGS1,Stomach_Muscularis,33.7473
PTGS1,Colon_Transverse_Mixed_Cell,29.1601
NEK6,Cells_EBV-transformed_lymphocytes,138.8
NEK6,Cells_Cultured_fibroblasts,65.837
NEK6,Liver_Hepatocyte,36.5007
NEK6,Liver_Mixed_Cell,36.015
NEK6,Nerve_Tibial,34.743
NEK6,Liver,28.1885
NEK6,Lung,26.0216
NEK6,Liver_Portal_Tract,25.4524
NEK6,Small_Intestine_Terminal_Ileum_Lymphoid_Aggregate,23.996
NEK6,Minor_Salivary_Gland,23.8229
NEK6,Bladder,19.6888
NEK6,Artery_Tibial,19.6732
NR5A1,Spleen,252.838
NR5A1,Adrenal_Gland,222.997
NR5A1,Ovary,82.4866
NR5A1,Pituitary,34.6069
NR5A1,Testis,32.2401
NR5A1,Brain_Hypothalamus,0.184434
NR5A1,Cells_EBV-transformed_lymphocytes,0.137371
NR5A1,Brain_Cerebellum,0.131467
NR5A1,Whole_Blood,0.101874
NR5A1,Brain_Cerebellar_Hemisphere,0.093632
NR5A1,Brain_Cortex,0.09133
NR5A1,Skin_Sun_Exposed_Lower_leg,0.090505
HSPA5,Cells_Cultured_fibroblasts,821.289
HSPA5,Thyroid,555.962
HSPA5,Cells_EBV-transformed_lymphocytes,472.8
HSPA5,Liver_Mixed_Cell,463.748
HSPA5,Artery_Aorta,451.981
HSPA5,Pituitary,360.168
HSPA5,Fallopian_Tube,334.902
HSPA5,Lung,327.048
HSPA5,Liver_Hepatocyte,319.16
HSPA5,Artery_Coronary,306.799
HSPA5,Adipose_Visceral_Omentum,286.08
HSPA5,Cervix_Endocervix,277.732
CDK9,Ovary,194.787
CDK9,Fallopian_Tube,158.901
CDK9,Nerve_Tibial,148.092
CDK9,Cervix_Endocervix,146.954
CDK9,Uterus,145.254
CDK9,Pituitary,138.513
CDK9,Brain_Cerebellum,135.444
CDK9,Small_Intestine_Terminal_Ileum_Lymphoid_Aggregate,130.578
CDK9,Spleen,123.233
CDK9,Brain_Cerebellar_Hemisphere,119.51
CDK9,Colon_Transverse_Muscularis,107.66
CDK9,Testis,106.43
FPGS,Ovary,107.722
FPGS,Fallopian_Tube,67.8902
FPGS,Cervix_Endocervix,61.7228
FPGS,Uterus,60.1192
FPGS,Small_Intestine_Terminal_Ileum_Lymphoid_Aggregate,57.6288
FPGS,Nerve_Tibial,56.793
FPGS,Lung,55.6794
FPGS,Liver_Portal_Tract,53.0543
FPGS,Cells_EBV-transformed_lymphocytes,50.6597
FPGS,Artery_Aorta,50.4662
FPGS,Adipose_Subcutaneous,48.3871
FPGS,Thyroid,47.927
DNM1,Brain_Cerebellum,381.546
DNM1,Brain_Cerebellar_Hemisphere,373.596
DNM1,Brain_Frontal_Cortex_BA9,264.011
DNM1,Brain_Cortex,259.857
DNM1,Brain_Anterior_cingulate_cortex_BA24,132.772
DNM1,Brain_Nucleus_accumbens_basal_ganglia,78.2648
DNM1,Brain_Hypothalamus,72.4262
DNM1,Brain_Hippocampus,72.3393
DNM1,Brain_Amygdala,65.3076
DNM1,Brain_Caudate_basal_ganglia,51.9687
DNM1,Pituitary,48.8753
DNM1,Cervix_Endocervix,46.0475
PTGES,Skin_Sun_Exposed_Lower_leg,67.0171
PTGES,Adipose_Subcutaneous,61.9249
PTGES,Cells_Cultured_fibroblasts,59.9468
PTGES,Skin_Not_Sun_Exposed_Suprapubic,54.8376
PTGES,Minor_Salivary_Gland,45.2137
PTGES,Breast_Mammary_Tissue,45.0778
PTGES,Bladder,43.9811
PTGES,Cervix_Ectocervix,40.9889
PTGES,Testis,39.7771
PTGES,Vagina,37.8227
PTGES,Cervix_Endocervix,34.5799
PTGES,Nerve_Tibial,26.2082
ABL1,Colon_Sigmoid,162.328
ABL1,Stomach_Muscularis,140.658
ABL1,Bladder,140.468
ABL1,Uterus,136.397
ABL1,Cervix_Endocervix,132.989
ABL1,Colon_Transverse_Muscularis,128.629
ABL1,Esophagus_Gastroesophageal_Junction,127.064
ABL1,Fallopian_Tube,118.874
ABL1,Esophagus_Muscularis,117.543
ABL1,Artery_Tibial,113.873
ABL1,Ovary,104.037
ABL1,Thyroid,93.9343
DBH,Liver,24.0789
DBH,Liver_Hepatocyte,14.482
DBH,Liver_Mixed_Cell,13.4489
DBH,Liver_Portal_Tract,9.82431
DBH,Kidney_Medulla,3.22858
DBH,Adrenal_Gland,2.86984
DBH,Pituitary,2.64669
DBH,Brain_Cortex,2.49353
DBH,Nerve_Tibial,2.27984
DBH,Brain_Frontal_Cortex_BA9,2.14566
DBH,Small_Intestine_Terminal_Ileum_Lymphoid_Aggregate,2.04572
DBH,Lung,1.87314
BRD3,Uterus,25.9983
BRD3,Nerve_Tibial,25.0756
BRD3,Cervix_Endocervix,24.881
BRD3,Fallopian_Tube,23.6054
BRD3,Colon_Sigmoid,22.1098
BRD3,Thyroid,21.563
BRD3,Testis,20.9524
BRD3,Artery_Tibial,20.5122
BRD3,Bladder,20.3334
BRD3,Esophagus_Muscularis,20.0189
BRD3,Ovary,19.9968
BRD3,Esophagus_Gastroesophageal_Junction,19.6949
WDR5,Testis,97.378
WDR5,Brain_Cerebellar_Hemisphere,64.5957
WDR5,Cells_Cultured_fibroblasts,62.6033
WDR5,Brain_Cerebellum,61.1888
WDR5,Cells_EBV-transformed_lymphocytes,58.0281
WDR5,Pituitary,51.3886
WDR5,Ovary,50.9234
WDR5,Uterus,47.9002
WDR5,Nerve_Tibial,47.5002
WDR5,Fallopian_Tube,46.8022
WDR5,Cervix_Endocervix,45.4707
WDR5,Small_Intestine_Terminal_Ileum_Lymphoid_Aggregate,43.1313
RXRA,Whole_Blood,107.232
RXRA,Skin_Sun_Exposed_Lower_leg,107.186
RXRA,Liver_Hepatocyte,100.038
RXRA,Skin_Not_Sun_Exposed_Suprapubic,96.8778
RXRA,Muscle_Skeletal,86.8462
RXRA,Liver_Mixed_Cell,86.5843
RXRA,Liver,69.826
RXRA,Adipose_Subcutaneous,62.9947
RXRA,Spleen,61.5818
RXRA,Bladder,59.1525
RXRA,Thyroid,58.243
RXRA,Nerve_Tibial,57.6722
KCNT1,Brain_Cerebellum,96.3558
KCNT1,Brain_Cerebellar_Hemisphere,77.8086
KCNT1,Brain_Cortex,43.6282
KCNT1,Brain_Frontal_Cortex_BA9,30.0747
KCNT1,Spleen,21.2667
KCNT1,Brain_Anterior_cingulate_cortex_BA24,16.11
KCNT1,Brain_Putamen_basal_ganglia,13.3426
KCNT1,Pituitary,12.539
KCNT1,Brain_Caudate_basal_ganglia,12.1662
KCNT1,Brain_Nucleus_accumbens_basal_ganglia,8.08874
KCNT1,Ovary,7.33476
KCNT1,Brain_Hypothalamus,6.9251
FUT7,Whole_Blood,95.2729
FUT7,Spleen,16.8966
FUT7,Small_Intestine_Terminal_Ileum_Lymphoid_Aggregate,5.26492
FUT7,Brain_Cerebellum,4.11117
FUT7,Brain_Cerebellar_Hemisphere,3.75219
FUT7,Liver_Portal_Tract,3.3576
FUT7,Lung,2.60054
FUT7,Cells_EBV-transformed_lymphocytes,2.30326
FUT7,Small_Intestine_Terminal_Ileum_Mixed_Cell,2.00099
FUT7,Pituitary,0.949632
FUT7,Testis,0.904305
FUT7,Small_Intestine_Terminal_Ileum,0.820132
MAN1B1,Brain_Cerebellum,39.4193
MAN1B1,Nerve_Tibial,38.2144
MAN1B1,Small_Intestine_Terminal_Ileum_Lymphoid_Aggregate,37.9041
MAN1B1,Testis,35.0863
MAN1B1,Cells_Cultured_fibroblasts,34.9735
MAN1B1,Brain_Cerebellar_Hemisphere,34.9716
MAN1B1,Ovary,34.6526
MAN1B1,Pituitary,34.6342
MAN1B1,Skin_Sun_Exposed_Lower_leg,34.0672
MAN1B1,Thyroid,32.899
MAN1B1,Skin_Not_Sun_Exposed_Suprapubic,32.0729
MAN1B1,Spleen,29.494
DPP7,Small_Intestine_Terminal_Ileum_Lymphoid_Aggregate,271.331
DPP7,Pituitary,229.007
DPP7,Thyroid,202.636
DPP7,Prostate,186.398
DPP7,Testis,184.731
DPP7,Spleen,183.294
DPP7,Pancreas_Islets,170.619
DPP7,Brain_Cerebellum,143.88
DPP7,Minor_Salivary_Gland,139.875
DPP7,Artery_Aorta,139.257
DPP7,Lung,138.788
DPP7,Adrenal_Gland,134.546
GRIN1,Brain_Cortex,228.176
GRIN1,Brain_Cerebellum,225.264
GRIN1,Brain_Frontal_Cortex_BA9,192.336
GRIN1,Brain_Cerebellar_Hemisphere,170.437
GRIN1,Brain_Nucleus_accumbens_basal_ganglia,127.137
GRIN1,Brain_Anterior_cingulate_cortex_BA24,104.114
GRIN1,Brain_Caudate_basal_ganglia,95.367
GRIN1,Brain_Hypothalamus,79.0854
GRIN1,Brain_Putamen_basal_ganglia,76.1431
GRIN1,Brain_Hippocampus,69.1554
GRIN1,Brain_Amygdala,51.7595
GRIN1,Brain_Substantia_nigra,24.7105
EHMT1,Cells_EBV-transformed_lymphocytes,23.3295
EHMT1,Testis,17.1215
EHMT1,Small_Intestine_Terminal_Ileum_Lymphoid_Aggregate,14.4102
EHMT1,Uterus,13.4802
EHMT1,Ovary,13.2713
EHMT1,Spleen,13.226
EHMT1,Cervix_Endocervix,13.1529
EHMT1,Thyroid,12.7152
EHMT1,Fallopian_Tube,11.9176
EHMT1,Nerve_Tibial,11.4866
EHMT1,Prostate,11.0422
EHMT1,Bladder,10.5631
CACNA1B,Brain_Cerebellum,51.8396
CACNA1B,Brain_Cerebellar_Hemisphere,44.7363
CACNA1B,Brain_Cortex,19.1636
CACNA1B,Brain_Frontal_Cortex_BA9,16.7787
CACNA1B,Pituitary,15.5674
CACNA1B,Brain_Nucleus_accumbens_basal_ganglia,12.5732
CACNA1B,Testis,12.0042
CACNA1B,Brain_Anterior_cingulate_cortex_BA24,11.0207
CACNA1B,Brain_Hypothalamus,10.1134
CACNA1B,Brain_Caudate_basal_ganglia,8.85449
CACNA1B,Brain_Putamen_basal_ganglia,7.5621
CACNA1B,Brain_Spinal_cord_cervical_c-1,6.68048
AKR1C1,Liver_Mixed_Cell,77.5701
AKR1C1,Liver_Hepatocyte,67.648
AKR1C1,Stomach_Mixed_Cell,53.4623
AKR1C1,Liver_Portal_Tract,47.7705
AKR1C1,Adipose_Subcutaneous,43.3017
AKR1C1,Stomach_Mucosa,35.1315
AKR1C1,Liver,33.7254
AKR1C1,Stomach_Muscularis,32.8013
AKR1C1,Artery_Coronary,24.0727
AKR1C1,Breast_Mammary_Tissue,22.2882
AKR1C1,Stomach,22.2363
AKR1C1,Esophagus_Gastroesophageal_Junction,21.5455
AKR1C2,Adipose_Subcutaneous,87.3891
AKR1C2,Liver_Mixed_Cell,82.9593
AKR1C2,Liver_Hepatocyte,56.733
AKR1C2,Stomach_Mixed_Cell,47.9056
AKR1C2,Adipose_Visceral_Omentum,46.2067
AKR1C2,Stomach_Mucosa,37.6222
AKR1C2,Liver,37.5174
AKR1C2,Breast_Mammary_Tissue,37.0544
AKR1C2,Esophagus_Mucosa,34.4127
AKR1C2,Bladder,30.8534
AKR1C2,Liver_Portal_Tract,28.5477
AKR1C2,Artery_Aorta,27.4926
AKR1C3,Colon_Transverse_Mucosa,358.856
AKR1C3,Colon_Transverse_Mixed_Cell,342.732
AKR1C3,Small_Intestine_Terminal_Ileum_Mixed_Cell,334.565
AKR1C3,Liver_Mixed_Cell,244.983
AKR1C3,Stomach_Mixed_Cell,233.223
AKR1C3,Liver_Hepatocyte,175.361
AKR1C3,Stomach_Mucosa,174.958
AKR1C3,Small_Intestine_Terminal_Ileum,125.577
AKR1C3,Adipose_Subcutaneous,110.677
AKR1C3,Liver_Portal_Tract,107.277
AKR1C3,Breast_Mammary_Tissue,84.0777
AKR1C3,Liver,76.0916
AKR1C4,Liver_Mixed_Cell,269.751
AKR1C4,Liver_Hepatocyte,196.688
AKR1C4,Liver,133.212
AKR1C4,Liver_Portal_Tract,52.0539
AKR1C4,Testis,1.23435
AKR1C4,Small_Intestine_Terminal_Ileum_Mixed_Cell,0.549816
AKR1C4,Small_Intestine_Terminal_Ileum,0.229668
AKR1C4,Lung,0.157899
AKR1C4,Stomach_Mixed_Cell,0.103961
AKR1C4,Pancreas_Mixed_Cell,0.09638
AKR1C4,Kidney_Cortex,0.093135
AKR1C4,Adipose_Subcutaneous,0.086977
PFKFB3,Kidney_Medulla,294.739
PFKFB3,Adipose_Subcutaneous,242.77
PFKFB3,Muscle_Skeletal,234.415
PFKFB3,Whole_Blood,182.462
PFKFB3,Adipose_Visceral_Omentum,169.972
PFKFB3,Artery_Aorta,161.25
PFKFB3,Liver_Portal_Tract,156.956
PFKFB3,Breast_Mammary_Tissue,117.071
PFKFB3,Lung,91.8392
PFKFB3,Skin_Sun_Exposed_Lower_leg,65.2823
PFKFB3,Spleen,62.8419
PFKFB3,Artery_Coronary,59.5841
PRKCQ,Muscle_Skeletal,53.2081
PRKCQ,Thyroid,24.4816
PRKCQ,Kidney_Medulla,18.1597
PRKCQ,Small_Intestine_Terminal_Ileum_Lymphoid_Aggregate,15.1972
PRKCQ,Whole_Blood,9.47751
PRKCQ,Spleen,8.49026
PRKCQ,Esophagus_Muscularis,8.39903
PRKCQ,Lung,6.95833
PRKCQ,Liver_Portal_Tract,6.67029
PRKCQ,Small_Intestine_Terminal_Ileum_Mixed_Cell,6.25746
PRKCQ,Brain_Spinal_cord_cervical_c-1,5.97338
PRKCQ,Brain_Hypothalamus,5.04703
CAMK1D,Brain_Frontal_Cortex_BA9,59.6774
CAMK1D,Brain_Cerebellar_Hemisphere,58.0716
CAMK1D,Brain_Cortex,45.4391
CAMK1D,Brain_Cerebellum,44.4568
CAMK1D,Brain_Anterior_cingulate_cortex_BA24,35.8742
CAMK1D,Skin_Sun_Exposed_Lower_leg,27.0989
CAMK1D,Brain_Nucleus_accumbens_basal_ganglia,26.104
CAMK1D,Brain_Caudate_basal_ganglia,25.5464
CAMK1D,Skin_Not_Sun_Exposed_Suprapubic,23.2736
CAMK1D,Cells_EBV-transformed_lymphocytes,22.1327
CAMK1D,Small_Intestine_Terminal_Ileum_Lymphoid_Aggregate,21.8544
CAMK1D,Brain_Amygdala,21.0918
TRDMT1,Brain_Cerebellum,4.70946
TRDMT1,Brain_Cerebellar_Hemisphere,4.58271
TRDMT1,Nerve_Tibial,4.06069
TRDMT1,Ovary,3.43439
TRDMT1,Thyroid,3.17337
TRDMT1,Uterus,2.76937
TRDMT1,Cervix_Endocervix,2.58858
TRDMT1,Artery_Aorta,2.54371
TRDMT1,Fallopian_Tube,2.53839
TRDMT1,Artery_Tibial,2.47379
TRDMT1,Artery_Coronary,2.20591
TRDMT1,Liver_Portal_Tract,2.16048
MAP3K8,Lung,66.5948
MAP3K8,Adipose_Visceral_Omentum,57.4216
MAP3K8,Liver_Portal_Tract,51.8866
MAP3K8,Cells_EBV-transformed_lymphocytes,50.9306
MAP3K8,Stomach_Muscularis,47.9855
MAP3K8,Spleen,47.9272
MAP3K8,Small_Intestine_Terminal_Ileum_Lymphoid_Aggregate,45.8576
MAP3K8,Nerve_Tibial,44.6198
MAP3K8,Artery_Coronary,41.3377
MAP3K8,Artery_Aorta,40.0267
MAP3K8,Fallopian_Tube,35.5588
MAP3K8,Small_Intestine_Terminal_Ileum_Mixed_Cell,34.7323
NRP1,Cells_Cultured_fibroblasts,117.311
NRP1,Adipose_Visceral_Omentum,72.0187
NRP1,Adipose_Subcutaneous,68.3165
NRP1,Thyroid,53.5031
NRP1,Breast_Mammary_Tissue,49.7253
NRP1,Lung,46.1164
NRP1,Fallopian_Tube,37.7836
NRP1,Liver_Portal_Tract,37.6604
NRP1,Artery_Coronary,37.5592
NRP1,Uterus,37.4983
NRP1,Nerve_Tibial,35.7842
NRP1,Cervix_Endocervix,32.9268
RET,Brain_Substantia_nigra,4.86072
RET,Pituitary,4.83155
RET,Colon_Sigmoid,4.1117
RET,Brain_Cerebellum,4.05202
RET,Brain_Hypothalamus,3.90557
RET,Brain_Frontal_Cortex_BA9,3.67926
RET,Testis,3.20197
RET,Brain_Cerebellar_Hemisphere,2.74937
RET,Brain_Cortex,2.68531
RET,Stomach_Muscularis,2.34798
RET,Colon_Transverse_Muscularis,2.23721
RET,Brain_Anterior_cingulate_cortex_BA24,2.00116
CXCL12,Cervix_Endocervix,195.68
CXCL12,Adipose_Subcutaneous,171.782
CXCL12,Adipose_Visceral_Omentum,157.605
CXCL12,Spleen,152.603
CXCL12,Breast_Mammary_Tissue,146.916
CXCL12,Cervix_Ectocervix,146.536
CXCL12,Uterus,144.403
CXCL12,Vagina,114.746
CXCL12,Cells_Cultured_fibroblasts,111.441
CXCL12,Artery_Coronary,110.462
CXCL12,Artery_Aorta,103.152
CXCL12,Nerve_Tibial,96.0829
ALOX5,Whole_Blood,426.627
ALOX5,Small_Intestine_Terminal_Ileum_Lymphoid_Aggregate,164.727
ALOX5,Spleen,152.24
ALOX5,Lung,132.995
ALOX5,Liver_Portal_Tract,91.5301
ALOX5,Cells_EBV-transformed_lymphocytes,70.9852
ALOX5,Small_Intestine_Terminal_Ileum_Mixed_Cell,62.0997
ALOX5,Brain_Cerebellum,40.6402
ALOX5,Small_Intestine_Terminal_Ileum,39.8296
ALOX5,Brain_Cerebellar_Hemisphere,39.0149
ALOX5,Bladder,37.971
ALOX5,Pancreas_Islets,35.3767
NPY4R,Colon_Transverse_Muscularis,1.15582
NPY4R,Colon_Transverse_Mucosa,1.07557
NPY4R,Colon_Transverse_Mixed_Cell,0.994636
NPY4R,Colon_Transverse,0.944859
NPY4R,Colon_Sigmoid,0.841023
NPY4R,Liver_Portal_Tract,0.640546
NPY4R,Skin_Not_Sun_Exposed_Suprapubic,0.472634
NPY4R,Small_Intestine_Terminal_Ileum,0.439489
NPY4R,Small_Intestine_Terminal_Ileum_Mixed_Cell,0.415606
NPY4R,Skin_Sun_Exposed_Lower_leg,0.384879
NPY4R,Brain_Cerebellum,0.181129
NPY4R,Adipose_Visceral_Omentum,0.166904
MAPK8,Brain_Cerebellar_Hemisphere,35.8978
MAPK8,Brain_Cerebellum,27.0527
MAPK8,Ovary,20.8091
MAPK8,Thyroid,20.4168
MAPK8,Testis,17.9701
MAPK8,Liver_Portal_Tract,17.9053
MAPK8,Brain_Frontal_Cortex_BA9,16.9243
MAPK8,Cells_EBV-transformed_lymphocytes,16.9002
MAPK8,Small_Intestine_Terminal_Ileum_Lymphoid_Aggregate,16.7751
MAPK8,Uterus,16.4392
MAPK8,Cervix_Endocervix,16.32
MAPK8,Pituitary,16.0612
CHAT,Brain_Putamen_basal_ganglia,2.98787
CHAT,Brain_Caudate_basal_ganglia,2.5179
CHAT,Brain_Nucleus_accumbens_basal_ganglia,1.06769
CHAT,Testis,0.681193
CHAT,Colon_Transverse_Mucosa,0.606722
CHAT,Colon_Transverse,0.559165
CHAT,Small_Intestine_Terminal_Ileum,0.519304
CHAT,Small_Intestine_Terminal_Ileum_Mixed_Cell,0.511077
CHAT,Colon_Transverse_Mixed_Cell,0.445334
CHAT,Colon_Sigmoid,0.327503
CHAT,Stomach_Muscularis,0.316566
CHAT,Brain_Hypothalamus,0.259104
SLC18A3,Brain_Putamen_basal_ganglia,4.52462
SLC18A3,Stomach_Muscularis,2.83408
SLC18A3,Brain_Caudate_basal_ganglia,2.62407
SLC18A3,Colon_Sigmoid,1.86286
SLC18A3,Pituitary,1.78917
SLC18A3,Brain_Nucleus_accumbens_basal_ganglia,1.21859
SLC18A3,Colon_Transverse_Muscularis,1.16063
SLC18A3,Brain_Hypothalamus,0.99721
SLC18A3,Esophagus_Muscularis,0.726183
SLC18A3,Colon_Transverse,0.630055
SLC18A3,Esophagus_Gastroesophageal_Junction,0.595356
SLC18A3,Stomach_Mixed_Cell,0.444436
ASAH2,Stomach_Mucosa,1.06728
ASAH2,Stomach_Mixed_Cell,0.910596
ASAH2,Stomach,0.690724
ASAH2,Testis,0.684277
ASAH2,Small_Intestine_Terminal_Ileum_Mixed_Cell,0.650117
ASAH2,Pancreas_Islets,0.56007
ASAH2,Small_Intestine_Terminal_Ileum,0.494721
ASAH2,Pituitary,0.444389
ASAH2,Cells_EBV-transformed_lymphocytes,0.431016
ASAH2,Cells_Cultured_fibroblasts,0.395534
ASAH2,Ovary,0.365349
ASAH2,Brain_Frontal_Cortex_BA9,0.350401
SGMS1,Cells_EBV-transformed_lymphocytes,26.4195
SGMS1,Skin_Not_Sun_Exposed_Suprapubic,22.3043
SGMS1,Nerve_Tibial,20.8795
SGMS1,Skin_Sun_Exposed_Lower_leg,19.8419
SGMS1,Brain_Spinal_cord_cervical_c-1,18.7987
SGMS1,Lung,18.5473
SGMS1,Vagina,16.8916
SGMS1,Thyroid,16.306
SGMS1,Artery_Tibial,16.0621
SGMS1,Minor_Salivary_Gland,15.3171
SGMS1,Artery_Coronary,14.51
SGMS1,Ovary,14.2616
PRKG1,Artery_Aorta,39.6223
PRKG1,Artery_Tibial,30.1028
PRKG1,Artery_Coronary,25.3986
PRKG1,Uterus,8.77875
PRKG1,Lung,8.1286
PRKG1,Colon_Sigmoid,8.11515
PRKG1,Muscle_Skeletal,7.74557
PRKG1,Cervix_Endocervix,7.72143
PRKG1,Fallopian_Tube,7.59373
PRKG1,Esophagus_Gastroesophageal_Junction,6.27283
PRKG1,Esophagus_Muscularis,5.87375
PRKG1,Colon_Transverse_Muscularis,5.82785
IPMK,Cells_EBV-transformed_lymphocytes,7.93426
IPMK,Cells_Cultured_fibroblasts,7.91687
IPMK,Skin_Not_Sun_Exposed_Suprapubic,6.84606
IPMK,Whole_Blood,6.7715
IPMK,Esophagus_Mucosa,6.67915
IPMK,Adipose_Subcutaneous,6.46561
IPMK,Brain_Cerebellar_Hemisphere,6.20494
IPMK,Skin_Sun_Exposed_Lower_leg,6.1374
IPMK,Small_Intestine_Terminal_Ileum,5.91255
IPMK,Lung,5.54986
IPMK,Vagina,5.41782
IPMK,Spleen,5.23067
CISD1,Brain_Frontal_Cortex_BA9,36.4034
CISD1,Brain_Cerebellar_Hemisphere,34.3098
CISD1,Muscle_Skeletal,32.3968
CISD1,Heart_Left_Ventricle,30.7843
CISD1,Heart_Atrial_Appendage,30.641
CISD1,Brain_Hypothalamus,26.9341
CISD1,Esophagus_Muscularis,26.3529
CISD1,Brain_Anterior_cingulate_cortex_BA24,26.0116
CISD1,Brain_Nucleus_accumbens_basal_ganglia,25.4881
CISD1,Brain_Cerebellum,25.3228
CISD1,Colon_Sigmoid,24.5046
CISD1,Cells_EBV-transformed_lymphocytes,23.8352
CDK1,Cells_EBV-transformed_lymphocytes,117.347
CDK1,Cells_Cultured_fibroblasts,39.9812
CDK1,Testis,26.4156
CDK1,Esophagus_Mucosa,21.7213
CDK1,Small_Intestine_Terminal_Ileum_Mixed_Cell,15.4194
CDK1,Colon_Transverse_Mixed_Cell,13.8993
CDK1,Colon_Transverse_Mucosa,12.6709
CDK1,Small_Intestine_Terminal_Ileum_Lymphoid_Aggregate,10.0788
CDK1,Vagina,9.36609
CDK1,Spleen,8.17274
CDK1,Small_Intestine_Terminal_Ileum,7.51087
CDK1,Skin_Not_Sun_Exposed_Suprapubic,6.6758
SIRT1,Testis,34.3887
SIRT1,Ovary,27.4426
SIRT1,Cervix_Endocervix,27.1505
SIRT1,Uterus,27.1377
SIRT1,Artery_Tibial,26.5556
SIRT1,Nerve_Tibial,24.8975
SIRT1,Brain_Cerebellar_Hemisphere,23.6718
SIRT1,Small_Intestine_Terminal_Ileum_Lymphoid_Aggregate,22.6441
SIRT1,Adipose_Subcutaneous,21.1267
SIRT1,Fallopian_Tube,20.7379
SIRT1,Liver_Portal_Tract,20.7273
SIRT1,Adrenal_Gland,20.2256
TET1,Nerve_Tibial,2.85643
TET1,Ovary,1.85693
TET1,Cervix_Endocervix,1.48726
TET1,Cells_Cultured_fibroblasts,1.43191
TET1,Minor_Salivary_Gland,1.41911
TET1,Brain_Cerebellum,1.31086
TET1,Uterus,1.30351
TET1,Fallopian_Tube,1.30313
TET1,Brain_Cerebellar_Hemisphere,1.17721
TET1,Thyroid,1.14025
TET1,Vagina,0.96314
TET1,Prostate,0.962552
HKDC1,Small_Intestine_Terminal_Ileum_Mixed_Cell,37.6258
HKDC1,Small_Intestine_Terminal_Ileum,30.8559
HKDC1,Liver_Portal_Tract,16.3466
HKDC1,Colon_Transverse_Mixed_Cell,15.0592
HKDC1,Colon_Transverse_Mucosa,12.6589
HKDC1,Nerve_Tibial,10.5535
HKDC1,Kidney_Cortex,9.95746
HKDC1,Kidney_Medulla,6.49866
HKDC1,Thyroid,6.03859
HKDC1,Pancreas_Mixed_Cell,4.02495
HKDC1,Pancreas,3.75424
HKDC1,Pancreas_Acini,3.4463
HK1,Brain_Cerebellar_Hemisphere,156.179
HK1,Brain_Cerebellum,139.962
HK1,Esophagus_Mucosa,124.31
HK1,Artery_Aorta,119.073
HK1,Skin_Sun_Exposed_Lower_leg,115.935
HK1,Artery_Coronary,111.055
HK1,Bladder,105.75
HK1,Cells_Cultured_fibroblasts,105.439
HK1,Esophagus_Muscularis,105.053
HK1,Skin_Not_Sun_Exposed_Suprapubic,103.666
HK1,Testis,102.639
HK1,Vagina,102.279
TACR2,Colon_Transverse_Muscularis,256.81
TACR2,Colon_Sigmoid,246.983
TACR2,Stomach_Muscularis,183.166
TACR2,Esophagus_Gastroesophageal_Junction,101.181
TACR2,Esophagus_Muscularis,70.5655
TACR2,Colon_Transverse,57.6888
TACR2,Bladder,42.1319
TACR2,Colon_Transverse_Mixed_Cell,39.2948
TACR2,Fallopian_Tube,36.1526
TACR2,Stomach_Mixed_Cell,22.436
TACR2,Uterus,20.6486
TACR2,Esophagus_Mucosa,7.66536
SGPL1,Skin_Sun_Exposed_Lower_leg,34.2821
SGPL1,Skin_Not_Sun_Exposed_Suprapubic,29.4136
SGPL1,Esophagus_Mucosa,25.6348
SGPL1,Thyroid,21.7811
SGPL1,Small_Intestine_Terminal_Ileum_Lymphoid_Aggregate,21.3859
SGPL1,Small_Intestine_Terminal_Ileum_Mixed_Cell,20.3847
SGPL1,Uterus,19.7657
SGPL1,Fallopian_Tube,19.7579
SGPL1,Liver_Portal_Tract,19.414
SGPL1,Testis,19.3421
SGPL1,Small_Intestine_Terminal_Ileum,18.8856
SGPL1,Vagina,18.7548
P4HA1,Cells_Cultured_fibroblasts,207.384
P4HA1,Cells_EBV-transformed_lymphocytes,142.683
P4HA1,Muscle_Skeletal,72.991
P4HA1,Ovary,59.4542
P4HA1,Fallopian_Tube,47.465
P4HA1,Artery_Aorta,46.9996
P4HA1,Cervix_Endocervix,45.4775
P4HA1,Artery_Tibial,43.9623
P4HA1,Nerve_Tibial,42.7723
P4HA1,Artery_Coronary,42.0796
P4HA1,Cervix_Ectocervix,41.2648
P4HA1,Bladder,41.185
CAMK2G,Artery_Tibial,113.181
CAMK2G,Colon_Sigmoid,101.644
CAMK2G,Colon_Transverse_Muscularis,97.0421
CAMK2G,Brain_Frontal_Cortex_BA9,74.6529
CAMK2G,Artery_Aorta,73.4128
CAMK2G,Brain_Cortex,72.1853
CAMK2G,Esophagus_Gastroesophageal_Junction,71.8459
CAMK2G,Esophagus_Muscularis,71.7114
CAMK2G,Bladder,66.5997
CAMK2G,Stomach_Muscularis,60.0997
CAMK2G,Artery_Coronary,58.082
CAMK2G,Brain_Anterior_cingulate_cortex_BA24,52.8259
PLAU,Kidney_Medulla,215.27
PLAU,Spleen,77.1691
PLAU,Adipose_Visceral_Omentum,68.7745
PLAU,Lung,42.5831
PLAU,Adipose_Subcutaneous,40.2037
PLAU,Artery_Coronary,38.1438
PLAU,Cells_Cultured_fibroblasts,37.7765
PLAU,Artery_Tibial,36.3793
PLAU,Thyroid,35.3296
PLAU,Vagina,31.5475
PLAU,Artery_Aorta,28.3507
PLAU,Fallopian_Tube,28.349
ADK,Liver_Mixed_Cell,32.9577
ADK,Cells_EBV-transformed_lymphocytes,29.9905
ADK,Cells_Cultured_fibroblasts,28.3395
ADK,Esophagus_Mucosa,24.8601
ADK,Liver_Hepatocyte,23.5422
ADK,Liver,22.6715
ADK,Skin_Sun_Exposed_Lower_leg,20.9195
ADK,Skin_Not_Sun_Exposed_Suprapubic,20.6544
ADK,Vagina,18.4142
ADK,Nerve_Tibial,16.0295
ADK,Thyroid,15.4134
ADK,Cervix_Ectocervix,15.1022
KCNMA1,Uterus,36.0419
KCNMA1,Colon_Sigmoid,31.6722
KCNMA1,Artery_Tibial,27.1701
KCNMA1,Stomach_Muscularis,27.0848
KCNMA1,Esophagus_Muscularis,26.7379
KCNMA1,Esophagus_Gastroesophageal_Junction,26.1432
KCNMA1,Colon_Transverse_Muscularis,25.2467
KCNMA1,Artery_Aorta,23.3648
KCNMA1,Cervix_Endocervix,21.9056
KCNMA1,Fallopian_Tube,18.9187
KCNMA1,Bladder,13.4198
KCNMA1,Brain_Frontal_Cortex_BA9,12.9135
PTEN,Whole_Blood,64.0998
PTEN,Cells_EBV-transformed_lymphocytes,63.1843
PTEN,Cervix_Endocervix,58.1097
PTEN,Cervix_Ectocervix,53.8944
PTEN,Nerve_Tibial,52.9818
PTEN,Brain_Cerebellar_Hemisphere,52.911
PTEN,Liver_Portal_Tract,52.368
PTEN,Adipose_Visceral_Omentum,50.7047
PTEN,Uterus,48.507
PTEN,Adipose_Subcutaneous,47.2146
PTEN,Artery_Coronary,46.9837
PTEN,Fallopian_Tube,46.6018
HTR7,Testis,13.0311
HTR7,Cells_Cultured_fibroblasts,4.69692
HTR7,Artery_Aorta,2.52635
HTR7,Bladder,1.92819
HTR7,Brain_Hypothalamus,1.71992
HTR7,Artery_Coronary,1.59196
HTR7,Liver_Portal_Tract,1.43273
HTR7,Brain_Anterior_cingulate_cortex_BA24,1.35621
HTR7,Stomach_Muscularis,1.16573
HTR7,Cervix_Ectocervix,1.09996
HTR7,Small_Intestine_Terminal_Ileum_Mixed_Cell,1.09355
HTR7,Stomach_Mixed_Cell,0.995274
TNKS2,Ovary,50.9509
TNKS2,Brain_Cerebellar_Hemisphere,48.0042
TNKS2,Small_Intestine_Terminal_Ileum_Lymphoid_Aggregate,46.7302
TNKS2,Thyroid,45.5202
TNKS2,Skin_Sun_Exposed_Lower_leg,43.949
TNKS2,Nerve_Tibial,43.6996
TNKS2,Cervix_Endocervix,43.2705
TNKS2,Artery_Tibial,43.2482
TNKS2,Uterus,42.8213
TNKS2,Skin_Not_Sun_Exposed_Suprapubic,41.9185
TNKS2,Artery_Aorta,41.6845
TNKS2,Vagina,39.5244
IDE,Skin_Sun_Exposed_Lower_leg,37.9916
IDE,Skin_Not_Sun_Exposed_Suprapubic,31.407
IDE,Muscle_Skeletal,13.4739
IDE,Testis,12.3384
IDE,Cells_EBV-transformed_lymphocytes,12.2366
IDE,Cells_Cultured_fibroblasts,11.8092
IDE,Uterus,10.5931
IDE,Prostate,10.4979
IDE,Esophagus_Muscularis,10.3979
IDE,Cervix_Ectocervix,10.1554
IDE,Vagina,10.0978
IDE,Bladder,10.0832
KIF11,Cells_EBV-transformed_lymphocytes,55.0985
KIF11,Cells_Cultured_fibroblasts,19.9782
KIF11,Testis,17.1134
KIF11,Esophagus_Mucosa,9.57651
KIF11,Small_Intestine_Terminal_Ileum_Mixed_Cell,6.81174
KIF11,Small_Intestine_Terminal_Ileum_Lymphoid_Aggregate,6.34797
KIF11,Colon_Transverse_Mixed_Cell,4.6727
KIF11,Colon_Transverse_Mucosa,4.66777
KIF11,Skin_Sun_Exposed_Lower_leg,4.40045
KIF11,Skin_Not_Sun_Exposed_Suprapubic,3.91288
KIF11,Vagina,3.88996
KIF11,Spleen,3.60666
CYP26A1,Liver_Mixed_Cell,5.3378
CYP26A1,Liver,4.44359
CYP26A1,Liver_Hepatocyte,4.10677
CYP26A1,Brain_Frontal_Cortex_BA9,1.04594
CYP26A1,Brain_Anterior_cingulate_cortex_BA24,0.850617
CYP26A1,Liver_Portal_Tract,0.782353
CYP26A1,Brain_Cortex,0.750898
CYP26A1,Testis,0.535543
CYP26A1,Brain_Caudate_basal_ganglia,0.343399
CYP26A1,Spleen,0.277993
CYP26A1,Cervix_Endocervix,0.274956
CYP26A1,Brain_Hypothalamus,0.232127
FFAR4,Pituitary,19.1657
FFAR4,Colon_Transverse_Mucosa,11.9717
FFAR4,Colon_Transverse_Mixed_Cell,11.82
FFAR4,Pancreas_Islets,4.01302
FFAR4,Colon_Transverse,3.98529
FFAR4,Testis,2.69268
FFAR4,Adipose_Subcutaneous,2.26151
FFAR4,Adipose_Visceral_Omentum,2.1721
FFAR4,Lung,1.8369
FFAR4,Brain_Cortex,1.74811
FFAR4,Brain_Frontal_Cortex_BA9,1.73365
FFAR4,Colon_Transverse_Muscularis,1.07879
RBP4,Liver,4276.41
RBP4,Liver_Mixed_Cell,3909.11
RBP4,Liver_Hepatocyte,3541.27
RBP4,Liver_Portal_Tract,954.681
RBP4,Adipose_Subcutaneous,556.696
RBP4,Pituitary,405.936
RBP4,Pancreas_Islets,324.367
RBP4,Adipose_Visceral_Omentum,297.848
RBP4,Breast_Mammary_Tissue,173.329
RBP4,Brain_Nucleus_accumbens_basal_ganglia,54.9545
RBP4,Brain_Frontal_Cortex_BA9,48.6963
RBP4,Artery_Aorta,44.9328
PDE6C,Brain_Cerebellar_Hemisphere,2.01064
PDE6C,Brain_Cerebellum,1.83483
PDE6C,Nerve_Tibial,1.10344
PDE6C,Cervix_Endocervix,1.0835
PDE6C,Small_Intestine_Terminal_Ileum_Lymphoid_Aggregate,1.00744
PDE6C,Cervix_Ectocervix,0.970142
PDE6C,Ovary,0.922618
PDE6C,Uterus,0.895961
PDE6C,Fallopian_Tube,0.837134
PDE6C,Pituitary,0.780922
PDE6C,Vagina,0.713248
PDE6C,Thyroid,0.680285
CYP2C19,Liver,16.2487
CYP2C19,Liver_Hepatocyte,10.111
CYP2C19,Small_Intestine_Terminal_Ileum_Mixed_Cell,6.28515
CYP2C19,Liver_Portal_Tract,5.11061
CYP2C19,Small_Intestine_Terminal_Ileum,4.99987
CYP2C19,Liver_Mixed_Cell,4.12279
CYP2C19,Esophagus_Mucosa,3.87305
CYP2C19,Stomach_Mixed_Cell,3.36798
CYP2C19,Stomach_Mucosa,2.75657
CYP2C19,Stomach,1.73262
CYP2C19,Cervix_Ectocervix,1.65768
CYP2C19,Vagina,1.07455
CYP2C9,Liver,435.591
CYP2C9,Liver_Hepatocyte,210.991
CYP2C9,Liver_Mixed_Cell,199.919
CYP2C9,Liver_Portal_Tract,63.7398
CYP2C9,Small_Intestine_Terminal_Ileum_Mixed_Cell,25.5906
CYP2C9,Stomach_Mucosa,22.9711
CYP2C9,Stomach_Mixed_Cell,21.0214
CYP2C9,Small_Intestine_Terminal_Ileum,14.2338
CYP2C9,Stomach,6.71917
CYP2C9,Colon_Transverse_Mucosa,6.18178
CYP2C9,Esophagus_Mucosa,4.97181
CYP2C9,Colon_Transverse_Mixed_Cell,3.38789
CYP2C8,Liver,716.484
CYP2C8,Liver_Mixed_Cell,396.935
CYP2C8,Liver_Hepatocyte,361.651
CYP2C8,Liver_Portal_Tract,81.4313
CYP2C8,Stomach_Mucosa,18.5417
CYP2C8,Testis,16.9725
CYP2C8,Stomach_Mixed_Cell,16.7245
CYP2C8,Pituitary,11.995
CYP2C8,Stomach,8.452
CYP2C8,Pancreas_Islets,6.46619
CYP2C8,Brain_Hypothalamus,5.00784
CYP2C8,Small_Intestine_Terminal_Ileum_Lymphoid_Aggregate,4.53643
PGAM1,Cells_EBV-transformed_lymphocytes,329.977
PGAM1,Cells_Cultured_fibroblasts,190.461
PGAM1,Esophagus_Mucosa,120.14
PGAM1,Brain_Frontal_Cortex_BA9,91.8159
PGAM1,Whole_Blood,89.3139
PGAM1,Vagina,88.5608
PGAM1,Adrenal_Gland,79.5758
PGAM1,Esophagus_Muscularis,78.0855
PGAM1,Cervix_Ectocervix,76.588
PGAM1,Artery_Aorta,73.2948
PGAM1,Brain_Cortex,71.9153
PGAM1,Brain_Cerebellar_Hemisphere,71.8231
PI4K2A,Cells_Cultured_fibroblasts,37.2558
PI4K2A,Adrenal_Gland,36.1398
PI4K2A,Brain_Cerebellum,34.6102
PI4K2A,Brain_Cerebellar_Hemisphere,33.3142
PI4K2A,Pituitary,33.1687
PI4K2A,Lung,33.0738
PI4K2A,Skin_Sun_Exposed_Lower_leg,32.6851
PI4K2A,Brain_Frontal_Cortex_BA9,31.7425
PI4K2A,Uterus,30.8694
PI4K2A,Brain_Cortex,30.7492
PI4K2A,Spleen,30.6591
PI4K2A,Esophagus_Mucosa,29.0224
GOT1,Heart_Left_Ventricle,313.959
GOT1,Liver_Mixed_Cell,291.376
GOT1,Liver_Hepatocyte,271.511
GOT1,Heart_Atrial_Appendage,247.033
GOT1,Muscle_Skeletal,226.117
GOT1,Brain_Frontal_Cortex_BA9,210.662
GOT1,Liver,186.98
GOT1,Brain_Cerebellar_Hemisphere,181.439
GOT1,Brain_Cerebellum,155.444
GOT1,Brain_Cortex,153.208
GOT1,Liver_Portal_Tract,123.981
GOT1,Kidney_Medulla,105.337
ABCC2,Liver_Hepatocyte,73.1368
ABCC2,Liver,62.8248
ABCC2,Liver_Mixed_Cell,58.1031
ABCC2,Liver_Portal_Tract,15.0997
ABCC2,Kidney_Cortex,8.00357
ABCC2,Small_Intestine_Terminal_Ileum_Mixed_Cell,6.81991
ABCC2,Small_Intestine_Terminal_Ileum,5.2359
ABCC2,Small_Intestine_Terminal_Ileum_Lymphoid_Aggregate,4.44076
ABCC2,Nerve_Tibial,3.9294
ABCC2,Adipose_Subcutaneous,2.73513
ABCC2,Bladder,2.58259
ABCC2,Spleen,2.44473
CPN1,Liver_Mixed_Cell,109.276
CPN1,Liver_Hepatocyte,54.9082
CPN1,Liver,39.9831
CPN1,Liver_Portal_Tract,21.6458
CPN1,Testis,2.98918
CPN1,Small_Intestine_Terminal_Ileum_Mixed_Cell,0.110825
CPN1,Kidney_Medulla,0.099051
CPN1,Pancreas_Mixed_Cell,0.066633
CPN1,Kidney_Cortex,0.05406
CPN1,Pancreas_Islets,0.0377
CPN1,Pancreas_Acini,0.032687
CPN1,Pancreas,0.028567
CHUK,Cells_EBV-transformed_lymphocytes,15.7037
CHUK,Liver_Portal_Tract,15.1701
CHUK,Nerve_Tibial,14.3954
CHUK,Cells_Cultured_fibroblasts,12.3957
CHUK,Artery_Tibial,12.3167
CHUK,Uterus,11.7669
CHUK,Artery_Coronary,11.3208
CHUK,Thyroid,11.1934
CHUK,Artery_Aorta,11.1827
CHUK,Lung,11.1313
CHUK,Adipose_Subcutaneous,10.6733
CHUK,Brain_Cerebellar_Hemisphere,10.5347
SCD,Brain_Spinal_cord_cervical_c-1,1463.16
SCD,Brain_Substantia_nigra,502.308
SCD,Adipose_Subcutaneous,469.045
SCD,Adipose_Visceral_Omentum,448.096
SCD,Brain_Hippocampus,424.575
SCD,Brain_Amygdala,421.297
SCD,Brain_Hypothalamus,389.297
SCD,Liver_Mixed_Cell,278.699
SCD,Brain_Anterior_cingulate_cortex_BA24,275.42
SCD,Brain_Cortex,244.985
SCD,Brain_Frontal_Cortex_BA9,228.44
SCD,Liver_Hepatocyte,223.903
HIF1AN,Muscle_Skeletal,23.0004
HIF1AN,Testis,21.7198
HIF1AN,Small_Intestine_Terminal_Ileum_Lymphoid_Aggregate,18.5655
HIF1AN,Cells_EBV-transformed_lymphocytes,18.5452
HIF1AN,Cells_Cultured_fibroblasts,16.5668
HIF1AN,Ovary,16.4186
HIF1AN,Uterus,16.1591
HIF1AN,Skin_Sun_Exposed_Lower_leg,15.1538
HIF1AN,Cervix_Endocervix,14.9094
HIF1AN,Colon_Sigmoid,14.8451
HIF1AN,Bladder,14.4851
HIF1AN,Artery_Tibial,14.2233
POLL,Testis,39.6121
POLL,Thyroid,25.5264
POLL,Ovary,24.6935
POLL,Pituitary,23.8567
POLL,Small_Intestine_Terminal_Ileum_Lymphoid_Aggregate,23.1004
POLL,Fallopian_Tube,22.7051
POLL,Prostate,22.567
POLL,Cervix_Endocervix,21.068
POLL,Uterus,20.7526
POLL,Whole_Blood,20.5876
POLL,Nerve_Tibial,19.976
POLL,Kidney_Medulla,17.9059
OGA,Small_Intestine_Terminal_Ileum_Lymphoid_Aggregate,246.303
OGA,Brain_Cerebellar_Hemisphere,160.23
OGA,Nerve_Tibial,157.574
OGA,Brain_Cerebellum,135.024
OGA,Ovary,130.937
OGA,Cervix_Endocervix,127.995
OGA,Artery_Tibial,125.758
OGA,Cells_EBV-transformed_lymphocytes,120.813
OGA,Uterus,119.861
OGA,Spleen,119.161
OGA,Fallopian_Tube,115.849
OGA,Small_Intestine_Terminal_Ileum_Mixed_Cell,113.234
CYP17A1,Adrenal_Gland,4942.34
CYP17A1,Testis,9.50339
CYP17A1,Thyroid,3.82465
CYP17A1,Kidney_Cortex,3.60609
CYP17A1,Kidney_Medulla,2.94504
CYP17A1,Liver_Mixed_Cell,1.91754
CYP17A1,Liver_Hepatocyte,1.67009
CYP17A1,Ovary,1.2323
CYP17A1,Liver,1.20201
CYP17A1,Nerve_Tibial,0.866114
CYP17A1,Brain_Cerebellum,0.861536
CYP17A1,Brain_Cerebellar_Hemisphere,0.747993
SLK,Esophagus_Mucosa,70.2304
SLK,Vagina,56.0904
SLK,Artery_Tibial,48.929
SLK,Uterus,45.1834
SLK,Lung,45.0776
SLK,Cervix_Ectocervix,44.0402
SLK,Esophagus_Muscularis,42.8353
SLK,Bladder,42.7704
SLK,Ovary,42.4079
SLK,Colon_Sigmoid,39.1765
SLK,Artery_Aorta,38.513
SLK,Cells_Cultured_fibroblasts,38.0593
GSTO1,Liver_Mixed_Cell,257.217
GSTO1,Cells_Cultured_fibroblasts,250.19
GSTO1,Liver_Hepatocyte,196.147
GSTO1,Lung,166.272
GSTO1,Liver,150.109
GSTO1,Cells_EBV-transformed_lymphocytes,143.323
GSTO1,Artery_Aorta,143.036
GSTO1,Liver_Portal_Tract,138.355
GSTO1,Artery_Coronary,121.778
GSTO1,Whole_Blood,114.324
GSTO1,Artery_Tibial,114.04
GSTO1,Cervix_Endocervix,111.688
PDCD4,Pancreas_Acini,290.912
PDCD4,Pancreas,288.972
PDCD4,Pancreas_Mixed_Cell,243.952
PDCD4,Small_Intestine_Terminal_Ileum_Lymphoid_Aggregate,236.939
PDCD4,Skin_Not_Sun_Exposed_Suprapubic,229.092
PDCD4,Skin_Sun_Exposed_Lower_leg,214.576
PDCD4,Cells_EBV-transformed_lymphocytes,195.085
PDCD4,Colon_Transverse_Mucosa,190.956
PDCD4,Colon_Transverse_Mixed_Cell,185.798
PDCD4,Small_Intestine_Terminal_Ileum,180.168
PDCD4,Thyroid,178.499
PDCD4,Esophagus_Mucosa,165.776
ADRA2A,Adipose_Subcutaneous,93.0518
ADRA2A,Cervix_Ectocervix,69.1815
ADRA2A,Cervix_Endocervix,66.6012
ADRA2A,Breast_Mammary_Tissue,57.3835
ADRA2A,Adipose_Visceral_Omentum,40.6088
ADRA2A,Vagina,39.7287
ADRA2A,Ovary,39.706
ADRA2A,Liver_Portal_Tract,26.5017
ADRA2A,Bladder,25.327
ADRA2A,Nerve_Tibial,23.8567
ADRA2A,Thyroid,19.7431
ADRA2A,Pancreas_Islets,18.806
CASP7,Colon_Transverse_Mixed_Cell,79.6941
CASP7,Colon_Transverse_Mucosa,69.4402
CASP7,Small_Intestine_Terminal_Ileum_Mixed_Cell,42.5991
CASP7,Colon_Transverse,37.2698
CASP7,Small_Intestine_Terminal_Ileum,35.9111
CASP7,Lung,33.6292
CASP7,Adipose_Subcutaneous,28.3055
CASP7,Cells_EBV-transformed_lymphocytes,28.1051
CASP7,Adipose_Visceral_Omentum,26.2257
CASP7,Breast_Mammary_Tissue,25.1689
CASP7,Nerve_Tibial,25.0565
CASP7,Vagina,24.4988
ADRB1,Lung,23.801
ADRB1,Heart_Atrial_Appendage,14.0046
ADRB1,Heart_Left_Ventricle,13.7187
ADRB1,Brain_Nucleus_accumbens_basal_ganglia,12.8635
ADRB1,Brain_Cortex,11.41
ADRB1,Brain_Frontal_Cortex_BA9,11.075
ADRB1,Brain_Caudate_basal_ganglia,6.73442
ADRB1,Brain_Anterior_cingulate_cortex_BA24,6.65118
ADRB1,Brain_Putamen_basal_ganglia,5.92161
ADRB1,Prostate,5.76202
ADRB1,Adipose_Visceral_Omentum,5.33772
ADRB1,Esophagus_Muscularis,4.60395
PNLIP,Pancreas,30705.6
PNLIP,Pancreas_Mixed_Cell,26760.2
PNLIP,Pancreas_Acini,22160.4
PNLIP,Pancreas_Islets,5273.75
PNLIP,Liver_Mixed_Cell,6.31135
PNLIP,Liver_Portal_Tract,5.9211
PNLIP,Liver_Hepatocyte,4.28645
PNLIP,Ovary,3.98732
PNLIP,Spleen,3.80939
PNLIP,Uterus,3.5488
PNLIP,Liver,2.4401
PNLIP,Pituitary,2.4198
SLC18A2,Pancreas_Islets,50.5749
SLC18A2,Cervix_Ectocervix,20.5878
SLC18A2,Vagina,7.75881
SLC18A2,Ovary,7.51254
SLC18A2,Lung,5.66314
SLC18A2,Skin_Sun_Exposed_Lower_leg,3.79063
SLC18A2,Skin_Not_Sun_Exposed_Suprapubic,3.70773
SLC18A2,Bladder,3.43061
SLC18A2,Stomach,3.38205
SLC18A2,Prostate,3.11777
SLC18A2,Esophagus_Muscularis,3.0081
SLC18A2,Esophagus_Gastroesophageal_Junction,2.97434
GRK5,Artery_Aorta,67.7892
GRK5,Lung,64.6855
GRK5,Artery_Tibial,52.6739
GRK5,Artery_Coronary,45.5687
GRK5,Adipose_Subcutaneous,34.5034
GRK5,Nerve_Tibial,33.0296
GRK5,Spleen,32.4447
GRK5,Ovary,32.0162
GRK5,Esophagus_Muscularis,26.7124
GRK5,Esophagus_Gastroesophageal_Junction,25.4945
GRK5,Adipose_Visceral_Omentum,23.7892
GRK5,Colon_Sigmoid,22.5595
OAT,Small_Intestine_Terminal_Ileum_Mixed_Cell,227.556
OAT,Small_Intestine_Terminal_Ileum,172.239
OAT,Cells_Cultured_fibroblasts,148.406
OAT,Artery_Aorta,126.372
OAT,Artery_Tibial,124.149
OAT,Adrenal_Gland,109.653
OAT,Cervix_Endocervix,106.778
OAT,Ovary,105.843
OAT,Uterus,100.267
OAT,Minor_Salivary_Gland,97.0708
OAT,Artery_Coronary,96.9581
OAT,Brain_Frontal_Cortex_BA9,96.298
CTBP2,Cervix_Endocervix,49.5451
CTBP2,Uterus,45.6767
CTBP2,Thyroid,41.9041
CTBP2,Ovary,37.8962
CTBP2,Artery_Tibial,37.2701
CTBP2,Artery_Aorta,34.5625
CTBP2,Fallopian_Tube,34.0242
CTBP2,Prostate,32.8586
CTBP2,Brain_Cerebellar_Hemisphere,31.0009
CTBP2,Brain_Cerebellum,28.7391
CTBP2,Lung,27.2218
CTBP2,Cervix_Ectocervix,26.8927
MGMT,Liver,21.9246
MGMT,Liver_Mixed_Cell,20.3502
MGMT,Liver_Hepatocyte,17.5424
MGMT,Fallopian_Tube,16.9328
MGMT,Adipose_Subcutaneous,14.9299
MGMT,Breast_Mammary_Tissue,14.4201
MGMT,Ovary,14.2691
MGMT,Testis,14.1696
MGMT,Adipose_Visceral_Omentum,13.6969
MGMT,Nerve_Tibial,13.595
MGMT,Cells_Cultured_fibroblasts,13.571
MGMT,Thyroid,13.4523
INPP5A,Artery_Tibial,127.467
INPP5A,Esophagus_Muscularis,105.636
INPP5A,Esophagus_Gastroesophageal_Junction,101.757
INPP5A,Brain_Cerebellum,93.6337
INPP5A,Artery_Aorta,87.8772
INPP5A,Artery_Coronary,78.0665
INPP5A,Colon_Sigmoid,73.722
INPP5A,Uterus,71.27
INPP5A,Brain_Cerebellar_Hemisphere,66.5211
INPP5A,Stomach_Muscularis,61.7796
INPP5A,Colon_Transverse_Muscularis,60.3468
INPP5A,Fallopian_Tube,54.2099
PAOX,Testis,131.622
PAOX,Small_Intestine_Terminal_Ileum_Lymphoid_Aggregate,18.4833
PAOX,Cells_EBV-transformed_lymphocytes,14.8889
PAOX,Spleen,14.8197
PAOX,Small_Intestine_Terminal_Ileum_Mixed_Cell,12.9562
PAOX,Esophagus_Mucosa,12.9087
PAOX,Small_Intestine_Terminal_Ileum,11.4803
PAOX,Nerve_Tibial,11.0268
PAOX,Cervix_Ectocervix,10.2265
PAOX,Liver_Mixed_Cell,10.0173
PAOX,Prostate,9.8696
PAOX,Vagina,9.59177
CYP2E1,Liver_Mixed_Cell,4872.71
CYP2E1,Liver_Hepatocyte,4092.31
CYP2E1,Liver,2634.88
CYP2E1,Liver_Portal_Tract,656.336
CYP2E1,Brain_Cerebellum,21.3022
CYP2E1,Brain_Cerebellar_Hemisphere,20.2621
CYP2E1,Esophagus_Mucosa,15.9839
CYP2E1,Skin_Sun_Exposed_Lower_leg,14.7922
CYP2E1,Skin_Not_Sun_Exposed_Suprapubic,12.282
CYP2E1,Testis,9.68989
CYP2E1,Pancreas_Acini,9.54688
CYP2E1,Fallopian_Tube,8.97204
SIRT3,Testis,30.939
SIRT3,Pituitary,25.8276
SIRT3,Brain_Cerebellar_Hemisphere,23.2987
SIRT3,Brain_Cerebellum,23.1184
SIRT3,Small_Intestine_Terminal_Ileum_Lymphoid_Aggregate,21.3301
SIRT3,Ovary,21.0902
SIRT3,Cervix_Endocervix,20.6094
SIRT3,Brain_Cortex,20.4907
SIRT3,Brain_Nucleus_accumbens_basal_ganglia,20.2004
SIRT3,Nerve_Tibial,19.9623
SIRT3,Brain_Frontal_Cortex_BA9,19.7962
SIRT3,Thyroid,19.6495
HRAS,Skin_Not_Sun_Exposed_Suprapubic,86.5145
HRAS,Skin_Sun_Exposed_Lower_leg,84.2822
HRAS,Esophagus_Mucosa,65.5132
HRAS,Brain_Cerebellar_Hemisphere,63.4449
HRAS,Brain_Caudate_basal_ganglia,62.0038
HRAS,Brain_Nucleus_accumbens_basal_ganglia,59.7073
HRAS,Brain_Putamen_basal_ganglia,58.7639
HRAS,Brain_Cerebellum,58.1083
HRAS,Vagina,54.4459
HRAS,Brain_Frontal_Cortex_BA9,52.9402
HRAS,Brain_Anterior_cingulate_cortex_BA24,52.7762
HRAS,Brain_Hypothalamus,50.7263
DRD4,Pituitary,7.71553
DRD4,Ovary,7.1516
DRD4,Brain_Cerebellum,7.03674
DRD4,Testis,6.36245
DRD4,Brain_Cerebellar_Hemisphere,5.97616
DRD4,Fallopian_Tube,4.87997
DRD4,Uterus,4.70571
DRD4,Cervix_Endocervix,4.5536
DRD4,Nerve_Tibial,4.50524
DRD4,Prostate,4.30166
DRD4,Thyroid,3.94728
DRD4,Colon_Transverse_Muscularis,3.71614
PNPLA2,Adipose_Subcutaneous,933.862
PNPLA2,Adipose_Visceral_Omentum,902.843
PNPLA2,Breast_Mammary_Tissue,526.717
PNPLA2,Artery_Coronary,257.894
PNPLA2,Nerve_Tibial,244.631
PNPLA2,Whole_Blood,243.396
PNPLA2,Artery_Aorta,227.814
PNPLA2,Artery_Tibial,224.467
PNPLA2,Thyroid,202.612
PNPLA2,Small_Intestine_Terminal_Ileum_Lymphoid_Aggregate,179.469
PNPLA2,Lung,178.191
PNPLA2,Kidney_Medulla,171.734
CTSD,Adrenal_Gland,1319.17
CTSD,Artery_Aorta,1085.54
CTSD,Lung,1055.67
CTSD,Spleen,1002.06
CTSD,Whole_Blood,1001.91
CTSD,Kidney_Cortex,719.231
CTSD,Artery_Coronary,688.254
CTSD,Kidney_Medulla,683.395
CTSD,Nerve_Tibial,666.308
CTSD,Cervix_Ectocervix,655.115
CTSD,Small_Intestine_Terminal_Ileum_Mixed_Cell,604.168
CTSD,Skin_Sun_Exposed_Lower_leg,584.209
TH,Brain_Substantia_nigra,37.9557
TH,Brain_Hypothalamus,15.5512
TH,Brain_Caudate_basal_ganglia,5.26548
TH,Pancreas_Islets,5.19157
TH,Adrenal_Gland,4.5369
TH,Brain_Nucleus_accumbens_basal_ganglia,3.90281
TH,Pituitary,2.80449
TH,Testis,1.43104
TH,Ovary,1.20995
TH,Bladder,1.14278
TH,Cervix_Endocervix,1.00757
TH,Cervix_Ectocervix,1.00374
CD81,Uterus,981.736
CD81,Cervix_Endocervix,791.229
CD81,Fallopian_Tube,737.394
CD81,Nerve_Tibial,664.738
CD81,Artery_Aorta,663.542
CD81,Cervix_Ectocervix,626.176
CD81,Artery_Coronary,609.666
CD81,Colon_Sigmoid,578.127
CD81,Esophagus_Gastroesophageal_Junction,536.329
CD81,Lung,525.132
CD81,Adipose_Subcutaneous,524.522
CD81,Bladder,522.132
OR51E2,Colon_Transverse_Muscularis,33.7326
OR51E2,Artery_Tibial,20.9149
OR51E2,Prostate,18.7802
OR51E2,Colon_Sigmoid,11.7368
OR51E2,Colon_Transverse_Mixed_Cell,6.48477
OR51E2,Colon_Transverse,6.17365
OR51E2,Artery_Coronary,2.70994
OR51E2,Uterus,2.33416
OR51E2,Stomach_Muscularis,1.12675
OR51E2,Nerve_Tibial,1.023
OR51E2,Adipose_Subcutaneous,0.986383
OR51E2,Cervix_Endocervix,0.974992
CCKBR,Stomach_Mucosa,56.2423
CCKBR,Stomach_Mixed_Cell,51.0139
CCKBR,Stomach,39.5989
CCKBR,Brain_Cerebellum,24.8235
CCKBR,Brain_Cerebellar_Hemisphere,24.6958
CCKBR,Brain_Frontal_Cortex_BA9,23.5875
CCKBR,Brain_Cortex,22.6245
CCKBR,Brain_Anterior_cingulate_cortex_BA24,16.2907
CCKBR,Pancreas_Acini,8.85323
CCKBR,Pancreas_Islets,7.30804
CCKBR,Brain_Amygdala,6.84014
CCKBR,Pancreas_Mixed_Cell,5.74925
SMPD1,Pancreas_Islets,122.879
SMPD1,Cells_Cultured_fibroblasts,82.7357
SMPD1,Liver_Mixed_Cell,75.5325
SMPD1,Thyroid,70.9021
SMPD1,Pituitary,70.0463
SMPD1,Artery_Aorta,67.7083
SMPD1,Liver_Hepatocyte,65.5852
SMPD1,Lung,64.9098
SMPD1,Brain_Cerebellum,63.3644
SMPD1,Skin_Sun_Exposed_Lower_leg,60.456
SMPD1,Kidney_Cortex,56.1505
SMPD1,Liver_Portal_Tract,54.945
ILK,Uterus,18.1088
ILK,Artery_Aorta,12.3152
ILK,Artery_Tibial,12.1486
ILK,Colon_Sigmoid,11.8512
ILK,Fallopian_Tube,11.8131
ILK,Cervix_Endocervix,9.86592
ILK,Esophagus_Muscularis,9.66435
ILK,Esophagus_Gastroesophageal_Junction,9.59029
ILK,Artery_Coronary,9.24098
ILK,Bladder,9.08995
ILK,Colon_Transverse_Muscularis,8.78158
ILK,Nerve_Tibial,8.77647
STK33,Testis,45.2991
STK33,Pituitary,32.997
STK33,Thyroid,16.2411
STK33,Ovary,14.6449
STK33,Fallopian_Tube,13.6395
STK33,Uterus,11.1225
STK33,Pancreas_Islets,9.30465
STK33,Cervix_Endocervix,8.75729
STK33,Stomach_Muscularis,8.42143
STK33,Colon_Transverse_Muscularis,7.57104
STK33,Colon_Sigmoid,7.21321
STK33,Adrenal_Gland,6.85802
WEE1,Skin_Not_Sun_Exposed_Suprapubic,52.4863
WEE1,Skin_Sun_Exposed_Lower_leg,35.2715
WEE1,Uterus,33.9326
WEE1,Stomach_Muscularis,33.3921
WEE1,Fallopian_Tube,29.4508
WEE1,Cells_EBV-transformed_lymphocytes,28.4362
WEE1,Bladder,26.6974
WEE1,Small_Intestine_Terminal_Ileum_Lymphoid_Aggregate,25.9401
WEE1,Artery_Aorta,24.8432
WEE1,Cells_Cultured_fibroblasts,23.8694
WEE1,Testis,23.4074
WEE1,Artery_Coronary,21.4155
CSNK2A3,Testis,0.797519
CSNK2A3,Cells_EBV-transformed_lymphocytes,0.708523
CSNK2A3,Lung,0.507998
CSNK2A3,Cells_Cultured_fibroblasts,0.479457
CSNK2A3,Thyroid,0.462119
CSNK2A3,Uterus,0.430199
CSNK2A3,Brain_Cerebellum,0.410544
CSNK2A3,Artery_Tibial,0.405436
CSNK2A3,Skin_Sun_Exposed_Lower_leg,0.37236
CSNK2A3,Skin_Not_Sun_Exposed_Suprapubic,0.36376
CSNK2A3,Muscle_Skeletal,0.355555
CSNK2A3,Nerve_Tibial,0.354019
PDE3B,Colon_Transverse_Muscularis,43.6677
PDE3B,Colon_Sigmoid,26.5061
PDE3B,Pancreas_Islets,19.9482
PDE3B,Adipose_Subcutaneous,17.0577
PDE3B,Small_Intestine_Terminal_Ileum_Lymphoid_Aggregate,12.9676
PDE3B,Brain_Cerebellar_Hemisphere,12.4333
PDE3B,Brain_Cerebellum,12.0058
PDE3B,Adipose_Visceral_Omentum,11.4382
PDE3B,Colon_Transverse,10.8568
PDE3B,Colon_Transverse_Mixed_Cell,10.4707
PDE3B,Lung,9.30767
PDE3B,Bladder,8.37182
MRGPRX4,Testis,0.106228
MRGPRX4,Small_Intestine_Terminal_Ileum_Lymphoid_Aggregate,0.080112
MRGPRX4,Liver_Mixed_Cell,0.025054
LDHA,Cells_EBV-transformed_lymphocytes,1489.33
LDHA,Cells_Cultured_fibroblasts,1406.2
LDHA,Liver_Mixed_Cell,745.331
LDHA,Artery_Tibial,604.817
LDHA,Liver_Hepatocyte,587.044
LDHA,Artery_Aorta,566.055
LDHA,Artery_Coronary,455.678
LDHA,Skin_Sun_Exposed_Lower_leg,445.926
LDHA,Adipose_Visceral_Omentum,413.265
LDHA,Skin_Not_Sun_Exposed_Suprapubic,403.183
LDHA,Adipose_Subcutaneous,403.027
LDHA,Esophagus_Mucosa,394.772
PTPN5,Brain_Nucleus_accumbens_basal_ganglia,210.257
PTPN5,Brain_Caudate_basal_ganglia,131.438
PTPN5,Brain_Putamen_basal_ganglia,107.197
PTPN5,Brain_Frontal_Cortex_BA9,56.1677
PTPN5,Brain_Cortex,55.5495
PTPN5,Brain_Anterior_cingulate_cortex_BA24,29.6926
PTPN5,Brain_Hypothalamus,25.3145
PTPN5,Brain_Amygdala,15.2599
PTPN5,Brain_Hippocampus,11.7441
PTPN5,Nerve_Tibial,5.8194
PTPN5,Brain_Substantia_nigra,4.22311
PTPN5,Testis,4.00976
MRGPRX2,Skin_Not_Sun_Exposed_Suprapubic,1.19863
MRGPRX2,Skin_Sun_Exposed_Lower_leg,1.11296
MRGPRX2,Adipose_Subcutaneous,0.827843
MRGPRX2,Bladder,0.810776
MRGPRX2,Esophagus_Gastroesophageal_Junction,0.475153
MRGPRX2,Esophagus_Muscularis,0.423124
MRGPRX2,Nerve_Tibial,0.30908
MRGPRX2,Testis,0.29334
MRGPRX2,Vagina,0.288748
MRGPRX2,Cervix_Ectocervix,0.26971
MRGPRX2,Breast_Mammary_Tissue,0.238732
MRGPRX2,Stomach_Muscularis,0.207404
PRMT3,Cells_EBV-transformed_lymphocytes,26.089
PRMT3,Thyroid,23.6396
PRMT3,Cells_Cultured_fibroblasts,22.6617
PRMT3,Nerve_Tibial,16.7275
PRMT3,Uterus,14.5629
PRMT3,Cervix_Endocervix,14.3397
PRMT3,Cervix_Ectocervix,14.1305
PRMT3,Ovary,14.1071
PRMT3,Fallopian_Tube,13.5095
PRMT3,Vagina,12.8995
PRMT3,Breast_Mammary_Tissue,12.3307
PRMT3,Adipose_Subcutaneous,12.1933
SLC6A5,Brain_Cerebellum,1.18411
SLC6A5,Pituitary,1.12944
SLC6A5,Testis,1.08905
SLC6A5,Brain_Cerebellar_Hemisphere,1.01135
SLC6A5,Brain_Spinal_cord_cervical_c-1,0.211455
SLC6A5,Brain_Frontal_Cortex_BA9,0.170132
SLC6A5,Brain_Cortex,0.150882
SLC6A5,Brain_Anterior_cingulate_cortex_BA24,0.054124
SLC6A5,Brain_Hypothalamus,0.043036
SLC6A5,Brain_Hippocampus,0.040788
SLC6A5,Brain_Amygdala,0.021671
SLC6A5,Brain_Nucleus_accumbens_basal_ganglia,0.019929
BBOX1,Kidney_Cortex,84.4749
BBOX1,Skin_Not_Sun_Exposed_Suprapubic,41.0477
BBOX1,Skin_Sun_Exposed_Lower_leg,39.6697
BBOX1,Brain_Substantia_nigra,21.7869
BBOX1,Brain_Amygdala,19.0904
BBOX1,Kidney_Medulla,18.2652
BBOX1,Brain_Anterior_cingulate_cortex_BA24,15.6738
BBOX1,Esophagus_Mucosa,15.3464
BBOX1,Brain_Hypothalamus,14.9488
BBOX1,Brain_Cortex,14.6405
BBOX1,Brain_Caudate_basal_ganglia,14.4472
BBOX1,Brain_Nucleus_accumbens_basal_ganglia,14.2559
BDNF,Brain_Cerebellar_Hemisphere,5.8783
BDNF,Brain_Cerebellum,3.57916
BDNF,Artery_Aorta,2.81354
BDNF,Artery_Tibial,2.34899
BDNF,Cells_Cultured_fibroblasts,2.09303
BDNF,Brain_Frontal_Cortex_BA9,1.95782
BDNF,Brain_Hippocampus,1.70057
BDNF,Brain_Anterior_cingulate_cortex_BA24,1.53909
BDNF,Brain_Hypothalamus,1.48012
BDNF,Prostate,1.28932
BDNF,Pituitary,1.24655
BDNF,Bladder,1.22009
KCNA4,Brain_Nucleus_accumbens_basal_ganglia,9.99773
KCNA4,Brain_Caudate_basal_ganglia,5.65186
KCNA4,Adrenal_Gland,5.145
KCNA4,Brain_Putamen_basal_ganglia,3.37088
KCNA4,Brain_Frontal_Cortex_BA9,2.8329
KCNA4,Pituitary,2.66721
KCNA4,Brain_Cortex,2.3557
KCNA4,Brain_Anterior_cingulate_cortex_BA24,1.66826
KCNA4,Brain_Hypothalamus,1.5354
KCNA4,Adipose_Visceral_Omentum,1.37018
KCNA4,Brain_Amygdala,1.23006
KCNA4,Brain_Hippocampus,1.17281
NAT10,Cells_EBV-transformed_lymphocytes,86.1383
NAT10,Cells_Cultured_fibroblasts,46.568
NAT10,Ovary,38.203
NAT10,Uterus,36.6443
NAT10,Small_Intestine_Terminal_Ileum_Lymphoid_Aggregate,36.6114
NAT10,Skin_Sun_Exposed_Lower_leg,36.2326
NAT10,Nerve_Tibial,35.1628
NAT10,Testis,35.1103
NAT10,Fallopian_Tube,34.1964
NAT10,Skin_Not_Sun_Exposed_Suprapubic,34.1135
NAT10,Cervix_Endocervix,33.6084
NAT10,Vagina,30.1486
CD44,Skin_Not_Sun_Exposed_Suprapubic,242.248
CD44,Skin_Sun_Exposed_Lower_leg,236.377
CD44,Cells_Cultured_fibroblasts,219.186
CD44,Whole_Blood,169.752
CD44,Vagina,159.819
CD44,Uterus,145.025
CD44,Esophagus_Mucosa,120.098
CD44,Cervix_Ectocervix,118.866
CD44,Adipose_Subcutaneous,116.483
CD44,Artery_Aorta,109.757
CD44,Lung,107.796
CD44,Minor_Salivary_Gland,95.213
SLC1A2,Brain_Caudate_basal_ganglia,329.361
SLC1A2,Brain_Nucleus_accumbens_basal_ganglia,283.106
SLC1A2,Brain_Anterior_cingulate_cortex_BA24,276.501
SLC1A2,Brain_Putamen_basal_ganglia,270.4
SLC1A2,Brain_Cortex,253.304
SLC1A2,Brain_Frontal_Cortex_BA9,251.367
SLC1A2,Brain_Amygdala,236.153
SLC1A2,Brain_Hippocampus,113.957
SLC1A2,Brain_Substantia_nigra,51.0886
SLC1A2,Brain_Hypothalamus,42.4398
SLC1A2,Brain_Cerebellum,27.4508
SLC1A2,Brain_Cerebellar_Hemisphere,20.0668
ALKBH3,Cervix_Endocervix,32.6475
ALKBH3,Uterus,31.9977
ALKBH3,Fallopian_Tube,29.8932
ALKBH3,Ovary,29.6213
ALKBH3,Cells_EBV-transformed_lymphocytes,29.4307
ALKBH3,Nerve_Tibial,29.3433
ALKBH3,Cells_Cultured_fibroblasts,28.086
ALKBH3,Cervix_Ectocervix,28.0186
ALKBH3,Testis,27.2719
ALKBH3,Artery_Tibial,25.9
ALKBH3,Prostate,25.6812
ALKBH3,Skin_Sun_Exposed_Lower_leg,24.9716
MDK,Ovary,430.851
MDK,Cervix_Endocervix,353.366
MDK,Pituitary,236.224
MDK,Fallopian_Tube,191.03
MDK,Cervix_Ectocervix,187.766
MDK,Uterus,168.027
MDK,Nerve_Tibial,122.922
MDK,Prostate,94.4086
MDK,Minor_Salivary_Gland,79.3752
MDK,Colon_Transverse_Mixed_Cell,71.2421
MDK,Colon_Transverse_Mucosa,70.4649
MDK,Vagina,67.7405
CHRM4,Brain_Caudate_basal_ganglia,26.6037
CHRM4,Brain_Nucleus_accumbens_basal_ganglia,22.4
CHRM4,Brain_Putamen_basal_ganglia,21.1991
CHRM4,Testis,17.6682
CHRM4,Spleen,16.9132
CHRM4,Brain_Cortex,11.2813
CHRM4,Brain_Frontal_Cortex_BA9,10.5932
CHRM4,Small_Intestine_Terminal_Ileum,6.56188
CHRM4,Brain_Anterior_cingulate_cortex_BA24,5.66708
CHRM4,Small_Intestine_Terminal_Ileum_Mixed_Cell,5.15171
CHRM4,Brain_Hippocampus,4.01806
CHRM4,Colon_Sigmoid,3.81163
F2,Liver_Mixed_Cell,742.993
F2,Liver,614.047
F2,Liver_Hepatocyte,499.43
F2,Liver_Portal_Tract,133.911
F2,Brain_Cerebellum,1.70187
F2,Brain_Cerebellar_Hemisphere,1.66478
F2,Testis,1.43613
F2,Artery_Tibial,0.592596
F2,Pancreas_Islets,0.563391
F2,Colon_Transverse_Muscularis,0.479567
F2,Small_Intestine_Terminal_Ileum_Mixed_Cell,0.460953
F2,Colon_Sigmoid,0.455592
NR1H3,Spleen,64.3304
NR1H3,Nerve_Tibial,61.5671
NR1H3,Adipose_Visceral_Omentum,57.3768
NR1H3,Adipose_Subcutaneous,57.0086
NR1H3,Breast_Mammary_Tissue,51.9816
NR1H3,Liver_Hepatocyte,48.4765
NR1H3,Liver_Mixed_Cell,42.0298
NR1H3,Liver,34.9794
NR1H3,Small_Intestine_Terminal_Ileum_Mixed_Cell,33.0069
NR1H3,Bladder,31.838
NR1H3,Lung,30.6787
NR1H3,Thyroid,29.0062
PTPMT1,Testis,39.93
PTPMT1,Cells_Cultured_fibroblasts,18.2544
PTPMT1,Cells_EBV-transformed_lymphocytes,17.335
PTPMT1,Adrenal_Gland,16.6891
PTPMT1,Pituitary,15.5432
PTPMT1,Cervix_Endocervix,15.0787
PTPMT1,Lung,14.9556
PTPMT1,Fallopian_Tube,14.7907
PTPMT1,Thyroid,14.2138
PTPMT1,Uterus,13.7157
PTPMT1,Stomach_Muscularis,13.4855
PTPMT1,Breast_Mammary_Tissue,13.4486
FOLH1,Brain_Spinal_cord_cervical_c-1,54.0835
FOLH1,Prostate,43.3897
FOLH1,Brain_Substantia_nigra,19.2871
FOLH1,Brain_Hippocampus,15.3795
FOLH1,Brain_Putamen_basal_ganglia,11.7544
FOLH1,Minor_Salivary_Gland,11.4205
FOLH1,Brain_Amygdala,9.47593
FOLH1,Nerve_Tibial,8.32107
FOLH1,Brain_Caudate_basal_ganglia,8.09227
FOLH1,Brain_Hypothalamus,7.42186
FOLH1,Brain_Nucleus_accumbens_basal_ganglia,4.56314
FOLH1,Liver,4.46995
APLNR,Spleen,112.696
APLNR,Brain_Spinal_cord_cervical_c-1,86.0159
APLNR,Brain_Hypothalamus,36.9207
APLNR,Brain_Substantia_nigra,31.5855
APLNR,Brain_Hippocampus,28.9731
APLNR,Brain_Amygdala,28.1743
APLNR,Thyroid,19.431
APLNR,Brain_Cortex,18.6093
APLNR,Adipose_Subcutaneous,16.0933
APLNR,Heart_Atrial_Appendage,15.9235
APLNR,Brain_Anterior_cingulate_cortex_BA24,14.0952
APLNR,Liver_Portal_Tract,10.848
P2RX3,Testis,8.79767
P2RX3,Heart_Left_Ventricle,1.63813
P2RX3,Liver_Mixed_Cell,1.08641
P2RX3,Liver_Hepatocyte,1.01529
P2RX3,Liver,0.615005
P2RX3,Pancreas_Islets,0.511165
P2RX3,Adrenal_Gland,0.473122
P2RX3,Stomach_Mixed_Cell,0.379032
P2RX3,Stomach_Mucosa,0.308901
P2RX3,Stomach,0.284269
P2RX3,Pituitary,0.226337
P2RX3,Liver_Portal_Tract,0.15314
MPEG1,Spleen,218.012
MPEG1,Small_Intestine_Terminal_Ileum_Lymphoid_Aggregate,128.644
MPEG1,Whole_Blood,112.781
MPEG1,Small_Intestine_Terminal_Ileum_Mixed_Cell,52.8298
MPEG1,Liver_Portal_Tract,39.2456
MPEG1,Small_Intestine_Terminal_Ileum,39.0268
MPEG1,Cells_EBV-transformed_lymphocytes,26.7065
MPEG1,Lung,26.1512
MPEG1,Adipose_Visceral_Omentum,25.2536
MPEG1,Adipose_Subcutaneous,24.7337
MPEG1,Colon_Transverse_Mixed_Cell,21.4653
MPEG1,Artery_Coronary,16.7318
OSBP,Adrenal_Gland,71.9298
OSBP,Liver_Mixed_Cell,59.0914
OSBP,Liver_Hepatocyte,55.508
OSBP,Cells_EBV-transformed_lymphocytes,55.5036
OSBP,Skin_Sun_Exposed_Lower_leg,53.2023
OSBP,Liver_Portal_Tract,53.0624
OSBP,Cells_Cultured_fibroblasts,50.2064
OSBP,Artery_Tibial,49.8186
OSBP,Skin_Not_Sun_Exposed_Suprapubic,47.6693
OSBP,Uterus,46.7076
OSBP,Nerve_Tibial,46.3875
OSBP,Cervix_Endocervix,45.689
PTGDR2,Colon_Transverse_Mixed_Cell,14.7037
PTGDR2,Colon_Transverse_Mucosa,13.7542
PTGDR2,Pancreas_Islets,12.8739
PTGDR2,Stomach_Mucosa,11.8726
PTGDR2,Colon_Transverse,11.2325
PTGDR2,Stomach_Mixed_Cell,10.2649
PTGDR2,Stomach,10.1285
PTGDR2,Small_Intestine_Terminal_Ileum,9.90074
PTGDR2,Small_Intestine_Terminal_Ileum_Mixed_Cell,6.56285
PTGDR2,Brain_Putamen_basal_ganglia,4.61676
PTGDR2,Brain_Caudate_basal_ganglia,3.71855
PTGDR2,Brain_Cortex,3.61986
PGA5,Stomach_Mucosa,3475.23
PGA5,Stomach_Mixed_Cell,2391.72
PGA5,Stomach,2356.85
PGA5,Stomach_Muscularis,19.17
PGA5,Thyroid,1.1193
PGA5,Ovary,0.818158
PGA5,Adipose_Subcutaneous,0.678961
PGA5,Spleen,0.622138
PGA5,Fallopian_Tube,0.601995
PGA5,Adipose_Visceral_Omentum,0.594503
PGA5,Brain_Cerebellum,0.516601
PGA5,Breast_Mammary_Tissue,0.458856
DDB1,Adrenal_Gland,216.944
DDB1,Cells_Cultured_fibroblasts,161.695
DDB1,Cells_EBV-transformed_lymphocytes,126.502
DDB1,Testis,123.55
DDB1,Ovary,121.849
DDB1,Fallopian_Tube,99.5331
DDB1,Uterus,96.4158
DDB1,Nerve_Tibial,95.8971
DDB1,Skin_Sun_Exposed_Lower_leg,92.5284
DDB1,Cervix_Endocervix,92.3429
DDB1,Pituitary,89.8222
DDB1,Bladder,86.8743
DAGLA,Brain_Cortex,27.1335
DAGLA,Brain_Cerebellum,23.3968
DAGLA,Brain_Frontal_Cortex_BA9,20.6071
DAGLA,Brain_Anterior_cingulate_cortex_BA24,13.0868
DAGLA,Brain_Cerebellar_Hemisphere,13.0685
DAGLA,Pancreas_Islets,9.4206
DAGLA,Brain_Hippocampus,8.83009
DAGLA,Colon_Transverse_Mucosa,8.63139
DAGLA,Colon_Transverse_Mixed_Cell,8.31558
DAGLA,Brain_Nucleus_accumbens_basal_ganglia,8.31378
DAGLA,Minor_Salivary_Gland,7.51441
DAGLA,Pituitary,7.48045
FEN1,Cells_EBV-transformed_lymphocytes,150.419
FEN1,Testis,44.4421
FEN1,Cells_Cultured_fibroblasts,42.8588
FEN1,Brain_Cerebellar_Hemisphere,34.8957
FEN1,Small_Intestine_Terminal_Ileum_Lymphoid_Aggregate,30.6178
FEN1,Brain_Cerebellum,28.4171
FEN1,Small_Intestine_Terminal_Ileum_Mixed_Cell,27.8803
FEN1,Colon_Transverse_Mixed_Cell,20.9942
FEN1,Spleen,20.7551
FEN1,Esophagus_Mucosa,19.4108
FEN1,Brain_Frontal_Cortex_BA9,17.302
FEN1,Colon_Transverse_Mucosa,16.3913
FTH1,Whole_Blood,76.1395
FTH1,Lung,65.839
FTH1,Nerve_Tibial,38.1898
FTH1,Adipose_Visceral_Omentum,31.5241
FTH1,Spleen,23.3457
FTH1,Bladder,17.8228
FTH1,Fallopian_Tube,16.2565
FTH1,Artery_Aorta,15.9925
FTH1,Brain_Spinal_cord_cervical_c-1,15.3563
FTH1,Artery_Coronary,15.2743
FTH1,Cells_Cultured_fibroblasts,15.2699
FTH1,Stomach_Muscularis,13.6563
GANAB,Cells_Cultured_fibroblasts,517.083
GANAB,Ovary,264.579
GANAB,Cervix_Endocervix,252.167
GANAB,Uterus,246.824
GANAB,Fallopian_Tube,226.008
GANAB,Thyroid,223.561
GANAB,Artery_Aorta,208.902
GANAB,Nerve_Tibial,201.286
GANAB,Lung,190.59
GANAB,Artery_Coronary,187.679
GANAB,Cervix_Ectocervix,183.644
GANAB,Spleen,181.974
CHRM1,Brain_Cortex,51.4236
CHRM1,Brain_Frontal_Cortex_BA9,50.6769
CHRM1,Brain_Nucleus_accumbens_basal_ganglia,38.673
CHRM1,Brain_Anterior_cingulate_cortex_BA24,27.7249
CHRM1,Prostate,26.3581
CHRM1,Brain_Caudate_basal_ganglia,25.7884
CHRM1,Brain_Putamen_basal_ganglia,22.1371
CHRM1,Brain_Hippocampus,19.7209
CHRM1,Minor_Salivary_Gland,17.81
CHRM1,Brain_Amygdala,14.7898
CHRM1,Skin_Sun_Exposed_Lower_leg,4.06656
CHRM1,Skin_Not_Sun_Exposed_Suprapubic,3.00903
SLC22A6,Kidney_Cortex,113.27
SLC22A6,Brain_Substantia_nigra,4.77845
SLC22A6,Kidney_Medulla,4.76659
SLC22A6,Brain_Hypothalamus,3.87847
SLC22A6,Brain_Nucleus_accumbens_basal_ganglia,3.00022
SLC22A6,Brain_Caudate_basal_ganglia,2.7443
SLC22A6,Brain_Putamen_basal_ganglia,1.91477
SLC22A6,Brain_Anterior_cingulate_cortex_BA24,1.73687
SLC22A6,Brain_Spinal_cord_cervical_c-1,1.65227
SLC22A6,Brain_Amygdala,1.61383
SLC22A6,Brain_Cortex,1.38737
SLC22A6,Brain_Frontal_Cortex_BA9,1.09097
SLC22A8,Kidney_Cortex,101.3
SLC22A8,Kidney_Medulla,4.8071
SLC22A8,Brain_Spinal_cord_cervical_c-1,0.125035
SLC22A8,Stomach_Mucosa,0.102807
SLC22A8,Brain_Cortex,0.084641
SLC22A8,Stomach_Mixed_Cell,0.064672
SLC22A8,Brain_Hippocampus,0.062529
SLC22A8,Brain_Anterior_cingulate_cortex_BA24,0.055619
SLC22A8,Brain_Cerebellum,0.052798
SLC22A8,Brain_Frontal_Cortex_BA9,0.051339
SLC22A8,Stomach,0.045075
SLC22A8,Brain_Hypothalamus,0.042046
PLAAT5,Testis,110.284
PLAAT5,Adipose_Subcutaneous,25.5395
PLAAT5,Adipose_Visceral_Omentum,22.4029
PLAAT5,Breast_Mammary_Tissue,18.4095
PLAAT5,Nerve_Tibial,16.31
PLAAT5,Brain_Spinal_cord_cervical_c-1,12.2014
PLAAT5,Esophagus_Gastroesophageal_Junction,6.36317
PLAAT5,Esophagus_Muscularis,5.62554
PLAAT5,Colon_Transverse_Muscularis,5.4999
PLAAT5,Pancreas_Acini,5.48871
PLAAT5,Pancreas,5.37345
PLAAT5,Pancreas_Mixed_Cell,5.34468
PLAAT4,Lung,45.6652
PLAAT4,Small_Intestine_Terminal_Ileum_Lymphoid_Aggregate,36.7886
PLAAT4,Kidney_Cortex,32.6061
PLAAT4,Small_Intestine_Terminal_Ileum_Mixed_Cell,30.5406
PLAAT4,Small_Intestine_Terminal_Ileum,28.7496
PLAAT4,Kidney_Medulla,26.2278
PLAAT4,Spleen,25.2387
PLAAT4,Fallopian_Tube,23.2438
PLAAT4,Ovary,23.006
PLAAT4,Liver_Portal_Tract,22.1534
PLAAT4,Prostate,21.2918
PLAAT4,Liver_Mixed_Cell,20.5383
PLAAT2,Colon_Transverse_Mixed_Cell,45.2513
PLAAT2,Colon_Transverse_Mucosa,33.0587
PLAAT2,Small_Intestine_Terminal_Ileum_Mixed_Cell,24.9103
PLAAT2,Small_Intestine_Terminal_Ileum,13.3583
PLAAT2,Cells_EBV-transformed_lymphocytes,7.56835
PLAAT2,Stomach_Mixed_Cell,7.32676
PLAAT2,Stomach_Mucosa,6.97551
PLAAT2,Kidney_Cortex,5.33941
PLAAT2,Lung,4.22118
PLAAT2,Colon_Transverse_Muscularis,3.54725
PLAAT2,Colon_Transverse,2.89636
PLAAT2,Kidney_Medulla,2.87789
PLAAT3,Brain_Spinal_cord_cervical_c-1,279.766
PLAAT3,Adipose_Subcutaneous,169.088
PLAAT3,Nerve_Tibial,163.362
PLAAT3,Adipose_Visceral_Omentum,144.966
PLAAT3,Brain_Substantia_nigra,124.379
PLAAT3,Breast_Mammary_Tissue,121.329
PLAAT3,Brain_Hippocampus,85.3254
PLAAT3,Testis,84.9497
PLAAT3,Ovary,80.9254
PLAAT3,Brain_Amygdala,73.8101
PLAAT3,Brain_Putamen_basal_ganglia,71.0803
PLAAT3,Brain_Hypothalamus,64.5276
MARK2,Esophagus_Mucosa,46.3731
MARK2,Skin_Not_Sun_Exposed_Suprapubic,44.6296
MARK2,Skin_Sun_Exposed_Lower_leg,43.9244
MARK2,Whole_Blood,42.5231
MARK2,Vagina,33.483
MARK2,Spleen,30.7038
MARK2,Brain_Cerebellum,30.0589
MARK2,Prostate,28.1404
MARK2,Thyroid,27.7246
MARK2,Small_Intestine_Terminal_Ileum_Lymphoid_Aggregate,26.8047
MARK2,Minor_Salivary_Gland,26.8029
MARK2,Brain_Cerebellar_Hemisphere,26.5665
NAA40,Small_Intestine_Terminal_Ileum_Lymphoid_Aggregate,53.6189
NAA40,Pituitary,52.8584
NAA40,Brain_Cerebellum,45.7502
NAA40,Thyroid,45.3093
NAA40,Brain_Cerebellar_Hemisphere,44.6993
NAA40,Testis,37.4356
NAA40,Spleen,36.8571
NAA40,Pancreas_Islets,35.5949
NAA40,Kidney_Medulla,28.2764
NAA40,Cells_EBV-transformed_lymphocytes,27.7959
NAA40,Small_Intestine_Terminal_Ileum_Mixed_Cell,25.1557
NAA40,Small_Intestine_Terminal_Ileum,24.4443
BAD,Thyroid,58.8779
BAD,Stomach_Muscularis,56.0464
BAD,Brain_Frontal_Cortex_BA9,55.6915
BAD,Prostate,54.0171
BAD,Artery_Aorta,52.4949
BAD,Artery_Coronary,52.1221
BAD,Fallopian_Tube,51.9615
BAD,Cervix_Endocervix,51.9456
BAD,Brain_Anterior_cingulate_cortex_BA24,51.6423
BAD,Brain_Cortex,51.3982
BAD,Nerve_Tibial,50.5706
BAD,Stomach_Mixed_Cell,50.1563
ESRRA,Colon_Transverse_Mucosa,132.135
ESRRA,Colon_Transverse_Mixed_Cell,131.462
ESRRA,Muscle_Skeletal,110.72
ESRRA,Small_Intestine_Terminal_Ileum_Mixed_Cell,106.118
ESRRA,Heart_Left_Ventricle,78.506
ESRRA,Kidney_Medulla,73.5651
ESRRA,Stomach_Mixed_Cell,69.5554
ESRRA,Colon_Transverse,68.3346
ESRRA,Small_Intestine_Terminal_Ileum,68.1618
ESRRA,Esophagus_Mucosa,67.342
ESRRA,Heart_Atrial_Appendage,65.3966
ESRRA,Stomach_Mucosa,64.3305
RPS6KA4,Brain_Cerebellum,131.913
RPS6KA4,Brain_Cerebellar_Hemisphere,126.663
RPS6KA4,Spleen,54.341
RPS6KA4,Esophagus_Mucosa,51.6681
RPS6KA4,Cells_Cultured_fibroblasts,50.2569
RPS6KA4,Small_Intestine_Terminal_Ileum_Lymphoid_Aggregate,46.9691
RPS6KA4,Skin_Sun_Exposed_Lower_leg,44.0051
RPS6KA4,Skin_Not_Sun_Exposed_Suprapubic,42.5867
RPS6KA4,Lung,42.528
RPS6KA4,Liver_Portal_Tract,42.4205
RPS6KA4,Cervix_Endocervix,41.1426
RPS6KA4,Small_Intestine_Terminal_Ileum_Mixed_Cell,40.9744
SLC22A12,Kidney_Cortex,56.6766
SLC22A12,Kidney_Medulla,8.16049
SLC22A12,Testis,0.138734
SLC22A12,Brain_Cerebellum,0.127449
SLC22A12,Adipose_Visceral_Omentum,0.110395
SLC22A12,Adipose_Subcutaneous,0.106697
SLC22A12,Brain_Cerebellar_Hemisphere,0.09568
SLC22A12,Breast_Mammary_Tissue,0.056883
SLC22A12,Small_Intestine_Terminal_Ileum_Lymphoid_Aggregate,0.050677
SLC22A12,Liver,0.028854
SLC22A12,Colon_Transverse_Muscularis,0.022618
SLC22A12,Ovary,0.021156
MAP4K2,Small_Intestine_Terminal_Ileum_Lymphoid_Aggregate,64.8411
MAP4K2,Brain_Cerebellar_Hemisphere,43.932
MAP4K2,Brain_Cerebellum,42.2015
MAP4K2,Spleen,39.5906
MAP4K2,Cells_EBV-transformed_lymphocytes,37.4877
MAP4K2,Lung,24.3708
MAP4K2,Small_Intestine_Terminal_Ileum_Mixed_Cell,24.1085
MAP4K2,Whole_Blood,21.3694
MAP4K2,Thyroid,18.5852
MAP4K2,Brain_Frontal_Cortex_BA9,17.4377
MAP4K2,Brain_Cortex,16.7682
MAP4K2,Small_Intestine_Terminal_Ileum,13.8663
CAPN1,Esophagus_Mucosa,342.911
CAPN1,Vagina,196.46
CAPN1,Cervix_Ectocervix,172.156
CAPN1,Skin_Not_Sun_Exposed_Suprapubic,157.161
CAPN1,Skin_Sun_Exposed_Lower_leg,154.714
CAPN1,Thyroid,144.79
CAPN1,Minor_Salivary_Gland,140.933
CAPN1,Cells_Cultured_fibroblasts,115.708
CAPN1,Prostate,115.461
CAPN1,Colon_Transverse_Mixed_Cell,114.256
CAPN1,Bladder,112.537
CAPN1,Lung,108.459
MAP3K11,Nerve_Tibial,140.923
MAP3K11,Spleen,105.761
MAP3K11,Whole_Blood,105.181
MAP3K11,Lung,96.2764
MAP3K11,Liver_Portal_Tract,80.4708
MAP3K11,Adipose_Subcutaneous,67.2399
MAP3K11,Thyroid,67.0462
MAP3K11,Small_Intestine_Terminal_Ileum,66.0357
MAP3K11,Breast_Mammary_Tissue,62.7917
MAP3K11,Small_Intestine_Terminal_Ileum_Lymphoid_Aggregate,61.6769
MAP3K11,Adipose_Visceral_Omentum,60.8183
MAP3K11,Small_Intestine_Terminal_Ileum_Mixed_Cell,58.8112
RELA,Artery_Tibial,104.574
RELA,Artery_Aorta,97.3664
RELA,Uterus,95.193
RELA,Lung,88.8703
RELA,Nerve_Tibial,87.0432
RELA,Ovary,86.9551
RELA,Cervix_Endocervix,85.1196
RELA,Fallopian_Tube,83.1441
RELA,Artery_Coronary,79.928
RELA,Adipose_Subcutaneous,77.7758
RELA,Vagina,76.9671
RELA,Breast_Mammary_Tissue,74.7371
KAT5,Uterus,66.5112
KAT5,Cervix_Endocervix,59.4726
KAT5,Fallopian_Tube,58.6614
KAT5,Artery_Tibial,58.6549
KAT5,Ovary,52.4933
KAT5,Thyroid,50.152
KAT5,Nerve_Tibial,49.7519
KAT5,Bladder,48.9269
KAT5,Testis,48.5388
KAT5,Brain_Cerebellar_Hemisphere,48.0429
KAT5,Artery_Aorta,46.7237
KAT5,Colon_Sigmoid,46.5121
DPP3,Cells_EBV-transformed_lymphocytes,65.891
DPP3,Cells_Cultured_fibroblasts,42.4122
DPP3,Colon_Transverse_Mixed_Cell,35.8912
DPP3,Colon_Transverse_Mucosa,32.3973
DPP3,Esophagus_Mucosa,28.4624
DPP3,Small_Intestine_Terminal_Ileum_Mixed_Cell,26.8807
DPP3,Small_Intestine_Terminal_Ileum,24.3025
DPP3,Colon_Transverse,23.6269
DPP3,Spleen,23.3581
DPP3,Minor_Salivary_Gland,23.1293
DPP3,Prostate,22.9661
DPP3,Lung,22.9437
PC,Liver_Mixed_Cell,129.725
PC,Liver_Hepatocyte,123.31
PC,Liver,92.0933
PC,Adipose_Subcutaneous,40.6874
PC,Brain_Cerebellum,40.1884
PC,Brain_Cerebellar_Hemisphere,37.9527
PC,Adipose_Visceral_Omentum,34.8581
PC,Liver_Portal_Tract,34.0724
PC,Brain_Cortex,33.5438
PC,Brain_Frontal_Cortex_BA9,32.2654
PC,Nerve_Tibial,31.1327
PC,Brain_Nucleus_accumbens_basal_ganglia,29.7076
KDM2A,Testis,73.6275
KDM2A,Uterus,71.1708
KDM2A,Small_Intestine_Terminal_Ileum_Lymphoid_Aggregate,69.4899
KDM2A,Spleen,64.0773
KDM2A,Cervix_Endocervix,61.8885
KDM2A,Brain_Cerebellum,61.4847
KDM2A,Brain_Cerebellar_Hemisphere,57.6682
KDM2A,Skin_Sun_Exposed_Lower_leg,56.5169
KDM2A,Ovary,54.8589
KDM2A,Lung,54.1888
KDM2A,Vagina,53.7539
KDM2A,Skin_Not_Sun_Exposed_Suprapubic,53.422
GRK2,Small_Intestine_Terminal_Ileum_Lymphoid_Aggregate,543.544
GRK2,Whole_Blood,473.493
GRK2,Spleen,432.048
GRK2,Small_Intestine_Terminal_Ileum_Mixed_Cell,279.341
GRK2,Cells_EBV-transformed_lymphocytes,255.305
GRK2,Brain_Cerebellum,224.214
GRK2,Brain_Cerebellar_Hemisphere,219.249
GRK2,Liver_Portal_Tract,194.668
GRK2,Lung,172.47
GRK2,Small_Intestine_Terminal_Ileum,149.827
GRK2,Prostate,144.634
GRK2,Skin_Sun_Exposed_Lower_leg,141.48
PPP1CA,Cells_EBV-transformed_lymphocytes,273.541
PPP1CA,Whole_Blood,204.052
PPP1CA,Spleen,195.011
PPP1CA,Esophagus_Mucosa,185.029
PPP1CA,Cells_Cultured_fibroblasts,172.41
PPP1CA,Small_Intestine_Terminal_Ileum_Lymphoid_Aggregate,170.21
PPP1CA,Thyroid,148.922
PPP1CA,Small_Intestine_Terminal_Ileum,128.573
PPP1CA,Skin_Sun_Exposed_Lower_leg,128.512
PPP1CA,Small_Intestine_Terminal_Ileum_Mixed_Cell,127.831
PPP1CA,Lung,123.423
PPP1CA,Skin_Not_Sun_Exposed_Suprapubic,122.526
GSTP1,Esophagus_Mucosa,2791.34
GSTP1,Vagina,1675.98
GSTP1,Cervix_Ectocervix,1388.08
GSTP1,Thyroid,1209.74
GSTP1,Skin_Not_Sun_Exposed_Suprapubic,1076.39
GSTP1,Cells_EBV-transformed_lymphocytes,1059.59
GSTP1,Artery_Aorta,1039.41
GSTP1,Skin_Sun_Exposed_Lower_leg,1022.31
GSTP1,Lung,960.07
GSTP1,Cells_Cultured_fibroblasts,935.619
GSTP1,Fallopian_Tube,852.64
GSTP1,Kidney_Medulla,832.16
CPT1A,Artery_Aorta,55.2888
CPT1A,Colon_Transverse_Mixed_Cell,55.116
CPT1A,Colon_Transverse,54.5591
CPT1A,Colon_Transverse_Mucosa,52.674
CPT1A,Uterus,52.0037
CPT1A,Esophagus_Muscularis,51.8358
CPT1A,Colon_Sigmoid,49.7213
CPT1A,Fallopian_Tube,47.5602
CPT1A,Esophagus_Gastroesophageal_Junction,46.9672
CPT1A,Artery_Coronary,46.3319
CPT1A,Spleen,44.0596
CPT1A,Nerve_Tibial,43.8598
DHCR7,Liver_Hepatocyte,63.5477
DHCR7,Liver_Mixed_Cell,61.1188
DHCR7,Skin_Sun_Exposed_Lower_leg,57.3861
DHCR7,Skin_Not_Sun_Exposed_Suprapubic,50.0627
DHCR7,Liver,48.1062
DHCR7,Ovary,47.7093
DHCR7,Adrenal_Gland,45.8621
DHCR7,Cells_EBV-transformed_lymphocytes,38.3245
DHCR7,Brain_Spinal_cord_cervical_c-1,33.7087
DHCR7,Liver_Portal_Tract,33.286
DHCR7,Esophagus_Mucosa,27.2754
DHCR7,Testis,24.7469
FOLR1,Lung,114.183
FOLR1,Minor_Salivary_Gland,80.9781
FOLR1,Kidney_Medulla,53.5417
FOLR1,Kidney_Cortex,51.165
FOLR1,Thyroid,34.8527
FOLR1,Stomach_Mucosa,11.6249
FOLR1,Stomach,10.7652
FOLR1,Stomach_Mixed_Cell,9.90431
FOLR1,Liver_Portal_Tract,9.83226
FOLR1,Pituitary,7.38397
FOLR1,Fallopian_Tube,6.03249
FOLR1,Breast_Mammary_Tissue,2.17109
FOLR2,Adipose_Visceral_Omentum,71.7836
FOLR2,Adipose_Subcutaneous,69.0094
FOLR2,Artery_Aorta,42.8713
FOLR2,Artery_Coronary,37.6956
FOLR2,Spleen,33.2742
FOLR2,Lung,28.5152
FOLR2,Nerve_Tibial,27.8712
FOLR2,Esophagus_Gastroesophageal_Junction,24.4568
FOLR2,Esophagus_Muscularis,24.4444
FOLR2,Small_Intestine_Terminal_Ileum_Mixed_Cell,23.634
FOLR2,Breast_Mammary_Tissue,23.4512
FOLR2,Small_Intestine_Terminal_Ileum_Lymphoid_Aggregate,23.2821
INPPL1,Thyroid,139.234
INPPL1,Colon_Sigmoid,139.001
INPPL1,Colon_Transverse_Muscularis,133.866
INPPL1,Fallopian_Tube,132.891
INPPL1,Cervix_Endocervix,130.922
INPPL1,Ovary,129.592
INPPL1,Uterus,127.216
INPPL1,Prostate,123.287
INPPL1,Small_Intestine_Terminal_Ileum_Lymphoid_Aggregate,122.796
INPPL1,Esophagus_Gastroesophageal_Junction,114.154
INPPL1,Esophagus_Muscularis,113.61
INPPL1,Lung,112.114
PDE2A,Spleen,198.364
PDE2A,Brain_Cortex,91.2016
PDE2A,Adipose_Subcutaneous,86.0254
PDE2A,Brain_Frontal_Cortex_BA9,78.0646
PDE2A,Breast_Mammary_Tissue,73.3378
PDE2A,Adipose_Visceral_Omentum,71.2937
PDE2A,Brain_Anterior_cingulate_cortex_BA24,69.0069
PDE2A,Brain_Nucleus_accumbens_basal_ganglia,53.6815
PDE2A,Uterus,48.8176
PDE2A,Brain_Amygdala,47.0967
PDE2A,Brain_Caudate_basal_ganglia,43.1358
PDE2A,Cervix_Endocervix,40.5668
P2RY2,Esophagus_Mucosa,27.0826
P2RY2,Vagina,21.2252
P2RY2,Muscle_Skeletal,19.2898
P2RY2,Thyroid,14.1666
P2RY2,Cervix_Ectocervix,13.9807
P2RY2,Skin_Not_Sun_Exposed_Suprapubic,5.07995
P2RY2,Nerve_Tibial,4.28444
P2RY2,Lung,4.23181
P2RY2,Spleen,4.14849
P2RY2,Skin_Sun_Exposed_Lower_leg,3.94068
P2RY2,Whole_Blood,3.88704
P2RY2,Small_Intestine_Terminal_Ileum_Mixed_Cell,3.84716
P2RY6,Spleen,21.1601
P2RY6,Liver_Portal_Tract,2.75283
P2RY6,Artery_Coronary,2.75082
P2RY6,Artery_Aorta,2.21307
P2RY6,Kidney_Medulla,2.13968
P2RY6,Thyroid,1.85058
P2RY6,Kidney_Cortex,1.74178
P2RY6,Lung,1.28138
P2RY6,Small_Intestine_Terminal_Ileum,1.27575
P2RY6,Small_Intestine_Terminal_Ileum_Mixed_Cell,1.18362
P2RY6,Colon_Transverse_Mixed_Cell,1.0965
P2RY6,Adipose_Visceral_Omentum,1.06282
SLCO2B1,Liver_Hepatocyte,111.715
SLCO2B1,Liver_Mixed_Cell,111.71
SLCO2B1,Liver,96.1667
SLCO2B1,Spleen,82.8439
SLCO2B1,Lung,81.2439
SLCO2B1,Liver_Portal_Tract,67.4113
SLCO2B1,Small_Intestine_Terminal_Ileum,61.32
SLCO2B1,Small_Intestine_Terminal_Ileum_Mixed_Cell,60.8655
SLCO2B1,Small_Intestine_Terminal_Ileum_Lymphoid_Aggregate,54.5234
SLCO2B1,Nerve_Tibial,50.714
SLCO2B1,Adrenal_Gland,40.1236
SLCO2B1,Adipose_Subcutaneous,38.9367
PAK1,Brain_Frontal_Cortex_BA9,172.324
PAK1,Brain_Cerebellar_Hemisphere,171.63
PAK1,Brain_Cerebellum,147.032
PAK1,Brain_Cortex,125.08
PAK1,Cells_EBV-transformed_lymphocytes,123.064
PAK1,Whole_Blood,106.078
PAK1,Brain_Anterior_cingulate_cortex_BA24,78.7756
PAK1,Testis,61.2154
PAK1,Colon_Transverse_Mixed_Cell,57.6838
PAK1,Thyroid,54.2144
PAK1,Colon_Transverse_Mucosa,53.3118
PAK1,Ovary,45.4786
EED,Cells_EBV-transformed_lymphocytes,49.0991
EED,Small_Intestine_Terminal_Ileum_Lymphoid_Aggregate,22.6229
EED,Brain_Cerebellar_Hemisphere,16.7161
EED,Cervix_Endocervix,15.9925
EED,Uterus,15.7053
EED,Ovary,15.628
EED,Brain_Cerebellum,14.9187
EED,Spleen,14.2938
EED,Cervix_Ectocervix,14.2357
EED,Liver_Portal_Tract,14.2103
EED,Fallopian_Tube,13.8471
EED,Vagina,13.6527
ME3,Ovary,61.9669
ME3,Cervix_Endocervix,56.549
ME3,Pituitary,47.684
ME3,Uterus,46.2393
ME3,Kidney_Medulla,43.9544
ME3,Cervix_Ectocervix,43.712
ME3,Prostate,42.0661
ME3,Brain_Cerebellum,37.4317
ME3,Fallopian_Tube,36.4206
ME3,Breast_Mammary_Tissue,35.9144
ME3,Bladder,34.0
ME3,Brain_Cerebellar_Hemisphere,33.7792
CTSC,Cells_Cultured_fibroblasts,61.7228
CTSC,Lung,37.7509
CTSC,Spleen,37.4357
CTSC,Cells_EBV-transformed_lymphocytes,35.9977
CTSC,Whole_Blood,24.4332
CTSC,Adipose_Visceral_Omentum,22.9841
CTSC,Small_Intestine_Terminal_Ileum_Mixed_Cell,20.6715
CTSC,Small_Intestine_Terminal_Ileum_Lymphoid_Aggregate,19.1825
CTSC,Colon_Transverse_Mixed_Cell,18.1304
CTSC,Adipose_Subcutaneous,17.12
CTSC,Small_Intestine_Terminal_Ileum,15.8479
CTSC,Artery_Coronary,14.6183
GRM5,Testis,2.66286
GRM5,Brain_Frontal_Cortex_BA9,2.2423
GRM5,Brain_Cortex,1.59269
GRM5,Brain_Nucleus_accumbens_basal_ganglia,1.59086
GRM5,Brain_Anterior_cingulate_cortex_BA24,1.29183
GRM5,Brain_Hypothalamus,0.768128
GRM5,Brain_Caudate_basal_ganglia,0.705705
GRM5,Brain_Amygdala,0.658943
GRM5,Brain_Hippocampus,0.613069
GRM5,Brain_Cerebellum,0.561085
GRM5,Brain_Putamen_basal_ganglia,0.456841
GRM5,Brain_Substantia_nigra,0.433417
TYR,Skin_Sun_Exposed_Lower_leg,9.28209
TYR,Skin_Not_Sun_Exposed_Suprapubic,8.04465
TYR,Artery_Aorta,0.17958
TYR,Testis,0.140497
TYR,Minor_Salivary_Gland,0.085081
TYR,Artery_Coronary,0.062092
TYR,Artery_Tibial,0.060283
TYR,Nerve_Tibial,0.030406
TYR,Adipose_Subcutaneous,0.0242
TYR,Brain_Spinal_cord_cervical_c-1,0.022968
TYR,Uterus,0.016118
TYR,Liver_Portal_Tract,0.014441
NOX4,Artery_Aorta,40.0422
NOX4,Artery_Tibial,17.5872
NOX4,Kidney_Cortex,15.3953
NOX4,Artery_Coronary,13.2335
NOX4,Adipose_Subcutaneous,7.61679
NOX4,Nerve_Tibial,6.56516
NOX4,Uterus,4.24945
NOX4,Breast_Mammary_Tissue,3.12733
NOX4,Heart_Atrial_Appendage,2.80918
NOX4,Adipose_Visceral_Omentum,2.55166
NOX4,Minor_Salivary_Gland,2.54047
NOX4,Thyroid,2.12848
NAALAD2,Pituitary,33.6573
NAALAD2,Testis,27.2383
NAALAD2,Cervix_Endocervix,16.5658
NAALAD2,Ovary,13.1563
NAALAD2,Adrenal_Gland,11.5419
NAALAD2,Uterus,10.9928
NAALAD2,Nerve_Tibial,9.39948
NAALAD2,Cervix_Ectocervix,7.93974
NAALAD2,Brain_Hypothalamus,7.45453
NAALAD2,Fallopian_Tube,7.01219
NAALAD2,Brain_Nucleus_accumbens_basal_ganglia,6.20482
NAALAD2,Brain_Cortex,6.1488
MTNR1B,Testis,0.644933
MTNR1B,Pancreas_Islets,0.17491
MTNR1B,Brain_Nucleus_accumbens_basal_ganglia,0.13619
MTNR1B,Brain_Caudate_basal_ganglia,0.038672
MTNR1B,Brain_Hypothalamus,0.031631
MTNR1B,Liver_Portal_Tract,0.018492
MTNR1B,Colon_Transverse_Mucosa,0.013462
MTNR1B,Brain_Amygdala,0.011616
FUT4,Liver_Portal_Tract,11.0546
FUT4,Colon_Transverse_Mucosa,11.034
FUT4,Small_Intestine_Terminal_Ileum_Mixed_Cell,10.8603
FUT4,Colon_Transverse_Mixed_Cell,10.3202
FUT4,Small_Intestine_Terminal_Ileum,8.97549
FUT4,Cells_Cultured_fibroblasts,7.64911
FUT4,Small_Intestine_Terminal_Ileum_Lymphoid_Aggregate,7.60092
FUT4,Colon_Transverse,6.99721
FUT4,Stomach_Mixed_Cell,6.22466
FUT4,Artery_Aorta,5.97738
FUT4,Spleen,5.82912
FUT4,Stomach,5.71908
KDM4D,Testis,61.6253
KDM4D,Cells_EBV-transformed_lymphocytes,2.93871
KDM4D,Brain_Cerebellar_Hemisphere,1.80374
KDM4D,Cells_Cultured_fibroblasts,1.73303
KDM4D,Brain_Cerebellum,1.69689
KDM4D,Nerve_Tibial,1.39213
KDM4D,Fallopian_Tube,1.2284
KDM4D,Cervix_Endocervix,1.18693
KDM4D,Ovary,1.17238
KDM4D,Adrenal_Gland,1.12315
KDM4D,Breast_Mammary_Tissue,1.10316
KDM4D,Pituitary,1.08328
KDM4E,Testis,0.668076
KDM4E,Thyroid,0.2603
KDM4E,Nerve_Tibial,0.236033
KDM4E,Pituitary,0.235664
KDM4E,Minor_Salivary_Gland,0.22515
KDM4E,Spleen,0.220452
KDM4E,Prostate,0.186886
KDM4E,Cervix_Ectocervix,0.17578
KDM4E,Pancreas_Islets,0.167503
KDM4E,Ovary,0.159438
KDM4E,Kidney_Medulla,0.148653
KDM4E,Fallopian_Tube,0.146214
PGR,Cervix_Endocervix,121.056
PGR,Uterus,89.553
PGR,Fallopian_Tube,65.1755
PGR,Cervix_Ectocervix,47.4929
PGR,Vagina,21.3356
PGR,Ovary,21.0863
PGR,Artery_Aorta,15.5029
PGR,Artery_Tibial,15.333
PGR,Artery_Coronary,10.4171
PGR,Prostate,6.15746
PGR,Colon_Sigmoid,5.54741
PGR,Esophagus_Muscularis,4.50767
TRPC6,Lung,24.6201
TRPC6,Esophagus_Muscularis,19.8603
TRPC6,Thyroid,12.3118
TRPC6,Esophagus_Gastroesophageal_Junction,10.073
TRPC6,Adipose_Subcutaneous,8.08646
TRPC6,Cervix_Endocervix,6.86311
TRPC6,Breast_Mammary_Tissue,6.51064
TRPC6,Cervix_Ectocervix,5.98656
TRPC6,Colon_Transverse_Muscularis,5.8714
TRPC6,Uterus,5.32076
TRPC6,Colon_Sigmoid,5.25878
TRPC6,Adipose_Visceral_Omentum,4.70096
MMP7,Minor_Salivary_Gland,260.662
MMP7,Kidney_Cortex,90.3399
MMP7,Liver_Portal_Tract,86.5576
MMP7,Kidney_Medulla,49.3399
MMP7,Skin_Sun_Exposed_Lower_leg,41.4468
MMP7,Pancreas_Mixed_Cell,36.066
MMP7,Pancreas,34.3354
MMP7,Skin_Not_Sun_Exposed_Suprapubic,32.5634
MMP7,Prostate,23.163
MMP7,Breast_Mammary_Tissue,21.1173
MMP7,Uterus,18.2688
MMP7,Cells_EBV-transformed_lymphocytes,17.8967
MMP8,Whole_Blood,80.3007
MMP8,Spleen,10.3164
MMP8,Lung,2.85367
MMP8,Adipose_Visceral_Omentum,0.327271
MMP8,Adipose_Subcutaneous,0.313046
MMP8,Liver_Mixed_Cell,0.167007
MMP8,Cells_Cultured_fibroblasts,0.155467
MMP8,Testis,0.141811
MMP8,Liver,0.136122
MMP8,Breast_Mammary_Tissue,0.120714
MMP8,Thyroid,0.120439
MMP8,Artery_Coronary,0.111242
MMP1,Cells_Cultured_fibroblasts,55.3204
MMP1,Stomach_Mucosa,13.2342
MMP1,Stomach_Mixed_Cell,12.7973
MMP1,Liver_Portal_Tract,12.1799
MMP1,Stomach,7.98541
MMP1,Small_Intestine_Terminal_Ileum_Lymphoid_Aggregate,3.63937
MMP1,Small_Intestine_Terminal_Ileum_Mixed_Cell,3.58486
MMP1,Spleen,2.61239
MMP1,Small_Intestine_Terminal_Ileum,1.93728
MMP1,Lung,1.91199
MMP1,Stomach_Muscularis,0.864921
MMP1,Colon_Transverse_Mucosa,0.809436
MMP3,Minor_Salivary_Gland,177.782
MMP3,Cells_Cultured_fibroblasts,111.658
MMP3,Nerve_Tibial,44.3812
MMP3,Breast_Mammary_Tissue,14.228
MMP3,Skin_Sun_Exposed_Lower_leg,13.0376
MMP3,Adipose_Subcutaneous,8.42978
MMP3,Colon_Transverse_Muscularis,8.22115
MMP3,Muscle_Skeletal,4.99768
MMP3,Stomach_Muscularis,3.89059
MMP3,Stomach_Mixed_Cell,3.28601
MMP3,Colon_Transverse_Mixed_Cell,2.4528
MMP3,Colon_Sigmoid,2.22478
MMP12,Small_Intestine_Terminal_Ileum_Lymphoid_Aggregate,15.1664
MMP12,Small_Intestine_Terminal_Ileum_Mixed_Cell,10.9306
MMP12,Small_Intestine_Terminal_Ileum,4.00017
MMP12,Colon_Transverse_Mixed_Cell,3.82486
MMP12,Colon_Transverse_Mucosa,2.81628
MMP12,Colon_Transverse,1.60445
MMP12,Spleen,1.35529
MMP12,Cells_EBV-transformed_lymphocytes,1.11403
MMP12,Colon_Transverse_Muscularis,0.872495
MMP12,Kidney_Cortex,0.7305
MMP12,Minor_Salivary_Gland,0.585406
MMP12,Colon_Sigmoid,0.40304
MMP13,Pituitary,0.681144
MMP13,Skin_Sun_Exposed_Lower_leg,0.151434
MMP13,Testis,0.148757
MMP13,Small_Intestine_Terminal_Ileum_Lymphoid_Aggregate,0.10715
MMP13,Vagina,0.07841
MMP13,Skin_Not_Sun_Exposed_Suprapubic,0.070833
MMP13,Bladder,0.05966
MMP13,Small_Intestine_Terminal_Ileum_Mixed_Cell,0.045806
MMP13,Minor_Salivary_Gland,0.041819
MMP13,Prostate,0.036339
MMP13,Adipose_Subcutaneous,0.03588
MMP13,Small_Intestine_Terminal_Ileum,0.035758
CASP4,Whole_Blood,254.298
CASP4,Lung,120.795
CASP4,Spleen,119.542
CASP4,Cells_Cultured_fibroblasts,108.948
CASP4,Small_Intestine_Terminal_Ileum_Lymphoid_Aggregate,95.1382
CASP4,Liver_Portal_Tract,82.7805
CASP4,Adipose_Visceral_Omentum,81.9885
CASP4,Cells_EBV-transformed_lymphocytes,77.9584
CASP4,Adipose_Subcutaneous,75.8424
CASP4,Esophagus_Mucosa,72.9348
CASP4,Breast_Mammary_Tissue,71.4204
CASP4,Skin_Not_Sun_Exposed_Suprapubic,70.455
CASP5,Colon_Transverse_Mixed_Cell,14.0259
CASP5,Colon_Transverse_Mucosa,11.4956
CASP5,Whole_Blood,10.2506
CASP5,Small_Intestine_Terminal_Ileum_Mixed_Cell,7.5131
CASP5,Small_Intestine_Terminal_Ileum,5.91146
CASP5,Colon_Transverse,4.08062
CASP5,Spleen,3.71338
CASP5,Lung,1.74126
CASP5,Colon_Transverse_Muscularis,1.34305
CASP5,Liver_Portal_Tract,1.14225
CASP5,Small_Intestine_Terminal_Ileum_Lymphoid_Aggregate,0.640081
CASP5,Adipose_Visceral_Omentum,0.274162
CASP1,Whole_Blood,106.57
CASP1,Spleen,89.5031
CASP1,Small_Intestine_Terminal_Ileum_Mixed_Cell,60.3865
CASP1,Small_Intestine_Terminal_Ileum,54.84
CASP1,Lung,51.0133
CASP1,Small_Intestine_Terminal_Ileum_Lymphoid_Aggregate,47.9017
CASP1,Liver_Portal_Tract,44.8752
CASP1,Colon_Transverse_Mixed_Cell,33.5242
CASP1,Colon_Transverse_Mucosa,31.0217
CASP1,Colon_Transverse,22.4472
CASP1,Skin_Not_Sun_Exposed_Suprapubic,20.5732
CASP1,Vagina,20.2883
GRIA4,Brain_Cerebellar_Hemisphere,57.1916
GRIA4,Brain_Cerebellum,44.6925
GRIA4,Brain_Frontal_Cortex_BA9,17.4826
GRIA4,Brain_Hypothalamus,14.0996
GRIA4,Brain_Spinal_cord_cervical_c-1,12.2815
GRIA4,Brain_Anterior_cingulate_cortex_BA24,11.635
GRIA4,Brain_Cortex,11.0997
GRIA4,Brain_Substantia_nigra,8.77408
GRIA4,Brain_Amygdala,7.03077
GRIA4,Pancreas_Islets,6.35544
GRIA4,Brain_Hippocampus,5.87106
GRIA4,Brain_Nucleus_accumbens_basal_ganglia,5.44472
ATM,Small_Intestine_Terminal_Ileum_Lymphoid_Aggregate,34.4433
ATM,Cells_EBV-transformed_lymphocytes,21.1152
ATM,Ovary,18.0918
ATM,Spleen,17.917
ATM,Cells_Cultured_fibroblasts,15.2671
ATM,Pituitary,14.8809
ATM,Small_Intestine_Terminal_Ileum_Mixed_Cell,14.6464
ATM,Nerve_Tibial,13.3539
ATM,Cervix_Endocervix,12.3465
ATM,Uterus,12.1907
ATM,Brain_Cerebellum,11.9086
ATM,Brain_Cerebellar_Hemisphere,11.7014
SIK2,Adipose_Subcutaneous,53.1935
SIK2,Adipose_Visceral_Omentum,41.8424
SIK2,Breast_Mammary_Tissue,35.3395
SIK2,Pituitary,35.1644
SIK2,Ovary,30.6462
SIK2,Lung,27.8366
SIK2,Stomach_Mixed_Cell,26.5692
SIK2,Stomach,24.3532
SIK2,Pancreas_Islets,22.6551
SIK2,Stomach_Mucosa,22.2417
SIK2,Nerve_Tibial,22.1062
SIK2,Uterus,20.7182
CRYAB,Heart_Left_Ventricle,1492.93
CRYAB,Brain_Spinal_cord_cervical_c-1,1353.01
CRYAB,Heart_Atrial_Appendage,1251.12
CRYAB,Muscle_Skeletal,1168.94
CRYAB,Nerve_Tibial,917.172
CRYAB,Artery_Aorta,652.967
CRYAB,Artery_Tibial,607.982
CRYAB,Brain_Substantia_nigra,488.296
CRYAB,Artery_Coronary,430.0
CRYAB,Adipose_Subcutaneous,403.123
CRYAB,Kidney_Medulla,394.246
CRYAB,Kidney_Cortex,387.567
DLAT,Cells_EBV-transformed_lymphocytes,43.1655
DLAT,Muscle_Skeletal,39.8338
DLAT,Cells_Cultured_fibroblasts,34.1487
DLAT,Heart_Left_Ventricle,32.2662
DLAT,Esophagus_Mucosa,23.9444
DLAT,Heart_Atrial_Appendage,23.066
DLAT,Adipose_Subcutaneous,20.3373
DLAT,Colon_Transverse_Mixed_Cell,20.11
DLAT,Brain_Cerebellar_Hemisphere,19.348
DLAT,Colon_Transverse,18.9508
DLAT,Thyroid,18.8762
DLAT,Adipose_Visceral_Omentum,18.6348
DRD2,Pituitary,85.7562
DRD2,Brain_Nucleus_accumbens_basal_ganglia,54.6776
DRD2,Brain_Putamen_basal_ganglia,47.318
DRD2,Brain_Caudate_basal_ganglia,41.7555
DRD2,Minor_Salivary_Gland,11.9903
DRD2,Brain_Substantia_nigra,8.29562
DRD2,Brain_Hypothalamus,7.04777
DRD2,Nerve_Tibial,4.20555
DRD2,Cervix_Endocervix,1.89304
DRD2,Testis,1.79468
DRD2,Brain_Amygdala,1.73725
DRD2,Brain_Cortex,1.23273
HTR3A,Small_Intestine_Terminal_Ileum_Lymphoid_Aggregate,5.19197
HTR3A,Colon_Transverse_Muscularis,4.48938
HTR3A,Colon_Sigmoid,3.09844
HTR3A,Small_Intestine_Terminal_Ileum_Mixed_Cell,2.79157
HTR3A,Small_Intestine_Terminal_Ileum,2.4341
HTR3A,Brain_Caudate_basal_ganglia,2.21952
HTR3A,Minor_Salivary_Gland,1.82771
HTR3A,Colon_Transverse,1.61398
HTR3A,Stomach_Muscularis,1.58587
HTR3A,Brain_Nucleus_accumbens_basal_ganglia,1.47818
HTR3A,Brain_Hippocampus,1.07492
HTR3A,Esophagus_Muscularis,0.96167
NNMT,Liver_Mixed_Cell,1112.41
NNMT,Liver_Hepatocyte,686.38
NNMT,Liver,500.643
NNMT,Cells_Cultured_fibroblasts,428.626
NNMT,Artery_Tibial,352.225
NNMT,Liver_Portal_Tract,350.977
NNMT,Artery_Aorta,315.597
NNMT,Adipose_Visceral_Omentum,282.51
NNMT,Adipose_Subcutaneous,263.846
NNMT,Artery_Coronary,253.419
NNMT,Breast_Mammary_Tissue,221.262
NNMT,Nerve_Tibial,192.745
BACE1,Brain_Spinal_cord_cervical_c-1,139.606
BACE1,Pancreas_Acini,52.0351
BACE1,Pancreas,47.5145
BACE1,Pancreas_Mixed_Cell,44.1203
BACE1,Pancreas_Islets,40.4094
BACE1,Cells_Cultured_fibroblasts,39.8047
BACE1,Brain_Substantia_nigra,38.9469
BACE1,Brain_Cerebellar_Hemisphere,35.7364
BACE1,Artery_Aorta,34.0086
BACE1,Nerve_Tibial,32.8822
BACE1,Brain_Cerebellum,32.7353
BACE1,Ovary,31.91
KMT2A,Brain_Cerebellum,32.847
KMT2A,Brain_Cerebellar_Hemisphere,30.4635
KMT2A,Ovary,25.8711
KMT2A,Artery_Tibial,24.3767
KMT2A,Uterus,23.8866
KMT2A,Cells_EBV-transformed_lymphocytes,21.0354
KMT2A,Nerve_Tibial,20.8615
KMT2A,Artery_Aorta,20.391
KMT2A,Cervix_Endocervix,20.2398
KMT2A,Fallopian_Tube,19.3383
KMT2A,Small_Intestine_Terminal_Ileum_Lymphoid_Aggregate,18.511
KMT2A,Thyroid,18.0814
CXCR5,Small_Intestine_Terminal_Ileum_Lymphoid_Aggregate,45.9049
CXCR5,Spleen,21.5081
CXCR5,Small_Intestine_Terminal_Ileum_Mixed_Cell,17.4512
CXCR5,Whole_Blood,4.49407
CXCR5,Small_Intestine_Terminal_Ileum,4.02222
CXCR5,Cells_EBV-transformed_lymphocytes,2.73701
CXCR5,Liver_Portal_Tract,0.709523
CXCR5,Artery_Tibial,0.424919
CXCR5,Artery_Aorta,0.356324
CXCR5,Lung,0.322475
CXCR5,Artery_Coronary,0.320934
CXCR5,Colon_Transverse_Mucosa,0.268651
SLC37A4,Pancreas_Islets,113.571
SLC37A4,Liver_Mixed_Cell,89.6533
SLC37A4,Liver_Hepatocyte,80.9325
SLC37A4,Liver,74.7565
SLC37A4,Liver_Portal_Tract,58.8189
SLC37A4,Small_Intestine_Terminal_Ileum_Mixed_Cell,51.7492
SLC37A4,Colon_Transverse_Mucosa,42.0723
SLC37A4,Small_Intestine_Terminal_Ileum,41.6738
SLC37A4,Colon_Transverse_Mixed_Cell,35.8771
SLC37A4,Pancreas_Acini,34.9409
SLC37A4,Kidney_Cortex,34.1429
SLC37A4,Pancreas,32.1218
USP2,Testis,159.669
USP2,Muscle_Skeletal,77.9858
USP2,Brain_Cerebellum,43.3404
USP2,Brain_Cerebellar_Hemisphere,40.2433
USP2,Heart_Left_Ventricle,38.1011
USP2,Pituitary,28.3425
USP2,Pancreas_Islets,28.1362
USP2,Heart_Atrial_Appendage,28.0879
USP2,Brain_Cortex,21.1367
USP2,Brain_Nucleus_accumbens_basal_ganglia,19.7213
USP2,Brain_Caudate_basal_ganglia,19.1027
USP2,Stomach_Muscularis,18.304
GRIK4,Brain_Anterior_cingulate_cortex_BA24,5.47005
GRIK4,Brain_Hypothalamus,5.29369
GRIK4,Brain_Caudate_basal_ganglia,5.20243
GRIK4,Brain_Spinal_cord_cervical_c-1,4.84567
GRIK4,Brain_Cortex,4.57673
GRIK4,Brain_Putamen_basal_ganglia,4.54579
GRIK4,Brain_Frontal_Cortex_BA9,4.45661
GRIK4,Brain_Hippocampus,4.30761
GRIK4,Brain_Cerebellum,4.1648
GRIK4,Brain_Substantia_nigra,3.46737
GRIK4,Ovary,3.40375
GRIK4,Brain_Nucleus_accumbens_basal_ganglia,3.16106
HSPA8,Cells_EBV-transformed_lymphocytes,1414.83
HSPA8,Cells_Cultured_fibroblasts,1038.89
HSPA8,Brain_Cerebellar_Hemisphere,790.056
HSPA8,Brain_Cerebellum,765.92
HSPA8,Pancreas_Mixed_Cell,662.397
HSPA8,Muscle_Skeletal,658.164
HSPA8,Stomach_Mixed_Cell,646.065
HSPA8,Artery_Aorta,630.513
HSPA8,Brain_Cortex,595.42
HSPA8,Brain_Frontal_Cortex_BA9,591.449
HSPA8,Pituitary,588.177
HSPA8,Spleen,586.798
CHEK1,Cells_EBV-transformed_lymphocytes,31.8778
CHEK1,Cells_Cultured_fibroblasts,19.3609
CHEK1,Testis,7.90049
CHEK1,Small_Intestine_Terminal_Ileum_Mixed_Cell,5.55584
CHEK1,Esophagus_Mucosa,4.38874
CHEK1,Small_Intestine_Terminal_Ileum_Lymphoid_Aggregate,3.68401
CHEK1,Colon_Transverse_Mixed_Cell,3.42134
CHEK1,Colon_Transverse_Mucosa,3.02806
CHEK1,Small_Intestine_Terminal_Ileum,3.00414
CHEK1,Artery_Tibial,2.80528
CHEK1,Vagina,2.51727
CHEK1,Colon_Transverse,2.31687
DCPS,Cells_EBV-transformed_lymphocytes,20.9934
DCPS,Liver,13.1836
DCPS,Kidney_Medulla,12.3332
DCPS,Liver_Hepatocyte,12.1791
DCPS,Liver_Mixed_Cell,10.7573
DCPS,Cells_Cultured_fibroblasts,9.61583
DCPS,Liver_Portal_Tract,9.37671
DCPS,Spleen,9.3537
DCPS,Small_Intestine_Terminal_Ileum_Lymphoid_Aggregate,8.457
DCPS,Bladder,8.19205
DCPS,Skin_Sun_Exposed_Lower_leg,8.09302
DCPS,Cervix_Endocervix,8.01791
ST14,Colon_Transverse_Mixed_Cell,355.252
ST14,Colon_Transverse_Mucosa,334.629
ST14,Small_Intestine_Terminal_Ileum_Mixed_Cell,222.75
ST14,Esophagus_Mucosa,174.253
ST14,Colon_Transverse,164.346
ST14,Small_Intestine_Terminal_Ileum,151.985
ST14,Vagina,108.288
ST14,Minor_Salivary_Gland,107.403
ST14,Skin_Not_Sun_Exposed_Suprapubic,95.8945
ST14,Skin_Sun_Exposed_Lower_leg,93.466
ST14,Small_Intestine_Terminal_Ileum_Lymphoid_Aggregate,76.3497
ST14,Thyroid,76.0529
SLC6A12,Kidney_Medulla,56.094
SLC6A12,Kidney_Cortex,22.2595
SLC6A12,Brain_Putamen_basal_ganglia,18.1104
SLC6A12,Brain_Cortex,16.5332
SLC6A12,Liver,16.4744
SLC6A12,Liver_Mixed_Cell,16.0337
SLC6A12,Brain_Caudate_basal_ganglia,15.5632
SLC6A12,Liver_Hepatocyte,14.7885
SLC6A12,Brain_Frontal_Cortex_BA9,14.0353
SLC6A12,Brain_Substantia_nigra,12.8218
SLC6A12,Brain_Anterior_cingulate_cortex_BA24,11.9504
SLC6A12,Brain_Hippocampus,10.8832
KDM5A,Testis,27.4535
KDM5A,Cells_EBV-transformed_lymphocytes,25.9722
KDM5A,Skin_Not_Sun_Exposed_Suprapubic,23.2544
KDM5A,Skin_Sun_Exposed_Lower_leg,22.654
KDM5A,Small_Intestine_Terminal_Ileum_Lymphoid_Aggregate,20.992
KDM5A,Cells_Cultured_fibroblasts,20.4476
KDM5A,Nerve_Tibial,19.5599
KDM5A,Cervix_Endocervix,18.9065
KDM5A,Uterus,18.8529
KDM5A,Ovary,18.0797
KDM5A,Lung,17.247
KDM5A,Cervix_Ectocervix,17.0322
RAD52,Ovary,23.5483
RAD52,Nerve_Tibial,21.8189
RAD52,Brain_Cerebellum,21.6105
RAD52,Uterus,21.3061
RAD52,Thyroid,20.2072
RAD52,Cervix_Endocervix,19.8323
RAD52,Brain_Cerebellar_Hemisphere,18.535
RAD52,Small_Intestine_Terminal_Ileum_Lymphoid_Aggregate,17.2932
RAD52,Kidney_Medulla,16.8376
RAD52,Fallopian_Tube,16.3712
RAD52,Prostate,16.3324
RAD52,Bladder,16.2754
CACNA1C,Colon_Sigmoid,36.7341
CACNA1C,Colon_Transverse_Muscularis,32.6388
CACNA1C,Uterus,28.1747
CACNA1C,Artery_Coronary,22.2958
CACNA1C,Esophagus_Muscularis,20.8075
CACNA1C,Artery_Tibial,19.7651
CACNA1C,Artery_Aorta,19.495
CACNA1C,Esophagus_Gastroesophageal_Junction,15.8745
CACNA1C,Bladder,14.6881
CACNA1C,Stomach_Muscularis,14.0264
CACNA1C,Cervix_Endocervix,9.45755
CACNA1C,Colon_Transverse,9.30513
FKBP4,Brain_Cerebellar_Hemisphere,113.131
FKBP4,Brain_Cerebellum,103.638
FKBP4,Testis,75.3756
FKBP4,Esophagus_Mucosa,68.1877
FKBP4,Cells_EBV-transformed_lymphocytes,66.3503
FKBP4,Vagina,60.1562
FKBP4,Cervix_Ectocervix,59.3799
FKBP4,Skin_Not_Sun_Exposed_Suprapubic,57.2898
FKBP4,Stomach_Mixed_Cell,56.4009
FKBP4,Cervix_Endocervix,55.7167
FKBP4,Skin_Sun_Exposed_Lower_leg,54.92
FKBP4,Thyroid,54.3079
PRMT8,Brain_Nucleus_accumbens_basal_ganglia,24.6491
PRMT8,Brain_Frontal_Cortex_BA9,21.9237
PRMT8,Brain_Cerebellum,20.7723
PRMT8,Brain_Cortex,20.3242
PRMT8,Brain_Cerebellar_Hemisphere,17.201
PRMT8,Brain_Caudate_basal_ganglia,16.4459
PRMT8,Brain_Anterior_cingulate_cortex_BA24,13.1938
PRMT8,Brain_Putamen_basal_ganglia,11.9338
PRMT8,Testis,5.62953
PRMT8,Brain_Amygdala,3.9167
PRMT8,Brain_Hippocampus,2.97459
PRMT8,Brain_Hypothalamus,2.47136
DYRK4,Testis,51.9964
DYRK4,Small_Intestine_Terminal_Ileum_Lymphoid_Aggregate,16.1259
DYRK4,Cervix_Endocervix,13.389
DYRK4,Pituitary,13.3632
DYRK4,Fallopian_Tube,12.566
DYRK4,Uterus,12.131
DYRK4,Ovary,11.7123
DYRK4,Artery_Aorta,11.4634
DYRK4,Stomach_Muscularis,11.1282
DYRK4,Prostate,10.6198
DYRK4,Spleen,10.5407
DYRK4,Cervix_Ectocervix,10.3509
KCNA6,Brain_Frontal_Cortex_BA9,5.59115
KCNA6,Brain_Cortex,5.08716
KCNA6,Brain_Anterior_cingulate_cortex_BA24,3.29345
KCNA6,Brain_Hypothalamus,2.99539
KCNA6,Pancreas_Islets,2.41758
KCNA6,Brain_Caudate_basal_ganglia,2.34538
KCNA6,Pituitary,2.11944
KCNA6,Brain_Hippocampus,1.71152
KCNA6,Artery_Aorta,1.68679
KCNA6,Brain_Amygdala,1.53965
KCNA6,Brain_Putamen_basal_ganglia,1.42707
KCNA6,Artery_Tibial,1.2358
KCNA1,Brain_Cerebellar_Hemisphere,53.1453
KCNA1,Brain_Cerebellum,43.4594
KCNA1,Brain_Frontal_Cortex_BA9,13.4253
KCNA1,Brain_Nucleus_accumbens_basal_ganglia,8.49573
KCNA1,Brain_Cortex,7.86546
KCNA1,Brain_Caudate_basal_ganglia,7.77826
KCNA1,Brain_Putamen_basal_ganglia,6.88821
KCNA1,Brain_Anterior_cingulate_cortex_BA24,4.5811
KCNA1,Stomach_Muscularis,3.86521
KCNA1,Brain_Hippocampus,3.60746
KCNA1,Nerve_Tibial,1.64227
KCNA1,Colon_Transverse_Muscularis,1.58875
KCNA5,Artery_Aorta,85.2843
KCNA5,Artery_Tibial,84.1084
KCNA5,Artery_Coronary,77.2419
KCNA5,Heart_Atrial_Appendage,34.6903
KCNA5,Stomach_Muscularis,19.848
KCNA5,Pancreas_Islets,18.4893
KCNA5,Pituitary,13.1142
KCNA5,Brain_Nucleus_accumbens_basal_ganglia,8.46284
KCNA5,Brain_Hypothalamus,7.2088
KCNA5,Bladder,6.96337
KCNA5,Esophagus_Gastroesophageal_Junction,6.46361
KCNA5,Colon_Sigmoid,4.8155
TNFRSF1A,Whole_Blood,268.761
TNFRSF1A,Adipose_Visceral_Omentum,232.252
TNFRSF1A,Lung,226.948
TNFRSF1A,Nerve_Tibial,218.987
TNFRSF1A,Uterus,217.214
TNFRSF1A,Cells_Cultured_fibroblasts,215.163
TNFRSF1A,Artery_Coronary,214.229
TNFRSF1A,Artery_Aorta,207.401
TNFRSF1A,Adipose_Subcutaneous,204.461
TNFRSF1A,Liver_Portal_Tract,193.861
TNFRSF1A,Vagina,191.48
TNFRSF1A,Fallopian_Tube,187.152
GAPDH,Cells_EBV-transformed_lymphocytes,9551.69
GAPDH,Muscle_Skeletal,8419.16
GAPDH,Cells_Cultured_fibroblasts,7347.41
GAPDH,Whole_Blood,3720.8
GAPDH,Artery_Aorta,3053.4
GAPDH,Brain_Frontal_Cortex_BA9,2444.86
GAPDH,Esophagus_Mucosa,2405.44
GAPDH,Artery_Coronary,2289.18
GAPDH,Artery_Tibial,2282.83
GAPDH,Heart_Atrial_Appendage,2206.62
GAPDH,Heart_Left_Ventricle,2181.28
GAPDH,Bladder,2088.28
LPAR5,Small_Intestine_Terminal_Ileum_Lymphoid_Aggregate,36.0247
LPAR5,Esophagus_Mucosa,33.0197
LPAR5,Vagina,20.7203
LPAR5,Small_Intestine_Terminal_Ileum_Mixed_Cell,18.3689
LPAR5,Cells_EBV-transformed_lymphocytes,18.0848
LPAR5,Spleen,17.6979
LPAR5,Colon_Transverse_Mixed_Cell,16.8377
LPAR5,Small_Intestine_Terminal_Ileum,15.664
LPAR5,Colon_Transverse_Mucosa,15.4906
LPAR5,Cervix_Ectocervix,13.7762
LPAR5,Skin_Sun_Exposed_Lower_leg,12.486
LPAR5,Colon_Transverse,11.0698
USP5,Testis,131.326
USP5,Skin_Sun_Exposed_Lower_leg,85.0705
USP5,Cells_EBV-transformed_lymphocytes,83.4137
USP5,Artery_Tibial,82.6297
USP5,Artery_Aorta,80.6677
USP5,Skin_Not_Sun_Exposed_Suprapubic,80.0232
USP5,Brain_Frontal_Cortex_BA9,79.7893
USP5,Brain_Cortex,79.1814
USP5,Brain_Cerebellum,78.2241
USP5,Pituitary,74.354
USP5,Uterus,73.4471
USP5,Bladder,73.1814
TPI1,Cells_EBV-transformed_lymphocytes,1224.55
TPI1,Cells_Cultured_fibroblasts,962.352
TPI1,Esophagus_Mucosa,534.228
TPI1,Brain_Frontal_Cortex_BA9,481.643
TPI1,Brain_Cerebellar_Hemisphere,454.353
TPI1,Brain_Cerebellum,453.634
TPI1,Brain_Cortex,415.405
TPI1,Muscle_Skeletal,405.532
TPI1,Vagina,400.98
TPI1,Whole_Blood,394.393
TPI1,Adrenal_Gland,393.419
TPI1,Colon_Transverse_Mixed_Cell,380.124
PTPN6,Cells_EBV-transformed_lymphocytes,485.517
PTPN6,Whole_Blood,405.54
PTPN6,Spleen,297.197
PTPN6,Small_Intestine_Terminal_Ileum_Lymphoid_Aggregate,286.353
PTPN6,Small_Intestine_Terminal_Ileum_Mixed_Cell,93.0852
PTPN6,Lung,79.0495
PTPN6,Liver_Portal_Tract,64.2703
PTPN6,Small_Intestine_Terminal_Ileum,60.6583
PTPN6,Thyroid,30.7275
PTPN6,Colon_Transverse_Mucosa,30.3305
PTPN6,Colon_Transverse_Mixed_Cell,29.0412
PTPN6,Prostate,28.8621
C3AR1,Whole_Blood,78.4077
C3AR1,Liver_Portal_Tract,25.4287
C3AR1,Spleen,24.6395
C3AR1,Lung,21.4964
C3AR1,Adipose_Subcutaneous,13.7415
C3AR1,Adipose_Visceral_Omentum,13.5551
C3AR1,Artery_Aorta,13.4996
C3AR1,Artery_Coronary,13.2892
C3AR1,Nerve_Tibial,11.6055
C3AR1,Small_Intestine_Terminal_Ileum_Mixed_Cell,11.2289
C3AR1,Small_Intestine_Terminal_Ileum_Lymphoid_Aggregate,10.3075
C3AR1,Small_Intestine_Terminal_Ileum,9.02829
CD69,Small_Intestine_Terminal_Ileum_Lymphoid_Aggregate,109.997
CD69,Cells_EBV-transformed_lymphocytes,74.8574
CD69,Small_Intestine_Terminal_Ileum_Mixed_Cell,56.9396
CD69,Liver_Portal_Tract,54.2011
CD69,Spleen,53.3938
CD69,Lung,29.7219
CD69,Small_Intestine_Terminal_Ileum,20.2854
CD69,Adipose_Visceral_Omentum,16.0165
CD69,Bladder,13.105
CD69,Nerve_Tibial,12.271
CD69,Fallopian_Tube,10.5011
CD69,Whole_Blood,9.89967
TAS2R10,Cervix_Endocervix,1.04468
TAS2R10,Adrenal_Gland,1.00469
TAS2R10,Uterus,0.96218
TAS2R10,Pituitary,0.953701
TAS2R10,Nerve_Tibial,0.950318
TAS2R10,Ovary,0.88445
TAS2R10,Brain_Cerebellum,0.874274
TAS2R10,Pancreas_Islets,0.869948
TAS2R10,Thyroid,0.832184
TAS2R10,Small_Intestine_Terminal_Ileum_Lymphoid_Aggregate,0.754184
TAS2R10,Fallopian_Tube,0.74282
TAS2R10,Minor_Salivary_Gland,0.709099
TAS2R31,Ovary,1.949
TAS2R31,Nerve_Tibial,1.86805
TAS2R31,Testis,1.68482
TAS2R31,Uterus,1.38071
TAS2R31,Pituitary,1.2766
TAS2R31,Cells_EBV-transformed_lymphocytes,1.18758
TAS2R31,Fallopian_Tube,1.17762
TAS2R31,Small_Intestine_Terminal_Ileum_Lymphoid_Aggregate,1.13302
TAS2R31,Cervix_Endocervix,1.09186
TAS2R31,Brain_Cerebellum,0.977009
TAS2R31,Cells_Cultured_fibroblasts,0.86018
TAS2R31,Thyroid,0.831955
TAS2R46,Brain_Cerebellum,0.30233
TAS2R46,Ovary,0.269178
TAS2R46,Liver_Portal_Tract,0.250143
TAS2R46,Small_Intestine_Terminal_Ileum_Lymphoid_Aggregate,0.248776
TAS2R46,Brain_Cerebellar_Hemisphere,0.237125
TAS2R46,Testis,0.217246
TAS2R46,Small_Intestine_Terminal_Ileum_Mixed_Cell,0.177502
TAS2R46,Pituitary,0.176738
TAS2R46,Nerve_Tibial,0.172738
TAS2R46,Uterus,0.171297
TAS2R46,Cervix_Endocervix,0.170666
TAS2R46,Cells_EBV-transformed_lymphocytes,0.159867
GRIN2B,Brain_Frontal_Cortex_BA9,6.65645
GRIN2B,Brain_Nucleus_accumbens_basal_ganglia,5.9065
GRIN2B,Brain_Cortex,5.27293
GRIN2B,Brain_Anterior_cingulate_cortex_BA24,3.9659
GRIN2B,Brain_Caudate_basal_ganglia,3.75781
GRIN2B,Brain_Hippocampus,2.6549
GRIN2B,Brain_Putamen_basal_ganglia,2.415
GRIN2B,Brain_Amygdala,2.13609
GRIN2B,Brain_Hypothalamus,1.64795
GRIN2B,Nerve_Tibial,1.02657
GRIN2B,Testis,0.645145
GRIN2B,Brain_Cerebellum,0.595083
PDE3A,Artery_Tibial,47.5762
PDE3A,Artery_Aorta,35.2845
PDE3A,Artery_Coronary,33.7054
PDE3A,Esophagus_Gastroesophageal_Junction,26.5916
PDE3A,Esophagus_Muscularis,24.938
PDE3A,Heart_Left_Ventricle,20.619
PDE3A,Colon_Sigmoid,20.1335
PDE3A,Colon_Transverse,15.6204
PDE3A,Heart_Atrial_Appendage,15.2152
PDE3A,Liver_Portal_Tract,14.6869
PDE3A,Colon_Transverse_Muscularis,14.4568
PDE3A,Stomach_Muscularis,14.122
SLCO1B3,Liver_Hepatocyte,54.3317
SLCO1B3,Liver_Mixed_Cell,52.02
SLCO1B3,Liver,40.6159
SLCO1B3,Liver_Portal_Tract,13.0224
SLCO1B3,Nerve_Tibial,2.65827
SLCO1B3,Testis,1.41702
SLCO1B3,Minor_Salivary_Gland,0.663085
SLCO1B3,Colon_Transverse_Mixed_Cell,0.297528
SLCO1B3,Small_Intestine_Terminal_Ileum_Mixed_Cell,0.154049
SLCO1B3,Cervix_Endocervix,0.106551
SLCO1B3,Prostate,0.102068
SLCO1B3,Small_Intestine_Terminal_Ileum,0.097943
SLCO1B1,Liver_Mixed_Cell,94.9689
SLCO1B1,Liver,77.2406
SLCO1B1,Liver_Hepatocyte,59.8459
SLCO1B1,Liver_Portal_Tract,29.8443
SLCO1B1,Testis,0.203589
SLCO1B1,Nerve_Tibial,0.059928
SLCO1B1,Cervix_Endocervix,0.036351
SLCO1B1,Small_Intestine_Terminal_Ileum_Mixed_Cell,0.033683
SLCO1B1,Minor_Salivary_Gland,0.029664
SLCO1B1,Pituitary,0.022576
SLCO1B1,Pancreas_Acini,0.020275
SLCO1B1,Colon_Transverse_Mixed_Cell,0.014207
IAPP,Pancreas_Islets,1974.13
IAPP,Pancreas_Mixed_Cell,36.8732
IAPP,Pancreas,16.9014
IAPP,Pancreas_Acini,11.9265
IAPP,Testis,0.809163
IAPP,Liver_Hepatocyte,0.486006
IAPP,Liver,0.440021
IAPP,Liver_Mixed_Cell,0.311359
IAPP,Liver_Portal_Tract,0.223702
IAPP,Brain_Cerebellar_Hemisphere,0.037124
IAPP,Brain_Substantia_nigra,0.027546
IAPP,Brain_Cerebellum,0.026389
GYS2,Liver,40.6815
GYS2,Liver_Mixed_Cell,33.2208
GYS2,Liver_Hepatocyte,19.8155
GYS2,Liver_Portal_Tract,5.64255
GYS2,Esophagus_Mucosa,5.14052
GYS2,Adipose_Subcutaneous,2.944
GYS2,Vagina,2.58684
GYS2,Cervix_Ectocervix,1.63168
GYS2,Small_Intestine_Terminal_Ileum_Lymphoid_Aggregate,0.485156
GYS2,Pancreas_Acini,0.459708
GYS2,Breast_Mammary_Tissue,0.455794
GYS2,Brain_Cerebellum,0.435349
LDHB,Cells_EBV-transformed_lymphocytes,1241.62
LDHB,Heart_Left_Ventricle,908.125
LDHB,Kidney_Medulla,902.037
LDHB,Cells_Cultured_fibroblasts,849.58
LDHB,Kidney_Cortex,645.065
LDHB,Brain_Frontal_Cortex_BA9,614.791
LDHB,Heart_Atrial_Appendage,602.025
LDHB,Brain_Cerebellar_Hemisphere,545.042
LDHB,Ovary,543.341
LDHB,Stomach_Mixed_Cell,537.681
LDHB,Brain_Cortex,526.514
LDHB,Brain_Substantia_nigra,513.076
ITPR2,Cells_EBV-transformed_lymphocytes,28.447
ITPR2,Adrenal_Gland,15.9439
ITPR2,Minor_Salivary_Gland,15.4677
ITPR2,Skin_Sun_Exposed_Lower_leg,15.1495
ITPR2,Skin_Not_Sun_Exposed_Suprapubic,13.927
ITPR2,Colon_Sigmoid,11.1786
ITPR2,Liver_Mixed_Cell,10.5198
ITPR2,Esophagus_Mucosa,9.9385
ITPR2,Fallopian_Tube,9.77675
ITPR2,Breast_Mammary_Tissue,9.65752
ITPR2,Ovary,9.57167
ITPR2,Liver,9.38976
LRRK2,Lung,23.8631
LRRK2,Whole_Blood,22.7921
LRRK2,Nerve_Tibial,14.1437
LRRK2,Artery_Aorta,9.94983
LRRK2,Vagina,9.43326
LRRK2,Kidney_Medulla,9.37121
LRRK2,Artery_Tibial,9.15786
LRRK2,Ovary,8.67103
LRRK2,Spleen,8.57935
LRRK2,Cervix_Ectocervix,8.53726
LRRK2,Uterus,8.33996
LRRK2,Esophagus_Gastroesophageal_Junction,8.03285
IRAK4,Small_Intestine_Terminal_Ileum_Lymphoid_Aggregate,41.9976
IRAK4,Spleen,25.2317
IRAK4,Liver_Portal_Tract,20.5736
IRAK4,Whole_Blood,19.9056
IRAK4,Cells_EBV-transformed_lymphocytes,19.3662
IRAK4,Small_Intestine_Terminal_Ileum_Mixed_Cell,17.4983
IRAK4,Thyroid,15.7483
IRAK4,Lung,14.3707
IRAK4,Cells_Cultured_fibroblasts,13.5048
IRAK4,Small_Intestine_Terminal_Ileum,13.4179
IRAK4,Fallopian_Tube,13.1006
IRAK4,Cervix_Ectocervix,12.9597
RAPGEF3,Ovary,62.9349
RAPGEF3,Thyroid,61.7054
RAPGEF3,Adipose_Subcutaneous,57.9123
RAPGEF3,Kidney_Medulla,57.0616
RAPGEF3,Breast_Mammary_Tissue,54.7033
RAPGEF3,Cervix_Endocervix,43.0742
RAPGEF3,Adipose_Visceral_Omentum,42.9307
RAPGEF3,Fallopian_Tube,40.967
RAPGEF3,Uterus,38.2411
RAPGEF3,Cervix_Ectocervix,34.8421
RAPGEF3,Kidney_Cortex,33.3525
RAPGEF3,Nerve_Tibial,32.2326
HDAC7,Uterus,131.623
HDAC7,Lung,128.978
HDAC7,Fallopian_Tube,123.01
HDAC7,Cervix_Endocervix,119.663
HDAC7,Nerve_Tibial,112.393
HDAC7,Adipose_Subcutaneous,112.154
HDAC7,Ovary,108.278
HDAC7,Thyroid,105.936
HDAC7,Artery_Aorta,103.741
HDAC7,Breast_Mammary_Tissue,101.067
HDAC7,Small_Intestine_Terminal_Ileum_Lymphoid_Aggregate,100.722
HDAC7,Spleen,99.8583
VDR,Colon_Transverse_Mixed_Cell,50.6988
VDR,Colon_Transverse_Mucosa,50.5292
VDR,Skin_Not_Sun_Exposed_Suprapubic,33.0619
VDR,Small_Intestine_Terminal_Ileum_Mixed_Cell,31.7272
VDR,Skin_Sun_Exposed_Lower_leg,30.1348
VDR,Small_Intestine_Terminal_Ileum,29.7373
VDR,Colon_Transverse,22.8954
VDR,Cells_Cultured_fibroblasts,20.278
VDR,Pituitary,19.6631
VDR,Esophagus_Mucosa,18.3349
VDR,Vagina,14.044
VDR,Lung,13.1406
SENP1,Testis,39.6223
SENP1,Cells_EBV-transformed_lymphocytes,15.5505
SENP1,Uterus,8.61756
SENP1,Cells_Cultured_fibroblasts,8.43776
SENP1,Cervix_Endocervix,8.22722
SENP1,Small_Intestine_Terminal_Ileum_Lymphoid_Aggregate,7.52542
SENP1,Nerve_Tibial,7.48363
SENP1,Artery_Tibial,7.22294
SENP1,Ovary,7.12854
SENP1,Cervix_Ectocervix,7.052
SENP1,Fallopian_Tube,6.88952
SENP1,Skin_Sun_Exposed_Lower_leg,6.85072
CCNT1,Cells_EBV-transformed_lymphocytes,29.7965
CCNT1,Small_Intestine_Terminal_Ileum_Lymphoid_Aggregate,27.903
CCNT1,Testis,27.5968
CCNT1,Liver_Portal_Tract,25.6298
CCNT1,Ovary,24.9969
CCNT1,Uterus,21.8117
CCNT1,Nerve_Tibial,21.4538
CCNT1,Cells_Cultured_fibroblasts,21.3677
CCNT1,Fallopian_Tube,20.5591
CCNT1,Cervix_Endocervix,20.3002
CCNT1,Lung,19.4998
CCNT1,Thyroid,18.9902
CACNB3,Ovary,79.9451
CACNB3,Brain_Cerebellar_Hemisphere,73.013
CACNB3,Brain_Cerebellum,71.4059
CACNB3,Uterus,68.9134
CACNB3,Brain_Cortex,61.7008
CACNB3,Cervix_Endocervix,59.6308
CACNB3,Brain_Frontal_Cortex_BA9,57.4131
CACNB3,Brain_Anterior_cingulate_cortex_BA24,41.7136
CACNB3,Cervix_Ectocervix,35.6342
CACNB3,Fallopian_Tube,34.324
CACNB3,Vagina,34.0573
CACNB3,Brain_Amygdala,31.9204
RACGAP1,Cells_EBV-transformed_lymphocytes,71.2539
RACGAP1,Testis,51.6037
RACGAP1,Cells_Cultured_fibroblasts,36.9876
RACGAP1,Esophagus_Mucosa,19.8207
RACGAP1,Small_Intestine_Terminal_Ileum_Mixed_Cell,12.9268
RACGAP1,Skin_Sun_Exposed_Lower_leg,12.0987
RACGAP1,Colon_Transverse_Mixed_Cell,11.6678
RACGAP1,Skin_Not_Sun_Exposed_Suprapubic,11.6433
RACGAP1,Colon_Sigmoid,11.0627
RACGAP1,Small_Intestine_Terminal_Ileum_Lymphoid_Aggregate,10.9989
RACGAP1,Colon_Transverse,10.4127
RACGAP1,Vagina,10.1975
CELA1,Adrenal_Gland,2.85385
CELA1,Small_Intestine_Terminal_Ileum_Lymphoid_Aggregate,0.902172
CELA1,Testis,0.761081
CELA1,Spleen,0.571697
CELA1,Whole_Blood,0.370107
CELA1,Small_Intestine_Terminal_Ileum_Mixed_Cell,0.328713
CELA1,Small_Intestine_Terminal_Ileum,0.130624
CELA1,Liver_Portal_Tract,0.111988
CELA1,Colon_Transverse_Mixed_Cell,0.1004
CELA1,Colon_Transverse_Mucosa,0.09674
CELA1,Lung,0.091227
CELA1,Brain_Spinal_cord_cervical_c-1,0.074282
GALNT6,Minor_Salivary_Gland,23.7164
GALNT6,Stomach_Mixed_Cell,16.9424
GALNT6,Cells_EBV-transformed_lymphocytes,14.1128
GALNT6,Stomach_Mucosa,13.6036
GALNT6,Stomach,8.60739
GALNT6,Spleen,7.89271
GALNT6,Brain_Spinal_cord_cervical_c-1,7.68718
GALNT6,Small_Intestine_Terminal_Ileum_Mixed_Cell,7.64476
GALNT6,Breast_Mammary_Tissue,7.41037
GALNT6,Small_Intestine_Terminal_Ileum,5.96857
GALNT6,Skin_Sun_Exposed_Lower_leg,5.94255
GALNT6,Colon_Transverse_Mucosa,5.38256
NR4A1,Ovary,820.148
NR4A1,Artery_Tibial,556.461
NR4A1,Adipose_Visceral_Omentum,523.487
NR4A1,Nerve_Tibial,496.998
NR4A1,Fallopian_Tube,379.851
NR4A1,Pituitary,312.329
NR4A1,Artery_Aorta,294.68
NR4A1,Artery_Coronary,258.092
NR4A1,Stomach_Muscularis,253.113
NR4A1,Prostate,234.949
NR4A1,Heart_Atrial_Appendage,215.991
NR4A1,Lung,206.879
SOAT2,Spleen,4.96961
SOAT2,Small_Intestine_Terminal_Ileum_Mixed_Cell,4.41434
SOAT2,Small_Intestine_Terminal_Ileum,3.27074
SOAT2,Nerve_Tibial,2.90713
SOAT2,Cervix_Endocervix,2.2134
SOAT2,Artery_Aorta,2.20702
SOAT2,Artery_Tibial,1.62371
SOAT2,Cervix_Ectocervix,1.61611
SOAT2,Artery_Coronary,1.59643
SOAT2,Liver,1.52983
SOAT2,Liver_Portal_Tract,1.50962
SOAT2,Fallopian_Tube,1.30287
RARG,Esophagus_Mucosa,139.303
RARG,Skin_Sun_Exposed_Lower_leg,138.02
RARG,Skin_Not_Sun_Exposed_Suprapubic,119.732
RARG,Vagina,99.1775
RARG,Cervix_Ectocervix,95.0596
RARG,Cervix_Endocervix,67.1278
RARG,Nerve_Tibial,50.5661
RARG,Cells_Cultured_fibroblasts,50.4871
RARG,Fallopian_Tube,46.1274
RARG,Uterus,44.9479
RARG,Liver_Portal_Tract,39.395
RARG,Thyroid,38.6827
HNRNPA1,Ovary,852.522
HNRNPA1,Cells_EBV-transformed_lymphocytes,587.262
HNRNPA1,Cells_Cultured_fibroblasts,507.53
HNRNPA1,Cervix_Endocervix,506.731
HNRNPA1,Uterus,466.476
HNRNPA1,Cervix_Ectocervix,431.849
HNRNPA1,Fallopian_Tube,403.591
HNRNPA1,Vagina,359.239
HNRNPA1,Nerve_Tibial,332.473
HNRNPA1,Brain_Cerebellar_Hemisphere,313.454
HNRNPA1,Breast_Mammary_Tissue,307.548
HNRNPA1,Bladder,300.366
GPR84,Whole_Blood,21.9241
GPR84,Spleen,4.01444
GPR84,Liver_Portal_Tract,3.11779
GPR84,Lung,2.3398
GPR84,Cells_EBV-transformed_lymphocytes,1.89207
GPR84,Artery_Aorta,1.62436
GPR84,Artery_Coronary,1.53088
GPR84,Thyroid,1.27589
GPR84,Adipose_Visceral_Omentum,1.13635
GPR84,Adrenal_Gland,1.0577
GPR84,Brain_Spinal_cord_cervical_c-1,0.861675
GPR84,Fallopian_Tube,0.830689
PDE1B,Brain_Caudate_basal_ganglia,222.23
PDE1B,Brain_Putamen_basal_ganglia,188.05
PDE1B,Brain_Nucleus_accumbens_basal_ganglia,184.183
PDE1B,Brain_Cortex,64.6336
PDE1B,Brain_Frontal_Cortex_BA9,59.8211
PDE1B,Artery_Aorta,45.9285
PDE1B,Adipose_Subcutaneous,39.5443
PDE1B,Stomach_Muscularis,39.3152
PDE1B,Artery_Tibial,33.3551
PDE1B,Colon_Transverse_Muscularis,32.9583
PDE1B,Adipose_Visceral_Omentum,31.5273
PDE1B,Brain_Anterior_cingulate_cortex_BA24,31.2885
DGKA,Small_Intestine_Terminal_Ileum_Lymphoid_Aggregate,228.721
DGKA,Esophagus_Mucosa,111.654
DGKA,Small_Intestine_Terminal_Ileum_Mixed_Cell,97.7785
DGKA,Skin_Not_Sun_Exposed_Suprapubic,94.8898
DGKA,Skin_Sun_Exposed_Lower_leg,85.6326
DGKA,Spleen,85.2753
DGKA,Small_Intestine_Terminal_Ileum,75.5774
DGKA,Vagina,64.5585
DGKA,Cervix_Ectocervix,58.5363
DGKA,Whole_Blood,56.4564
DGKA,Liver_Portal_Tract,53.3657
DGKA,Artery_Aorta,40.5019
CDK2,Cells_EBV-transformed_lymphocytes,66.8524
CDK2,Small_Intestine_Terminal_Ileum_Lymphoid_Aggregate,37.7247
CDK2,Lung,35.7196
CDK2,Ovary,33.8409
CDK2,Liver_Portal_Tract,33.5151
CDK2,Esophagus_Muscularis,32.647
CDK2,Fallopian_Tube,30.6772
CDK2,Skin_Not_Sun_Exposed_Suprapubic,30.0114
CDK2,Cervix_Endocervix,29.4433
CDK2,Uterus,28.9368
CDK2,Skin_Sun_Exposed_Lower_leg,28.5404
CDK2,Cervix_Ectocervix,27.0157
SHMT2,Cells_EBV-transformed_lymphocytes,268.616
SHMT2,Cells_Cultured_fibroblasts,257.773
SHMT2,Liver_Mixed_Cell,175.749
SHMT2,Liver_Hepatocyte,154.918
SHMT2,Liver,142.819
SHMT2,Liver_Portal_Tract,76.334
SHMT2,Small_Intestine_Terminal_Ileum_Lymphoid_Aggregate,75.1869
SHMT2,Esophagus_Mucosa,70.3124
SHMT2,Spleen,69.2629
SHMT2,Artery_Tibial,60.9757
SHMT2,Cervix_Endocervix,56.5574
SHMT2,Skin_Not_Sun_Exposed_Suprapubic,56.4794
GLI1,Nerve_Tibial,49.6561
GLI1,Cervix_Endocervix,26.6473
GLI1,Testis,11.0551
GLI1,Liver_Portal_Tract,10.7487
GLI1,Prostate,7.72238
GLI1,Cervix_Ectocervix,7.67424
GLI1,Bladder,7.04577
GLI1,Small_Intestine_Terminal_Ileum_Lymphoid_Aggregate,6.25492
GLI1,Brain_Cerebellum,5.15472
GLI1,Fallopian_Tube,5.02609
GLI1,Vagina,4.85939
GLI1,Small_Intestine_Terminal_Ileum,4.77808
CDK4,Cells_Cultured_fibroblasts,160.183
CDK4,Cells_EBV-transformed_lymphocytes,154.636
CDK4,Ovary,113.744
CDK4,Cervix_Endocervix,108.623
CDK4,Uterus,107.768
CDK4,Fallopian_Tube,91.9086
CDK4,Adrenal_Gland,74.0591
CDK4,Cervix_Ectocervix,74.021
CDK4,Nerve_Tibial,73.9221
CDK4,Bladder,69.5345
CDK4,Thyroid,67.6046
CDK4,Vagina,67.5832
CYP27B1,Kidney_Cortex,12.3257
CYP27B1,Thyroid,6.75562
CYP27B1,Pancreas_Acini,5.42712
CYP27B1,Pancreas_Mixed_Cell,4.68906
CYP27B1,Pancreas,4.20547
CYP27B1,Adrenal_Gland,3.48573
CYP27B1,Liver_Portal_Tract,3.05716
CYP27B1,Minor_Salivary_Gland,2.5007
CYP27B1,Kidney_Medulla,2.48024
CYP27B1,Testis,2.03061
CYP27B1,Pancreas_Islets,1.92916
CYP27B1,Lung,1.92243
AVPR1A,Artery_Tibial,45.9094
AVPR1A,Adrenal_Gland,37.8219
AVPR1A,Liver_Hepatocyte,25.6139
AVPR1A,Adipose_Visceral_Omentum,24.9251
AVPR1A,Adipose_Subcutaneous,24.536
AVPR1A,Liver_Mixed_Cell,22.039
AVPR1A,Cervix_Endocervix,18.346
AVPR1A,Breast_Mammary_Tissue,15.1956
AVPR1A,Thyroid,14.8638
AVPR1A,Uterus,11.2029
AVPR1A,Liver,10.2654
AVPR1A,Fallopian_Tube,8.60665
TBK1,Cells_EBV-transformed_lymphocytes,23.4758
TBK1,Testis,19.0391
TBK1,Small_Intestine_Terminal_Ileum_Lymphoid_Aggregate,16.1768
TBK1,Liver_Portal_Tract,15.7197
TBK1,Cells_Cultured_fibroblasts,15.7122
TBK1,Lung,14.6752
TBK1,Spleen,13.9305
TBK1,Uterus,13.9304
TBK1,Nerve_Tibial,12.8118
TBK1,Cervix_Endocervix,12.6492
TBK1,Adipose_Subcutaneous,12.3221
TBK1,Artery_Tibial,12.268
DYRK2,Small_Intestine_Terminal_Ileum_Lymphoid_Aggregate,22.7329
DYRK2,Colon_Transverse_Mixed_Cell,20.5178
DYRK2,Small_Intestine_Terminal_Ileum,19.6404
DYRK2,Colon_Transverse_Mucosa,18.8189
DYRK2,Small_Intestine_Terminal_Ileum_Mixed_Cell,17.5561
DYRK2,Colon_Transverse,14.7896
DYRK2,Artery_Tibial,14.2686
DYRK2,Uterus,13.8773
DYRK2,Liver_Portal_Tract,13.0647
DYRK2,Colon_Sigmoid,11.8825
DYRK2,Heart_Atrial_Appendage,11.7842
DYRK2,Fallopian_Tube,11.6591
MDM2,Cells_EBV-transformed_lymphocytes,53.2464
MDM2,Cells_Cultured_fibroblasts,47.996
MDM2,Liver_Portal_Tract,32.6782
MDM2,Lung,27.7599
MDM2,Adipose_Subcutaneous,26.3281
MDM2,Nerve_Tibial,25.7976
MDM2,Small_Intestine_Terminal_Ileum_Lymphoid_Aggregate,23.3796
MDM2,Vagina,22.6971
MDM2,Breast_Mammary_Tissue,22.1317
MDM2,Ovary,21.5878
MDM2,Spleen,21.0404
MDM2,Prostate,20.9558
CPM,Cells_Cultured_fibroblasts,105.129
CPM,Adipose_Subcutaneous,75.698
CPM,Adipose_Visceral_Omentum,42.4713
CPM,Lung,40.708
CPM,Breast_Mammary_Tissue,37.2436
CPM,Liver_Portal_Tract,32.9398
CPM,Skin_Sun_Exposed_Lower_leg,32.6002
CPM,Skin_Not_Sun_Exposed_Suprapubic,25.4305
CPM,Colon_Transverse_Mucosa,21.2985
CPM,Colon_Transverse_Mixed_Cell,20.9996
CPM,Spleen,19.8524
CPM,Ovary,18.0356
PTPRB,Lung,40.8623
PTPRB,Spleen,25.4965
PTPRB,Adipose_Subcutaneous,23.8596
PTPRB,Adipose_Visceral_Omentum,22.1166
PTPRB,Thyroid,19.9979
PTPRB,Breast_Mammary_Tissue,19.1691
PTPRB,Uterus,17.5038
PTPRB,Kidney_Medulla,15.0494
PTPRB,Nerve_Tibial,11.9048
PTPRB,Fallopian_Tube,11.4997
PTPRB,Cervix_Endocervix,10.6861
PTPRB,Liver_Portal_Tract,10.6111
DUSP6,Adipose_Visceral_Omentum,96.4703
DUSP6,Spleen,90.19
DUSP6,Liver_Portal_Tract,82.3212
DUSP6,Lung,77.9807
DUSP6,Breast_Mammary_Tissue,63.888
DUSP6,Adipose_Subcutaneous,60.0715
DUSP6,Minor_Salivary_Gland,58.4024
DUSP6,Nerve_Tibial,56.4715
DUSP6,Artery_Coronary,48.4454
DUSP6,Thyroid,41.5851
DUSP6,Stomach_Muscularis,39.9749
DUSP6,Colon_Transverse_Mixed_Cell,36.7194
UBE2N,Testis,160.193
UBE2N,Cells_EBV-transformed_lymphocytes,136.245
UBE2N,Cells_Cultured_fibroblasts,74.3451
UBE2N,Small_Intestine_Terminal_Ileum_Lymphoid_Aggregate,72.0913
UBE2N,Brain_Cerebellar_Hemisphere,69.1183
UBE2N,Brain_Frontal_Cortex_BA9,64.1526
UBE2N,Liver_Portal_Tract,57.5388
UBE2N,Artery_Aorta,51.4828
UBE2N,Small_Intestine_Terminal_Ileum_Mixed_Cell,50.8106
UBE2N,Brain_Hypothalamus,50.8012
UBE2N,Uterus,50.2428
UBE2N,Artery_Coronary,49.9504
METAP2,Cells_Cultured_fibroblasts,92.0255
METAP2,Cells_EBV-transformed_lymphocytes,82.6185
METAP2,Testis,61.92
METAP2,Artery_Aorta,57.0303
METAP2,Artery_Tibial,55.8827
METAP2,Ovary,55.8213
METAP2,Uterus,53.9378
METAP2,Cervix_Endocervix,52.9839
METAP2,Artery_Coronary,51.6282
METAP2,Nerve_Tibial,49.7867
METAP2,Liver_Portal_Tract,49.7585
METAP2,Fallopian_Tube,49.533
LTA4H,Whole_Blood,221.623
LTA4H,Lung,154.63
LTA4H,Ovary,148.955
LTA4H,Esophagus_Mucosa,124.526
LTA4H,Cervix_Ectocervix,94.5333
LTA4H,Spleen,91.3408
LTA4H,Small_Intestine_Terminal_Ileum_Lymphoid_Aggregate,91.1483
LTA4H,Uterus,91.1401
LTA4H,Cervix_Endocervix,89.9101
LTA4H,Fallopian_Tube,87.6033
LTA4H,Vagina,87.0138
LTA4H,Cells_EBV-transformed_lymphocytes,82.0822
APAF1,Cells_EBV-transformed_lymphocytes,22.1014
APAF1,Cells_Cultured_fibroblasts,16.6728
APAF1,Whole_Blood,13.8673
APAF1,Ovary,10.7142
APAF1,Spleen,9.81234
APAF1,Nerve_Tibial,9.67907
APAF1,Lung,9.60619
APAF1,Brain_Cerebellar_Hemisphere,9.56404
APAF1,Cervix_Endocervix,9.22507
APAF1,Liver_Portal_Tract,9.00333
APAF1,Small_Intestine_Terminal_Ileum_Lymphoid_Aggregate,8.80893
APAF1,Brain_Cerebellum,8.65581
NR1H4,Liver_Mixed_Cell,58.9433
NR1H4,Liver_Hepatocyte,52.5085
NR1H4,Small_Intestine_Terminal_Ileum_Mixed_Cell,42.0906
NR1H4,Liver,38.2446
NR1H4,Liver_Portal_Tract,27.4031
NR1H4,Adrenal_Gland,22.7643
NR1H4,Small_Intestine_Terminal_Ileum,22.1281
NR1H4,Ovary,14.0241
NR1H4,Colon_Transverse_Mucosa,13.557
NR1H4,Colon_Transverse_Mixed_Cell,13.197
NR1H4,Kidney_Cortex,10.2227
NR1H4,Kidney_Medulla,10.0318
HSP90B1,Cells_Cultured_fibroblasts,944.403
HSP90B1,Thyroid,908.612
HSP90B1,Liver_Mixed_Cell,659.476
HSP90B1,Cells_EBV-transformed_lymphocytes,580.092
HSP90B1,Artery_Aorta,540.922
HSP90B1,Liver_Hepatocyte,497.717
HSP90B1,Artery_Coronary,468.483
HSP90B1,Liver_Portal_Tract,412.773
HSP90B1,Fallopian_Tube,385.273
HSP90B1,Pancreas_Islets,384.776
HSP90B1,Spleen,380.252
HSP90B1,Ovary,377.23
TXNRD1,Cells_Cultured_fibroblasts,308.547
TXNRD1,Adrenal_Gland,146.272
TXNRD1,Bladder,145.602
TXNRD1,Artery_Coronary,108.977
TXNRD1,Artery_Aorta,97.3721
TXNRD1,Lung,82.8983
TXNRD1,Esophagus_Muscularis,66.1741
TXNRD1,Artery_Tibial,60.7497
TXNRD1,Esophagus_Gastroesophageal_Junction,59.2967
TXNRD1,Colon_Sigmoid,53.8671
TXNRD1,Cells_EBV-transformed_lymphocytes,51.6092
TXNRD1,Adipose_Visceral_Omentum,49.2604
NUAK1,Brain_Frontal_Cortex_BA9,52.8832
NUAK1,Brain_Cerebellar_Hemisphere,43.6838
NUAK1,Adipose_Subcutaneous,41.4431
NUAK1,Brain_Cortex,38.2459
NUAK1,Uterus,35.0504
NUAK1,Nerve_Tibial,34.5921
NUAK1,Brain_Cerebellum,34.1626
NUAK1,Skin_Sun_Exposed_Lower_leg,31.8056
NUAK1,Cervix_Endocervix,30.3135
NUAK1,Artery_Aorta,30.2505
NUAK1,Fallopian_Tube,29.7008
NUAK1,Breast_Mammary_Tissue,27.9025
CMKLR1,Artery_Aorta,47.6191
CMKLR1,Spleen,46.0209
CMKLR1,Artery_Coronary,36.4909
CMKLR1,Artery_Tibial,27.7215
CMKLR1,Lung,17.4338
CMKLR1,Thyroid,16.5641
CMKLR1,Adipose_Subcutaneous,13.8775
CMKLR1,Liver_Portal_Tract,13.3098
CMKLR1,Adipose_Visceral_Omentum,12.3379
CMKLR1,Nerve_Tibial,11.5092
CMKLR1,Uterus,11.4269
CMKLR1,Small_Intestine_Terminal_Ileum_Lymphoid_Aggregate,9.69363
DAO,Brain_Cerebellum,40.9867
DAO,Brain_Cerebellar_Hemisphere,27.9685
DAO,Liver,26.7813
DAO,Liver_Mixed_Cell,18.4702
DAO,Liver_Hepatocyte,16.8067
DAO,Brain_Spinal_cord_cervical_c-1,16.1715
DAO,Brain_Substantia_nigra,6.07228
DAO,Kidney_Cortex,5.83863
DAO,Liver_Portal_Tract,3.63844
DAO,Kidney_Medulla,2.61651
DAO,Colon_Transverse_Mucosa,1.23546
DAO,Colon_Transverse_Mixed_Cell,0.942444
ALKBH2,Cervix_Endocervix,27.6721
ALKBH2,Small_Intestine_Terminal_Ileum_Lymphoid_Aggregate,27.1155
ALKBH2,Cells_Cultured_fibroblasts,26.7832
ALKBH2,Nerve_Tibial,25.702
ALKBH2,Fallopian_Tube,24.8431
ALKBH2,Cells_EBV-transformed_lymphocytes,24.4829
ALKBH2,Ovary,24.3467
ALKBH2,Uterus,24.213
ALKBH2,Skin_Not_Sun_Exposed_Suprapubic,21.9924
ALKBH2,Skin_Sun_Exposed_Lower_leg,21.4699
ALKBH2,Breast_Mammary_Tissue,21.0939
ALKBH2,Liver_Portal_Tract,20.6898
ACACB,Adipose_Subcutaneous,154.44
ACACB,Adipose_Visceral_Omentum,150.163
ACACB,Breast_Mammary_Tissue,105.528
ACACB,Muscle_Skeletal,94.4605
ACACB,Esophagus_Gastroesophageal_Junction,64.2931
ACACB,Colon_Sigmoid,63.7268
ACACB,Esophagus_Muscularis,53.8894
ACACB,Colon_Transverse_Muscularis,51.7633
ACACB,Bladder,50.5221
ACACB,Nerve_Tibial,48.5837
ACACB,Stomach_Muscularis,43.5013
ACACB,Thyroid,41.2382
TRPV4,Minor_Salivary_Gland,29.1899
TRPV4,Kidney_Medulla,17.0571
TRPV4,Prostate,13.4043
TRPV4,Esophagus_Mucosa,13.3613
TRPV4,Kidney_Cortex,13.1699
TRPV4,Skin_Sun_Exposed_Lower_leg,12.1732
TRPV4,Skin_Not_Sun_Exposed_Suprapubic,11.2332
TRPV4,Liver_Portal_Tract,6.86412
TRPV4,Spleen,4.89068
TRPV4,Liver,4.84502
TRPV4,Liver_Hepatocyte,4.24646
TRPV4,Pituitary,4.15248
ATP2A2,Muscle_Skeletal,836.321
ATP2A2,Heart_Atrial_Appendage,504.708
ATP2A2,Heart_Left_Ventricle,321.518
ATP2A2,Artery_Tibial,164.675
ATP2A2,Artery_Aorta,160.195
ATP2A2,Cells_Cultured_fibroblasts,159.332
ATP2A2,Artery_Coronary,137.398
ATP2A2,Bladder,117.103
ATP2A2,Esophagus_Mucosa,111.979
ATP2A2,Brain_Cerebellar_Hemisphere,110.354
ATP2A2,Brain_Frontal_Cortex_BA9,109.603
ATP2A2,Esophagus_Muscularis,96.3434
PPP1CC,Cells_EBV-transformed_lymphocytes,131.592
PPP1CC,Testis,96.0548
PPP1CC,Small_Intestine_Terminal_Ileum_Mixed_Cell,87.3656
PPP1CC,Colon_Transverse_Mixed_Cell,86.9295
PPP1CC,Cells_Cultured_fibroblasts,85.0514
PPP1CC,Small_Intestine_Terminal_Ileum_Lymphoid_Aggregate,81.8761
PPP1CC,Small_Intestine_Terminal_Ileum,81.4793
PPP1CC,Ovary,80.6175
PPP1CC,Uterus,74.0357
PPP1CC,Colon_Transverse_Mucosa,73.3772
PPP1CC,Nerve_Tibial,70.2252
PPP1CC,Cervix_Endocervix,68.6388
ALDH2,Liver,188.786
ALDH2,Liver_Mixed_Cell,181.474
ALDH2,Liver_Hepatocyte,146.996
ALDH2,Adipose_Visceral_Omentum,107.301
ALDH2,Adipose_Subcutaneous,104.853
ALDH2,Lung,98.4759
ALDH2,Adrenal_Gland,89.0539
ALDH2,Brain_Caudate_basal_ganglia,88.9056
ALDH2,Brain_Anterior_cingulate_cortex_BA24,84.3287
ALDH2,Esophagus_Gastroesophageal_Junction,83.5971
ALDH2,Esophagus_Muscularis,83.2584
ALDH2,Stomach_Muscularis,80.6309
MAPKAPK5,Brain_Cerebellar_Hemisphere,15.7637
MAPKAPK5,Brain_Cerebellum,15.5996
MAPKAPK5,Nerve_Tibial,15.3273
MAPKAPK5,Small_Intestine_Terminal_Ileum_Lymphoid_Aggregate,15.212
MAPKAPK5,Ovary,14.4722
MAPKAPK5,Cervix_Endocervix,13.6891
MAPKAPK5,Uterus,13.3771
MAPKAPK5,Cells_EBV-transformed_lymphocytes,13.2849
MAPKAPK5,Thyroid,13.2193
MAPKAPK5,Fallopian_Tube,12.6387
MAPKAPK5,Colon_Transverse_Mixed_Cell,12.3027
MAPKAPK5,Small_Intestine_Terminal_Ileum_Mixed_Cell,11.8983
PTPN11,Cells_Cultured_fibroblasts,96.9453
PTPN11,Brain_Spinal_cord_cervical_c-1,96.288
PTPN11,Artery_Tibial,78.5142
PTPN11,Brain_Substantia_nigra,72.5064
PTPN11,Artery_Aorta,65.2897
PTPN11,Nerve_Tibial,59.813
PTPN11,Brain_Frontal_Cortex_BA9,57.3556
PTPN11,Cells_EBV-transformed_lymphocytes,55.7751
PTPN11,Brain_Hypothalamus,55.6296
PTPN11,Adipose_Subcutaneous,55.0558
PTPN11,Artery_Coronary,53.6959
PTPN11,Esophagus_Muscularis,50.7807
NOS1,Muscle_Skeletal,8.26908
NOS1,Nerve_Tibial,6.45177
NOS1,Brain_Putamen_basal_ganglia,6.16564
NOS1,Brain_Caudate_basal_ganglia,5.58373
NOS1,Brain_Cerebellum,4.44782
NOS1,Colon_Sigmoid,3.93433
NOS1,Brain_Nucleus_accumbens_basal_ganglia,3.62996
NOS1,Brain_Cerebellar_Hemisphere,3.59482
NOS1,Brain_Hypothalamus,3.32322
NOS1,Skin_Sun_Exposed_Lower_leg,3.1814
NOS1,Brain_Amygdala,3.17756
NOS1,Brain_Hippocampus,2.51015
PRKAB1,Kidney_Medulla,89.6215
PRKAB1,Colon_Transverse_Mucosa,63.6595
PRKAB1,Stomach_Mucosa,61.3198
PRKAB1,Stomach_Mixed_Cell,58.4058
PRKAB1,Kidney_Cortex,55.3841
PRKAB1,Spleen,52.506
PRKAB1,Colon_Transverse_Mixed_Cell,50.6388
PRKAB1,Small_Intestine_Terminal_Ileum_Mixed_Cell,47.6589
PRKAB1,Testis,45.4904
PRKAB1,Small_Intestine_Terminal_Ileum_Lymphoid_Aggregate,45.3882
PRKAB1,Stomach,40.073
PRKAB1,Colon_Transverse,39.9074
PLA2G1B,Pancreas,18860.1
PLA2G1B,Pancreas_Mixed_Cell,16500.0
PLA2G1B,Pancreas_Acini,15381.6
PLA2G1B,Pancreas_Islets,4074.48
PLA2G1B,Lung,12.3005
PLA2G1B,Ovary,10.7393
PLA2G1B,Testis,6.97217
PLA2G1B,Adrenal_Gland,5.86405
PLA2G1B,Stomach_Mixed_Cell,5.35557
PLA2G1B,Stomach_Mucosa,5.31532
PLA2G1B,Stomach,5.09202
PLA2G1B,Liver_Portal_Tract,4.89459
P2RX7,Brain_Spinal_cord_cervical_c-1,20.7881
P2RX7,Skin_Sun_Exposed_Lower_leg,17.075
P2RX7,Skin_Not_Sun_Exposed_Suprapubic,13.959
P2RX7,Nerve_Tibial,13.5823
P2RX7,Ovary,11.9234
P2RX7,Brain_Cerebellum,11.1529
P2RX7,Brain_Substantia_nigra,10.936
P2RX7,Brain_Cortex,10.4483
P2RX7,Lung,9.88567
P2RX7,Cervix_Endocervix,9.64223
P2RX7,Brain_Hippocampus,9.56831
P2RX7,Brain_Cerebellar_Hemisphere,9.16582
P2RX4,Colon_Transverse_Mixed_Cell,97.683
P2RX4,Colon_Transverse_Mucosa,96.9149
P2RX4,Brain_Cerebellar_Hemisphere,83.195
P2RX4,Brain_Cerebellum,81.6151
P2RX4,Small_Intestine_Terminal_Ileum_Mixed_Cell,60.8176
P2RX4,Liver_Portal_Tract,49.2911
P2RX4,Lung,47.6773
P2RX4,Small_Intestine_Terminal_Ileum_Lymphoid_Aggregate,45.0282
P2RX4,Minor_Salivary_Gland,44.9611
P2RX4,Pancreas_Islets,44.2468
P2RX4,Spleen,42.8271
P2RX4,Colon_Transverse,41.7153
CAMKK2,Brain_Cerebellar_Hemisphere,462.375
CAMKK2,Brain_Cerebellum,450.419
CAMKK2,Brain_Frontal_Cortex_BA9,108.351
CAMKK2,Brain_Cortex,98.7807
CAMKK2,Whole_Blood,66.0223
CAMKK2,Brain_Anterior_cingulate_cortex_BA24,56.139
CAMKK2,Spleen,50.3424
CAMKK2,Fallopian_Tube,44.9529
CAMKK2,Brain_Caudate_basal_ganglia,41.3134
CAMKK2,Ovary,38.1724
CAMKK2,Prostate,35.465
CAMKK2,Uterus,35.2517
HCAR2,Whole_Blood,122.12
HCAR2,Esophagus_Mucosa,41.3503
HCAR2,Skin_Not_Sun_Exposed_Suprapubic,32.295
HCAR2,Skin_Sun_Exposed_Lower_leg,29.71
HCAR2,Spleen,19.7924
HCAR2,Vagina,17.6901
HCAR2,Adipose_Visceral_Omentum,12.5824
HCAR2,Minor_Salivary_Gland,11.6129
HCAR2,Lung,9.67513
HCAR2,Adipose_Subcutaneous,9.09459
HCAR2,Cervix_Ectocervix,7.35494
HCAR2,Breast_Mammary_Tissue,7.02987
HCAR3,Whole_Blood,123.499
HCAR3,Spleen,14.1993
HCAR3,Skin_Not_Sun_Exposed_Suprapubic,11.4361
HCAR3,Esophagus_Mucosa,11.4036
HCAR3,Skin_Sun_Exposed_Lower_leg,9.77588
HCAR3,Lung,5.17275
HCAR3,Vagina,3.64903
HCAR3,Cells_EBV-transformed_lymphocytes,2.96406
HCAR3,Adipose_Visceral_Omentum,2.51843
HCAR3,Breast_Mammary_Tissue,2.36624
HCAR3,Adipose_Subcutaneous,1.57443
HCAR3,Cervix_Ectocervix,1.22039
KMT5A,Artery_Aorta,62.1069
KMT5A,Prostate,58.0619
KMT5A,Esophagus_Mucosa,55.9144
KMT5A,Fallopian_Tube,55.0651
KMT5A,Thyroid,54.3635
KMT5A,Uterus,54.0859
KMT5A,Artery_Tibial,52.3696
KMT5A,Vagina,51.8555
KMT5A,Cervix_Ectocervix,49.0916
KMT5A,Artery_Coronary,47.814
KMT5A,Skin_Sun_Exposed_Lower_leg,47.4826
KMT5A,Cervix_Endocervix,46.1098
NCOR2,Pituitary,105.538
NCOR2,Nerve_Tibial,104.824
NCOR2,Cervix_Endocervix,102.581
NCOR2,Uterus,100.451
NCOR2,Ovary,97.0334
NCOR2,Lung,85.8
NCOR2,Brain_Cerebellum,81.8889
NCOR2,Fallopian_Tube,79.6082
NCOR2,Prostate,74.3552
NCOR2,Artery_Tibial,73.3178
NCOR2,Colon_Sigmoid,72.4233
NCOR2,Brain_Cerebellar_Hemisphere,67.1268
P2RX2,Prostate,18.4094
P2RX2,Pancreas_Islets,13.226
P2RX2,Esophagus_Gastroesophageal_Junction,12.0182
P2RX2,Esophagus_Muscularis,9.06868
P2RX2,Lung,6.99277
P2RX2,Small_Intestine_Terminal_Ileum_Lymphoid_Aggregate,6.63257
P2RX2,Fallopian_Tube,4.97327
P2RX2,Kidney_Medulla,4.72522
P2RX2,Small_Intestine_Terminal_Ileum,4.58362
P2RX2,Brain_Hippocampus,4.27749
P2RX2,Spleen,4.27057
P2RX2,Esophagus_Mucosa,4.03858
GJB2,Esophagus_Mucosa,1052.61
GJB2,Vagina,964.429
GJB2,Cervix_Ectocervix,624.049
GJB2,Skin_Sun_Exposed_Lower_leg,78.4314
GJB2,Skin_Not_Sun_Exposed_Suprapubic,78.2167
GJB2,Liver_Mixed_Cell,30.8006
GJB2,Colon_Transverse_Mixed_Cell,28.1639
GJB2,Liver_Hepatocyte,27.1819
GJB2,Colon_Transverse_Mucosa,25.8265
GJB2,Minor_Salivary_Gland,22.9895
GJB2,Liver,17.6594
GJB2,Colon_Transverse,13.4574
ZDHHC20,Brain_Spinal_cord_cervical_c-1,64.8471
ZDHHC20,Cells_Cultured_fibroblasts,37.8404
ZDHHC20,Whole_Blood,35.2215
ZDHHC20,Esophagus_Mucosa,31.6621
ZDHHC20,Cells_EBV-transformed_lymphocytes,30.7474
ZDHHC20,Vagina,30.09
ZDHHC20,Lung,26.6034
ZDHHC20,Testis,25.6089
ZDHHC20,Cervix_Ectocervix,25.577
ZDHHC20,Skin_Not_Sun_Exposed_Suprapubic,24.8557
ZDHHC20,Skin_Sun_Exposed_Lower_leg,23.6467
ZDHHC20,Brain_Substantia_nigra,23.5806
ATP12A,Skin_Not_Sun_Exposed_Suprapubic,4.63675
ATP12A,Kidney_Medulla,3.40945
ATP12A,Esophagus_Mucosa,2.00371
ATP12A,Skin_Sun_Exposed_Lower_leg,1.59641
ATP12A,Testis,1.49416
ATP12A,Kidney_Cortex,1.22676
ATP12A,Brain_Frontal_Cortex_BA9,0.23405
ATP12A,Brain_Cortex,0.190919
ATP12A,Lung,0.168334
ATP12A,Brain_Hippocampus,0.09871
ATP12A,Brain_Cerebellum,0.090621
ATP12A,Pituitary,0.06911
CDK8,Colon_Transverse_Muscularis,26.2198
CDK8,Colon_Sigmoid,24.8005
CDK8,Brain_Cerebellar_Hemisphere,18.5799
CDK8,Cells_EBV-transformed_lymphocytes,17.9035
CDK8,Testis,17.808
CDK8,Brain_Cerebellum,15.5157
CDK8,Esophagus_Muscularis,13.4444
CDK8,Bladder,12.8855
CDK8,Uterus,12.6841
CDK8,Stomach_Muscularis,12.1436
CDK8,Colon_Transverse,11.9763
CDK8,Colon_Transverse_Mixed_Cell,11.8854
FLT3,Brain_Cerebellar_Hemisphere,20.7712
FLT3,Brain_Cerebellum,19.1723
FLT3,Small_Intestine_Terminal_Ileum_Lymphoid_Aggregate,12.4499
FLT3,Liver_Portal_Tract,6.21932
FLT3,Spleen,5.55956
FLT3,Whole_Blood,4.79715
FLT3,Small_Intestine_Terminal_Ileum_Mixed_Cell,3.72965
FLT3,Brain_Spinal_cord_cervical_c-1,3.34141
FLT3,Testis,2.61278
FLT3,Small_Intestine_Terminal_Ileum,1.98837
FLT3,Pancreas_Mixed_Cell,1.79913
FLT3,Pancreas,1.77065
FLT1,Thyroid,56.8171
FLT1,Adipose_Visceral_Omentum,36.8584
FLT1,Adipose_Subcutaneous,29.7372
FLT1,Breast_Mammary_Tissue,26.986
FLT1,Lung,26.7844
FLT1,Uterus,22.2645
FLT1,Cervix_Endocervix,17.3749
FLT1,Kidney_Cortex,15.8856
FLT1,Fallopian_Tube,15.247
FLT1,Nerve_Tibial,15.1692
FLT1,Heart_Atrial_Appendage,14.5292
FLT1,Brain_Substantia_nigra,13.9786
HMGB1,Uterus,130.899
HMGB1,Small_Intestine_Terminal_Ileum_Lymphoid_Aggregate,123.526
HMGB1,Cervix_Endocervix,122.71
HMGB1,Cells_EBV-transformed_lymphocytes,112.229
HMGB1,Nerve_Tibial,110.87
HMGB1,Cervix_Ectocervix,104.462
HMGB1,Artery_Tibial,104.248
HMGB1,Fallopian_Tube,96.1943
HMGB1,Ovary,95.8203
HMGB1,Thyroid,89.6582
HMGB1,Brain_Cerebellar_Hemisphere,88.5533
HMGB1,Liver_Portal_Tract,87.6746
DCLK1,Brain_Frontal_Cortex_BA9,40.0715
DCLK1,Brain_Cortex,23.5277
DCLK1,Brain_Anterior_cingulate_cortex_BA24,19.4317
DCLK1,Brain_Hypothalamus,18.7986
DCLK1,Adipose_Subcutaneous,16.8789
DCLK1,Breast_Mammary_Tissue,14.8388
DCLK1,Pituitary,13.8899
DCLK1,Brain_Nucleus_accumbens_basal_ganglia,13.6713
DCLK1,Brain_Hippocampus,13.5223
DCLK1,Brain_Cerebellar_Hemisphere,11.6963
DCLK1,Brain_Cerebellum,11.0101
DCLK1,Brain_Amygdala,9.62861
TNFSF11,Cells_EBV-transformed_lymphocytes,15.6158
TNFSF11,Small_Intestine_Terminal_Ileum_Lymphoid_Aggregate,4.85369
TNFSF11,Small_Intestine_Terminal_Ileum_Mixed_Cell,3.39014
TNFSF11,Testis,1.68886
TNFSF11,Liver_Portal_Tract,1.48174
TNFSF11,Small_Intestine_Terminal_Ileum,0.582398
TNFSF11,Liver,0.348086
TNFSF11,Liver_Mixed_Cell,0.303907
TNFSF11,Colon_Transverse_Mucosa,0.286144
TNFSF11,Liver_Hepatocyte,0.269285
TNFSF11,Colon_Transverse_Mixed_Cell,0.264995
TNFSF11,Spleen,0.244178
CPB2,Liver_Mixed_Cell,207.162
CPB2,Liver_Hepatocyte,154.169
CPB2,Liver,112.208
CPB2,Liver_Portal_Tract,56.4092
CPB2,Lung,0.720217
CPB2,Pancreas_Mixed_Cell,0.200867
CPB2,Pancreas_Acini,0.140636
CPB2,Pancreas_Islets,0.128129
CPB2,Testis,0.123441
CPB2,Cells_EBV-transformed_lymphocytes,0.082735
CPB2,Small_Intestine_Terminal_Ileum_Mixed_Cell,0.076393
CPB2,Pancreas,0.067364
HTR2A,Brain_Frontal_Cortex_BA9,15.1084
HTR2A,Brain_Cortex,8.49868
HTR2A,Artery_Tibial,7.8916
HTR2A,Brain_Anterior_cingulate_cortex_BA24,6.04239
HTR2A,Brain_Hypothalamus,2.76126
HTR2A,Artery_Coronary,2.61163
HTR2A,Artery_Aorta,2.52914
HTR2A,Brain_Nucleus_accumbens_basal_ganglia,1.69043
HTR2A,Brain_Amygdala,1.65964
HTR2A,Testis,1.49153
HTR2A,Brain_Hippocampus,1.33176
HTR2A,Brain_Caudate_basal_ganglia,1.14145
LPAR6,Vagina,68.4941
LPAR6,Cervix_Ectocervix,60.6039
LPAR6,Liver_Portal_Tract,59.8934
LPAR6,Prostate,58.8801
LPAR6,Esophagus_Mucosa,56.3983
LPAR6,Minor_Salivary_Gland,49.4957
LPAR6,Adipose_Visceral_Omentum,35.5021
LPAR6,Small_Intestine_Terminal_Ileum_Lymphoid_Aggregate,35.1814
LPAR6,Lung,34.7847
LPAR6,Breast_Mammary_Tissue,34.6616
LPAR6,Nerve_Tibial,34.4861
LPAR6,Adipose_Subcutaneous,31.928
CYSLTR2,Adrenal_Gland,7.42178
CYSLTR2,Heart_Atrial_Appendage,5.08224
CYSLTR2,Spleen,3.323
CYSLTR2,Heart_Left_Ventricle,2.88909
CYSLTR2,Liver_Portal_Tract,2.52418
CYSLTR2,Small_Intestine_Terminal_Ileum_Lymphoid_Aggregate,2.42508
CYSLTR2,Small_Intestine_Terminal_Ileum_Mixed_Cell,1.93058
CYSLTR2,Brain_Hippocampus,1.92791
CYSLTR2,Brain_Anterior_cingulate_cortex_BA24,1.86813
CYSLTR2,Brain_Putamen_basal_ganglia,1.84563
CYSLTR2,Brain_Caudate_basal_ganglia,1.79376
CYSLTR2,Brain_Hypothalamus,1.6941
KLF5,Esophagus_Mucosa,320.016
KLF5,Skin_Not_Sun_Exposed_Suprapubic,316.406
KLF5,Skin_Sun_Exposed_Lower_leg,308.6
KLF5,Vagina,225.014
KLF5,Colon_Transverse_Mucosa,152.926
KLF5,Colon_Transverse_Mixed_Cell,137.423
KLF5,Cervix_Ectocervix,114.592
KLF5,Colon_Transverse,104.703
KLF5,Minor_Salivary_Gland,85.8449
KLF5,Nerve_Tibial,73.8357
KLF5,Small_Intestine_Terminal_Ileum,72.2353
KLF5,Small_Intestine_Terminal_Ileum_Mixed_Cell,69.7499
UCHL3,Testis,34.2972
UCHL3,Esophagus_Mucosa,33.718
UCHL3,Cells_EBV-transformed_lymphocytes,32.0388
UCHL3,Adrenal_Gland,31.5978
UCHL3,Cells_Cultured_fibroblasts,31.4858
UCHL3,Skin_Sun_Exposed_Lower_leg,27.9762
UCHL3,Skin_Not_Sun_Exposed_Suprapubic,25.9112
UCHL3,Thyroid,25.1398
UCHL3,Vagina,20.7197
UCHL3,Cervix_Ectocervix,19.3138
UCHL3,Liver_Mixed_Cell,18.7594
UCHL3,Pituitary,18.5811
EDNRB,Adipose_Visceral_Omentum,69.9379
EDNRB,Lung,62.9896
EDNRB,Adipose_Subcutaneous,57.2062
EDNRB,Brain_Caudate_basal_ganglia,44.0242
EDNRB,Breast_Mammary_Tissue,43.9168
EDNRB,Thyroid,40.2147
EDNRB,Brain_Nucleus_accumbens_basal_ganglia,38.7896
EDNRB,Liver_Portal_Tract,34.3075
EDNRB,Brain_Putamen_basal_ganglia,33.8171
EDNRB,Brain_Substantia_nigra,30.4284
EDNRB,Brain_Amygdala,28.2591
EDNRB,Kidney_Medulla,24.1151
ABCC4,Bladder,22.7299
ABCC4,Cells_EBV-transformed_lymphocytes,21.0919
ABCC4,Prostate,19.7011
ABCC4,Colon_Transverse_Muscularis,18.2927
ABCC4,Cells_Cultured_fibroblasts,17.0745
ABCC4,Colon_Sigmoid,13.8216
ABCC4,Lung,10.7003
ABCC4,Colon_Transverse_Mixed_Cell,10.4613
ABCC4,Colon_Transverse,10.1904
ABCC4,Stomach_Muscularis,9.95045
ABCC4,Kidney_Medulla,9.86772
ABCC4,Small_Intestine_Terminal_Ileum,8.01943
SLC15A1,Small_Intestine_Terminal_Ileum_Mixed_Cell,65.2989
SLC15A1,Small_Intestine_Terminal_Ileum,60.7243
SLC15A1,Skin_Not_Sun_Exposed_Suprapubic,36.7103
SLC15A1,Skin_Sun_Exposed_Lower_leg,33.5097
SLC15A1,Colon_Transverse_Mucosa,20.3107
SLC15A1,Liver_Portal_Tract,19.6634
SLC15A1,Colon_Transverse_Mixed_Cell,17.3725
SLC15A1,Liver,13.2506
SLC15A1,Liver_Hepatocyte,8.06061
SLC15A1,Liver_Mixed_Cell,7.06085
SLC15A1,Pancreas,5.96886
SLC15A1,Pancreas_Mixed_Cell,5.64049
GPR18,Testis,21.8525
GPR18,Small_Intestine_Terminal_Ileum_Lymphoid_Aggregate,18.4182
GPR18,Spleen,11.6826
GPR18,Small_Intestine_Terminal_Ileum_Mixed_Cell,6.82076
GPR18,Whole_Blood,4.32996
GPR18,Cells_EBV-transformed_lymphocytes,3.63586
GPR18,Liver_Portal_Tract,2.55572
GPR18,Small_Intestine_Terminal_Ileum,1.88111
GPR18,Lung,0.797027
GPR18,Colon_Transverse_Mixed_Cell,0.738907
GPR18,Prostate,0.606651
GPR18,Vagina,0.605363
GPR183,Small_Intestine_Terminal_Ileum_Lymphoid_Aggregate,184.609
GPR183,Cells_EBV-transformed_lymphocytes,136.727
GPR183,Small_Intestine_Terminal_Ileum_Mixed_Cell,72.0187
GPR183,Liver_Portal_Tract,51.9346
GPR183,Spleen,47.6615
GPR183,Nerve_Tibial,42.6171
GPR183,Lung,38.6363
GPR183,Whole_Blood,34.6189
GPR183,Brain_Spinal_cord_cervical_c-1,33.4974
GPR183,Colon_Sigmoid,27.3171
GPR183,Small_Intestine_Terminal_Ileum,26.8308
GPR183,Adipose_Visceral_Omentum,25.1526
ERCC5,Small_Intestine_Terminal_Ileum_Lymphoid_Aggregate,86.8387
ERCC5,Spleen,60.5772
ERCC5,Nerve_Tibial,59.8871
ERCC5,Ovary,55.5364
ERCC5,Thyroid,55.4307
ERCC5,Cells_Cultured_fibroblasts,52.8884
ERCC5,Skin_Sun_Exposed_Lower_leg,52.7595
ERCC5,Cervix_Endocervix,51.6581
ERCC5,Liver_Portal_Tract,51.4806
ERCC5,Small_Intestine_Terminal_Ileum_Mixed_Cell,49.7423
ERCC5,Cells_EBV-transformed_lymphocytes,49.6187
ERCC5,Brain_Cerebellar_Hemisphere,49.1392
SLC10A2,Small_Intestine_Terminal_Ileum_Mixed_Cell,149.937
SLC10A2,Small_Intestine_Terminal_Ileum,64.5806
SLC10A2,Kidney_Cortex,1.81582
SLC10A2,Small_Intestine_Terminal_Ileum_Lymphoid_Aggregate,1.29833
SLC10A2,Colon_Transverse_Mucosa,0.399765
SLC10A2,Colon_Transverse_Mixed_Cell,0.38452
SLC10A2,Cells_EBV-transformed_lymphocytes,0.143155
SLC10A2,Kidney_Medulla,0.096025
SLC10A2,Skin_Sun_Exposed_Lower_leg,0.061922
SLC10A2,Colon_Transverse,0.045894
SLC10A2,Liver_Portal_Tract,0.043036
SLC10A2,Colon_Transverse_Muscularis,0.037417
F10,Liver_Mixed_Cell,89.7013
F10,Liver,76.742
F10,Cervix_Ectocervix,63.8122
F10,Liver_Hepatocyte,55.2093
F10,Pancreas_Islets,53.0148
F10,Cervix_Endocervix,52.2958
F10,Ovary,42.466
F10,Fallopian_Tube,37.3643
F10,Vagina,33.1057
F10,Adipose_Subcutaneous,26.4026
F10,Liver_Portal_Tract,25.2179
F10,Heart_Atrial_Appendage,24.6379
APEX1,Cells_EBV-transformed_lymphocytes,301.61
APEX1,Cells_Cultured_fibroblasts,265.705
APEX1,Ovary,216.108
APEX1,Small_Intestine_Terminal_Ileum_Lymphoid_Aggregate,213.111
APEX1,Cervix_Endocervix,194.051
APEX1,Uterus,168.285
APEX1,Fallopian_Tube,166.407
APEX1,Thyroid,156.205
APEX1,Spleen,148.514
APEX1,Breast_Mammary_Tissue,147.551
APEX1,Small_Intestine_Terminal_Ileum_Mixed_Cell,146.784
APEX1,Liver_Portal_Tract,146.348
PNP,Kidney_Medulla,95.2569
PNP,Cells_EBV-transformed_lymphocytes,72.6082
PNP,Esophagus_Mucosa,68.5464
PNP,Liver_Portal_Tract,66.6282
PNP,Kidney_Cortex,60.1252
PNP,Whole_Blood,55.2608
PNP,Adipose_Visceral_Omentum,53.9941
PNP,Spleen,52.6917
PNP,Lung,46.4749
PNP,Stomach_Mixed_Cell,42.8072
PNP,Vagina,41.9821
PNP,Small_Intestine_Terminal_Ileum_Mixed_Cell,41.8592
ANG,Liver_Hepatocyte,645.276
ANG,Liver_Mixed_Cell,604.528
ANG,Liver,441.947
ANG,Liver_Portal_Tract,157.338
ANG,Ovary,59.0662
ANG,Minor_Salivary_Gland,35.5616
ANG,Artery_Aorta,34.4456
ANG,Cervix_Endocervix,34.1656
ANG,Uterus,32.6309
ANG,Breast_Mammary_Tissue,31.8069
ANG,Nerve_Tibial,30.6109
ANG,Cervix_Ectocervix,30.606
RNASE1,Testis,1541.14
RNASE1,Lung,939.492
RNASE1,Adipose_Visceral_Omentum,756.974
RNASE1,Adipose_Subcutaneous,731.055
RNASE1,Pancreas_Acini,680.998
RNASE1,Pancreas,679.054
RNASE1,Pancreas_Mixed_Cell,580.589
RNASE1,Brain_Spinal_cord_cervical_c-1,546.152
RNASE1,Spleen,465.841
RNASE1,Stomach_Mixed_Cell,440.829
RNASE1,Stomach,410.946
RNASE1,Artery_Coronary,381.876
METTL3,Small_Intestine_Terminal_Ileum_Lymphoid_Aggregate,112.101
METTL3,Thyroid,83.0676
METTL3,Ovary,79.876
METTL3,Cervix_Endocervix,79.7984
METTL3,Fallopian_Tube,78.9605
METTL3,Uterus,77.3142
METTL3,Nerve_Tibial,75.8987
METTL3,Brain_Cerebellum,72.8279
METTL3,Brain_Cerebellar_Hemisphere,66.4748
METTL3,Cells_EBV-transformed_lymphocytes,64.3462
METTL3,Prostate,63.3996
METTL3,Cervix_Ectocervix,61.5438
MMP14,Cells_Cultured_fibroblasts,614.407
MMP14,Cervix_Endocervix,378.622
MMP14,Uterus,298.722
MMP14,Adipose_Subcutaneous,269.753
MMP14,Artery_Tibial,239.182
MMP14,Cervix_Ectocervix,227.56
MMP14,Artery_Aorta,223.098
MMP14,Vagina,217.842
MMP14,Bladder,203.261
MMP14,Fallopian_Tube,198.805
MMP14,Skin_Sun_Exposed_Lower_leg,195.517
MMP14,Artery_Coronary,186.903
PRMT5,Cells_Cultured_fibroblasts,74.0911
PRMT5,Cells_EBV-transformed_lymphocytes,68.678
PRMT5,Ovary,49.9187
PRMT5,Fallopian_Tube,44.7142
PRMT5,Uterus,44.3284
PRMT5,Cervix_Endocervix,43.0016
PRMT5,Nerve_Tibial,42.4215
PRMT5,Thyroid,38.471
PRMT5,Esophagus_Mucosa,37.3515
PRMT5,Cervix_Ectocervix,37.0897
PRMT5,Vagina,35.081
PRMT5,Testis,33.9488
PSMB5,Cells_Cultured_fibroblasts,248.6
PSMB5,Muscle_Skeletal,187.037
PSMB5,Artery_Aorta,125.392
PSMB5,Fallopian_Tube,124.423
PSMB5,Adrenal_Gland,122.306
PSMB5,Uterus,122.132
PSMB5,Pituitary,121.68
PSMB5,Cervix_Endocervix,119.797
PSMB5,Artery_Coronary,118.425
PSMB5,Pancreas_Islets,117.296
PSMB5,Artery_Tibial,116.328
PSMB5,Liver_Mixed_Cell,115.047
LTB4R2,Spleen,29.1146
LTB4R2,Skin_Not_Sun_Exposed_Suprapubic,19.819
LTB4R2,Esophagus_Mucosa,18.5798
LTB4R2,Skin_Sun_Exposed_Lower_leg,18.2525
LTB4R2,Vagina,14.0222
LTB4R2,Cervix_Ectocervix,12.4962
LTB4R2,Small_Intestine_Terminal_Ileum_Lymphoid_Aggregate,11.8008
LTB4R2,Ovary,11.2333
LTB4R2,Whole_Blood,9.17347
LTB4R2,Minor_Salivary_Gland,8.03957
LTB4R2,Cells_EBV-transformed_lymphocytes,7.94846
LTB4R2,Cervix_Endocervix,7.31952
LTB4R,Skin_Not_Sun_Exposed_Suprapubic,118.784
LTB4R,Skin_Sun_Exposed_Lower_leg,107.301
LTB4R,Esophagus_Mucosa,97.4431
LTB4R,Whole_Blood,82.0141
LTB4R,Vagina,60.3157
LTB4R,Spleen,54.4051
LTB4R,Cervix_Ectocervix,42.7529
LTB4R,Small_Intestine_Terminal_Ileum_Lymphoid_Aggregate,39.0446
LTB4R,Liver_Portal_Tract,35.9022
LTB4R,Lung,24.9666
LTB4R,Minor_Salivary_Gland,22.2342
LTB4R,Prostate,21.5126
CMA1,Adipose_Subcutaneous,9.30591
CMA1,Skin_Sun_Exposed_Lower_leg,9.24614
CMA1,Skin_Not_Sun_Exposed_Suprapubic,7.97522
CMA1,Esophagus_Gastroesophageal_Junction,5.532
CMA1,Esophagus_Muscularis,5.19625
CMA1,Minor_Salivary_Gland,4.245
CMA1,Breast_Mammary_Tissue,4.10427
CMA1,Bladder,3.3757
CMA1,Stomach_Muscularis,3.16915
CMA1,Adipose_Visceral_Omentum,2.73056
CMA1,Small_Intestine_Terminal_Ileum_Mixed_Cell,2.43203
CMA1,Small_Intestine_Terminal_Ileum,2.35105
CTSG,Whole_Blood,48.1377
CTSG,Skin_Sun_Exposed_Lower_leg,27.6907
CTSG,Adipose_Subcutaneous,22.3634
CTSG,Skin_Not_Sun_Exposed_Suprapubic,21.1723
CTSG,Esophagus_Muscularis,16.3806
CTSG,Esophagus_Gastroesophageal_Junction,15.9853
CTSG,Bladder,11.9739
CTSG,Lung,11.736
CTSG,Spleen,10.328
CTSG,Breast_Mammary_Tissue,9.94145
CTSG,Minor_Salivary_Gland,9.69109
CTSG,Adipose_Visceral_Omentum,9.56441
SLC25A21,Testis,4.57409
SLC25A21,Liver_Portal_Tract,1.6026
SLC25A21,Esophagus_Mucosa,1.55132
SLC25A21,Stomach_Mixed_Cell,1.22948
SLC25A21,Uterus,1.21646
SLC25A21,Cervix_Endocervix,1.15651
SLC25A21,Fallopian_Tube,1.11298
SLC25A21,Ovary,1.07495
SLC25A21,Minor_Salivary_Gland,1.01297
SLC25A21,Artery_Tibial,0.980008
SLC25A21,Colon_Sigmoid,0.923
SLC25A21,Stomach_Mucosa,0.910461
MAP4K5,Cervix_Endocervix,77.8558
MAP4K5,Nerve_Tibial,74.204
MAP4K5,Uterus,70.236
MAP4K5,Ovary,64.095
MAP4K5,Cervix_Ectocervix,58.7092
MAP4K5,Vagina,55.0822
MAP4K5,Cells_Cultured_fibroblasts,51.2785
MAP4K5,Skin_Not_Sun_Exposed_Suprapubic,49.7191
MAP4K5,Skin_Sun_Exposed_Lower_leg,49.5194
MAP4K5,Fallopian_Tube,47.4631
MAP4K5,Artery_Tibial,43.4301
MAP4K5,Colon_Sigmoid,43.1776
PYGL,Whole_Blood,494.08
PYGL,Adipose_Subcutaneous,95.0274
PYGL,Adipose_Visceral_Omentum,93.1154
PYGL,Cells_Cultured_fibroblasts,92.0669
PYGL,Spleen,86.0979
PYGL,Esophagus_Mucosa,81.2347
PYGL,Cervix_Ectocervix,80.7869
PYGL,Vagina,73.7667
PYGL,Liver_Mixed_Cell,66.8936
PYGL,Liver_Hepatocyte,60.4146
PYGL,Liver,59.8883
PYGL,Nerve_Tibial,57.7152
PTGDR,Colon_Transverse_Mucosa,10.484
PTGDR,Liver_Portal_Tract,9.68352
PTGDR,Spleen,9.3776
PTGDR,Colon_Transverse_Mixed_Cell,7.93252
PTGDR,Colon_Transverse,6.96076
PTGDR,Nerve_Tibial,4.49627
PTGDR,Cervix_Endocervix,4.19651
PTGDR,Whole_Blood,3.4346
PTGDR,Adipose_Subcutaneous,3.35198
PTGDR,Cervix_Ectocervix,3.2815
PTGDR,Fallopian_Tube,3.23995
PTGDR,Lung,3.17051
PTGER2,Cells_Cultured_fibroblasts,37.1179
PTGER2,Whole_Blood,23.1649
PTGER2,Cervix_Endocervix,21.4131
PTGER2,Spleen,14.5893
PTGER2,Uterus,11.6868
PTGER2,Small_Intestine_Terminal_Ileum_Mixed_Cell,10.4045
PTGER2,Prostate,10.3016
PTGER2,Small_Intestine_Terminal_Ileum_Lymphoid_Aggregate,9.93162
PTGER2,Small_Intestine_Terminal_Ileum,9.14062
PTGER2,Ovary,9.0538
PTGER2,Liver_Portal_Tract,7.67364
PTGER2,Adipose_Visceral_Omentum,7.63636
LGALS3,Colon_Transverse_Mixed_Cell,1535.61
LGALS3,Colon_Transverse_Mucosa,1389.99
LGALS3,Small_Intestine_Terminal_Ileum_Mixed_Cell,890.968
LGALS3,Skin_Sun_Exposed_Lower_leg,747.916
LGALS3,Adipose_Subcutaneous,665.738
LGALS3,Skin_Not_Sun_Exposed_Suprapubic,663.063
LGALS3,Colon_Transverse,645.461
LGALS3,Vagina,522.619
LGALS3,Breast_Mammary_Tissue,522.15
LGALS3,Nerve_Tibial,518.927
LGALS3,Cervix_Ectocervix,513.157
LGALS3,Cells_Cultured_fibroblasts,472.283
PRKCH,Lung,32.3229
PRKCH,Spleen,26.3884
PRKCH,Small_Intestine_Terminal_Ileum_Lymphoid_Aggregate,22.4154
PRKCH,Thyroid,21.868
PRKCH,Adipose_Subcutaneous,21.7243
PRKCH,Vagina,18.9585
PRKCH,Skin_Sun_Exposed_Lower_leg,18.3681
PRKCH,Cervix_Ectocervix,18.2548
PRKCH,Esophagus_Mucosa,18.0891
PRKCH,Breast_Mammary_Tissue,17.6458
PRKCH,Skin_Not_Sun_Exposed_Suprapubic,17.0191
PRKCH,Uterus,16.4976
HIF1A,Cells_Cultured_fibroblasts,494.528
HIF1A,Adrenal_Gland,143.562
HIF1A,Lung,136.236
HIF1A,Liver_Portal_Tract,115.799
HIF1A,Artery_Coronary,96.11
HIF1A,Whole_Blood,91.3204
HIF1A,Adipose_Visceral_Omentum,85.3037
HIF1A,Thyroid,82.4738
HIF1A,Artery_Tibial,82.1989
HIF1A,Esophagus_Mucosa,80.3972
HIF1A,Spleen,79.0766
HIF1A,Artery_Aorta,77.7754
ESR2,Ovary,7.0895
ESR2,Testis,5.16022
ESR2,Adrenal_Gland,4.65773
ESR2,Cells_EBV-transformed_lymphocytes,2.64083
ESR2,Small_Intestine_Terminal_Ileum_Lymphoid_Aggregate,2.35987
ESR2,Spleen,1.50718
ESR2,Prostate,1.4079
ESR2,Uterus,1.31724
ESR2,Cervix_Endocervix,1.14891
ESR2,Kidney_Medulla,1.11158
ESR2,Pituitary,1.09936
ESR2,Small_Intestine_Terminal_Ileum_Mixed_Cell,1.01605
MTHFD1,Cells_EBV-transformed_lymphocytes,54.8984
MTHFD1,Liver_Mixed_Cell,34.7964
MTHFD1,Liver_Hepatocyte,26.8828
MTHFD1,Liver,26.4062
MTHFD1,Cells_Cultured_fibroblasts,25.0132
MTHFD1,Artery_Tibial,17.1698
MTHFD1,Adipose_Subcutaneous,16.1626
MTHFD1,Nerve_Tibial,14.2961
MTHFD1,Artery_Coronary,14.296
MTHFD1,Muscle_Skeletal,14.0454
MTHFD1,Artery_Aorta,13.634
MTHFD1,Adipose_Visceral_Omentum,13.2505
FNTB,Brain_Spinal_cord_cervical_c-1,142.382
FNTB,Nerve_Tibial,34.3941
FNTB,Testis,31.5967
FNTB,Skin_Sun_Exposed_Lower_leg,25.5933
FNTB,Brain_Substantia_nigra,24.7807
FNTB,Skin_Not_Sun_Exposed_Suprapubic,22.8835
FNTB,Brain_Cerebellar_Hemisphere,22.4381
FNTB,Brain_Cerebellum,22.3296
FNTB,Fallopian_Tube,22.1445
FNTB,Pituitary,20.7163
FNTB,Vagina,20.6497
FNTB,Esophagus_Mucosa,19.5731
ARG2,Kidney_Medulla,72.066
ARG2,Prostate,63.3054
ARG2,Pituitary,56.6504
ARG2,Thyroid,48.252
ARG2,Pancreas_Islets,41.5991
ARG2,Kidney_Cortex,30.0191
ARG2,Brain_Cerebellar_Hemisphere,26.2482
ARG2,Brain_Cerebellum,22.1861
ARG2,Minor_Salivary_Gland,19.1684
ARG2,Esophagus_Mucosa,14.9098
ARG2,Vagina,12.4422
ARG2,Muscle_Skeletal,10.0334
SLC10A1,Liver,95.5506
SLC10A1,Liver_Mixed_Cell,27.3812
SLC10A1,Liver_Hepatocyte,24.0368
SLC10A1,Liver_Portal_Tract,9.70895
SLC10A1,Testis,0.48549
SLC10A1,Brain_Cerebellum,0.461586
SLC10A1,Brain_Cerebellar_Hemisphere,0.363324
SLC10A1,Small_Intestine_Terminal_Ileum_Lymphoid_Aggregate,0.346696
SLC10A1,Small_Intestine_Terminal_Ileum_Mixed_Cell,0.298993
SLC10A1,Colon_Transverse_Mucosa,0.262234
SLC10A1,Pituitary,0.219997
SLC10A1,Spleen,0.218415
PSEN1,Brain_Spinal_cord_cervical_c-1,32.7698
PSEN1,Colon_Transverse_Mixed_Cell,21.4278
PSEN1,Whole_Blood,21.2928
PSEN1,Skin_Sun_Exposed_Lower_leg,19.9936
PSEN1,Colon_Transverse_Mucosa,19.9486
PSEN1,Small_Intestine_Terminal_Ileum_Mixed_Cell,19.5543
PSEN1,Skin_Not_Sun_Exposed_Suprapubic,18.264
PSEN1,Liver_Portal_Tract,17.2087
PSEN1,Nerve_Tibial,16.5719
PSEN1,Small_Intestine_Terminal_Ileum_Lymphoid_Aggregate,15.7685
PSEN1,Lung,15.2972
PSEN1,Cells_Cultured_fibroblasts,15.1889
ENTPD5,Colon_Transverse_Mucosa,37.8658
ENTPD5,Colon_Transverse_Mixed_Cell,32.7027
ENTPD5,Liver_Mixed_Cell,24.3058
ENTPD5,Liver_Hepatocyte,20.9887
ENTPD5,Liver,19.5498
ENTPD5,Colon_Transverse,17.5357
ENTPD5,Small_Intestine_Terminal_Ileum_Mixed_Cell,14.7475
ENTPD5,Prostate,14.6477
ENTPD5,Small_Intestine_Terminal_Ileum,11.9811
ENTPD5,Cells_Cultured_fibroblasts,10.384
ENTPD5,Testis,10.3638
ENTPD5,Nerve_Tibial,9.91359
PGF,Thyroid,102.145
PGF,Artery_Tibial,89.9415
PGF,Artery_Coronary,55.0819
PGF,Small_Intestine_Terminal_Ileum_Lymphoid_Aggregate,42.8205
PGF,Artery_Aorta,42.592
PGF,Fallopian_Tube,39.2044
PGF,Cervix_Endocervix,39.1303
PGF,Cervix_Ectocervix,35.5509
PGF,Liver_Portal_Tract,28.6794
PGF,Prostate,26.1021
PGF,Nerve_Tibial,24.8642
PGF,Vagina,20.4957
ESRRB,Kidney_Medulla,17.9981
ESRRB,Stomach_Mixed_Cell,7.21084
ESRRB,Stomach_Mucosa,6.95752
ESRRB,Stomach,4.48629
ESRRB,Testis,3.38496
ESRRB,Kidney_Cortex,3.23384
ESRRB,Muscle_Skeletal,2.32123
ESRRB,Heart_Left_Ventricle,1.89941
ESRRB,Heart_Atrial_Appendage,1.70397
ESRRB,Pituitary,0.516775
ESRRB,Spleen,0.460888
ESRRB,Brain_Cerebellum,0.460368
GPR65,Spleen,11.7197
GPR65,Small_Intestine_Terminal_Ileum_Lymphoid_Aggregate,11.4105
GPR65,Whole_Blood,9.47405
GPR65,Cells_EBV-transformed_lymphocytes,8.57379
GPR65,Liver_Portal_Tract,7.82269
GPR65,Small_Intestine_Terminal_Ileum_Mixed_Cell,4.70733
GPR65,Lung,4.69591
GPR65,Small_Intestine_Terminal_Ileum,2.54407
GPR65,Adipose_Visceral_Omentum,1.55777
GPR65,Bladder,1.25084
GPR65,Artery_Coronary,1.23302
GPR65,Brain_Spinal_cord_cervical_c-1,1.20244
TDP1,Cells_EBV-transformed_lymphocytes,27.7617
TDP1,Testis,23.9392
TDP1,Small_Intestine_Terminal_Ileum_Lymphoid_Aggregate,14.641
TDP1,Cells_Cultured_fibroblasts,8.59111
TDP1,Spleen,8.14299
TDP1,Small_Intestine_Terminal_Ileum_Mixed_Cell,7.1388
TDP1,Brain_Cerebellar_Hemisphere,6.91011
TDP1,Brain_Cerebellum,6.29229
TDP1,Cervix_Ectocervix,5.83348
TDP1,Skin_Sun_Exposed_Lower_leg,5.76502
TDP1,Ovary,5.62164
TDP1,Esophagus_Mucosa,5.54489
CALM1,Brain_Cerebellar_Hemisphere,1217.97
CALM1,Brain_Frontal_Cortex_BA9,1082.22
CALM1,Brain_Cerebellum,958.928
CALM1,Brain_Anterior_cingulate_cortex_BA24,861.676
CALM1,Brain_Cortex,820.959
CALM1,Brain_Nucleus_accumbens_basal_ganglia,715.029
CALM1,Brain_Amygdala,599.275
CALM1,Brain_Hippocampus,542.629
CALM1,Brain_Caudate_basal_ganglia,532.552
CALM1,Colon_Sigmoid,437.551
CALM1,Brain_Hypothalamus,424.115
CALM1,Brain_Putamen_basal_ganglia,410.023
RPS6KA5,Brain_Cerebellar_Hemisphere,8.01319
RPS6KA5,Brain_Cerebellum,6.52164
RPS6KA5,Esophagus_Muscularis,5.23556
RPS6KA5,Esophagus_Gastroesophageal_Junction,4.44307
RPS6KA5,Colon_Sigmoid,3.36087
RPS6KA5,Nerve_Tibial,3.18584
RPS6KA5,Brain_Spinal_cord_cervical_c-1,3.07946
RPS6KA5,Stomach_Muscularis,2.85416
RPS6KA5,Bladder,2.83761
RPS6KA5,Colon_Transverse_Muscularis,2.7828
RPS6KA5,Small_Intestine_Terminal_Ileum_Lymphoid_Aggregate,2.65423
RPS6KA5,Small_Intestine_Terminal_Ileum,2.59836
SERPINA6,Liver_Mixed_Cell,307.219
SERPINA6,Liver_Hepatocyte,255.957
SERPINA6,Liver,184.851
SERPINA6,Liver_Portal_Tract,84.199
SERPINA6,Pancreas_Islets,8.53504
SERPINA6,Pancreas_Mixed_Cell,7.65132
SERPINA6,Kidney_Medulla,7.30292
SERPINA6,Pancreas,6.59755
SERPINA6,Pancreas_Acini,5.79712
SERPINA6,Kidney_Cortex,5.18377
SERPINA6,Colon_Transverse_Mucosa,3.19472
SERPINA6,Colon_Transverse_Mixed_Cell,2.52655
CYP46A1,Brain_Caudate_basal_ganglia,52.1532
CYP46A1,Brain_Nucleus_accumbens_basal_ganglia,51.5035
CYP46A1,Brain_Putamen_basal_ganglia,42.1561
CYP46A1,Brain_Cortex,32.5322
CYP46A1,Brain_Frontal_Cortex_BA9,31.548
CYP46A1,Brain_Anterior_cingulate_cortex_BA24,23.1763
CYP46A1,Brain_Hippocampus,15.3109
CYP46A1,Brain_Amygdala,14.9579
CYP46A1,Pituitary,14.2857
CYP46A1,Brain_Hypothalamus,12.4593
CYP46A1,Brain_Substantia_nigra,7.27633
CYP46A1,Brain_Cerebellum,6.02647
HSP90AA1,Testis,955.2
HSP90AA1,Cells_EBV-transformed_lymphocytes,925.164
HSP90AA1,Brain_Frontal_Cortex_BA9,768.253
HSP90AA1,Brain_Cerebellar_Hemisphere,735.684
HSP90AA1,Brain_Spinal_cord_cervical_c-1,699.176
HSP90AA1,Cells_Cultured_fibroblasts,674.547
HSP90AA1,Brain_Hypothalamus,671.555
HSP90AA1,Brain_Substantia_nigra,606.253
HSP90AA1,Brain_Nucleus_accumbens_basal_ganglia,605.073
HSP90AA1,Brain_Cerebellum,588.019
HSP90AA1,Brain_Cortex,579.959
HSP90AA1,Pituitary,540.901
CDC42BPB,Uterus,86.759
CDC42BPB,Cells_Cultured_fibroblasts,76.7107
CDC42BPB,Cervix_Endocervix,75.8663
CDC42BPB,Brain_Cerebellum,75.4749
CDC42BPB,Artery_Tibial,74.1751
CDC42BPB,Nerve_Tibial,72.9216
CDC42BPB,Fallopian_Tube,71.6549
CDC42BPB,Ovary,71.2981
CDC42BPB,Lung,69.0933
CDC42BPB,Bladder,68.3912
CDC42BPB,Brain_Cerebellar_Hemisphere,66.9677
CDC42BPB,Adipose_Subcutaneous,66.9625
MARK3,Brain_Cerebellar_Hemisphere,42.7651
MARK3,Brain_Cerebellum,37.1471
MARK3,Ovary,25.2076
MARK3,Lung,23.5157
MARK3,Thyroid,23.5127
MARK3,Fallopian_Tube,23.424
MARK3,Nerve_Tibial,21.7196
MARK3,Uterus,21.7178
MARK3,Testis,21.3605
MARK3,Cervix_Endocervix,21.1767
MARK3,Small_Intestine_Terminal_Ileum_Lymphoid_Aggregate,20.1598
MARK3,Pituitary,19.4623
AKT1,Artery_Aorta,87.2742
AKT1,Esophagus_Muscularis,80.6645
AKT1,Cells_Cultured_fibroblasts,80.0888
AKT1,Lung,79.6471
AKT1,Artery_Tibial,79.4316
AKT1,Colon_Sigmoid,70.9964
AKT1,Adrenal_Gland,70.2641
AKT1,Esophagus_Gastroesophageal_Junction,69.8794
AKT1,Prostate,69.5857
AKT1,Uterus,68.4185
AKT1,Artery_Coronary,68.2839
AKT1,Thyroid,66.3756
GPR132,Cells_EBV-transformed_lymphocytes,32.2228
GPR132,Small_Intestine_Terminal_Ileum_Lymphoid_Aggregate,26.3142
GPR132,Whole_Blood,23.0598
GPR132,Spleen,13.3608
GPR132,Small_Intestine_Terminal_Ileum_Mixed_Cell,10.8388
GPR132,Liver_Portal_Tract,9.72712
GPR132,Thyroid,4.98212
GPR132,Lung,4.97043
GPR132,Small_Intestine_Terminal_Ileum,4.32193
GPR132,Kidney_Medulla,2.79935
GPR132,Adipose_Visceral_Omentum,2.76772
GPR132,Skin_Sun_Exposed_Lower_leg,2.33114
GABRB3,Brain_Frontal_Cortex_BA9,21.7089
GABRB3,Brain_Cerebellar_Hemisphere,16.7867
GABRB3,Brain_Nucleus_accumbens_basal_ganglia,16.2265
GABRB3,Pituitary,14.3668
GABRB3,Brain_Cortex,14.0
GABRB3,Brain_Cerebellum,12.5686
GABRB3,Brain_Anterior_cingulate_cortex_BA24,11.5553
GABRB3,Brain_Caudate_basal_ganglia,9.55129
GABRB3,Pancreas_Islets,8.42011
GABRB3,Brain_Hypothalamus,8.30612
GABRB3,Brain_Hippocampus,7.7639
GABRB3,Brain_Putamen_basal_ganglia,7.29824
GABRA5,Brain_Nucleus_accumbens_basal_ganglia,111.017
GABRA5,Brain_Anterior_cingulate_cortex_BA24,47.7483
GABRA5,Brain_Frontal_Cortex_BA9,40.3077
GABRA5,Brain_Hippocampus,34.8821
GABRA5,Brain_Cortex,30.6129
GABRA5,Brain_Caudate_basal_ganglia,27.1667
GABRA5,Brain_Amygdala,17.2652
GABRA5,Brain_Putamen_basal_ganglia,13.7676
GABRA5,Esophagus_Muscularis,12.3789
GABRA5,Brain_Hypothalamus,11.0995
GABRA5,Esophagus_Gastroesophageal_Junction,6.09089
GABRA5,Stomach_Muscularis,3.48447
CHRNA7,Testis,0.732723
CHRNA7,Thyroid,0.640991
CHRNA7,Ovary,0.590083
CHRNA7,Stomach_Mixed_Cell,0.456296
CHRNA7,Small_Intestine_Terminal_Ileum_Mixed_Cell,0.445844
CHRNA7,Small_Intestine_Terminal_Ileum,0.443351
CHRNA7,Stomach,0.434757
CHRNA7,Stomach_Mucosa,0.356611
CHRNA7,Brain_Frontal_Cortex_BA9,0.35211
CHRNA7,Brain_Cortex,0.316302
CHRNA7,Artery_Aorta,0.267334
CHRNA7,Prostate,0.259857
CHRM5,Brain_Spinal_cord_cervical_c-1,2.04642
CHRM5,Brain_Hypothalamus,1.75586
CHRM5,Brain_Substantia_nigra,1.41305
CHRM5,Testis,1.22753
CHRM5,Nerve_Tibial,0.466416
CHRM5,Brain_Cerebellum,0.44602
CHRM5,Brain_Cerebellar_Hemisphere,0.418507
CHRM5,Small_Intestine_Terminal_Ileum_Lymphoid_Aggregate,0.392833
CHRM5,Brain_Hippocampus,0.359695
CHRM5,Spleen,0.346705
CHRM5,Liver,0.298613
CHRM5,Liver_Portal_Tract,0.283666
RAD51,Cells_EBV-transformed_lymphocytes,28.3195
RAD51,Testis,24.3442
RAD51,Cells_Cultured_fibroblasts,8.33277
RAD51,Small_Intestine_Terminal_Ileum_Mixed_Cell,5.49139
RAD51,Colon_Transverse_Mixed_Cell,5.2195
RAD51,Small_Intestine_Terminal_Ileum_Lymphoid_Aggregate,4.92203
RAD51,Colon_Transverse_Mucosa,4.64296
RAD51,Esophagus_Mucosa,4.10886
RAD51,Colon_Transverse,2.41628
RAD51,Spleen,2.40991
RAD51,Small_Intestine_Terminal_Ileum,2.09572
RAD51,Skin_Sun_Exposed_Lower_leg,1.96852
LTK,Lung,29.9261
LTK,Liver_Portal_Tract,14.5708
LTK,Colon_Transverse_Mucosa,11.3685
LTK,Spleen,11.1073
LTK,Colon_Transverse_Mixed_Cell,8.80581
LTK,Small_Intestine_Terminal_Ileum,8.1528
LTK,Small_Intestine_Terminal_Ileum_Mixed_Cell,7.81869
LTK,Stomach_Mixed_Cell,7.74866
LTK,Colon_Transverse,6.97489
LTK,Stomach_Mucosa,6.90867
LTK,Testis,6.48187
LTK,Small_Intestine_Terminal_Ileum_Lymphoid_Aggregate,5.00254
TYRO3,Ovary,69.7826
TYRO3,Brain_Cerebellar_Hemisphere,64.2109
TYRO3,Brain_Cerebellum,62.4936
TYRO3,Brain_Cortex,44.3119
TYRO3,Brain_Frontal_Cortex_BA9,41.8619
TYRO3,Brain_Spinal_cord_cervical_c-1,39.8344
TYRO3,Brain_Anterior_cingulate_cortex_BA24,28.9904
TYRO3,Testis,27.424
TYRO3,Brain_Amygdala,21.0177
TYRO3,Brain_Hippocampus,20.6043
TYRO3,Brain_Substantia_nigra,19.1721
TYRO3,Nerve_Tibial,18.5024
PLA2G4B,Brain_Cerebellum,283.282
PLA2G4B,Brain_Cerebellar_Hemisphere,243.89
PLA2G4B,Skin_Not_Sun_Exposed_Suprapubic,139.556
PLA2G4B,Skin_Sun_Exposed_Lower_leg,120.059
PLA2G4B,Small_Intestine_Terminal_Ileum_Lymphoid_Aggregate,112.79
PLA2G4B,Thyroid,112.1
PLA2G4B,Vagina,110.665
PLA2G4B,Cervix_Ectocervix,99.6733
PLA2G4B,Prostate,95.1289
PLA2G4B,Ovary,93.5846
PLA2G4B,Esophagus_Mucosa,80.3591
PLA2G4B,Kidney_Medulla,77.3315
GANC,Cells_EBV-transformed_lymphocytes,16.9904
GANC,Lung,14.7096
GANC,Nerve_Tibial,14.4916
GANC,Artery_Aorta,14.0849
GANC,Uterus,13.9292
GANC,Cervix_Endocervix,12.9919
GANC,Ovary,12.9809
GANC,Fallopian_Tube,12.428
GANC,Artery_Coronary,12.4191
GANC,Artery_Tibial,12.3661
GANC,Cells_Cultured_fibroblasts,12.2212
GANC,Cervix_Ectocervix,12.1634
PDIA3,Cells_Cultured_fibroblasts,450.798
PDIA3,Thyroid,333.813
PDIA3,Liver_Mixed_Cell,237.384
PDIA3,Artery_Aorta,233.621
PDIA3,Pancreas_Islets,196.895
PDIA3,Pituitary,189.131
PDIA3,Liver_Hepatocyte,187.301
PDIA3,Artery_Coronary,184.154
PDIA3,Lung,179.13
PDIA3,Cells_EBV-transformed_lymphocytes,177.718
PDIA3,Fallopian_Tube,164.933
PDIA3,Cervix_Endocervix,162.301
SLC28A2,Small_Intestine_Terminal_Ileum_Mixed_Cell,13.8287
SLC28A2,Small_Intestine_Terminal_Ileum,6.45902
SLC28A2,Colon_Transverse_Mucosa,4.94732
SLC28A2,Colon_Transverse_Mixed_Cell,4.11413
SLC28A2,Stomach_Mucosa,3.0834
SLC28A2,Stomach_Mixed_Cell,2.88334
SLC28A2,Stomach,1.09154
SLC28A2,Small_Intestine_Terminal_Ileum_Lymphoid_Aggregate,0.803623
SLC28A2,Colon_Transverse,0.707095
SLC28A2,Testis,0.570953
SLC28A2,Kidney_Cortex,0.483658
SLC28A2,Liver_Portal_Tract,0.4532
USP8,Cells_Cultured_fibroblasts,10.0656
USP8,Cells_EBV-transformed_lymphocytes,9.01258
USP8,Nerve_Tibial,8.40792
USP8,Cervix_Endocervix,7.99717
USP8,Uterus,7.73297
USP8,Ovary,7.68696
USP8,Small_Intestine_Terminal_Ileum_Lymphoid_Aggregate,7.58565
USP8,Thyroid,7.41245
USP8,Testis,7.35401
USP8,Artery_Tibial,7.34587
USP8,Cervix_Ectocervix,7.02319
USP8,Fallopian_Tube,6.97394
TRPM7,Cells_EBV-transformed_lymphocytes,27.6729
TRPM7,Cells_Cultured_fibroblasts,23.1725
TRPM7,Small_Intestine_Terminal_Ileum_Lymphoid_Aggregate,20.5176
TRPM7,Ovary,20.2021
TRPM7,Uterus,19.6358
TRPM7,Brain_Cerebellar_Hemisphere,18.2863
TRPM7,Nerve_Tibial,17.5275
TRPM7,Cervix_Endocervix,17.2882
TRPM7,Brain_Cerebellum,16.6955
TRPM7,Thyroid,15.7582
TRPM7,Fallopian_Tube,15.5536
TRPM7,Liver_Portal_Tract,14.9667
CYP19A1,Cells_Cultured_fibroblasts,6.91637
CYP19A1,Nerve_Tibial,3.62083
CYP19A1,Testis,2.7422
CYP19A1,Adipose_Subcutaneous,2.3035
CYP19A1,Thyroid,1.05102
CYP19A1,Artery_Coronary,0.748563
CYP19A1,Ovary,0.740799
CYP19A1,Skin_Sun_Exposed_Lower_leg,0.483185
CYP19A1,Artery_Tibial,0.417498
CYP19A1,Adrenal_Gland,0.379466
CYP19A1,Breast_Mammary_Tissue,0.366836
CYP19A1,Bladder,0.362945
BCL2L10,Cells_EBV-transformed_lymphocytes,16.4074
BCL2L10,Skin_Not_Sun_Exposed_Suprapubic,10.1002
BCL2L10,Liver_Mixed_Cell,9.37227
BCL2L10,Skin_Sun_Exposed_Lower_leg,8.81825
BCL2L10,Liver_Hepatocyte,8.1747
BCL2L10,Vagina,6.21686
BCL2L10,Small_Intestine_Terminal_Ileum_Lymphoid_Aggregate,5.48147
BCL2L10,Liver,5.21183
BCL2L10,Cervix_Ectocervix,4.89012
BCL2L10,Esophagus_Mucosa,4.60847
BCL2L10,Brain_Nucleus_accumbens_basal_ganglia,3.85866
BCL2L10,Small_Intestine_Terminal_Ileum_Mixed_Cell,3.85762
ALDH1A2,Uterus,58.1525
ALDH1A2,Cervix_Endocervix,55.0049
ALDH1A2,Testis,39.6731
ALDH1A2,Cervix_Ectocervix,30.4431
ALDH1A2,Liver_Portal_Tract,27.3008
ALDH1A2,Fallopian_Tube,25.2712
ALDH1A2,Prostate,19.7979
ALDH1A2,Kidney_Medulla,19.308
ALDH1A2,Pituitary,18.1041
ALDH1A2,Adipose_Visceral_Omentum,16.844
ALDH1A2,Heart_Atrial_Appendage,13.4508
ALDH1A2,Vagina,13.0249
RORA,Skin_Sun_Exposed_Lower_leg,88.3529
RORA,Skin_Not_Sun_Exposed_Suprapubic,86.0211
RORA,Adrenal_Gland,31.1312
RORA,Muscle_Skeletal,23.3088
RORA,Liver_Portal_Tract,17.2745
RORA,Brain_Cerebellum,16.2433
RORA,Small_Intestine_Terminal_Ileum_Lymphoid_Aggregate,15.6229
RORA,Lung,14.791
RORA,Ovary,13.258
RORA,Esophagus_Gastroesophageal_Junction,12.6342
RORA,Thyroid,12.5143
RORA,Brain_Cerebellar_Hemisphere,12.2345
CA12,Skin_Not_Sun_Exposed_Suprapubic,175.829
CA12,Kidney_Cortex,174.564
CA12,Skin_Sun_Exposed_Lower_leg,136.816
CA12,Kidney_Medulla,132.093
CA12,Colon_Transverse_Mucosa,120.046
CA12,Colon_Transverse_Mixed_Cell,110.472
CA12,Esophagus_Mucosa,98.6603
CA12,Cervix_Ectocervix,85.2411
CA12,Vagina,84.7726
CA12,Cells_Cultured_fibroblasts,72.4844
CA12,Colon_Transverse,66.9323
CA12,Fallopian_Tube,60.3069
DAPK2,Thyroid,42.4187
DAPK2,Muscle_Skeletal,19.8051
DAPK2,Lung,16.7379
DAPK2,Whole_Blood,13.1763
DAPK2,Heart_Atrial_Appendage,12.1604
DAPK2,Colon_Transverse_Mucosa,7.61505
DAPK2,Vagina,7.54036
DAPK2,Small_Intestine_Terminal_Ileum,7.04494
DAPK2,Cervix_Ectocervix,6.69096
DAPK2,Small_Intestine_Terminal_Ileum_Mixed_Cell,6.68303
DAPK2,Small_Intestine_Terminal_Ileum_Lymphoid_Aggregate,6.59233
DAPK2,Adipose_Subcutaneous,6.39987
CSNK1G1,Testis,23.9126
CSNK1G1,Cells_EBV-transformed_lymphocytes,15.1138
CSNK1G1,Cells_Cultured_fibroblasts,11.6795
CSNK1G1,Esophagus_Mucosa,8.5063
CSNK1G1,Thyroid,7.4216
CSNK1G1,Skin_Sun_Exposed_Lower_leg,7.22744
CSNK1G1,Skin_Not_Sun_Exposed_Suprapubic,7.1455
CSNK1G1,Pituitary,7.09044
CSNK1G1,Uterus,6.86043
CSNK1G1,Vagina,6.82943
CSNK1G1,Lung,6.59914
CSNK1G1,Brain_Cerebellar_Hemisphere,6.53322
CLPX,Cells_EBV-transformed_lymphocytes,33.0685
CLPX,Skin_Sun_Exposed_Lower_leg,30.3313
CLPX,Liver_Mixed_Cell,29.618
CLPX,Testis,29.2477
CLPX,Cells_Cultured_fibroblasts,29.2106
CLPX,Skin_Not_Sun_Exposed_Suprapubic,28.879
CLPX,Esophagus_Mucosa,26.829
CLPX,Muscle_Skeletal,25.5063
CLPX,Cervix_Ectocervix,25.1297
CLPX,Uterus,25.0665
CLPX,Liver_Hepatocyte,25.0292
CLPX,Vagina,24.9123
PARP16,Ovary,18.7525
PARP16,Cervix_Endocervix,17.7292
PARP16,Uterus,17.3653
PARP16,Fallopian_Tube,16.4807
PARP16,Cervix_Ectocervix,14.4459
PARP16,Bladder,13.5264
PARP16,Nerve_Tibial,13.341
PARP16,Vagina,12.9821
PARP16,Cells_EBV-transformed_lymphocytes,12.5533
PARP16,Colon_Sigmoid,12.5003
PARP16,Artery_Tibial,11.8245
PARP16,Brain_Cerebellum,11.6061
DPP8,Brain_Cerebellar_Hemisphere,20.3822
DPP8,Testis,17.9248
DPP8,Uterus,17.1452
DPP8,Artery_Tibial,16.4723
DPP8,Cells_Cultured_fibroblasts,15.8942
DPP8,Small_Intestine_Terminal_Ileum_Lymphoid_Aggregate,15.5401
DPP8,Nerve_Tibial,15.2691
DPP8,Cells_EBV-transformed_lymphocytes,15.2301
DPP8,Cervix_Endocervix,15.2119
DPP8,Ovary,15.1935
DPP8,Brain_Frontal_Cortex_BA9,14.7299
DPP8,Adipose_Subcutaneous,14.687
MAP2K1,Cells_EBV-transformed_lymphocytes,78.5861
MAP2K1,Brain_Cerebellar_Hemisphere,68.7083
MAP2K1,Brain_Frontal_Cortex_BA9,65.5359
MAP2K1,Brain_Nucleus_accumbens_basal_ganglia,56.8802
MAP2K1,Brain_Anterior_cingulate_cortex_BA24,43.8332
MAP2K1,Adipose_Subcutaneous,43.5482
MAP2K1,Artery_Aorta,42.9646
MAP2K1,Artery_Tibial,41.9171
MAP2K1,Brain_Cerebellum,40.6574
MAP2K1,Cells_Cultured_fibroblasts,39.4513
MAP2K1,Lung,37.0368
MAP2K1,Esophagus_Mucosa,34.7951
SMAD3,Thyroid,57.4974
SMAD3,Cells_Cultured_fibroblasts,56.8502
SMAD3,Cervix_Endocervix,52.3549
SMAD3,Vagina,50.267
SMAD3,Ovary,49.7669
SMAD3,Bladder,46.3736
SMAD3,Uterus,46.3659
SMAD3,Adipose_Subcutaneous,43.9377
SMAD3,Cervix_Ectocervix,42.649
SMAD3,Small_Intestine_Terminal_Ileum_Lymphoid_Aggregate,40.4543
SMAD3,Fallopian_Tube,40.1517
SMAD3,Artery_Aorta,40.0264
MAP2K5,Testis,20.5846
MAP2K5,Ovary,19.9668
MAP2K5,Nerve_Tibial,17.0893
MAP2K5,Uterus,16.583
MAP2K5,Cervix_Endocervix,15.8998
MAP2K5,Cells_Cultured_fibroblasts,15.7693
MAP2K5,Brain_Cerebellum,15.5301
MAP2K5,Colon_Sigmoid,15.504
MAP2K5,Fallopian_Tube,15.3271
MAP2K5,Brain_Cerebellar_Hemisphere,15.2614
MAP2K5,Artery_Tibial,14.8004
MAP2K5,Adipose_Subcutaneous,14.4237
NR2E3,Prostate,1.386
NR2E3,Liver_Portal_Tract,1.33629
NR2E3,Testis,1.28988
NR2E3,Thyroid,1.01321
NR2E3,Stomach_Mixed_Cell,0.719992
NR2E3,Stomach_Mucosa,0.677777
NR2E3,Kidney_Medulla,0.677682
NR2E3,Cervix_Ectocervix,0.665297
NR2E3,Minor_Salivary_Gland,0.625968
NR2E3,Artery_Aorta,0.613835
NR2E3,Fallopian_Tube,0.529615
NR2E3,Stomach,0.502256
SENP8,Testis,7.44889
SENP8,Thyroid,2.63598
SENP8,Cells_Cultured_fibroblasts,2.47565
SENP8,Brain_Cerebellar_Hemisphere,2.12871
SENP8,Pituitary,2.12771
SENP8,Brain_Cerebellum,1.90892
SENP8,Brain_Frontal_Cortex_BA9,1.79994
SENP8,Kidney_Medulla,1.70585
SENP8,Brain_Hypothalamus,1.57826
SENP8,Prostate,1.53848
SENP8,Cells_EBV-transformed_lymphocytes,1.53297
SENP8,Brain_Cortex,1.48382
PKM,Cells_EBV-transformed_lymphocytes,1328.22
PKM,Cells_Cultured_fibroblasts,1106.48
PKM,Muscle_Skeletal,565.841
PKM,Artery_Aorta,553.229
PKM,Esophagus_Mucosa,544.776
PKM,Brain_Cerebellum,526.509
PKM,Brain_Cerebellar_Hemisphere,524.257
PKM,Brain_Frontal_Cortex_BA9,520.844
PKM,Adrenal_Gland,507.853
PKM,Kidney_Medulla,488.363
PKM,Brain_Cortex,467.665
PKM,Whole_Blood,444.797
HEXA,Thyroid,36.199
HEXA,Small_Intestine_Terminal_Ileum_Lymphoid_Aggregate,31.9627
HEXA,Cervix_Endocervix,30.3912
HEXA,Cells_Cultured_fibroblasts,29.858
HEXA,Artery_Aorta,29.3716
HEXA,Lung,28.235
HEXA,Ovary,27.9138
HEXA,Kidney_Medulla,27.9133
HEXA,Uterus,26.999
HEXA,Nerve_Tibial,26.929
HEXA,Artery_Coronary,25.7717
HEXA,Spleen,25.7584
CLK3,Testis,20.1808
CLK3,Thyroid,19.4053
CLK3,Whole_Blood,19.3313
CLK3,Small_Intestine_Terminal_Ileum_Lymphoid_Aggregate,18.9524
CLK3,Ovary,18.5602
CLK3,Cervix_Endocervix,18.2381
CLK3,Fallopian_Tube,17.1865
CLK3,Uterus,17.1272
CLK3,Spleen,16.622
CLK3,Nerve_Tibial,16.3226
CLK3,Prostate,16.0425
CLK3,Cervix_Ectocervix,16.0294
CYP1A1,Liver,5.83098
CYP1A1,Adipose_Subcutaneous,5.69044
CYP1A1,Skin_Sun_Exposed_Lower_leg,5.56103
CYP1A1,Breast_Mammary_Tissue,5.10743
CYP1A1,Bladder,3.06162
CYP1A1,Cells_EBV-transformed_lymphocytes,2.93207
CYP1A1,Liver_Hepatocyte,2.70114
CYP1A1,Skin_Not_Sun_Exposed_Suprapubic,2.60149
CYP1A1,Artery_Tibial,2.46241
CYP1A1,Liver_Mixed_Cell,2.46166
CYP1A1,Adipose_Visceral_Omentum,1.38504
CYP1A1,Nerve_Tibial,1.30362
CYP1A2,Liver,104.366
CYP1A2,Liver_Hepatocyte,30.8855
CYP1A2,Liver_Mixed_Cell,30.0828
CYP1A2,Thyroid,4.38746
CYP1A2,Liver_Portal_Tract,3.08556
CYP1A2,Lung,0.261312
CYP1A2,Skin_Sun_Exposed_Lower_leg,0.170235
CYP1A2,Testis,0.11874
CYP1A2,Skin_Not_Sun_Exposed_Suprapubic,0.102897
CYP1A2,Adipose_Visceral_Omentum,0.078584
CYP1A2,Kidney_Medulla,0.066852
CYP1A2,Small_Intestine_Terminal_Ileum_Mixed_Cell,0.060443
CSK,Cells_EBV-transformed_lymphocytes,252.622
CSK,Small_Intestine_Terminal_Ileum_Lymphoid_Aggregate,218.72
CSK,Whole_Blood,206.006
CSK,Spleen,176.876
CSK,Esophagus_Mucosa,105.523
CSK,Small_Intestine_Terminal_Ileum_Mixed_Cell,86.7068
CSK,Liver_Portal_Tract,74.3824
CSK,Small_Intestine_Terminal_Ileum,56.4932
CSK,Lung,53.0507
CSK,Vagina,51.0314
CSK,Colon_Transverse_Mixed_Cell,48.6495
CSK,Cells_Cultured_fibroblasts,48.5364
ULK3,Brain_Cerebellum,270.798
ULK3,Brain_Cerebellar_Hemisphere,248.848
ULK3,Pituitary,142.707
ULK3,Skin_Sun_Exposed_Lower_leg,137.182
ULK3,Small_Intestine_Terminal_Ileum_Lymphoid_Aggregate,125.094
ULK3,Skin_Not_Sun_Exposed_Suprapubic,125.078
ULK3,Thyroid,116.001
ULK3,Spleen,113.229
ULK3,Small_Intestine_Terminal_Ileum_Mixed_Cell,99.1123
ULK3,Esophagus_Mucosa,96.7797
ULK3,Colon_Transverse_Mucosa,93.8722
ULK3,Small_Intestine_Terminal_Ileum,92.3234
MPI,Cells_EBV-transformed_lymphocytes,32.0384
MPI,Adrenal_Gland,26.4118
MPI,Cells_Cultured_fibroblasts,24.7815
MPI,Ovary,24.3444
MPI,Fallopian_Tube,22.9398
MPI,Nerve_Tibial,22.5313
MPI,Testis,22.1091
MPI,Cervix_Endocervix,21.543
MPI,Uterus,21.4517
MPI,Brain_Cerebellum,21.441
MPI,Prostate,20.5282
MPI,Thyroid,20.135
CHRNA3,Stomach_Muscularis,11.3127
CHRNA3,Colon_Sigmoid,11.2301
CHRNA3,Colon_Transverse_Muscularis,9.47814
CHRNA3,Brain_Cerebellum,7.43607
CHRNA3,Colon_Transverse,4.86143
CHRNA3,Small_Intestine_Terminal_Ileum_Lymphoid_Aggregate,4.66217
CHRNA3,Brain_Cerebellar_Hemisphere,4.3066
CHRNA3,Small_Intestine_Terminal_Ileum,3.31313
CHRNA3,Colon_Transverse_Mixed_Cell,3.13196
CHRNA3,Small_Intestine_Terminal_Ileum_Mixed_Cell,2.46518
CHRNA3,Testis,2.26873
CHRNA3,Pituitary,1.72166
CHRNB4,Testis,11.1788
CHRNB4,Colon_Sigmoid,1.14161
CHRNB4,Stomach_Muscularis,0.713333
CHRNB4,Colon_Transverse_Muscularis,0.616368
CHRNB4,Esophagus_Mucosa,0.508919
CHRNB4,Colon_Transverse,0.448262
CHRNB4,Pituitary,0.412951
CHRNB4,Adrenal_Gland,0.317985
CHRNB4,Cervix_Endocervix,0.254856
CHRNB4,Small_Intestine_Terminal_Ileum_Lymphoid_Aggregate,0.248808
CHRNB4,Small_Intestine_Terminal_Ileum,0.248344
CHRNB4,Esophagus_Muscularis,0.208176
CTSH,Small_Intestine_Terminal_Ileum_Lymphoid_Aggregate,99.8587
CTSH,Cells_EBV-transformed_lymphocytes,94.3069
CTSH,Lung,70.3604
CTSH,Kidney_Medulla,49.6899
CTSH,Kidney_Cortex,44.5153
CTSH,Small_Intestine_Terminal_Ileum_Mixed_Cell,42.6364
CTSH,Cervix_Endocervix,38.9678
CTSH,Prostate,35.7189
CTSH,Bladder,33.8716
CTSH,Cervix_Ectocervix,33.8709
CTSH,Spleen,32.7748
CTSH,Vagina,29.7745
BCL2A1,Cells_EBV-transformed_lymphocytes,194.017
BCL2A1,Whole_Blood,190.3
BCL2A1,Lung,97.6909
BCL2A1,Spleen,94.8296
BCL2A1,Small_Intestine_Terminal_Ileum_Lymphoid_Aggregate,48.9112
BCL2A1,Small_Intestine_Terminal_Ileum_Mixed_Cell,20.3112
BCL2A1,Liver_Portal_Tract,15.488
BCL2A1,Adipose_Visceral_Omentum,12.6868
BCL2A1,Small_Intestine_Terminal_Ileum,7.38149
BCL2A1,Adipose_Subcutaneous,5.35284
BCL2A1,Artery_Coronary,4.66774
BCL2A1,Artery_Aorta,4.04368
SLC28A1,Liver_Hepatocyte,65.5803
SLC28A1,Liver,53.5502
SLC28A1,Liver_Mixed_Cell,46.5689
SLC28A1,Kidney_Cortex,25.7626
SLC28A1,Liver_Portal_Tract,9.79463
SLC28A1,Small_Intestine_Terminal_Ileum_Mixed_Cell,5.46996
SLC28A1,Small_Intestine_Terminal_Ileum,5.34486
SLC28A1,Kidney_Medulla,5.33109
SLC28A1,Artery_Aorta,0.795115
SLC28A1,Cervix_Endocervix,0.524275
SLC28A1,Fallopian_Tube,0.454072
SLC28A1,Muscle_Skeletal,0.387255
NTRK3,Artery_Tibial,34.1701
NTRK3,Artery_Coronary,22.9892
NTRK3,Artery_Aorta,22.8875
NTRK3,Brain_Cerebellum,16.0924
NTRK3,Brain_Cerebellar_Hemisphere,13.7768
NTRK3,Nerve_Tibial,9.67428
NTRK3,Brain_Cortex,8.57935
NTRK3,Brain_Nucleus_accumbens_basal_ganglia,8.17602
NTRK3,Brain_Frontal_Cortex_BA9,8.05268
NTRK3,Brain_Caudate_basal_ganglia,7.26698
NTRK3,Brain_Anterior_cingulate_cortex_BA24,6.60841
NTRK3,Brain_Hypothalamus,5.21652
RLBP1,Brain_Cortex,12.0492
RLBP1,Brain_Caudate_basal_ganglia,11.9998
RLBP1,Brain_Putamen_basal_ganglia,11.5258
RLBP1,Brain_Frontal_Cortex_BA9,10.7059
RLBP1,Brain_Anterior_cingulate_cortex_BA24,9.20112
RLBP1,Brain_Amygdala,7.71672
RLBP1,Brain_Nucleus_accumbens_basal_ganglia,6.48869
RLBP1,Brain_Hippocampus,4.83399
RLBP1,Pituitary,4.16846
RLBP1,Colon_Sigmoid,2.52728
RLBP1,Brain_Hypothalamus,2.29683
RLBP1,Brain_Substantia_nigra,2.20745
POLG,Small_Intestine_Terminal_Ileum_Lymphoid_Aggregate,50.0701
POLG,Nerve_Tibial,44.9779
POLG,Spleen,41.8857
POLG,Cells_EBV-transformed_lymphocytes,39.487
POLG,Uterus,37.4085
POLG,Lung,36.7426
POLG,Liver_Portal_Tract,35.3117
POLG,Small_Intestine_Terminal_Ileum_Mixed_Cell,34.9995
POLG,Cervix_Endocervix,34.6137
POLG,Fallopian_Tube,33.3964
POLG,Thyroid,33.326
POLG,Vagina,33.1061
PLIN1,Adipose_Subcutaneous,964.37
PLIN1,Adipose_Visceral_Omentum,589.022
PLIN1,Breast_Mammary_Tissue,343.941
PLIN1,Nerve_Tibial,38.7638
PLIN1,Artery_Coronary,31.0334
PLIN1,Testis,29.7766
PLIN1,Liver_Hepatocyte,19.871
PLIN1,Liver_Mixed_Cell,17.2074
PLIN1,Liver,13.1727
PLIN1,Minor_Salivary_Gland,11.7604
PLIN1,Skin_Sun_Exposed_Lower_leg,10.3385
PLIN1,Colon_Transverse_Mixed_Cell,8.98162
ANPEP,Small_Intestine_Terminal_Ileum_Mixed_Cell,1107.77
ANPEP,Cells_Cultured_fibroblasts,853.621
ANPEP,Small_Intestine_Terminal_Ileum,640.536
ANPEP,Pancreas_Acini,385.188
ANPEP,Pancreas,375.482
ANPEP,Pancreas_Mixed_Cell,363.272
ANPEP,Colon_Transverse_Mucosa,255.367
ANPEP,Whole_Blood,227.205
ANPEP,Colon_Transverse_Mixed_Cell,209.086
ANPEP,Liver_Hepatocyte,197.598
ANPEP,Kidney_Cortex,184.51
ANPEP,Liver_Mixed_Cell,183.741
BLM,Cells_EBV-transformed_lymphocytes,22.7696
BLM,Small_Intestine_Terminal_Ileum_Lymphoid_Aggregate,7.68568
BLM,Brain_Cerebellum,4.6211
BLM,Testis,3.83668
BLM,Spleen,3.83126
BLM,Brain_Cerebellar_Hemisphere,3.09668
BLM,Small_Intestine_Terminal_Ileum_Mixed_Cell,3.08936
BLM,Cells_Cultured_fibroblasts,2.89924
BLM,Brain_Substantia_nigra,2.1096
BLM,Pituitary,2.00178
BLM,Heart_Atrial_Appendage,1.9826
BLM,Brain_Amygdala,1.96431
FES,Spleen,188.675
FES,Whole_Blood,126.458
FES,Lung,55.0193
FES,Adipose_Visceral_Omentum,44.9035
FES,Nerve_Tibial,41.2432
FES,Fallopian_Tube,39.1933
FES,Adipose_Subcutaneous,38.8861
FES,Uterus,38.3447
FES,Cervix_Endocervix,36.995
FES,Thyroid,33.5221
FES,Liver_Portal_Tract,32.8506
FES,Prostate,32.6401
IGF1R,Artery_Tibial,41.6193
IGF1R,Ovary,36.1839
IGF1R,Artery_Aorta,34.5835
IGF1R,Thyroid,29.5292
IGF1R,Uterus,29.4671
IGF1R,Colon_Sigmoid,23.564
IGF1R,Prostate,23.5083
IGF1R,Cervix_Endocervix,23.2319
IGF1R,Fallopian_Tube,22.388
IGF1R,Artery_Coronary,22.1823
IGF1R,Nerve_Tibial,21.7896
IGF1R,Bladder,21.143
ALDH1A3,Prostate,72.3707
ALDH1A3,Minor_Salivary_Gland,68.2547
ALDH1A3,Adipose_Visceral_Omentum,46.3992
ALDH1A3,Liver_Portal_Tract,25.3742
ALDH1A3,Vagina,20.8324
ALDH1A3,Small_Intestine_Terminal_Ileum_Lymphoid_Aggregate,20.3055
ALDH1A3,Small_Intestine_Terminal_Ileum,20.1863
ALDH1A3,Cervix_Endocervix,19.1909
ALDH1A3,Cervix_Ectocervix,19.1785
ALDH1A3,Nerve_Tibial,17.8297
ALDH1A3,Small_Intestine_Terminal_Ileum_Mixed_Cell,16.6588
ALDH1A3,Breast_Mammary_Tissue,15.4224
MPG,Cells_Cultured_fibroblasts,110.359
MPG,Artery_Aorta,99.8343
MPG,Artery_Tibial,75.9087
MPG,Artery_Coronary,74.7131
MPG,Cells_EBV-transformed_lymphocytes,70.4759
MPG,Small_Intestine_Terminal_Ileum_Lymphoid_Aggregate,66.4841
MPG,Cervix_Endocervix,60.251
MPG,Thyroid,56.72
MPG,Nerve_Tibial,56.285
MPG,Uterus,55.0806
MPG,Lung,54.4092
MPG,Fallopian_Tube,52.3313
SSTR5,Pancreas_Islets,18.0222
SSTR5,Pituitary,17.9246
SSTR5,Heart_Atrial_Appendage,6.49504
SSTR5,Kidney_Medulla,6.28648
SSTR5,Artery_Aorta,4.35376
SSTR5,Adrenal_Gland,3.21639
SSTR5,Heart_Left_Ventricle,2.56343
SSTR5,Prostate,1.56948
SSTR5,Minor_Salivary_Gland,0.969163
SSTR5,Artery_Coronary,0.829862
SSTR5,Kidney_Cortex,0.642123
SSTR5,Brain_Hypothalamus,0.407688
CACNA1H,Colon_Sigmoid,151.696
CACNA1H,Colon_Transverse_Muscularis,138.069
CACNA1H,Esophagus_Muscularis,135.906
CACNA1H,Ovary,133.459
CACNA1H,Esophagus_Gastroesophageal_Junction,113.778
CACNA1H,Uterus,93.991
CACNA1H,Bladder,92.014
CACNA1H,Stomach_Muscularis,87.2846
CACNA1H,Artery_Tibial,82.9811
CACNA1H,Pituitary,80.1143
CACNA1H,Fallopian_Tube,75.1983
CACNA1H,Cervix_Endocervix,55.4318
UBE2I,Ovary,40.4309
UBE2I,Small_Intestine_Terminal_Ileum_Lymphoid_Aggregate,33.5893
UBE2I,Cervix_Endocervix,33.5311
UBE2I,Uterus,32.8313
UBE2I,Brain_Cerebellar_Hemisphere,32.7617
UBE2I,Brain_Cerebellum,30.2531
UBE2I,Cells_EBV-transformed_lymphocytes,30.0764
UBE2I,Artery_Tibial,30.0505
UBE2I,Fallopian_Tube,29.4574
UBE2I,Artery_Aorta,27.9069
UBE2I,Cells_Cultured_fibroblasts,26.8061
UBE2I,Nerve_Tibial,26.3292
PKD1,Brain_Cerebellum,516.886
PKD1,Brain_Cerebellar_Hemisphere,400.521
PKD1,Pituitary,145.825
PKD1,Artery_Aorta,134.645
PKD1,Artery_Tibial,88.8692
PKD1,Uterus,83.6851
PKD1,Esophagus_Gastroesophageal_Junction,82.7864
PKD1,Colon_Sigmoid,79.1476
PKD1,Colon_Transverse_Muscularis,77.1654
PKD1,Esophagus_Muscularis,72.8403
PKD1,Brain_Cortex,70.4513
PKD1,Fallopian_Tube,66.0532
MLST8,Brain_Cerebellum,80.7665
MLST8,Brain_Cerebellar_Hemisphere,74.6344
MLST8,Testis,56.544
MLST8,Brain_Cortex,47.5676
MLST8,Brain_Frontal_Cortex_BA9,47.2477
MLST8,Thyroid,44.0008
MLST8,Cells_EBV-transformed_lymphocytes,42.6658
MLST8,Pancreas_Islets,42.5739
MLST8,Small_Intestine_Terminal_Ileum_Lymphoid_Aggregate,42.2595
MLST8,Cells_Cultured_fibroblasts,40.6897
MLST8,Brain_Anterior_cingulate_cortex_BA24,36.328
MLST8,Pituitary,35.4086
AMDHD2,Testis,84.2527
AMDHD2,Small_Intestine_Terminal_Ileum_Lymphoid_Aggregate,64.4705
AMDHD2,Spleen,50.8777
AMDHD2,Small_Intestine_Terminal_Ileum_Mixed_Cell,38.2042
AMDHD2,Thyroid,31.3679
AMDHD2,Small_Intestine_Terminal_Ileum,30.7494
AMDHD2,Adrenal_Gland,30.7227
AMDHD2,Colon_Transverse_Muscularis,30.1308
AMDHD2,Cervix_Endocervix,28.8308
AMDHD2,Lung,28.7707
AMDHD2,Adipose_Subcutaneous,28.2692
AMDHD2,Uterus,28.2665
PDPK1,Brain_Cerebellar_Hemisphere,35.1165
PDPK1,Brain_Cerebellum,34.7421
PDPK1,Small_Intestine_Terminal_Ileum_Lymphoid_Aggregate,21.2935
PDPK1,Brain_Frontal_Cortex_BA9,21.0106
PDPK1,Uterus,20.2127
PDPK1,Brain_Nucleus_accumbens_basal_ganglia,19.6918
PDPK1,Cervix_Endocervix,18.8013
PDPK1,Cells_EBV-transformed_lymphocytes,18.3628
PDPK1,Lung,18.2669
PDPK1,Small_Intestine_Terminal_Ileum,18.266
PDPK1,Spleen,18.1869
PDPK1,Brain_Cortex,18.1572
CREBBP,Uterus,56.0763
CREBBP,Ovary,52.6244
CREBBP,Cervix_Endocervix,51.3285
CREBBP,Brain_Cerebellum,46.189
CREBBP,Artery_Tibial,43.51
CREBBP,Fallopian_Tube,43.4381
CREBBP,Thyroid,40.5857
CREBBP,Nerve_Tibial,40.4386
CREBBP,Brain_Cerebellar_Hemisphere,39.8214
CREBBP,Small_Intestine_Terminal_Ileum_Lymphoid_Aggregate,38.0642
CREBBP,Testis,37.9711
CREBBP,Artery_Aorta,37.3985
USP7,Cells_EBV-transformed_lymphocytes,93.0568
USP7,Testis,81.5847
USP7,Small_Intestine_Terminal_Ileum_Lymphoid_Aggregate,77.7179
USP7,Uterus,67.6044
USP7,Brain_Cerebellar_Hemisphere,64.9134
USP7,Skin_Sun_Exposed_Lower_leg,63.0398
USP7,Cervix_Endocervix,61.9571
USP7,Artery_Tibial,58.7458
USP7,Skin_Not_Sun_Exposed_Suprapubic,58.6299
USP7,Brain_Cerebellum,57.7639
USP7,Fallopian_Tube,56.8186
USP7,Spleen,54.9871
GRIN2A,Brain_Frontal_Cortex_BA9,16.5817
GRIN2A,Brain_Cerebellar_Hemisphere,14.8737
GRIN2A,Brain_Cerebellum,12.6651
GRIN2A,Brain_Cortex,11.1289
GRIN2A,Brain_Anterior_cingulate_cortex_BA24,7.39358
GRIN2A,Brain_Hippocampus,4.67841
GRIN2A,Brain_Amygdala,3.4169
GRIN2A,Brain_Putamen_basal_ganglia,2.58903
GRIN2A,Brain_Caudate_basal_ganglia,2.55401
GRIN2A,Brain_Nucleus_accumbens_basal_ganglia,2.13473
GRIN2A,Pancreas_Islets,1.66645
GRIN2A,Brain_Hypothalamus,1.4561
LITAF,Whole_Blood,509.404
LITAF,Liver_Portal_Tract,176.346
LITAF,Lung,154.839
LITAF,Cells_EBV-transformed_lymphocytes,128.212
LITAF,Cervix_Endocervix,116.788
LITAF,Artery_Aorta,108.255
LITAF,Spleen,101.343
LITAF,Artery_Coronary,95.7413
LITAF,Uterus,94.6145
LITAF,Nerve_Tibial,91.3183
LITAF,Artery_Tibial,88.793
LITAF,Adipose_Visceral_Omentum,88.7324
PARN,Cells_EBV-transformed_lymphocytes,18.8094
PARN,Thyroid,15.0233
PARN,Testis,14.6819
PARN,Fallopian_Tube,14.5603
PARN,Uterus,14.5496
PARN,Artery_Tibial,14.3844
PARN,Bladder,14.3198
PARN,Cervix_Endocervix,13.7215
PARN,Nerve_Tibial,13.7163
PARN,Cells_Cultured_fibroblasts,13.6981
PARN,Small_Intestine_Terminal_Ileum_Lymphoid_Aggregate,13.619
PARN,Ovary,13.1618
PLA2G10,Colon_Transverse_Mucosa,23.6622
PLA2G10,Colon_Transverse_Mixed_Cell,18.7042
PLA2G10,Colon_Transverse,8.33619
PLA2G10,Stomach_Mixed_Cell,6.37415
PLA2G10,Stomach_Mucosa,6.12916
PLA2G10,Small_Intestine_Terminal_Ileum_Mixed_Cell,5.60776
PLA2G10,Lung,3.90069
PLA2G10,Small_Intestine_Terminal_Ileum,3.84868
PLA2G10,Testis,3.23658
PLA2G10,Stomach,3.08921
PLA2G10,Pancreas_Acini,2.25801
PLA2G10,Pancreas_Mixed_Cell,1.99186
ABCC1,Esophagus_Muscularis,60.5689
ABCC1,Artery_Aorta,58.7385
ABCC1,Thyroid,49.7682
ABCC1,Cells_Cultured_fibroblasts,47.9144
ABCC1,Esophagus_Gastroesophageal_Junction,46.2288
ABCC1,Cells_EBV-transformed_lymphocytes,44.6861
ABCC1,Small_Intestine_Terminal_Ileum_Lymphoid_Aggregate,42.6381
ABCC1,Lung,34.8517
ABCC1,Esophagus_Mucosa,33.7099
ABCC1,Testis,32.4671
ABCC1,Prostate,31.7273
ABCC1,Spleen,30.6203
EEF2K,Skin_Sun_Exposed_Lower_leg,91.1777
EEF2K,Skin_Not_Sun_Exposed_Suprapubic,79.2966
EEF2K,Brain_Cerebellum,52.6666
EEF2K,Brain_Cerebellar_Hemisphere,51.0964
EEF2K,Nerve_Tibial,42.141
EEF2K,Prostate,42.0545
EEF2K,Adipose_Subcutaneous,41.3746
EEF2K,Artery_Tibial,39.556
EEF2K,Cervix_Endocervix,39.3719
EEF2K,Colon_Sigmoid,39.2193
EEF2K,Bladder,38.7688
EEF2K,Uterus,37.8913
PLK1,Cells_EBV-transformed_lymphocytes,116.86
PLK1,Testis,75.254
PLK1,Cells_Cultured_fibroblasts,43.2825
PLK1,Small_Intestine_Terminal_Ileum_Mixed_Cell,20.1916
PLK1,Small_Intestine_Terminal_Ileum_Lymphoid_Aggregate,19.5362
PLK1,Esophagus_Mucosa,16.8999
PLK1,Colon_Transverse_Mucosa,15.6534
PLK1,Colon_Transverse_Mixed_Cell,15.2834
PLK1,Spleen,12.2052
PLK1,Brain_Cerebellum,11.1679
PLK1,Small_Intestine_Terminal_Ileum,11.1518
PLK1,Brain_Cerebellar_Hemisphere,10.5872
SULT1A1,Adrenal_Gland,13.5392
SULT1A1,Brain_Cerebellum,12.6084
SULT1A1,Thyroid,12.4132
SULT1A1,Brain_Cerebellar_Hemisphere,11.406
SULT1A1,Whole_Blood,9.91718
SULT1A1,Lung,8.44185
SULT1A1,Spleen,8.22571
SULT1A1,Fallopian_Tube,8.15198
SULT1A1,Pituitary,7.13449
SULT1A1,Testis,6.32818
SULT1A1,Nerve_Tibial,5.62258
SULT1A1,Adipose_Visceral_Omentum,5.59952
MAPK3,Brain_Anterior_cingulate_cortex_BA24,114.427
MAPK3,Brain_Cortex,113.871
MAPK3,Brain_Frontal_Cortex_BA9,108.663
MAPK3,Brain_Amygdala,107.103
MAPK3,Whole_Blood,100.71
MAPK3,Uterus,94.8269
MAPK3,Nerve_Tibial,88.5581
MAPK3,Adipose_Subcutaneous,87.1387
MAPK3,Colon_Transverse_Mixed_Cell,84.4568
MAPK3,Esophagus_Mucosa,83.8808
MAPK3,Vagina,83.3069
MAPK3,Cervix_Endocervix,82.7865
SULT1A3,Small_Intestine_Terminal_Ileum_Lymphoid_Aggregate,1.86574
SULT1A3,Small_Intestine_Terminal_Ileum_Mixed_Cell,1.78843
SULT1A3,Brain_Cerebellum,1.63774
SULT1A3,Colon_Transverse_Mucosa,1.51316
SULT1A3,Brain_Cerebellar_Hemisphere,1.5001
SULT1A3,Small_Intestine_Terminal_Ileum,1.45909
SULT1A3,Thyroid,1.45747
SULT1A3,Spleen,1.43254
SULT1A3,Colon_Transverse_Mixed_Cell,1.24818
SULT1A3,Pituitary,1.07619
SULT1A3,Liver_Portal_Tract,1.06853
SULT1A3,Prostate,1.04712
ITGAL,Whole_Blood,103.683
ITGAL,Small_Intestine_Terminal_Ileum_Lymphoid_Aggregate,85.2952
ITGAL,Spleen,82.446
ITGAL,Cells_EBV-transformed_lymphocytes,55.0136
ITGAL,Liver_Portal_Tract,35.2058
ITGAL,Small_Intestine_Terminal_Ileum_Mixed_Cell,27.4258
ITGAL,Lung,25.276
ITGAL,Small_Intestine_Terminal_Ileum,15.7214
ITGAL,Liver,5.15294
ITGAL,Liver_Hepatocyte,5.14749
ITGAL,Colon_Transverse_Mucosa,5.03491
ITGAL,Liver_Mixed_Cell,4.73614
PHKG2,Testis,131.377
PHKG2,Small_Intestine_Terminal_Ileum_Lymphoid_Aggregate,31.5296
PHKG2,Thyroid,29.4721
PHKG2,Liver_Portal_Tract,27.9538
PHKG2,Prostate,26.0551
PHKG2,Pituitary,24.6279
PHKG2,Spleen,24.1775
PHKG2,Brain_Cerebellum,23.849
PHKG2,Brain_Cerebellar_Hemisphere,23.4462
PHKG2,Fallopian_Tube,21.3862
PHKG2,Small_Intestine_Terminal_Ileum_Mixed_Cell,21.3085
PHKG2,Lung,20.0352
VKORC1,Cells_Cultured_fibroblasts,299.165
VKORC1,Liver_Mixed_Cell,268.288
VKORC1,Liver_Hepatocyte,262.689
VKORC1,Artery_Aorta,255.416
VKORC1,Pancreas_Islets,233.41
VKORC1,Liver,212.484
VKORC1,Artery_Coronary,202.234
VKORC1,Artery_Tibial,174.897
VKORC1,Uterus,170.611
VKORC1,Cervix_Endocervix,169.177
VKORC1,Fallopian_Tube,168.32
VKORC1,Ovary,164.841
KAT8,Brain_Cerebellar_Hemisphere,78.7567
KAT8,Brain_Cerebellum,76.1482
KAT8,Ovary,68.7711
KAT8,Uterus,52.7254
KAT8,Nerve_Tibial,52.4289
KAT8,Cervix_Endocervix,50.9625
KAT8,Small_Intestine_Terminal_Ileum_Lymphoid_Aggregate,50.1673
KAT8,Fallopian_Tube,47.3645
KAT8,Thyroid,46.763
KAT8,Testis,43.8536
KAT8,Spleen,43.6124
KAT8,Cervix_Ectocervix,40.0868
SLC5A2,Kidney_Cortex,33.8117
SLC5A2,Testis,15.172
SLC5A2,Kidney_Medulla,1.08152
SLC5A2,Brain_Cerebellar_Hemisphere,0.985011
SLC5A2,Brain_Cerebellum,0.962822
SLC5A2,Small_Intestine_Terminal_Ileum_Lymphoid_Aggregate,0.912927
SLC5A2,Liver_Portal_Tract,0.879996
SLC5A2,Colon_Transverse_Muscularis,0.825244
SLC5A2,Small_Intestine_Terminal_Ileum_Mixed_Cell,0.750193
SLC5A2,Small_Intestine_Terminal_Ileum,0.654165
SLC5A2,Lung,0.630262
SLC5A2,Pituitary,0.53395
NOD2,Whole_Blood,20.607
NOD2,Skin_Sun_Exposed_Lower_leg,18.1583
NOD2,Vagina,16.5428
NOD2,Cells_EBV-transformed_lymphocytes,15.8579
NOD2,Skin_Not_Sun_Exposed_Suprapubic,15.7531
NOD2,Cervix_Ectocervix,14.3663
NOD2,Esophagus_Mucosa,12.2126
NOD2,Lung,6.90449
NOD2,Spleen,6.03317
NOD2,Liver_Portal_Tract,5.33979
NOD2,Minor_Salivary_Gland,5.05925
NOD2,Small_Intestine_Terminal_Ileum_Lymphoid_Aggregate,4.23925
FTO,Brain_Cerebellar_Hemisphere,14.0864
FTO,Artery_Tibial,11.6283
FTO,Brain_Cerebellum,10.9131
FTO,Uterus,9.97527
FTO,Cells_Cultured_fibroblasts,9.67313
FTO,Cervix_Endocervix,9.48576
FTO,Artery_Aorta,9.29194
FTO,Brain_Frontal_Cortex_BA9,9.21192
FTO,Nerve_Tibial,9.0264
FTO,Artery_Coronary,8.97406
FTO,Pituitary,8.74952
FTO,Fallopian_Tube,8.57947
MMP2,Cells_Cultured_fibroblasts,823.312
MMP2,Cervix_Endocervix,659.068
MMP2,Adipose_Subcutaneous,617.044
MMP2,Cervix_Ectocervix,459.726
MMP2,Skin_Sun_Exposed_Lower_leg,454.559
MMP2,Artery_Aorta,428.652
MMP2,Lung,401.467
MMP2,Breast_Mammary_Tissue,394.268
MMP2,Ovary,394.215
MMP2,Uterus,376.018
MMP2,Adipose_Visceral_Omentum,343.737
MMP2,Vagina,324.858
SLC6A2,Testis,5.60596
SLC6A2,Skin_Not_Sun_Exposed_Suprapubic,1.34771
SLC6A2,Skin_Sun_Exposed_Lower_leg,0.813777
SLC6A2,Liver_Portal_Tract,0.682522
SLC6A2,Adipose_Subcutaneous,0.653651
SLC6A2,Breast_Mammary_Tissue,0.630939
SLC6A2,Esophagus_Gastroesophageal_Junction,0.53337
SLC6A2,Cervix_Endocervix,0.439307
SLC6A2,Uterus,0.429773
SLC6A2,Esophagus_Muscularis,0.402617
SLC6A2,Adipose_Visceral_Omentum,0.326391
SLC6A2,Fallopian_Tube,0.252973
CES1,Liver_Mixed_Cell,595.036
CES1,Liver,385.724
CES1,Liver_Hepatocyte,336.061
CES1,Lung,184.453
CES1,Liver_Portal_Tract,94.4189
CES1,Artery_Aorta,78.3085
CES1,Artery_Tibial,73.3496
CES1,Colon_Sigmoid,73.3016
CES1,Bladder,71.6533
CES1,Colon_Transverse_Muscularis,70.2168
CES1,Fallopian_Tube,62.1009
CES1,Stomach_Muscularis,60.7792
MT2A,Cells_Cultured_fibroblasts,6735.67
MT2A,Liver_Hepatocyte,4065.54
MT2A,Liver_Mixed_Cell,4011.74
MT2A,Liver,2469.26
MT2A,Adipose_Visceral_Omentum,2341.28
MT2A,Liver_Portal_Tract,2154.8
MT2A,Nerve_Tibial,1437.17
MT2A,Lung,1408.88
MT2A,Artery_Tibial,1306.14
MT2A,Artery_Coronary,1249.42
MT2A,Stomach_Muscularis,1080.02
MT2A,Muscle_Skeletal,975.535
CETP,Spleen,38.8767
CETP,Small_Intestine_Terminal_Ileum_Lymphoid_Aggregate,9.65264
CETP,Thyroid,7.72445
CETP,Adipose_Visceral_Omentum,6.95272
CETP,Liver_Mixed_Cell,5.16061
CETP,Cells_EBV-transformed_lymphocytes,4.98805
CETP,Pituitary,4.48493
CETP,Kidney_Medulla,3.77847
CETP,Breast_Mammary_Tissue,3.62517
CETP,Liver_Hepatocyte,3.59714
CETP,Lung,3.28603
CETP,Small_Intestine_Terminal_Ileum_Mixed_Cell,3.24827
CSNK2A2,Testis,233.462
CSNK2A2,Skin_Sun_Exposed_Lower_leg,94.6728
CSNK2A2,Skin_Not_Sun_Exposed_Suprapubic,78.9946
CSNK2A2,Cells_EBV-transformed_lymphocytes,57.7204
CSNK2A2,Ovary,54.796
CSNK2A2,Colon_Sigmoid,50.6735
CSNK2A2,Artery_Tibial,49.5709
CSNK2A2,Uterus,49.3708
CSNK2A2,Cervix_Endocervix,44.5057
CSNK2A2,Bladder,43.9217
CSNK2A2,Esophagus_Muscularis,42.4915
CSNK2A2,Cells_Cultured_fibroblasts,42.3588
NAE1,Cells_Cultured_fibroblasts,55.0477
NAE1,Brain_Cerebellar_Hemisphere,51.4653
NAE1,Cells_EBV-transformed_lymphocytes,51.0751
NAE1,Brain_Cerebellum,50.3
NAE1,Testis,48.6267
NAE1,Ovary,47.0772
NAE1,Uterus,45.2786
NAE1,Nerve_Tibial,41.7671
NAE1,Cervix_Endocervix,41.5346
NAE1,Fallopian_Tube,40.7117
NAE1,Small_Intestine_Terminal_Ileum_Lymphoid_Aggregate,37.5109
NAE1,Thyroid,35.7907
CA7,Colon_Transverse_Mucosa,120.825
CA7,Colon_Transverse_Mixed_Cell,82.4407
CA7,Colon_Transverse,34.2846
CA7,Brain_Frontal_Cortex_BA9,12.1349
CA7,Brain_Cortex,11.3193
CA7,Brain_Caudate_basal_ganglia,9.61322
CA7,Brain_Putamen_basal_ganglia,8.23687
CA7,Colon_Transverse_Muscularis,8.05165
CA7,Brain_Cerebellum,7.89055
CA7,Brain_Nucleus_accumbens_basal_ganglia,7.24305
CA7,Brain_Anterior_cingulate_cortex_BA24,6.93625
CA7,Brain_Hippocampus,6.84152
CES2,Small_Intestine_Terminal_Ileum_Mixed_Cell,210.093
CES2,Colon_Transverse_Mixed_Cell,199.953
CES2,Colon_Transverse_Mucosa,187.346
CES2,Esophagus_Mucosa,178.837
CES2,Small_Intestine_Terminal_Ileum,175.654
CES2,Liver_Mixed_Cell,111.366
CES2,Colon_Transverse,98.3411
CES2,Liver,96.5247
CES2,Liver_Hepatocyte,79.7004
CES2,Adrenal_Gland,53.4429
CES2,Vagina,48.1804
CES2,Cervix_Ectocervix,41.5344
HSD11B2,Colon_Transverse_Mucosa,734.079
HSD11B2,Colon_Transverse_Mixed_Cell,563.498
HSD11B2,Kidney_Medulla,379.72
HSD11B2,Kidney_Cortex,286.806
HSD11B2,Colon_Transverse,272.211
HSD11B2,Small_Intestine_Terminal_Ileum_Mixed_Cell,181.013
HSD11B2,Small_Intestine_Terminal_Ileum,146.864
HSD11B2,Minor_Salivary_Gland,118.655
HSD11B2,Skin_Sun_Exposed_Lower_leg,111.092
HSD11B2,Skin_Not_Sun_Exposed_Suprapubic,80.2084
HSD11B2,Colon_Transverse_Muscularis,49.6858
HSD11B2,Vagina,39.7193
LCAT,Liver,121.754
LCAT,Liver_Mixed_Cell,105.492
LCAT,Liver_Hepatocyte,96.7448
LCAT,Liver_Portal_Tract,92.3695
LCAT,Brain_Cerebellum,89.6288
LCAT,Thyroid,79.4086
LCAT,Nerve_Tibial,72.1224
LCAT,Prostate,66.7542
LCAT,Cervix_Endocervix,66.5647
LCAT,Uterus,63.3671
LCAT,Artery_Aorta,61.3199
LCAT,Lung,61.212
PRMT7,Brain_Cerebellum,32.7578
PRMT7,Brain_Cerebellar_Hemisphere,30.3305
PRMT7,Nerve_Tibial,17.536
PRMT7,Small_Intestine_Terminal_Ileum_Lymphoid_Aggregate,16.1732
PRMT7,Ovary,16.1707
PRMT7,Cervix_Endocervix,15.9135
PRMT7,Fallopian_Tube,15.5819
PRMT7,Uterus,14.9643
PRMT7,Pituitary,14.775
PRMT7,Prostate,12.8275
PRMT7,Cells_EBV-transformed_lymphocytes,12.6622
PRMT7,Testis,12.2954
SMPD3,Small_Intestine_Terminal_Ileum_Mixed_Cell,25.3202
SMPD3,Colon_Transverse_Mucosa,24.5426
SMPD3,Small_Intestine_Terminal_Ileum,21.3212
SMPD3,Colon_Transverse_Mixed_Cell,21.0543
SMPD3,Pituitary,19.9555
SMPD3,Brain_Cerebellum,15.6783
SMPD3,Skin_Sun_Exposed_Lower_leg,14.6835
SMPD3,Brain_Cerebellar_Hemisphere,13.7548
SMPD3,Testis,13.1504
SMPD3,Stomach_Mixed_Cell,12.9095
SMPD3,Skin_Not_Sun_Exposed_Suprapubic,12.9015
SMPD3,Liver_Portal_Tract,12.3646
NQO1,Cells_Cultured_fibroblasts,377.912
NQO1,Stomach_Mixed_Cell,284.295
NQO1,Stomach_Mucosa,205.426
NQO1,Stomach,128.975
NQO1,Esophagus_Mucosa,94.2182
NQO1,Thyroid,81.6103
NQO1,Colon_Transverse_Mixed_Cell,81.1689
NQO1,Adipose_Subcutaneous,78.9698
NQO1,Colon_Transverse_Mucosa,75.6237
NQO1,Adrenal_Gland,66.7853
NQO1,Bladder,66.495
NQO1,Adipose_Visceral_Omentum,66.4856
DHODH,Liver_Hepatocyte,66.1162
DHODH,Liver_Mixed_Cell,61.6027
DHODH,Liver,33.9765
DHODH,Liver_Portal_Tract,21.5099
DHODH,Cells_EBV-transformed_lymphocytes,6.86078
DHODH,Nerve_Tibial,5.95068
DHODH,Small_Intestine_Terminal_Ileum_Lymphoid_Aggregate,5.94322
DHODH,Ovary,5.65883
DHODH,Fallopian_Tube,5.56201
DHODH,Cervix_Endocervix,5.44575
DHODH,Heart_Atrial_Appendage,5.27644
DHODH,Uterus,5.03916
CTRB1,Pancreas,11789.2
CTRB1,Pancreas_Acini,11076.8
CTRB1,Pancreas_Mixed_Cell,10043.0
CTRB1,Pancreas_Islets,2647.6
CTRB1,Liver_Portal_Tract,3.92427
CTRB1,Liver_Mixed_Cell,3.92082
CTRB1,Liver_Hepatocyte,2.78472
CTRB1,Spleen,2.50244
CTRB1,Ovary,1.80102
CTRB1,Pituitary,1.70404
CTRB1,Fallopian_Tube,1.63975
CTRB1,Uterus,1.38831
KARS1,Cells_EBV-transformed_lymphocytes,206.574
KARS1,Cells_Cultured_fibroblasts,161.479
KARS1,Testis,125.513
KARS1,Muscle_Skeletal,120.721
KARS1,Artery_Tibial,103.868
KARS1,Ovary,97.9209
KARS1,Colon_Sigmoid,94.4064
KARS1,Uterus,93.9947
KARS1,Bladder,92.9763
KARS1,Adipose_Subcutaneous,92.8361
KARS1,Cervix_Endocervix,91.7512
KARS1,Fallopian_Tube,90.6631
PLCG2,Cells_EBV-transformed_lymphocytes,58.623
PLCG2,Small_Intestine_Terminal_Ileum_Lymphoid_Aggregate,42.9918
PLCG2,Spleen,24.3435
PLCG2,Whole_Blood,21.9514
PLCG2,Small_Intestine_Terminal_Ileum_Mixed_Cell,18.9589
PLCG2,Kidney_Cortex,8.74576
PLCG2,Kidney_Medulla,8.45692
PLCG2,Small_Intestine_Terminal_Ileum,8.02918
PLCG2,Lung,7.16053
PLCG2,Adipose_Subcutaneous,6.52602
PLCG2,Uterus,6.51041
PLCG2,Breast_Mammary_Tissue,6.16023
HSD17B2,Liver_Mixed_Cell,17.6062
HSD17B2,Colon_Transverse_Mixed_Cell,15.4371
HSD17B2,Liver_Hepatocyte,13.9429
HSD17B2,Colon_Transverse_Mucosa,13.29
HSD17B2,Liver,11.9634
HSD17B2,Small_Intestine_Terminal_Ileum_Mixed_Cell,11.6727
HSD17B2,Bladder,9.91325
HSD17B2,Liver_Portal_Tract,6.98269
HSD17B2,Small_Intestine_Terminal_Ileum,5.33461
HSD17B2,Colon_Transverse,5.30999
HSD17B2,Minor_Salivary_Gland,4.5299
HSD17B2,Pancreas,1.77003
MAP1LC3B,Brain_Cerebellar_Hemisphere,179.523
MAP1LC3B,Brain_Cerebellum,128.19
MAP1LC3B,Whole_Blood,112.524
MAP1LC3B,Adipose_Subcutaneous,103.849
MAP1LC3B,Brain_Frontal_Cortex_BA9,102.178
MAP1LC3B,Brain_Spinal_cord_cervical_c-1,97.8805
MAP1LC3B,Muscle_Skeletal,90.6099
MAP1LC3B,Artery_Tibial,84.3661
MAP1LC3B,Breast_Mammary_Tissue,81.6685
MAP1LC3B,Adipose_Visceral_Omentum,80.3954
MAP1LC3B,Cells_Cultured_fibroblasts,78.3974
MAP1LC3B,Brain_Hypothalamus,76.7549
SLC7A5,Testis,151.081
SLC7A5,Esophagus_Mucosa,131.002
SLC7A5,Cells_EBV-transformed_lymphocytes,119.863
SLC7A5,Stomach_Muscularis,80.1509
SLC7A5,Cells_Cultured_fibroblasts,78.4595
SLC7A5,Brain_Cortex,77.2857
SLC7A5,Brain_Cerebellum,70.8918
SLC7A5,Brain_Hypothalamus,55.8438
SLC7A5,Brain_Substantia_nigra,54.6546
SLC7A5,Brain_Frontal_Cortex_BA9,54.513
SLC7A5,Brain_Spinal_cord_cervical_c-1,45.6258
SLC7A5,Brain_Cerebellar_Hemisphere,45.1065
CA5A,Liver_Mixed_Cell,27.1175
CA5A,Liver_Hepatocyte,26.3205
CA5A,Liver,22.8909
CA5A,Liver_Portal_Tract,4.09889
CA5A,Brain_Substantia_nigra,0.392046
CA5A,Brain_Hippocampus,0.371603
CA5A,Brain_Spinal_cord_cervical_c-1,0.369579
CA5A,Brain_Hypothalamus,0.339589
CA5A,Brain_Putamen_basal_ganglia,0.314555
CA5A,Brain_Frontal_Cortex_BA9,0.281799
CA5A,Brain_Caudate_basal_ganglia,0.279688
CA5A,Brain_Cortex,0.273942
MVD,Liver_Portal_Tract,71.8143
MVD,Cells_EBV-transformed_lymphocytes,69.9602
MVD,Brain_Cerebellum,69.3635
MVD,Testis,65.4545
MVD,Esophagus_Mucosa,65.2775
MVD,Brain_Cerebellar_Hemisphere,64.5237
MVD,Colon_Transverse_Mixed_Cell,55.7108
MVD,Skin_Not_Sun_Exposed_Suprapubic,50.9602
MVD,Lung,49.0315
MVD,Colon_Transverse_Mucosa,42.7371
MVD,Skin_Sun_Exposed_Lower_leg,41.9713
MVD,Vagina,41.0933
MC1R,Testis,62.6741
MC1R,Pituitary,37.1223
MC1R,Brain_Cerebellum,34.5922
MC1R,Brain_Cerebellar_Hemisphere,30.854
MC1R,Thyroid,30.5589
MC1R,Pancreas_Islets,17.7279
MC1R,Ovary,17.0197
MC1R,Fallopian_Tube,15.5991
MC1R,Colon_Transverse_Muscularis,15.0979
MC1R,Cervix_Endocervix,13.2169
MC1R,Prostate,13.1257
MC1R,Liver_Portal_Tract,13.1063
TUBB3,Brain_Hypothalamus,159.185
TUBB3,Brain_Frontal_Cortex_BA9,128.771
TUBB3,Brain_Cerebellar_Hemisphere,106.865
TUBB3,Brain_Cortex,106.847
TUBB3,Brain_Cerebellum,104.788
TUBB3,Brain_Anterior_cingulate_cortex_BA24,82.9856
TUBB3,Brain_Substantia_nigra,61.7757
TUBB3,Cells_Cultured_fibroblasts,55.2837
TUBB3,Brain_Amygdala,48.3497
TUBB3,Brain_Nucleus_accumbens_basal_ganglia,48.2608
TUBB3,Brain_Hippocampus,47.8895
TUBB3,Testis,47.5063
RPA1,Cells_EBV-transformed_lymphocytes,92.5268
RPA1,Ovary,54.1885
RPA1,Artery_Tibial,53.75
RPA1,Cervix_Endocervix,52.4171
RPA1,Fallopian_Tube,51.13
RPA1,Uterus,51.0641
RPA1,Small_Intestine_Terminal_Ileum_Lymphoid_Aggregate,50.8115
RPA1,Nerve_Tibial,48.3101
RPA1,Cells_Cultured_fibroblasts,47.4345
RPA1,Bladder,45.7844
RPA1,Skin_Sun_Exposed_Lower_leg,45.6761
RPA1,Cervix_Ectocervix,43.9681
TRPV3,Skin_Sun_Exposed_Lower_leg,20.703
TRPV3,Nerve_Tibial,18.858
TRPV3,Skin_Not_Sun_Exposed_Suprapubic,18.5352
TRPV3,Testis,9.50963
TRPV3,Cells_EBV-transformed_lymphocytes,5.02629
TRPV3,Brain_Spinal_cord_cervical_c-1,4.70889
TRPV3,Colon_Transverse_Mucosa,4.26183
TRPV3,Brain_Cortex,3.86495
TRPV3,Brain_Nucleus_accumbens_basal_ganglia,3.61271
TRPV3,Brain_Caudate_basal_ganglia,3.50084
TRPV3,Brain_Putamen_basal_ganglia,3.32977
TRPV3,Brain_Frontal_Cortex_BA9,3.18208
TRPV1,Nerve_Tibial,29.0675
TRPV1,Brain_Cerebellum,22.9926
TRPV1,Brain_Cerebellar_Hemisphere,22.0457
TRPV1,Ovary,21.3679
TRPV1,Cervix_Endocervix,17.452
TRPV1,Small_Intestine_Terminal_Ileum_Lymphoid_Aggregate,15.4317
TRPV1,Fallopian_Tube,14.8601
TRPV1,Small_Intestine_Terminal_Ileum_Mixed_Cell,14.692
TRPV1,Cervix_Ectocervix,14.2863
TRPV1,Liver,13.9381
TRPV1,Liver_Hepatocyte,13.7364
TRPV1,Liver_Portal_Tract,13.0349
HASPIN,Cells_EBV-transformed_lymphocytes,18.1868
HASPIN,Testis,15.9826
HASPIN,Small_Intestine_Terminal_Ileum_Lymphoid_Aggregate,4.80545
HASPIN,Cells_Cultured_fibroblasts,4.23693
HASPIN,Small_Intestine_Terminal_Ileum_Mixed_Cell,3.58349
HASPIN,Small_Intestine_Terminal_Ileum,3.24974
HASPIN,Spleen,2.98223
HASPIN,Lung,2.21851
HASPIN,Esophagus_Mucosa,2.03075
HASPIN,Colon_Transverse_Mucosa,2.0104
HASPIN,Colon_Transverse_Mixed_Cell,1.8901
HASPIN,Stomach_Mixed_Cell,1.12154
P2RX1,Artery_Tibial,353.806
P2RX1,Bladder,206.419
P2RX1,Whole_Blood,77.5126
P2RX1,Pancreas_Acini,61.6435
P2RX1,Spleen,47.8211
P2RX1,Pancreas_Mixed_Cell,47.5631
P2RX1,Pancreas,41.197
P2RX1,Liver_Portal_Tract,30.8797
P2RX1,Artery_Coronary,27.0461
P2RX1,Small_Intestine_Terminal_Ileum_Lymphoid_Aggregate,23.5316
P2RX1,Prostate,21.1723
P2RX1,Lung,20.9231
ATP2A3,Small_Intestine_Terminal_Ileum_Lymphoid_Aggregate,444.238
ATP2A3,Spleen,197.296
ATP2A3,Whole_Blood,179.027
ATP2A3,Small_Intestine_Terminal_Ileum_Mixed_Cell,173.36
ATP2A3,Colon_Transverse_Mucosa,132.726
ATP2A3,Minor_Salivary_Gland,120.212
ATP2A3,Pancreas_Islets,119.343
ATP2A3,Colon_Transverse_Mixed_Cell,119.068
ATP2A3,Small_Intestine_Terminal_Ileum,107.524
ATP2A3,Cells_EBV-transformed_lymphocytes,100.957
ATP2A3,Colon_Transverse,88.9171
ATP2A3,Liver_Portal_Tract,79.1931
ALOX15,Adipose_Visceral_Omentum,29.402
ALOX15,Pituitary,4.45501
ALOX15,Testis,3.88461
ALOX15,Lung,1.96392
ALOX15,Colon_Sigmoid,1.84393
ALOX15,Brain_Nucleus_accumbens_basal_ganglia,1.11686
ALOX15,Brain_Caudate_basal_ganglia,0.860361
ALOX15,Skin_Not_Sun_Exposed_Suprapubic,0.68322
ALOX15,Skin_Sun_Exposed_Lower_leg,0.535321
ALOX15,Colon_Transverse,0.526272
ALOX15,Brain_Putamen_basal_ganglia,0.508317
ALOX15,Colon_Transverse_Muscularis,0.497543
MINK1,Skin_Sun_Exposed_Lower_leg,174.527
MINK1,Skin_Not_Sun_Exposed_Suprapubic,173.958
MINK1,Ovary,162.928
MINK1,Esophagus_Mucosa,156.117
MINK1,Brain_Cerebellum,145.411
MINK1,Vagina,141.839
MINK1,Cervix_Ectocervix,125.389
MINK1,Nerve_Tibial,108.223
MINK1,Brain_Cerebellar_Hemisphere,107.938
MINK1,Lung,104.412
MINK1,Brain_Cortex,90.8565
MINK1,Pituitary,89.3564
NLRP1,Small_Intestine_Terminal_Ileum_Lymphoid_Aggregate,100.588
NLRP1,Spleen,52.4727
NLRP1,Whole_Blood,42.1996
NLRP1,Skin_Not_Sun_Exposed_Suprapubic,37.6546
NLRP1,Skin_Sun_Exposed_Lower_leg,34.6299
NLRP1,Small_Intestine_Terminal_Ileum_Mixed_Cell,31.8583
NLRP1,Cervix_Ectocervix,30.0225
NLRP1,Vagina,29.9318
NLRP1,Lung,29.2802
NLRP1,Adipose_Subcutaneous,27.0763
NLRP1,Liver_Portal_Tract,25.8232
NLRP1,Thyroid,25.7644
SLC13A5,Liver_Hepatocyte,657.303
SLC13A5,Liver_Mixed_Cell,510.844
SLC13A5,Liver,271.874
SLC13A5,Liver_Portal_Tract,124.576
SLC13A5,Brain_Nucleus_accumbens_basal_ganglia,8.01177
SLC13A5,Brain_Cortex,7.51144
SLC13A5,Brain_Anterior_cingulate_cortex_BA24,6.82376
SLC13A5,Brain_Frontal_Cortex_BA9,5.57791
SLC13A5,Brain_Caudate_basal_ganglia,4.50698
SLC13A5,Spleen,3.69133
SLC13A5,Testis,3.59074
SLC13A5,Brain_Cerebellum,3.34267
ALOX12,Vagina,51.0592
ALOX12,Esophagus_Mucosa,45.8947
ALOX12,Skin_Not_Sun_Exposed_Suprapubic,25.597
ALOX12,Cervix_Ectocervix,22.3646
ALOX12,Skin_Sun_Exposed_Lower_leg,22.3552
ALOX12,Whole_Blood,6.59121
ALOX12,Small_Intestine_Terminal_Ileum_Lymphoid_Aggregate,5.35094
ALOX12,Spleen,4.20738
ALOX12,Lung,3.51259
ALOX12,Uterus,3.10271
ALOX12,Cervix_Endocervix,3.01453
ALOX12,Fallopian_Tube,2.86535
SENP3,Brain_Cerebellum,76.2237
SENP3,Cells_EBV-transformed_lymphocytes,71.6949
SENP3,Brain_Cerebellar_Hemisphere,70.1232
SENP3,Cells_Cultured_fibroblasts,68.0067
SENP3,Testis,67.5697
SENP3,Stomach_Muscularis,64.5122
SENP3,Uterus,63.8515
SENP3,Fallopian_Tube,62.5478
SENP3,Small_Intestine_Terminal_Ileum_Lymphoid_Aggregate,62.3959
SENP3,Cervix_Endocervix,61.9406
SENP3,Lung,61.3631
SENP3,Liver_Portal_Tract,60.4431
EIF4A1,Cells_Cultured_fibroblasts,1038.72
EIF4A1,Cells_EBV-transformed_lymphocytes,760.369
EIF4A1,Adipose_Visceral_Omentum,540.551
EIF4A1,Esophagus_Mucosa,506.334
EIF4A1,Lung,494.35
EIF4A1,Liver_Portal_Tract,485.948
EIF4A1,Ovary,457.151
EIF4A1,Fallopian_Tube,454.378
EIF4A1,Nerve_Tibial,433.221
EIF4A1,Skin_Not_Sun_Exposed_Suprapubic,432.36
EIF4A1,Adipose_Subcutaneous,425.659
EIF4A1,Vagina,425.082
SHBG,Testis,12.6813
SHBG,Liver,12.0682
SHBG,Liver_Mixed_Cell,7.89869
SHBG,Liver_Hepatocyte,6.0456
SHBG,Liver_Portal_Tract,1.88064
SHBG,Kidney_Cortex,1.43348
SHBG,Adrenal_Gland,1.32664
SHBG,Small_Intestine_Terminal_Ileum_Mixed_Cell,1.25674
SHBG,Kidney_Medulla,1.20982
SHBG,Brain_Nucleus_accumbens_basal_ganglia,1.18582
SHBG,Thyroid,1.14919
SHBG,Small_Intestine_Terminal_Ileum,1.04904
ATP1B2,Brain_Cerebellum,544.26
ATP1B2,Brain_Cerebellar_Hemisphere,475.513
ATP1B2,Brain_Cortex,313.158
ATP1B2,Brain_Caudate_basal_ganglia,294.497
ATP1B2,Brain_Nucleus_accumbens_basal_ganglia,261.158
ATP1B2,Brain_Anterior_cingulate_cortex_BA24,251.804
ATP1B2,Brain_Putamen_basal_ganglia,239.716
ATP1B2,Brain_Amygdala,235.637
ATP1B2,Brain_Frontal_Cortex_BA9,235.587
ATP1B2,Brain_Substantia_nigra,186.19
ATP1B2,Brain_Hypothalamus,147.047
ATP1B2,Brain_Hippocampus,129.106
KDM6B,Whole_Blood,90.6673
KDM6B,Ovary,62.5773
KDM6B,Liver_Portal_Tract,50.0669
KDM6B,Lung,44.2978
KDM6B,Brain_Cerebellum,41.7683
KDM6B,Pituitary,41.4472
KDM6B,Spleen,41.1969
KDM6B,Testis,39.5835
KDM6B,Thyroid,35.9759
KDM6B,Brain_Cerebellar_Hemisphere,35.804
KDM6B,Uterus,34.754
KDM6B,Fallopian_Tube,34.3844
ALOX15B,Vagina,74.4768
ALOX15B,Prostate,69.0677
ALOX15B,Esophagus_Mucosa,65.5833
ALOX15B,Cervix_Ectocervix,40.0389
ALOX15B,Lung,30.896
ALOX15B,Skin_Sun_Exposed_Lower_leg,29.5138
ALOX15B,Skin_Not_Sun_Exposed_Suprapubic,25.624
ALOX15B,Liver_Portal_Tract,15.4324
ALOX15B,Small_Intestine_Terminal_Ileum_Lymphoid_Aggregate,9.01129
ALOX15B,Stomach_Mixed_Cell,8.54089
ALOX15B,Stomach_Mucosa,8.0026
ALOX15B,Spleen,7.85198
ALOX12B,Skin_Sun_Exposed_Lower_leg,155.958
ALOX12B,Skin_Not_Sun_Exposed_Suprapubic,115.564
ALOX12B,Vagina,9.96573
ALOX12B,Cervix_Ectocervix,4.92473
ALOX12B,Esophagus_Mucosa,2.9319
ALOX12B,Brain_Frontal_Cortex_BA9,1.63083
ALOX12B,Brain_Cortex,1.55686
ALOX12B,Brain_Cerebellum,1.15965
ALOX12B,Brain_Nucleus_accumbens_basal_ganglia,1.14416
ALOX12B,Brain_Cerebellar_Hemisphere,1.13664
ALOX12B,Pancreas_Islets,0.927324
ALOX12B,Prostate,0.810327
AURKB,Cells_EBV-transformed_lymphocytes,168.134
AURKB,Nerve_Tibial,43.2072
AURKB,Cells_Cultured_fibroblasts,30.8914
AURKB,Esophagus_Mucosa,20.6335
AURKB,Small_Intestine_Terminal_Ileum_Mixed_Cell,20.1981
AURKB,Small_Intestine_Terminal_Ileum_Lymphoid_Aggregate,19.0963
AURKB,Colon_Transverse_Mixed_Cell,16.5626
AURKB,Colon_Transverse_Mucosa,15.7319
AURKB,Spleen,13.4955
AURKB,Small_Intestine_Terminal_Ileum,10.4548
AURKB,Skin_Sun_Exposed_Lower_leg,7.22315
AURKB,Vagina,6.7304
MAP2K4,Brain_Frontal_Cortex_BA9,61.8812
MAP2K4,Brain_Cerebellar_Hemisphere,51.7107
MAP2K4,Brain_Cortex,41.1463
MAP2K4,Brain_Cerebellum,40.9299
MAP2K4,Brain_Anterior_cingulate_cortex_BA24,33.9278
MAP2K4,Brain_Hypothalamus,30.9364
MAP2K4,Cells_EBV-transformed_lymphocytes,28.3702
MAP2K4,Cervix_Ectocervix,27.8789
MAP2K4,Pituitary,27.8045
MAP2K4,Vagina,27.572
MAP2K4,Skin_Sun_Exposed_Lower_leg,27.3511
MAP2K4,Esophagus_Mucosa,26.7333
ADORA2B,Colon_Transverse_Mucosa,23.5724
ADORA2B,Colon_Transverse_Mixed_Cell,23.4911
ADORA2B,Skin_Not_Sun_Exposed_Suprapubic,18.2508
ADORA2B,Esophagus_Mucosa,16.0499
ADORA2B,Skin_Sun_Exposed_Lower_leg,15.2118
ADORA2B,Cells_Cultured_fibroblasts,14.7348
ADORA2B,Vagina,14.3518
ADORA2B,Brain_Anterior_cingulate_cortex_BA24,12.5811
ADORA2B,Brain_Cortex,11.8317
ADORA2B,Brain_Frontal_Cortex_BA9,10.7077
ADORA2B,Colon_Transverse,10.5248
ADORA2B,Brain_Nucleus_accumbens_basal_ganglia,10.3074
TRPV2,Cells_EBV-transformed_lymphocytes,87.8207
TRPV2,Lung,64.3504
TRPV2,Spleen,47.5135
TRPV2,Whole_Blood,44.7361
TRPV2,Small_Intestine_Terminal_Ileum_Lymphoid_Aggregate,40.8035
TRPV2,Artery_Coronary,38.072
TRPV2,Artery_Tibial,34.8229
TRPV2,Cells_Cultured_fibroblasts,32.7794
TRPV2,Adipose_Visceral_Omentum,26.1974
TRPV2,Adrenal_Gland,25.2221
TRPV2,Adipose_Subcutaneous,24.6261
TRPV2,Liver_Portal_Tract,22.6244
SREBF1,Adrenal_Gland,313.182
SREBF1,Nerve_Tibial,130.109
SREBF1,Pancreas_Islets,110.647
SREBF1,Liver_Portal_Tract,107.953
SREBF1,Liver,107.783
SREBF1,Cervix_Ectocervix,101.079
SREBF1,Minor_Salivary_Gland,91.5519
SREBF1,Liver_Mixed_Cell,90.0826
SREBF1,Liver_Hepatocyte,89.1181
SREBF1,Vagina,88.8789
SREBF1,Testis,88.4906
SREBF1,Esophagus_Mucosa,87.9383
GID4,Testis,46.6918
GID4,Esophagus_Muscularis,19.4356
GID4,Artery_Tibial,17.9271
GID4,Skin_Sun_Exposed_Lower_leg,17.1911
GID4,Colon_Sigmoid,16.0834
GID4,Esophagus_Gastroesophageal_Junction,15.4726
GID4,Muscle_Skeletal,15.3005
GID4,Bladder,14.5632
GID4,Colon_Transverse_Muscularis,14.4532
GID4,Uterus,14.3449
GID4,Skin_Not_Sun_Exposed_Suprapubic,13.9296
GID4,Stomach_Muscularis,13.6778
ALKBH5,Testis,166.169
ALKBH5,Muscle_Skeletal,160.199
ALKBH5,Fallopian_Tube,125.718
ALKBH5,Colon_Sigmoid,120.288
ALKBH5,Uterus,119.19
ALKBH5,Artery_Tibial,115.712
ALKBH5,Pituitary,114.789
ALKBH5,Artery_Aorta,108.266
ALKBH5,Esophagus_Muscularis,107.109
ALKBH5,Cervix_Endocervix,105.481
ALKBH5,Brain_Cerebellar_Hemisphere,102.856
ALKBH5,Esophagus_Gastroesophageal_Junction,102.856
SLC47A1,Adrenal_Gland,113.125
SLC47A1,Liver,41.0212
SLC47A1,Liver_Mixed_Cell,40.4342
SLC47A1,Liver_Hepatocyte,39.301
SLC47A1,Cervix_Endocervix,31.5252
SLC47A1,Kidney_Cortex,28.0703
SLC47A1,Testis,23.6461
SLC47A1,Cervix_Ectocervix,19.4477
SLC47A1,Pituitary,18.3352
SLC47A1,Uterus,17.0132
SLC47A1,Muscle_Skeletal,16.676
SLC47A1,Vagina,15.3512
SLC47A2,Kidney_Cortex,37.3954
SLC47A2,Skin_Sun_Exposed_Lower_leg,3.92818
SLC47A2,Skin_Not_Sun_Exposed_Suprapubic,2.95816
SLC47A2,Kidney_Medulla,2.94913
SLC47A2,Brain_Hippocampus,1.65798
SLC47A2,Brain_Hypothalamus,1.61684
SLC47A2,Brain_Spinal_cord_cervical_c-1,1.32638
SLC47A2,Esophagus_Mucosa,1.30327
SLC47A2,Fallopian_Tube,1.28875
SLC47A2,Small_Intestine_Terminal_Ileum_Mixed_Cell,0.752678
SLC47A2,Brain_Substantia_nigra,0.600055
SLC47A2,Brain_Caudate_basal_ganglia,0.554559
ALDH3A1,Esophagus_Mucosa,346.766
ALDH3A1,Stomach_Mixed_Cell,111.063
ALDH3A1,Stomach_Mucosa,93.6838
ALDH3A1,Stomach,53.2403
ALDH3A1,Skin_Not_Sun_Exposed_Suprapubic,30.2125
ALDH3A1,Skin_Sun_Exposed_Lower_leg,28.2549
ALDH3A1,Vagina,13.0629
ALDH3A1,Minor_Salivary_Gland,11.8493
ALDH3A1,Cervix_Ectocervix,10.2254
ALDH3A1,Testis,2.62795
ALDH3A1,Lung,2.55548
ALDH3A1,Breast_Mammary_Tissue,2.50873
LGALS9,Cells_EBV-transformed_lymphocytes,136.168
LGALS9,Colon_Transverse_Mucosa,128.976
LGALS9,Spleen,127.78
LGALS9,Colon_Transverse_Mixed_Cell,116.473
LGALS9,Whole_Blood,100.736
LGALS9,Colon_Transverse,83.767
LGALS9,Stomach_Mixed_Cell,58.5442
LGALS9,Stomach_Mucosa,57.2137
LGALS9,Lung,56.0661
LGALS9,Small_Intestine_Terminal_Ileum,54.1249
LGALS9,Small_Intestine_Terminal_Ileum_Mixed_Cell,54.0286
LGALS9,Small_Intestine_Terminal_Ileum_Lymphoid_Aggregate,53.7454
NOS2,Colon_Transverse_Mucosa,5.17428
NOS2,Colon_Transverse_Mixed_Cell,4.93458
NOS2,Small_Intestine_Terminal_Ileum_Mixed_Cell,4.04037
NOS2,Brain_Cortex,3.40929
NOS2,Brain_Frontal_Cortex_BA9,3.11629
NOS2,Small_Intestine_Terminal_Ileum,2.68274
NOS2,Colon_Transverse,2.38842
NOS2,Lung,1.94104
NOS2,Pituitary,1.83588
NOS2,Nerve_Tibial,1.28497
NOS2,Brain_Cerebellum,1.27482
NOS2,Brain_Cerebellar_Hemisphere,1.20678
TMEM97,Testis,81.6687
TMEM97,Pancreas,69.9157
TMEM97,Pancreas_Mixed_Cell,69.1567
TMEM97,Stomach_Mucosa,65.5913
TMEM97,Pancreas_Acini,63.69
TMEM97,Stomach_Mixed_Cell,59.6225
TMEM97,Cells_EBV-transformed_lymphocytes,53.3193
TMEM97,Liver_Portal_Tract,45.0715
TMEM97,Stomach,44.923
TMEM97,Liver_Hepatocyte,38.5349
TMEM97,Liver_Mixed_Cell,36.7243
TMEM97,Cells_Cultured_fibroblasts,27.7997
SARM1,Brain_Cerebellum,18.069
SARM1,Brain_Cerebellar_Hemisphere,15.9611
SARM1,Pituitary,10.7749
SARM1,Uterus,9.8065
SARM1,Cervix_Endocervix,9.16463
SARM1,Spleen,8.34841
SARM1,Small_Intestine_Terminal_Ileum_Lymphoid_Aggregate,8.15033
SARM1,Fallopian_Tube,8.13802
SARM1,Artery_Tibial,8.00252
SARM1,Prostate,7.78283
SARM1,Artery_Aorta,7.11373
SARM1,Bladder,7.00383
SLC46A1,Adrenal_Gland,19.3084
SLC46A1,Liver_Hepatocyte,18.7459
SLC46A1,Brain_Cerebellum,17.6154
SLC46A1,Pituitary,17.4662
SLC46A1,Brain_Cerebellar_Hemisphere,16.9795
SLC46A1,Liver_Mixed_Cell,16.1534
SLC46A1,Pancreas_Islets,15.7247
SLC46A1,Liver,14.1154
SLC46A1,Liver_Portal_Tract,13.4136
SLC46A1,Brain_Spinal_cord_cervical_c-1,10.3841
SLC46A1,Artery_Aorta,9.77952
SLC46A1,Prostate,9.09117
TAOK1,Cells_Cultured_fibroblasts,32.2205
TAOK1,Nerve_Tibial,30.6855
TAOK1,Artery_Tibial,27.2946
TAOK1,Adipose_Subcutaneous,26.1527
TAOK1,Uterus,24.8585
TAOK1,Artery_Aorta,24.1312
TAOK1,Lung,23.8143
TAOK1,Cervix_Endocervix,23.132
TAOK1,Artery_Coronary,22.0086
TAOK1,Thyroid,21.3691
TAOK1,Skin_Sun_Exposed_Lower_leg,21.268
TAOK1,Breast_Mammary_Tissue,21.1709
SLC6A4,Lung,36.6831
SLC6A4,Small_Intestine_Terminal_Ileum_Mixed_Cell,5.23572
SLC6A4,Small_Intestine_Terminal_Ileum,4.3873
SLC6A4,Pancreas_Islets,4.09282
SLC6A4,Cells_EBV-transformed_lymphocytes,1.83174
SLC6A4,Esophagus_Mucosa,1.66667
SLC6A4,Nerve_Tibial,0.764397
SLC6A4,Skin_Sun_Exposed_Lower_leg,0.708034
SLC6A4,Testis,0.693399
SLC6A4,Artery_Aorta,0.604266
SLC6A4,Skin_Not_Sun_Exposed_Suprapubic,0.537978
SLC6A4,Brain_Cerebellar_Hemisphere,0.458147
CDK5R1,Brain_Cerebellar_Hemisphere,128.619
CDK5R1,Brain_Frontal_Cortex_BA9,117.484
CDK5R1,Brain_Cerebellum,103.477
CDK5R1,Brain_Cortex,75.3271
CDK5R1,Brain_Anterior_cingulate_cortex_BA24,73.1815
CDK5R1,Brain_Nucleus_accumbens_basal_ganglia,49.5706
CDK5R1,Brain_Hypothalamus,46.7126
CDK5R1,Brain_Hippocampus,43.8639
CDK5R1,Brain_Amygdala,41.0735
CDK5R1,Cells_EBV-transformed_lymphocytes,40.544
CDK5R1,Small_Intestine_Terminal_Ileum_Lymphoid_Aggregate,30.9562
CDK5R1,Brain_Caudate_basal_ganglia,30.7217
CCL2,Liver_Portal_Tract,1105.59
CCL2,Stomach_Muscularis,279.453
CCL2,Lung,174.34
CCL2,Adipose_Visceral_Omentum,151.459
CCL2,Artery_Coronary,142.916
CCL2,Colon_Transverse_Muscularis,139.373
CCL2,Cells_Cultured_fibroblasts,134.564
CCL2,Artery_Aorta,105.902
CCL2,Kidney_Medulla,89.1214
CCL2,Nerve_Tibial,88.7674
CCL2,Colon_Sigmoid,84.6183
CCL2,Prostate,74.7559
CCL4,Cells_EBV-transformed_lymphocytes,284.743
CCL4,Spleen,116.333
CCL4,Whole_Blood,108.245
CCL4,Liver_Portal_Tract,76.0541
CCL4,Small_Intestine_Terminal_Ileum_Lymphoid_Aggregate,47.3094
CCL4,Lung,39.8411
CCL4,Small_Intestine_Terminal_Ileum_Mixed_Cell,25.6791
CCL4,Adipose_Visceral_Omentum,21.9591
CCL4,Small_Intestine_Terminal_Ileum,16.2476
CCL4,Fallopian_Tube,13.9972
CCL4,Artery_Aorta,11.2064
CCL4,Cervix_Ectocervix,10.3229
ACACA,Prostate,23.6701
ACACA,Bladder,22.8785
ACACA,Brain_Cerebellum,20.6622
ACACA,Brain_Cerebellar_Hemisphere,20.4346
ACACA,Brain_Frontal_Cortex_BA9,20.3097
ACACA,Adrenal_Gland,19.8493
ACACA,Brain_Cortex,19.8473
ACACA,Esophagus_Muscularis,19.6361
ACACA,Testis,19.073
ACACA,Esophagus_Mucosa,18.728
ACACA,Cells_Cultured_fibroblasts,18.6742
ACACA,Pituitary,18.4315
CACNB1,Muscle_Skeletal,91.1541
CACNB1,Brain_Frontal_Cortex_BA9,51.6277
CACNB1,Brain_Cortex,46.1432
CACNB1,Brain_Anterior_cingulate_cortex_BA24,33.3046
CACNB1,Brain_Nucleus_accumbens_basal_ganglia,27.2242
CACNB1,Brain_Cerebellum,27.068
CACNB1,Brain_Cerebellar_Hemisphere,27.0606
CACNB1,Artery_Tibial,23.7898
CACNB1,Brain_Caudate_basal_ganglia,23.7189
CACNB1,Brain_Hippocampus,21.9186
CACNB1,Brain_Hypothalamus,21.163
CACNB1,Brain_Amygdala,20.3976
PNMT,Brain_Nucleus_accumbens_basal_ganglia,43.1223
PNMT,Brain_Caudate_basal_ganglia,36.5867
PNMT,Pituitary,26.1755
PNMT,Brain_Substantia_nigra,24.8429
PNMT,Brain_Putamen_basal_ganglia,23.9375
PNMT,Pancreas_Islets,22.099
PNMT,Brain_Hypothalamus,19.625
PNMT,Stomach_Muscularis,17.7152
PNMT,Small_Intestine_Terminal_Ileum_Mixed_Cell,14.9102
PNMT,Esophagus_Gastroesophageal_Junction,14.8973
PNMT,Heart_Atrial_Appendage,14.6049
PNMT,Fallopian_Tube,14.3803
ERBB2,Nerve_Tibial,131.143
ERBB2,Skin_Sun_Exposed_Lower_leg,117.6
ERBB2,Skin_Not_Sun_Exposed_Suprapubic,110.294
ERBB2,Esophagus_Mucosa,110.251
ERBB2,Thyroid,98.8514
ERBB2,Kidney_Medulla,92.5487
ERBB2,Artery_Aorta,85.9546
ERBB2,Prostate,84.4159
ERBB2,Minor_Salivary_Gland,82.7775
ERBB2,Vagina,77.2063
ERBB2,Colon_Transverse_Mucosa,70.7924
ERBB2,Colon_Transverse_Mixed_Cell,67.7827
THRA,Brain_Nucleus_accumbens_basal_ganglia,178.764
THRA,Brain_Cerebellar_Hemisphere,143.791
THRA,Brain_Cerebellum,126.806
THRA,Brain_Anterior_cingulate_cortex_BA24,112.839
THRA,Brain_Caudate_basal_ganglia,107.599
THRA,Brain_Frontal_Cortex_BA9,103.989
THRA,Brain_Amygdala,103.302
THRA,Brain_Cortex,95.2151
THRA,Brain_Hypothalamus,80.9868
THRA,Brain_Putamen_basal_ganglia,75.2014
THRA,Artery_Tibial,74.5769
THRA,Cervix_Endocervix,74.4065
RARA,Whole_Blood,119.087
RARA,Lung,66.0488
RARA,Cervix_Endocervix,59.7751
RARA,Fallopian_Tube,57.2046
RARA,Liver_Portal_Tract,55.7577
RARA,Artery_Tibial,53.6709
RARA,Spleen,50.8966
RARA,Artery_Aorta,49.5104
RARA,Ovary,46.2399
RARA,Uterus,45.9259
RARA,Nerve_Tibial,44.3966
RARA,Adipose_Visceral_Omentum,43.4738
TOP2A,Cells_EBV-transformed_lymphocytes,169.074
TOP2A,Cells_Cultured_fibroblasts,83.7138
TOP2A,Testis,79.6875
TOP2A,Esophagus_Mucosa,21.1288
TOP2A,Small_Intestine_Terminal_Ileum_Mixed_Cell,15.8398
TOP2A,Colon_Transverse_Mucosa,12.642
TOP2A,Colon_Transverse_Mixed_Cell,11.0308
TOP2A,Small_Intestine_Terminal_Ileum_Lymphoid_Aggregate,9.48547
TOP2A,Small_Intestine_Terminal_Ileum,8.92065
TOP2A,Skin_Sun_Exposed_Lower_leg,7.74265
TOP2A,Skin_Not_Sun_Exposed_Suprapubic,7.21939
TOP2A,Vagina,7.04575
ACLY,Cells_Cultured_fibroblasts,173.642
ACLY,Cells_EBV-transformed_lymphocytes,139.523
ACLY,Pancreas_Islets,86.2434
ACLY,Nerve_Tibial,68.8003
ACLY,Adipose_Visceral_Omentum,67.1263
ACLY,Uterus,63.9798
ACLY,Adipose_Subcutaneous,63.6416
ACLY,Artery_Aorta,62.0719
ACLY,Cervix_Endocervix,60.3907
ACLY,Lung,58.9895
ACLY,Prostate,58.2158
ACLY,Thyroid,57.5763
STAT3,Lung,166.139
STAT3,Artery_Aorta,138.209
STAT3,Artery_Tibial,136.186
STAT3,Adipose_Visceral_Omentum,131.746
STAT3,Whole_Blood,130.382
STAT3,Liver_Portal_Tract,126.401
STAT3,Fallopian_Tube,124.68
STAT3,Nerve_Tibial,124.426
STAT3,Breast_Mammary_Tissue,118.357
STAT3,Adipose_Subcutaneous,118.159
STAT3,Liver_Mixed_Cell,117.915
STAT3,Artery_Coronary,117.569
HSD17B1,Skin_Not_Sun_Exposed_Suprapubic,10.7447
HSD17B1,Skin_Sun_Exposed_Lower_leg,10.3289
HSD17B1,Ovary,9.71249
HSD17B1,Esophagus_Mucosa,9.09206
HSD17B1,Testis,8.38131
HSD17B1,Thyroid,7.64814
HSD17B1,Pituitary,5.75374
HSD17B1,Prostate,5.51562
HSD17B1,Vagina,5.10294
HSD17B1,Pancreas_Islets,4.93781
HSD17B1,Fallopian_Tube,4.89907
HSD17B1,Kidney_Medulla,4.62172
EZH1,Brain_Cerebellar_Hemisphere,147.862
EZH1,Brain_Cerebellum,138.12
EZH1,Small_Intestine_Terminal_Ileum_Lymphoid_Aggregate,124.161
EZH1,Nerve_Tibial,121.081
EZH1,Ovary,106.968
EZH1,Uterus,97.1447
EZH1,Cervix_Endocervix,94.9849
EZH1,Fallopian_Tube,91.5221
EZH1,Artery_Tibial,80.3439
EZH1,Adipose_Subcutaneous,80.1813
EZH1,Cervix_Ectocervix,74.8652
EZH1,Spleen,72.9584
AOC3,Artery_Tibial,473.536
AOC3,Artery_Coronary,390.267
AOC3,Artery_Aorta,372.935
AOC3,Lung,334.16
AOC3,Adipose_Subcutaneous,323.684
AOC3,Colon_Sigmoid,273.245
AOC3,Bladder,222.988
AOC3,Adipose_Visceral_Omentum,221.885
AOC3,Esophagus_Muscularis,206.99
AOC3,Esophagus_Gastroesophageal_Junction,193.783
AOC3,Colon_Transverse_Muscularis,187.548
AOC3,Fallopian_Tube,175.907
SOST,Artery_Aorta,79.9627
SOST,Artery_Tibial,33.7686
SOST,Kidney_Cortex,7.46496
SOST,Artery_Coronary,4.69188
SOST,Kidney_Medulla,0.558391
SOST,Heart_Atrial_Appendage,0.415242
SOST,Testis,0.117888
SOST,Lung,0.104457
SOST,Brain_Frontal_Cortex_BA9,0.089983
SOST,Skin_Sun_Exposed_Lower_leg,0.086954
SOST,Brain_Cortex,0.074713
SOST,Nerve_Tibial,0.074413
DUSP3,Muscle_Skeletal,126.747
DUSP3,Artery_Tibial,126.497
DUSP3,Artery_Coronary,121.583
DUSP3,Artery_Aorta,121.047
DUSP3,Colon_Sigmoid,111.205
DUSP3,Esophagus_Muscularis,109.785
DUSP3,Esophagus_Gastroesophageal_Junction,102.606
DUSP3,Colon_Transverse_Muscularis,101.963
DUSP3,Stomach_Muscularis,101.88
DUSP3,Heart_Left_Ventricle,89.1984
DUSP3,Lung,78.6175
DUSP3,Liver_Portal_Tract,77.7481
HDAC5,Artery_Tibial,78.7173
HDAC5,Skin_Sun_Exposed_Lower_leg,77.5521
HDAC5,Artery_Aorta,75.9508
HDAC5,Brain_Cerebellar_Hemisphere,73.1537
HDAC5,Brain_Cerebellum,72.6051
HDAC5,Skin_Not_Sun_Exposed_Suprapubic,72.0749
HDAC5,Uterus,71.0241
HDAC5,Ovary,70.3783
HDAC5,Cervix_Endocervix,66.2744
HDAC5,Pituitary,63.4122
HDAC5,Nerve_Tibial,59.3233
HDAC5,Fallopian_Tube,58.4473
ITGA2B,Whole_Blood,50.4213
ITGA2B,Spleen,18.4623
ITGA2B,Testis,10.302
ITGA2B,Thyroid,9.95185
ITGA2B,Brain_Cerebellum,8.86491
ITGA2B,Lung,8.21277
ITGA2B,Brain_Cerebellar_Hemisphere,7.19718
ITGA2B,Pituitary,5.24828
ITGA2B,Cervix_Endocervix,5.03711
ITGA2B,Fallopian_Tube,4.93292
ITGA2B,Kidney_Medulla,4.77333
ITGA2B,Ovary,4.49128
MAPT,Brain_Cerebellum,210.856
MAPT,Brain_Cerebellar_Hemisphere,201.383
MAPT,Brain_Cortex,153.376
MAPT,Brain_Frontal_Cortex_BA9,147.528
MAPT,Brain_Anterior_cingulate_cortex_BA24,102.232
MAPT,Brain_Hypothalamus,87.866
MAPT,Brain_Amygdala,74.1196
MAPT,Brain_Hippocampus,73.3517
MAPT,Brain_Nucleus_accumbens_basal_ganglia,72.7693
MAPT,Brain_Caudate_basal_ganglia,65.4069
MAPT,Brain_Putamen_basal_ganglia,58.6133
MAPT,Brain_Substantia_nigra,57.2691
ITGB3,Artery_Aorta,68.8666
ITGB3,Thyroid,60.9983
ITGB3,Artery_Tibial,49.4864
ITGB3,Colon_Transverse_Muscularis,48.5369
ITGB3,Colon_Sigmoid,37.3726
ITGB3,Artery_Coronary,36.219
ITGB3,Fallopian_Tube,28.2724
ITGB3,Esophagus_Muscularis,23.1103
ITGB3,Cells_Cultured_fibroblasts,22.8388
ITGB3,Uterus,21.1968
ITGB3,Esophagus_Gastroesophageal_Junction,18.5271
ITGB3,Colon_Transverse,16.729
NPEPPS,Esophagus_Mucosa,72.9241
NPEPPS,Vagina,62.2604
NPEPPS,Cervix_Ectocervix,62.0107
NPEPPS,Brain_Cerebellar_Hemisphere,54.1385
NPEPPS,Brain_Cerebellum,52.515
NPEPPS,Ovary,50.1584
NPEPPS,Skin_Sun_Exposed_Lower_leg,47.9414
NPEPPS,Fallopian_Tube,45.6289
NPEPPS,Small_Intestine_Terminal_Ileum_Lymphoid_Aggregate,45.5619
NPEPPS,Uterus,45.4622
NPEPPS,Cells_Cultured_fibroblasts,43.4747
NPEPPS,Cells_EBV-transformed_lymphocytes,42.7255
PNPO,Liver_Hepatocyte,48.011
PNPO,Liver,47.4541
PNPO,Liver_Mixed_Cell,45.9644
PNPO,Thyroid,22.7422
PNPO,Brain_Hypothalamus,21.4015
PNPO,Brain_Frontal_Cortex_BA9,20.6267
PNPO,Liver_Portal_Tract,20.3183
PNPO,Adrenal_Gland,20.1905
PNPO,Cells_EBV-transformed_lymphocytes,19.5487
PNPO,Kidney_Medulla,18.6683
PNPO,Kidney_Cortex,18.2296
PNPO,Brain_Cerebellum,17.9704
IGF2BP1,Testis,8.78869
IGF2BP1,Cells_Cultured_fibroblasts,6.6667
IGF2BP1,Kidney_Cortex,0.503781
IGF2BP1,Cells_EBV-transformed_lymphocytes,0.434361
IGF2BP1,Kidney_Medulla,0.387089
IGF2BP1,Liver_Portal_Tract,0.236799
IGF2BP1,Artery_Coronary,0.057691
IGF2BP1,Artery_Tibial,0.056297
IGF2BP1,Adrenal_Gland,0.029709
IGF2BP1,Colon_Transverse_Mixed_Cell,0.02372
IGF2BP1,Lung,0.0234
IGF2BP1,Colon_Transverse,0.022597
PDK2,Brain_Cerebellum,151.545
PDK2,Brain_Cerebellar_Hemisphere,149.185
PDK2,Muscle_Skeletal,87.359
PDK2,Adrenal_Gland,65.6714
PDK2,Artery_Tibial,60.2094
PDK2,Ovary,57.943
PDK2,Heart_Atrial_Appendage,54.9495
PDK2,Heart_Left_Ventricle,53.525
PDK2,Esophagus_Gastroesophageal_Junction,49.8837
PDK2,Brain_Cortex,49.2573
PDK2,Nerve_Tibial,49.132
PDK2,Uterus,48.2339
CACNA1G,Brain_Cerebellum,31.4588
CACNA1G,Cervix_Endocervix,15.2753
CACNA1G,Brain_Cortex,11.3608
CACNA1G,Cervix_Ectocervix,9.57748
CACNA1G,Brain_Cerebellar_Hemisphere,9.56052
CACNA1G,Brain_Frontal_Cortex_BA9,8.99649
CACNA1G,Ovary,7.86586
CACNA1G,Brain_Hypothalamus,6.97164
CACNA1G,Vagina,6.10228
CACNA1G,Fallopian_Tube,4.98413
CACNA1G,Brain_Anterior_cingulate_cortex_BA24,4.57482
CACNA1G,Uterus,3.12395
MPO,Whole_Blood,31.5962
MPO,Spleen,15.2148
MPO,Lung,7.08938
MPO,Pituitary,2.70181
MPO,Minor_Salivary_Gland,2.26099
MPO,Brain_Cortex,1.79679
MPO,Brain_Frontal_Cortex_BA9,1.79556
MPO,Brain_Cerebellum,1.31151
MPO,Brain_Anterior_cingulate_cortex_BA24,1.29404
MPO,Testis,1.20973
MPO,Brain_Hypothalamus,1.16959
MPO,Brain_Cerebellar_Hemisphere,1.08283
RPS6KB1,Ovary,24.2274
RPS6KB1,Uterus,21.7105
RPS6KB1,Vagina,20.726
RPS6KB1,Cervix_Endocervix,19.9102
RPS6KB1,Brain_Cerebellar_Hemisphere,19.7872
RPS6KB1,Nerve_Tibial,19.6389
RPS6KB1,Cervix_Ectocervix,19.4758
RPS6KB1,Cells_EBV-transformed_lymphocytes,19.1725
RPS6KB1,Small_Intestine_Terminal_Ileum_Lymphoid_Aggregate,18.9348
RPS6KB1,Artery_Tibial,18.9283
RPS6KB1,Thyroid,18.6917
RPS6KB1,Liver_Portal_Tract,18.2803
CA4,Colon_Transverse_Mucosa,166.9
CA4,Colon_Transverse_Mixed_Cell,154.701
CA4,Brain_Cerebellar_Hemisphere,112.725
CA4,Brain_Cerebellum,106.882
CA4,Lung,75.3626
CA4,Thyroid,72.186
CA4,Adipose_Visceral_Omentum,56.4111
CA4,Breast_Mammary_Tissue,50.8361
CA4,Whole_Blood,50.2707
CA4,Adipose_Subcutaneous,35.6094
CA4,Colon_Transverse,28.2899
CA4,Kidney_Cortex,19.0277
ACE,Testis,115.843
ACE,Small_Intestine_Terminal_Ileum,74.9959
ACE,Small_Intestine_Terminal_Ileum_Mixed_Cell,59.139
ACE,Lung,41.5176
ACE,Thyroid,22.9752
ACE,Adipose_Subcutaneous,17.0322
ACE,Pituitary,12.9518
ACE,Cervix_Ectocervix,11.0422
ACE,Colon_Transverse,11.0154
ACE,Colon_Transverse_Mucosa,10.7209
ACE,Prostate,10.1036
ACE,Colon_Transverse_Mixed_Cell,9.60009
SCN4A,Muscle_Skeletal,84.605
SCN4A,Adipose_Visceral_Omentum,30.9415
SCN4A,Breast_Mammary_Tissue,23.0038
SCN4A,Adipose_Subcutaneous,18.8904
SCN4A,Thyroid,11.1026
SCN4A,Testis,4.6329
SCN4A,Pituitary,3.50119
SCN4A,Colon_Sigmoid,1.76349
SCN4A,Spleen,1.71038
SCN4A,Artery_Coronary,1.5091
SCN4A,Colon_Transverse_Muscularis,1.21946
SCN4A,Small_Intestine_Terminal_Ileum_Lymphoid_Aggregate,1.19315
ERN1,Adrenal_Gland,21.8384
ERN1,Cervix_Endocervix,19.9999
ERN1,Liver_Portal_Tract,17.7879
ERN1,Pituitary,15.1355
ERN1,Lung,13.6857
ERN1,Small_Intestine_Terminal_Ileum_Lymphoid_Aggregate,12.7826
ERN1,Fallopian_Tube,11.8862
ERN1,Ovary,11.7321
ERN1,Cervix_Ectocervix,11.6268
ERN1,Whole_Blood,11.4683
ERN1,Spleen,11.1267
ERN1,Pancreas,10.9722
PRKCA,Nerve_Tibial,47.679
PRKCA,Cells_Cultured_fibroblasts,32.719
PRKCA,Brain_Frontal_Cortex_BA9,32.4227
PRKCA,Colon_Sigmoid,31.0145
PRKCA,Brain_Anterior_cingulate_cortex_BA24,29.5716
PRKCA,Brain_Cortex,29.3563
PRKCA,Brain_Hippocampus,29.1171
PRKCA,Adrenal_Gland,27.6382
PRKCA,Brain_Amygdala,25.7957
PRKCA,Brain_Nucleus_accumbens_basal_ganglia,24.6557
PRKCA,Brain_Caudate_basal_ganglia,21.8398
PRKCA,Stomach_Muscularis,21.2951
KPNA2,Testis,174.17
KPNA2,Cells_EBV-transformed_lymphocytes,157.433
KPNA2,Cells_Cultured_fibroblasts,95.5144
KPNA2,Small_Intestine_Terminal_Ileum_Mixed_Cell,31.6033
KPNA2,Esophagus_Mucosa,31.3851
KPNA2,Spleen,27.3375
KPNA2,Small_Intestine_Terminal_Ileum_Lymphoid_Aggregate,26.1126
KPNA2,Colon_Transverse_Mixed_Cell,21.3251
KPNA2,Lung,20.9433
KPNA2,Brain_Frontal_Cortex_BA9,19.3502
KPNA2,Colon_Transverse_Mucosa,18.3757
KPNA2,Small_Intestine_Terminal_Ileum,18.0251
SUMO2,Cells_EBV-transformed_lymphocytes,138.49
SUMO2,Brain_Cerebellar_Hemisphere,123.63
SUMO2,Ovary,103.667
SUMO2,Uterus,101.278
SUMO2,Cells_Cultured_fibroblasts,98.0401
SUMO2,Cervix_Endocervix,93.5774
SUMO2,Artery_Tibial,92.0541
SUMO2,Artery_Aorta,89.8255
SUMO2,Vagina,87.9574
SUMO2,Brain_Cerebellum,87.7903
SUMO2,Cervix_Ectocervix,85.4305
SUMO2,Fallopian_Tube,85.1041
GRB2,Cells_EBV-transformed_lymphocytes,195.788
GRB2,Whole_Blood,178.746
GRB2,Small_Intestine_Terminal_Ileum_Lymphoid_Aggregate,160.337
GRB2,Spleen,142.503
GRB2,Brain_Cerebellar_Hemisphere,101.285
GRB2,Lung,95.2722
GRB2,Small_Intestine_Terminal_Ileum_Mixed_Cell,94.1992
GRB2,Artery_Aorta,89.9022
GRB2,Brain_Cerebellum,89.2921
GRB2,Uterus,83.3454
GRB2,Colon_Sigmoid,81.9844
GRB2,Artery_Coronary,81.6221
SPHK1,Nerve_Tibial,59.8907
SPHK1,Cells_Cultured_fibroblasts,48.5547
SPHK1,Lung,29.2304
SPHK1,Liver_Portal_Tract,24.9973
SPHK1,Breast_Mammary_Tissue,23.0127
SPHK1,Esophagus_Mucosa,22.1063
SPHK1,Minor_Salivary_Gland,21.5982
SPHK1,Adipose_Subcutaneous,20.8629
SPHK1,Artery_Coronary,18.9199
SPHK1,Artery_Aorta,17.9998
SPHK1,Vagina,17.9238
SPHK1,Skin_Sun_Exposed_Lower_leg,17.1742
AANAT,Testis,6.74295
AANAT,Small_Intestine_Terminal_Ileum_Lymphoid_Aggregate,4.08694
AANAT,Small_Intestine_Terminal_Ileum_Mixed_Cell,1.5443
AANAT,Spleen,1.17711
AANAT,Liver_Portal_Tract,0.918593
AANAT,Brain_Cerebellum,0.677065
AANAT,Cells_EBV-transformed_lymphocytes,0.674089
AANAT,Brain_Cerebellar_Hemisphere,0.638198
AANAT,Brain_Substantia_nigra,0.609012
AANAT,Brain_Hypothalamus,0.583023
AANAT,Thyroid,0.579817
AANAT,Brain_Spinal_cord_cervical_c-1,0.563048
TK1,Cells_EBV-transformed_lymphocytes,134.116
TK1,Cells_Cultured_fibroblasts,97.0507
TK1,Esophagus_Mucosa,34.6995
TK1,Colon_Transverse_Mixed_Cell,33.5703
TK1,Small_Intestine_Terminal_Ileum_Mixed_Cell,30.9863
TK1,Colon_Transverse_Mucosa,26.7386
TK1,Small_Intestine_Terminal_Ileum_Lymphoid_Aggregate,20.3173
TK1,Esophagus_Muscularis,18.5088
TK1,Small_Intestine_Terminal_Ileum,17.1726
TK1,Esophagus_Gastroesophageal_Junction,16.9129
TK1,Spleen,16.0834
TK1,Kidney_Medulla,15.9352
BIRC5,Cells_EBV-transformed_lymphocytes,66.1908
BIRC5,Testis,41.107
BIRC5,Cells_Cultured_fibroblasts,38.5481
BIRC5,Esophagus_Mucosa,13.7324
BIRC5,Small_Intestine_Terminal_Ileum_Mixed_Cell,12.6678
BIRC5,Colon_Transverse_Mixed_Cell,11.2351
BIRC5,Small_Intestine_Terminal_Ileum_Lymphoid_Aggregate,9.70507
BIRC5,Colon_Transverse_Mucosa,8.36937
BIRC5,Spleen,6.26334
BIRC5,Small_Intestine_Terminal_Ileum,5.16134
BIRC5,Skin_Not_Sun_Exposed_Suprapubic,4.20575
BIRC5,Skin_Sun_Exposed_Lower_leg,4.09561
ENGASE,Spleen,108.913
ENGASE,Small_Intestine_Terminal_Ileum_Lymphoid_Aggregate,88.5284
ENGASE,Cervix_Endocervix,69.786
ENGASE,Colon_Transverse_Mucosa,69.24
ENGASE,Ovary,68.1069
ENGASE,Fallopian_Tube,67.4957
ENGASE,Thyroid,64.0075
ENGASE,Small_Intestine_Terminal_Ileum,63.0791
ENGASE,Small_Intestine_Terminal_Ileum_Mixed_Cell,61.6929
ENGASE,Bladder,60.5422
ENGASE,Nerve_Tibial,59.5627
ENGASE,Uterus,57.5847
GAA,Testis,110.504
GAA,Spleen,80.7089
GAA,Lung,73.4985
GAA,Kidney_Medulla,68.6605
GAA,Pituitary,65.0501
GAA,Artery_Aorta,62.4335
GAA,Thyroid,61.4737
GAA,Nerve_Tibial,58.2966
GAA,Prostate,57.7201
GAA,Whole_Blood,57.544
GAA,Uterus,55.4305
GAA,Fallopian_Tube,52.6634
P4HB,Cells_Cultured_fibroblasts,661.663
P4HB,Pancreas,487.824
P4HB,Liver_Mixed_Cell,452.052
P4HB,Pancreas_Mixed_Cell,430.325
P4HB,Pancreas_Acini,384.339
P4HB,Liver_Hepatocyte,324.141
P4HB,Minor_Salivary_Gland,304.466
P4HB,Esophagus_Mucosa,284.804
P4HB,Liver,257.972
P4HB,Cells_EBV-transformed_lymphocytes,243.63
P4HB,Artery_Aorta,236.685
P4HB,Spleen,233.844
NOTUM,Testis,6.42263
NOTUM,Pancreas_Islets,4.93111
NOTUM,Liver,4.05733
NOTUM,Kidney_Medulla,3.87567
NOTUM,Liver_Mixed_Cell,3.87113
NOTUM,Liver_Hepatocyte,3.09725
NOTUM,Lung,2.79418
NOTUM,Muscle_Skeletal,2.62217
NOTUM,Skin_Not_Sun_Exposed_Suprapubic,2.54345
NOTUM,Skin_Sun_Exposed_Lower_leg,2.37028
NOTUM,Bladder,1.65929
NOTUM,Brain_Cortex,1.03168
FASN,Adipose_Subcutaneous,372.853
FASN,Adipose_Visceral_Omentum,324.293
FASN,Breast_Mammary_Tissue,314.264
FASN,Brain_Cerebellum,170.81
FASN,Skin_Not_Sun_Exposed_Suprapubic,133.565
FASN,Brain_Cerebellar_Hemisphere,130.011
FASN,Skin_Sun_Exposed_Lower_leg,124.37
FASN,Prostate,108.105
FASN,Pituitary,104.263
FASN,Esophagus_Mucosa,100.072
FASN,Cells_EBV-transformed_lymphocytes,99.3006
FASN,Stomach_Mixed_Cell,91.6935
CSNK1D,Spleen,121.863
CSNK1D,Liver_Portal_Tract,120.185
CSNK1D,Uterus,119.207
CSNK1D,Thyroid,114.575
CSNK1D,Prostate,113.992
CSNK1D,Whole_Blood,109.945
CSNK1D,Pituitary,109.392
CSNK1D,Cervix_Endocervix,107.511
CSNK1D,Lung,107.072
CSNK1D,Fallopian_Tube,105.975
CSNK1D,Small_Intestine_Terminal_Ileum_Lymphoid_Aggregate,104.282
CSNK1D,Brain_Cerebellum,103.49
UTS2R,Testis,9.11708
UTS2R,Thyroid,4.77281
UTS2R,Brain_Cortex,1.82424
UTS2R,Kidney_Medulla,1.39636
UTS2R,Brain_Frontal_Cortex_BA9,1.37172
UTS2R,Nerve_Tibial,1.31458
UTS2R,Heart_Atrial_Appendage,1.17467
UTS2R,Cells_EBV-transformed_lymphocytes,1.05487
UTS2R,Brain_Cerebellum,0.733987
UTS2R,Spleen,0.664149
UTS2R,Brain_Cerebellar_Hemisphere,0.613887
UTS2R,Colon_Transverse_Mucosa,0.518772
TYMS,Cells_EBV-transformed_lymphocytes,179.877
TYMS,Cells_Cultured_fibroblasts,63.5306
TYMS,Testis,42.4032
TYMS,Small_Intestine_Terminal_Ileum_Mixed_Cell,9.42361
TYMS,Esophagus_Mucosa,9.4139
TYMS,Small_Intestine_Terminal_Ileum_Lymphoid_Aggregate,7.73249
TYMS,Colon_Transverse_Mixed_Cell,7.64465
TYMS,Colon_Transverse_Mucosa,6.36479
TYMS,Spleen,5.70589
TYMS,Small_Intestine_Terminal_Ileum,5.63258
TYMS,Colon_Transverse,4.68793
TYMS,Cervix_Ectocervix,4.26698
YES1,Cells_Cultured_fibroblasts,41.9405
YES1,Lung,33.6665
YES1,Adipose_Subcutaneous,33.5048
YES1,Adipose_Visceral_Omentum,32.7675
YES1,Breast_Mammary_Tissue,31.3765
YES1,Thyroid,26.5534
YES1,Testis,25.6733
YES1,Spleen,25.4028
YES1,Esophagus_Mucosa,25.0958
YES1,Uterus,24.8361
YES1,Vagina,24.5183
YES1,Cervix_Endocervix,22.9073
PTPN2,Liver_Portal_Tract,23.6851
PTPN2,Cells_EBV-transformed_lymphocytes,20.9852
PTPN2,Small_Intestine_Terminal_Ileum_Lymphoid_Aggregate,20.5309
PTPN2,Ovary,16.7414
PTPN2,Lung,16.3439
PTPN2,Spleen,15.8382
PTPN2,Cells_Cultured_fibroblasts,15.6833
PTPN2,Brain_Cerebellum,13.5766
PTPN2,Brain_Cerebellar_Hemisphere,13.5711
PTPN2,Thyroid,12.6323
PTPN2,Pituitary,12.3966
PTPN2,Minor_Salivary_Gland,12.3551
RNMT,Cells_EBV-transformed_lymphocytes,41.2655
RNMT,Ovary,30.4854
RNMT,Brain_Cerebellar_Hemisphere,27.8258
RNMT,Small_Intestine_Terminal_Ileum_Lymphoid_Aggregate,26.6854
RNMT,Nerve_Tibial,26.031
RNMT,Thyroid,25.9432
RNMT,Cervix_Endocervix,25.6569
RNMT,Uterus,25.379
RNMT,Fallopian_Tube,24.8885
RNMT,Cells_Cultured_fibroblasts,24.7114
RNMT,Pituitary,23.8795
RNMT,Brain_Cerebellum,23.4645
MC5R,Testis,0.739223
MC5R,Esophagus_Mucosa,0.487069
MC5R,Skin_Not_Sun_Exposed_Suprapubic,0.11516
MC5R,Brain_Anterior_cingulate_cortex_BA24,0.100768
MC5R,Pituitary,0.098152
MC5R,Brain_Frontal_Cortex_BA9,0.098074
MC5R,Brain_Hypothalamus,0.069863
MC5R,Brain_Cortex,0.068489
MC5R,Skin_Sun_Exposed_Lower_leg,0.056166
MC5R,Adrenal_Gland,0.051334
MC5R,Cervix_Ectocervix,0.043431
MC5R,Brain_Cerebellar_Hemisphere,0.037992
ROCK1,Artery_Tibial,69.1943
ROCK1,Artery_Coronary,41.7925
ROCK1,Artery_Aorta,39.8801
ROCK1,Cells_Cultured_fibroblasts,36.1776
ROCK1,Cells_EBV-transformed_lymphocytes,31.8541
ROCK1,Nerve_Tibial,31.8245
ROCK1,Esophagus_Muscularis,30.3096
ROCK1,Esophagus_Gastroesophageal_Junction,30.2897
ROCK1,Adipose_Subcutaneous,27.7635
ROCK1,Uterus,26.7213
ROCK1,Lung,25.8606
ROCK1,Bladder,25.5565
NPC1,Brain_Spinal_cord_cervical_c-1,43.3946
NPC1,Cells_Cultured_fibroblasts,34.9966
NPC1,Adrenal_Gland,34.0939
NPC1,Lung,33.912
NPC1,Nerve_Tibial,26.931
NPC1,Minor_Salivary_Gland,23.5592
NPC1,Skin_Sun_Exposed_Lower_leg,22.9956
NPC1,Artery_Aorta,22.5209
NPC1,Artery_Tibial,21.2456
NPC1,Uterus,20.5505
NPC1,Vagina,20.3319
NPC1,Skin_Not_Sun_Exposed_Suprapubic,19.6266
HRH4,Testis,0.357132
HRH4,Nerve_Tibial,0.244357
HRH4,Whole_Blood,0.208626
HRH4,Bladder,0.16882
HRH4,Adipose_Subcutaneous,0.1641
HRH4,Lung,0.162519
HRH4,Small_Intestine_Terminal_Ileum_Lymphoid_Aggregate,0.155828
HRH4,Minor_Salivary_Gland,0.153066
HRH4,Spleen,0.15265
HRH4,Liver_Portal_Tract,0.148704
HRH4,Esophagus_Muscularis,0.143347
HRH4,Uterus,0.142383
TTR,Pancreas_Islets,17394.9
TTR,Liver,2924.48
TTR,Liver_Mixed_Cell,1604.34
TTR,Liver_Hepatocyte,1491.95
TTR,Pancreas_Mixed_Cell,360.153
TTR,Liver_Portal_Tract,333.073
TTR,Pancreas,209.464
TTR,Pancreas_Acini,79.8177
TTR,Brain_Hippocampus,46.4931
TTR,Brain_Spinal_cord_cervical_c-1,31.0637
TTR,Brain_Substantia_nigra,17.7616
TTR,Stomach_Mucosa,17.4402
GALNT1,Skin_Not_Sun_Exposed_Suprapubic,52.9545
GALNT1,Esophagus_Mucosa,49.2705
GALNT1,Skin_Sun_Exposed_Lower_leg,48.4565
GALNT1,Minor_Salivary_Gland,47.8338
GALNT1,Cells_Cultured_fibroblasts,47.7904
GALNT1,Cells_EBV-transformed_lymphocytes,39.7117
GALNT1,Vagina,36.353
GALNT1,Small_Intestine_Terminal_Ileum_Mixed_Cell,33.7816
GALNT1,Colon_Transverse_Mixed_Cell,33.315
GALNT1,Cervix_Ectocervix,33.1735
GALNT1,Artery_Tibial,31.8342
GALNT1,Artery_Coronary,30.4062
LIPG,Thyroid,97.4568
LIPG,Liver_Hepatocyte,16.3066
LIPG,Liver,14.0675
LIPG,Liver_Mixed_Cell,13.3723
LIPG,Liver_Portal_Tract,6.10979
LIPG,Kidney_Medulla,5.49416
LIPG,Testis,4.41715
LIPG,Pancreas_Islets,3.06703
LIPG,Colon_Transverse_Mucosa,3.06544
LIPG,Small_Intestine_Terminal_Ileum_Mixed_Cell,2.97071
LIPG,Lung,2.877
LIPG,Small_Intestine_Terminal_Ileum,2.82663
ME2,Cells_EBV-transformed_lymphocytes,33.9947
ME2,Spleen,13.5896
ME2,Small_Intestine_Terminal_Ileum_Mixed_Cell,11.8887
ME2,Small_Intestine_Terminal_Ileum,10.7429
ME2,Colon_Transverse_Mixed_Cell,10.5029
ME2,Pituitary,9.89205
ME2,Cells_Cultured_fibroblasts,9.83373
ME2,Colon_Transverse_Mucosa,9.75225
ME2,Small_Intestine_Terminal_Ileum_Lymphoid_Aggregate,9.69342
ME2,Brain_Cerebellar_Hemisphere,9.69234
ME2,Colon_Transverse,9.30218
ME2,Colon_Sigmoid,9.13865
MBD2,Cells_EBV-transformed_lymphocytes,85.287
MBD2,Thyroid,65.2686
MBD2,Small_Intestine_Terminal_Ileum_Lymphoid_Aggregate,55.9759
MBD2,Nerve_Tibial,55.0257
MBD2,Adipose_Subcutaneous,54.5322
MBD2,Esophagus_Mucosa,50.5676
MBD2,Vagina,48.4038
MBD2,Skin_Sun_Exposed_Lower_leg,48.3035
MBD2,Artery_Tibial,45.6
MBD2,Breast_Mammary_Tissue,44.7634
MBD2,Artery_Coronary,44.5926
MBD2,Skin_Not_Sun_Exposed_Suprapubic,44.1053
POLI,Thyroid,33.9804
POLI,Testis,27.6732
POLI,Ovary,23.0991
POLI,Cervix_Endocervix,22.0104
POLI,Nerve_Tibial,21.8542
POLI,Pituitary,20.5663
POLI,Uterus,20.5551
POLI,Small_Intestine_Terminal_Ileum_Lymphoid_Aggregate,19.3398
POLI,Fallopian_Tube,18.9292
POLI,Prostate,17.5452
POLI,Liver_Portal_Tract,16.3908
POLI,Adipose_Subcutaneous,15.8749
MALT1,Cells_EBV-transformed_lymphocytes,48.0604
MALT1,Small_Intestine_Terminal_Ileum_Lymphoid_Aggregate,25.6676
MALT1,Prostate,21.0187
MALT1,Vagina,16.9896
MALT1,Liver_Portal_Tract,16.5809
MALT1,Cervix_Ectocervix,14.2854
MALT1,Esophagus_Mucosa,14.2732
MALT1,Cells_Cultured_fibroblasts,14.063
MALT1,Skin_Sun_Exposed_Lower_leg,14.049
MALT1,Spleen,13.6917
MALT1,Skin_Not_Sun_Exposed_Suprapubic,13.5412
MALT1,Small_Intestine_Terminal_Ileum_Mixed_Cell,13.3233
MC4R,Brain_Hypothalamus,3.39407
MC4R,Brain_Caudate_basal_ganglia,2.31285
MC4R,Brain_Putamen_basal_ganglia,1.88581
MC4R,Brain_Anterior_cingulate_cortex_BA24,1.7644
MC4R,Brain_Frontal_Cortex_BA9,1.40081
MC4R,Brain_Cortex,1.09473
MC4R,Brain_Nucleus_accumbens_basal_ganglia,1.06498
MC4R,Brain_Amygdala,0.641518
MC4R,Spleen,0.381848
MC4R,Brain_Hippocampus,0.291905
MC4R,Esophagus_Gastroesophageal_Junction,0.27273
MC4R,Brain_Cerebellum,0.264171
PHLPP1,Brain_Spinal_cord_cervical_c-1,27.2163
PHLPP1,Brain_Caudate_basal_ganglia,22.3245
PHLPP1,Brain_Putamen_basal_ganglia,21.8576
PHLPP1,Testis,20.4427
PHLPP1,Brain_Nucleus_accumbens_basal_ganglia,20.3089
PHLPP1,Brain_Amygdala,19.0706
PHLPP1,Brain_Cortex,18.9016
PHLPP1,Brain_Substantia_nigra,18.3471
PHLPP1,Brain_Hippocampus,17.902
PHLPP1,Skin_Sun_Exposed_Lower_leg,17.5311
PHLPP1,Adrenal_Gland,17.0467
PHLPP1,Brain_Cerebellum,16.8087
BCL2,Cells_EBV-transformed_lymphocytes,46.9121
BCL2,Nerve_Tibial,23.3289
BCL2,Small_Intestine_Terminal_Ileum_Lymphoid_Aggregate,21.9995
BCL2,Thyroid,20.7941
BCL2,Uterus,17.4109
BCL2,Cervix_Endocervix,16.4511
BCL2,Ovary,15.1371
BCL2,Fallopian_Tube,12.754
BCL2,Spleen,11.544
BCL2,Breast_Mammary_Tissue,10.9923
BCL2,Adipose_Subcutaneous,10.2845
BCL2,Cervix_Ectocervix,10.2488
CNDP2,Kidney_Medulla,103.472
CNDP2,Kidney_Cortex,90.2835
CNDP2,Spleen,81.1557
CNDP2,Small_Intestine_Terminal_Ileum_Mixed_Cell,76.2103
CNDP2,Thyroid,75.3601
CNDP2,Small_Intestine_Terminal_Ileum_Lymphoid_Aggregate,74.66
CNDP2,Small_Intestine_Terminal_Ileum,74.5554
CNDP2,Cells_EBV-transformed_lymphocytes,69.883
CNDP2,Brain_Spinal_cord_cervical_c-1,66.1998
CNDP2,Liver_Portal_Tract,64.5274
CNDP2,Liver_Mixed_Cell,63.0171
CNDP2,Liver_Hepatocyte,58.9
ELANE,Whole_Blood,98.9134
ELANE,Spleen,23.2622
ELANE,Lung,12.3354
ELANE,Thyroid,6.0013
ELANE,Breast_Mammary_Tissue,5.24987
ELANE,Adipose_Subcutaneous,5.19119
ELANE,Skin_Not_Sun_Exposed_Suprapubic,4.42049
ELANE,Adipose_Visceral_Omentum,4.31922
ELANE,Prostate,4.27166
ELANE,Esophagus_Gastroesophageal_Junction,4.06362
ELANE,Skin_Sun_Exposed_Lower_leg,3.77779
ELANE,Esophagus_Muscularis,3.40628
CFD,Adipose_Subcutaneous,1745.73
CFD,Adipose_Visceral_Omentum,1139.75
CFD,Breast_Mammary_Tissue,1088.17
CFD,Bladder,978.258
CFD,Cervix_Ectocervix,903.97
CFD,Nerve_Tibial,876.703
CFD,Vagina,870.963
CFD,Artery_Coronary,752.125
CFD,Esophagus_Gastroesophageal_Junction,498.789
CFD,Skin_Sun_Exposed_Lower_leg,458.809
CFD,Heart_Atrial_Appendage,453.967
CFD,Lung,448.551
KISS1R,Brain_Hypothalamus,3.32007
KISS1R,Small_Intestine_Terminal_Ileum_Lymphoid_Aggregate,2.33306
KISS1R,Cells_EBV-transformed_lymphocytes,2.30369
KISS1R,Brain_Nucleus_accumbens_basal_ganglia,2.08833
KISS1R,Pituitary,1.84326
KISS1R,Pancreas_Islets,1.1453
KISS1R,Brain_Anterior_cingulate_cortex_BA24,1.06718
KISS1R,Brain_Frontal_Cortex_BA9,0.893967
KISS1R,Brain_Caudate_basal_ganglia,0.862074
KISS1R,Brain_Amygdala,0.71386
KISS1R,Brain_Cortex,0.705247
KISS1R,Spleen,0.687548
CSNK1G2,Testis,219.705
CSNK1G2,Small_Intestine_Terminal_Ileum_Lymphoid_Aggregate,176.805
CSNK1G2,Whole_Blood,110.251
CSNK1G2,Spleen,109.167
CSNK1G2,Liver_Portal_Tract,107.549
CSNK1G2,Brain_Cerebellum,100.709
CSNK1G2,Small_Intestine_Terminal_Ileum_Mixed_Cell,94.7798
CSNK1G2,Brain_Cerebellar_Hemisphere,90.3541
CSNK1G2,Lung,84.2785
CSNK1G2,Pituitary,81.8874
CSNK1G2,Nerve_Tibial,70.7014
CSNK1G2,Fallopian_Tube,69.6018
MKNK2,Muscle_Skeletal,791.46
MKNK2,Cells_EBV-transformed_lymphocytes,528.704
MKNK2,Esophagus_Mucosa,270.453
MKNK2,Lung,206.858
MKNK2,Whole_Blood,200.905
MKNK2,Skin_Sun_Exposed_Lower_leg,192.31
MKNK2,Spleen,184.798
MKNK2,Skin_Not_Sun_Exposed_Suprapubic,184.473
MKNK2,Small_Intestine_Terminal_Ileum_Lymphoid_Aggregate,176.667
MKNK2,Vagina,171.572
MKNK2,Minor_Salivary_Gland,167.765
MKNK2,Thyroid,159.128
DOT1L,Testis,110.363
DOT1L,Cells_EBV-transformed_lymphocytes,51.1575
DOT1L,Brain_Cerebellum,37.9478
DOT1L,Liver_Portal_Tract,35.9288
DOT1L,Lung,30.1299
DOT1L,Brain_Cerebellar_Hemisphere,29.9009
DOT1L,Thyroid,28.1803
DOT1L,Small_Intestine_Terminal_Ileum_Lymphoid_Aggregate,27.6062
DOT1L,Spleen,27.0396
DOT1L,Small_Intestine_Terminal_Ileum,24.9483
DOT1L,Small_Intestine_Terminal_Ileum_Mixed_Cell,22.5039
DOT1L,Pituitary,22.1109
S1PR4,Whole_Blood,341.056
S1PR4,Small_Intestine_Terminal_Ileum_Lymphoid_Aggregate,139.852
S1PR4,Spleen,103.395
S1PR4,Cells_EBV-transformed_lymphocytes,68.9813
S1PR4,Small_Intestine_Terminal_Ileum_Mixed_Cell,45.942
S1PR4,Lung,23.0139
S1PR4,Liver_Portal_Tract,18.8238
S1PR4,Small_Intestine_Terminal_Ileum,10.0096
S1PR4,Adipose_Visceral_Omentum,5.91132
S1PR4,Adipose_Subcutaneous,5.44857
S1PR4,Colon_Transverse_Mixed_Cell,5.20222
S1PR4,Thyroid,5.1532
DOHH,Brain_Spinal_cord_cervical_c-1,63.7114
DOHH,Brain_Substantia_nigra,32.9405
DOHH,Brain_Frontal_Cortex_BA9,29.6682
DOHH,Brain_Cerebellar_Hemisphere,27.5434
DOHH,Brain_Hippocampus,27.0446
DOHH,Brain_Putamen_basal_ganglia,24.0085
DOHH,Brain_Hypothalamus,23.9491
DOHH,Cells_EBV-transformed_lymphocytes,23.8742
DOHH,Brain_Cortex,23.569
DOHH,Cells_Cultured_fibroblasts,23.4161
DOHH,Brain_Cerebellum,23.142
DOHH,Testis,20.7195
TBXA2R,Artery_Aorta,69.3672
TBXA2R,Artery_Tibial,65.7063
TBXA2R,Artery_Coronary,46.8243
TBXA2R,Nerve_Tibial,15.695
TBXA2R,Spleen,12.535
TBXA2R,Adrenal_Gland,10.8324
TBXA2R,Esophagus_Muscularis,9.17413
TBXA2R,Uterus,8.57827
TBXA2R,Lung,8.48967
TBXA2R,Cervix_Endocervix,7.95085
TBXA2R,Esophagus_Gastroesophageal_Junction,7.83402
TBXA2R,Liver_Portal_Tract,6.90231
MATK,Brain_Frontal_Cortex_BA9,37.7892
MATK,Brain_Cortex,33.5567
MATK,Brain_Anterior_cingulate_cortex_BA24,29.4663
MATK,Brain_Hippocampus,22.7801
MATK,Brain_Amygdala,20.7064
MATK,Brain_Nucleus_accumbens_basal_ganglia,20.3374
MATK,Whole_Blood,18.0509
MATK,Brain_Caudate_basal_ganglia,16.6404
MATK,Brain_Putamen_basal_ganglia,14.3151
MATK,Small_Intestine_Terminal_Ileum_Lymphoid_Aggregate,12.4542
MATK,Spleen,12.0704
MATK,Brain_Hypothalamus,10.1486
DAPK3,Stomach_Muscularis,137.005
DAPK3,Artery_Aorta,128.435
DAPK3,Artery_Tibial,118.779
DAPK3,Uterus,117.558
DAPK3,Colon_Transverse_Muscularis,117.256
DAPK3,Esophagus_Gastroesophageal_Junction,114.691
DAPK3,Colon_Sigmoid,109.142
DAPK3,Esophagus_Muscularis,108.356
DAPK3,Fallopian_Tube,95.9459
DAPK3,Cervix_Endocervix,92.3169
DAPK3,Artery_Coronary,87.9816
DAPK3,Lung,77.2719
MAP2K2,Testis,197.086
MAP2K2,Whole_Blood,133.624
MAP2K2,Cells_Cultured_fibroblasts,133.351
MAP2K2,Cells_EBV-transformed_lymphocytes,126.624
MAP2K2,Brain_Cerebellum,117.895
MAP2K2,Colon_Transverse_Mixed_Cell,117.478
MAP2K2,Pituitary,116.791
MAP2K2,Prostate,115.9
MAP2K2,Small_Intestine_Terminal_Ileum_Lymphoid_Aggregate,115.218
MAP2K2,Small_Intestine_Terminal_Ileum_Mixed_Cell,114.849
MAP2K2,Ovary,114.191
MAP2K2,Brain_Cerebellar_Hemisphere,112.854
SIRT6,Colon_Transverse_Mucosa,63.969
SIRT6,Colon_Transverse_Mixed_Cell,62.6939
SIRT6,Small_Intestine_Terminal_Ileum_Lymphoid_Aggregate,33.7893
SIRT6,Spleen,33.0835
SIRT6,Small_Intestine_Terminal_Ileum_Mixed_Cell,32.7475
SIRT6,Brain_Cerebellar_Hemisphere,31.9658
SIRT6,Cells_EBV-transformed_lymphocytes,31.7242
SIRT6,Pituitary,31.4001
SIRT6,Brain_Cerebellum,31.2627
SIRT6,Colon_Transverse,30.408
SIRT6,Prostate,29.9925
SIRT6,Cervix_Endocervix,27.5218
PLIN5,Ovary,122.116
PLIN5,Liver_Hepatocyte,105.394
PLIN5,Liver,84.1539
PLIN5,Stomach_Mucosa,68.2705
PLIN5,Muscle_Skeletal,65.3528
PLIN5,Stomach_Mixed_Cell,65.0739
PLIN5,Liver_Mixed_Cell,62.9521
PLIN5,Pancreas_Acini,62.039
PLIN5,Stomach,43.9749
PLIN5,Pancreas_Mixed_Cell,40.4264
PLIN5,Pancreas,40.2426
PLIN5,Adipose_Visceral_Omentum,35.938
DPP9,Small_Intestine_Terminal_Ileum_Lymphoid_Aggregate,41.0915
DPP9,Liver_Portal_Tract,36.2457
DPP9,Cells_Cultured_fibroblasts,35.5202
DPP9,Lung,31.6877
DPP9,Cells_EBV-transformed_lymphocytes,31.4784
DPP9,Spleen,30.7116
DPP9,Small_Intestine_Terminal_Ileum_Mixed_Cell,29.3764
DPP9,Muscle_Skeletal,28.683
DPP9,Liver_Hepatocyte,28.3311
DPP9,Liver_Mixed_Cell,28.0289
DPP9,Small_Intestine_Terminal_Ileum,25.529
DPP9,Uterus,25.3674
UHRF1,Cells_EBV-transformed_lymphocytes,29.4077
UHRF1,Cells_Cultured_fibroblasts,18.276
UHRF1,Testis,6.35253
UHRF1,Small_Intestine_Terminal_Ileum_Lymphoid_Aggregate,5.13119
UHRF1,Esophagus_Mucosa,4.52168
UHRF1,Small_Intestine_Terminal_Ileum_Mixed_Cell,3.62346
UHRF1,Spleen,3.16383
UHRF1,Small_Intestine_Terminal_Ileum,2.12059
UHRF1,Whole_Blood,2.0068
UHRF1,Nerve_Tibial,1.91484
UHRF1,Colon_Transverse_Mixed_Cell,1.8456
UHRF1,Cervix_Ectocervix,1.6611
KDM4B,Thyroid,30.1873
KDM4B,Cells_EBV-transformed_lymphocytes,26.6867
KDM4B,Cervix_Endocervix,25.425
KDM4B,Small_Intestine_Terminal_Ileum_Lymphoid_Aggregate,22.0748
KDM4B,Prostate,22.0279
KDM4B,Brain_Cerebellum,21.9707
KDM4B,Whole_Blood,21.7269
KDM4B,Uterus,20.6741
KDM4B,Fallopian_Tube,20.3202
KDM4B,Brain_Cerebellar_Hemisphere,20.2449
KDM4B,Cervix_Ectocervix,19.197
KDM4B,Spleen,18.884
PTPRS,Nerve_Tibial,96.7218
PTPRS,Brain_Cerebellum,80.5203
PTPRS,Cervix_Endocervix,64.3394
PTPRS,Brain_Cerebellar_Hemisphere,61.173
PTPRS,Adipose_Subcutaneous,61.0823
PTPRS,Fallopian_Tube,59.7464
PTPRS,Ovary,55.6574
PTPRS,Cervix_Ectocervix,54.538
PTPRS,Uterus,52.956
PTPRS,Adipose_Visceral_Omentum,50.0841
PTPRS,Bladder,48.6039
PTPRS,Thyroid,48.5828
FUT6,Esophagus_Mucosa,54.7679
FUT6,Minor_Salivary_Gland,32.5301
FUT6,Colon_Transverse_Mucosa,21.9001
FUT6,Colon_Transverse_Mixed_Cell,21.7981
FUT6,Kidney_Cortex,19.4803
FUT6,Small_Intestine_Terminal_Ileum_Mixed_Cell,16.9818
FUT6,Vagina,16.3702
FUT6,Cervix_Ectocervix,13.038
FUT6,Small_Intestine_Terminal_Ileum,11.7997
FUT6,Colon_Transverse,11.1342
FUT6,Liver_Portal_Tract,7.87029
FUT6,Liver_Hepatocyte,7.00262
INSR,Spleen,101.782
INSR,Ovary,87.5969
INSR,Uterus,51.1125
INSR,Liver_Portal_Tract,49.2409
INSR,Pancreas_Mixed_Cell,43.165
INSR,Pancreas,43.0257
INSR,Pancreas_Acini,41.9832
INSR,Fallopian_Tube,40.0002
INSR,Nerve_Tibial,36.3659
INSR,Artery_Aorta,34.2721
INSR,Cervix_Endocervix,34.0376
INSR,Prostate,31.8254
CD209,Adipose_Visceral_Omentum,15.5743
CD209,Adipose_Subcutaneous,13.8999
CD209,Liver_Portal_Tract,9.97191
CD209,Small_Intestine_Terminal_Ileum,9.8019
CD209,Artery_Aorta,6.21861
CD209,Artery_Coronary,6.11395
CD209,Small_Intestine_Terminal_Ileum_Mixed_Cell,6.04177
CD209,Breast_Mammary_Tissue,5.24545
CD209,Small_Intestine_Terminal_Ileum_Lymphoid_Aggregate,5.19038
CD209,Colon_Transverse,5.16147
CD209,Bladder,5.01471
CD209,Lung,4.80404
MAP2K7,Brain_Cerebellum,68.757
MAP2K7,Uterus,68.0839
MAP2K7,Brain_Cerebellar_Hemisphere,66.0474
MAP2K7,Cervix_Endocervix,65.8937
MAP2K7,Small_Intestine_Terminal_Ileum_Lymphoid_Aggregate,63.3799
MAP2K7,Ovary,58.9585
MAP2K7,Skin_Sun_Exposed_Lower_leg,53.896
MAP2K7,Fallopian_Tube,52.9217
MAP2K7,Cervix_Ectocervix,52.0491
MAP2K7,Pituitary,52.0206
MAP2K7,Skin_Not_Sun_Exposed_Suprapubic,50.7704
MAP2K7,Vagina,50.2101
ELAVL1,Cells_EBV-transformed_lymphocytes,60.3614
ELAVL1,Cells_Cultured_fibroblasts,45.3168
ELAVL1,Testis,44.1365
ELAVL1,Uterus,42.085
ELAVL1,Ovary,37.8192
ELAVL1,Fallopian_Tube,37.807
ELAVL1,Cervix_Endocervix,37.714
ELAVL1,Artery_Tibial,35.5394
ELAVL1,Nerve_Tibial,35.2078
ELAVL1,Brain_Cerebellar_Hemisphere,34.6323
ELAVL1,Artery_Coronary,31.8743
ELAVL1,Artery_Aorta,31.5948
PIN1,Brain_Frontal_Cortex_BA9,138.369
PIN1,Brain_Cortex,126.853
PIN1,Testis,113.314
PIN1,Brain_Cerebellar_Hemisphere,112.383
PIN1,Brain_Cerebellum,108.708
PIN1,Brain_Anterior_cingulate_cortex_BA24,97.5289
PIN1,Brain_Nucleus_accumbens_basal_ganglia,70.4695
PIN1,Brain_Hypothalamus,70.4224
PIN1,Stomach_Muscularis,66.7127
PIN1,Brain_Caudate_basal_ganglia,63.7706
PIN1,Brain_Amygdala,63.1093
PIN1,Brain_Putamen_basal_ganglia,60.2092
P2RY11,Small_Intestine_Terminal_Ileum_Lymphoid_Aggregate,59.0114
P2RY11,Cells_EBV-transformed_lymphocytes,46.6721
P2RY11,Skin_Sun_Exposed_Lower_leg,29.4365
P2RY11,Skin_Not_Sun_Exposed_Suprapubic,27.6266
P2RY11,Thyroid,27.4035
P2RY11,Spleen,27.3419
P2RY11,Liver_Portal_Tract,27.2751
P2RY11,Testis,27.0421
P2RY11,Small_Intestine_Terminal_Ileum_Mixed_Cell,25.482
P2RY11,Brain_Cerebellar_Hemisphere,24.2436
P2RY11,Prostate,23.9834
P2RY11,Brain_Cerebellum,23.9591
DNMT1,Cells_EBV-transformed_lymphocytes,74.3226
DNMT1,Testis,44.257
DNMT1,Brain_Cerebellar_Hemisphere,42.915
DNMT1,Brain_Cerebellum,42.7214
DNMT1,Cells_Cultured_fibroblasts,38.9624
DNMT1,Small_Intestine_Terminal_Ileum_Lymphoid_Aggregate,38.0983
DNMT1,Cervix_Endocervix,25.9147
DNMT1,Nerve_Tibial,25.607
DNMT1,Lung,25.3323
DNMT1,Spleen,25.0038
DNMT1,Cervix_Ectocervix,24.1781
DNMT1,Uterus,23.5755
S1PR2,Testis,37.6437
S1PR2,Lung,31.3801
S1PR2,Cervix_Endocervix,29.6284
S1PR2,Cells_EBV-transformed_lymphocytes,24.1283
S1PR2,Fallopian_Tube,22.0718
S1PR2,Cells_Cultured_fibroblasts,20.5927
S1PR2,Liver_Portal_Tract,19.3337
S1PR2,Uterus,18.5598
S1PR2,Nerve_Tibial,16.2784
S1PR2,Cervix_Ectocervix,16.2146
S1PR2,Vagina,14.4051
S1PR2,Adipose_Visceral_Omentum,13.2714
ICAM1,Lung,253.517
ICAM1,Cells_EBV-transformed_lymphocytes,132.195
ICAM1,Spleen,71.6729
ICAM1,Adipose_Visceral_Omentum,68.461
ICAM1,Liver_Portal_Tract,59.7331
ICAM1,Adipose_Subcutaneous,47.1211
ICAM1,Thyroid,42.7424
ICAM1,Breast_Mammary_Tissue,38.0053
ICAM1,Artery_Coronary,34.4977
ICAM1,Whole_Blood,32.3283
ICAM1,Fallopian_Tube,31.2102
ICAM1,Liver_Mixed_Cell,29.0908
TYK2,Small_Intestine_Terminal_Ileum_Lymphoid_Aggregate,112.887
TYK2,Whole_Blood,105.928
TYK2,Spleen,98.0611
TYK2,Cells_EBV-transformed_lymphocytes,96.9832
TYK2,Lung,64.4169
TYK2,Nerve_Tibial,63.2242
TYK2,Small_Intestine_Terminal_Ileum_Mixed_Cell,61.3611
TYK2,Liver_Portal_Tract,59.9906
TYK2,Thyroid,58.7255
TYK2,Ovary,54.5589
TYK2,Cervix_Endocervix,54.3287
TYK2,Brain_Cerebellum,52.4591
PDE4A,Testis,32.205
PDE4A,Brain_Cerebellum,29.7271
PDE4A,Brain_Cerebellar_Hemisphere,29.017
PDE4A,Brain_Frontal_Cortex_BA9,28.8396
PDE4A,Brain_Cortex,27.5523
PDE4A,Cervix_Endocervix,23.7844
PDE4A,Lung,22.8909
PDE4A,Artery_Aorta,22.6018
PDE4A,Brain_Anterior_cingulate_cortex_BA24,22.1182
PDE4A,Adipose_Subcutaneous,21.2419
PDE4A,Thyroid,21.0185
PDE4A,Cells_Cultured_fibroblasts,16.8269
KEAP1,Muscle_Skeletal,97.6902
KEAP1,Cervix_Endocervix,59.1026
KEAP1,Cells_Cultured_fibroblasts,59.0892
KEAP1,Bladder,56.6711
KEAP1,Esophagus_Mucosa,55.1799
KEAP1,Thyroid,54.7017
KEAP1,Cervix_Ectocervix,53.4947
KEAP1,Uterus,53.1216
KEAP1,Vagina,51.8876
KEAP1,Fallopian_Tube,50.2338
KEAP1,Skin_Sun_Exposed_Lower_leg,49.1878
KEAP1,Prostate,48.7784
S1PR5,Brain_Spinal_cord_cervical_c-1,56.369
S1PR5,Brain_Substantia_nigra,24.8998
S1PR5,Skin_Not_Sun_Exposed_Suprapubic,21.5539
S1PR5,Whole_Blood,19.435
S1PR5,Brain_Hippocampus,18.1167
S1PR5,Skin_Sun_Exposed_Lower_leg,16.5363
S1PR5,Vagina,15.6452
S1PR5,Esophagus_Mucosa,14.4255
S1PR5,Brain_Putamen_basal_ganglia,14.1278
S1PR5,Spleen,14.1275
S1PR5,Brain_Amygdala,10.4805
S1PR5,Brain_Hypothalamus,8.819
CARM1,Cells_EBV-transformed_lymphocytes,111.11
CARM1,Testis,97.3294
CARM1,Cells_Cultured_fibroblasts,82.8408
CARM1,Muscle_Skeletal,71.9856
CARM1,Cervix_Endocervix,69.2496
CARM1,Uterus,65.4564
CARM1,Brain_Cerebellum,60.9012
CARM1,Vagina,57.0174
CARM1,Cervix_Ectocervix,56.5327
CARM1,Fallopian_Tube,55.0665
CARM1,Brain_Cerebellar_Hemisphere,52.5444
CARM1,Ovary,50.9748
ELAVL3,Brain_Cerebellar_Hemisphere,291.717
ELAVL3,Brain_Cerebellum,276.481
ELAVL3,Brain_Spinal_cord_cervical_c-1,105.257
ELAVL3,Brain_Frontal_Cortex_BA9,82.987
ELAVL3,Brain_Cortex,74.223
ELAVL3,Brain_Anterior_cingulate_cortex_BA24,61.7193
ELAVL3,Brain_Hypothalamus,56.3404
ELAVL3,Brain_Hippocampus,55.4103
ELAVL3,Brain_Substantia_nigra,50.8274
ELAVL3,Brain_Nucleus_accumbens_basal_ganglia,50.557
ELAVL3,Brain_Amygdala,47.1898
ELAVL3,Brain_Caudate_basal_ganglia,46.9406
DHPS,Brain_Cerebellar_Hemisphere,143.645
DHPS,Brain_Cerebellum,136.422
DHPS,Ovary,102.288
DHPS,Pituitary,101.289
DHPS,Uterus,95.2927
DHPS,Cervix_Endocervix,93.8755
DHPS,Cells_EBV-transformed_lymphocytes,93.2685
DHPS,Small_Intestine_Terminal_Ileum_Lymphoid_Aggregate,92.2122
DHPS,Fallopian_Tube,91.6914
DHPS,Prostate,82.8058
DHPS,Cervix_Ectocervix,82.4066
DHPS,Bladder,82.3139
PRKACA,Ovary,101.749
PRKACA,Muscle_Skeletal,99.1071
PRKACA,Adrenal_Gland,83.5661
PRKACA,Heart_Atrial_Appendage,75.0395
PRKACA,Artery_Tibial,74.1632
PRKACA,Artery_Aorta,72.2328
PRKACA,Brain_Cerebellar_Hemisphere,71.3691
PRKACA,Heart_Left_Ventricle,70.3088
PRKACA,Pituitary,70.3068
PRKACA,Whole_Blood,69.6227
PRKACA,Spleen,69.5789
PRKACA,Brain_Cerebellum,66.4568
PKN1,Spleen,166.314
PKN1,Small_Intestine_Terminal_Ileum_Lymphoid_Aggregate,147.513
PKN1,Lung,141.046
PKN1,Uterus,134.672
PKN1,Whole_Blood,127.91
PKN1,Colon_Sigmoid,121.026
PKN1,Nerve_Tibial,111.929
PKN1,Testis,111.166
PKN1,Esophagus_Muscularis,109.642
PKN1,Fallopian_Tube,109.444
PKN1,Esophagus_Gastroesophageal_Junction,108.981
PKN1,Stomach_Muscularis,103.724
PTGER1,Kidney_Medulla,40.1316
PTGER1,Spleen,9.76247
PTGER1,Stomach_Muscularis,9.44965
PTGER1,Kidney_Cortex,8.11795
PTGER1,Liver_Portal_Tract,3.90527
PTGER1,Stomach_Mixed_Cell,3.74707
PTGER1,Lung,3.73098
PTGER1,Stomach,3.5496
PTGER1,Small_Intestine_Terminal_Ileum_Lymphoid_Aggregate,3.23259
PTGER1,Pituitary,2.83629
PTGER1,Fallopian_Tube,2.11766
PTGER1,Small_Intestine_Terminal_Ileum,2.03419
BRD4,Uterus,38.0631
BRD4,Ovary,37.5248
BRD4,Artery_Tibial,37.4907
BRD4,Cervix_Endocervix,37.2059
BRD4,Small_Intestine_Terminal_Ileum_Lymphoid_Aggregate,36.0185
BRD4,Skin_Sun_Exposed_Lower_leg,34.6604
BRD4,Lung,34.0823
BRD4,Artery_Aorta,33.9118
BRD4,Skin_Not_Sun_Exposed_Suprapubic,33.7119
BRD4,Nerve_Tibial,33.5064
BRD4,Fallopian_Tube,33.2131
BRD4,Testis,33.0846
CYP4F2,Liver_Hepatocyte,118.171
CYP4F2,Liver_Mixed_Cell,113.923
CYP4F2,Liver,104.16
CYP4F2,Liver_Portal_Tract,24.2222
CYP4F2,Small_Intestine_Terminal_Ileum_Mixed_Cell,17.2033
CYP4F2,Small_Intestine_Terminal_Ileum,14.6999
CYP4F2,Kidney_Cortex,8.04363
CYP4F2,Colon_Transverse_Mucosa,7.50692
CYP4F2,Colon_Transverse_Mixed_Cell,5.28826
CYP4F2,Prostate,2.31379
CYP4F2,Testis,1.32624
CYP4F2,Colon_Transverse,1.32265
F2RL3,Lung,53.9997
F2RL3,Thyroid,27.9608
F2RL3,Adipose_Visceral_Omentum,20.0816
F2RL3,Adipose_Subcutaneous,20.0261
F2RL3,Pancreas_Islets,18.4395
F2RL3,Breast_Mammary_Tissue,18.4111
F2RL3,Small_Intestine_Terminal_Ileum,7.61994
F2RL3,Small_Intestine_Terminal_Ileum_Mixed_Cell,6.94234
F2RL3,Stomach_Mixed_Cell,5.40775
F2RL3,Colon_Transverse,5.28103
F2RL3,Stomach_Mucosa,4.84927
F2RL3,Testis,4.38976
JAK3,Whole_Blood,200.205
JAK3,Small_Intestine_Terminal_Ileum_Lymphoid_Aggregate,128.706
JAK3,Spleen,118.914
JAK3,Liver_Portal_Tract,53.0367
JAK3,Cells_EBV-transformed_lymphocytes,43.7664
JAK3,Ovary,41.2387
JAK3,Small_Intestine_Terminal_Ileum_Mixed_Cell,35.3988
JAK3,Lung,28.9238
JAK3,Small_Intestine_Terminal_Ileum,16.7177
JAK3,Fallopian_Tube,12.7202
JAK3,Adipose_Visceral_Omentum,11.1807
JAK3,Thyroid,9.96146
KCNN1,Brain_Hippocampus,55.8512
KCNN1,Brain_Frontal_Cortex_BA9,54.9861
KCNN1,Brain_Anterior_cingulate_cortex_BA24,53.8779
KCNN1,Brain_Cortex,53.8026
KCNN1,Brain_Amygdala,46.0636
KCNN1,Brain_Caudate_basal_ganglia,17.878
KCNN1,Brain_Nucleus_accumbens_basal_ganglia,16.4509
KCNN1,Brain_Putamen_basal_ganglia,16.4294
KCNN1,Brain_Cerebellum,10.5333
KCNN1,Brain_Cerebellar_Hemisphere,6.49384
KCNN1,Brain_Substantia_nigra,6.19963
KCNN1,Brain_Hypothalamus,5.76516
LPAR2,Whole_Blood,173.264
LPAR2,Spleen,69.604
LPAR2,Small_Intestine_Terminal_Ileum_Lymphoid_Aggregate,67.4437
LPAR2,Testis,66.8046
LPAR2,Liver_Portal_Tract,38.5363
LPAR2,Lung,29.9585
LPAR2,Small_Intestine_Terminal_Ileum_Mixed_Cell,29.5994
LPAR2,Stomach_Mucosa,27.9295
LPAR2,Stomach_Mixed_Cell,26.628
LPAR2,Thyroid,23.6675
LPAR2,Stomach,21.2935
LPAR2,Prostate,20.2495
PEPD,Small_Intestine_Terminal_Ileum_Mixed_Cell,57.932
PEPD,Kidney_Cortex,47.9627
PEPD,Liver_Mixed_Cell,44.9972
PEPD,Small_Intestine_Terminal_Ileum,43.2397
PEPD,Liver_Hepatocyte,35.8402
PEPD,Adipose_Subcutaneous,30.4027
PEPD,Nerve_Tibial,30.0894
PEPD,Uterus,28.2565
PEPD,Kidney_Medulla,27.9049
PEPD,Liver,27.649
PEPD,Pituitary,27.3745
PEPD,Artery_Aorta,27.3313
HPN,Liver,507.461
HPN,Liver_Hepatocyte,506.194
HPN,Liver_Mixed_Cell,464.496
HPN,Pancreas_Acini,172.894
HPN,Kidney_Cortex,170.112
HPN,Kidney_Medulla,161.38
HPN,Pancreas_Mixed_Cell,137.296
HPN,Pancreas,133.174
HPN,Liver_Portal_Tract,99.9502
HPN,Pancreas_Islets,92.3981
HPN,Stomach_Mucosa,84.176
HPN,Stomach_Mixed_Cell,74.5605
MAG,Brain_Spinal_cord_cervical_c-1,926.351
MAG,Brain_Substantia_nigra,203.591
MAG,Brain_Hippocampus,149.683
MAG,Brain_Putamen_basal_ganglia,125.249
MAG,Brain_Caudate_basal_ganglia,81.578
MAG,Brain_Amygdala,77.9741
MAG,Nerve_Tibial,72.3779
MAG,Brain_Hypothalamus,71.8337
MAG,Ovary,60.3891
MAG,Brain_Nucleus_accumbens_basal_ganglia,44.1053
MAG,Brain_Frontal_Cortex_BA9,42.0804
MAG,Brain_Cortex,40.9623
FFAR1,Pancreas_Islets,55.8759
FFAR1,Ovary,4.92658
FFAR1,Cells_EBV-transformed_lymphocytes,3.09708
FFAR1,Brain_Spinal_cord_cervical_c-1,2.39367
FFAR1,Small_Intestine_Terminal_Ileum_Lymphoid_Aggregate,1.81718
FFAR1,Pancreas_Mixed_Cell,1.17988
FFAR1,Pancreas,0.805245
FFAR1,Brain_Substantia_nigra,0.803561
FFAR1,Small_Intestine_Terminal_Ileum_Mixed_Cell,0.709483
FFAR1,Brain_Hippocampus,0.701166
FFAR1,Brain_Putamen_basal_ganglia,0.592747
FFAR1,Pancreas_Acini,0.540139
ATP4A,Stomach_Mucosa,1598.48
ATP4A,Stomach_Mixed_Cell,1439.09
ATP4A,Stomach,1093.97
ATP4A,Adrenal_Gland,10.4654
ATP4A,Brain_Cerebellum,8.7975
ATP4A,Brain_Cerebellar_Hemisphere,8.66735
ATP4A,Pancreas,5.26952
ATP4A,Pancreas_Mixed_Cell,4.33612
ATP4A,Stomach_Muscularis,4.08976
ATP4A,Pancreas_Acini,3.63804
ATP4A,Testis,2.09921
ATP4A,Brain_Cortex,1.53677
MAP4K1,Small_Intestine_Terminal_Ileum_Lymphoid_Aggregate,189.552
MAP4K1,Cells_EBV-transformed_lymphocytes,153.758
MAP4K1,Spleen,77.8508
MAP4K1,Small_Intestine_Terminal_Ileum_Mixed_Cell,59.3669
MAP4K1,Whole_Blood,28.4761
MAP4K1,Liver_Portal_Tract,23.9892
MAP4K1,Small_Intestine_Terminal_Ileum,19.431
MAP4K1,Lung,9.15063
MAP4K1,Colon_Transverse_Mucosa,7.36071
MAP4K1,Colon_Transverse_Mixed_Cell,5.31119
MAP4K1,Colon_Transverse,4.63344
MAP4K1,Cervix_Ectocervix,3.70813
LGALS4,Colon_Transverse_Mixed_Cell,3580.38
LGALS4,Colon_Transverse_Mucosa,3267.94
LGALS4,Colon_Transverse,1736.98
LGALS4,Small_Intestine_Terminal_Ileum_Mixed_Cell,1201.99
LGALS4,Small_Intestine_Terminal_Ileum,814.766
LGALS4,Colon_Transverse_Muscularis,292.532
LGALS4,Liver_Portal_Tract,197.474
LGALS4,Stomach_Mixed_Cell,82.0476
LGALS4,Stomach_Mucosa,59.9781
LGALS4,Liver,49.3012
LGALS4,Stomach,39.9271
LGALS4,Small_Intestine_Terminal_Ileum_Lymphoid_Aggregate,37.4678
SIRT2,Brain_Spinal_cord_cervical_c-1,414.348
SIRT2,Brain_Substantia_nigra,139.782
SIRT2,Muscle_Skeletal,138.174
SIRT2,Nerve_Tibial,116.591
SIRT2,Brain_Hippocampus,102.396
SIRT2,Brain_Cerebellum,95.5404
SIRT2,Brain_Cerebellar_Hemisphere,89.6469
SIRT2,Brain_Frontal_Cortex_BA9,86.7222
SIRT2,Brain_Cortex,85.6125
SIRT2,Brain_Amygdala,85.5081
SIRT2,Brain_Hypothalamus,79.1119
SIRT2,Brain_Putamen_basal_ganglia,78.8564
PAK4,Testis,34.0735
PAK4,Lung,30.7279
PAK4,Prostate,29.6244
PAK4,Thyroid,26.8627
PAK4,Skin_Sun_Exposed_Lower_leg,25.8067
PAK4,Nerve_Tibial,24.4815
PAK4,Pituitary,24.1532
PAK4,Cervix_Endocervix,23.826
PAK4,Vagina,23.0587
PAK4,Esophagus_Mucosa,22.9918
PAK4,Kidney_Medulla,22.9775
PAK4,Cervix_Ectocervix,22.5488
DYRK1B,Testis,171.671
DYRK1B,Muscle_Skeletal,70.1553
DYRK1B,Pituitary,47.624
DYRK1B,Thyroid,29.7274
DYRK1B,Brain_Cerebellum,26.5541
DYRK1B,Brain_Cerebellar_Hemisphere,25.1025
DYRK1B,Cervix_Endocervix,23.7975
DYRK1B,Kidney_Medulla,22.9943
DYRK1B,Brain_Cortex,22.7267
DYRK1B,Uterus,22.6089
DYRK1B,Fallopian_Tube,22.3883
DYRK1B,Prostate,21.6005
MAP3K10,Brain_Cortex,107.668
MAP3K10,Brain_Frontal_Cortex_BA9,107.283
MAP3K10,Brain_Anterior_cingulate_cortex_BA24,98.5678
MAP3K10,Brain_Cerebellum,75.4836
MAP3K10,Brain_Amygdala,75.4827
MAP3K10,Brain_Cerebellar_Hemisphere,74.946
MAP3K10,Brain_Hippocampus,68.832
MAP3K10,Brain_Nucleus_accumbens_basal_ganglia,67.459
MAP3K10,Brain_Caudate_basal_ganglia,57.5148
MAP3K10,Brain_Putamen_basal_ganglia,52.6378
MAP3K10,Brain_Hypothalamus,33.4143
MAP3K10,Testis,30.7143
AKT2,Thyroid,89.8418
AKT2,Brain_Cerebellum,86.5511
AKT2,Brain_Cerebellar_Hemisphere,74.5666
AKT2,Ovary,66.2401
AKT2,Cervix_Endocervix,63.334
AKT2,Fallopian_Tube,61.5931
AKT2,Uterus,57.9763
AKT2,Kidney_Medulla,56.4789
AKT2,Pituitary,53.1839
AKT2,Cervix_Ectocervix,52.22
AKT2,Small_Intestine_Terminal_Ileum_Lymphoid_Aggregate,51.7608
AKT2,Prostate,48.0276
HIPK4,Testis,28.1449
HIPK4,Brain_Cerebellum,2.22443
HIPK4,Brain_Cerebellar_Hemisphere,2.01304
HIPK4,Brain_Nucleus_accumbens_basal_ganglia,1.1569
HIPK4,Brain_Caudate_basal_ganglia,0.779903
HIPK4,Brain_Putamen_basal_ganglia,0.593369
HIPK4,Nerve_Tibial,0.411897
HIPK4,Brain_Cortex,0.318522
HIPK4,Brain_Frontal_Cortex_BA9,0.308124
HIPK4,Colon_Transverse_Muscularis,0.283085
HIPK4,Stomach_Muscularis,0.28233
HIPK4,Lung,0.224617
EGLN2,Testis,290.728
EGLN2,Whole_Blood,150.087
EGLN2,Spleen,125.2
EGLN2,Lung,101.441
EGLN2,Cervix_Endocervix,92.3355
EGLN2,Uterus,85.6653
EGLN2,Nerve_Tibial,83.3255
EGLN2,Ovary,83.1134
EGLN2,Thyroid,80.732
EGLN2,Small_Intestine_Terminal_Ileum_Lymphoid_Aggregate,80.3171
EGLN2,Brain_Cerebellar_Hemisphere,78.1784
EGLN2,Colon_Sigmoid,77.0375
CYP2A6,Liver,549.844
CYP2A6,Liver_Mixed_Cell,83.6366
CYP2A6,Liver_Hepatocyte,46.3243
CYP2A6,Liver_Portal_Tract,13.4309
CYP2A6,Vagina,2.12914
CYP2A6,Ovary,2.11078
CYP2A6,Cervix_Ectocervix,1.467
CYP2A6,Uterus,1.32197
CYP2A6,Cervix_Endocervix,1.29895
CYP2A6,Adipose_Subcutaneous,0.900256
CYP2A6,Breast_Mammary_Tissue,0.864954
CYP2A6,Bladder,0.792831
CYP2B6,Liver,123.545
CYP2B6,Liver_Mixed_Cell,23.9665
CYP2B6,Liver_Hepatocyte,22.891
CYP2B6,Liver_Portal_Tract,18.1485
CYP2B6,Small_Intestine_Terminal_Ileum_Mixed_Cell,14.6717
CYP2B6,Colon_Transverse_Mucosa,9.43785
CYP2B6,Small_Intestine_Terminal_Ileum,5.7861
CYP2B6,Kidney_Cortex,5.40518
CYP2B6,Colon_Transverse_Mixed_Cell,4.7928
CYP2B6,Colon_Transverse,2.3983
CYP2B6,Kidney_Medulla,1.05924
CYP2B6,Colon_Transverse_Muscularis,0.48193
CYP2A13,Testis,0.51423
CYP2A13,Liver,0.494469
CYP2A13,Vagina,0.143806
CYP2A13,Minor_Salivary_Gland,0.084101
CYP2A13,Liver_Mixed_Cell,0.082903
CYP2A13,Brain_Spinal_cord_cervical_c-1,0.062151
CYP2A13,Brain_Substantia_nigra,0.05855
CYP2A13,Cervix_Endocervix,0.057562
CYP2A13,Cervix_Ectocervix,0.048588
CYP2A13,Liver_Hepatocyte,0.045525
CYP2A13,Bladder,0.043645
CYP2A13,Brain_Hypothalamus,0.042686
AXL,Cells_Cultured_fibroblasts,243.286
AXL,Artery_Tibial,147.791
AXL,Artery_Coronary,103.824
AXL,Artery_Aorta,97.9504
AXL,Adipose_Subcutaneous,86.4558
AXL,Nerve_Tibial,84.6979
AXL,Colon_Sigmoid,82.6588
AXL,Stomach_Muscularis,81.7303
AXL,Esophagus_Gastroesophageal_Junction,77.7505
AXL,Cervix_Endocervix,73.2914
AXL,Colon_Transverse_Muscularis,72.8286
AXL,Uterus,72.4897
GRIK5,Testis,81.3898
GRIK5,Brain_Cerebellum,61.8534
GRIK5,Brain_Cerebellar_Hemisphere,53.4535
GRIK5,Pituitary,32.3397
GRIK5,Brain_Cortex,31.3908
GRIK5,Colon_Sigmoid,27.9655
GRIK5,Artery_Aorta,27.4353
GRIK5,Brain_Frontal_Cortex_BA9,26.2219
GRIK5,Colon_Transverse_Muscularis,25.2254
GRIK5,Brain_Nucleus_accumbens_basal_ganglia,24.1373
GRIK5,Thyroid,23.5226
GRIK5,Brain_Anterior_cingulate_cortex_BA24,23.3758
GSK3A,Brain_Cerebellar_Hemisphere,64.9714
GSK3A,Brain_Cerebellum,64.7663
GSK3A,Brain_Frontal_Cortex_BA9,62.1241
GSK3A,Brain_Cortex,59.1331
GSK3A,Whole_Blood,50.0121
GSK3A,Brain_Anterior_cingulate_cortex_BA24,44.2187
GSK3A,Uterus,43.7285
GSK3A,Testis,43.3532
GSK3A,Cervix_Endocervix,40.9009
GSK3A,Artery_Tibial,40.7597
GSK3A,Ovary,38.6028
GSK3A,Fallopian_Tube,36.8851
KCNN4,Small_Intestine_Terminal_Ileum_Lymphoid_Aggregate,150.549
KCNN4,Minor_Salivary_Gland,129.534
KCNN4,Cells_EBV-transformed_lymphocytes,58.8476
KCNN4,Small_Intestine_Terminal_Ileum_Mixed_Cell,54.256
KCNN4,Skin_Sun_Exposed_Lower_leg,37.7492
KCNN4,Prostate,35.8619
KCNN4,Spleen,29.2204
KCNN4,Colon_Transverse_Mucosa,26.4588
KCNN4,Skin_Not_Sun_Exposed_Suprapubic,25.7485
KCNN4,Colon_Transverse_Mixed_Cell,25.5122
KCNN4,Liver_Portal_Tract,24.7615
KCNN4,Bladder,23.8492
APOE,Adrenal_Gland,3749.98
APOE,Liver,3459.66
APOE,Liver_Mixed_Cell,2686.62
APOE,Brain_Substantia_nigra,1899.61
APOE,Brain_Nucleus_accumbens_basal_ganglia,1811.95
APOE,Brain_Caudate_basal_ganglia,1729.21
APOE,Liver_Hepatocyte,1687.41
APOE,Brain_Putamen_basal_ganglia,1627.53
APOE,Brain_Amygdala,1368.43
APOE,Brain_Hypothalamus,1076.36
APOE,Brain_Anterior_cingulate_cortex_BA24,839.071
APOE,Brain_Cerebellum,785.226
MARK4,Testis,62.2373
MARK4,Ovary,32.8945
MARK4,Brain_Cortex,31.045
MARK4,Skin_Sun_Exposed_Lower_leg,30.9181
MARK4,Brain_Frontal_Cortex_BA9,30.8473
MARK4,Skin_Not_Sun_Exposed_Suprapubic,30.7547
MARK4,Brain_Cerebellum,28.0481
MARK4,Brain_Anterior_cingulate_cortex_BA24,27.3144
MARK4,Brain_Nucleus_accumbens_basal_ganglia,26.8584
MARK4,Brain_Cerebellar_Hemisphere,26.6123
MARK4,Fallopian_Tube,26.0901
MARK4,Brain_Caudate_basal_ganglia,25.8097
PPP5C,Cells_Cultured_fibroblasts,117.081
PPP5C,Cells_EBV-transformed_lymphocytes,101.331
PPP5C,Uterus,93.7649
PPP5C,Fallopian_Tube,89.5982
PPP5C,Brain_Cerebellum,87.0198
PPP5C,Pituitary,86.7405
PPP5C,Brain_Cerebellar_Hemisphere,86.0049
PPP5C,Nerve_Tibial,83.6785
PPP5C,Spleen,79.5386
PPP5C,Artery_Tibial,78.8847
PPP5C,Cervix_Endocervix,78.4159
PPP5C,Artery_Aorta,74.7421
PTGIR,Artery_Aorta,77.4604
PTGIR,Liver_Portal_Tract,61.2564
PTGIR,Lung,39.421
PTGIR,Artery_Coronary,36.7313
PTGIR,Artery_Tibial,26.9846
PTGIR,Thyroid,17.9473
PTGIR,Stomach_Muscularis,12.4327
PTGIR,Cells_Cultured_fibroblasts,12.4245
PTGIR,Heart_Atrial_Appendage,12.387
PTGIR,Adipose_Visceral_Omentum,10.6651
PTGIR,Kidney_Medulla,9.12183
PTGIR,Cells_EBV-transformed_lymphocytes,8.58279
PRKD2,Spleen,76.1889
PRKD2,Whole_Blood,75.7135
PRKD2,Small_Intestine_Terminal_Ileum_Lymphoid_Aggregate,71.3456
PRKD2,Cells_EBV-transformed_lymphocytes,60.5054
PRKD2,Skin_Sun_Exposed_Lower_leg,59.8857
PRKD2,Skin_Not_Sun_Exposed_Suprapubic,58.3073
PRKD2,Lung,49.2745
PRKD2,Thyroid,49.1666
PRKD2,Breast_Mammary_Tissue,42.8727
PRKD2,Uterus,41.3062
PRKD2,Vagina,41.1311
PRKD2,Adipose_Subcutaneous,40.5068
ARHGAP35,Testis,51.1886
ARHGAP35,Cells_Cultured_fibroblasts,32.1734
ARHGAP35,Brain_Frontal_Cortex_BA9,28.3128
ARHGAP35,Artery_Tibial,26.7052
ARHGAP35,Brain_Cortex,25.6054
ARHGAP35,Brain_Anterior_cingulate_cortex_BA24,24.7578
ARHGAP35,Brain_Cerebellum,22.1158
ARHGAP35,Brain_Cerebellar_Hemisphere,22.0911
ARHGAP35,Nerve_Tibial,21.5246
ARHGAP35,Brain_Amygdala,20.0248
ARHGAP35,Brain_Hypothalamus,19.5049
ARHGAP35,Esophagus_Muscularis,19.2862
SAE1,Stomach_Muscularis,126.354
SAE1,Colon_Sigmoid,122.512
SAE1,Cells_Cultured_fibroblasts,111.66
SAE1,Cells_EBV-transformed_lymphocytes,111.441
SAE1,Testis,106.618
SAE1,Colon_Transverse_Muscularis,102.921
SAE1,Esophagus_Muscularis,95.5936
SAE1,Esophagus_Gastroesophageal_Junction,89.7001
SAE1,Bladder,77.8196
SAE1,Artery_Tibial,75.2222
SAE1,Uterus,73.4126
SAE1,Thyroid,70.1547
C5AR1,Whole_Blood,554.318
C5AR1,Pituitary,89.4749
C5AR1,Lung,77.3703
C5AR1,Spleen,59.8612
C5AR1,Artery_Aorta,41.489
C5AR1,Adipose_Visceral_Omentum,41.0666
C5AR1,Liver_Portal_Tract,32.6737
C5AR1,Artery_Coronary,30.5982
C5AR1,Nerve_Tibial,29.512
C5AR1,Stomach_Muscularis,25.5758
C5AR1,Adipose_Subcutaneous,19.908
C5AR1,Fallopian_Tube,19.7143
SULT2A1,Liver_Mixed_Cell,781.004
SULT2A1,Liver_Hepatocyte,568.731
SULT2A1,Liver,394.606
SULT2A1,Adrenal_Gland,315.211
SULT2A1,Liver_Portal_Tract,76.9752
SULT2A1,Stomach_Mucosa,10.9727
SULT2A1,Stomach_Mixed_Cell,10.8288
SULT2A1,Small_Intestine_Terminal_Ileum_Mixed_Cell,10.709
SULT2A1,Small_Intestine_Terminal_Ileum,5.07345
SULT2A1,Stomach,5.05185
SULT2A1,Bladder,0.976099
SULT2A1,Testis,0.783533
GRIN2D,Cells_Cultured_fibroblasts,6.75081
GRIN2D,Brain_Hypothalamus,6.0288
GRIN2D,Testis,5.8338
GRIN2D,Brain_Cortex,4.16554
GRIN2D,Brain_Anterior_cingulate_cortex_BA24,4.05729
GRIN2D,Brain_Frontal_Cortex_BA9,3.48637
GRIN2D,Brain_Cerebellum,2.94153
GRIN2D,Brain_Amygdala,2.90041
GRIN2D,Brain_Cerebellar_Hemisphere,2.3005
GRIN2D,Thyroid,2.11528
GRIN2D,Brain_Substantia_nigra,1.7927
GRIN2D,Brain_Hippocampus,1.77301
SPHK2,Testis,32.8262
SPHK2,Brain_Cortex,28.4867
SPHK2,Brain_Frontal_Cortex_BA9,28.4115
SPHK2,Brain_Cerebellum,27.2655
SPHK2,Brain_Cerebellar_Hemisphere,23.374
SPHK2,Brain_Anterior_cingulate_cortex_BA24,22.2326
SPHK2,Colon_Transverse_Mucosa,22.2125
SPHK2,Thyroid,22.0515
SPHK2,Ovary,20.0295
SPHK2,Kidney_Medulla,19.856
SPHK2,Pituitary,19.3007
SPHK2,Colon_Transverse_Mixed_Cell,18.9908
FUT2,Minor_Salivary_Gland,76.5681
FUT2,Colon_Transverse_Mixed_Cell,25.3036
FUT2,Esophagus_Mucosa,25.2409
FUT2,Colon_Transverse_Mucosa,25.1388
FUT2,Small_Intestine_Terminal_Ileum_Mixed_Cell,14.3668
FUT2,Stomach_Mucosa,13.9976
FUT2,Small_Intestine_Terminal_Ileum,13.213
FUT2,Stomach_Mixed_Cell,12.3246
FUT2,Colon_Transverse,10.9536
FUT2,Vagina,10.2579
FUT2,Stomach,10.2198
FUT2,Cervix_Ectocervix,6.4651
KCNA7,Muscle_Skeletal,22.4013
KCNA7,Heart_Atrial_Appendage,0.789951
KCNA7,Testis,0.268794
KCNA7,Heart_Left_Ventricle,0.236847
KCNA7,Skin_Sun_Exposed_Lower_leg,0.212603
KCNA7,Skin_Not_Sun_Exposed_Suprapubic,0.172738
KCNA7,Minor_Salivary_Gland,0.119868
KCNA7,Prostate,0.109641
KCNA7,Cells_Cultured_fibroblasts,0.103852
KCNA7,Vagina,0.089389
KCNA7,Pituitary,0.080599
KCNA7,Cervix_Ectocervix,0.080545
PRMT1,Cells_EBV-transformed_lymphocytes,229.778
PRMT1,Cells_Cultured_fibroblasts,131.873
PRMT1,Cervix_Endocervix,120.324
PRMT1,Uterus,118.72
PRMT1,Fallopian_Tube,115.798
PRMT1,Ovary,108.461
PRMT1,Cervix_Ectocervix,100.046
PRMT1,Pituitary,92.5925
PRMT1,Brain_Cerebellar_Hemisphere,86.2399
PRMT1,Testis,84.1172
PRMT1,Brain_Cerebellum,81.9492
PRMT1,Vagina,81.2082
PNKP,Pituitary,72.6208
PNKP,Thyroid,69.9039
PNKP,Spleen,68.5884
PNKP,Small_Intestine_Terminal_Ileum_Lymphoid_Aggregate,61.5959
PNKP,Adrenal_Gland,59.8676
PNKP,Cervix_Endocervix,54.3484
PNKP,Uterus,52.5187
PNKP,Fallopian_Tube,51.4466
PNKP,Prostate,51.0896
PNKP,Ovary,48.4954
PNKP,Kidney_Medulla,47.8274
PNKP,Nerve_Tibial,45.554
NR1H2,Artery_Tibial,113.134
NR1H2,Artery_Aorta,99.4809
NR1H2,Artery_Coronary,87.0746
NR1H2,Stomach_Muscularis,86.2376
NR1H2,Lung,82.9557
NR1H2,Esophagus_Muscularis,82.0973
NR1H2,Esophagus_Gastroesophageal_Junction,80.8584
NR1H2,Uterus,80.2999
NR1H2,Colon_Transverse_Muscularis,78.4015
NR1H2,Colon_Sigmoid,76.7724
NR1H2,Cervix_Endocervix,76.7323
NR1H2,Bladder,76.154
KLK1,Pancreas,1276.78
KLK1,Pancreas_Mixed_Cell,1274.5
KLK1,Pancreas_Acini,1213.63
KLK1,Pancreas_Islets,270.588
KLK1,Colon_Transverse_Mucosa,75.7128
KLK1,Colon_Transverse_Mixed_Cell,72.6643
KLK1,Cells_EBV-transformed_lymphocytes,49.607
KLK1,Skin_Sun_Exposed_Lower_leg,41.9545
KLK1,Skin_Not_Sun_Exposed_Suprapubic,40.632
KLK1,Colon_Transverse,33.4408
KLK1,Kidney_Cortex,20.0445
KLK1,Small_Intestine_Terminal_Ileum_Mixed_Cell,16.6868
KLK2,Prostate,2101.41
KLK2,Testis,15.2935
KLK2,Thyroid,6.63903
KLK2,Cells_EBV-transformed_lymphocytes,1.3882
KLK2,Small_Intestine_Terminal_Ileum_Lymphoid_Aggregate,0.430231
KLK2,Cervix_Endocervix,0.376397
KLK2,Spleen,0.299287
KLK2,Colon_Transverse_Mucosa,0.253603
KLK2,Fallopian_Tube,0.19437
KLK2,Uterus,0.171838
KLK2,Colon_Transverse,0.156254
KLK2,Breast_Mammary_Tissue,0.148814
KLK5,Skin_Sun_Exposed_Lower_leg,330.141
KLK5,Skin_Not_Sun_Exposed_Suprapubic,248.062
KLK5,Testis,34.8524
KLK5,Minor_Salivary_Gland,27.6559
KLK5,Esophagus_Mucosa,17.4253
KLK5,Breast_Mammary_Tissue,10.1934
KLK5,Cervix_Ectocervix,8.16107
KLK5,Vagina,7.22657
KLK5,Adipose_Visceral_Omentum,3.72399
KLK5,Brain_Anterior_cingulate_cortex_BA24,3.38824
KLK5,Brain_Frontal_Cortex_BA9,2.76227
KLK5,Brain_Cortex,2.40837
KLK7,Skin_Sun_Exposed_Lower_leg,274.871
KLK7,Skin_Not_Sun_Exposed_Suprapubic,242.171
KLK7,Esophagus_Mucosa,77.1814
KLK7,Brain_Amygdala,22.3146
KLK7,Brain_Anterior_cingulate_cortex_BA24,21.023
KLK7,Minor_Salivary_Gland,20.1844
KLK7,Brain_Frontal_Cortex_BA9,11.4436
KLK7,Vagina,10.8272
KLK7,Cervix_Ectocervix,9.33923
KLK7,Brain_Cortex,9.02532
KLK7,Kidney_Cortex,8.52741
KLK7,Adipose_Visceral_Omentum,6.21467
SIGLEC7,Whole_Blood,31.4227
SIGLEC7,Spleen,24.2042
SIGLEC7,Lung,5.3445
SIGLEC7,Liver_Portal_Tract,2.99679
SIGLEC7,Small_Intestine_Terminal_Ileum_Lymphoid_Aggregate,2.86507
SIGLEC7,Kidney_Medulla,2.8465
SIGLEC7,Adrenal_Gland,2.72262
SIGLEC7,Small_Intestine_Terminal_Ileum_Mixed_Cell,2.59245
SIGLEC7,Adipose_Visceral_Omentum,2.38786
SIGLEC7,Small_Intestine_Terminal_Ileum,2.26758
SIGLEC7,Artery_Aorta,2.08961
SIGLEC7,Liver,2.08422
FPR1,Whole_Blood,2099.77
FPR1,Spleen,158.914
FPR1,Lung,57.7191
FPR1,Liver_Portal_Tract,20.7323
FPR1,Adipose_Visceral_Omentum,18.5251
FPR1,Artery_Aorta,12.8666
FPR1,Artery_Coronary,11.8679
FPR1,Fallopian_Tube,8.01744
FPR1,Adipose_Subcutaneous,7.97579
FPR1,Stomach_Muscularis,7.77349
FPR1,Nerve_Tibial,7.4326
FPR1,Brain_Spinal_cord_cervical_c-1,6.89235
FPR2,Whole_Blood,125.546
FPR2,Spleen,16.1962
FPR2,Lung,8.08174
FPR2,Adipose_Visceral_Omentum,1.49115
FPR2,Liver_Portal_Tract,1.17544
FPR2,Testis,1.12204
FPR2,Adipose_Subcutaneous,0.595708
FPR2,Stomach_Muscularis,0.580179
FPR2,Artery_Coronary,0.562571
FPR2,Artery_Aorta,0.559612
FPR2,Fallopian_Tube,0.479932
FPR2,Liver_Mixed_Cell,0.441105
FPR3,Liver_Portal_Tract,18.5554
FPR3,Lung,16.5079
FPR3,Adipose_Subcutaneous,10.5558
FPR3,Adipose_Visceral_Omentum,9.29371
FPR3,Artery_Aorta,9.17354
FPR3,Spleen,9.10436
FPR3,Artery_Coronary,8.91518
FPR3,Small_Intestine_Terminal_Ileum_Mixed_Cell,8.21467
FPR3,Small_Intestine_Terminal_Ileum,7.57428
FPR3,Adrenal_Gland,7.54464
FPR3,Colon_Transverse_Mixed_Cell,7.20257
FPR3,Small_Intestine_Terminal_Ileum_Lymphoid_Aggregate,6.3048
PRKCG,Brain_Nucleus_accumbens_basal_ganglia,98.2632
PRKCG,Brain_Cortex,68.8725
PRKCG,Brain_Frontal_Cortex_BA9,65.608
PRKCG,Brain_Hippocampus,58.0121
PRKCG,Brain_Cerebellum,56.6213
PRKCG,Brain_Anterior_cingulate_cortex_BA24,54.154
PRKCG,Brain_Caudate_basal_ganglia,48.3716
PRKCG,Brain_Amygdala,36.0798
PRKCG,Brain_Cerebellar_Hemisphere,23.1643
PRKCG,Brain_Putamen_basal_ganglia,20.6412
PRKCG,Brain_Hypothalamus,11.7789
PRKCG,Testis,11.1543
GP6,Testis,5.87573
GP6,Brain_Cerebellar_Hemisphere,4.60328
GP6,Brain_Cerebellum,4.37487
GP6,Whole_Blood,1.76511
GP6,Spleen,1.60192
GP6,Skin_Not_Sun_Exposed_Suprapubic,1.57869
GP6,Skin_Sun_Exposed_Lower_leg,1.34488
GP6,Brain_Cortex,1.27474
GP6,Lung,1.2654
GP6,Esophagus_Mucosa,1.22366
GP6,Brain_Frontal_Cortex_BA9,1.15047
GP6,Vagina,1.13173
BRSK1,Brain_Cortex,199.083
BRSK1,Brain_Frontal_Cortex_BA9,196.485
BRSK1,Brain_Cerebellum,170.774
BRSK1,Brain_Anterior_cingulate_cortex_BA24,164.476
BRSK1,Brain_Cerebellar_Hemisphere,155.665
BRSK1,Brain_Hippocampus,110.111
BRSK1,Brain_Amygdala,95.1462
BRSK1,Brain_Nucleus_accumbens_basal_ganglia,90.7152
BRSK1,Pituitary,82.1125
BRSK1,Brain_Hypothalamus,80.1767
BRSK1,Brain_Caudate_basal_ganglia,74.37
BRSK1,Brain_Putamen_basal_ganglia,69.0271
AURKC,Testis,97.6795
AURKC,Brain_Cerebellum,6.4098
AURKC,Brain_Cerebellar_Hemisphere,6.3166
AURKC,Spleen,5.85834
AURKC,Pituitary,4.10652
AURKC,Small_Intestine_Terminal_Ileum_Lymphoid_Aggregate,4.00879
AURKC,Brain_Spinal_cord_cervical_c-1,3.73127
AURKC,Lung,3.61202
AURKC,Nerve_Tibial,3.4836
AURKC,Thyroid,3.38414
AURKC,Liver_Portal_Tract,3.29781
AURKC,Colon_Transverse_Muscularis,2.84236
CSNK2A1,Cells_EBV-transformed_lymphocytes,25.1347
CSNK2A1,Cells_Cultured_fibroblasts,20.8002
CSNK2A1,Testis,15.6671
CSNK2A1,Cervix_Endocervix,14.751
CSNK2A1,Uterus,14.6419
CSNK2A1,Ovary,14.5853
CSNK2A1,Brain_Cerebellar_Hemisphere,14.5193
CSNK2A1,Skin_Sun_Exposed_Lower_leg,14.3479
CSNK2A1,Skin_Not_Sun_Exposed_Suprapubic,13.8497
CSNK2A1,Fallopian_Tube,13.6549
CSNK2A1,Vagina,13.6211
CSNK2A1,Cervix_Ectocervix,13.2858
FKBP1A,Cells_Cultured_fibroblasts,191.527
FKBP1A,Lung,137.488
FKBP1A,Thyroid,129.183
FKBP1A,Adipose_Visceral_Omentum,127.12
FKBP1A,Adipose_Subcutaneous,113.622
FKBP1A,Brain_Nucleus_accumbens_basal_ganglia,113.316
FKBP1A,Cells_EBV-transformed_lymphocytes,109.737
FKBP1A,Uterus,104.626
FKBP1A,Spleen,98.3473
FKBP1A,Fallopian_Tube,93.2057
FKBP1A,Whole_Blood,90.9266
FKBP1A,Breast_Mammary_Tissue,89.9544
CDC25B,Brain_Cerebellum,157.826
CDC25B,Lung,151.825
CDC25B,Small_Intestine_Terminal_Ileum_Lymphoid_Aggregate,149.647
CDC25B,Brain_Cerebellar_Hemisphere,146.889
CDC25B,Uterus,100.209
CDC25B,Stomach_Muscularis,96.7157
CDC25B,Spleen,96.1
CDC25B,Colon_Transverse_Muscularis,94.3875
CDC25B,Cells_Cultured_fibroblasts,92.1035
CDC25B,Thyroid,90.5535
CDC25B,Pituitary,83.8191
CDC25B,Nerve_Tibial,83.4232
ADRA1D,Cervix_Endocervix,13.5279
ADRA1D,Artery_Aorta,11.0575
ADRA1D,Nerve_Tibial,8.09092
ADRA1D,Cervix_Ectocervix,6.99887
ADRA1D,Stomach_Muscularis,6.66396
ADRA1D,Fallopian_Tube,5.24956
ADRA1D,Lung,4.74962
ADRA1D,Uterus,4.6398
ADRA1D,Vagina,4.62909
ADRA1D,Prostate,4.35443
ADRA1D,Bladder,4.34522
ADRA1D,Brain_Hippocampus,3.20543
PRNP,Brain_Cerebellar_Hemisphere,565.696
PRNP,Brain_Frontal_Cortex_BA9,420.46
PRNP,Brain_Cerebellum,406.785
PRNP,Colon_Sigmoid,335.883
PRNP,Brain_Anterior_cingulate_cortex_BA24,286.189
PRNP,Brain_Cortex,282.076
PRNP,Brain_Spinal_cord_cervical_c-1,258.686
PRNP,Brain_Nucleus_accumbens_basal_ganglia,254.116
PRNP,Nerve_Tibial,251.427
PRNP,Artery_Aorta,242.788
PRNP,Brain_Caudate_basal_ganglia,234.931
PRNP,Stomach_Muscularis,229.607
HAO1,Liver_Mixed_Cell,262.849
HAO1,Liver_Hepatocyte,202.25
HAO1,Liver,172.112
HAO1,Liver_Portal_Tract,48.4612
HAO1,Pancreas_Islets,2.33844
HAO1,Pancreas_Mixed_Cell,0.287547
HAO1,Testis,0.253006
HAO1,Kidney_Cortex,0.174365
HAO1,Pancreas_Acini,0.140572
HAO1,Small_Intestine_Terminal_Ileum_Mixed_Cell,0.099888
HAO1,Pancreas,0.070138
HAO1,Brain_Substantia_nigra,0.052635
SSTR4,Brain_Cerebellum,1.59524
SSTR4,Brain_Cerebellar_Hemisphere,1.51017
SSTR4,Brain_Cortex,1.02601
SSTR4,Brain_Anterior_cingulate_cortex_BA24,0.923212
SSTR4,Brain_Frontal_Cortex_BA9,0.922871
SSTR4,Brain_Amygdala,0.58145
SSTR4,Brain_Hippocampus,0.420451
SSTR4,Brain_Nucleus_accumbens_basal_ganglia,0.339941
SSTR4,Testis,0.259641
SSTR4,Pancreas_Islets,0.24777
SSTR4,Brain_Hypothalamus,0.164397
SSTR4,Fallopian_Tube,0.148472
BCL2L1,Liver_Portal_Tract,217.093
BCL2L1,Whole_Blood,207.506
BCL2L1,Artery_Aorta,151.665
BCL2L1,Lung,148.521
BCL2L1,Nerve_Tibial,127.058
BCL2L1,Artery_Coronary,121.195
BCL2L1,Cells_Cultured_fibroblasts,119.949
BCL2L1,Artery_Tibial,117.659
BCL2L1,Adipose_Subcutaneous,103.031
BCL2L1,Breast_Mammary_Tissue,95.383
BCL2L1,Kidney_Medulla,93.6567
BCL2L1,Brain_Cerebellar_Hemisphere,90.3952
HCK,Whole_Blood,882.27
HCK,Spleen,207.987
HCK,Lung,66.3403
HCK,Liver_Portal_Tract,51.68
HCK,Small_Intestine_Terminal_Ileum_Lymphoid_Aggregate,29.7518
HCK,Small_Intestine_Terminal_Ileum_Mixed_Cell,28.1466
HCK,Cells_EBV-transformed_lymphocytes,21.4825
HCK,Adipose_Visceral_Omentum,20.2388
HCK,Small_Intestine_Terminal_Ileum,19.4621
HCK,Adipose_Subcutaneous,17.3172
HCK,Artery_Coronary,14.8321
HCK,Colon_Transverse_Mixed_Cell,14.6602
DNMT3B,Testis,12.4126
DNMT3B,Pancreas_Acini,5.85251
DNMT3B,Brain_Cerebellum,5.22122
DNMT3B,Brain_Cerebellar_Hemisphere,5.01578
DNMT3B,Skin_Sun_Exposed_Lower_leg,4.93506
DNMT3B,Skin_Not_Sun_Exposed_Suprapubic,4.69342
DNMT3B,Pancreas_Mixed_Cell,4.3856
DNMT3B,Pancreas,3.84764
DNMT3B,Thyroid,3.8419
DNMT3B,Nerve_Tibial,3.46731
DNMT3B,Pancreas_Islets,3.10267
DNMT3B,Cells_Cultured_fibroblasts,2.9994
SRC,Bladder,63.5219
SRC,Uterus,63.0485
SRC,Testis,57.968
SRC,Prostate,55.7336
SRC,Cells_EBV-transformed_lymphocytes,49.9758
SRC,Artery_Aorta,49.3174
SRC,Cervix_Endocervix,49.015
SRC,Liver_Portal_Tract,47.9031
SRC,Fallopian_Tube,47.7142
SRC,Colon_Transverse_Muscularis,45.2706
SRC,Vagina,44.6274
SRC,Colon_Sigmoid,43.8542
TGM2,Artery_Coronary,1572.32
TGM2,Artery_Tibial,1499.24
TGM2,Cervix_Endocervix,1342.18
TGM2,Lung,901.25
TGM2,Cervix_Ectocervix,782.103
TGM2,Artery_Aorta,581.596
TGM2,Uterus,560.572
TGM2,Fallopian_Tube,504.636
TGM2,Heart_Atrial_Appendage,450.562
TGM2,Liver_Mixed_Cell,435.598
TGM2,Bladder,421.35
TGM2,Liver_Hepatocyte,411.104
TOP1,Cells_EBV-transformed_lymphocytes,126.262
TOP1,Cells_Cultured_fibroblasts,86.4742
TOP1,Lung,71.9978
TOP1,Thyroid,58.8081
TOP1,Liver_Portal_Tract,56.139
TOP1,Spleen,55.0458
TOP1,Brain_Cerebellar_Hemisphere,51.4677
TOP1,Vagina,51.3172
TOP1,Esophagus_Mucosa,48.5991
TOP1,Cervix_Ectocervix,47.6731
TOP1,Ovary,47.6062
TOP1,Adipose_Visceral_Omentum,47.3009
PLCG1,Brain_Cerebellum,125.852
PLCG1,Brain_Cerebellar_Hemisphere,109.499
PLCG1,Cervix_Endocervix,97.2356
PLCG1,Thyroid,92.9073
PLCG1,Uterus,91.5017
PLCG1,Ovary,83.8199
PLCG1,Nerve_Tibial,74.9703
PLCG1,Cervix_Ectocervix,70.8328
PLCG1,Fallopian_Tube,68.2776
PLCG1,Small_Intestine_Terminal_Ileum_Lymphoid_Aggregate,66.7894
PLCG1,Vagina,61.4605
PLCG1,Lung,60.6258
L3MBTL1,Brain_Cerebellum,31.0175
L3MBTL1,Pituitary,25.4095
L3MBTL1,Brain_Cerebellar_Hemisphere,25.2977
L3MBTL1,Testis,17.8101
L3MBTL1,Ovary,15.2576
L3MBTL1,Fallopian_Tube,14.6129
L3MBTL1,Cervix_Endocervix,13.6451
L3MBTL1,Thyroid,13.6106
L3MBTL1,Small_Intestine_Terminal_Ileum_Lymphoid_Aggregate,12.8761
L3MBTL1,Cervix_Ectocervix,12.231
L3MBTL1,Uterus,11.827
L3MBTL1,Brain_Cortex,11.4379
SGK2,Kidney_Medulla,66.7861
SGK2,Liver_Hepatocyte,45.0875
SGK2,Colon_Transverse_Mucosa,42.9863
SGK2,Colon_Transverse_Mixed_Cell,39.9736
SGK2,Liver_Mixed_Cell,34.8417
SGK2,Liver,30.3048
SGK2,Kidney_Cortex,24.6347
SGK2,Brain_Spinal_cord_cervical_c-1,16.3133
SGK2,Stomach_Mucosa,15.9609
SGK2,Stomach_Mixed_Cell,15.9324
SGK2,Colon_Transverse,13.4947
SGK2,Small_Intestine_Terminal_Ileum_Mixed_Cell,11.5878
HNF4A,Liver_Hepatocyte,58.8085
HNF4A,Colon_Transverse_Mucosa,54.4576
HNF4A,Liver,53.0796
HNF4A,Liver_Mixed_Cell,50.7543
HNF4A,Colon_Transverse_Mixed_Cell,49.3296
HNF4A,Small_Intestine_Terminal_Ileum_Mixed_Cell,33.2264
HNF4A,Colon_Transverse,32.0902
HNF4A,Small_Intestine_Terminal_Ileum,30.7536
HNF4A,Liver_Portal_Tract,14.6254
HNF4A,Kidney_Cortex,13.2406
HNF4A,Stomach_Mucosa,6.28191
HNF4A,Stomach_Mixed_Cell,6.11677
ADA,Cells_EBV-transformed_lymphocytes,48.3983
ADA,Stomach_Mucosa,40.1777
ADA,Stomach_Mixed_Cell,36.9285
ADA,Stomach,23.2202
ADA,Small_Intestine_Terminal_Ileum_Lymphoid_Aggregate,18.776
ADA,Adipose_Subcutaneous,16.7518
ADA,Spleen,15.0643
ADA,Cells_Cultured_fibroblasts,13.2257
ADA,Adipose_Visceral_Omentum,10.4279
ADA,Small_Intestine_Terminal_Ileum_Mixed_Cell,10.0534
ADA,Artery_Coronary,9.33688
ADA,Breast_Mammary_Tissue,9.08867
STK4,Cells_EBV-transformed_lymphocytes,38.1434
STK4,Whole_Blood,25.9374
STK4,Small_Intestine_Terminal_Ileum_Lymphoid_Aggregate,25.651
STK4,Spleen,14.5071
STK4,Lung,13.5437
STK4,Small_Intestine_Terminal_Ileum_Mixed_Cell,11.155
STK4,Cells_Cultured_fibroblasts,9.70607
STK4,Liver_Portal_Tract,9.57339
STK4,Nerve_Tibial,7.39151
STK4,Small_Intestine_Terminal_Ileum,7.24268
STK4,Skin_Sun_Exposed_Lower_leg,6.96984
STK4,Bladder,6.43925
MMP9,Whole_Blood,789.772
MMP9,Spleen,113.66
MMP9,Lung,21.1821
MMP9,Small_Intestine_Terminal_Ileum_Lymphoid_Aggregate,13.083
MMP9,Adipose_Subcutaneous,12.123
MMP9,Small_Intestine_Terminal_Ileum_Mixed_Cell,10.9887
MMP9,Adipose_Visceral_Omentum,5.57232
MMP9,Cells_EBV-transformed_lymphocytes,5.11636
MMP9,Small_Intestine_Terminal_Ileum,4.66125
MMP9,Liver_Portal_Tract,4.27289
MMP9,Breast_Mammary_Tissue,2.9777
MMP9,Artery_Coronary,2.5713
SLC12A5,Brain_Cerebellum,208.918
SLC12A5,Brain_Cerebellar_Hemisphere,206.494
SLC12A5,Brain_Frontal_Cortex_BA9,98.9131
SLC12A5,Brain_Cortex,72.1885
SLC12A5,Brain_Nucleus_accumbens_basal_ganglia,54.9318
SLC12A5,Brain_Anterior_cingulate_cortex_BA24,48.684
SLC12A5,Brain_Hypothalamus,40.1159
SLC12A5,Brain_Caudate_basal_ganglia,38.6178
SLC12A5,Brain_Putamen_basal_ganglia,26.1232
SLC12A5,Brain_Hippocampus,24.422
SLC12A5,Brain_Amygdala,20.9083
SLC12A5,Brain_Substantia_nigra,9.17137
NCOA3,Cells_EBV-transformed_lymphocytes,108.21
NCOA3,Small_Intestine_Terminal_Ileum_Lymphoid_Aggregate,60.5925
NCOA3,Artery_Tibial,39.7298
NCOA3,Spleen,38.8895
NCOA3,Lung,32.3381
NCOA3,Artery_Aorta,31.9878
NCOA3,Small_Intestine_Terminal_Ileum_Mixed_Cell,30.4806
NCOA3,Nerve_Tibial,29.7185
NCOA3,Cells_Cultured_fibroblasts,27.9205
NCOA3,Artery_Coronary,27.9014
NCOA3,Uterus,27.7537
NCOA3,Adipose_Subcutaneous,27.47
PTPN1,Small_Intestine_Terminal_Ileum_Lymphoid_Aggregate,125.426
PTPN1,Lung,113.697
PTPN1,Cells_EBV-transformed_lymphocytes,110.458
PTPN1,Spleen,83.15
PTPN1,Artery_Aorta,61.6339
PTPN1,Whole_Blood,59.7234
PTPN1,Liver_Portal_Tract,59.1762
PTPN1,Small_Intestine_Terminal_Ileum_Mixed_Cell,58.1186
PTPN1,Artery_Tibial,56.658
PTPN1,Uterus,56.0545
PTPN1,Ovary,55.522
PTPN1,Cervix_Endocervix,54.82
CYP24A1,Kidney_Cortex,13.7201
CYP24A1,Kidney_Medulla,11.9549
CYP24A1,Bladder,4.89658
CYP24A1,Esophagus_Mucosa,1.76798
CYP24A1,Prostate,1.68635
CYP24A1,Vagina,0.872388
CYP24A1,Cervix_Endocervix,0.836334
CYP24A1,Thyroid,0.822567
CYP24A1,Skin_Not_Sun_Exposed_Suprapubic,0.659774
CYP24A1,Brain_Nucleus_accumbens_basal_ganglia,0.489321
CYP24A1,Skin_Sun_Exposed_Lower_leg,0.39151
CYP24A1,Brain_Hypothalamus,0.325131
MC3R,Brain_Hypothalamus,0.380275
MC3R,Testis,0.272592
MC3R,Brain_Frontal_Cortex_BA9,0.031365
AURKA,Cells_EBV-transformed_lymphocytes,58.8029
AURKA,Testis,36.3859
AURKA,Cells_Cultured_fibroblasts,24.3923
AURKA,Colon_Transverse_Mixed_Cell,12.4259
AURKA,Colon_Transverse_Mucosa,11.764
AURKA,Small_Intestine_Terminal_Ileum_Mixed_Cell,10.7354
AURKA,Small_Intestine_Terminal_Ileum_Lymphoid_Aggregate,8.18163
AURKA,Esophagus_Mucosa,6.91092
AURKA,Spleen,5.65471
AURKA,Colon_Transverse,5.46794
AURKA,Small_Intestine_Terminal_Ileum,5.2832
AURKA,Ovary,4.65804
TUBB1,Whole_Blood,27.5705
TUBB1,Spleen,7.29508
TUBB1,Lung,4.50872
TUBB1,Testis,3.79545
TUBB1,Pancreas_Islets,2.25859
TUBB1,Small_Intestine_Terminal_Ileum_Lymphoid_Aggregate,1.70965
TUBB1,Pituitary,1.02432
TUBB1,Brain_Cerebellum,0.925781
TUBB1,Cells_EBV-transformed_lymphocytes,0.924482
TUBB1,Liver_Portal_Tract,0.894841
TUBB1,Small_Intestine_Terminal_Ileum_Mixed_Cell,0.82724
TUBB1,Brain_Cerebellar_Hemisphere,0.7773
HRH3,Brain_Cerebellum,77.9994
HRH3,Brain_Nucleus_accumbens_basal_ganglia,62.3656
HRH3,Brain_Cerebellar_Hemisphere,59.7475
HRH3,Brain_Putamen_basal_ganglia,49.7487
HRH3,Brain_Caudate_basal_ganglia,45.2421
HRH3,Brain_Hypothalamus,38.8564
HRH3,Brain_Anterior_cingulate_cortex_BA24,31.9636
HRH3,Brain_Cortex,26.8626
HRH3,Brain_Frontal_Cortex_BA9,26.1966
HRH3,Brain_Amygdala,11.5691
HRH3,Brain_Hippocampus,7.81604
HRH3,Brain_Substantia_nigra,5.39795
NTSR1,Colon_Transverse_Muscularis,52.2206
NTSR1,Colon_Sigmoid,37.8291
NTSR1,Colon_Transverse,9.45546
NTSR1,Colon_Transverse_Mixed_Cell,7.60202
NTSR1,Whole_Blood,2.55426
NTSR1,Brain_Substantia_nigra,2.47566
NTSR1,Kidney_Medulla,2.03386
NTSR1,Stomach_Muscularis,1.84239
NTSR1,Brain_Hypothalamus,1.46588
NTSR1,Brain_Anterior_cingulate_cortex_BA24,1.41456
NTSR1,Brain_Cortex,1.37476
NTSR1,Spleen,1.18739
CHRNA4,Liver,25.0073
CHRNA4,Liver_Hepatocyte,15.415
CHRNA4,Liver_Mixed_Cell,10.1742
CHRNA4,Brain_Frontal_Cortex_BA9,7.93806
CHRNA4,Brain_Cortex,7.84585
CHRNA4,Brain_Anterior_cingulate_cortex_BA24,7.35416
CHRNA4,Brain_Hypothalamus,6.12523
CHRNA4,Brain_Substantia_nigra,5.93838
CHRNA4,Brain_Cerebellum,4.85739
CHRNA4,Brain_Amygdala,4.59083
CHRNA4,Liver_Portal_Tract,4.25607
CHRNA4,Brain_Spinal_cord_cervical_c-1,4.15603
PTK6,Esophagus_Mucosa,162.228
PTK6,Skin_Not_Sun_Exposed_Suprapubic,97.349
PTK6,Skin_Sun_Exposed_Lower_leg,95.6275
PTK6,Vagina,92.44
PTK6,Colon_Transverse_Mucosa,89.1323
PTK6,Cervix_Ectocervix,81.7122
PTK6,Colon_Transverse_Mixed_Cell,70.9656
PTK6,Colon_Transverse,32.9329
PTK6,Small_Intestine_Terminal_Ileum_Mixed_Cell,26.2733
PTK6,Minor_Salivary_Gland,19.094
PTK6,Stomach_Mixed_Cell,18.0766
PTK6,Stomach_Mucosa,17.5168
SRMS,Small_Intestine_Terminal_Ileum_Lymphoid_Aggregate,4.57746
SRMS,Spleen,4.19796
SRMS,Small_Intestine_Terminal_Ileum_Mixed_Cell,2.74378
SRMS,Colon_Transverse_Mixed_Cell,2.43171
SRMS,Colon_Transverse_Mucosa,1.98019
SRMS,Brain_Cerebellum,1.60834
SRMS,Testis,1.59391
SRMS,Colon_Transverse,1.37192
SRMS,Skin_Sun_Exposed_Lower_leg,1.34591
SRMS,Prostate,1.30331
SRMS,Liver_Portal_Tract,1.2757
SRMS,Skin_Not_Sun_Exposed_Suprapubic,1.27133
SOX18,Adipose_Subcutaneous,76.7862
SOX18,Adipose_Visceral_Omentum,75.7845
SOX18,Breast_Mammary_Tissue,68.3934
SOX18,Uterus,65.0422
SOX18,Thyroid,61.5205
SOX18,Lung,56.2895
SOX18,Nerve_Tibial,53.3382
SOX18,Fallopian_Tube,50.4064
SOX18,Cervix_Endocervix,48.6094
SOX18,Artery_Coronary,44.3024
SOX18,Liver_Portal_Tract,42.099
SOX18,Spleen,40.9383
RGS19,Whole_Blood,231.269
RGS19,Small_Intestine_Terminal_Ileum_Lymphoid_Aggregate,136.552
RGS19,Spleen,121.32
RGS19,Cells_EBV-transformed_lymphocytes,62.7962
RGS19,Small_Intestine_Terminal_Ileum_Mixed_Cell,50.9676
RGS19,Liver_Portal_Tract,44.2836
RGS19,Lung,34.242
RGS19,Artery_Coronary,26.5495
RGS19,Artery_Tibial,23.2169
RGS19,Small_Intestine_Terminal_Ileum,18.5976
RGS19,Adipose_Visceral_Omentum,16.3013
RGS19,Adipose_Subcutaneous,16.1642
NRIP1,Adipose_Subcutaneous,20.7377
NRIP1,Cervix_Endocervix,18.8392
NRIP1,Breast_Mammary_Tissue,18.1527
NRIP1,Cervix_Ectocervix,18.033
NRIP1,Cells_Cultured_fibroblasts,17.1412
NRIP1,Vagina,16.2703
NRIP1,Fallopian_Tube,16.0465
NRIP1,Muscle_Skeletal,15.7295
NRIP1,Adipose_Visceral_Omentum,14.6025
NRIP1,Brain_Cerebellar_Hemisphere,13.6092
NRIP1,Uterus,13.1956
NRIP1,Ovary,12.8728
TMPRSS15,Small_Intestine_Terminal_Ileum_Mixed_Cell,1.99628
TMPRSS15,Small_Intestine_Terminal_Ileum,1.5136
TMPRSS15,Testis,0.533615
TMPRSS15,Pancreas_Islets,0.0812
TMPRSS15,Small_Intestine_Terminal_Ileum_Lymphoid_Aggregate,0.052447
TMPRSS15,Spleen,0.027514
TMPRSS15,Brain_Hypothalamus,0.02747
TMPRSS15,Brain_Nucleus_accumbens_basal_ganglia,0.02589
TMPRSS15,Pituitary,0.018871
TMPRSS15,Prostate,0.016127
TMPRSS15,Nerve_Tibial,0.012559
TMPRSS15,Brain_Caudate_basal_ganglia,0.01199
APP,Brain_Frontal_Cortex_BA9,534.427
APP,Thyroid,504.157
APP,Brain_Spinal_cord_cervical_c-1,478.806
APP,Artery_Aorta,469.52
APP,Brain_Cerebellar_Hemisphere,433.576
APP,Cells_Cultured_fibroblasts,401.122
APP,Kidney_Medulla,390.328
APP,Brain_Nucleus_accumbens_basal_ganglia,357.415
APP,Artery_Tibial,349.129
APP,Adrenal_Gland,345.542
APP,Bladder,341.347
APP,Nerve_Tibial,331.729
ADAMTS5,Adipose_Subcutaneous,32.5906
ADAMTS5,Cells_Cultured_fibroblasts,29.3049
ADAMTS5,Ovary,23.928
ADAMTS5,Uterus,21.7611
ADAMTS5,Breast_Mammary_Tissue,20.2523
ADAMTS5,Adipose_Visceral_Omentum,14.8716
ADAMTS5,Cervix_Endocervix,13.3801
ADAMTS5,Fallopian_Tube,10.7818
ADAMTS5,Thyroid,10.7498
ADAMTS5,Spleen,9.53558
ADAMTS5,Esophagus_Gastroesophageal_Junction,9.10433
ADAMTS5,Esophagus_Muscularis,8.06329
GRIK1,Brain_Hypothalamus,5.90756
GRIK1,Brain_Anterior_cingulate_cortex_BA24,4.65283
GRIK1,Brain_Cerebellum,4.3688
GRIK1,Brain_Frontal_Cortex_BA9,3.99006
GRIK1,Brain_Amygdala,3.63961
GRIK1,Brain_Cortex,3.58769
GRIK1,Brain_Hippocampus,3.24117
GRIK1,Brain_Substantia_nigra,2.18898
GRIK1,Brain_Cerebellar_Hemisphere,1.7845
GRIK1,Brain_Caudate_basal_ganglia,1.56829
GRIK1,Brain_Spinal_cord_cervical_c-1,1.49515
GRIK1,Brain_Putamen_basal_ganglia,1.47134
GART,Cells_EBV-transformed_lymphocytes,67.5996
GART,Cells_Cultured_fibroblasts,67.3307
GART,Testis,33.4893
GART,Adipose_Subcutaneous,25.5747
GART,Adipose_Visceral_Omentum,25.199
GART,Breast_Mammary_Tissue,24.7822
GART,Nerve_Tibial,24.1659
GART,Esophagus_Mucosa,23.9294
GART,Cervix_Endocervix,23.9138
GART,Uterus,23.8647
GART,Fallopian_Tube,23.6954
GART,Small_Intestine_Terminal_Ileum_Lymphoid_Aggregate,23.5918
CBR1,Brain_Spinal_cord_cervical_c-1,135.786
CBR1,Small_Intestine_Terminal_Ileum_Mixed_Cell,131.523
CBR1,Esophagus_Mucosa,114.103
CBR1,Stomach_Mixed_Cell,91.1162
CBR1,Kidney_Medulla,84.4888
CBR1,Skin_Sun_Exposed_Lower_leg,84.4335
CBR1,Skin_Not_Sun_Exposed_Suprapubic,82.1145
CBR1,Brain_Substantia_nigra,79.8473
CBR1,Brain_Putamen_basal_ganglia,78.5023
CBR1,Small_Intestine_Terminal_Ileum,75.9113
CBR1,Stomach_Mucosa,75.6141
CBR1,Liver_Mixed_Cell,73.9813
DYRK1A,Uterus,18.9683
DYRK1A,Cervix_Endocervix,17.5464
DYRK1A,Thyroid,17.2461
DYRK1A,Ovary,16.6104
DYRK1A,Artery_Tibial,16.5577
DYRK1A,Small_Intestine_Terminal_Ileum_Lymphoid_Aggregate,15.9318
DYRK1A,Fallopian_Tube,15.1323
DYRK1A,Brain_Cerebellar_Hemisphere,14.936
DYRK1A,Lung,14.3282
DYRK1A,Spleen,14.2926
DYRK1A,Testis,14.1657
DYRK1A,Nerve_Tibial,14.0108
TMPRSS2,Colon_Transverse_Mucosa,184.922
TMPRSS2,Prostate,169.182
TMPRSS2,Colon_Transverse_Mixed_Cell,165.203
TMPRSS2,Stomach_Mucosa,139.462
TMPRSS2,Stomach_Mixed_Cell,128.546
TMPRSS2,Stomach,98.6483
TMPRSS2,Small_Intestine_Terminal_Ileum_Mixed_Cell,86.939
TMPRSS2,Colon_Transverse,56.0726
TMPRSS2,Pancreas_Acini,46.9551
TMPRSS2,Pancreas_Mixed_Cell,43.3295
TMPRSS2,Pancreas,41.8473
TMPRSS2,Lung,40.0564
PDE9A,Colon_Transverse_Mucosa,109.462
PDE9A,Colon_Transverse_Mixed_Cell,108.414
PDE9A,Colon_Sigmoid,95.1232
PDE9A,Colon_Transverse_Muscularis,83.3522
PDE9A,Colon_Transverse,78.7608
PDE9A,Small_Intestine_Terminal_Ileum_Mixed_Cell,71.0396
PDE9A,Prostate,56.8719
PDE9A,Small_Intestine_Terminal_Ileum,52.2735
PDE9A,Nerve_Tibial,49.4696
PDE9A,Stomach_Muscularis,35.0087
PDE9A,Esophagus_Muscularis,33.3281
PDE9A,Kidney_Medulla,32.1937
CBS,Liver,9.26371
CBS,Brain_Cerebellum,7.16436
CBS,Pancreas_Acini,6.92837
CBS,Nerve_Tibial,6.53398
CBS,Liver_Mixed_Cell,6.10032
CBS,Brain_Cerebellar_Hemisphere,5.89436
CBS,Pancreas_Mixed_Cell,5.28975
CBS,Pancreas,5.27932
CBS,Thyroid,4.58532
CBS,Liver_Hepatocyte,4.53914
CBS,Cells_Cultured_fibroblasts,4.48595
CBS,Ovary,4.18829
CRYAA,Kidney_Cortex,3.09964
CRYAA,Liver,0.631653
CRYAA,Liver_Mixed_Cell,0.500875
CRYAA,Kidney_Medulla,0.261114
CRYAA,Liver_Hepatocyte,0.19492
CRYAA,Liver_Portal_Tract,0.021784
CRYAA,Colon_Transverse_Mucosa,0.009005
TRPM2,Brain_Cerebellum,20.4129
TRPM2,Brain_Cerebellar_Hemisphere,20.2694
TRPM2,Whole_Blood,19.6849
TRPM2,Small_Intestine_Terminal_Ileum_Lymphoid_Aggregate,18.6352
TRPM2,Brain_Cortex,17.9033
TRPM2,Brain_Frontal_Cortex_BA9,17.7036
TRPM2,Brain_Nucleus_accumbens_basal_ganglia,17.4512
TRPM2,Spleen,16.3177
TRPM2,Brain_Caudate_basal_ganglia,15.1255
TRPM2,Brain_Putamen_basal_ganglia,11.6402
TRPM2,Brain_Anterior_cingulate_cortex_BA24,10.8176
TRPM2,Small_Intestine_Terminal_Ileum_Mixed_Cell,10.5503
SLC19A1,Whole_Blood,25.2778
SLC19A1,Lung,12.8401
SLC19A1,Spleen,11.9089
SLC19A1,Ovary,11.3813
SLC19A1,Nerve_Tibial,10.7783
SLC19A1,Thyroid,10.7181
SLC19A1,Cervix_Endocervix,10.116
SLC19A1,Cells_EBV-transformed_lymphocytes,9.38153
SLC19A1,Brain_Cerebellum,8.6566
SLC19A1,Brain_Cerebellar_Hemisphere,7.40306
SLC19A1,Cells_Cultured_fibroblasts,7.19512
SLC19A1,Artery_Tibial,6.89036
LSS,Brain_Spinal_cord_cervical_c-1,101.379
LSS,Ovary,90.3442
LSS,Pituitary,89.3551
LSS,Brain_Cerebellum,80.2214
LSS,Uterus,73.8958
LSS,Skin_Sun_Exposed_Lower_leg,72.6336
LSS,Adipose_Subcutaneous,69.3233
LSS,Brain_Cerebellar_Hemisphere,69.2838
LSS,Cells_EBV-transformed_lymphocytes,69.0478
LSS,Esophagus_Mucosa,68.5737
LSS,Artery_Aorta,68.1707
LSS,Skin_Not_Sun_Exposed_Suprapubic,68.0137
MAPK1,Brain_Nucleus_accumbens_basal_ganglia,123.089
MAPK1,Brain_Cerebellar_Hemisphere,107.455
MAPK1,Brain_Frontal_Cortex_BA9,91.4094
MAPK1,Brain_Caudate_basal_ganglia,82.4359
MAPK1,Artery_Aorta,79.9668
MAPK1,Nerve_Tibial,79.9236
MAPK1,Brain_Cerebellum,79.5142
MAPK1,Cells_Cultured_fibroblasts,77.9743
MAPK1,Brain_Anterior_cingulate_cortex_BA24,74.1407
MAPK1,Artery_Tibial,71.961
MAPK1,Whole_Blood,68.9297
MAPK1,Lung,64.9612
IGLV6-57,Spleen,278.969
IGLV6-57,Colon_Transverse_Mucosa,173.882
IGLV6-57,Colon_Transverse_Mixed_Cell,162.841
IGLV6-57,Minor_Salivary_Gland,138.565
IGLV6-57,Liver_Portal_Tract,94.7575
IGLV6-57,Small_Intestine_Terminal_Ileum_Mixed_Cell,77.8281
IGLV6-57,Colon_Transverse,71.757
IGLV6-57,Stomach_Mixed_Cell,62.6389
IGLV6-57,Small_Intestine_Terminal_Ileum_Lymphoid_Aggregate,58.2968
IGLV6-57,Small_Intestine_Terminal_Ileum,51.4242
IGLV6-57,Stomach_Mucosa,42.4458
IGLV6-57,Lung,30.7347
MIF,Cells_EBV-transformed_lymphocytes,1.41698
MIF,Cells_Cultured_fibroblasts,0.931586
MIF,Pituitary,0.718217
MIF,Esophagus_Mucosa,0.589765
MIF,Adrenal_Gland,0.574652
MIF,Kidney_Medulla,0.541039
MIF,Cervix_Ectocervix,0.296539
ADORA2A,Brain_Nucleus_accumbens_basal_ganglia,47.8637
ADORA2A,Brain_Putamen_basal_ganglia,44.1835
ADORA2A,Brain_Caudate_basal_ganglia,43.3671
ADORA2A,Whole_Blood,39.5754
ADORA2A,Cells_EBV-transformed_lymphocytes,35.2133
ADORA2A,Kidney_Medulla,17.8084
ADORA2A,Small_Intestine_Terminal_Ileum_Lymphoid_Aggregate,15.4518
ADORA2A,Spleen,15.1643
ADORA2A,Lung,14.9851
ADORA2A,Pancreas_Islets,11.2001
ADORA2A,Liver_Portal_Tract,10.5158
ADORA2A,Brain_Cerebellum,10.1312
GGT1,Kidney_Cortex,40.5484
GGT1,Kidney_Medulla,21.5984
GGT1,Small_Intestine_Terminal_Ileum_Mixed_Cell,20.7386
GGT1,Liver,20.6878
GGT1,Whole_Blood,18.6569
GGT1,Liver_Portal_Tract,18.5916
GGT1,Lung,17.9242
GGT1,Prostate,16.6576
GGT1,Small_Intestine_Terminal_Ileum,16.2379
GGT1,Pancreas_Mixed_Cell,16.0514
GGT1,Pancreas_Acini,16.0446
GGT1,Cells_EBV-transformed_lymphocytes,15.5634
CHEK2,Cells_EBV-transformed_lymphocytes,14.2702
CHEK2,Cells_Cultured_fibroblasts,14.0925
CHEK2,Nerve_Tibial,13.8653
CHEK2,Small_Intestine_Terminal_Ileum_Lymphoid_Aggregate,10.5807
CHEK2,Ovary,8.67595
CHEK2,Small_Intestine_Terminal_Ileum_Mixed_Cell,7.81788
CHEK2,Spleen,7.77961
CHEK2,Testis,7.37045
CHEK2,Vagina,6.51163
CHEK2,Esophagus_Mucosa,6.33142
CHEK2,Cervix_Endocervix,6.15481
CHEK2,Cervix_Ectocervix,5.85804
XBP1,Pancreas_Acini,806.406
XBP1,Minor_Salivary_Gland,778.511
XBP1,Pancreas_Mixed_Cell,751.869
XBP1,Pancreas,669.541
XBP1,Liver_Hepatocyte,661.908
XBP1,Liver_Mixed_Cell,640.439
XBP1,Liver_Portal_Tract,547.891
XBP1,Stomach_Mucosa,512.497
XBP1,Stomach_Mixed_Cell,463.205
XBP1,Pancreas_Islets,413.741
XBP1,Breast_Mammary_Tissue,347.882
XBP1,Prostate,327.625
OSBP2,Testis,38.3297
OSBP2,Brain_Cerebellum,25.516
OSBP2,Brain_Cerebellar_Hemisphere,23.6932
OSBP2,Pituitary,21.2323
OSBP2,Whole_Blood,16.4923
OSBP2,Brain_Cortex,11.8855
OSBP2,Brain_Frontal_Cortex_BA9,11.0899
OSBP2,Adrenal_Gland,10.6813
OSBP2,Brain_Nucleus_accumbens_basal_ganglia,9.25791
OSBP2,Brain_Caudate_basal_ganglia,8.73957
OSBP2,Brain_Putamen_basal_ganglia,7.80451
OSBP2,Brain_Spinal_cord_cervical_c-1,7.17271
LIMK2,Whole_Blood,182.502
LIMK2,Small_Intestine_Terminal_Ileum_Lymphoid_Aggregate,78.2084
LIMK2,Skin_Sun_Exposed_Lower_leg,77.4109
LIMK2,Skin_Not_Sun_Exposed_Suprapubic,75.3693
LIMK2,Esophagus_Mucosa,67.4656
LIMK2,Thyroid,66.7705
LIMK2,Lung,61.1386
LIMK2,Vagina,59.0611
LIMK2,Spleen,55.6106
LIMK2,Minor_Salivary_Gland,55.4408
LIMK2,Colon_Transverse_Mucosa,54.6895
LIMK2,Prostate,51.8544
SLC5A1,Small_Intestine_Terminal_Ileum_Mixed_Cell,150.074
SLC5A1,Small_Intestine_Terminal_Ileum,109.317
SLC5A1,Liver_Portal_Tract,58.0157
SLC5A1,Heart_Left_Ventricle,47.7898
SLC5A1,Minor_Salivary_Gland,25.3337
SLC5A1,Heart_Atrial_Appendage,24.2939
SLC5A1,Skin_Sun_Exposed_Lower_leg,24.2129
SLC5A1,Skin_Not_Sun_Exposed_Suprapubic,23.9808
SLC5A1,Colon_Transverse_Mixed_Cell,19.5438
SLC5A1,Colon_Transverse_Mucosa,18.3817
SLC5A1,Pancreas_Islets,12.5423
SLC5A1,Vagina,9.8283
SLC5A4,Pancreas_Islets,11.7255
SLC5A4,Uterus,3.01267
SLC5A4,Thyroid,2.67608
SLC5A4,Lung,2.6707
SLC5A4,Cervix_Endocervix,2.51119
SLC5A4,Fallopian_Tube,2.32889
SLC5A4,Cervix_Ectocervix,1.80126
SLC5A4,Breast_Mammary_Tissue,1.63966
SLC5A4,Vagina,1.34397
SLC5A4,Testis,1.33854
SLC5A4,Small_Intestine_Terminal_Ileum,1.33552
SLC5A4,Adipose_Subcutaneous,1.29034
LARGE1,Colon_Sigmoid,18.9723
LARGE1,Uterus,17.2318
LARGE1,Bladder,15.4439
LARGE1,Heart_Left_Ventricle,14.5579
LARGE1,Colon_Transverse_Muscularis,14.114
LARGE1,Ovary,13.3879
LARGE1,Fallopian_Tube,12.6476
LARGE1,Artery_Tibial,12.4327
LARGE1,Cervix_Endocervix,11.9541
LARGE1,Brain_Frontal_Cortex_BA9,11.2823
LARGE1,Brain_Cortex,11.264
LARGE1,Muscle_Skeletal,11.1455
MB,Muscle_Skeletal,9108.0
MB,Heart_Left_Ventricle,5029.44
MB,Heart_Atrial_Appendage,4081.85
MB,Minor_Salivary_Gland,22.7526
MB,Prostate,9.67125
MB,Colon_Transverse_Mixed_Cell,7.7548
MB,Pituitary,7.49971
MB,Colon_Transverse_Mucosa,7.02197
MB,Skin_Sun_Exposed_Lower_leg,5.79285
MB,Breast_Mammary_Tissue,5.59426
MB,Colon_Transverse,5.39256
MB,Skin_Not_Sun_Exposed_Suprapubic,4.92768
TXN2,Adrenal_Gland,219.224
TXN2,Cells_EBV-transformed_lymphocytes,184.667
TXN2,Cells_Cultured_fibroblasts,136.321
TXN2,Ovary,130.09
TXN2,Liver_Mixed_Cell,129.54
TXN2,Thyroid,124.847
TXN2,Liver_Hepatocyte,118.236
TXN2,Kidney_Medulla,118.211
TXN2,Stomach_Muscularis,117.611
TXN2,Small_Intestine_Terminal_Ileum_Mixed_Cell,117.172
TXN2,Colon_Transverse_Mixed_Cell,114.409
TXN2,Stomach_Mixed_Cell,110.014
TST,Colon_Transverse_Mixed_Cell,296.605
TST,Liver_Mixed_Cell,287.966
TST,Colon_Transverse_Mucosa,265.383
TST,Liver_Hepatocyte,224.054
TST,Liver,213.894
TST,Colon_Transverse,135.893
TST,Adrenal_Gland,127.733
TST,Liver_Portal_Tract,114.085
TST,Small_Intestine_Terminal_Ileum_Mixed_Cell,101.645
TST,Esophagus_Mucosa,83.6168
TST,Stomach_Mixed_Cell,77.0762
TST,Small_Intestine_Terminal_Ileum,68.8751
TMPRSS6,Liver,67.7456
TMPRSS6,Liver_Mixed_Cell,46.3806
TMPRSS6,Liver_Hepatocyte,37.9413
TMPRSS6,Pituitary,19.3207
TMPRSS6,Testis,11.1102
TMPRSS6,Liver_Portal_Tract,10.8231
TMPRSS6,Pancreas_Islets,5.40894
TMPRSS6,Brain_Nucleus_accumbens_basal_ganglia,4.36144
TMPRSS6,Brain_Caudate_basal_ganglia,3.27847
TMPRSS6,Brain_Putamen_basal_ganglia,2.67517
TMPRSS6,Skin_Sun_Exposed_Lower_leg,1.81425
TMPRSS6,Skin_Not_Sun_Exposed_Suprapubic,1.6763
LGALS1,Cells_Cultured_fibroblasts,4830.85
LGALS1,Uterus,1967.55
LGALS1,Artery_Aorta,1844.42
LGALS1,Cervix_Endocervix,1744.41
LGALS1,Nerve_Tibial,1588.97
LGALS1,Cervix_Ectocervix,1559.09
LGALS1,Fallopian_Tube,1469.92
LGALS1,Adipose_Subcutaneous,1382.16
LGALS1,Artery_Coronary,1375.54
LGALS1,Ovary,1231.82
LGALS1,Adipose_Visceral_Omentum,1156.34
LGALS1,Artery_Tibial,1156.28
GALR3,Brain_Cerebellum,0.996698
GALR3,Brain_Cerebellar_Hemisphere,0.923133
GALR3,Testis,0.836172
GALR3,Brain_Nucleus_accumbens_basal_ganglia,0.372904
GALR3,Pancreas_Acini,0.350107
GALR3,Brain_Hypothalamus,0.308212
GALR3,Brain_Frontal_Cortex_BA9,0.237099
GALR3,Pancreas_Mixed_Cell,0.235877
GALR3,Brain_Caudate_basal_ganglia,0.232669
GALR3,Brain_Cortex,0.219427
GALR3,Pancreas,0.193857
GALR3,Brain_Anterior_cingulate_cortex_BA24,0.186378
PLA2G6,Thyroid,80.3948
PLA2G6,Testis,59.8269
PLA2G6,Small_Intestine_Terminal_Ileum_Lymphoid_Aggregate,35.3744
PLA2G6,Ovary,35.1349
PLA2G6,Fallopian_Tube,34.8243
PLA2G6,Prostate,34.216
PLA2G6,Cervix_Endocervix,33.4903
PLA2G6,Uterus,29.5322
PLA2G6,Nerve_Tibial,27.2389
PLA2G6,Kidney_Medulla,26.7163
PLA2G6,Breast_Mammary_Tissue,24.7654
PLA2G6,Adipose_Subcutaneous,24.3876
CSNK1E,Ovary,105.258
CSNK1E,Nerve_Tibial,96.6838
CSNK1E,Uterus,96.6176
CSNK1E,Fallopian_Tube,86.8389
CSNK1E,Cervix_Endocervix,85.1439
CSNK1E,Lung,85.0092
CSNK1E,Cervix_Ectocervix,83.2407
CSNK1E,Skin_Sun_Exposed_Lower_leg,82.4737
CSNK1E,Vagina,81.9244
CSNK1E,Breast_Mammary_Tissue,76.1659
CSNK1E,Brain_Cerebellum,75.0793
CSNK1E,Adipose_Subcutaneous,74.0501
APOBEC3A,Whole_Blood,205.875
APOBEC3A,Spleen,42.129
APOBEC3A,Lung,12.4575
APOBEC3A,Liver_Portal_Tract,5.03947
APOBEC3A,Vagina,2.48161
APOBEC3A,Adipose_Visceral_Omentum,1.56875
APOBEC3A,Esophagus_Mucosa,1.3339
APOBEC3A,Stomach_Muscularis,1.18182
APOBEC3A,Colon_Transverse_Mixed_Cell,1.06826
APOBEC3A,Colon_Transverse_Muscularis,0.925435
APOBEC3A,Thyroid,0.829332
APOBEC3A,Colon_Transverse_Mucosa,0.786605
APOBEC3G,Cells_EBV-transformed_lymphocytes,151.554
APOBEC3G,Small_Intestine_Terminal_Ileum_Lymphoid_Aggregate,55.8998
APOBEC3G,Spleen,49.7667
APOBEC3G,Whole_Blood,38.937
APOBEC3G,Testis,37.5518
APOBEC3G,Ovary,26.7701
APOBEC3G,Liver_Portal_Tract,24.5778
APOBEC3G,Small_Intestine_Terminal_Ileum_Mixed_Cell,21.1965
APOBEC3G,Fallopian_Tube,19.2464
APOBEC3G,Cervix_Endocervix,17.0065
APOBEC3G,Uterus,16.0687
APOBEC3G,Cervix_Ectocervix,14.826
MCHR1,Brain_Frontal_Cortex_BA9,10.7894
MCHR1,Brain_Cortex,8.79785
MCHR1,Brain_Anterior_cingulate_cortex_BA24,6.0431
MCHR1,Ovary,6.0349
MCHR1,Brain_Hypothalamus,4.90153
MCHR1,Uterus,3.82613
MCHR1,Pituitary,3.59847
MCHR1,Brain_Amygdala,2.12534
MCHR1,Heart_Atrial_Appendage,1.89863
MCHR1,Brain_Hippocampus,1.84112
MCHR1,Brain_Cerebellum,1.42105
MCHR1,Liver_Mixed_Cell,1.38071
EP300,Testis,50.356
EP300,Brain_Cerebellum,49.048
EP300,Uterus,47.561
EP300,Ovary,46.5378
EP300,Cervix_Endocervix,45.2693
EP300,Nerve_Tibial,43.3729
EP300,Thyroid,43.3507
EP300,Artery_Tibial,42.7929
EP300,Fallopian_Tube,42.3609
EP300,Cells_EBV-transformed_lymphocytes,41.6345
EP300,Brain_Cerebellar_Hemisphere,39.6478
EP300,Skin_Sun_Exposed_Lower_leg,39.4548
SREBF2,Cells_EBV-transformed_lymphocytes,172.752
SREBF2,Brain_Cerebellum,161.701
SREBF2,Brain_Cerebellar_Hemisphere,147.474
SREBF2,Nerve_Tibial,139.35
SREBF2,Esophagus_Mucosa,114.011
SREBF2,Adrenal_Gland,111.602
SREBF2,Brain_Cortex,108.142
SREBF2,Brain_Frontal_Cortex_BA9,107.882
SREBF2,Skin_Sun_Exposed_Lower_leg,92.6449
SREBF2,Skin_Not_Sun_Exposed_Suprapubic,92.4532
SREBF2,Brain_Anterior_cingulate_cortex_BA24,88.3551
SREBF2,Liver_Portal_Tract,87.3482
CYP2D6,Liver,228.565
CYP2D6,Liver_Mixed_Cell,210.522
CYP2D6,Liver_Hepatocyte,206.103
CYP2D6,Liver_Portal_Tract,40.3025
CYP2D6,Small_Intestine_Terminal_Ileum_Mixed_Cell,12.4134
CYP2D6,Small_Intestine_Terminal_Ileum,10.1665
CYP2D6,Thyroid,9.9946
CYP2D6,Pituitary,9.1207
CYP2D6,Brain_Cerebellum,9.10352
CYP2D6,Small_Intestine_Terminal_Ileum_Lymphoid_Aggregate,8.86519
CYP2D6,Testis,8.28063
CYP2D6,Brain_Cerebellar_Hemisphere,6.52134
TSPO,Whole_Blood,910.448
TSPO,Esophagus_Mucosa,658.547
TSPO,Cells_Cultured_fibroblasts,520.843
TSPO,Vagina,470.536
TSPO,Skin_Sun_Exposed_Lower_leg,435.935
TSPO,Skin_Not_Sun_Exposed_Suprapubic,406.444
TSPO,Cervix_Ectocervix,366.251
TSPO,Colon_Transverse_Mixed_Cell,304.473
TSPO,Artery_Aorta,294.002
TSPO,Artery_Coronary,258.122
TSPO,Lung,256.046
TSPO,Adipose_Visceral_Omentum,243.455
PPARA,Liver_Hepatocyte,24.2255
PPARA,Liver,22.3851
PPARA,Liver_Mixed_Cell,18.5343
PPARA,Kidney_Medulla,15.9385
PPARA,Colon_Transverse_Mucosa,13.7774
PPARA,Muscle_Skeletal,12.9146
PPARA,Small_Intestine_Terminal_Ileum,12.4746
PPARA,Ovary,12.38
PPARA,Colon_Transverse_Mixed_Cell,12.3628
PPARA,Artery_Tibial,11.9018
PPARA,Small_Intestine_Terminal_Ileum_Mixed_Cell,11.6428
PPARA,Kidney_Cortex,10.7639
PIM3,Stomach_Mucosa,262.999
PIM3,Liver_Portal_Tract,253.025
PIM3,Lung,251.514
PIM3,Stomach_Mixed_Cell,246.671
PIM3,Skin_Sun_Exposed_Lower_leg,236.249
PIM3,Skin_Not_Sun_Exposed_Suprapubic,215.198
PIM3,Prostate,193.07
PIM3,Adipose_Subcutaneous,177.629
PIM3,Breast_Mammary_Tissue,173.217
PIM3,Spleen,171.973
PIM3,Minor_Salivary_Gland,170.888
PIM3,Adipose_Visceral_Omentum,170.756
MAPK12,Muscle_Skeletal,91.0698
MAPK12,Brain_Cerebellum,39.7963
MAPK12,Brain_Cerebellar_Hemisphere,32.6299
MAPK12,Pituitary,29.6558
MAPK12,Uterus,26.5874
MAPK12,Cervix_Endocervix,20.7534
MAPK12,Fallopian_Tube,20.4525
MAPK12,Ovary,19.2197
MAPK12,Cells_Cultured_fibroblasts,18.2118
MAPK12,Cells_EBV-transformed_lymphocytes,15.9192
MAPK12,Brain_Cortex,14.9195
MAPK12,Prostate,13.3514
TYMP,Whole_Blood,452.076
TYMP,Lung,259.446
TYMP,Spleen,214.442
TYMP,Adipose_Subcutaneous,133.105
TYMP,Liver_Portal_Tract,127.155
TYMP,Adipose_Visceral_Omentum,111.776
TYMP,Cells_EBV-transformed_lymphocytes,103.87
TYMP,Liver_Mixed_Cell,103.808
TYMP,Breast_Mammary_Tissue,94.7243
TYMP,Minor_Salivary_Gland,93.8832
TYMP,Thyroid,90.2077
TYMP,Small_Intestine_Terminal_Ileum_Lymphoid_Aggregate,88.3597
CPT1B,Testis,193.516
CPT1B,Small_Intestine_Terminal_Ileum_Lymphoid_Aggregate,156.576
CPT1B,Heart_Left_Ventricle,147.734
CPT1B,Heart_Atrial_Appendage,132.253
CPT1B,Muscle_Skeletal,106.173
CPT1B,Brain_Cerebellum,101.089
CPT1B,Brain_Cerebellar_Hemisphere,85.9636
CPT1B,Thyroid,76.6704
CPT1B,Spleen,61.9675
CPT1B,Cells_EBV-transformed_lymphocytes,55.4443
CPT1B,Pituitary,55.0786
CPT1B,Small_Intestine_Terminal_Ileum_Mixed_Cell,51.7984
ACR,Testis,159.778
ACR,Spleen,4.77445
ACR,Adipose_Subcutaneous,4.44035
ACR,Lung,3.59462
ACR,Breast_Mammary_Tissue,3.41517
ACR,Uterus,2.50748
ACR,Fallopian_Tube,2.17927
ACR,Nerve_Tibial,2.07536
ACR,Adipose_Visceral_Omentum,1.75827
ACR,Cervix_Endocervix,1.55522
ACR,Skin_Sun_Exposed_Lower_leg,1.34518
ACR,Vagina,1.32713
PRKX,Thyroid,54.5336
PRKX,Cells_EBV-transformed_lymphocytes,26.223
PRKX,Vagina,25.0307
PRKX,Small_Intestine_Terminal_Ileum_Lymphoid_Aggregate,23.9221
PRKX,Nerve_Tibial,20.7329
PRKX,Kidney_Medulla,20.0063
PRKX,Esophagus_Mucosa,19.9807
PRKX,Spleen,18.1943
PRKX,Lung,18.0345
PRKX,Liver_Portal_Tract,16.8143
PRKX,Cervix_Ectocervix,16.6468
PRKX,Skin_Not_Sun_Exposed_Suprapubic,14.6909
STS,Artery_Tibial,14.7474
STS,Cells_Cultured_fibroblasts,10.3412
STS,Artery_Coronary,9.44151
STS,Adipose_Subcutaneous,9.35789
STS,Cells_EBV-transformed_lymphocytes,8.52635
STS,Artery_Aorta,7.85839
STS,Brain_Frontal_Cortex_BA9,7.61238
STS,Lung,6.89604
STS,Adipose_Visceral_Omentum,6.54468
STS,Nerve_Tibial,6.26477
STS,Breast_Mammary_Tissue,6.05879
STS,Liver_Portal_Tract,5.127
TLR7,Cells_EBV-transformed_lymphocytes,44.562
TLR7,Small_Intestine_Terminal_Ileum_Lymphoid_Aggregate,5.64727
TLR7,Liver_Portal_Tract,3.12758
TLR7,Spleen,2.49978
TLR7,Small_Intestine_Terminal_Ileum_Mixed_Cell,2.45587
TLR7,Brain_Spinal_cord_cervical_c-1,2.15978
TLR7,Whole_Blood,1.28844
TLR7,Small_Intestine_Terminal_Ileum,1.23006
TLR7,Brain_Substantia_nigra,1.1285
TLR7,Lung,0.890068
TLR7,Colon_Transverse_Mixed_Cell,0.817697
TLR7,Nerve_Tibial,0.746131
TLR8,Whole_Blood,61.592
TLR8,Spleen,18.4289
TLR8,Lung,5.19567
TLR8,Liver_Portal_Tract,3.02742
TLR8,Small_Intestine_Terminal_Ileum_Mixed_Cell,1.82527
TLR8,Adipose_Subcutaneous,1.67726
TLR8,Adipose_Visceral_Omentum,1.46338
TLR8,Colon_Transverse_Mixed_Cell,1.33245
TLR8,Small_Intestine_Terminal_Ileum,1.31134
TLR8,Small_Intestine_Terminal_Ileum_Lymphoid_Aggregate,1.30125
TLR8,Artery_Coronary,1.2064
TLR8,Artery_Aorta,0.940154
ACE2,Small_Intestine_Terminal_Ileum_Mixed_Cell,26.9499
ACE2,Testis,20.9265
ACE2,Small_Intestine_Terminal_Ileum,15.7894
ACE2,Liver_Portal_Tract,7.31139
ACE2,Colon_Transverse_Mucosa,6.15633
ACE2,Colon_Transverse_Mixed_Cell,5.40876
ACE2,Adipose_Visceral_Omentum,4.75425
ACE2,Kidney_Cortex,4.34401
ACE2,Pancreas_Islets,4.05858
ACE2,Heart_Left_Ventricle,3.96052
ACE2,Thyroid,3.43995
ACE2,Heart_Atrial_Appendage,2.89098
CA5B,Artery_Aorta,15.2585
CA5B,Testis,12.1778
CA5B,Artery_Tibial,12.1623
CA5B,Artery_Coronary,10.7599
CA5B,Cervix_Endocervix,10.1312
CA5B,Ovary,9.3269
CA5B,Cervix_Ectocervix,8.56474
CA5B,Vagina,7.50878
CA5B,Nerve_Tibial,7.37575
CA5B,Uterus,7.26321
CA5B,Adipose_Subcutaneous,6.70104
CA5B,Fallopian_Tube,6.35263
RPS6KA3,Lung,35.3315
RPS6KA3,Small_Intestine_Terminal_Ileum_Lymphoid_Aggregate,35.3092
RPS6KA3,Muscle_Skeletal,29.4984
RPS6KA3,Liver_Portal_Tract,28.5687
RPS6KA3,Small_Intestine_Terminal_Ileum,27.5418
RPS6KA3,Cells_Cultured_fibroblasts,25.7194
RPS6KA3,Small_Intestine_Terminal_Ileum_Mixed_Cell,24.8264
RPS6KA3,Adipose_Visceral_Omentum,24.3908
RPS6KA3,Fallopian_Tube,24.3457
RPS6KA3,Spleen,24.1447
RPS6KA3,Cells_EBV-transformed_lymphocytes,23.4646
RPS6KA3,Adipose_Subcutaneous,22.8518
PDK3,Artery_Tibial,68.5916
PDK3,Artery_Aorta,42.3104
PDK3,Artery_Coronary,27.4867
PDK3,Colon_Transverse_Muscularis,22.8412
PDK3,Stomach_Muscularis,19.8459
PDK3,Colon_Sigmoid,18.7345
PDK3,Cells_EBV-transformed_lymphocytes,17.9712
PDK3,Fallopian_Tube,17.0445
PDK3,Esophagus_Muscularis,14.9351
PDK3,Esophagus_Gastroesophageal_Junction,13.8719
PDK3,Small_Intestine_Terminal_Ileum_Lymphoid_Aggregate,13.7832
PDK3,Skin_Sun_Exposed_Lower_leg,13.7466
POLA1,Cells_EBV-transformed_lymphocytes,13.6799
POLA1,Nerve_Tibial,6.91749
POLA1,Ovary,5.61847
POLA1,Cervix_Endocervix,5.39112
POLA1,Uterus,5.25559
POLA1,Artery_Tibial,5.10531
POLA1,Fallopian_Tube,5.10476
POLA1,Cells_Cultured_fibroblasts,4.79964
POLA1,Cervix_Ectocervix,4.72539
POLA1,Vagina,4.4522
POLA1,Bladder,4.41634
POLA1,Colon_Sigmoid,4.1585
NR0B1,Adrenal_Gland,48.921
NR0B1,Testis,44.6818
NR0B1,Pancreas_Islets,36.8929
NR0B1,Ovary,5.95226
NR0B1,Pituitary,4.06246
NR0B1,Cervix_Ectocervix,3.37676
NR0B1,Cervix_Endocervix,1.87384
NR0B1,Vagina,1.67142
NR0B1,Brain_Hypothalamus,1.48235
NR0B1,Brain_Amygdala,1.47852
NR0B1,Brain_Hippocampus,1.17603
NR0B1,Brain_Substantia_nigra,1.03477
GPR34,Spleen,22.2964
GPR34,Liver_Portal_Tract,22.0729
GPR34,Small_Intestine_Terminal_Ileum_Lymphoid_Aggregate,21.1352
GPR34,Adipose_Subcutaneous,16.0695
GPR34,Artery_Coronary,15.0497
GPR34,Adipose_Visceral_Omentum,13.6726
GPR34,Small_Intestine_Terminal_Ileum_Mixed_Cell,13.6658
GPR34,Small_Intestine_Terminal_Ileum,12.0615
GPR34,Brain_Spinal_cord_cervical_c-1,11.4902
GPR34,Artery_Aorta,10.874
GPR34,Adrenal_Gland,10.4458
GPR34,Nerve_Tibial,9.38263
MAOA,Small_Intestine_Terminal_Ileum_Mixed_Cell,172.746
MAOA,Colon_Transverse_Mixed_Cell,148.453
MAOA,Small_Intestine_Terminal_Ileum,136.18
MAOA,Adipose_Subcutaneous,134.662
MAOA,Colon_Transverse_Mucosa,133.477
MAOA,Esophagus_Muscularis,132.223
MAOA,Artery_Tibial,117.8
MAOA,Thyroid,117.23
MAOA,Bladder,113.57
MAOA,Colon_Transverse,110.524
MAOA,Lung,103.81
MAOA,Esophagus_Gastroesophageal_Junction,103.098
MAOB,Ovary,255.783
MAOB,Uterus,243.843
MAOB,Fallopian_Tube,233.892
MAOB,Artery_Tibial,142.605
MAOB,Artery_Aorta,135.108
MAOB,Brain_Hypothalamus,128.582
MAOB,Liver_Mixed_Cell,117.845
MAOB,Artery_Coronary,109.331
MAOB,Esophagus_Gastroesophageal_Junction,102.031
MAOB,Liver,99.6861
MAOB,Brain_Nucleus_accumbens_basal_ganglia,98.3229
MAOB,Liver_Hepatocyte,94.4047
FUNDC1,Brain_Frontal_Cortex_BA9,44.6756
FUNDC1,Brain_Nucleus_accumbens_basal_ganglia,38.8627
FUNDC1,Brain_Cerebellar_Hemisphere,38.2705
FUNDC1,Brain_Hypothalamus,37.8971
FUNDC1,Pituitary,36.389
FUNDC1,Brain_Anterior_cingulate_cortex_BA24,35.8036
FUNDC1,Brain_Spinal_cord_cervical_c-1,31.9
FUNDC1,Brain_Caudate_basal_ganglia,31.5573
FUNDC1,Brain_Cerebellum,30.1117
FUNDC1,Brain_Cortex,29.9459
FUNDC1,Cells_EBV-transformed_lymphocytes,29.579
FUNDC1,Ovary,28.6197
KDM6A,Ovary,27.5066
KDM6A,Uterus,26.5829
KDM6A,Cervix_Endocervix,25.9296
KDM6A,Testis,24.7435
KDM6A,Vagina,23.5876
KDM6A,Cervix_Ectocervix,22.9276
KDM6A,Fallopian_Tube,22.1104
KDM6A,Skin_Sun_Exposed_Lower_leg,19.0386
KDM6A,Skin_Not_Sun_Exposed_Suprapubic,18.7844
KDM6A,Small_Intestine_Terminal_Ileum_Lymphoid_Aggregate,18.7065
KDM6A,Cells_EBV-transformed_lymphocytes,16.5303
KDM6A,Liver_Portal_Tract,16.2378
EBP,Liver_Mixed_Cell,164.967
EBP,Liver_Hepatocyte,157.322
EBP,Liver,138.167
EBP,Adrenal_Gland,122.872
EBP,Colon_Transverse_Mucosa,93.2737
EBP,Colon_Transverse_Mixed_Cell,90.4013
EBP,Esophagus_Mucosa,87.2269
EBP,Cells_EBV-transformed_lymphocytes,84.5336
EBP,Liver_Portal_Tract,79.2618
EBP,Small_Intestine_Terminal_Ileum_Mixed_Cell,61.9253
EBP,Vagina,57.1937
EBP,Cervix_Ectocervix,54.6752
HDAC6,Pituitary,92.2433
HDAC6,Brain_Cerebellum,79.491
HDAC6,Testis,78.182
HDAC6,Brain_Cerebellar_Hemisphere,70.6503
HDAC6,Uterus,70.4274
HDAC6,Ovary,69.975
HDAC6,Cervix_Endocervix,64.8631
HDAC6,Thyroid,59.9186
HDAC6,Fallopian_Tube,56.8882
HDAC6,Nerve_Tibial,53.2745
HDAC6,Small_Intestine_Terminal_Ileum_Lymphoid_Aggregate,51.2037
HDAC6,Cervix_Ectocervix,50.4389
PIM2,Cells_EBV-transformed_lymphocytes,400.528
PIM2,Spleen,212.897
PIM2,Small_Intestine_Terminal_Ileum_Lymphoid_Aggregate,196.079
PIM2,Whole_Blood,115.108
PIM2,Liver_Portal_Tract,83.1243
PIM2,Small_Intestine_Terminal_Ileum_Mixed_Cell,76.6642
PIM2,Colon_Transverse_Mucosa,54.5757
PIM2,Small_Intestine_Terminal_Ileum,47.2446
PIM2,Colon_Transverse_Mixed_Cell,39.0871
PIM2,Lung,38.7855
PIM2,Minor_Salivary_Gland,37.9876
PIM2,Colon_Transverse,27.4966
KDM5C,Ovary,80.2238
KDM5C,Uterus,79.9028
KDM5C,Cervix_Endocervix,77.1889
KDM5C,Fallopian_Tube,76.0192
KDM5C,Cervix_Ectocervix,66.7829
KDM5C,Vagina,64.9919
KDM5C,Brain_Cerebellum,64.1725
KDM5C,Brain_Cerebellar_Hemisphere,62.4116
KDM5C,Thyroid,54.7676
KDM5C,Pituitary,52.3607
KDM5C,Skin_Sun_Exposed_Lower_leg,51.4592
KDM5C,Lung,51.002
PHF8,Testis,57.0153
PHF8,Ovary,30.5194
PHF8,Small_Intestine_Terminal_Ileum_Lymphoid_Aggregate,28.7921
PHF8,Uterus,24.6854
PHF8,Cervix_Endocervix,24.6786
PHF8,Nerve_Tibial,23.2377
PHF8,Fallopian_Tube,23.19
PHF8,Prostate,22.9504
PHF8,Thyroid,21.6041
PHF8,Cells_EBV-transformed_lymphocytes,21.4145
PHF8,Bladder,21.3443
PHF8,Vagina,20.5235
AR,Cervix_Endocervix,49.1427
AR,Cervix_Ectocervix,31.4963
AR,Uterus,27.0062
AR,Fallopian_Tube,26.0337
AR,Vagina,23.0707
AR,Prostate,22.5762
AR,Ovary,17.7635
AR,Cells_Cultured_fibroblasts,15.4329
AR,Liver,15.3578
AR,Liver_Hepatocyte,14.2594
AR,Liver_Mixed_Cell,13.3361
AR,Artery_Aorta,13.3322
P2RY4,Skin_Not_Sun_Exposed_Suprapubic,1.20016
P2RY4,Skin_Sun_Exposed_Lower_leg,1.06786
P2RY4,Small_Intestine_Terminal_Ileum,0.899027
P2RY4,Small_Intestine_Terminal_Ileum_Mixed_Cell,0.781125
P2RY4,Nerve_Tibial,0.453212
P2RY4,Cervix_Ectocervix,0.424984
P2RY4,Thyroid,0.388936
P2RY4,Colon_Transverse_Mixed_Cell,0.367294
P2RY4,Minor_Salivary_Gland,0.359996
P2RY4,Colon_Transverse_Mucosa,0.343525
P2RY4,Vagina,0.341782
P2RY4,Cells_EBV-transformed_lymphocytes,0.307422
CXCR3,Cells_EBV-transformed_lymphocytes,20.4158
CXCR3,Small_Intestine_Terminal_Ileum_Lymphoid_Aggregate,12.3323
CXCR3,Spleen,12.0861
CXCR3,Liver_Portal_Tract,8.78862
CXCR3,Small_Intestine_Terminal_Ileum,7.84368
CXCR3,Small_Intestine_Terminal_Ileum_Mixed_Cell,7.27705
CXCR3,Whole_Blood,4.23865
CXCR3,Colon_Transverse_Mucosa,2.51764
CXCR3,Colon_Transverse_Mixed_Cell,2.26492
CXCR3,Colon_Transverse,1.97965
CXCR3,Lung,1.4418
CXCR3,Cervix_Ectocervix,1.32367
HDAC8,Brain_Cerebellar_Hemisphere,5.76432
HDAC8,Brain_Cerebellum,5.2531
HDAC8,Ovary,4.71737
HDAC8,Thyroid,4.54455
HDAC8,Cervix_Endocervix,4.46926
HDAC8,Pituitary,4.38223
HDAC8,Uterus,4.22583
HDAC8,Nerve_Tibial,3.97077
HDAC8,Prostate,3.85561
HDAC8,Vagina,3.84377
HDAC8,Fallopian_Tube,3.84086
HDAC8,Adrenal_Gland,3.75662
SLC16A2,Adrenal_Gland,52.2001
SLC16A2,Ovary,37.3048
SLC16A2,Liver_Mixed_Cell,36.7406
SLC16A2,Pituitary,35.6805
SLC16A2,Liver_Hepatocyte,35.2641
SLC16A2,Uterus,33.6606
SLC16A2,Fallopian_Tube,33.528
SLC16A2,Cervix_Endocervix,32.7987
SLC16A2,Liver,32.0692
SLC16A2,Thyroid,30.4667
SLC16A2,Cells_Cultured_fibroblasts,29.2548
SLC16A2,Nerve_Tibial,27.42
PGK1,Cells_EBV-transformed_lymphocytes,699.15
PGK1,Cells_Cultured_fibroblasts,411.949
PGK1,Whole_Blood,358.661
PGK1,Esophagus_Mucosa,175.253
PGK1,Esophagus_Muscularis,160.45
PGK1,Artery_Aorta,159.993
PGK1,Lung,151.162
PGK1,Vagina,149.816
PGK1,Muscle_Skeletal,148.439
PGK1,Spleen,142.04
PGK1,Adrenal_Gland,140.077
PGK1,Esophagus_Gastroesophageal_Junction,139.133
CYSLTR1,Esophagus_Muscularis,12.5434
CYSLTR1,Esophagus_Gastroesophageal_Junction,9.1134
CYSLTR1,Small_Intestine_Terminal_Ileum_Lymphoid_Aggregate,7.71777
CYSLTR1,Spleen,5.00721
CYSLTR1,Cells_EBV-transformed_lymphocytes,4.65911
CYSLTR1,Small_Intestine_Terminal_Ileum_Mixed_Cell,3.52035
CYSLTR1,Stomach_Muscularis,2.82009
CYSLTR1,Adipose_Subcutaneous,2.39323
CYSLTR1,Whole_Blood,2.08601
CYSLTR1,Adipose_Visceral_Omentum,2.06307
CYSLTR1,Small_Intestine_Terminal_Ileum,2.01947
CYSLTR1,Thyroid,1.82798
LPAR4,Ovary,3.50339
LPAR4,Stomach_Muscularis,1.79714
LPAR4,Esophagus_Gastroesophageal_Junction,1.45603
LPAR4,Cervix_Endocervix,1.23079
LPAR4,Fallopian_Tube,1.1432
LPAR4,Uterus,1.06631
LPAR4,Brain_Hippocampus,0.927483
LPAR4,Esophagus_Muscularis,0.916603
LPAR4,Adipose_Visceral_Omentum,0.821064
LPAR4,Brain_Amygdala,0.807597
LPAR4,Artery_Aorta,0.71219
LPAR4,Brain_Spinal_cord_cervical_c-1,0.658949
P2RY10,Cells_EBV-transformed_lymphocytes,88.8217
P2RY10,Small_Intestine_Terminal_Ileum_Lymphoid_Aggregate,58.7181
P2RY10,Small_Intestine_Terminal_Ileum_Mixed_Cell,23.2641
P2RY10,Spleen,18.1997
P2RY10,Liver_Portal_Tract,9.06825
P2RY10,Small_Intestine_Terminal_Ileum,6.0424
P2RY10,Whole_Blood,5.20321
P2RY10,Lung,2.99554
P2RY10,Colon_Transverse_Mucosa,1.66072
P2RY10,Colon_Transverse_Mixed_Cell,1.45022
P2RY10,Colon_Transverse,1.28134
P2RY10,Adipose_Visceral_Omentum,0.968621
GPR174,Small_Intestine_Terminal_Ileum_Lymphoid_Aggregate,20.611
GPR174,Cells_EBV-transformed_lymphocytes,16.2874
GPR174,Spleen,9.66152
GPR174,Liver_Portal_Tract,7.97675
GPR174,Small_Intestine_Terminal_Ileum_Mixed_Cell,5.80662
GPR174,Small_Intestine_Terminal_Ileum,3.50606
GPR174,Lung,3.14227
GPR174,Whole_Blood,2.04532
GPR174,Thyroid,1.12696
GPR174,Cervix_Ectocervix,0.898887
GPR174,Colon_Transverse_Mucosa,0.891449
GPR174,Colon_Transverse_Mixed_Cell,0.862893
NOX1,Colon_Transverse_Mucosa,66.1437
NOX1,Colon_Transverse_Mixed_Cell,49.5973
NOX1,Colon_Transverse,26.7459
NOX1,Small_Intestine_Terminal_Ileum_Mixed_Cell,3.52725
NOX1,Colon_Transverse_Muscularis,3.14756
NOX1,Small_Intestine_Terminal_Ileum,1.58861
NOX1,Skin_Sun_Exposed_Lower_leg,1.15016
NOX1,Liver_Portal_Tract,1.08307
NOX1,Brain_Cerebellar_Hemisphere,0.970711
NOX1,Skin_Not_Sun_Exposed_Suprapubic,0.874544
NOX1,Brain_Cerebellum,0.783563
NOX1,Small_Intestine_Terminal_Ileum_Lymphoid_Aggregate,0.677034
BTK,Cells_EBV-transformed_lymphocytes,111.868
BTK,Small_Intestine_Terminal_Ileum_Lymphoid_Aggregate,73.8943
BTK,Spleen,47.5093
BTK,Whole_Blood,36.4791
BTK,Small_Intestine_Terminal_Ileum_Mixed_Cell,23.4743
BTK,Lung,15.6836
BTK,Liver_Portal_Tract,9.35926
BTK,Small_Intestine_Terminal_Ileum,8.70871
BTK,Adipose_Subcutaneous,5.38175
BTK,Nerve_Tibial,4.26094
BTK,Adipose_Visceral_Omentum,4.23584
BTK,Brain_Spinal_cord_cervical_c-1,4.09635
GLA,Whole_Blood,37.7535
GLA,Lung,31.3094
GLA,Cells_EBV-transformed_lymphocytes,29.6522
GLA,Spleen,23.6409
GLA,Adrenal_Gland,22.3334
GLA,Fallopian_Tube,21.378
GLA,Adipose_Visceral_Omentum,20.275
GLA,Cervix_Endocervix,19.5147
GLA,Uterus,18.9002
GLA,Nerve_Tibial,18.7294
GLA,Small_Intestine_Terminal_Ileum_Mixed_Cell,18.7126
GLA,Cells_Cultured_fibroblasts,18.2677
PRPS1,Cells_EBV-transformed_lymphocytes,64.2808
PRPS1,Pancreas_Islets,49.1714
PRPS1,Cells_Cultured_fibroblasts,47.0322
PRPS1,Brain_Cerebellar_Hemisphere,46.2866
PRPS1,Small_Intestine_Terminal_Ileum_Lymphoid_Aggregate,42.3393
PRPS1,Thyroid,39.2396
PRPS1,Brain_Cerebellum,38.1292
PRPS1,Uterus,35.2547
PRPS1,Cervix_Endocervix,35.0057
PRPS1,Ovary,34.7902
PRPS1,Artery_Tibial,34.5325
PRPS1,Artery_Aorta,34.3896
TRPC5,Brain_Frontal_Cortex_BA9,1.68557
TRPC5,Brain_Hypothalamus,1.57785
TRPC5,Brain_Cortex,1.12423
TRPC5,Brain_Cerebellum,1.08954
TRPC5,Brain_Anterior_cingulate_cortex_BA24,1.02682
TRPC5,Brain_Cerebellar_Hemisphere,1.00569
TRPC5,Brain_Hippocampus,0.556641
TRPC5,Liver_Hepatocyte,0.428832
TRPC5,Liver_Mixed_Cell,0.422056
TRPC5,Brain_Amygdala,0.372128
TRPC5,Brain_Substantia_nigra,0.328724
TRPC5,Liver,0.268331
HTR2C,Brain_Nucleus_accumbens_basal_ganglia,34.3496
HTR2C,Brain_Hypothalamus,13.8185
HTR2C,Brain_Caudate_basal_ganglia,13.3555
HTR2C,Brain_Putamen_basal_ganglia,6.4246
HTR2C,Brain_Amygdala,2.40515
HTR2C,Brain_Anterior_cingulate_cortex_BA24,1.86072
HTR2C,Brain_Frontal_Cortex_BA9,1.38155
HTR2C,Brain_Hippocampus,1.36534
HTR2C,Brain_Substantia_nigra,1.34555
HTR2C,Brain_Cortex,0.746151
HTR2C,Brain_Spinal_cord_cervical_c-1,0.54573
HTR2C,Vagina,0.324539
AGTR2,Fallopian_Tube,2.5778
AGTR2,Lung,1.14057
AGTR2,Cervix_Endocervix,0.917878
AGTR2,Stomach_Muscularis,0.452706
AGTR2,Brain_Cerebellum,0.44685
AGTR2,Uterus,0.38835
AGTR2,Heart_Atrial_Appendage,0.192838
AGTR2,Artery_Aorta,0.161099
AGTR2,Colon_Sigmoid,0.160829
AGTR2,Adrenal_Gland,0.130138
AGTR2,Brain_Cerebellar_Hemisphere,0.112645
AGTR2,Colon_Transverse_Muscularis,0.109492
GRIA3,Brain_Frontal_Cortex_BA9,51.8589
GRIA3,Brain_Cortex,38.7574
GRIA3,Pancreas_Islets,32.5452
GRIA3,Brain_Nucleus_accumbens_basal_ganglia,31.0906
GRIA3,Brain_Anterior_cingulate_cortex_BA24,28.1655
GRIA3,Brain_Caudate_basal_ganglia,22.7414
GRIA3,Brain_Hippocampus,22.6844
GRIA3,Brain_Putamen_basal_ganglia,20.7202
GRIA3,Brain_Amygdala,15.6645
GRIA3,Brain_Spinal_cord_cervical_c-1,15.3993
GRIA3,Brain_Substantia_nigra,13.1905
GRIA3,Brain_Hypothalamus,11.7264
XIAP,Cells_Cultured_fibroblasts,18.3859
XIAP,Brain_Cerebellar_Hemisphere,18.3837
XIAP,Thyroid,16.8244
XIAP,Lung,16.5225
XIAP,Cells_EBV-transformed_lymphocytes,15.7234
XIAP,Uterus,15.3648
XIAP,Cervix_Endocervix,15.2848
XIAP,Nerve_Tibial,15.1506
XIAP,Pituitary,14.5818
XIAP,Artery_Tibial,14.4087
XIAP,Liver_Portal_Tract,14.2494
XIAP,Ovary,14.1039
GPR119,Pancreas_Islets,22.1046
GPR119,Pancreas_Mixed_Cell,0.381563
GPR119,Pancreas,0.27047
GPR119,Testis,0.182581
GPR119,Pancreas_Acini,0.136604
GPR119,Small_Intestine_Terminal_Ileum_Mixed_Cell,0.08318
GPR119,Small_Intestine_Terminal_Ileum,0.07133
GPR119,Colon_Transverse_Mixed_Cell,0.055328
GPR119,Stomach_Mixed_Cell,0.042248
GPR119,Colon_Transverse_Mucosa,0.041594
GPR119,Stomach_Mucosa,0.039017
GPR119,Stomach,0.031564
GPC3,Lung,182.635
GPC3,Adipose_Subcutaneous,130.758
GPC3,Nerve_Tibial,125.813
GPC3,Breast_Mammary_Tissue,83.756
GPC3,Kidney_Medulla,74.2634
GPC3,Adipose_Visceral_Omentum,65.1894
GPC3,Pituitary,59.6435
GPC3,Thyroid,35.4636
GPC3,Artery_Coronary,31.6929
GPC3,Liver_Portal_Tract,28.9913
GPC3,Bladder,23.1421
GPC3,Skin_Sun_Exposed_Lower_leg,21.0716
HPRT1,Cells_EBV-transformed_lymphocytes,136.543
HPRT1,Brain_Frontal_Cortex_BA9,119.68
HPRT1,Testis,119.536
HPRT1,Brain_Cerebellar_Hemisphere,78.183
HPRT1,Brain_Anterior_cingulate_cortex_BA24,73.4576
HPRT1,Cells_Cultured_fibroblasts,68.771
HPRT1,Brain_Hypothalamus,68.421
HPRT1,Brain_Cortex,61.5577
HPRT1,Pituitary,53.5686
HPRT1,Brain_Nucleus_accumbens_basal_ganglia,52.876
HPRT1,Brain_Cerebellum,51.473
HPRT1,Brain_Amygdala,41.2955
GABRA3,Brain_Frontal_Cortex_BA9,20.6779
GABRA3,Brain_Anterior_cingulate_cortex_BA24,15.3971
GABRA3,Brain_Hypothalamus,14.6256
GABRA3,Brain_Cortex,13.1401
GABRA3,Brain_Nucleus_accumbens_basal_ganglia,7.45354
GABRA3,Brain_Hippocampus,6.93168
GABRA3,Brain_Amygdala,5.88434
GABRA3,Brain_Substantia_nigra,3.01489
GABRA3,Brain_Caudate_basal_ganglia,2.13937
GABRA3,Brain_Cerebellum,1.91388
GABRA3,Brain_Cerebellar_Hemisphere,1.80141
GABRA3,Brain_Putamen_basal_ganglia,1.69492
SLC6A8,Colon_Sigmoid,88.6679
SLC6A8,Colon_Transverse_Muscularis,87.8113
SLC6A8,Brain_Cerebellum,79.4705
SLC6A8,Stomach_Muscularis,72.6234
SLC6A8,Muscle_Skeletal,69.4796
SLC6A8,Brain_Cerebellar_Hemisphere,68.8538
SLC6A8,Brain_Spinal_cord_cervical_c-1,65.2325
SLC6A8,Colon_Transverse_Mixed_Cell,60.7564
SLC6A8,Esophagus_Muscularis,58.4248
SLC6A8,Esophagus_Gastroesophageal_Junction,57.5213
SLC6A8,Heart_Left_Ventricle,57.4396
SLC6A8,Colon_Transverse,55.4651
AVPR2,Kidney_Medulla,16.7785
AVPR2,Adipose_Subcutaneous,14.6721
AVPR2,Breast_Mammary_Tissue,10.6435
AVPR2,Adipose_Visceral_Omentum,10.4996
AVPR2,Nerve_Tibial,6.5073
AVPR2,Uterus,6.14615
AVPR2,Fallopian_Tube,5.61455
AVPR2,Esophagus_Muscularis,4.94871
AVPR2,Esophagus_Gastroesophageal_Junction,4.75974
AVPR2,Cervix_Endocervix,4.63977
AVPR2,Cervix_Ectocervix,4.46264
AVPR2,Thyroid,4.09554
IRAK1,Cells_Cultured_fibroblasts,146.494
IRAK1,Small_Intestine_Terminal_Ileum_Lymphoid_Aggregate,116.571
IRAK1,Spleen,110.236
IRAK1,Liver_Portal_Tract,99.4144
IRAK1,Small_Intestine_Terminal_Ileum_Mixed_Cell,97.0436
IRAK1,Cells_EBV-transformed_lymphocytes,91.374
IRAK1,Lung,88.3482
IRAK1,Esophagus_Mucosa,81.892
IRAK1,Small_Intestine_Terminal_Ileum,73.9428
IRAK1,Prostate,73.4496
IRAK1,Adipose_Subcutaneous,71.7581
IRAK1,Whole_Blood,69.2404
G6PD,Whole_Blood,138.483
G6PD,Testis,112.325
G6PD,Cells_Cultured_fibroblasts,90.0185
G6PD,Pituitary,60.2632
G6PD,Thyroid,59.1761
G6PD,Artery_Aorta,58.5901
G6PD,Esophagus_Mucosa,56.4575
G6PD,Adrenal_Gland,55.2419
G6PD,Bladder,52.372
G6PD,Artery_Coronary,51.0214
G6PD,Spleen,49.71
G6PD,Lung,45.5123
KDM5D,Small_Intestine_Terminal_Ileum_Lymphoid_Aggregate,99.8482
KDM5D,Spleen,66.7676
KDM5D,Thyroid,53.2024
KDM5D,Prostate,49.9457
KDM5D,Adrenal_Gland,49.2262
KDM5D,Bladder,48.6451
KDM5D,Small_Intestine_Terminal_Ileum_Mixed_Cell,48.4205
KDM5D,Nerve_Tibial,47.4815
KDM5D,Esophagus_Gastroesophageal_Junction,46.6227
KDM5D,Small_Intestine_Terminal_Ileum,46.5055
KDM5D,Colon_Sigmoid,44.615
KDM5D,Artery_Aorta,43.18
MT-CYB,Heart_Left_Ventricle,46137.3
MT-CYB,Kidney_Cortex,45910.2
MT-CYB,Brain_Putamen_basal_ganglia,44813.7
MT-CYB,Brain_Caudate_basal_ganglia,41264.1
MT-CYB,Brain_Nucleus_accumbens_basal_ganglia,38307.3
MT-CYB,Heart_Atrial_Appendage,37886.0
MT-CYB,Kidney_Medulla,35324.3
MT-CYB,Brain_Hippocampus,33908.7
MT-CYB,Liver,33306.1
MT-CYB,Brain_Amygdala,32773.7
MT-CYB,Stomach_Mucosa,31739.9
MT-CYB,Brain_Cortex,31302.9
