compound_id,gene_symbol,evidence,confidence
KWIUHFFTVRNATP-UHFFFAOYSA-N,MTHFR,measured,1.0
AAOVKJBEBIDNHE-UHFFFAOYSA-N,CYP2C9,measured,1.0
AAOVKJBEBIDNHE-UHFFFAOYSA-N,ABCB1,measured,1.0
AAOVKJBEBIDNHE-UHFFFAOYSA-N,CYP2B6,measured,1.0
AAOVKJBEBIDNHE-UHFFFAOYSA-N,CYP2C19,measured,1.0
AAOVKJBEBIDNHE-UHFFFAOYSA-N,CYP2D6,measured,1.0
AAOVKJBEBIDNHE-UHFFFAOYSA-N,CYP3A4,measured,1.0
AAOVKJBEBIDNHE-UHFFFAOYSA-N,CYP3A5,measured,1.0
AAOVKJBEBIDNHE-UHFFFAOYSA-N,NAT2,measured,1.0
AAOVKJBEBIDNHE-UHFFFAOYSA-N,CYP1A2,measured,1.0
AAOVKJBEBIDNHE-UHFFFAOYSA-N,ABCG2,measured,1.0
ALLYVKRLOHDVKI-UHFFFAOYSA-N,CYP2C9,measured,1.0
ALLYVKRLOHDVKI-UHFFFAOYSA-N,ABCB1,measured,1.0
ALLYVKRLOHDVKI-UHFFFAOYSA-N,CYP2B6,measured,1.0
ALLYVKRLOHDVKI-UHFFFAOYSA-N,CYP2D6,measured,1.0
ALLYVKRLOHDVKI-UHFFFAOYSA-N,CYP1A1,measured,1.0
ALLYVKRLOHDVKI-UHFFFAOYSA-N,CYP2C19,measured,1.0
ALLYVKRLOHDVKI-UHFFFAOYSA-N,UGT2B7,measured,1.0
ALLYVKRLOHDVKI-UHFFFAOYSA-N,ABCC2,measured,1.0
ALLYVKRLOHDVKI-UHFFFAOYSA-N,CYP3A4,measured,1.0
ALLYVKRLOHDVKI-UHFFFAOYSA-N,CYP2C8,measured,1.0
ALLYVKRLOHDVKI-UHFFFAOYSA-N,CYP3A5,measured,1.0
ALLYVKRLOHDVKI-UHFFFAOYSA-N,CYP1A2,measured,1.0
LFQSCWFLJHTTHZ-UHFFFAOYSA-N,FUT2,measured,1.0
LFQSCWFLJHTTHZ-UHFFFAOYSA-N,CYP2D6,measured,1.0
LFQSCWFLJHTTHZ-UHFFFAOYSA-N,TAS2R16,measured,1.0
LFQSCWFLJHTTHZ-UHFFFAOYSA-N,CYP2E1,measured,1.0
LFQSCWFLJHTTHZ-UHFFFAOYSA-N,ALDH2,measured,1.0
LFQSCWFLJHTTHZ-UHFFFAOYSA-N,CYP1A2,measured,1.0
AEMFNILZOJDQLW-UHFFFAOYSA-N,CYP2C19,measured,1.0
QIVBCDIJIAJPQS-VIFPVBQESA-N,SLC22A2,measured,1.0
DHKHKXVYLBGOIT-UHFFFAOYSA-N,ALDH2,measured,1.0
AHMIDUVKSGCHAU-LURJTMIESA-N,CYP2C9,measured,1.0
AHMIDUVKSGCHAU-LURJTMIESA-N,CYP2B6,measured,1.0
AHMIDUVKSGCHAU-LURJTMIESA-N,CYP2D6,measured,1.0
AHMIDUVKSGCHAU-LURJTMIESA-N,CYP2C19,measured,1.0
AHMIDUVKSGCHAU-LURJTMIESA-N,APOE,measured,1.0
AHMIDUVKSGCHAU-LURJTMIESA-N,CYP3A4,measured,1.0
AHMIDUVKSGCHAU-LURJTMIESA-N,CYP3A5,measured,1.0
AHMIDUVKSGCHAU-LURJTMIESA-N,CYP2A6,measured,1.0
AHMIDUVKSGCHAU-LURJTMIESA-N,CYP1A2,measured,1.0
RYYVLZVUVIJVGH-UHFFFAOYSA-N,CYP1A1,measured,1.0
RYYVLZVUVIJVGH-UHFFFAOYSA-N,CYP2A6,measured,1.0
RYYVLZVUVIJVGH-UHFFFAOYSA-N,CYP2E1,measured,1.0
RYYVLZVUVIJVGH-UHFFFAOYSA-N,CYP3A4,measured,1.0
RYYVLZVUVIJVGH-UHFFFAOYSA-N,NAT2,measured,1.0
RYYVLZVUVIJVGH-UHFFFAOYSA-N,CYP1A2,measured,1.0
DCXYFEDJOCDNAF-REOHCLBHSA-N,ABCB1,measured,1.0
DCXYFEDJOCDNAF-REOHCLBHSA-N,CYP3A5,measured,1.0
AFSDNFLWKVMVRB-UHFFFAOYSA-N,SRC,measured,1.0
KZNIFHPLKGYRTM-UHFFFAOYSA-N,CSNK2A1,measured,1.0
PVNIIMVLHYAWGP-UHFFFAOYSA-N,HCAR2,measured,1.0
LUKBXSAWLPMMSZ-OWOJBTEDSA-N,ESR2,measured,1.0
FRASJONUBLZVQX-UHFFFAOYSA-N,IDO1,measured,1.0
KQPYUDDGWXQXHS-UHFFFAOYSA-N,IDO1,measured,1.0
FJKROLUGYXJWQN-UHFFFAOYSA-N,CA1,measured,1.0
ISWSIDIOOBJBQZ-UHFFFAOYSA-N,CA2,measured,1.0
ISWSIDIOOBJBQZ-UHFFFAOYSA-N,CA3,measured,1.0
ISWSIDIOOBJBQZ-UHFFFAOYSA-N,CA4,measured,1.0
FJKROLUGYXJWQN-UHFFFAOYSA-N,CA5A,measured,1.0
ISWSIDIOOBJBQZ-UHFFFAOYSA-N,CA9,measured,1.0
ISWSIDIOOBJBQZ-UHFFFAOYSA-N,CA12,measured,1.0
FJKROLUGYXJWQN-UHFFFAOYSA-N,CA12,measured,1.0
IKMDFBPHZNJCSN-UHFFFAOYSA-N,PIM1,measured,1.0
KZNIFHPLKGYRTM-UHFFFAOYSA-N,PIM1,measured,1.0
IYRMWMYZSQPJKC-UHFFFAOYSA-N,PIM1,measured,1.0
IIACRCGMVDHOTQ-UHFFFAOYSA-N,CA4,measured,1.0
LUKBXSAWLPMMSZ-OWOJBTEDSA-N,NQO2,measured,1.0
AFSDNFLWKVMVRB-UHFFFAOYSA-N,HSPA1A,measured,1.0
AFSDNFLWKVMVRB-UHFFFAOYSA-N,SMAD3,measured,1.0
LUKBXSAWLPMMSZ-OWOJBTEDSA-N,CYP1B1,measured,1.0
APJYDQYYACXCRM-UHFFFAOYSA-N,HTR1E,measured,1.0
APJYDQYYACXCRM-UHFFFAOYSA-N,HTR1B,measured,1.0
APJYDQYYACXCRM-UHFFFAOYSA-N,HTR1D,measured,1.0
VYFYYTLLBUKUHU-UHFFFAOYSA-N,DRD2,measured,1.0
AAOVKJBEBIDNHE-UHFFFAOYSA-N,GABRA1,measured,1.0
AAOVKJBEBIDNHE-UHFFFAOYSA-N,GABRA2,measured,1.0
AAOVKJBEBIDNHE-UHFFFAOYSA-N,GABRA3,measured,1.0
APJYDQYYACXCRM-UHFFFAOYSA-N,HTR1A,measured,1.0
APJYDQYYACXCRM-UHFFFAOYSA-N,HTR2A,measured,1.0
APJYDQYYACXCRM-UHFFFAOYSA-N,HTR7,measured,1.0
APJYDQYYACXCRM-UHFFFAOYSA-N,HTR6,measured,1.0
VYFYYTLLBUKUHU-UHFFFAOYSA-N,SLC6A3,measured,1.0
APJYDQYYACXCRM-UHFFFAOYSA-N,HTR1F,measured,1.0
APJYDQYYACXCRM-UHFFFAOYSA-N,HTR2C,measured,1.0
APJYDQYYACXCRM-UHFFFAOYSA-N,HTR2B,measured,1.0
IKMDFBPHZNJCSN-UHFFFAOYSA-N,MAPK14,measured,1.0
IKMDFBPHZNJCSN-UHFFFAOYSA-N,MAPK1,measured,1.0
IZQSVPBOUDKVDZ-UHFFFAOYSA-N,MAPK1,measured,1.0
KZNIFHPLKGYRTM-UHFFFAOYSA-N,MAPK1,measured,1.0
VYFYYTLLBUKUHU-UHFFFAOYSA-N,HTR1A,measured,1.0
VYFYYTLLBUKUHU-UHFFFAOYSA-N,SLC6A2,measured,1.0
VYFYYTLLBUKUHU-UHFFFAOYSA-N,TAAR1,measured,1.0
APJYDQYYACXCRM-UHFFFAOYSA-N,TAAR1,measured,1.0
AEMFNILZOJDQLW-QAGGRKNESA-N,BCHE,measured,1.0
LNTHITQWFMADLM-UHFFFAOYSA-N,FUT7,measured,1.0
FBSFWRHWHYMIOG-UHFFFAOYSA-N,FUT7,measured,1.0
FTVWIRXFELQLPI-ZDUSSCGKSA-N,CYP19A1,measured,1.0
IKMDFBPHZNJCSN-UHFFFAOYSA-N,HTT,measured,1.0
HEQOJEGTZCTHCF-UHFFFAOYSA-N,TAAR1,measured,1.0
KZNIFHPLKGYRTM-UHFFFAOYSA-N,TTR,measured,1.0
KZNIFHPLKGYRTM-UHFFFAOYSA-N,AURKB,measured,1.0
IZQSVPBOUDKVDZ-UHFFFAOYSA-N,AURKB,measured,1.0
IYRMWMYZSQPJKC-UHFFFAOYSA-N,AURKB,measured,1.0
IKMDFBPHZNJCSN-UHFFFAOYSA-N,AURKB,measured,1.0
BMZFZTMWBCFKSS-UHFFFAOYSA-N,ALOX5,measured,1.0
FRASJONUBLZVQX-UHFFFAOYSA-N,MAOA,measured,1.0
KQPYUDDGWXQXHS-UHFFFAOYSA-N,MAOA,measured,1.0
AAOVKJBEBIDNHE-UHFFFAOYSA-N,AKR1C2,measured,1.0
AFSDNFLWKVMVRB-UHFFFAOYSA-N,PTPN1,measured,1.0
JZRWCGZRTZMZEH-UHFFFAOYSA-N,CA1,measured,1.0
JZRWCGZRTZMZEH-UHFFFAOYSA-N,CA2,measured,1.0
JZRWCGZRTZMZEH-UHFFFAOYSA-N,CA6,measured,1.0
PFTAWBLQPZVEMU-DZGCQCFKSA-N,CA1,measured,1.0
KZNIFHPLKGYRTM-UHFFFAOYSA-N,CA1,measured,1.0
KZNIFHPLKGYRTM-UHFFFAOYSA-N,CA2,measured,1.0
PFTAWBLQPZVEMU-DZGCQCFKSA-N,CA4,measured,1.0
KZNIFHPLKGYRTM-UHFFFAOYSA-N,CA4,measured,1.0
IYRMWMYZSQPJKC-UHFFFAOYSA-N,MMP1,measured,1.0
IKMDFBPHZNJCSN-UHFFFAOYSA-N,MMP1,measured,1.0
KZNIFHPLKGYRTM-UHFFFAOYSA-N,PKM,measured,1.0
RYYVLZVUVIJVGH-UHFFFAOYSA-N,ADORA2A,measured,1.0
AEMFNILZOJDQLW-UHFFFAOYSA-N,CYP19A1,measured,1.0
IKMDFBPHZNJCSN-UHFFFAOYSA-N,INTEGRASE,measured,1.0
AEMFNILZOJDQLW-QAGGRKNESA-N,SRD5A2,measured,1.0
AEMFNILZOJDQLW-QAGGRKNESA-N,SRD5A1,measured,1.0
COVFEVWNJUOYRL-UHFFFAOYSA-N,INTEGRASE,measured,1.0
KZNIFHPLKGYRTM-UHFFFAOYSA-N,INTEGRASE,measured,1.0
FTVWIRXFELQLPI-ZDUSSCGKSA-N,INTEGRASE,measured,1.0
AFSDNFLWKVMVRB-UHFFFAOYSA-N,BACE1,measured,1.0
AAOVKJBEBIDNHE-UHFFFAOYSA-N,GABRG2,measured,1.0
AFSDNFLWKVMVRB-UHFFFAOYSA-N,PRKACB,measured,1.0
LUKBXSAWLPMMSZ-OWOJBTEDSA-N,PTGS1,measured,1.0
IZQSVPBOUDKVDZ-UHFFFAOYSA-N,CA12,measured,1.0
IKMDFBPHZNJCSN-UHFFFAOYSA-N,INSR,measured,1.0
FTVWIRXFELQLPI-ZDUSSCGKSA-N,ABCC1,measured,1.0
IKMDFBPHZNJCSN-UHFFFAOYSA-N,ABCC1,measured,1.0
KZNIFHPLKGYRTM-UHFFFAOYSA-N,ABCC1,measured,1.0
IYRMWMYZSQPJKC-UHFFFAOYSA-N,ABCC1,measured,1.0
KZNIFHPLKGYRTM-UHFFFAOYSA-N,ABCG2,measured,1.0
IYRMWMYZSQPJKC-UHFFFAOYSA-N,ABCG2,measured,1.0
CWVRJTMFETXNAD-JUHZACGLSA-N,AKR1B10,measured,1.0
AFSDNFLWKVMVRB-UHFFFAOYSA-N,AURKB,measured,1.0
AFSDNFLWKVMVRB-UHFFFAOYSA-N,INSR,measured,1.0
HUMNYLRZRPPJDN-UHFFFAOYSA-N,CYP2A6,measured,1.0
KZNIFHPLKGYRTM-UHFFFAOYSA-N,ESR2,measured,1.0
QYSXJUFSXHHAJI-YRZJJWOYSA-N,VDR,measured,1.0
KZNIFHPLKGYRTM-UHFFFAOYSA-N,XDH,measured,1.0
IZJDOKYDEWTZSO-UHFFFAOYSA-N,MIF,measured,1.0
ADRVEZVEKSCRHP-XGGJEREUSA-N,ALOX5,measured,1.0
QYSXJUFSXHHAJI-YRZJJWOYSA-N,GLRA1,measured,1.0
AFSDNFLWKVMVRB-UHFFFAOYSA-N,GSK3B,measured,1.0
IZJDOKYDEWTZSO-UHFFFAOYSA-N,CYP2A13,measured,1.0
IZJDOKYDEWTZSO-UHFFFAOYSA-N,CYP2A6,measured,1.0
APJYDQYYACXCRM-UHFFFAOYSA-N,CYP2A6,measured,1.0
APJYDQYYACXCRM-UHFFFAOYSA-N,CYP2A13,measured,1.0
ILEDWLMCKZNDJK-UHFFFAOYSA-N,XDH,measured,1.0
IZJDOKYDEWTZSO-UHFFFAOYSA-N,TRPA1,measured,1.0
IYRMWMYZSQPJKC-UHFFFAOYSA-N,ALOX5,measured,1.0
LUKBXSAWLPMMSZ-OWOJBTEDSA-N,PTGS2,measured,1.0
QAIPRVGONGVQAS-DUXPYHPUSA-N,ALOX5,measured,1.0
KZNIFHPLKGYRTM-UHFFFAOYSA-N,CYP19A1,measured,1.0
IKMDFBPHZNJCSN-UHFFFAOYSA-N,GLO1,measured,1.0
BMZFZTMWBCFKSS-UHFFFAOYSA-N,XDH,measured,1.0
IZQSVPBOUDKVDZ-UHFFFAOYSA-N,CA2,measured,1.0
IYRMWMYZSQPJKC-UHFFFAOYSA-N,CA2,measured,1.0
IZQSVPBOUDKVDZ-UHFFFAOYSA-N,CA4,measured,1.0
FTVWIRXFELQLPI-ZDUSSCGKSA-N,CA4,measured,1.0
AIONOLUJZLIMTK-AWEZNQCLSA-N,CA4,measured,1.0
IYRMWMYZSQPJKC-UHFFFAOYSA-N,CA7,measured,1.0
IZQSVPBOUDKVDZ-UHFFFAOYSA-N,CA7,measured,1.0
FTVWIRXFELQLPI-ZDUSSCGKSA-N,CA7,measured,1.0
AIONOLUJZLIMTK-AWEZNQCLSA-N,CA7,measured,1.0
IYRMWMYZSQPJKC-UHFFFAOYSA-N,CA12,measured,1.0
FTVWIRXFELQLPI-ZDUSSCGKSA-N,CA12,measured,1.0
AIONOLUJZLIMTK-AWEZNQCLSA-N,CA12,measured,1.0
QAIPRVGONGVQAS-DUXPYHPUSA-N,CA12,measured,1.0
NGSWKAQJJWESNS-ZZXKWVIFSA-N,CA12,measured,1.0
QAIPRVGONGVQAS-DUXPYHPUSA-N,CA14,measured,1.0
NGSWKAQJJWESNS-ZZXKWVIFSA-N,CA14,measured,1.0
KQPYUDDGWXQXHS-UHFFFAOYSA-N,CDC25B,measured,1.0
FRASJONUBLZVQX-UHFFFAOYSA-N,CDC25B,measured,1.0
FTVWIRXFELQLPI-ZDUSSCGKSA-N,CBR1,measured,1.0
AFSDNFLWKVMVRB-UHFFFAOYSA-N,CSNK2A1,measured,1.0
ADFWQBGTDJIESE-UHFFFAOYSA-N,EP300,measured,1.0
AQIXAKUUQRKLND-UHFFFAOYSA-N,HRH2,measured,1.0
VYFYYTLLBUKUHU-UHFFFAOYSA-N,MTNR1A,measured,1.0
VYFYYTLLBUKUHU-UHFFFAOYSA-N,MTNR1B,measured,1.0
IYRMWMYZSQPJKC-UHFFFAOYSA-N,TYR,measured,1.0
LUKBXSAWLPMMSZ-OWOJBTEDSA-N,APP,measured,1.0
IYRMWMYZSQPJKC-UHFFFAOYSA-N,AR,measured,1.0
KZNIFHPLKGYRTM-UHFFFAOYSA-N,AR,measured,1.0
AFSDNFLWKVMVRB-UHFFFAOYSA-N,POLH,measured,1.0
AFSDNFLWKVMVRB-UHFFFAOYSA-N,POLI,measured,1.0
IYRMWMYZSQPJKC-UHFFFAOYSA-N,CISD1,measured,1.0
LUKBXSAWLPMMSZ-OWOJBTEDSA-N,NFE2L2,measured,1.0
KZNIFHPLKGYRTM-UHFFFAOYSA-N,MAOA,measured,1.0
QAIPRVGONGVQAS-DUXPYHPUSA-N,PTPN1,measured,1.0
VYFYYTLLBUKUHU-UHFFFAOYSA-N,ADRA1D,measured,1.0
FTVWIRXFELQLPI-ZDUSSCGKSA-N,CYP1B1,measured,1.0
AIONOLUJZLIMTK-AWEZNQCLSA-N,CYP1A1,measured,1.0
IZQSVPBOUDKVDZ-UHFFFAOYSA-N,CYP1A2,measured,1.0
KZNIFHPLKGYRTM-UHFFFAOYSA-N,CYP1A2,measured,1.0
IYRMWMYZSQPJKC-UHFFFAOYSA-N,CYP1A2,measured,1.0
IYRMWMYZSQPJKC-UHFFFAOYSA-N,CYP1A1,measured,1.0
AIONOLUJZLIMTK-AWEZNQCLSA-N,CYP1B1,measured,1.0
KZNIFHPLKGYRTM-UHFFFAOYSA-N,CYP1A1,measured,1.0
IZQSVPBOUDKVDZ-UHFFFAOYSA-N,CYP1A1,measured,1.0
IYRMWMYZSQPJKC-UHFFFAOYSA-N,CYP1B1,measured,1.0
KZNIFHPLKGYRTM-UHFFFAOYSA-N,CYP1B1,measured,1.0
IZQSVPBOUDKVDZ-UHFFFAOYSA-N,CYP1B1,measured,1.0
IYRMWMYZSQPJKC-UHFFFAOYSA-N,NOX4,measured,1.0
KZNIFHPLKGYRTM-UHFFFAOYSA-N,NOX4,measured,1.0
ABDKAPXRBAPSQN-UHFFFAOYSA-N,CA2,measured,1.0
ABDKAPXRBAPSQN-UHFFFAOYSA-N,CA9,measured,1.0
ABDKAPXRBAPSQN-UHFFFAOYSA-N,CA12,measured,1.0
AQIXAKUUQRKLND-UHFFFAOYSA-N,ATP4A,measured,1.0
ALYNCZNDIQEVRV-UHFFFAOYSA-M,CA1,measured,1.0
ALYNCZNDIQEVRV-UHFFFAOYSA-M,CA2,measured,1.0
IKMDFBPHZNJCSN-UHFFFAOYSA-N,CYP1A1,measured,1.0
IKMDFBPHZNJCSN-UHFFFAOYSA-N,CYP1B1,measured,1.0
AFJYQKPCJLMHCC-UHFFFAOYSA-N,AKT1,measured,1.0
FRASJONUBLZVQX-UHFFFAOYSA-N,MAOB,measured,1.0
CWVRJTMFETXNAD-JUHZACGLSA-N,AKR1B1,measured,1.0
IYRMWMYZSQPJKC-UHFFFAOYSA-N,AKR1B1,measured,1.0
AFSDNFLWKVMVRB-UHFFFAOYSA-N,AKR1B1,measured,1.0
AFSDNFLWKVMVRB-UHFFFAOYSA-N,AKT1,measured,1.0
AFSDNFLWKVMVRB-UHFFFAOYSA-N,NUAK1,measured,1.0
AFSDNFLWKVMVRB-UHFFFAOYSA-N,AURKA,measured,1.0
AFSDNFLWKVMVRB-UHFFFAOYSA-N,EGFR,measured,1.0
AFSDNFLWKVMVRB-UHFFFAOYSA-N,IGF1R,measured,1.0
AFSDNFLWKVMVRB-UHFFFAOYSA-N,KDR,measured,1.0
AFSDNFLWKVMVRB-UHFFFAOYSA-N,MET,measured,1.0
AFSDNFLWKVMVRB-UHFFFAOYSA-N,TEK,measured,1.0
AEMFNILZOJDQLW-QAGGRKNESA-N,HSD17B3,measured,1.0
KZNIFHPLKGYRTM-UHFFFAOYSA-N,MPO,measured,1.0
IYRMWMYZSQPJKC-UHFFFAOYSA-N,MPO,measured,1.0
IKMDFBPHZNJCSN-UHFFFAOYSA-N,ELAVL3,measured,1.0
AFSDNFLWKVMVRB-UHFFFAOYSA-N,ELAVL3,measured,1.0
LUKBXSAWLPMMSZ-OWOJBTEDSA-N,TTR,measured,1.0
LUKBXSAWLPMMSZ-OWOJBTEDSA-N,TRPA1,measured,1.0
AFSDNFLWKVMVRB-UHFFFAOYSA-N,INTEGRASE,measured,1.0
IYRMWMYZSQPJKC-UHFFFAOYSA-N,CYP2C9,measured,1.0
IIACRCGMVDHOTQ-UHFFFAOYSA-N,CA9,measured,1.0
KZNIFHPLKGYRTM-UHFFFAOYSA-N,MAOB,measured,1.0
IIACRCGMVDHOTQ-UHFFFAOYSA-N,CA7,measured,1.0
AHCYMLUZIRLXAA-SHYZEUOFSA-N,P2RY2,measured,1.0
IYRMWMYZSQPJKC-UHFFFAOYSA-N,AHR,measured,1.0
FRASJONUBLZVQX-UHFFFAOYSA-N,MAP2K1,measured,1.0
KZNIFHPLKGYRTM-UHFFFAOYSA-N,PTGS2,measured,1.0
IKMDFBPHZNJCSN-UHFFFAOYSA-N,XDH,measured,1.0
IZQSVPBOUDKVDZ-UHFFFAOYSA-N,XDH,measured,1.0
IYRMWMYZSQPJKC-UHFFFAOYSA-N,XDH,measured,1.0
KQMVAGISDHMXJJ-UHFFFAOYSA-N,ALDH2,measured,1.0
IYRMWMYZSQPJKC-UHFFFAOYSA-N,HSD17B1,measured,1.0
FTVWIRXFELQLPI-ZDUSSCGKSA-N,HSD17B1,measured,1.0
KZNIFHPLKGYRTM-UHFFFAOYSA-N,HSD17B1,measured,1.0
IYRMWMYZSQPJKC-UHFFFAOYSA-N,HSD17B2,measured,1.0
AAOVKJBEBIDNHE-UHFFFAOYSA-N,GABRA5,measured,1.0
IKMDFBPHZNJCSN-UHFFFAOYSA-N,CYP19A1,measured,1.0
AFSDNFLWKVMVRB-UHFFFAOYSA-N,CA1,measured,1.0
AFSDNFLWKVMVRB-UHFFFAOYSA-N,CA2,measured,1.0
AFSDNFLWKVMVRB-UHFFFAOYSA-N,CA4,measured,1.0
AFSDNFLWKVMVRB-UHFFFAOYSA-N,CA5A,measured,1.0
AFSDNFLWKVMVRB-UHFFFAOYSA-N,CA6,measured,1.0
AFSDNFLWKVMVRB-UHFFFAOYSA-N,CA7,measured,1.0
AFSDNFLWKVMVRB-UHFFFAOYSA-N,CA9,measured,1.0
AFSDNFLWKVMVRB-UHFFFAOYSA-N,CA14,measured,1.0
JMSVCTWVEWCHDZ-UHFFFAOYSA-N,CA14,measured,1.0
JMSVCTWVEWCHDZ-UHFFFAOYSA-N,CA12,measured,1.0
JMSVCTWVEWCHDZ-UHFFFAOYSA-N,CA9,measured,1.0
JMSVCTWVEWCHDZ-UHFFFAOYSA-N,CA7,measured,1.0
JMSVCTWVEWCHDZ-UHFFFAOYSA-N,CA6,measured,1.0
JMSVCTWVEWCHDZ-UHFFFAOYSA-N,CA5A,measured,1.0
JMSVCTWVEWCHDZ-UHFFFAOYSA-N,CA3,measured,1.0
JMSVCTWVEWCHDZ-UHFFFAOYSA-N,CA2,measured,1.0
JMSVCTWVEWCHDZ-UHFFFAOYSA-N,CA1,measured,1.0
LNTHITQWFMADLM-UHFFFAOYSA-N,CA14,measured,1.0
LNTHITQWFMADLM-UHFFFAOYSA-N,CA12,measured,1.0
LNTHITQWFMADLM-UHFFFAOYSA-N,CA9,measured,1.0
LNTHITQWFMADLM-UHFFFAOYSA-N,CA7,measured,1.0
LNTHITQWFMADLM-UHFFFAOYSA-N,CA6,measured,1.0
LNTHITQWFMADLM-UHFFFAOYSA-N,CA5B,measured,1.0
LNTHITQWFMADLM-UHFFFAOYSA-N,CA5A,measured,1.0
LNTHITQWFMADLM-UHFFFAOYSA-N,CA4,measured,1.0
LNTHITQWFMADLM-UHFFFAOYSA-N,CA3,measured,1.0
LNTHITQWFMADLM-UHFFFAOYSA-N,CA2,measured,1.0
LNTHITQWFMADLM-UHFFFAOYSA-N,CA1,measured,1.0
QAIPRVGONGVQAS-DUXPYHPUSA-N,CA9,measured,1.0
QAIPRVGONGVQAS-DUXPYHPUSA-N,CA7,measured,1.0
QAIPRVGONGVQAS-DUXPYHPUSA-N,CA6,measured,1.0
QAIPRVGONGVQAS-DUXPYHPUSA-N,CA5B,measured,1.0
QAIPRVGONGVQAS-DUXPYHPUSA-N,CA5A,measured,1.0
QAIPRVGONGVQAS-DUXPYHPUSA-N,CA3,measured,1.0
QAIPRVGONGVQAS-DUXPYHPUSA-N,CA2,measured,1.0
QAIPRVGONGVQAS-DUXPYHPUSA-N,CA1,measured,1.0
NGSWKAQJJWESNS-ZZXKWVIFSA-N,CA9,measured,1.0
NGSWKAQJJWESNS-ZZXKWVIFSA-N,CA7,measured,1.0
NGSWKAQJJWESNS-ZZXKWVIFSA-N,CA6,measured,1.0
NGSWKAQJJWESNS-ZZXKWVIFSA-N,CA5B,measured,1.0
NGSWKAQJJWESNS-ZZXKWVIFSA-N,CA5A,measured,1.0
NGSWKAQJJWESNS-ZZXKWVIFSA-N,CA4,measured,1.0
NGSWKAQJJWESNS-ZZXKWVIFSA-N,CA3,measured,1.0
NGSWKAQJJWESNS-ZZXKWVIFSA-N,CA2,measured,1.0
NGSWKAQJJWESNS-ZZXKWVIFSA-N,CA1,measured,1.0
FJKROLUGYXJWQN-UHFFFAOYSA-N,CA14,measured,1.0
FJKROLUGYXJWQN-UHFFFAOYSA-N,CA9,measured,1.0
FJKROLUGYXJWQN-UHFFFAOYSA-N,CA7,measured,1.0
FJKROLUGYXJWQN-UHFFFAOYSA-N,CA6,measured,1.0
FJKROLUGYXJWQN-UHFFFAOYSA-N,CA5B,measured,1.0
FJKROLUGYXJWQN-UHFFFAOYSA-N,CA4,measured,1.0
FJKROLUGYXJWQN-UHFFFAOYSA-N,CA3,measured,1.0
FJKROLUGYXJWQN-UHFFFAOYSA-N,CA2,measured,1.0
JDLKFOPOAOFWQN-UHFFFAOYSA-N,TRPA1,measured,1.0
LUKBXSAWLPMMSZ-OWOJBTEDSA-N,CA2,measured,1.0
PFTAWBLQPZVEMU-DZGCQCFKSA-N,CA2,measured,1.0
LUKBXSAWLPMMSZ-OWOJBTEDSA-N,CA3,measured,1.0
PFTAWBLQPZVEMU-DZGCQCFKSA-N,CA3,measured,1.0
LUKBXSAWLPMMSZ-OWOJBTEDSA-N,CA4,measured,1.0
LUKBXSAWLPMMSZ-OWOJBTEDSA-N,CA5A,measured,1.0
PFTAWBLQPZVEMU-DZGCQCFKSA-N,CA5A,measured,1.0
LUKBXSAWLPMMSZ-OWOJBTEDSA-N,CA5B,measured,1.0
PFTAWBLQPZVEMU-DZGCQCFKSA-N,CA5B,measured,1.0
LUKBXSAWLPMMSZ-OWOJBTEDSA-N,CA6,measured,1.0
PFTAWBLQPZVEMU-DZGCQCFKSA-N,CA6,measured,1.0
LUKBXSAWLPMMSZ-OWOJBTEDSA-N,CA7,measured,1.0
PFTAWBLQPZVEMU-DZGCQCFKSA-N,CA7,measured,1.0
LUKBXSAWLPMMSZ-OWOJBTEDSA-N,CA9,measured,1.0
PFTAWBLQPZVEMU-DZGCQCFKSA-N,CA9,measured,1.0
LUKBXSAWLPMMSZ-OWOJBTEDSA-N,CA12,measured,1.0
PFTAWBLQPZVEMU-DZGCQCFKSA-N,CA12,measured,1.0
LUKBXSAWLPMMSZ-OWOJBTEDSA-N,CA13,measured,1.0
LUKBXSAWLPMMSZ-OWOJBTEDSA-N,CA14,measured,1.0
LUKBXSAWLPMMSZ-OWOJBTEDSA-N,CA1,measured,1.0
IKMDFBPHZNJCSN-UHFFFAOYSA-N,E6,measured,1.0
IKMDFBPHZNJCSN-UHFFFAOYSA-N,GPR35,measured,1.0
AFSDNFLWKVMVRB-UHFFFAOYSA-N,GPR35,measured,1.0
AQIXAKUUQRKLND-UHFFFAOYSA-N,SLC47A1,measured,1.0
FJKROLUGYXJWQN-UHFFFAOYSA-N,TYR,measured,1.0
IKMDFBPHZNJCSN-UHFFFAOYSA-N,MBNL1,measured,1.0
ILEDWLMCKZNDJK-UHFFFAOYSA-N,CA12,measured,1.0
ILEDWLMCKZNDJK-UHFFFAOYSA-N,CA9,measured,1.0
AFSDNFLWKVMVRB-UHFFFAOYSA-N,SPHK1,measured,1.0
AFSDNFLWKVMVRB-UHFFFAOYSA-N,SLC22A6,measured,1.0
FTVWIRXFELQLPI-ZDUSSCGKSA-N,SHBG,measured,1.0
AEMFNILZOJDQLW-QAGGRKNESA-N,SHBG,measured,1.0
KZNIFHPLKGYRTM-UHFFFAOYSA-N,ABCB1,measured,1.0
IYRMWMYZSQPJKC-UHFFFAOYSA-N,ABCB1,measured,1.0
ADFWQBGTDJIESE-UHFFFAOYSA-N,SAE1,measured,1.0
ABDKAPXRBAPSQN-UHFFFAOYSA-N,CA7,measured,1.0
AKEUNCKRJATALU-UHFFFAOYSA-N,CA7,measured,1.0
AKEUNCKRJATALU-UHFFFAOYSA-N,CA2,measured,1.0
AKEUNCKRJATALU-UHFFFAOYSA-N,CA1,measured,1.0
ABDKAPXRBAPSQN-UHFFFAOYSA-N,CA14,measured,1.0
AKEUNCKRJATALU-UHFFFAOYSA-N,CA14,measured,1.0
AKEUNCKRJATALU-UHFFFAOYSA-N,CA12,measured,1.0
AKEUNCKRJATALU-UHFFFAOYSA-N,CA9,measured,1.0
AFSDNFLWKVMVRB-UHFFFAOYSA-N,CA12,measured,1.0
AFSDNFLWKVMVRB-UHFFFAOYSA-N,CA13,measured,1.0
QAIPRVGONGVQAS-DUXPYHPUSA-N,MMP9,measured,1.0
QAIPRVGONGVQAS-DUXPYHPUSA-N,MMP2,measured,1.0
QAIPRVGONGVQAS-DUXPYHPUSA-N,MMP1,measured,1.0
IKMDFBPHZNJCSN-UHFFFAOYSA-N,FLT3,measured,1.0
IYRMWMYZSQPJKC-UHFFFAOYSA-N,FLT3,measured,1.0
KZNIFHPLKGYRTM-UHFFFAOYSA-N,FLT3,measured,1.0
KZNIFHPLKGYRTM-UHFFFAOYSA-N,TNKS2,measured,1.0
KZNIFHPLKGYRTM-UHFFFAOYSA-N,TNKS,measured,1.0
APJYDQYYACXCRM-UHFFFAOYSA-N,MPO,measured,1.0
GVJHHUAWPYXKBD-IEOSBIPESA-N,GSTP1,measured,1.0
IYRMWMYZSQPJKC-UHFFFAOYSA-N,ESRRA,measured,1.0
IKMDFBPHZNJCSN-UHFFFAOYSA-N,MAPT,measured,1.0
AFSDNFLWKVMVRB-UHFFFAOYSA-N,MIF,measured,1.0
BMZFZTMWBCFKSS-UHFFFAOYSA-N,PFKFB3,measured,1.0
AHANXAKGNAKFSK-PDBXOOCHSA-N,OXER1,measured,1.0
FRASJONUBLZVQX-UHFFFAOYSA-N,EHMT2,measured,1.0
YHWNASRGLKJRJJ-UHFFFAOYSA-N,ESR2,measured,1.0
KQPYUDDGWXQXHS-UHFFFAOYSA-N,PIN1,measured,1.0
IYRMWMYZSQPJKC-UHFFFAOYSA-N,DPP4,measured,1.0
KZNIFHPLKGYRTM-UHFFFAOYSA-N,DPP4,measured,1.0
QAIPRVGONGVQAS-DUXPYHPUSA-N,DPP4,measured,1.0
LNTHITQWFMADLM-UHFFFAOYSA-N,DPP4,measured,1.0
LUKBXSAWLPMMSZ-OWOJBTEDSA-N,DPP4,measured,1.0
FTVWIRXFELQLPI-ZDUSSCGKSA-N,DPP4,measured,1.0
AIONOLUJZLIMTK-AWEZNQCLSA-N,DPP4,measured,1.0
YHWNASRGLKJRJJ-UHFFFAOYSA-N,CACNA1G,measured,1.0
YHWNASRGLKJRJJ-UHFFFAOYSA-N,CACNA1H,measured,1.0
AEMFNILZOJDQLW-QAGGRKNESA-N,SERPINA6,measured,1.0
QAIPRVGONGVQAS-DUXPYHPUSA-N,INTEGRASE,measured,1.0
CWVRJTMFETXNAD-JUHZACGLSA-N,HDAC9,measured,1.0
IZJDOKYDEWTZSO-UHFFFAOYSA-N,HIF1A,measured,1.0
IKMDFBPHZNJCSN-UHFFFAOYSA-N,TOP2A,measured,1.0
KZNIFHPLKGYRTM-UHFFFAOYSA-N,CDK6,measured,1.0
NGSWKAQJJWESNS-ZZXKWVIFSA-N,AKR1B1,measured,1.0
IKMDFBPHZNJCSN-UHFFFAOYSA-N,BACE1,measured,1.0
KZNIFHPLKGYRTM-UHFFFAOYSA-N,ACHE,measured,1.0
IKMDFBPHZNJCSN-UHFFFAOYSA-N,ACHE,measured,1.0
KZNIFHPLKGYRTM-UHFFFAOYSA-N,GSK3B,measured,1.0
NGSWKAQJJWESNS-ZZXKWVIFSA-N,ESR2,measured,1.0
RYYVLZVUVIJVGH-UHFFFAOYSA-N,ACHE,measured,1.0
KZNIFHPLKGYRTM-UHFFFAOYSA-N,AKR1B10,measured,1.0
QIVBCDIJIAJPQS-VIFPVBQESA-N,MPO,measured,1.0
LUKBXSAWLPMMSZ-OWOJBTEDSA-N,MAOB,measured,1.0
LUKBXSAWLPMMSZ-OWOJBTEDSA-N,ALOX5,measured,1.0
IKMDFBPHZNJCSN-UHFFFAOYSA-N,IP6K2,measured,1.0
IYRMWMYZSQPJKC-UHFFFAOYSA-N,IP6K2,measured,1.0
KZNIFHPLKGYRTM-UHFFFAOYSA-N,IP6K2,measured,1.0
IZQSVPBOUDKVDZ-UHFFFAOYSA-N,IP6K2,measured,1.0
IKMDFBPHZNJCSN-UHFFFAOYSA-N,CSNK2A1,measured,1.0
IYRMWMYZSQPJKC-UHFFFAOYSA-N,CSNK2A1,measured,1.0
FJKROLUGYXJWQN-UHFFFAOYSA-N,DRD2,measured,1.0
IYRMWMYZSQPJKC-UHFFFAOYSA-N,TRPC5,measured,1.0
LNTHITQWFMADLM-UHFFFAOYSA-N,GALNT2,measured,1.0
AFSDNFLWKVMVRB-UHFFFAOYSA-N,GALNT2,measured,1.0
IKMDFBPHZNJCSN-UHFFFAOYSA-N,APP,measured,1.0
AFSDNFLWKVMVRB-UHFFFAOYSA-N,MAOA,measured,1.0
NGSWKAQJJWESNS-ZZXKWVIFSA-N,TYR,measured,1.0
RYYVLZVUVIJVGH-UHFFFAOYSA-N,ADORA2B,measured,1.0
KQPYUDDGWXQXHS-UHFFFAOYSA-N,TRPA1,measured,1.0
IYRMWMYZSQPJKC-UHFFFAOYSA-N,YES1,measured,1.0
LUKBXSAWLPMMSZ-OWOJBTEDSA-N,POLA1,measured,1.0
LNTHITQWFMADLM-UHFFFAOYSA-N,SNCA,measured,1.0
JDLKFOPOAOFWQN-UHFFFAOYSA-N,SLC25A21,measured,1.0
ADNPLDHMAVUMIW-CUZNLEPHSA-N,GHSR,measured,1.0
FRASJONUBLZVQX-UHFFFAOYSA-N,PIN1,measured,1.0
AFSDNFLWKVMVRB-UHFFFAOYSA-N,NT5E,measured,1.0
VYFYYTLLBUKUHU-UHFFFAOYSA-N,SNCA,measured,1.0
XFZJEEAOWLFHDH-UKWJTHFESA-N,SNCA,measured,1.0
IKMDFBPHZNJCSN-UHFFFAOYSA-N,SNCA,measured,1.0
KZNIFHPLKGYRTM-UHFFFAOYSA-N,MKNK2,measured,1.0
ILEDWLMCKZNDJK-UHFFFAOYSA-N,MCL1,measured,1.0
LUKBXSAWLPMMSZ-OWOJBTEDSA-N,TYR,measured,1.0
CWVRJTMFETXNAD-JUHZACGLSA-N,PTPN1,measured,1.0
IKMDFBPHZNJCSN-UHFFFAOYSA-N,ACE2,measured,1.0
QAIPRVGONGVQAS-DUXPYHPUSA-N,AGTR1,measured,1.0
LUKBXSAWLPMMSZ-OWOJBTEDSA-N,MAOA,measured,1.0
ADFCQWZHKCXPAJ-GFCCVEGCSA-N,ESR2,measured,1.0
KQPYUDDGWXQXHS-UHFFFAOYSA-N,AURKA,measured,1.0
KQPYUDDGWXQXHS-UHFFFAOYSA-N,AURKB,measured,1.0
IMKHDCBNRDRUEB-UHFFFAOYSA-N,ACHE,measured,1.0
LNTHITQWFMADLM-UHFFFAOYSA-N,APP,measured,1.0
AFSDNFLWKVMVRB-UHFFFAOYSA-N,APP,measured,1.0
AEDDIBAIWPIIBD-ZJKJAXBQSA-N,MMP9,measured,1.0
IKMDFBPHZNJCSN-UHFFFAOYSA-N,PKM,measured,1.0
AAOVKJBEBIDNHE-UHFFFAOYSA-N,GABRB2,measured,1.0
ADFWQBGTDJIESE-UHFFFAOYSA-N,PPARA,measured,1.0
IKMDFBPHZNJCSN-UHFFFAOYSA-N,MAOA,measured,1.0
FTVWIRXFELQLPI-ZDUSSCGKSA-N,TTR,measured,1.0
KZNIFHPLKGYRTM-UHFFFAOYSA-N,BACE1,measured,1.0
IZQSVPBOUDKVDZ-UHFFFAOYSA-N,PPARG,measured,1.0
IKMDFBPHZNJCSN-UHFFFAOYSA-N,PNLIP,measured,1.0
IYRMWMYZSQPJKC-UHFFFAOYSA-N,RPS6KA3,measured,1.0
ANNNBEZJTNCXHY-NSCUHMNNSA-N,TTR,measured,1.0
KQPYUDDGWXQXHS-UHFFFAOYSA-N,P4HB,measured,1.0
AIONOLUJZLIMTK-AWEZNQCLSA-N,XDH,measured,1.0
AAANZTDKTFGJLZ-UHFFFAOYSA-N,NFKB1,predicted,0.98484
AAANZTDKTFGJLZ-UHFFFAOYSA-N,RELA,predicted,0.98484
AAANZTDKTFGJLZ-UHFFFAOYSA-N,SIRT1,predicted,0.98484
AAANZTDKTFGJLZ-UHFFFAOYSA-N,FASN,predicted,0.98484
AAANZTDKTFGJLZ-UHFFFAOYSA-N,XBP1,predicted,0.98484
AAANZTDKTFGJLZ-UHFFFAOYSA-N,ACHE,predicted,0.98484
AAANZTDKTFGJLZ-UHFFFAOYSA-N,PTPN1,predicted,0.98484
AAANZTDKTFGJLZ-UHFFFAOYSA-N,SIRT2,predicted,0.98484
AAANZTDKTFGJLZ-UHFFFAOYSA-N,NUDT1,predicted,0.98484
AAANZTDKTFGJLZ-UHFFFAOYSA-N,PGAM1,predicted,0.98484
AAANZTDKTFGJLZ-UHFFFAOYSA-N,ALOX12,predicted,0.98484
AAANZTDKTFGJLZ-UHFFFAOYSA-N,MGAM2,predicted,0.98484
AAANZTDKTFGJLZ-UHFFFAOYSA-N,CGAS,predicted,0.98484
AAANZTDKTFGJLZ-UHFFFAOYSA-N,KDM1A,predicted,0.98484
AAANZTDKTFGJLZ-UHFFFAOYSA-N,PDE4D,predicted,0.98484
AAANZTDKTFGJLZ-UHFFFAOYSA-N,ALOX15,predicted,0.98484
AAANZTDKTFGJLZ-UHFFFAOYSA-N,IDH1,predicted,0.98484
AAANZTDKTFGJLZ-UHFFFAOYSA-N,MARK4,predicted,0.98484
AAANZTDKTFGJLZ-UHFFFAOYSA-N,CDK5,predicted,0.98484
AAARRLVSWMMLIL-JFDCHTIYSA-N,PRKCA,predicted,0.986832
AAARRLVSWMMLIL-JFDCHTIYSA-N,PRKCQ,predicted,0.986832
AAARRLVSWMMLIL-JFDCHTIYSA-N,PRKCD,predicted,0.986832
AAARRLVSWMMLIL-JFDCHTIYSA-N,SELP,predicted,0.986832
AAARRLVSWMMLIL-JFDCHTIYSA-N,PKD1,predicted,0.986832
AAARRLVSWMMLIL-JFDCHTIYSA-N,CNR2,predicted,0.986832
AAARRLVSWMMLIL-JFDCHTIYSA-N,FFAR4,predicted,0.986832
AAARRLVSWMMLIL-JFDCHTIYSA-N,FAAH,predicted,0.986832
AAARRLVSWMMLIL-JFDCHTIYSA-N,CNR1,predicted,0.986832
AAARRLVSWMMLIL-JFDCHTIYSA-N,S1PR1,predicted,0.986832
AAAULIDICJVAGC-XUJQSNPTSA-N,PRKCA,predicted,0.986832
AAAULIDICJVAGC-XUJQSNPTSA-N,PRKCQ,predicted,0.986832
AAAULIDICJVAGC-XUJQSNPTSA-N,PRKCD,predicted,0.986832
AAAULIDICJVAGC-XUJQSNPTSA-N,SELP,predicted,0.986832
AAAULIDICJVAGC-XUJQSNPTSA-N,PKD1,predicted,0.986832
AAAULIDICJVAGC-XUJQSNPTSA-N,CNR2,predicted,0.986832
AAAULIDICJVAGC-XUJQSNPTSA-N,FFAR4,predicted,0.986832
AAAULIDICJVAGC-XUJQSNPTSA-N,FAAH,predicted,0.986832
AAAULIDICJVAGC-XUJQSNPTSA-N,CNR1,predicted,0.986832
AAAULIDICJVAGC-XUJQSNPTSA-N,S1PR1,predicted,0.986832
AAAUQAJYMBAEDN-SDYYSCIWSA-N,PRKCA,predicted,0.986101
AAAUQAJYMBAEDN-SDYYSCIWSA-N,PRKCQ,predicted,0.986101
AAAUQAJYMBAEDN-SDYYSCIWSA-N,PRKCD,predicted,0.986101
AAAUQAJYMBAEDN-SDYYSCIWSA-N,CNR2,predicted,0.986101
AAAUQAJYMBAEDN-SDYYSCIWSA-N,FFAR4,predicted,0.986101
AAAUQAJYMBAEDN-SDYYSCIWSA-N,FAAH,predicted,0.986101
AAAUQAJYMBAEDN-SDYYSCIWSA-N,CNR1,predicted,0.986101
AAAUQAJYMBAEDN-SDYYSCIWSA-N,SELP,predicted,0.986101
AAAUQAJYMBAEDN-SDYYSCIWSA-N,PKD1,predicted,0.986101
AAAYFFAGXKLUDV-XSMLMOGHSA-N,CNR2,predicted,0.971499
AAAYFFAGXKLUDV-XSMLMOGHSA-N,PRKCQ,predicted,0.971499
AAAYFFAGXKLUDV-XSMLMOGHSA-N,PRKCE,predicted,0.971499
AAAYFFAGXKLUDV-XSMLMOGHSA-N,PRKCA,predicted,0.971499
AAAYFFAGXKLUDV-XSMLMOGHSA-N,PRKCD,predicted,0.971499
AAAYFFAGXKLUDV-XSMLMOGHSA-N,CDC42BPA,predicted,0.971499
AAAYFFAGXKLUDV-XSMLMOGHSA-N,CDC42BPB,predicted,0.971499
AAAYFFAGXKLUDV-XSMLMOGHSA-N,PNLIP,predicted,0.971499
AAAYFFAGXKLUDV-XSMLMOGHSA-N,LPAR3,predicted,0.971499
AAAYFFAGXKLUDV-XSMLMOGHSA-N,LPAR1,predicted,0.971499
AAAYFFAGXKLUDV-XSMLMOGHSA-N,ENPP2,predicted,0.971499
AAAYFFAGXKLUDV-XSMLMOGHSA-N,LPAR2,predicted,0.971499
AABKSFWWBUPVNY-NVCPWDGJSA-N,SELP,predicted,0.987084
AABKSFWWBUPVNY-NVCPWDGJSA-N,LPAR6,predicted,0.987084
AABKSFWWBUPVNY-NVCPWDGJSA-N,LPAR5,predicted,0.987084
AABKSFWWBUPVNY-NVCPWDGJSA-N,TRPV1,predicted,0.987084
AABKSFWWBUPVNY-NVCPWDGJSA-N,LPAR4,predicted,0.987084
AABKSFWWBUPVNY-NVCPWDGJSA-N,LPAR1,predicted,0.987084
AABKSFWWBUPVNY-NVCPWDGJSA-N,LPAR3,predicted,0.987084
AABKSFWWBUPVNY-NVCPWDGJSA-N,LPAR2,predicted,0.987084
AABKSFWWBUPVNY-NVCPWDGJSA-N,ENPP2,predicted,0.987084
AABKSFWWBUPVNY-NVCPWDGJSA-N,CES2,predicted,0.987084
AABKSFWWBUPVNY-NVCPWDGJSA-N,GPR174,predicted,0.987084
AABKSFWWBUPVNY-NVCPWDGJSA-N,GPR34,predicted,0.987084
AABKSFWWBUPVNY-NVCPWDGJSA-N,P2RY10,predicted,0.987084
AABORWYRSOFPIQ-RIVVNBGWSA-N,CNR2,predicted,0.984589
AABORWYRSOFPIQ-RIVVNBGWSA-N,PRKCD,predicted,0.984589
AABORWYRSOFPIQ-RIVVNBGWSA-N,CDC42BPA,predicted,0.984589
AABORWYRSOFPIQ-RIVVNBGWSA-N,PRKCA,predicted,0.984589
AABORWYRSOFPIQ-RIVVNBGWSA-N,CDC42BPB,predicted,0.984589
AABORWYRSOFPIQ-RIVVNBGWSA-N,PRKCQ,predicted,0.984589
AABORWYRSOFPIQ-RIVVNBGWSA-N,PRKCE,predicted,0.984589
AABORWYRSOFPIQ-RIVVNBGWSA-N,LPAR1,predicted,0.984589
AABORWYRSOFPIQ-RIVVNBGWSA-N,ENPP2,predicted,0.984589
AABORWYRSOFPIQ-RIVVNBGWSA-N,LPAR3,predicted,0.984589
AABORWYRSOFPIQ-RIVVNBGWSA-N,LPAR2,predicted,0.984589
AACGGBKJSIMRBR-BWSSJUFOSA-N,CNR2,predicted,0.979925
AACGGBKJSIMRBR-BWSSJUFOSA-N,PRKCQ,predicted,0.979925
AACGGBKJSIMRBR-BWSSJUFOSA-N,PRKCE,predicted,0.979925
AACGGBKJSIMRBR-BWSSJUFOSA-N,PRKCA,predicted,0.979925
AACGGBKJSIMRBR-BWSSJUFOSA-N,PRKCD,predicted,0.979925
AACGGBKJSIMRBR-BWSSJUFOSA-N,CDC42BPA,predicted,0.979925
AACGGBKJSIMRBR-BWSSJUFOSA-N,CDC42BPB,predicted,0.979925
AACGGBKJSIMRBR-BWSSJUFOSA-N,LPAR1,predicted,0.979925
AACGGBKJSIMRBR-BWSSJUFOSA-N,ENPP2,predicted,0.979925
AACGGBKJSIMRBR-BWSSJUFOSA-N,LPAR3,predicted,0.979925
AACGGBKJSIMRBR-BWSSJUFOSA-N,LPAR2,predicted,0.979925
AACZXYOSBJYYOH-XBNQVYLISA-N,PRKCA,predicted,0.986832
AACZXYOSBJYYOH-XBNQVYLISA-N,PRKCQ,predicted,0.986832
AACZXYOSBJYYOH-XBNQVYLISA-N,PRKCD,predicted,0.986832
AACZXYOSBJYYOH-XBNQVYLISA-N,SELP,predicted,0.986832
AACZXYOSBJYYOH-XBNQVYLISA-N,PKD1,predicted,0.986832
AACZXYOSBJYYOH-XBNQVYLISA-N,CNR2,predicted,0.986832
AACZXYOSBJYYOH-XBNQVYLISA-N,FFAR4,predicted,0.986832
AACZXYOSBJYYOH-XBNQVYLISA-N,FAAH,predicted,0.986832
AACZXYOSBJYYOH-XBNQVYLISA-N,CNR1,predicted,0.986832
AACZXYOSBJYYOH-XBNQVYLISA-N,S1PR1,predicted,0.986832
AAEDIKNVLNRFNP-VERBRUMSSA-N,PRKCQ,predicted,0.987084
AAEDIKNVLNRFNP-VERBRUMSSA-N,PRKCD,predicted,0.987084
AAEDIKNVLNRFNP-VERBRUMSSA-N,PRKCA,predicted,0.987084
AAEDIKNVLNRFNP-VERBRUMSSA-N,SELP,predicted,0.987084
AAEDIKNVLNRFNP-VERBRUMSSA-N,CNR2,predicted,0.987084
AAEDIKNVLNRFNP-VERBRUMSSA-N,FFAR4,predicted,0.987084
AAEDIKNVLNRFNP-VERBRUMSSA-N,FAAH,predicted,0.987084
AAEDIKNVLNRFNP-VERBRUMSSA-N,CNR1,predicted,0.987084
AAEDIKNVLNRFNP-VERBRUMSSA-N,PKD1,predicted,0.987084
AAEDIKNVLNRFNP-VERBRUMSSA-N,PRKCE,predicted,0.987084
AAEDVOLFYYONLY-WBCKFURZSA-N,CNR2,predicted,0.986207
AAEDVOLFYYONLY-WBCKFURZSA-N,PRKCQ,predicted,0.986207
AAEDVOLFYYONLY-WBCKFURZSA-N,PRKCE,predicted,0.986207
AAEDVOLFYYONLY-WBCKFURZSA-N,PRKCA,predicted,0.986207
AAEDVOLFYYONLY-WBCKFURZSA-N,PRKCD,predicted,0.986207
AAEDVOLFYYONLY-WBCKFURZSA-N,CDC42BPA,predicted,0.986207
AAEDVOLFYYONLY-WBCKFURZSA-N,CDC42BPB,predicted,0.986207
AAEDVOLFYYONLY-WBCKFURZSA-N,LPAR1,predicted,0.986207
AAEDVOLFYYONLY-WBCKFURZSA-N,ENPP2,predicted,0.986207
AAEDVOLFYYONLY-WBCKFURZSA-N,LPAR3,predicted,0.986207
AAEDVOLFYYONLY-WBCKFURZSA-N,LPAR2,predicted,0.986207
AAEGDCWJLSBMKO-QRXDBQBNSA-N,CNR2,predicted,0.986207
AAEGDCWJLSBMKO-QRXDBQBNSA-N,PRKCQ,predicted,0.986207
AAEGDCWJLSBMKO-QRXDBQBNSA-N,PRKCE,predicted,0.986207
AAEGDCWJLSBMKO-QRXDBQBNSA-N,PRKCA,predicted,0.986207
AAEGDCWJLSBMKO-QRXDBQBNSA-N,PRKCD,predicted,0.986207
AAEGDCWJLSBMKO-QRXDBQBNSA-N,CDC42BPA,predicted,0.986207
AAEGDCWJLSBMKO-QRXDBQBNSA-N,CDC42BPB,predicted,0.986207
AAEGDCWJLSBMKO-QRXDBQBNSA-N,LPAR1,predicted,0.986207
AAEGDCWJLSBMKO-QRXDBQBNSA-N,ENPP2,predicted,0.986207
AAEGDCWJLSBMKO-QRXDBQBNSA-N,LPAR3,predicted,0.986207
AAEGDCWJLSBMKO-QRXDBQBNSA-N,LPAR2,predicted,0.986207
AAEKPOOCHGGGKT-NLXJDERGSA-N,CNR2,predicted,0.986207
AAEKPOOCHGGGKT-NLXJDERGSA-N,PRKCQ,predicted,0.986207
AAEKPOOCHGGGKT-NLXJDERGSA-N,PRKCE,predicted,0.986207
AAEKPOOCHGGGKT-NLXJDERGSA-N,PRKCA,predicted,0.986207
AAEKPOOCHGGGKT-NLXJDERGSA-N,PRKCD,predicted,0.986207
AAEKPOOCHGGGKT-NLXJDERGSA-N,CDC42BPA,predicted,0.986207
AAEKPOOCHGGGKT-NLXJDERGSA-N,CDC42BPB,predicted,0.986207
AAEKPOOCHGGGKT-NLXJDERGSA-N,LPAR1,predicted,0.986207
AAEKPOOCHGGGKT-NLXJDERGSA-N,ENPP2,predicted,0.986207
AAEKPOOCHGGGKT-NLXJDERGSA-N,LPAR3,predicted,0.986207
AAEKPOOCHGGGKT-NLXJDERGSA-N,LPAR2,predicted,0.986207
AAFBEFOSCLMOTF-KXBCQOCRSA-N,PRKCA,predicted,0.986832
AAFBEFOSCLMOTF-KXBCQOCRSA-N,PRKCQ,predicted,0.986832
AAFBEFOSCLMOTF-KXBCQOCRSA-N,PRKCD,predicted,0.986832
AAFBEFOSCLMOTF-KXBCQOCRSA-N,SELP,predicted,0.986832
AAFBEFOSCLMOTF-KXBCQOCRSA-N,PKD1,predicted,0.986832
AAFBEFOSCLMOTF-KXBCQOCRSA-N,CNR2,predicted,0.986832
AAFBEFOSCLMOTF-KXBCQOCRSA-N,FFAR4,predicted,0.986832
AAFBEFOSCLMOTF-KXBCQOCRSA-N,FAAH,predicted,0.986832
AAFBEFOSCLMOTF-KXBCQOCRSA-N,CNR1,predicted,0.986832
AAFBEFOSCLMOTF-KXBCQOCRSA-N,S1PR1,predicted,0.986832
AAFBEFOSCLMOTF-RRPFJGJLSA-N,PRKCA,predicted,0.986832
AAFBEFOSCLMOTF-RRPFJGJLSA-N,PRKCQ,predicted,0.986832
AAFBEFOSCLMOTF-RRPFJGJLSA-N,PRKCD,predicted,0.986832
AAFBEFOSCLMOTF-RRPFJGJLSA-N,SELP,predicted,0.986832
AAFBEFOSCLMOTF-RRPFJGJLSA-N,PKD1,predicted,0.986832
AAFBEFOSCLMOTF-RRPFJGJLSA-N,CNR2,predicted,0.986832
AAFBEFOSCLMOTF-RRPFJGJLSA-N,FFAR4,predicted,0.986832
AAFBEFOSCLMOTF-RRPFJGJLSA-N,FAAH,predicted,0.986832
AAFBEFOSCLMOTF-RRPFJGJLSA-N,CNR1,predicted,0.986832
AAFBEFOSCLMOTF-RRPFJGJLSA-N,S1PR1,predicted,0.986832
AAFPBUWBKCMUOC-AZZQUJCXSA-N,PRKCA,predicted,0.986101
AAFPBUWBKCMUOC-AZZQUJCXSA-N,PRKCQ,predicted,0.986101
AAFPBUWBKCMUOC-AZZQUJCXSA-N,PRKCD,predicted,0.986101
AAFPBUWBKCMUOC-AZZQUJCXSA-N,CNR2,predicted,0.986101
AAFPBUWBKCMUOC-AZZQUJCXSA-N,FFAR4,predicted,0.986101
AAFPBUWBKCMUOC-AZZQUJCXSA-N,FAAH,predicted,0.986101
AAFPBUWBKCMUOC-AZZQUJCXSA-N,CNR1,predicted,0.986101
AAFPBUWBKCMUOC-AZZQUJCXSA-N,SELP,predicted,0.986101
AAFPBUWBKCMUOC-AZZQUJCXSA-N,PKD1,predicted,0.986101
AAGIXMREDGMXGU-ASISNPDYSA-N,PRKCA,predicted,0.986832
AAGIXMREDGMXGU-ASISNPDYSA-N,PRKCQ,predicted,0.986832
AAGIXMREDGMXGU-ASISNPDYSA-N,PRKCD,predicted,0.986832
AAGIXMREDGMXGU-ASISNPDYSA-N,SELP,predicted,0.986832
AAGIXMREDGMXGU-ASISNPDYSA-N,PKD1,predicted,0.986832
AAGIXMREDGMXGU-ASISNPDYSA-N,CNR2,predicted,0.986832
AAGIXMREDGMXGU-ASISNPDYSA-N,FFAR4,predicted,0.986832
AAGIXMREDGMXGU-ASISNPDYSA-N,FAAH,predicted,0.986832
AAGIXMREDGMXGU-ASISNPDYSA-N,CNR1,predicted,0.986832
AAGIXMREDGMXGU-ASISNPDYSA-N,S1PR1,predicted,0.986832
AAGKNIVYCBWMIR-HKNFJBDMSA-N,PRKCA,predicted,0.986832
AAGKNIVYCBWMIR-HKNFJBDMSA-N,PRKCQ,predicted,0.986832
AAGKNIVYCBWMIR-HKNFJBDMSA-N,PRKCD,predicted,0.986832
AAGKNIVYCBWMIR-HKNFJBDMSA-N,SELP,predicted,0.986832
AAGKNIVYCBWMIR-HKNFJBDMSA-N,PKD1,predicted,0.986832
AAGKNIVYCBWMIR-HKNFJBDMSA-N,CNR2,predicted,0.986832
AAGKNIVYCBWMIR-HKNFJBDMSA-N,FFAR4,predicted,0.986832
AAGKNIVYCBWMIR-HKNFJBDMSA-N,FAAH,predicted,0.986832
AAGKNIVYCBWMIR-HKNFJBDMSA-N,CNR1,predicted,0.986832
AAGKNIVYCBWMIR-HKNFJBDMSA-N,S1PR1,predicted,0.986832
AAHQMLDWRXUNIA-HZTDGBLZSA-N,PRKCA,predicted,0.986101
AAHQMLDWRXUNIA-HZTDGBLZSA-N,PRKCQ,predicted,0.986101
AAHQMLDWRXUNIA-HZTDGBLZSA-N,PRKCD,predicted,0.986101
AAHQMLDWRXUNIA-HZTDGBLZSA-N,CNR2,predicted,0.986101
AAHQMLDWRXUNIA-HZTDGBLZSA-N,FFAR4,predicted,0.986101
AAHQMLDWRXUNIA-HZTDGBLZSA-N,FAAH,predicted,0.986101
AAHQMLDWRXUNIA-HZTDGBLZSA-N,CNR1,predicted,0.986101
AAHQMLDWRXUNIA-HZTDGBLZSA-N,SELP,predicted,0.986101
AAHQMLDWRXUNIA-HZTDGBLZSA-N,PKD1,predicted,0.986101
AAISSOQIFFPNFZ-AXAMJWTMSA-N,CNR2,predicted,0.986207
AAISSOQIFFPNFZ-AXAMJWTMSA-N,PRKCQ,predicted,0.986207
AAISSOQIFFPNFZ-AXAMJWTMSA-N,PRKCE,predicted,0.986207
AAISSOQIFFPNFZ-AXAMJWTMSA-N,PRKCA,predicted,0.986207
AAISSOQIFFPNFZ-AXAMJWTMSA-N,PRKCD,predicted,0.986207
AAISSOQIFFPNFZ-AXAMJWTMSA-N,CDC42BPA,predicted,0.986207
AAISSOQIFFPNFZ-AXAMJWTMSA-N,CDC42BPB,predicted,0.986207
AAISSOQIFFPNFZ-AXAMJWTMSA-N,LPAR1,predicted,0.986207
AAISSOQIFFPNFZ-AXAMJWTMSA-N,ENPP2,predicted,0.986207
AAISSOQIFFPNFZ-AXAMJWTMSA-N,LPAR3,predicted,0.986207
AAISSOQIFFPNFZ-AXAMJWTMSA-N,LPAR2,predicted,0.986207
AAJCSPWAQIOZOP-HUESYALOSA-N,CNR2,predicted,0.986207
AAJCSPWAQIOZOP-HUESYALOSA-N,PRKCQ,predicted,0.986207
AAJCSPWAQIOZOP-HUESYALOSA-N,PRKCE,predicted,0.986207
AAJCSPWAQIOZOP-HUESYALOSA-N,PRKCA,predicted,0.986207
AAJCSPWAQIOZOP-HUESYALOSA-N,PRKCD,predicted,0.986207
AAJCSPWAQIOZOP-HUESYALOSA-N,CDC42BPA,predicted,0.986207
AAJCSPWAQIOZOP-HUESYALOSA-N,CDC42BPB,predicted,0.986207
AAJCSPWAQIOZOP-HUESYALOSA-N,LPAR1,predicted,0.986207
AAJCSPWAQIOZOP-HUESYALOSA-N,ENPP2,predicted,0.986207
AAJCSPWAQIOZOP-HUESYALOSA-N,LPAR3,predicted,0.986207
AAJCSPWAQIOZOP-HUESYALOSA-N,LPAR2,predicted,0.986207
AAJHVVLGKCKBSH-UHFFFAOYSA-N,SLCO1B3,predicted,0.987084
AAJHVVLGKCKBSH-UHFFFAOYSA-N,IL2,predicted,0.987084
AAJHVVLGKCKBSH-UHFFFAOYSA-N,CXCR3,predicted,0.987084
AAJHVVLGKCKBSH-UHFFFAOYSA-N,CRHBP,predicted,0.987084
AAJHVVLGKCKBSH-UHFFFAOYSA-N,SIGMAR1,predicted,0.987084
AAJHVVLGKCKBSH-UHFFFAOYSA-N,ABCG2,predicted,0.987084
AAJHVVLGKCKBSH-UHFFFAOYSA-N,FLT1,predicted,0.987084
AAJHVVLGKCKBSH-UHFFFAOYSA-N,MC5R,predicted,0.987084
AAJHVVLGKCKBSH-UHFFFAOYSA-N,STAT3,predicted,0.987084
AAJHVVLGKCKBSH-UHFFFAOYSA-N,OSBP2,predicted,0.987084
AAJHVVLGKCKBSH-UHFFFAOYSA-N,OSBP,predicted,0.987084
AAKDPDFZMNYDLR-UHFFFAOYSA-N,GAA,predicted,0.987084
AAKDPDFZMNYDLR-UHFFFAOYSA-N,MGAM,predicted,0.987084
AAKDPDFZMNYDLR-UHFFFAOYSA-N,LOX,predicted,0.987084
AAKDPDFZMNYDLR-UHFFFAOYSA-N,SI,predicted,0.987084
AAKDPDFZMNYDLR-UHFFFAOYSA-N,GBA2,predicted,0.987084
AAKDPDFZMNYDLR-UHFFFAOYSA-N,UGCG,predicted,0.987084
AAKDPDFZMNYDLR-UHFFFAOYSA-N,AGL,predicted,0.987084
AAKHKGPJPZLUOV-ZGNZLWFWSA-N,PRKCQ,predicted,0.985402
AAKHKGPJPZLUOV-ZGNZLWFWSA-N,PRKCD,predicted,0.985402
AAKHKGPJPZLUOV-ZGNZLWFWSA-N,PRKCA,predicted,0.985402
AAKHKGPJPZLUOV-ZGNZLWFWSA-N,SELP,predicted,0.985402
AAKHKGPJPZLUOV-ZGNZLWFWSA-N,PKD1,predicted,0.985402
AAKHKGPJPZLUOV-ZGNZLWFWSA-N,CNR2,predicted,0.985402
AAKHKGPJPZLUOV-ZGNZLWFWSA-N,FFAR4,predicted,0.985402
AAKHKGPJPZLUOV-ZGNZLWFWSA-N,FAAH,predicted,0.985402
AAKHKGPJPZLUOV-ZGNZLWFWSA-N,CNR1,predicted,0.985402
AAKHKGPJPZLUOV-ZGNZLWFWSA-N,S1PR1,predicted,0.985402
AAMZNUSIHHMEQD-ZUFHXVCQSA-N,PRKCA,predicted,0.987084
AAMZNUSIHHMEQD-ZUFHXVCQSA-N,PRKCQ,predicted,0.987084
AAMZNUSIHHMEQD-ZUFHXVCQSA-N,PRKCD,predicted,0.987084
AAMZNUSIHHMEQD-ZUFHXVCQSA-N,CNR2,predicted,0.987084
AAMZNUSIHHMEQD-ZUFHXVCQSA-N,FFAR4,predicted,0.987084
AAMZNUSIHHMEQD-ZUFHXVCQSA-N,FAAH,predicted,0.987084
AAMZNUSIHHMEQD-ZUFHXVCQSA-N,CNR1,predicted,0.987084
AAMZNUSIHHMEQD-ZUFHXVCQSA-N,SELP,predicted,0.987084
AAMZNUSIHHMEQD-ZUFHXVCQSA-N,PKD1,predicted,0.987084
AANCKINPVVQDGX-OSUITXOZSA-N,PRKCA,predicted,0.986832
AANCKINPVVQDGX-OSUITXOZSA-N,PRKCQ,predicted,0.986832
AANCKINPVVQDGX-OSUITXOZSA-N,PRKCD,predicted,0.986832
AANCKINPVVQDGX-OSUITXOZSA-N,SELP,predicted,0.986832
AANCKINPVVQDGX-OSUITXOZSA-N,PKD1,predicted,0.986832
AANCKINPVVQDGX-OSUITXOZSA-N,CNR2,predicted,0.986832
AANCKINPVVQDGX-OSUITXOZSA-N,FFAR4,predicted,0.986832
AANCKINPVVQDGX-OSUITXOZSA-N,FAAH,predicted,0.986832
AANCKINPVVQDGX-OSUITXOZSA-N,CNR1,predicted,0.986832
AANCKINPVVQDGX-OSUITXOZSA-N,S1PR1,predicted,0.986832
AANHDBNUIKYXLN-OKUWMSBNSA-N,PRKCQ,predicted,0.985402
AANHDBNUIKYXLN-OKUWMSBNSA-N,PRKCD,predicted,0.985402
AANHDBNUIKYXLN-OKUWMSBNSA-N,PRKCA,predicted,0.985402
AANHDBNUIKYXLN-OKUWMSBNSA-N,SELP,predicted,0.985402
AANHDBNUIKYXLN-OKUWMSBNSA-N,PKD1,predicted,0.985402
AANHDBNUIKYXLN-OKUWMSBNSA-N,CNR2,predicted,0.985402
AANHDBNUIKYXLN-OKUWMSBNSA-N,FFAR4,predicted,0.985402
AANHDBNUIKYXLN-OKUWMSBNSA-N,FAAH,predicted,0.985402
AANHDBNUIKYXLN-OKUWMSBNSA-N,CNR1,predicted,0.985402
AANHDBNUIKYXLN-OKUWMSBNSA-N,S1PR1,predicted,0.985402
AANZTOSGIRNZNM-LNOKNGNPSA-N,SELP,predicted,0.987084
AANZTOSGIRNZNM-LNOKNGNPSA-N,LPAR6,predicted,0.987084
AANZTOSGIRNZNM-LNOKNGNPSA-N,LPAR5,predicted,0.987084
AANZTOSGIRNZNM-LNOKNGNPSA-N,TRPV1,predicted,0.987084
AANZTOSGIRNZNM-LNOKNGNPSA-N,LPAR4,predicted,0.987084
AANZTOSGIRNZNM-LNOKNGNPSA-N,LPAR1,predicted,0.987084
AANZTOSGIRNZNM-LNOKNGNPSA-N,LPAR3,predicted,0.987084
AANZTOSGIRNZNM-LNOKNGNPSA-N,LPAR2,predicted,0.987084
AANZTOSGIRNZNM-LNOKNGNPSA-N,ENPP2,predicted,0.987084
AANZTOSGIRNZNM-LNOKNGNPSA-N,CES2,predicted,0.987084
AANZTOSGIRNZNM-LNOKNGNPSA-N,GPR174,predicted,0.987084
AANZTOSGIRNZNM-LNOKNGNPSA-N,GPR34,predicted,0.987084
AANZTOSGIRNZNM-LNOKNGNPSA-N,P2RY10,predicted,0.987084
AAOPKIFUFWCDQZ-UHFFFAOYSA-N,PKM,predicted,0.886633
AAOPKIFUFWCDQZ-UHFFFAOYSA-N,CA5B,predicted,0.886633
AAOPKIFUFWCDQZ-UHFFFAOYSA-N,CA12,predicted,0.886633
AAOPKIFUFWCDQZ-UHFFFAOYSA-N,CA5A,predicted,0.886633
AAOPKIFUFWCDQZ-UHFFFAOYSA-N,CA2,predicted,0.886633
AAOPKIFUFWCDQZ-UHFFFAOYSA-N,SOST,predicted,0.886633
AAOPKIFUFWCDQZ-UHFFFAOYSA-N,CA4,predicted,0.886633
AAOPKIFUFWCDQZ-UHFFFAOYSA-N,CA6,predicted,0.886633
AAOPKIFUFWCDQZ-UHFFFAOYSA-N,CA3,predicted,0.886633
AAOPKIFUFWCDQZ-UHFFFAOYSA-N,CA7,predicted,0.886633
AAOPKIFUFWCDQZ-UHFFFAOYSA-N,CA9,predicted,0.886633
AAOPKIFUFWCDQZ-UHFFFAOYSA-N,CA1,predicted,0.886633
AAOPKIFUFWCDQZ-UHFFFAOYSA-N,ALPL,predicted,0.886633
AAOPKIFUFWCDQZ-UHFFFAOYSA-N,MAPK14,predicted,0.886633
AAOPKIFUFWCDQZ-UHFFFAOYSA-N,MAPK10,predicted,0.886633
AAOPKIFUFWCDQZ-UHFFFAOYSA-N,SNCA,predicted,0.886633
AAOPKIFUFWCDQZ-UHFFFAOYSA-N,APP,predicted,0.886633
AAOPKIFUFWCDQZ-UHFFFAOYSA-N,BACE1,predicted,0.886633
AAOPKIFUFWCDQZ-UHFFFAOYSA-N,RAD52,predicted,0.886633
AAOPKIFUFWCDQZ-UHFFFAOYSA-N,MMP2,predicted,0.886633
AAOSLICMXQEMBQ-IONAWPRUSA-N,CNR2,predicted,0.986207
AAOSLICMXQEMBQ-IONAWPRUSA-N,PRKCQ,predicted,0.986207
AAOSLICMXQEMBQ-IONAWPRUSA-N,PRKCE,predicted,0.986207
AAOSLICMXQEMBQ-IONAWPRUSA-N,PRKCA,predicted,0.986207
AAOSLICMXQEMBQ-IONAWPRUSA-N,PRKCD,predicted,0.986207
AAOSLICMXQEMBQ-IONAWPRUSA-N,CDC42BPA,predicted,0.986207
AAOSLICMXQEMBQ-IONAWPRUSA-N,CDC42BPB,predicted,0.986207
AAOSLICMXQEMBQ-IONAWPRUSA-N,LPAR1,predicted,0.986207
AAOSLICMXQEMBQ-IONAWPRUSA-N,ENPP2,predicted,0.986207
AAOSLICMXQEMBQ-IONAWPRUSA-N,LPAR3,predicted,0.986207
AAOSLICMXQEMBQ-IONAWPRUSA-N,LPAR2,predicted,0.986207
AAOXKTNPFBHMFQ-KZBYCKEYSA-N,PRKCQ,predicted,0.987084
AAOXKTNPFBHMFQ-KZBYCKEYSA-N,PRKCD,predicted,0.987084
AAOXKTNPFBHMFQ-KZBYCKEYSA-N,PRKCA,predicted,0.987084
AAOXKTNPFBHMFQ-KZBYCKEYSA-N,SELP,predicted,0.987084
AAOXKTNPFBHMFQ-KZBYCKEYSA-N,CNR2,predicted,0.987084
AAOXKTNPFBHMFQ-KZBYCKEYSA-N,FFAR4,predicted,0.987084
AAOXKTNPFBHMFQ-KZBYCKEYSA-N,FAAH,predicted,0.987084
AAOXKTNPFBHMFQ-KZBYCKEYSA-N,CNR1,predicted,0.987084
AAOXKTNPFBHMFQ-KZBYCKEYSA-N,PKD1,predicted,0.987084
AAOXKTNPFBHMFQ-KZBYCKEYSA-N,PRKCE,predicted,0.987084
AAQXAMYHTKLRRO-GRSNDSDLSA-N,PRKCQ,predicted,0.985402
AAQXAMYHTKLRRO-GRSNDSDLSA-N,PRKCD,predicted,0.985402
AAQXAMYHTKLRRO-GRSNDSDLSA-N,PRKCA,predicted,0.985402
AAQXAMYHTKLRRO-GRSNDSDLSA-N,SELP,predicted,0.985402
AAQXAMYHTKLRRO-GRSNDSDLSA-N,PKD1,predicted,0.985402
AAQXAMYHTKLRRO-GRSNDSDLSA-N,CNR2,predicted,0.985402
AAQXAMYHTKLRRO-GRSNDSDLSA-N,FFAR4,predicted,0.985402
AAQXAMYHTKLRRO-GRSNDSDLSA-N,FAAH,predicted,0.985402
AAQXAMYHTKLRRO-GRSNDSDLSA-N,CNR1,predicted,0.985402
AAQXAMYHTKLRRO-GRSNDSDLSA-N,S1PR1,predicted,0.985402
AASAENAURCLYSI-UHFFFAOYSA-N,NFKB1,predicted,0.953302
AASAENAURCLYSI-UHFFFAOYSA-N,CXCL8,predicted,0.953302
AASAENAURCLYSI-UHFFFAOYSA-N,GPR55,predicted,0.953302
AASAENAURCLYSI-UHFFFAOYSA-N,TERT,predicted,0.953302
AASAENAURCLYSI-UHFFFAOYSA-N,MDM2,predicted,0.953302
AASAENAURCLYSI-UHFFFAOYSA-N,NR2E3,predicted,0.953302
AASAENAURCLYSI-UHFFFAOYSA-N,XBP1,predicted,0.953302
AASAENAURCLYSI-UHFFFAOYSA-N,RIPK2,predicted,0.953302
AASAENAURCLYSI-UHFFFAOYSA-N,SLCO1B1,predicted,0.953302
AASAENAURCLYSI-UHFFFAOYSA-N,SLCO1B3,predicted,0.953302
AASAENAURCLYSI-UHFFFAOYSA-N,NLRP3,predicted,0.953302
AASAENAURCLYSI-UHFFFAOYSA-N,RELA,predicted,0.953302
AASAENAURCLYSI-UHFFFAOYSA-N,ERAP1,predicted,0.953302
AASMSXXODHOKTE-AKAJXFOGSA-N,CNR2,predicted,0.986207
AASMSXXODHOKTE-AKAJXFOGSA-N,PRKCQ,predicted,0.986207
AASMSXXODHOKTE-AKAJXFOGSA-N,PRKCE,predicted,0.986207
AASMSXXODHOKTE-AKAJXFOGSA-N,PRKCA,predicted,0.986207
AASMSXXODHOKTE-AKAJXFOGSA-N,PRKCD,predicted,0.986207
AASMSXXODHOKTE-AKAJXFOGSA-N,CDC42BPA,predicted,0.986207
AASMSXXODHOKTE-AKAJXFOGSA-N,CDC42BPB,predicted,0.986207
AASMSXXODHOKTE-AKAJXFOGSA-N,LPAR1,predicted,0.986207
AASMSXXODHOKTE-AKAJXFOGSA-N,ENPP2,predicted,0.986207
AASMSXXODHOKTE-AKAJXFOGSA-N,LPAR3,predicted,0.986207
AASMSXXODHOKTE-AKAJXFOGSA-N,LPAR2,predicted,0.986207
AASMSXXODHOKTE-WDLSKMLESA-N,CNR2,predicted,0.986207
AASMSXXODHOKTE-WDLSKMLESA-N,PRKCQ,predicted,0.986207
AASMSXXODHOKTE-WDLSKMLESA-N,PRKCE,predicted,0.986207
AASMSXXODHOKTE-WDLSKMLESA-N,PRKCA,predicted,0.986207
AASMSXXODHOKTE-WDLSKMLESA-N,PRKCD,predicted,0.986207
AASMSXXODHOKTE-WDLSKMLESA-N,CDC42BPA,predicted,0.986207
AASMSXXODHOKTE-WDLSKMLESA-N,CDC42BPB,predicted,0.986207
AASMSXXODHOKTE-WDLSKMLESA-N,LPAR1,predicted,0.986207
AASMSXXODHOKTE-WDLSKMLESA-N,ENPP2,predicted,0.986207
AASMSXXODHOKTE-WDLSKMLESA-N,LPAR3,predicted,0.986207
AASMSXXODHOKTE-WDLSKMLESA-N,LPAR2,predicted,0.986207
AAVFZGNNVBUUJP-DTSDQNDWSA-N,CNR2,predicted,0.986207
AAVFZGNNVBUUJP-DTSDQNDWSA-N,PRKCQ,predicted,0.986207
AAVFZGNNVBUUJP-DTSDQNDWSA-N,PRKCE,predicted,0.986207
AAVFZGNNVBUUJP-DTSDQNDWSA-N,PRKCA,predicted,0.986207
AAVFZGNNVBUUJP-DTSDQNDWSA-N,PRKCD,predicted,0.986207
AAVFZGNNVBUUJP-DTSDQNDWSA-N,CDC42BPA,predicted,0.986207
AAVFZGNNVBUUJP-DTSDQNDWSA-N,CDC42BPB,predicted,0.986207
AAVFZGNNVBUUJP-DTSDQNDWSA-N,LPAR1,predicted,0.986207
AAVFZGNNVBUUJP-DTSDQNDWSA-N,ENPP2,predicted,0.986207
AAVFZGNNVBUUJP-DTSDQNDWSA-N,LPAR3,predicted,0.986207
AAVFZGNNVBUUJP-DTSDQNDWSA-N,LPAR2,predicted,0.986207
AAVFZGNNVBUUJP-IONAWPRUSA-N,CNR2,predicted,0.986207
AAVFZGNNVBUUJP-IONAWPRUSA-N,PRKCQ,predicted,0.986207
AAVFZGNNVBUUJP-IONAWPRUSA-N,PRKCE,predicted,0.986207
AAVFZGNNVBUUJP-IONAWPRUSA-N,PRKCA,predicted,0.986207
AAVFZGNNVBUUJP-IONAWPRUSA-N,PRKCD,predicted,0.986207
AAVFZGNNVBUUJP-IONAWPRUSA-N,CDC42BPA,predicted,0.986207
AAVFZGNNVBUUJP-IONAWPRUSA-N,CDC42BPB,predicted,0.986207
AAVFZGNNVBUUJP-IONAWPRUSA-N,LPAR1,predicted,0.986207
AAVFZGNNVBUUJP-IONAWPRUSA-N,ENPP2,predicted,0.986207
AAVFZGNNVBUUJP-IONAWPRUSA-N,LPAR3,predicted,0.986207
AAVFZGNNVBUUJP-IONAWPRUSA-N,LPAR2,predicted,0.986207
AAVJUUZQHFIDSS-CQQUKVLBSA-N,PRKCQ,predicted,0.987084
AAVJUUZQHFIDSS-CQQUKVLBSA-N,PRKCD,predicted,0.987084
AAVJUUZQHFIDSS-CQQUKVLBSA-N,PRKCA,predicted,0.987084
AAVJUUZQHFIDSS-CQQUKVLBSA-N,SELP,predicted,0.987084
AAVJUUZQHFIDSS-CQQUKVLBSA-N,CNR2,predicted,0.987084
AAVJUUZQHFIDSS-CQQUKVLBSA-N,FFAR4,predicted,0.987084
AAVJUUZQHFIDSS-CQQUKVLBSA-N,FAAH,predicted,0.987084
AAVJUUZQHFIDSS-CQQUKVLBSA-N,CNR1,predicted,0.987084
AAVJUUZQHFIDSS-CQQUKVLBSA-N,PKD1,predicted,0.987084
AAVJUUZQHFIDSS-CQQUKVLBSA-N,PRKCE,predicted,0.987084
AAVMVTWYUGHZHX-OALPUDEUSA-N,CNR2,predicted,0.984589
AAVMVTWYUGHZHX-OALPUDEUSA-N,PRKCD,predicted,0.984589
AAVMVTWYUGHZHX-OALPUDEUSA-N,CDC42BPA,predicted,0.984589
AAVMVTWYUGHZHX-OALPUDEUSA-N,PRKCA,predicted,0.984589
AAVMVTWYUGHZHX-OALPUDEUSA-N,CDC42BPB,predicted,0.984589
AAVMVTWYUGHZHX-OALPUDEUSA-N,PRKCQ,predicted,0.984589
AAVMVTWYUGHZHX-OALPUDEUSA-N,PRKCE,predicted,0.984589
AAVMVTWYUGHZHX-OALPUDEUSA-N,LPAR1,predicted,0.984589
AAVMVTWYUGHZHX-OALPUDEUSA-N,ENPP2,predicted,0.984589
AAVMVTWYUGHZHX-OALPUDEUSA-N,LPAR3,predicted,0.984589
AAVMVTWYUGHZHX-OALPUDEUSA-N,LPAR2,predicted,0.984589
AAVMVTWYUGHZHX-YWIOZPJLSA-N,CNR2,predicted,0.984589
AAVMVTWYUGHZHX-YWIOZPJLSA-N,PRKCD,predicted,0.984589
AAVMVTWYUGHZHX-YWIOZPJLSA-N,CDC42BPA,predicted,0.984589
AAVMVTWYUGHZHX-YWIOZPJLSA-N,PRKCA,predicted,0.984589
AAVMVTWYUGHZHX-YWIOZPJLSA-N,CDC42BPB,predicted,0.984589
AAVMVTWYUGHZHX-YWIOZPJLSA-N,PRKCQ,predicted,0.984589
AAVMVTWYUGHZHX-YWIOZPJLSA-N,PRKCE,predicted,0.984589
AAVMVTWYUGHZHX-YWIOZPJLSA-N,LPAR1,predicted,0.984589
AAVMVTWYUGHZHX-YWIOZPJLSA-N,ENPP2,predicted,0.984589
AAVMVTWYUGHZHX-YWIOZPJLSA-N,LPAR3,predicted,0.984589
AAVMVTWYUGHZHX-YWIOZPJLSA-N,LPAR2,predicted,0.984589
AAVNDRKAKFAYFN-FPQJXDIVSA-N,CNR2,predicted,0.951584
AAVNDRKAKFAYFN-FPQJXDIVSA-N,PRKCD,predicted,0.951584
AAVNDRKAKFAYFN-FPQJXDIVSA-N,CDC42BPA,predicted,0.951584
AAVNDRKAKFAYFN-FPQJXDIVSA-N,PRKCA,predicted,0.951584
AAVNDRKAKFAYFN-FPQJXDIVSA-N,CDC42BPB,predicted,0.951584
AAVNDRKAKFAYFN-FPQJXDIVSA-N,PRKCQ,predicted,0.951584
AAVNDRKAKFAYFN-FPQJXDIVSA-N,PRKCE,predicted,0.951584
AAVNDRKAKFAYFN-FPQJXDIVSA-N,PNLIP,predicted,0.951584
AAVNDRKAKFAYFN-FPQJXDIVSA-N,LPAR3,predicted,0.951584
AAVNDRKAKFAYFN-FPQJXDIVSA-N,LPAR1,predicted,0.951584
AAVNDRKAKFAYFN-FPQJXDIVSA-N,ENPP2,predicted,0.951584
AAVNDRKAKFAYFN-FPQJXDIVSA-N,LPAR2,predicted,0.951584
AAVNDRKAKFAYFN-MBLVYYNZSA-N,CNR2,predicted,0.951584
AAVNDRKAKFAYFN-MBLVYYNZSA-N,PRKCD,predicted,0.951584
AAVNDRKAKFAYFN-MBLVYYNZSA-N,CDC42BPA,predicted,0.951584
AAVNDRKAKFAYFN-MBLVYYNZSA-N,PRKCA,predicted,0.951584
AAVNDRKAKFAYFN-MBLVYYNZSA-N,CDC42BPB,predicted,0.951584
AAVNDRKAKFAYFN-MBLVYYNZSA-N,PRKCQ,predicted,0.951584
AAVNDRKAKFAYFN-MBLVYYNZSA-N,PRKCE,predicted,0.951584
AAVNDRKAKFAYFN-MBLVYYNZSA-N,PNLIP,predicted,0.951584
AAVNDRKAKFAYFN-MBLVYYNZSA-N,LPAR3,predicted,0.951584
AAVNDRKAKFAYFN-MBLVYYNZSA-N,LPAR1,predicted,0.951584
AAVNDRKAKFAYFN-MBLVYYNZSA-N,ENPP2,predicted,0.951584
AAVNDRKAKFAYFN-MBLVYYNZSA-N,LPAR2,predicted,0.951584
AAWNBEJOCRYVJE-QNGWXLTQSA-N,PRKCQ,predicted,0.987084
AAWNBEJOCRYVJE-QNGWXLTQSA-N,PRKCE,predicted,0.987084
AAWNBEJOCRYVJE-QNGWXLTQSA-N,PRKCA,predicted,0.987084
AAWNBEJOCRYVJE-QNGWXLTQSA-N,PRKCD,predicted,0.987084
AAWNBEJOCRYVJE-QNGWXLTQSA-N,CDC42BPA,predicted,0.987084
AAWNBEJOCRYVJE-QNGWXLTQSA-N,CDC42BPB,predicted,0.987084
AAWNBEJOCRYVJE-QNGWXLTQSA-N,CNR2,predicted,0.987084
AAWNBEJOCRYVJE-QNGWXLTQSA-N,PKD1,predicted,0.987084
AAWSPHNKTFCCQE-GRSBDEQXSA-N,PRKCA,predicted,0.987084
AAWSPHNKTFCCQE-GRSBDEQXSA-N,PRKCQ,predicted,0.987084
AAWSPHNKTFCCQE-GRSBDEQXSA-N,PRKCD,predicted,0.987084
AAWSPHNKTFCCQE-GRSBDEQXSA-N,CNR2,predicted,0.987084
AAWSPHNKTFCCQE-GRSBDEQXSA-N,FFAR4,predicted,0.987084
AAWSPHNKTFCCQE-GRSBDEQXSA-N,FAAH,predicted,0.987084
AAWSPHNKTFCCQE-GRSBDEQXSA-N,CNR1,predicted,0.987084
AAWSPHNKTFCCQE-GRSBDEQXSA-N,SELP,predicted,0.987084
AAWSPHNKTFCCQE-GRSBDEQXSA-N,PKD1,predicted,0.987084
AAWYHGQYLUEDBG-MPLRIKRWSA-N,CNR2,predicted,0.971499
AAWYHGQYLUEDBG-MPLRIKRWSA-N,PRKCQ,predicted,0.971499
AAWYHGQYLUEDBG-MPLRIKRWSA-N,PRKCE,predicted,0.971499
AAWYHGQYLUEDBG-MPLRIKRWSA-N,PRKCA,predicted,0.971499
AAWYHGQYLUEDBG-MPLRIKRWSA-N,PRKCD,predicted,0.971499
AAWYHGQYLUEDBG-MPLRIKRWSA-N,CDC42BPA,predicted,0.971499
AAWYHGQYLUEDBG-MPLRIKRWSA-N,CDC42BPB,predicted,0.971499
AAWYHGQYLUEDBG-MPLRIKRWSA-N,PNLIP,predicted,0.971499
AAWYHGQYLUEDBG-MPLRIKRWSA-N,LPAR3,predicted,0.971499
AAWYHGQYLUEDBG-MPLRIKRWSA-N,LPAR1,predicted,0.971499
AAWYHGQYLUEDBG-MPLRIKRWSA-N,ENPP2,predicted,0.971499
AAWYHGQYLUEDBG-MPLRIKRWSA-N,LPAR2,predicted,0.971499
AAXMCYUUKFLUMJ-JSFHAIONSA-N,PRKCQ,predicted,0.987084
AAXMCYUUKFLUMJ-JSFHAIONSA-N,PRKCD,predicted,0.987084
AAXMCYUUKFLUMJ-JSFHAIONSA-N,PRKCA,predicted,0.987084
AAXMCYUUKFLUMJ-JSFHAIONSA-N,SELP,predicted,0.987084
AAXMCYUUKFLUMJ-JSFHAIONSA-N,CNR2,predicted,0.987084
AAXMCYUUKFLUMJ-JSFHAIONSA-N,FFAR4,predicted,0.987084
AAXMCYUUKFLUMJ-JSFHAIONSA-N,FAAH,predicted,0.987084
AAXMCYUUKFLUMJ-JSFHAIONSA-N,CNR1,predicted,0.987084
AAXMCYUUKFLUMJ-JSFHAIONSA-N,PKD1,predicted,0.987084
AAXMCYUUKFLUMJ-JSFHAIONSA-N,PRKCE,predicted,0.987084
AAXMCYUUKFLUMJ-TWDRBPDCSA-N,PRKCQ,predicted,0.987084
AAXMCYUUKFLUMJ-TWDRBPDCSA-N,PRKCD,predicted,0.987084
AAXMCYUUKFLUMJ-TWDRBPDCSA-N,PRKCA,predicted,0.987084
AAXMCYUUKFLUMJ-TWDRBPDCSA-N,SELP,predicted,0.987084
AAXMCYUUKFLUMJ-TWDRBPDCSA-N,CNR2,predicted,0.987084
AAXMCYUUKFLUMJ-TWDRBPDCSA-N,FFAR4,predicted,0.987084
AAXMCYUUKFLUMJ-TWDRBPDCSA-N,FAAH,predicted,0.987084
AAXMCYUUKFLUMJ-TWDRBPDCSA-N,CNR1,predicted,0.987084
AAXMCYUUKFLUMJ-TWDRBPDCSA-N,PKD1,predicted,0.987084
AAXMCYUUKFLUMJ-TWDRBPDCSA-N,PRKCE,predicted,0.987084
AAXWISAHYJUCTG-MPLRIKRWSA-N,CNR2,predicted,0.986207
AAXWISAHYJUCTG-MPLRIKRWSA-N,PRKCQ,predicted,0.986207
AAXWISAHYJUCTG-MPLRIKRWSA-N,PRKCE,predicted,0.986207
AAXWISAHYJUCTG-MPLRIKRWSA-N,PRKCA,predicted,0.986207
AAXWISAHYJUCTG-MPLRIKRWSA-N,PRKCD,predicted,0.986207
AAXWISAHYJUCTG-MPLRIKRWSA-N,CDC42BPA,predicted,0.986207
AAXWISAHYJUCTG-MPLRIKRWSA-N,CDC42BPB,predicted,0.986207
AAXWISAHYJUCTG-MPLRIKRWSA-N,LPAR1,predicted,0.986207
AAXWISAHYJUCTG-MPLRIKRWSA-N,ENPP2,predicted,0.986207
AAXWISAHYJUCTG-MPLRIKRWSA-N,LPAR3,predicted,0.986207
AAXWISAHYJUCTG-MPLRIKRWSA-N,LPAR2,predicted,0.986207
AAXWISAHYJUCTG-OIVUAWODSA-N,CNR2,predicted,0.986207
AAXWISAHYJUCTG-OIVUAWODSA-N,PRKCQ,predicted,0.986207
AAXWISAHYJUCTG-OIVUAWODSA-N,PRKCE,predicted,0.986207
AAXWISAHYJUCTG-OIVUAWODSA-N,PRKCA,predicted,0.986207
AAXWISAHYJUCTG-OIVUAWODSA-N,PRKCD,predicted,0.986207
AAXWISAHYJUCTG-OIVUAWODSA-N,CDC42BPA,predicted,0.986207
AAXWISAHYJUCTG-OIVUAWODSA-N,CDC42BPB,predicted,0.986207
AAXWISAHYJUCTG-OIVUAWODSA-N,LPAR1,predicted,0.986207
AAXWISAHYJUCTG-OIVUAWODSA-N,ENPP2,predicted,0.986207
AAXWISAHYJUCTG-OIVUAWODSA-N,LPAR3,predicted,0.986207
AAXWISAHYJUCTG-OIVUAWODSA-N,LPAR2,predicted,0.986207
AAXYAFFKOSNMEB-MHARETSRSA-N,P2RX3,predicted,0.96292
AAXYAFFKOSNMEB-MHARETSRSA-N,RAB7A,predicted,0.96292
AAXYAFFKOSNMEB-MHARETSRSA-N,P2RX2,predicted,0.96292
AAXYAFFKOSNMEB-MHARETSRSA-N,P2RY1,predicted,0.96292
AAXYAFFKOSNMEB-MHARETSRSA-N,P2RX4,predicted,0.96292
AAXYAFFKOSNMEB-MHARETSRSA-N,P2RX1,predicted,0.96292
AAXYAFFKOSNMEB-MHARETSRSA-N,P2RY2,predicted,0.96292
AAYJVNROXHMWJF-OKIOPPKUSA-N,PRKCQ,predicted,0.987084
AAYJVNROXHMWJF-OKIOPPKUSA-N,PRKCD,predicted,0.987084
AAYJVNROXHMWJF-OKIOPPKUSA-N,PRKCA,predicted,0.987084
AAYJVNROXHMWJF-OKIOPPKUSA-N,SELP,predicted,0.987084
AAYJVNROXHMWJF-OKIOPPKUSA-N,CNR2,predicted,0.987084
AAYJVNROXHMWJF-OKIOPPKUSA-N,FFAR4,predicted,0.987084
AAYJVNROXHMWJF-OKIOPPKUSA-N,FAAH,predicted,0.987084
AAYJVNROXHMWJF-OKIOPPKUSA-N,CNR1,predicted,0.987084
AAYJVNROXHMWJF-OKIOPPKUSA-N,PKD1,predicted,0.987084
AAYJVNROXHMWJF-OKIOPPKUSA-N,PRKCE,predicted,0.987084
AAYLLNKLDFMSRD-HLIHSNNZSA-N,FAAH,predicted,0.98348
AAYLLNKLDFMSRD-HLIHSNNZSA-N,LPAR5,predicted,0.98348
AAYLLNKLDFMSRD-HLIHSNNZSA-N,LPAR4,predicted,0.98348
AAYLLNKLDFMSRD-HLIHSNNZSA-N,LPAR1,predicted,0.98348
AAYLLNKLDFMSRD-HLIHSNNZSA-N,LPAR3,predicted,0.98348
AAYLLNKLDFMSRD-HLIHSNNZSA-N,LPAR2,predicted,0.98348
AAYLLNKLDFMSRD-HLIHSNNZSA-N,CES2,predicted,0.98348
AAYLLNKLDFMSRD-HLIHSNNZSA-N,LPAR6,predicted,0.98348
AAYLLNKLDFMSRD-HLIHSNNZSA-N,TRPV1,predicted,0.98348
AAYLLNKLDFMSRD-HLIHSNNZSA-N,ENPP2,predicted,0.98348
AAYLLNKLDFMSRD-HLIHSNNZSA-N,FFAR1,predicted,0.98348
AAYLLNKLDFMSRD-HLIHSNNZSA-N,PPARG,predicted,0.98348
AAYLLNKLDFMSRD-HLIHSNNZSA-N,PTGS1,predicted,0.98348
AAYLLNKLDFMSRD-HLIHSNNZSA-N,PPARA,predicted,0.98348
AAYLLNKLDFMSRD-HLIHSNNZSA-N,FFAR4,predicted,0.98348
AAYLLNKLDFMSRD-HLIHSNNZSA-N,NR1I2,predicted,0.98348
AAYLLNKLDFMSRD-HLIHSNNZSA-N,OXER1,predicted,0.98348
AAYYJBZZHJNMEO-UHFFFAOYSA-N,PTGS2,predicted,0.944349
AAYYJBZZHJNMEO-UHFFFAOYSA-N,PTGS1,predicted,0.944349
AAYYJBZZHJNMEO-UHFFFAOYSA-N,TAS2R16,predicted,0.944349
AAYYJBZZHJNMEO-UHFFFAOYSA-N,HKDC1,predicted,0.944349
AAYYJBZZHJNMEO-UHFFFAOYSA-N,SUMO1,predicted,0.944349
AAYYJBZZHJNMEO-UHFFFAOYSA-N,PSIP1,predicted,0.944349
AAYYJBZZHJNMEO-UHFFFAOYSA-N,SERPINE1,predicted,0.944349
AAYYJBZZHJNMEO-UHFFFAOYSA-N,TYR,predicted,0.944349
AAYYJBZZHJNMEO-UHFFFAOYSA-N,SLC5A2,predicted,0.944349
AAYYJBZZHJNMEO-UHFFFAOYSA-N,SLC5A1,predicted,0.944349
AAZDQNFGXLHGPJ-AUPLRJEGSA-N,CNR2,predicted,0.951584
AAZDQNFGXLHGPJ-AUPLRJEGSA-N,PRKCD,predicted,0.951584
AAZDQNFGXLHGPJ-AUPLRJEGSA-N,CDC42BPA,predicted,0.951584
AAZDQNFGXLHGPJ-AUPLRJEGSA-N,PRKCA,predicted,0.951584
AAZDQNFGXLHGPJ-AUPLRJEGSA-N,CDC42BPB,predicted,0.951584
AAZDQNFGXLHGPJ-AUPLRJEGSA-N,PRKCQ,predicted,0.951584
AAZDQNFGXLHGPJ-AUPLRJEGSA-N,PRKCE,predicted,0.951584
AAZDQNFGXLHGPJ-AUPLRJEGSA-N,PNLIP,predicted,0.951584
AAZDQNFGXLHGPJ-AUPLRJEGSA-N,LPAR3,predicted,0.951584
AAZDQNFGXLHGPJ-AUPLRJEGSA-N,LPAR1,predicted,0.951584
AAZDQNFGXLHGPJ-AUPLRJEGSA-N,ENPP2,predicted,0.951584
AAZDQNFGXLHGPJ-AUPLRJEGSA-N,LPAR2,predicted,0.951584
AAZDQNFGXLHGPJ-PFUDJBDGSA-N,CNR2,predicted,0.951584
AAZDQNFGXLHGPJ-PFUDJBDGSA-N,PRKCD,predicted,0.951584
AAZDQNFGXLHGPJ-PFUDJBDGSA-N,CDC42BPA,predicted,0.951584
AAZDQNFGXLHGPJ-PFUDJBDGSA-N,PRKCA,predicted,0.951584
AAZDQNFGXLHGPJ-PFUDJBDGSA-N,CDC42BPB,predicted,0.951584
AAZDQNFGXLHGPJ-PFUDJBDGSA-N,PRKCQ,predicted,0.951584
AAZDQNFGXLHGPJ-PFUDJBDGSA-N,PRKCE,predicted,0.951584
AAZDQNFGXLHGPJ-PFUDJBDGSA-N,PNLIP,predicted,0.951584
AAZDQNFGXLHGPJ-PFUDJBDGSA-N,LPAR3,predicted,0.951584
AAZDQNFGXLHGPJ-PFUDJBDGSA-N,LPAR1,predicted,0.951584
AAZDQNFGXLHGPJ-PFUDJBDGSA-N,ENPP2,predicted,0.951584
AAZDQNFGXLHGPJ-PFUDJBDGSA-N,LPAR2,predicted,0.951584
AAZLBQIWPSJHIZ-XGUPTXRGSA-N,PRKCA,predicted,0.986832
AAZLBQIWPSJHIZ-XGUPTXRGSA-N,PRKCQ,predicted,0.986832
AAZLBQIWPSJHIZ-XGUPTXRGSA-N,PRKCD,predicted,0.986832
AAZLBQIWPSJHIZ-XGUPTXRGSA-N,SELP,predicted,0.986832
AAZLBQIWPSJHIZ-XGUPTXRGSA-N,PKD1,predicted,0.986832
AAZLBQIWPSJHIZ-XGUPTXRGSA-N,CNR2,predicted,0.986832
AAZLBQIWPSJHIZ-XGUPTXRGSA-N,FFAR4,predicted,0.986832
AAZLBQIWPSJHIZ-XGUPTXRGSA-N,FAAH,predicted,0.986832
AAZLBQIWPSJHIZ-XGUPTXRGSA-N,CNR1,predicted,0.986832
AAZLBQIWPSJHIZ-XGUPTXRGSA-N,S1PR1,predicted,0.986832
AAZOMBJKSJQDHJ-ZBRBWIFHSA-N,SELP,predicted,0.987084
AAZOMBJKSJQDHJ-ZBRBWIFHSA-N,NR5A1,predicted,0.987084
AAZOMBJKSJQDHJ-ZBRBWIFHSA-N,NR5A2,predicted,0.987084
AAZOMBJKSJQDHJ-ZBRBWIFHSA-N,LPAR1,predicted,0.987084
AAZOMBJKSJQDHJ-ZBRBWIFHSA-N,LPAR5,predicted,0.987084
AAZOMBJKSJQDHJ-ZBRBWIFHSA-N,LPAR4,predicted,0.987084
AAZOMBJKSJQDHJ-ZBRBWIFHSA-N,LPAR3,predicted,0.987084
AAZOMBJKSJQDHJ-ZBRBWIFHSA-N,LPAR2,predicted,0.987084
AAZOMBJKSJQDHJ-ZBRBWIFHSA-N,CES2,predicted,0.987084
AAZOMBJKSJQDHJ-ZBRBWIFHSA-N,LPAR6,predicted,0.987084
AAZOMBJKSJQDHJ-ZBRBWIFHSA-N,TRPV1,predicted,0.987084
AAZOMBJKSJQDHJ-ZBRBWIFHSA-N,ENPP2,predicted,0.987084
AAZOMBJKSJQDHJ-ZBRBWIFHSA-N,GPR174,predicted,0.987084
AAZOMBJKSJQDHJ-ZBRBWIFHSA-N,GPR34,predicted,0.987084
AAZOMBJKSJQDHJ-ZBRBWIFHSA-N,P2RY10,predicted,0.987084
AAZXFALIBYEKBE-UHFFFAOYSA-N,POLA1,predicted,0.955539
AAZXFALIBYEKBE-UHFFFAOYSA-N,CYP46A1,predicted,0.955539
AAZXFALIBYEKBE-UHFFFAOYSA-N,PLA2G2A,predicted,0.955539
AAZXFALIBYEKBE-UHFFFAOYSA-N,RORC,predicted,0.955539
AAZXFALIBYEKBE-UHFFFAOYSA-N,OSBP2,predicted,0.955539
AAZXFALIBYEKBE-UHFFFAOYSA-N,OSBP,predicted,0.955539
AAZXFALIBYEKBE-UHFFFAOYSA-N,ABCB1,predicted,0.955539
AAZXFALIBYEKBE-UHFFFAOYSA-N,NPC1,predicted,0.955539
AAZXFALIBYEKBE-UHFFFAOYSA-N,AR,predicted,0.955539
AAZXFALIBYEKBE-UHFFFAOYSA-N,UGCG,predicted,0.955539
AAZXFALIBYEKBE-UHFFFAOYSA-N,GBA2,predicted,0.955539
AAZXFALIBYEKBE-UHFFFAOYSA-N,GBA1,predicted,0.955539
AAZXFALIBYEKBE-UHFFFAOYSA-N,NPC1L1,predicted,0.955539
AAZXFALIBYEKBE-UHFFFAOYSA-N,NR1H2,predicted,0.955539
AAZZVFONLHYNDZ-NVQRUNIKSA-J,NAA50,predicted,0.931754
AAZZVFONLHYNDZ-NVQRUNIKSA-J,CHAT,predicted,0.931754
AAZZVFONLHYNDZ-NVQRUNIKSA-J,PPP5C,predicted,0.931754
AAZZVFONLHYNDZ-NVQRUNIKSA-J,AURKA,predicted,0.931754
AAZZVFONLHYNDZ-NVQRUNIKSA-J,AANAT,predicted,0.931754
AAZZVFONLHYNDZ-NVQRUNIKSA-J,EP300,predicted,0.931754
ABAPCGOEPWAJOW-KHLWFPLBSA-N,PRKCQ,predicted,0.985402
ABAPCGOEPWAJOW-KHLWFPLBSA-N,PRKCD,predicted,0.985402
ABAPCGOEPWAJOW-KHLWFPLBSA-N,PRKCA,predicted,0.985402
ABAPCGOEPWAJOW-KHLWFPLBSA-N,SELP,predicted,0.985402
ABAPCGOEPWAJOW-KHLWFPLBSA-N,PKD1,predicted,0.985402
ABAPCGOEPWAJOW-KHLWFPLBSA-N,CNR2,predicted,0.985402
ABAPCGOEPWAJOW-KHLWFPLBSA-N,FFAR4,predicted,0.985402
ABAPCGOEPWAJOW-KHLWFPLBSA-N,FAAH,predicted,0.985402
ABAPCGOEPWAJOW-KHLWFPLBSA-N,CNR1,predicted,0.985402
ABAPCGOEPWAJOW-KHLWFPLBSA-N,S1PR1,predicted,0.985402
ABBYYPGQJRBTGA-NESBLOORSA-N,SELP,predicted,0.987084
ABBYYPGQJRBTGA-NESBLOORSA-N,NR5A1,predicted,0.987084
ABBYYPGQJRBTGA-NESBLOORSA-N,NR5A2,predicted,0.987084
ABBYYPGQJRBTGA-NESBLOORSA-N,LPAR1,predicted,0.987084
ABBYYPGQJRBTGA-NESBLOORSA-N,LPAR6,predicted,0.987084
ABBYYPGQJRBTGA-NESBLOORSA-N,LPAR5,predicted,0.987084
ABBYYPGQJRBTGA-NESBLOORSA-N,TRPV1,predicted,0.987084
ABBYYPGQJRBTGA-NESBLOORSA-N,LPAR4,predicted,0.987084
ABBYYPGQJRBTGA-NESBLOORSA-N,LPAR3,predicted,0.987084
ABBYYPGQJRBTGA-NESBLOORSA-N,LPAR2,predicted,0.987084
ABBYYPGQJRBTGA-NESBLOORSA-N,ENPP2,predicted,0.987084
ABBYYPGQJRBTGA-NESBLOORSA-N,CES2,predicted,0.987084
ABBYYPGQJRBTGA-NESBLOORSA-N,GPR174,predicted,0.987084
ABBYYPGQJRBTGA-NESBLOORSA-N,GPR34,predicted,0.987084
ABBYYPGQJRBTGA-NESBLOORSA-N,P2RY10,predicted,0.987084
ABCOOORLYAOBOZ-KQYNXXCUSA-N,ATIC,predicted,0.987084
ABCOOORLYAOBOZ-KQYNXXCUSA-N,FBP1,predicted,0.987084
ABCOOORLYAOBOZ-KQYNXXCUSA-N,ADORA1,predicted,0.987084
ABCOOORLYAOBOZ-KQYNXXCUSA-N,SRC,predicted,0.987084
ABCOOORLYAOBOZ-KQYNXXCUSA-N,P2RY2,predicted,0.987084
ABCOOORLYAOBOZ-KQYNXXCUSA-N,P2RY1,predicted,0.987084
ABCOOORLYAOBOZ-KQYNXXCUSA-N,PRKAB1,predicted,0.987084
ABCOOORLYAOBOZ-KQYNXXCUSA-N,TAS1R1,predicted,0.987084
ABCOOORLYAOBOZ-KQYNXXCUSA-N,HPRT1,predicted,0.987084
ABCOOORLYAOBOZ-KQYNXXCUSA-N,PPP2R5A,predicted,0.987084
ABCOOORLYAOBOZ-KQYNXXCUSA-N,CA5A,predicted,0.987084
ABCOOORLYAOBOZ-KQYNXXCUSA-N,CA2,predicted,0.987084
ABCOOORLYAOBOZ-KQYNXXCUSA-N,CA1,predicted,0.987084
ABCOOORLYAOBOZ-KQYNXXCUSA-N,IMPDH1,predicted,0.987084
ABCOOORLYAOBOZ-KQYNXXCUSA-N,DNPH1,predicted,0.987084
ABFJWRKPWCFTQP-JKFVOKSPSA-N,PRKCQ,predicted,0.987084
ABFJWRKPWCFTQP-JKFVOKSPSA-N,PRKCD,predicted,0.987084
ABFJWRKPWCFTQP-JKFVOKSPSA-N,PRKCA,predicted,0.987084
ABFJWRKPWCFTQP-JKFVOKSPSA-N,SELP,predicted,0.987084
ABFJWRKPWCFTQP-JKFVOKSPSA-N,CNR2,predicted,0.987084
ABFJWRKPWCFTQP-JKFVOKSPSA-N,FFAR4,predicted,0.987084
ABFJWRKPWCFTQP-JKFVOKSPSA-N,FAAH,predicted,0.987084
ABFJWRKPWCFTQP-JKFVOKSPSA-N,CNR1,predicted,0.987084
ABFJWRKPWCFTQP-JKFVOKSPSA-N,PKD1,predicted,0.987084
ABFJWRKPWCFTQP-JKFVOKSPSA-N,PRKCE,predicted,0.987084
ABFJWRKPWCFTQP-XSMLMOGHSA-N,PRKCQ,predicted,0.987084
ABFJWRKPWCFTQP-XSMLMOGHSA-N,PRKCD,predicted,0.987084
ABFJWRKPWCFTQP-XSMLMOGHSA-N,PRKCA,predicted,0.987084
ABFJWRKPWCFTQP-XSMLMOGHSA-N,SELP,predicted,0.987084
ABFJWRKPWCFTQP-XSMLMOGHSA-N,CNR2,predicted,0.987084
ABFJWRKPWCFTQP-XSMLMOGHSA-N,FFAR4,predicted,0.987084
ABFJWRKPWCFTQP-XSMLMOGHSA-N,FAAH,predicted,0.987084
ABFJWRKPWCFTQP-XSMLMOGHSA-N,CNR1,predicted,0.987084
ABFJWRKPWCFTQP-XSMLMOGHSA-N,PKD1,predicted,0.987084
ABFJWRKPWCFTQP-XSMLMOGHSA-N,PRKCE,predicted,0.987084
ABIKEVIWOJTKQS-AARKOHAPSA-N,GPR34,predicted,0.987084
ABIKEVIWOJTKQS-AARKOHAPSA-N,P2RY10,predicted,0.987084
ABIKEVIWOJTKQS-AARKOHAPSA-N,SELP,predicted,0.987084
ABIKEVIWOJTKQS-AARKOHAPSA-N,GPR174,predicted,0.987084
ABRHOUKZOUNSSK-FVEAQGRNSA-N,SELP,predicted,0.987084
ABRHOUKZOUNSSK-FVEAQGRNSA-N,LPAR6,predicted,0.987084
ABRHOUKZOUNSSK-FVEAQGRNSA-N,LPAR5,predicted,0.987084
ABRHOUKZOUNSSK-FVEAQGRNSA-N,TRPV1,predicted,0.987084
ABRHOUKZOUNSSK-FVEAQGRNSA-N,LPAR4,predicted,0.987084
ABRHOUKZOUNSSK-FVEAQGRNSA-N,LPAR1,predicted,0.987084
ABRHOUKZOUNSSK-FVEAQGRNSA-N,LPAR3,predicted,0.987084
ABRHOUKZOUNSSK-FVEAQGRNSA-N,LPAR2,predicted,0.987084
ABRHOUKZOUNSSK-FVEAQGRNSA-N,ENPP2,predicted,0.987084
ABRHOUKZOUNSSK-FVEAQGRNSA-N,CES2,predicted,0.987084
ABRHOUKZOUNSSK-FVEAQGRNSA-N,GPR174,predicted,0.987084
ABRHOUKZOUNSSK-FVEAQGRNSA-N,GPR34,predicted,0.987084
ABRHOUKZOUNSSK-FVEAQGRNSA-N,P2RY10,predicted,0.987084
ABUKPIBHMMLQDI-RCOVLANCSA-N,SELP,predicted,0.987084
ABUKPIBHMMLQDI-RCOVLANCSA-N,NR5A1,predicted,0.987084
ABUKPIBHMMLQDI-RCOVLANCSA-N,NR5A2,predicted,0.987084
ABUKPIBHMMLQDI-RCOVLANCSA-N,LPAR1,predicted,0.987084
ABUKPIBHMMLQDI-RCOVLANCSA-N,LPAR5,predicted,0.987084
ABUKPIBHMMLQDI-RCOVLANCSA-N,LPAR4,predicted,0.987084
ABUKPIBHMMLQDI-RCOVLANCSA-N,LPAR3,predicted,0.987084
ABUKPIBHMMLQDI-RCOVLANCSA-N,LPAR2,predicted,0.987084
ABUKPIBHMMLQDI-RCOVLANCSA-N,CES2,predicted,0.987084
ABUKPIBHMMLQDI-RCOVLANCSA-N,LPAR6,predicted,0.987084
ABUKPIBHMMLQDI-RCOVLANCSA-N,TRPV1,predicted,0.987084
ABUKPIBHMMLQDI-RCOVLANCSA-N,ENPP2,predicted,0.987084
ABUKPIBHMMLQDI-RCOVLANCSA-N,GPR174,predicted,0.987084
ABUKPIBHMMLQDI-RCOVLANCSA-N,GPR34,predicted,0.987084
ABUKPIBHMMLQDI-RCOVLANCSA-N,P2RY10,predicted,0.987084
ABVCUBUIXWJYSE-UHFFFAOYSA-O,CD38,predicted,0.987084
ABVCUBUIXWJYSE-UHFFFAOYSA-O,DPP4,predicted,0.987084
ABVCUBUIXWJYSE-UHFFFAOYSA-O,TYR,predicted,0.987084
ABVCUBUIXWJYSE-UHFFFAOYSA-O,SLC5A1,predicted,0.987084
ABVCUBUIXWJYSE-UHFFFAOYSA-O,SLC5A2,predicted,0.987084
ABVCUBUIXWJYSE-UHFFFAOYSA-O,SLC2A1,predicted,0.987084
ABVCUBUIXWJYSE-UHFFFAOYSA-O,ACHE,predicted,0.987084
ABVCUBUIXWJYSE-UHFFFAOYSA-O,SLC5A4,predicted,0.987084
ABVCUBUIXWJYSE-UHFFFAOYSA-O,CA12,predicted,0.987084
ABVCUBUIXWJYSE-UHFFFAOYSA-O,CA2,predicted,0.987084
ABVCUBUIXWJYSE-UHFFFAOYSA-O,CA4,predicted,0.987084
ABVCUBUIXWJYSE-UHFFFAOYSA-O,CA7,predicted,0.987084
ABVCUBUIXWJYSE-UHFFFAOYSA-O,CA1,predicted,0.987084
ABVCUBUIXWJYSE-UHFFFAOYSA-O,ALDH1B1,predicted,0.987084
ABVCUBUIXWJYSE-UHFFFAOYSA-O,ALDH2,predicted,0.987084
ABVCUBUIXWJYSE-UHFFFAOYSA-O,IL2,predicted,0.987084
ABVCUBUIXWJYSE-UHFFFAOYSA-O,ALDH1A2,predicted,0.987084
ABVCUBUIXWJYSE-UHFFFAOYSA-O,SLC28A3,predicted,0.987084
ABVCUBUIXWJYSE-UHFFFAOYSA-O,OR51E2,predicted,0.987084
ACDSUMGMZHXCRO-UHFFFAOYSA-N,PDE4D,predicted,0.958669
ACDSUMGMZHXCRO-UHFFFAOYSA-N,PTPN1,predicted,0.958669
ACDSUMGMZHXCRO-UHFFFAOYSA-N,RELA,predicted,0.958669
ACDSUMGMZHXCRO-UHFFFAOYSA-N,NFKB1,predicted,0.958669
ACDSUMGMZHXCRO-UHFFFAOYSA-N,CSNK2A3,predicted,0.958669
ACDSUMGMZHXCRO-UHFFFAOYSA-N,ESR1,predicted,0.958669
ACDSUMGMZHXCRO-UHFFFAOYSA-N,CSNK2A1,predicted,0.958669
ACDSUMGMZHXCRO-UHFFFAOYSA-N,ESR2,predicted,0.958669
ACDSUMGMZHXCRO-UHFFFAOYSA-N,MGAM,predicted,0.958669
ACDSUMGMZHXCRO-UHFFFAOYSA-N,ACHE,predicted,0.958669
ACDSUMGMZHXCRO-UHFFFAOYSA-N,TYR,predicted,0.958669
ACFIXJIJDZMPPO-NCHANQSKSA-N,ADH1A,predicted,0.987084
ACFIXJIJDZMPPO-NCHANQSKSA-N,RNASEL,predicted,0.987084
ACFIXJIJDZMPPO-NCHANQSKSA-N,P2RX3,predicted,0.987084
ACFIXJIJDZMPPO-NCHANQSKSA-N,P2RX4,predicted,0.987084
ACFIXJIJDZMPPO-NCHANQSKSA-N,P2RX1,predicted,0.987084
ACFIXJIJDZMPPO-NCHANQSKSA-N,P2RY2,predicted,0.987084
ACFIXJIJDZMPPO-NCHANQSKSA-N,P2RX2,predicted,0.987084
ACFIXJIJDZMPPO-NCHANQSKSA-N,P2RY1,predicted,0.987084
ACGLCDJEASKGDO-JSYPMYMJSA-N,PRKCA,predicted,0.986832
ACGLCDJEASKGDO-JSYPMYMJSA-N,PRKCQ,predicted,0.986832
ACGLCDJEASKGDO-JSYPMYMJSA-N,PRKCD,predicted,0.986832
ACGLCDJEASKGDO-JSYPMYMJSA-N,SELP,predicted,0.986832
ACGLCDJEASKGDO-JSYPMYMJSA-N,PKD1,predicted,0.986832
ACGLCDJEASKGDO-JSYPMYMJSA-N,CNR2,predicted,0.986832
ACGLCDJEASKGDO-JSYPMYMJSA-N,FFAR4,predicted,0.986832
ACGLCDJEASKGDO-JSYPMYMJSA-N,FAAH,predicted,0.986832
ACGLCDJEASKGDO-JSYPMYMJSA-N,CNR1,predicted,0.986832
ACGLCDJEASKGDO-JSYPMYMJSA-N,S1PR1,predicted,0.986832
ACLPCAOOWJUVLL-DZKYTWFZSA-N,SELP,predicted,0.987084
ACLPCAOOWJUVLL-DZKYTWFZSA-N,LPAR6,predicted,0.987084
ACLPCAOOWJUVLL-DZKYTWFZSA-N,LPAR5,predicted,0.987084
ACLPCAOOWJUVLL-DZKYTWFZSA-N,TRPV1,predicted,0.987084
ACLPCAOOWJUVLL-DZKYTWFZSA-N,LPAR4,predicted,0.987084
ACLPCAOOWJUVLL-DZKYTWFZSA-N,LPAR1,predicted,0.987084
ACLPCAOOWJUVLL-DZKYTWFZSA-N,LPAR3,predicted,0.987084
ACLPCAOOWJUVLL-DZKYTWFZSA-N,LPAR2,predicted,0.987084
ACLPCAOOWJUVLL-DZKYTWFZSA-N,ENPP2,predicted,0.987084
ACLPCAOOWJUVLL-DZKYTWFZSA-N,CES2,predicted,0.987084
ACLPCAOOWJUVLL-DZKYTWFZSA-N,GPR174,predicted,0.987084
ACLPCAOOWJUVLL-DZKYTWFZSA-N,GPR34,predicted,0.987084
ACLPCAOOWJUVLL-DZKYTWFZSA-N,P2RY10,predicted,0.987084
ACLQSYLJAZRTAP-XAFBQJBNSA-N,SELP,predicted,0.987084
ACLQSYLJAZRTAP-XAFBQJBNSA-N,LPAR6,predicted,0.987084
ACLQSYLJAZRTAP-XAFBQJBNSA-N,LPAR5,predicted,0.987084
ACLQSYLJAZRTAP-XAFBQJBNSA-N,TRPV1,predicted,0.987084
ACLQSYLJAZRTAP-XAFBQJBNSA-N,LPAR4,predicted,0.987084
ACLQSYLJAZRTAP-XAFBQJBNSA-N,LPAR1,predicted,0.987084
ACLQSYLJAZRTAP-XAFBQJBNSA-N,LPAR3,predicted,0.987084
ACLQSYLJAZRTAP-XAFBQJBNSA-N,LPAR2,predicted,0.987084
ACLQSYLJAZRTAP-XAFBQJBNSA-N,ENPP2,predicted,0.987084
ACLQSYLJAZRTAP-XAFBQJBNSA-N,CES2,predicted,0.987084
ACLQSYLJAZRTAP-XAFBQJBNSA-N,GPR174,predicted,0.987084
ACLQSYLJAZRTAP-XAFBQJBNSA-N,GPR34,predicted,0.987084
ACLQSYLJAZRTAP-XAFBQJBNSA-N,P2RY10,predicted,0.987084
ACRIYYKEWCXQOS-UHFFFAOYSA-N,PSIP1,predicted,0.98479
ACRIYYKEWCXQOS-UHFFFAOYSA-N,NTSR1,predicted,0.98479
ACRIYYKEWCXQOS-UHFFFAOYSA-N,AKR1B1,predicted,0.98479
ACRIYYKEWCXQOS-UHFFFAOYSA-N,TNF,predicted,0.98479
ACRIYYKEWCXQOS-UHFFFAOYSA-N,AURKB,predicted,0.98479
ACRIYYKEWCXQOS-UHFFFAOYSA-N,MAPK14,predicted,0.98479
ACRIYYKEWCXQOS-UHFFFAOYSA-N,MAPK10,predicted,0.98479
ACRIYYKEWCXQOS-UHFFFAOYSA-N,IL2,predicted,0.98479
ACRIYYKEWCXQOS-UHFFFAOYSA-N,ABCG2,predicted,0.98479
ACRIYYKEWCXQOS-UHFFFAOYSA-N,EZH1,predicted,0.98479
ACRIYYKEWCXQOS-UHFFFAOYSA-N,SLCO2B1,predicted,0.98479
ACRIYYKEWCXQOS-UHFFFAOYSA-N,CYP1A1,predicted,0.98479
ACRIYYKEWCXQOS-UHFFFAOYSA-N,AMY1A,predicted,0.98479
ACRIYYKEWCXQOS-UHFFFAOYSA-N,CYP1B1,predicted,0.98479
ACRIYYKEWCXQOS-UHFFFAOYSA-N,KMT2A,predicted,0.98479
ACRIYYKEWCXQOS-UHFFFAOYSA-N,NSD2,predicted,0.98479
ACRIYYKEWCXQOS-UHFFFAOYSA-N,SETD7,predicted,0.98479
ACRIYYKEWCXQOS-UHFFFAOYSA-N,PTPRS,predicted,0.98479
ACRIYYKEWCXQOS-UHFFFAOYSA-N,FLT3,predicted,0.98479
ACRIYYKEWCXQOS-UHFFFAOYSA-N,GRK6,predicted,0.98479
ACSWAJLDOHJFNA-VMPITWQZSA-N,MAPT,predicted,0.94705
ACSWAJLDOHJFNA-VMPITWQZSA-N,APP,predicted,0.94705
ACSWAJLDOHJFNA-VMPITWQZSA-N,MET,predicted,0.94705
ACSWAJLDOHJFNA-VMPITWQZSA-N,ACHE,predicted,0.94705
ACSWAJLDOHJFNA-VMPITWQZSA-N,CA12,predicted,0.94705
ACSWAJLDOHJFNA-VMPITWQZSA-N,CA5A,predicted,0.94705
ACSWAJLDOHJFNA-VMPITWQZSA-N,CA2,predicted,0.94705
ACSWAJLDOHJFNA-VMPITWQZSA-N,CSNK2A3,predicted,0.94705
ACSWAJLDOHJFNA-VMPITWQZSA-N,CA14,predicted,0.94705
ACSWAJLDOHJFNA-VMPITWQZSA-N,SNCA,predicted,0.94705
ACSWAJLDOHJFNA-VMPITWQZSA-N,CA6,predicted,0.94705
ACSWAJLDOHJFNA-VMPITWQZSA-N,CA7,predicted,0.94705
ACSWAJLDOHJFNA-VMPITWQZSA-N,CA9,predicted,0.94705
ACSWAJLDOHJFNA-VMPITWQZSA-N,CA1,predicted,0.94705
ACSWAJLDOHJFNA-VMPITWQZSA-N,NFE2L2,predicted,0.94705
ACSWAJLDOHJFNA-VMPITWQZSA-N,ALOX5,predicted,0.94705
ACSWAJLDOHJFNA-VMPITWQZSA-N,TLR9,predicted,0.94705
ACSWAJLDOHJFNA-VMPITWQZSA-N,CA5B,predicted,0.94705
ACSWAJLDOHJFNA-VMPITWQZSA-N,GLO1,predicted,0.94705
ACSWAJLDOHJFNA-VMPITWQZSA-N,PRKCE,predicted,0.94705
ACTHNCRNFFCCAQ-PLKVWTDNSA-N,PRKCQ,predicted,0.987084
ACTHNCRNFFCCAQ-PLKVWTDNSA-N,PRKCD,predicted,0.987084
ACTHNCRNFFCCAQ-PLKVWTDNSA-N,PRKCA,predicted,0.987084
ACTHNCRNFFCCAQ-PLKVWTDNSA-N,PKD1,predicted,0.987084
ACTHNCRNFFCCAQ-PLKVWTDNSA-N,CNR2,predicted,0.987084
ACTHNCRNFFCCAQ-PLKVWTDNSA-N,PRKCE,predicted,0.987084
ACTHNCRNFFCCAQ-PLKVWTDNSA-N,CDC42BPA,predicted,0.987084
ACTHNCRNFFCCAQ-PLKVWTDNSA-N,CDC42BPB,predicted,0.987084
ACTHNCRNFFCCAQ-PLKVWTDNSA-N,ENPP2,predicted,0.987084
ACTHNCRNFFCCAQ-PLKVWTDNSA-N,LPAR1,predicted,0.987084
ACTHNCRNFFCCAQ-PLKVWTDNSA-N,LPAR3,predicted,0.987084
ACTHNCRNFFCCAQ-YNQDZHFMSA-N,PRKCQ,predicted,0.987084
ACTHNCRNFFCCAQ-YNQDZHFMSA-N,PRKCD,predicted,0.987084
ACTHNCRNFFCCAQ-YNQDZHFMSA-N,PRKCA,predicted,0.987084
ACTHNCRNFFCCAQ-YNQDZHFMSA-N,PKD1,predicted,0.987084
ACTHNCRNFFCCAQ-YNQDZHFMSA-N,CNR2,predicted,0.987084
ACTHNCRNFFCCAQ-YNQDZHFMSA-N,PRKCE,predicted,0.987084
ACTHNCRNFFCCAQ-YNQDZHFMSA-N,CDC42BPA,predicted,0.987084
ACTHNCRNFFCCAQ-YNQDZHFMSA-N,CDC42BPB,predicted,0.987084
ACTHNCRNFFCCAQ-YNQDZHFMSA-N,ENPP2,predicted,0.987084
ACTHNCRNFFCCAQ-YNQDZHFMSA-N,LPAR1,predicted,0.987084
ACTHNCRNFFCCAQ-YNQDZHFMSA-N,LPAR3,predicted,0.987084
ACTIUHUUMQJHFO-UPTCCGCDSA-N,MAOB,predicted,0.984183
ACTIUHUUMQJHFO-UPTCCGCDSA-N,ALOX5,predicted,0.984183
ACTIUHUUMQJHFO-UPTCCGCDSA-N,MPEG1,predicted,0.984183
ACUIYXOOZPHRRA-DHEZTBRESA-N,CNR2,predicted,0.948678
ACUIYXOOZPHRRA-DHEZTBRESA-N,CNR1,predicted,0.948678
ACUIYXOOZPHRRA-DHEZTBRESA-N,FAAH,predicted,0.948678
ACUIYXOOZPHRRA-DHEZTBRESA-N,OXER1,predicted,0.948678
ACUIYXOOZPHRRA-DHEZTBRESA-N,ALOX5,predicted,0.948678
ACZVSMNFVFBOTM-UHFFFAOYSA-N,BBOX1,predicted,0.875113
ACZVSMNFVFBOTM-UHFFFAOYSA-N,HDAC3,predicted,0.875113
ACZVSMNFVFBOTM-UHFFFAOYSA-N,CHRNA4,predicted,0.875113
ADCKHLSRWCXEIY-GGAPOBRUSA-N,SELP,predicted,0.987084
ADCKHLSRWCXEIY-GGAPOBRUSA-N,NR5A1,predicted,0.987084
ADCKHLSRWCXEIY-GGAPOBRUSA-N,NR5A2,predicted,0.987084
ADCKHLSRWCXEIY-GGAPOBRUSA-N,LPAR1,predicted,0.987084
ADCKHLSRWCXEIY-GGAPOBRUSA-N,LPAR6,predicted,0.987084
ADCKHLSRWCXEIY-GGAPOBRUSA-N,LPAR5,predicted,0.987084
ADCKHLSRWCXEIY-GGAPOBRUSA-N,TRPV1,predicted,0.987084
ADCKHLSRWCXEIY-GGAPOBRUSA-N,LPAR4,predicted,0.987084
ADCKHLSRWCXEIY-GGAPOBRUSA-N,LPAR3,predicted,0.987084
ADCKHLSRWCXEIY-GGAPOBRUSA-N,LPAR2,predicted,0.987084
ADCKHLSRWCXEIY-GGAPOBRUSA-N,ENPP2,predicted,0.987084
ADCKHLSRWCXEIY-GGAPOBRUSA-N,CES2,predicted,0.987084
ADCKHLSRWCXEIY-GGAPOBRUSA-N,GPR174,predicted,0.987084
ADCKHLSRWCXEIY-GGAPOBRUSA-N,GPR34,predicted,0.987084
ADCKHLSRWCXEIY-GGAPOBRUSA-N,P2RY10,predicted,0.987084
ADHKIZQYPQGIRC-ACSKKKSPSA-N,PRKCQ,predicted,0.987084
ADHKIZQYPQGIRC-ACSKKKSPSA-N,PRKCD,predicted,0.987084
ADHKIZQYPQGIRC-ACSKKKSPSA-N,PRKCA,predicted,0.987084
ADHKIZQYPQGIRC-ACSKKKSPSA-N,PKD1,predicted,0.987084
ADHKIZQYPQGIRC-ACSKKKSPSA-N,CNR2,predicted,0.987084
ADHKIZQYPQGIRC-ACSKKKSPSA-N,PRKCE,predicted,0.987084
ADHKIZQYPQGIRC-ACSKKKSPSA-N,CDC42BPA,predicted,0.987084
ADHKIZQYPQGIRC-ACSKKKSPSA-N,CDC42BPB,predicted,0.987084
ADHKIZQYPQGIRC-ACSKKKSPSA-N,ENPP2,predicted,0.987084
ADHKIZQYPQGIRC-ACSKKKSPSA-N,LPAR1,predicted,0.987084
ADHKIZQYPQGIRC-ACSKKKSPSA-N,LPAR3,predicted,0.987084
ADHKIZQYPQGIRC-SOZVHHJESA-N,PRKCQ,predicted,0.987084
ADHKIZQYPQGIRC-SOZVHHJESA-N,PRKCD,predicted,0.987084
ADHKIZQYPQGIRC-SOZVHHJESA-N,PRKCA,predicted,0.987084
ADHKIZQYPQGIRC-SOZVHHJESA-N,PKD1,predicted,0.987084
ADHKIZQYPQGIRC-SOZVHHJESA-N,CNR2,predicted,0.987084
ADHKIZQYPQGIRC-SOZVHHJESA-N,PRKCE,predicted,0.987084
ADHKIZQYPQGIRC-SOZVHHJESA-N,CDC42BPA,predicted,0.987084
ADHKIZQYPQGIRC-SOZVHHJESA-N,CDC42BPB,predicted,0.987084
ADHKIZQYPQGIRC-SOZVHHJESA-N,ENPP2,predicted,0.987084
ADHKIZQYPQGIRC-SOZVHHJESA-N,LPAR1,predicted,0.987084
ADHKIZQYPQGIRC-SOZVHHJESA-N,LPAR3,predicted,0.987084
ADHNTNYEJYJUCU-ZSJFXSENSA-N,CA9,predicted,0.943082
ADHNTNYEJYJUCU-ZSJFXSENSA-N,CA12,predicted,0.943082
ADHNTNYEJYJUCU-ZSJFXSENSA-N,CA2,predicted,0.943082
ADHNTNYEJYJUCU-ZSJFXSENSA-N,CA1,predicted,0.943082
ADHNTNYEJYJUCU-ZSJFXSENSA-N,SNCA,predicted,0.943082
ADHNTNYEJYJUCU-ZSJFXSENSA-N,EPHX2,predicted,0.943082
ADHNTNYEJYJUCU-ZSJFXSENSA-N,MAOB,predicted,0.943082
ADHNTNYEJYJUCU-ZSJFXSENSA-N,PRKCA,predicted,0.943082
ADHNTNYEJYJUCU-ZSJFXSENSA-N,NFE2L2,predicted,0.943082
ADHNTNYEJYJUCU-ZSJFXSENSA-N,CA6,predicted,0.943082
ADHNTNYEJYJUCU-ZSJFXSENSA-N,ALOX5,predicted,0.943082
ADHNTNYEJYJUCU-ZSJFXSENSA-N,TLR9,predicted,0.943082
ADHNTNYEJYJUCU-ZSJFXSENSA-N,CA5B,predicted,0.943082
ADHNTNYEJYJUCU-ZSJFXSENSA-N,GLO1,predicted,0.943082
ADHNTNYEJYJUCU-ZSJFXSENSA-N,PRKCE,predicted,0.943082
ADHNTNYEJYJUCU-ZSJFXSENSA-N,EGFR,predicted,0.943082
ADHNTNYEJYJUCU-ZSJFXSENSA-N,PTGS2,predicted,0.943082
ADHNTNYEJYJUCU-ZSJFXSENSA-N,ALOX15,predicted,0.943082
ADHNTNYEJYJUCU-ZSJFXSENSA-N,STK33,predicted,0.943082
ADHNTNYEJYJUCU-ZSJFXSENSA-N,CA7,predicted,0.943082
ADMGMAPZAQUXIR-VRHMUEQPSA-N,SELP,predicted,0.987084
ADMGMAPZAQUXIR-VRHMUEQPSA-N,NR5A1,predicted,0.987084
ADMGMAPZAQUXIR-VRHMUEQPSA-N,NR5A2,predicted,0.987084
ADMGMAPZAQUXIR-VRHMUEQPSA-N,LPAR1,predicted,0.987084
ADMGMAPZAQUXIR-VRHMUEQPSA-N,LPAR6,predicted,0.987084
ADMGMAPZAQUXIR-VRHMUEQPSA-N,LPAR5,predicted,0.987084
ADMGMAPZAQUXIR-VRHMUEQPSA-N,TRPV1,predicted,0.987084
ADMGMAPZAQUXIR-VRHMUEQPSA-N,LPAR4,predicted,0.987084
ADMGMAPZAQUXIR-VRHMUEQPSA-N,LPAR3,predicted,0.987084
ADMGMAPZAQUXIR-VRHMUEQPSA-N,LPAR2,predicted,0.987084
ADMGMAPZAQUXIR-VRHMUEQPSA-N,ENPP2,predicted,0.987084
ADMGMAPZAQUXIR-VRHMUEQPSA-N,CES2,predicted,0.987084
ADMGMAPZAQUXIR-VRHMUEQPSA-N,GPR174,predicted,0.987084
ADMGMAPZAQUXIR-VRHMUEQPSA-N,GPR34,predicted,0.987084
ADMGMAPZAQUXIR-VRHMUEQPSA-N,P2RY10,predicted,0.987084
ADNSYCXWAHUWTA-SYOMJGEJSA-N,GPR34,predicted,0.987084
ADNSYCXWAHUWTA-SYOMJGEJSA-N,P2RY10,predicted,0.987084
ADNSYCXWAHUWTA-SYOMJGEJSA-N,SELP,predicted,0.987084
ADNSYCXWAHUWTA-SYOMJGEJSA-N,GPR174,predicted,0.987084
ADONHDUDLSXBIZ-UHFFFAOYSA-N,TYR,predicted,0.904665
ADONHDUDLSXBIZ-UHFFFAOYSA-N,TAS2R16,predicted,0.904665
ADONHDUDLSXBIZ-UHFFFAOYSA-N,CA9,predicted,0.904665
ADONHDUDLSXBIZ-UHFFFAOYSA-N,CA12,predicted,0.904665
ADONHDUDLSXBIZ-UHFFFAOYSA-N,CA1,predicted,0.904665
ADONHDUDLSXBIZ-UHFFFAOYSA-N,AKR1B1,predicted,0.904665
ADONHDUDLSXBIZ-UHFFFAOYSA-N,ALDH1B1,predicted,0.904665
ADONHDUDLSXBIZ-UHFFFAOYSA-N,ALDH2,predicted,0.904665
ADONHDUDLSXBIZ-UHFFFAOYSA-N,IL2,predicted,0.904665
ADONHDUDLSXBIZ-UHFFFAOYSA-N,ALDH1A2,predicted,0.904665
ADQOAYRZNAECHD-UHFFFAOYSA-N,RELA,predicted,0.977348
ADQOAYRZNAECHD-UHFFFAOYSA-N,NFKB1,predicted,0.977348
ADQOAYRZNAECHD-UHFFFAOYSA-N,ACHE,predicted,0.977348
ADQOAYRZNAECHD-UHFFFAOYSA-N,PTPN1,predicted,0.977348
ADQOAYRZNAECHD-UHFFFAOYSA-N,MAOA,predicted,0.977348
ADQOAYRZNAECHD-UHFFFAOYSA-N,PDE4D,predicted,0.977348
ADQOAYRZNAECHD-UHFFFAOYSA-N,FASN,predicted,0.977348
ADQOAYRZNAECHD-UHFFFAOYSA-N,XBP1,predicted,0.977348
ADSYMQORONDIDD-UHFFFAOYSA-N,KDM1A,predicted,0.987084
ADSYMQORONDIDD-UHFFFAOYSA-N,SYNJ2,predicted,0.987084
ADSYMQORONDIDD-UHFFFAOYSA-N,CACNA1B,predicted,0.987084
ADSYMQORONDIDD-UHFFFAOYSA-N,PKM,predicted,0.987084
ADSYMQORONDIDD-UHFFFAOYSA-N,CYP19A1,predicted,0.987084
ADSYMQORONDIDD-UHFFFAOYSA-N,UBE2N,predicted,0.987084
ADSYMQORONDIDD-UHFFFAOYSA-N,MAPK14,predicted,0.987084
ADSYMQORONDIDD-UHFFFAOYSA-N,CA12,predicted,0.987084
ADSYMQORONDIDD-UHFFFAOYSA-N,CA2,predicted,0.987084
ADSYMQORONDIDD-UHFFFAOYSA-N,CYP1A1,predicted,0.987084
ADSYMQORONDIDD-UHFFFAOYSA-N,CA4,predicted,0.987084
ADSYMQORONDIDD-UHFFFAOYSA-N,CYP1B1,predicted,0.987084
ADSYMQORONDIDD-UHFFFAOYSA-N,CA7,predicted,0.987084
ADSYMQORONDIDD-UHFFFAOYSA-N,HDAC6,predicted,0.987084
ADSYMQORONDIDD-UHFFFAOYSA-N,XDH,predicted,0.987084
ADSYMQORONDIDD-UHFFFAOYSA-N,DPP4,predicted,0.987084
ADSYMQORONDIDD-UHFFFAOYSA-N,CA1,predicted,0.987084
ADSYMQORONDIDD-UHFFFAOYSA-N,TRPV1,predicted,0.987084
ADSYMQORONDIDD-UHFFFAOYSA-N,TAS2R31,predicted,0.987084
ADUXEKGZLYFWEG-VQFZQRBBSA-N,PTPN1,predicted,0.987084
ADUXEKGZLYFWEG-VQFZQRBBSA-N,TNF,predicted,0.987084
ADUXEKGZLYFWEG-VQFZQRBBSA-N,SENP1,predicted,0.987084
ADUXEKGZLYFWEG-VQFZQRBBSA-N,AURKB,predicted,0.987084
ADUXEKGZLYFWEG-VQFZQRBBSA-N,IKBKB,predicted,0.987084
ADUXEKGZLYFWEG-VQFZQRBBSA-N,ABCG2,predicted,0.987084
ADUXEKGZLYFWEG-VQFZQRBBSA-N,IL2,predicted,0.987084
ADUXEKGZLYFWEG-VQFZQRBBSA-N,MAPK14,predicted,0.987084
ADUXEKGZLYFWEG-VQFZQRBBSA-N,MAPK10,predicted,0.987084
ADUXEKGZLYFWEG-VQFZQRBBSA-N,GUSB,predicted,0.987084
ADYPMBBPSUQKED-VOLCNUBSSA-N,SELP,predicted,0.987084
ADYPMBBPSUQKED-VOLCNUBSSA-N,LPAR6,predicted,0.987084
ADYPMBBPSUQKED-VOLCNUBSSA-N,LPAR5,predicted,0.987084
ADYPMBBPSUQKED-VOLCNUBSSA-N,TRPV1,predicted,0.987084
ADYPMBBPSUQKED-VOLCNUBSSA-N,LPAR4,predicted,0.987084
ADYPMBBPSUQKED-VOLCNUBSSA-N,LPAR1,predicted,0.987084
ADYPMBBPSUQKED-VOLCNUBSSA-N,LPAR3,predicted,0.987084
ADYPMBBPSUQKED-VOLCNUBSSA-N,LPAR2,predicted,0.987084
ADYPMBBPSUQKED-VOLCNUBSSA-N,ENPP2,predicted,0.987084
ADYPMBBPSUQKED-VOLCNUBSSA-N,CES2,predicted,0.987084
ADYPMBBPSUQKED-VOLCNUBSSA-N,GPR174,predicted,0.987084
ADYPMBBPSUQKED-VOLCNUBSSA-N,GPR34,predicted,0.987084
ADYPMBBPSUQKED-VOLCNUBSSA-N,P2RY10,predicted,0.987084
ADZPFIMEBZGRHB-ILJAMNOWSA-N,SELP,predicted,0.987084
ADZPFIMEBZGRHB-ILJAMNOWSA-N,LPAR6,predicted,0.987084
ADZPFIMEBZGRHB-ILJAMNOWSA-N,LPAR5,predicted,0.987084
ADZPFIMEBZGRHB-ILJAMNOWSA-N,TRPV1,predicted,0.987084
ADZPFIMEBZGRHB-ILJAMNOWSA-N,LPAR4,predicted,0.987084
ADZPFIMEBZGRHB-ILJAMNOWSA-N,LPAR1,predicted,0.987084
ADZPFIMEBZGRHB-ILJAMNOWSA-N,LPAR3,predicted,0.987084
ADZPFIMEBZGRHB-ILJAMNOWSA-N,LPAR2,predicted,0.987084
ADZPFIMEBZGRHB-ILJAMNOWSA-N,ENPP2,predicted,0.987084
ADZPFIMEBZGRHB-ILJAMNOWSA-N,CES2,predicted,0.987084
ADZPFIMEBZGRHB-ILJAMNOWSA-N,GPR174,predicted,0.987084
ADZPFIMEBZGRHB-ILJAMNOWSA-N,GPR34,predicted,0.987084
ADZPFIMEBZGRHB-ILJAMNOWSA-N,P2RY10,predicted,0.987084
AEAMHDRXCYEOCU-HUESYALOSA-N,NR5A1,predicted,0.987084
AEAMHDRXCYEOCU-HUESYALOSA-N,NR5A2,predicted,0.987084
AEAMHDRXCYEOCU-HUESYALOSA-N,FABP3,predicted,0.987084
AEAMHDRXCYEOCU-HUESYALOSA-N,DRD3,predicted,0.987084
AEAMHDRXCYEOCU-HUESYALOSA-N,PTAFR,predicted,0.987084
AEAMHDRXCYEOCU-HUESYALOSA-N,ADRA1B,predicted,0.987084
AEAMHDRXCYEOCU-HUESYALOSA-N,ADRA1D,predicted,0.987084
AEAMHDRXCYEOCU-HUESYALOSA-N,TMEM97,predicted,0.987084
AEAMHDRXCYEOCU-HUESYALOSA-N,ADRA2A,predicted,0.987084
AEAMHDRXCYEOCU-HUESYALOSA-N,ADRA2B,predicted,0.987084
AEAMHDRXCYEOCU-HUESYALOSA-N,HTR2C,predicted,0.987084
AEAMHDRXCYEOCU-HUESYALOSA-N,HTR1D,predicted,0.987084
AEAMHDRXCYEOCU-HUESYALOSA-N,PRKCA,predicted,0.987084
AEAMHDRXCYEOCU-HUESYALOSA-N,PRKCQ,predicted,0.987084
AEAMHDRXCYEOCU-HUESYALOSA-N,PRKCD,predicted,0.987084
AEAMHDRXCYEOCU-HUESYALOSA-N,LCAT,predicted,0.987084
AEAMHDRXCYEOCU-HUESYALOSA-N,SELP,predicted,0.987084
AEAMHDRXCYEOCU-HUESYALOSA-N,ENPP2,predicted,0.987084
AEAMHDRXCYEOCU-HUESYALOSA-N,DAGLA,predicted,0.987084
AEAMHDRXCYEOCU-HUESYALOSA-N,ADGRF1,predicted,0.987084
AEDBOXCTQDATMF-UHFFFAOYSA-N,SLCO1B1,predicted,0.950712
AEDBOXCTQDATMF-UHFFFAOYSA-N,SLCO1B3,predicted,0.950712
AEDBOXCTQDATMF-UHFFFAOYSA-N,IL2,predicted,0.950712
AEDBOXCTQDATMF-UHFFFAOYSA-N,SIGMAR1,predicted,0.950712
AEDBOXCTQDATMF-UHFFFAOYSA-N,EBP,predicted,0.950712
AEDBOXCTQDATMF-UHFFFAOYSA-N,CXCR3,predicted,0.950712
AEDBOXCTQDATMF-UHFFFAOYSA-N,CYP21A2,predicted,0.950712
AEDBOXCTQDATMF-UHFFFAOYSA-N,CYP17A1,predicted,0.950712
AEDBOXCTQDATMF-UHFFFAOYSA-N,GPBAR1,predicted,0.950712
AEDBOXCTQDATMF-UHFFFAOYSA-N,ABCG2,predicted,0.950712
AEDDIBAIWPIIBD-UHFFFAOYSA-N,MGAM,predicted,0.987084
AEDDIBAIWPIIBD-UHFFFAOYSA-N,ALPG,predicted,0.987084
AEDDIBAIWPIIBD-UHFFFAOYSA-N,PSIP1,predicted,0.987084
AEDDIBAIWPIIBD-UHFFFAOYSA-N,ALPI,predicted,0.987084
AEDDIBAIWPIIBD-UHFFFAOYSA-N,ALK,predicted,0.987084
AEDDIBAIWPIIBD-UHFFFAOYSA-N,EGFR,predicted,0.987084
AEDDIBAIWPIIBD-UHFFFAOYSA-N,INSR,predicted,0.987084
AEDDIBAIWPIIBD-UHFFFAOYSA-N,MMP9,predicted,0.987084
AEDDIBAIWPIIBD-UHFFFAOYSA-N,SOST,predicted,0.987084
AEDDIBAIWPIIBD-UHFFFAOYSA-N,UCHL1,predicted,0.987084
AEDDIBAIWPIIBD-UHFFFAOYSA-N,AKR1B1,predicted,0.987084
AEDDIBAIWPIIBD-UHFFFAOYSA-N,NTSR1,predicted,0.987084
AEDDIBAIWPIIBD-UHFFFAOYSA-N,SYNJ2,predicted,0.987084
AEIJGHDRIPTRQY-UBTAJKBJSA-N,SELP,predicted,0.987084
AEIJGHDRIPTRQY-UBTAJKBJSA-N,NR5A1,predicted,0.987084
AEIJGHDRIPTRQY-UBTAJKBJSA-N,NR5A2,predicted,0.987084
AEIJGHDRIPTRQY-UBTAJKBJSA-N,LPAR1,predicted,0.987084
AEIJGHDRIPTRQY-UBTAJKBJSA-N,LPAR5,predicted,0.987084
AEIJGHDRIPTRQY-UBTAJKBJSA-N,LPAR4,predicted,0.987084
AEIJGHDRIPTRQY-UBTAJKBJSA-N,LPAR3,predicted,0.987084
AEIJGHDRIPTRQY-UBTAJKBJSA-N,LPAR2,predicted,0.987084
AEIJGHDRIPTRQY-UBTAJKBJSA-N,CES2,predicted,0.987084
AEIJGHDRIPTRQY-UBTAJKBJSA-N,LPAR6,predicted,0.987084
AEIJGHDRIPTRQY-UBTAJKBJSA-N,TRPV1,predicted,0.987084
AEIJGHDRIPTRQY-UBTAJKBJSA-N,ENPP2,predicted,0.987084
AEIJGHDRIPTRQY-UBTAJKBJSA-N,GPR174,predicted,0.987084
AEIJGHDRIPTRQY-UBTAJKBJSA-N,GPR34,predicted,0.987084
AEIJGHDRIPTRQY-UBTAJKBJSA-N,P2RY10,predicted,0.987084
AEMOLEFTQBMNLQ-AQKNRBDQSA-N,CA9,predicted,0.89855
AEMOLEFTQBMNLQ-AQKNRBDQSA-N,CA12,predicted,0.89855
AEMOLEFTQBMNLQ-AQKNRBDQSA-N,CA2,predicted,0.89855
AEMOLEFTQBMNLQ-AQKNRBDQSA-N,CA1,predicted,0.89855
AEMOLEFTQBMNLQ-AQKNRBDQSA-N,IDUA,predicted,0.89855
AEMOLEFTQBMNLQ-AQKNRBDQSA-N,GLB1,predicted,0.89855
AEMOLEFTQBMNLQ-AQKNRBDQSA-N,MDM2,predicted,0.89855
AEMOLEFTQBMNLQ-AQKNRBDQSA-N,FGF2,predicted,0.89855
AEMOLEFTQBMNLQ-AQKNRBDQSA-N,IGF2R,predicted,0.89855
AEMOLEFTQBMNLQ-AQKNRBDQSA-N,CD44,predicted,0.89855
AEMOLEFTQBMNLQ-ODNOERHMSA-N,CA9,predicted,0.89855
AEMOLEFTQBMNLQ-ODNOERHMSA-N,CA12,predicted,0.89855
AEMOLEFTQBMNLQ-ODNOERHMSA-N,CA2,predicted,0.89855
AEMOLEFTQBMNLQ-ODNOERHMSA-N,CA1,predicted,0.89855
AEMOLEFTQBMNLQ-ODNOERHMSA-N,IDUA,predicted,0.89855
AEMOLEFTQBMNLQ-ODNOERHMSA-N,GLB1,predicted,0.89855
AEMOLEFTQBMNLQ-ODNOERHMSA-N,MDM2,predicted,0.89855
AEMOLEFTQBMNLQ-ODNOERHMSA-N,FGF2,predicted,0.89855
AEMOLEFTQBMNLQ-ODNOERHMSA-N,IGF2R,predicted,0.89855
AEMOLEFTQBMNLQ-ODNOERHMSA-N,CD44,predicted,0.89855
AEMOLEFTQBMNLQ-WAXACMCWSA-N,CA9,predicted,0.89855
AEMOLEFTQBMNLQ-WAXACMCWSA-N,CA12,predicted,0.89855
AEMOLEFTQBMNLQ-WAXACMCWSA-N,CA2,predicted,0.89855
AEMOLEFTQBMNLQ-WAXACMCWSA-N,CA1,predicted,0.89855
AEMOLEFTQBMNLQ-WAXACMCWSA-N,IDUA,predicted,0.89855
AEMOLEFTQBMNLQ-WAXACMCWSA-N,GLB1,predicted,0.89855
AEMOLEFTQBMNLQ-WAXACMCWSA-N,MDM2,predicted,0.89855
AEMOLEFTQBMNLQ-WAXACMCWSA-N,FGF2,predicted,0.89855
AEMOLEFTQBMNLQ-WAXACMCWSA-N,IGF2R,predicted,0.89855
AEMOLEFTQBMNLQ-WAXACMCWSA-N,CD44,predicted,0.89855
AEMRFAOFKBGASW-UHFFFAOYSA-N,OR51E2,predicted,0.875113
AEMRFAOFKBGASW-UHFFFAOYSA-N,SUCNR1,predicted,0.875113
AEMRFAOFKBGASW-UHFFFAOYSA-N,EGLN1,predicted,0.875113
AEMRFAOFKBGASW-UHFFFAOYSA-N,CAMK2A,predicted,0.875113
AEMRFAOFKBGASW-UHFFFAOYSA-N,SLC22A6,predicted,0.875113
AEMRFAOFKBGASW-UHFFFAOYSA-N,PLIN5,predicted,0.875113
AEMRFAOFKBGASW-UHFFFAOYSA-N,PLIN1,predicted,0.875113
AEMRFAOFKBGASW-UHFFFAOYSA-N,CA9,predicted,0.875113
AEMRFAOFKBGASW-UHFFFAOYSA-N,FFAR4,predicted,0.875113
AEMRFAOFKBGASW-UHFFFAOYSA-N,GPR84,predicted,0.875113
AEMRFAOFKBGASW-UHFFFAOYSA-N,HDAC3,predicted,0.875113
AERBNCYCJBRYDG-UHFFFAOYSA-N,SPHK1,predicted,0.987084
AERBNCYCJBRYDG-UHFFFAOYSA-N,SPHK2,predicted,0.987084
AERBNCYCJBRYDG-UHFFFAOYSA-N,UBE2N,predicted,0.987084
AERBNCYCJBRYDG-UHFFFAOYSA-N,TRPV1,predicted,0.987084
AERBNCYCJBRYDG-UHFFFAOYSA-N,ASAH1,predicted,0.987084
AERBNCYCJBRYDG-UHFFFAOYSA-N,OPRM1,predicted,0.987084
AERBNCYCJBRYDG-UHFFFAOYSA-N,PLA2G2A,predicted,0.987084
AERBNCYCJBRYDG-UHFFFAOYSA-N,PLA2G1B,predicted,0.987084
AERGGMDNGDDGPI-UHFFFAOYSA-N,CYP2C19,predicted,0.951584
AERGGMDNGDDGPI-UHFFFAOYSA-N,CYP2A13,predicted,0.951584
AERGGMDNGDDGPI-UHFFFAOYSA-N,MAOB,predicted,0.951584
AERGGMDNGDDGPI-UHFFFAOYSA-N,MAOA,predicted,0.951584
AERGGMDNGDDGPI-UHFFFAOYSA-N,CYP2A6,predicted,0.951584
AERGGMDNGDDGPI-UHFFFAOYSA-N,KDM1A,predicted,0.951584
AERGGMDNGDDGPI-UHFFFAOYSA-N,HTR2B,predicted,0.951584
AERGGMDNGDDGPI-UHFFFAOYSA-N,CYP8B1,predicted,0.951584
AERGGMDNGDDGPI-UHFFFAOYSA-N,CYP2B6,predicted,0.951584
AERGGMDNGDDGPI-UHFFFAOYSA-N,HTR2C,predicted,0.951584
AERGGMDNGDDGPI-UHFFFAOYSA-N,HTR1A,predicted,0.951584
AERGGMDNGDDGPI-UHFFFAOYSA-N,SLC6A3,predicted,0.951584
AERGGMDNGDDGPI-UHFFFAOYSA-N,SLC6A2,predicted,0.951584
AERGGMDNGDDGPI-UHFFFAOYSA-N,SLC6A4,predicted,0.951584
AERGGMDNGDDGPI-UHFFFAOYSA-N,TAAR1,predicted,0.951584
AERGGMDNGDDGPI-UHFFFAOYSA-N,DRD1,predicted,0.951584
AERGGMDNGDDGPI-UHFFFAOYSA-N,DRD2,predicted,0.951584
AERGGMDNGDDGPI-UHFFFAOYSA-N,CHRNA7,predicted,0.951584
AERGGMDNGDDGPI-UHFFFAOYSA-N,HTR2A,predicted,0.951584
AESBAQNLQIQXNK-BMFSGJJHSA-N,SELP,predicted,0.987084
AESBAQNLQIQXNK-BMFSGJJHSA-N,NR5A1,predicted,0.987084
AESBAQNLQIQXNK-BMFSGJJHSA-N,NR5A2,predicted,0.987084
AESBAQNLQIQXNK-BMFSGJJHSA-N,LPAR1,predicted,0.987084
AESBAQNLQIQXNK-BMFSGJJHSA-N,LPAR5,predicted,0.987084
AESBAQNLQIQXNK-BMFSGJJHSA-N,LPAR4,predicted,0.987084
AESBAQNLQIQXNK-BMFSGJJHSA-N,LPAR3,predicted,0.987084
AESBAQNLQIQXNK-BMFSGJJHSA-N,LPAR2,predicted,0.987084
AESBAQNLQIQXNK-BMFSGJJHSA-N,CES2,predicted,0.987084
AESBAQNLQIQXNK-BMFSGJJHSA-N,LPAR6,predicted,0.987084
AESBAQNLQIQXNK-BMFSGJJHSA-N,TRPV1,predicted,0.987084
AESBAQNLQIQXNK-BMFSGJJHSA-N,ENPP2,predicted,0.987084
AESBAQNLQIQXNK-BMFSGJJHSA-N,GPR174,predicted,0.987084
AESBAQNLQIQXNK-BMFSGJJHSA-N,GPR34,predicted,0.987084
AESBAQNLQIQXNK-BMFSGJJHSA-N,P2RY10,predicted,0.987084
AEUCYCQYAUFAKH-YACUFSJGSA-N,NR5A1,predicted,0.987084
AEUCYCQYAUFAKH-YACUFSJGSA-N,NR5A2,predicted,0.987084
AEUCYCQYAUFAKH-YACUFSJGSA-N,FABP3,predicted,0.987084
AEUCYCQYAUFAKH-YACUFSJGSA-N,DRD3,predicted,0.987084
AEUCYCQYAUFAKH-YACUFSJGSA-N,PTAFR,predicted,0.987084
AEUCYCQYAUFAKH-YACUFSJGSA-N,ADRA1B,predicted,0.987084
AEUCYCQYAUFAKH-YACUFSJGSA-N,ADRA1D,predicted,0.987084
AEUCYCQYAUFAKH-YACUFSJGSA-N,TMEM97,predicted,0.987084
AEUCYCQYAUFAKH-YACUFSJGSA-N,ADRA2A,predicted,0.987084
AEUCYCQYAUFAKH-YACUFSJGSA-N,ADRA2B,predicted,0.987084
AEUCYCQYAUFAKH-YACUFSJGSA-N,HTR2C,predicted,0.987084
AEUCYCQYAUFAKH-YACUFSJGSA-N,HTR1D,predicted,0.987084
AEUCYCQYAUFAKH-YACUFSJGSA-N,PRKCA,predicted,0.987084
AEUCYCQYAUFAKH-YACUFSJGSA-N,PRKCQ,predicted,0.987084
AEUCYCQYAUFAKH-YACUFSJGSA-N,PRKCD,predicted,0.987084
AEUCYCQYAUFAKH-YACUFSJGSA-N,LCAT,predicted,0.987084
AEUCYCQYAUFAKH-YACUFSJGSA-N,SELP,predicted,0.987084
AEUCYCQYAUFAKH-YACUFSJGSA-N,ENPP2,predicted,0.987084
AEUCYCQYAUFAKH-YACUFSJGSA-N,DAGLA,predicted,0.987084
AEUCYCQYAUFAKH-YACUFSJGSA-N,ADGRF1,predicted,0.987084
AEWHYWSPVRZHCT-NDZSKPAWSA-N,NAA50,predicted,0.977011
AEWHYWSPVRZHCT-NDZSKPAWSA-N,CHAT,predicted,0.977011
AEWHYWSPVRZHCT-NDZSKPAWSA-N,PPP5C,predicted,0.977011
AEWHYWSPVRZHCT-NDZSKPAWSA-N,AURKA,predicted,0.977011
AEWHYWSPVRZHCT-NDZSKPAWSA-N,EP300,predicted,0.977011
AEWHYWSPVRZHCT-NDZSKPAWSA-N,AANAT,predicted,0.977011
AEWHYWSPVRZHCT-UHFFFAOYSA-J,NAA50,predicted,0.955127
AEWHYWSPVRZHCT-UHFFFAOYSA-J,CHAT,predicted,0.955127
AEWHYWSPVRZHCT-UHFFFAOYSA-J,PPP5C,predicted,0.955127
AEWHYWSPVRZHCT-UHFFFAOYSA-J,AURKA,predicted,0.955127
AEWHYWSPVRZHCT-UHFFFAOYSA-J,EP300,predicted,0.955127
AEWHYWSPVRZHCT-UHFFFAOYSA-J,AANAT,predicted,0.955127
AEXJMQYVIPHZDJ-UHFFFAOYSA-N,CA9,predicted,0.98348
AEXJMQYVIPHZDJ-UHFFFAOYSA-N,CA2,predicted,0.98348
AEXJMQYVIPHZDJ-UHFFFAOYSA-N,CYP1B1,predicted,0.98348
AEXJMQYVIPHZDJ-UHFFFAOYSA-N,MAOA,predicted,0.98348
AEXJMQYVIPHZDJ-UHFFFAOYSA-N,KCNA5,predicted,0.98348
AEXJMQYVIPHZDJ-UHFFFAOYSA-N,KCNA3,predicted,0.98348
AEXJMQYVIPHZDJ-UHFFFAOYSA-N,CYP2A13,predicted,0.98348
AEXJMQYVIPHZDJ-UHFFFAOYSA-N,CYP2A6,predicted,0.98348
AEXJMQYVIPHZDJ-UHFFFAOYSA-N,CYP1A2,predicted,0.98348
AEXJMQYVIPHZDJ-UHFFFAOYSA-N,CYP3A4,predicted,0.98348
AEXJMQYVIPHZDJ-UHFFFAOYSA-N,ACHE,predicted,0.98348
AEXJMQYVIPHZDJ-UHFFFAOYSA-N,MGAM2,predicted,0.98348
AEXJMQYVIPHZDJ-UHFFFAOYSA-N,BACE1,predicted,0.98348
AEXNGRVFOMIYOW-ICFOKQHNSA-N,SELP,predicted,0.9842
AEXNGRVFOMIYOW-ICFOKQHNSA-N,FABP3,predicted,0.9842
AEXNGRVFOMIYOW-ICFOKQHNSA-N,LPAR1,predicted,0.9842
AEXNGRVFOMIYOW-ICFOKQHNSA-N,LPAR3,predicted,0.9842
AEXNGRVFOMIYOW-ICFOKQHNSA-N,ENPP2,predicted,0.9842
AEXNGRVFOMIYOW-ICFOKQHNSA-N,GPR34,predicted,0.9842
AEXNGRVFOMIYOW-ICFOKQHNSA-N,P2RY10,predicted,0.9842
AEXNGRVFOMIYOW-ICFOKQHNSA-N,PRKCQ,predicted,0.9842
AEXNGRVFOMIYOW-ICFOKQHNSA-N,PRKCD,predicted,0.9842
AEXNGRVFOMIYOW-ICFOKQHNSA-N,PRKCA,predicted,0.9842
AFBPFSWMIHJQDM-UHFFFAOYSA-N,CTSD,predicted,0.915095
AFBPFSWMIHJQDM-UHFFFAOYSA-N,PTGS2,predicted,0.915095
AFBPFSWMIHJQDM-UHFFFAOYSA-N,PTGS1,predicted,0.915095
AFBPFSWMIHJQDM-UHFFFAOYSA-N,SLC6A2,predicted,0.915095
AFBPFSWMIHJQDM-UHFFFAOYSA-N,HTR2B,predicted,0.915095
AFBPFSWMIHJQDM-UHFFFAOYSA-N,CYP2C19,predicted,0.915095
AFBPFSWMIHJQDM-UHFFFAOYSA-N,CYP2C9,predicted,0.915095
AFBPFSWMIHJQDM-UHFFFAOYSA-N,IDO1,predicted,0.915095
AFBPFSWMIHJQDM-UHFFFAOYSA-N,CYP2D6,predicted,0.915095
AFBPFSWMIHJQDM-UHFFFAOYSA-N,CYP1A2,predicted,0.915095
AFBPFSWMIHJQDM-UHFFFAOYSA-N,CYP3A4,predicted,0.915095
AFBPFSWMIHJQDM-UHFFFAOYSA-N,KDM1A,predicted,0.915095
AFBPFSWMIHJQDM-UHFFFAOYSA-N,NAPRT,predicted,0.915095
AFBPFSWMIHJQDM-UHFFFAOYSA-N,ABCG2,predicted,0.915095
AFBPFSWMIHJQDM-UHFFFAOYSA-N,NOS1,predicted,0.915095
AFBPFSWMIHJQDM-UHFFFAOYSA-N,APP,predicted,0.915095
AFBPFSWMIHJQDM-UHFFFAOYSA-N,KCNN4,predicted,0.915095
AFDQDPIWXNGUOF-UHFFFAOYSA-N,CA9,predicted,0.973993
AFDQDPIWXNGUOF-UHFFFAOYSA-N,CA12,predicted,0.973993
AFDQDPIWXNGUOF-UHFFFAOYSA-N,CA2,predicted,0.973993
AFDQDPIWXNGUOF-UHFFFAOYSA-N,CA1,predicted,0.973993
AFDQDPIWXNGUOF-UHFFFAOYSA-N,VEGFA,predicted,0.973993
AFDQDPIWXNGUOF-UHFFFAOYSA-N,HPSE,predicted,0.973993
AFDQDPIWXNGUOF-UHFFFAOYSA-N,FGF1,predicted,0.973993
AFDQDPIWXNGUOF-UHFFFAOYSA-N,FGF2,predicted,0.973993
AFDQDPIWXNGUOF-UHFFFAOYSA-N,LGALS4,predicted,0.973993
AFDQDPIWXNGUOF-UHFFFAOYSA-N,LGALS8,predicted,0.973993
AFDQDPIWXNGUOF-UHFFFAOYSA-N,LGALS3,predicted,0.973993
AFDQDPIWXNGUOF-UHFFFAOYSA-N,GLB1,predicted,0.973993
AFDQDPIWXNGUOF-UHFFFAOYSA-N,MDM2,predicted,0.973993
AFDQDPIWXNGUOF-UHFFFAOYSA-N,AMY2A,predicted,0.973993
AFDQDPIWXNGUOF-UHFFFAOYSA-N,CD209,predicted,0.973993
AFDQDPIWXNGUOF-UHFFFAOYSA-N,ENGASE,predicted,0.973993
AFDXODALSZRGIH-QPJJXVBHSA-N,F3,predicted,0.987084
AFDXODALSZRGIH-QPJJXVBHSA-N,BACE1,predicted,0.987084
AFDXODALSZRGIH-QPJJXVBHSA-N,GSK3B,predicted,0.987084
AFDXODALSZRGIH-QPJJXVBHSA-N,MAOB,predicted,0.987084
AFDXODALSZRGIH-QPJJXVBHSA-N,HDAC5,predicted,0.987084
AFDXODALSZRGIH-QPJJXVBHSA-N,HDAC11,predicted,0.987084
AFDXODALSZRGIH-QPJJXVBHSA-N,HDAC4,predicted,0.987084
AFDXODALSZRGIH-QPJJXVBHSA-N,HDAC8,predicted,0.987084
AFDXODALSZRGIH-QPJJXVBHSA-N,HDAC3,predicted,0.987084
AFDXODALSZRGIH-QPJJXVBHSA-N,HDAC1,predicted,0.987084
AFDXODALSZRGIH-QPJJXVBHSA-N,HDAC2,predicted,0.987084
AFDXODALSZRGIH-QPJJXVBHSA-N,HDAC10,predicted,0.987084
AFDXODALSZRGIH-QPJJXVBHSA-N,HDAC6,predicted,0.987084
AFDXODALSZRGIH-QPJJXVBHSA-N,CYP3A4,predicted,0.987084
AFDXODALSZRGIH-QPJJXVBHSA-N,CYP1B1,predicted,0.987084
AFFQVAIMWFYJJS-DTHFMEMVSA-N,PRKCQ,predicted,0.987084
AFFQVAIMWFYJJS-DTHFMEMVSA-N,PRKCD,predicted,0.987084
AFFQVAIMWFYJJS-DTHFMEMVSA-N,PRKCA,predicted,0.987084
AFFQVAIMWFYJJS-DTHFMEMVSA-N,PKD1,predicted,0.987084
AFFQVAIMWFYJJS-DTHFMEMVSA-N,CNR2,predicted,0.987084
AFFQVAIMWFYJJS-DTHFMEMVSA-N,PRKCE,predicted,0.987084
AFFQVAIMWFYJJS-DTHFMEMVSA-N,CDC42BPA,predicted,0.987084
AFFQVAIMWFYJJS-DTHFMEMVSA-N,CDC42BPB,predicted,0.987084
AFFQVAIMWFYJJS-DTHFMEMVSA-N,ENPP2,predicted,0.987084
AFFQVAIMWFYJJS-DTHFMEMVSA-N,LPAR1,predicted,0.987084
AFFQVAIMWFYJJS-DTHFMEMVSA-N,LPAR3,predicted,0.987084
AFIGVZAQSPJHEE-ZZSOQTNOSA-N,SELP,predicted,0.987084
AFIGVZAQSPJHEE-ZZSOQTNOSA-N,NR5A1,predicted,0.987084
AFIGVZAQSPJHEE-ZZSOQTNOSA-N,NR5A2,predicted,0.987084
AFIGVZAQSPJHEE-ZZSOQTNOSA-N,LPAR1,predicted,0.987084
AFIGVZAQSPJHEE-ZZSOQTNOSA-N,LPAR6,predicted,0.987084
AFIGVZAQSPJHEE-ZZSOQTNOSA-N,LPAR5,predicted,0.987084
AFIGVZAQSPJHEE-ZZSOQTNOSA-N,TRPV1,predicted,0.987084
AFIGVZAQSPJHEE-ZZSOQTNOSA-N,LPAR4,predicted,0.987084
AFIGVZAQSPJHEE-ZZSOQTNOSA-N,LPAR3,predicted,0.987084
AFIGVZAQSPJHEE-ZZSOQTNOSA-N,LPAR2,predicted,0.987084
AFIGVZAQSPJHEE-ZZSOQTNOSA-N,ENPP2,predicted,0.987084
AFIGVZAQSPJHEE-ZZSOQTNOSA-N,CES2,predicted,0.987084
AFIGVZAQSPJHEE-ZZSOQTNOSA-N,GPR174,predicted,0.987084
AFIGVZAQSPJHEE-ZZSOQTNOSA-N,GPR34,predicted,0.987084
AFIGVZAQSPJHEE-ZZSOQTNOSA-N,P2RY10,predicted,0.987084
AFKUAQRKQMVATG-UHFFFAOYSA-N,HIF1A,predicted,0.987084
AFKUAQRKQMVATG-UHFFFAOYSA-N,PDCD4,predicted,0.987084
AFKUAQRKQMVATG-UHFFFAOYSA-N,PTGER3,predicted,0.987084
AFKUAQRKQMVATG-UHFFFAOYSA-N,PTGER1,predicted,0.987084
AFKUAQRKQMVATG-UHFFFAOYSA-N,PTGER2,predicted,0.987084
AFKUAQRKQMVATG-UHFFFAOYSA-N,PTGER4,predicted,0.987084
AFLNGLSTOJPKJJ-UHFFFAOYSA-N,F3,predicted,0.985462
AFLNGLSTOJPKJJ-UHFFFAOYSA-N,PTPN1,predicted,0.985462
AFLNGLSTOJPKJJ-UHFFFAOYSA-N,GPBAR1,predicted,0.985462
AFLNGLSTOJPKJJ-UHFFFAOYSA-N,NR1H4,predicted,0.985462
AFLNGLSTOJPKJJ-UHFFFAOYSA-N,HTT,predicted,0.985462
AFLNGLSTOJPKJJ-UHFFFAOYSA-N,PTPRF,predicted,0.985462
AFLNGLSTOJPKJJ-UHFFFAOYSA-N,PTPN2,predicted,0.985462
AFLNGLSTOJPKJJ-UHFFFAOYSA-N,PTPN6,predicted,0.985462
AFLNGLSTOJPKJJ-UHFFFAOYSA-N,AKR1B10,predicted,0.985462
AFLNGLSTOJPKJJ-UHFFFAOYSA-N,PTPN11,predicted,0.985462
AFMQYZXPYJFAPA-VXVUXWGWSA-N,PRKCQ,predicted,0.987084
AFMQYZXPYJFAPA-VXVUXWGWSA-N,PRKCD,predicted,0.987084
AFMQYZXPYJFAPA-VXVUXWGWSA-N,PRKCA,predicted,0.987084
AFMQYZXPYJFAPA-VXVUXWGWSA-N,PKD1,predicted,0.987084
AFMQYZXPYJFAPA-VXVUXWGWSA-N,CNR2,predicted,0.987084
AFMQYZXPYJFAPA-VXVUXWGWSA-N,PRKCE,predicted,0.987084
AFMQYZXPYJFAPA-VXVUXWGWSA-N,CDC42BPA,predicted,0.987084
AFMQYZXPYJFAPA-VXVUXWGWSA-N,CDC42BPB,predicted,0.987084
AFMQYZXPYJFAPA-VXVUXWGWSA-N,ENPP2,predicted,0.987084
AFMQYZXPYJFAPA-VXVUXWGWSA-N,LPAR1,predicted,0.987084
AFMQYZXPYJFAPA-VXVUXWGWSA-N,LPAR3,predicted,0.987084
AFMQYZXPYJFAPA-WOGGMIHASA-N,PRKCQ,predicted,0.987084
AFMQYZXPYJFAPA-WOGGMIHASA-N,PRKCD,predicted,0.987084
AFMQYZXPYJFAPA-WOGGMIHASA-N,PRKCA,predicted,0.987084
AFMQYZXPYJFAPA-WOGGMIHASA-N,PKD1,predicted,0.987084
AFMQYZXPYJFAPA-WOGGMIHASA-N,CNR2,predicted,0.987084
AFMQYZXPYJFAPA-WOGGMIHASA-N,PRKCE,predicted,0.987084
AFMQYZXPYJFAPA-WOGGMIHASA-N,CDC42BPA,predicted,0.987084
AFMQYZXPYJFAPA-WOGGMIHASA-N,CDC42BPB,predicted,0.987084
AFMQYZXPYJFAPA-WOGGMIHASA-N,ENPP2,predicted,0.987084
AFMQYZXPYJFAPA-WOGGMIHASA-N,LPAR1,predicted,0.987084
AFMQYZXPYJFAPA-WOGGMIHASA-N,LPAR3,predicted,0.987084
AFOLOMGWVXKIQL-UHFFFAOYSA-O,DPP4,predicted,0.987084
AFOLOMGWVXKIQL-UHFFFAOYSA-O,EGFR,predicted,0.987084
AFOLOMGWVXKIQL-UHFFFAOYSA-O,GLO1,predicted,0.987084
AFOLOMGWVXKIQL-UHFFFAOYSA-O,SNCA,predicted,0.987084
AFOLOMGWVXKIQL-UHFFFAOYSA-O,KDR,predicted,0.987084
AFOLOMGWVXKIQL-UHFFFAOYSA-O,NR1H3,predicted,0.987084
AFOLOMGWVXKIQL-UHFFFAOYSA-O,F2,predicted,0.987084
AFOLOMGWVXKIQL-UHFFFAOYSA-O,OR51E2,predicted,0.987084
AFOLOMGWVXKIQL-UHFFFAOYSA-O,CD38,predicted,0.987084
AFOLOMGWVXKIQL-UHFFFAOYSA-O,AKR1B1,predicted,0.987084
AFOLOMGWVXKIQL-UHFFFAOYSA-O,MAOA,predicted,0.987084
AFOLOMGWVXKIQL-UHFFFAOYSA-O,ALOX5,predicted,0.987084
AFOLOMGWVXKIQL-UHFFFAOYSA-O,PTGS2,predicted,0.987084
AFOLOMGWVXKIQL-UHFFFAOYSA-O,SMPD3,predicted,0.987084
AFSGMNCJOAPJOR-GODAVPAZSA-N,SELP,predicted,0.987084
AFSGMNCJOAPJOR-GODAVPAZSA-N,NR5A1,predicted,0.987084
AFSGMNCJOAPJOR-GODAVPAZSA-N,NR5A2,predicted,0.987084
AFSGMNCJOAPJOR-GODAVPAZSA-N,LPAR1,predicted,0.987084
AFSGMNCJOAPJOR-GODAVPAZSA-N,LPAR5,predicted,0.987084
AFSGMNCJOAPJOR-GODAVPAZSA-N,LPAR4,predicted,0.987084
AFSGMNCJOAPJOR-GODAVPAZSA-N,LPAR3,predicted,0.987084
AFSGMNCJOAPJOR-GODAVPAZSA-N,LPAR2,predicted,0.987084
AFSGMNCJOAPJOR-GODAVPAZSA-N,CES2,predicted,0.987084
AFSGMNCJOAPJOR-GODAVPAZSA-N,LPAR6,predicted,0.987084
AFSGMNCJOAPJOR-GODAVPAZSA-N,TRPV1,predicted,0.987084
AFSGMNCJOAPJOR-GODAVPAZSA-N,ENPP2,predicted,0.987084
AFSGMNCJOAPJOR-GODAVPAZSA-N,GPR174,predicted,0.987084
AFSGMNCJOAPJOR-GODAVPAZSA-N,GPR34,predicted,0.987084
AFSGMNCJOAPJOR-GODAVPAZSA-N,P2RY10,predicted,0.987084
AFSHUZFNMVJNKX-LLWMBOQKSA-N,PRKCA,predicted,0.987084
AFSHUZFNMVJNKX-LLWMBOQKSA-N,PRKCQ,predicted,0.987084
AFSHUZFNMVJNKX-LLWMBOQKSA-N,PRKCD,predicted,0.987084
AFSHUZFNMVJNKX-LLWMBOQKSA-N,PKD1,predicted,0.987084
AFSHUZFNMVJNKX-LLWMBOQKSA-N,PRKCE,predicted,0.987084
AFSHUZFNMVJNKX-LLWMBOQKSA-N,CDC42BPA,predicted,0.987084
AFSHUZFNMVJNKX-LLWMBOQKSA-N,CDC42BPB,predicted,0.987084
AFSHUZFNMVJNKX-LLWMBOQKSA-N,CNR2,predicted,0.987084
AFSHUZFNMVJNKX-LLWMBOQKSA-N,FFAR4,predicted,0.987084
AFSHUZFNMVJNKX-LLWMBOQKSA-N,FAAH,predicted,0.987084
AFSHUZFNMVJNKX-LLWMBOQKSA-N,CNR1,predicted,0.987084
AFWKBSMFXWNGRE-ARJAWSKDSA-N,APP,predicted,0.987084
AFWKBSMFXWNGRE-ARJAWSKDSA-N,NFE2L2,predicted,0.987084
AFWKBSMFXWNGRE-ARJAWSKDSA-N,STAT3,predicted,0.987084
AFWKBSMFXWNGRE-ARJAWSKDSA-N,CYP2D6,predicted,0.987084
AFWKBSMFXWNGRE-ARJAWSKDSA-N,ALOX5,predicted,0.987084
AFWKBSMFXWNGRE-ARJAWSKDSA-N,HSD11B1,predicted,0.987084
AFWKBSMFXWNGRE-ARJAWSKDSA-N,F3,predicted,0.987084
AFWKBSMFXWNGRE-ARJAWSKDSA-N,CA12,predicted,0.987084
AFWKBSMFXWNGRE-ARJAWSKDSA-N,CA5A,predicted,0.987084
AFWKBSMFXWNGRE-ARJAWSKDSA-N,CA2,predicted,0.987084
AFWKBSMFXWNGRE-ARJAWSKDSA-N,CSNK2A3,predicted,0.987084
AFWKBSMFXWNGRE-ARJAWSKDSA-N,CA14,predicted,0.987084
AFWKBSMFXWNGRE-ARJAWSKDSA-N,SNCA,predicted,0.987084
AFWKBSMFXWNGRE-ARJAWSKDSA-N,CA6,predicted,0.987084
AFWKBSMFXWNGRE-ARJAWSKDSA-N,CA7,predicted,0.987084
AFWKBSMFXWNGRE-ARJAWSKDSA-N,CA9,predicted,0.987084
AFWKBSMFXWNGRE-ARJAWSKDSA-N,CA1,predicted,0.987084
AFWKBSMFXWNGRE-ARJAWSKDSA-N,DYRK1B,predicted,0.987084
AFWKBSMFXWNGRE-ARJAWSKDSA-N,HSPD1,predicted,0.987084
AFWKBSMFXWNGRE-ARJAWSKDSA-N,KDM1A,predicted,0.987084
AFWVVPIAVLFQOY-HNCVWURRSA-N,PRKCQ,predicted,0.987084
AFWVVPIAVLFQOY-HNCVWURRSA-N,PRKCD,predicted,0.987084
AFWVVPIAVLFQOY-HNCVWURRSA-N,PRKCA,predicted,0.987084
AFWVVPIAVLFQOY-HNCVWURRSA-N,PKD1,predicted,0.987084
AFWVVPIAVLFQOY-HNCVWURRSA-N,CNR2,predicted,0.987084
AFWVVPIAVLFQOY-HNCVWURRSA-N,PRKCE,predicted,0.987084
AFWVVPIAVLFQOY-HNCVWURRSA-N,CDC42BPA,predicted,0.987084
AFWVVPIAVLFQOY-HNCVWURRSA-N,CDC42BPB,predicted,0.987084
AFWVVPIAVLFQOY-HNCVWURRSA-N,ENPP2,predicted,0.987084
AFWVVPIAVLFQOY-HNCVWURRSA-N,LPAR1,predicted,0.987084
AFWVVPIAVLFQOY-HNCVWURRSA-N,LPAR3,predicted,0.987084
AFWVVPIAVLFQOY-QMNOEWNESA-N,PRKCQ,predicted,0.987084
AFWVVPIAVLFQOY-QMNOEWNESA-N,PRKCD,predicted,0.987084
AFWVVPIAVLFQOY-QMNOEWNESA-N,PRKCA,predicted,0.987084
AFWVVPIAVLFQOY-QMNOEWNESA-N,PKD1,predicted,0.987084
AFWVVPIAVLFQOY-QMNOEWNESA-N,CNR2,predicted,0.987084
AFWVVPIAVLFQOY-QMNOEWNESA-N,PRKCE,predicted,0.987084
AFWVVPIAVLFQOY-QMNOEWNESA-N,CDC42BPA,predicted,0.987084
AFWVVPIAVLFQOY-QMNOEWNESA-N,CDC42BPB,predicted,0.987084
AFWVVPIAVLFQOY-QMNOEWNESA-N,ENPP2,predicted,0.987084
AFWVVPIAVLFQOY-QMNOEWNESA-N,LPAR1,predicted,0.987084
AFWVVPIAVLFQOY-QMNOEWNESA-N,LPAR3,predicted,0.987084
AFXUNCBGZGFPOZ-UHFFFAOYSA-N,ANTXR2,predicted,0.901255
AFXUNCBGZGFPOZ-UHFFFAOYSA-N,SYNJ2,predicted,0.901255
AFXUNCBGZGFPOZ-UHFFFAOYSA-N,SERPINE1,predicted,0.901255
AFXUNCBGZGFPOZ-UHFFFAOYSA-N,PTPN2,predicted,0.901255
AFXUNCBGZGFPOZ-UHFFFAOYSA-N,PTPN1,predicted,0.901255
AFXUNCBGZGFPOZ-UHFFFAOYSA-N,RGS4,predicted,0.901255
AFXUNCBGZGFPOZ-UHFFFAOYSA-N,RGS7,predicted,0.901255
AFXUNCBGZGFPOZ-UHFFFAOYSA-N,RGS16,predicted,0.901255
AFXUNCBGZGFPOZ-UHFFFAOYSA-N,MCL1,predicted,0.901255
AFXUNCBGZGFPOZ-UHFFFAOYSA-N,RGS19,predicted,0.901255
AFXUNCBGZGFPOZ-UHFFFAOYSA-N,RGS8,predicted,0.901255
AFXUNCBGZGFPOZ-UHFFFAOYSA-N,GSTM1,predicted,0.901255
AGABNGOXUSXQDD-WZUFQYTHSA-N,MAOA,predicted,0.987084
AGABNGOXUSXQDD-WZUFQYTHSA-N,CA9,predicted,0.987084
AGABNGOXUSXQDD-WZUFQYTHSA-N,CA12,predicted,0.987084
AGABNGOXUSXQDD-WZUFQYTHSA-N,CA2,predicted,0.987084
AGABNGOXUSXQDD-WZUFQYTHSA-N,CA1,predicted,0.987084
AGABNGOXUSXQDD-WZUFQYTHSA-N,NPY1R,predicted,0.987084
AGABNGOXUSXQDD-WZUFQYTHSA-N,NPY2R,predicted,0.987084
AGABNGOXUSXQDD-WZUFQYTHSA-N,CA13,predicted,0.987084
AGABNGOXUSXQDD-WZUFQYTHSA-N,CA7,predicted,0.987084
AGABNGOXUSXQDD-WZUFQYTHSA-N,MCL1,predicted,0.987084
AGABNGOXUSXQDD-WZUFQYTHSA-N,HIF1A,predicted,0.987084
AGBLBGGDMGJYFQ-FIACFBACSA-N,PRKCQ,predicted,0.987084
AGBLBGGDMGJYFQ-FIACFBACSA-N,PRKCD,predicted,0.987084
AGBLBGGDMGJYFQ-FIACFBACSA-N,PRKCA,predicted,0.987084
AGBLBGGDMGJYFQ-FIACFBACSA-N,PKD1,predicted,0.987084
AGBLBGGDMGJYFQ-FIACFBACSA-N,CNR2,predicted,0.987084
AGBLBGGDMGJYFQ-FIACFBACSA-N,PRKCE,predicted,0.987084
AGBLBGGDMGJYFQ-FIACFBACSA-N,CDC42BPA,predicted,0.987084
AGBLBGGDMGJYFQ-FIACFBACSA-N,CDC42BPB,predicted,0.987084
AGBLBGGDMGJYFQ-FIACFBACSA-N,ENPP2,predicted,0.987084
AGBLBGGDMGJYFQ-FIACFBACSA-N,LPAR1,predicted,0.987084
AGBLBGGDMGJYFQ-FIACFBACSA-N,LPAR3,predicted,0.987084
AGBLBGGDMGJYFQ-GKJJFOOMSA-N,PRKCQ,predicted,0.987084
AGBLBGGDMGJYFQ-GKJJFOOMSA-N,PRKCD,predicted,0.987084
AGBLBGGDMGJYFQ-GKJJFOOMSA-N,PRKCA,predicted,0.987084
AGBLBGGDMGJYFQ-GKJJFOOMSA-N,PKD1,predicted,0.987084
AGBLBGGDMGJYFQ-GKJJFOOMSA-N,CNR2,predicted,0.987084
AGBLBGGDMGJYFQ-GKJJFOOMSA-N,PRKCE,predicted,0.987084
AGBLBGGDMGJYFQ-GKJJFOOMSA-N,CDC42BPA,predicted,0.987084
AGBLBGGDMGJYFQ-GKJJFOOMSA-N,CDC42BPB,predicted,0.987084
AGBLBGGDMGJYFQ-GKJJFOOMSA-N,ENPP2,predicted,0.987084
AGBLBGGDMGJYFQ-GKJJFOOMSA-N,LPAR1,predicted,0.987084
AGBLBGGDMGJYFQ-GKJJFOOMSA-N,LPAR3,predicted,0.987084
AGKVNKMBWJSNKY-ZZEZOPTASA-N,SELP,predicted,0.9842
AGKVNKMBWJSNKY-ZZEZOPTASA-N,FABP3,predicted,0.9842
AGKVNKMBWJSNKY-ZZEZOPTASA-N,LPAR1,predicted,0.9842
AGKVNKMBWJSNKY-ZZEZOPTASA-N,LPAR3,predicted,0.9842
AGKVNKMBWJSNKY-ZZEZOPTASA-N,ENPP2,predicted,0.9842
AGKVNKMBWJSNKY-ZZEZOPTASA-N,GPR34,predicted,0.9842
AGKVNKMBWJSNKY-ZZEZOPTASA-N,P2RY10,predicted,0.9842
AGKVNKMBWJSNKY-ZZEZOPTASA-N,PRKCQ,predicted,0.9842
AGKVNKMBWJSNKY-ZZEZOPTASA-N,PRKCD,predicted,0.9842
AGKVNKMBWJSNKY-ZZEZOPTASA-N,PRKCA,predicted,0.9842
AGXFHKUZXQPREM-SWGBUSHLSA-N,PRKCQ,predicted,0.987084
AGXFHKUZXQPREM-SWGBUSHLSA-N,PRKCD,predicted,0.987084
AGXFHKUZXQPREM-SWGBUSHLSA-N,PRKCA,predicted,0.987084
AGXFHKUZXQPREM-SWGBUSHLSA-N,SELP,predicted,0.987084
AGXFHKUZXQPREM-SWGBUSHLSA-N,CNR2,predicted,0.987084
AGXFHKUZXQPREM-SWGBUSHLSA-N,FFAR4,predicted,0.987084
AGXFHKUZXQPREM-SWGBUSHLSA-N,FAAH,predicted,0.987084
AGXFHKUZXQPREM-SWGBUSHLSA-N,CNR1,predicted,0.987084
AGXFHKUZXQPREM-SWGBUSHLSA-N,PKD1,predicted,0.987084
AGXFHKUZXQPREM-SWGBUSHLSA-N,PRKCE,predicted,0.987084
AGXFHKUZXQPREM-VBDNUALRSA-N,PRKCQ,predicted,0.987084
AGXFHKUZXQPREM-VBDNUALRSA-N,PRKCD,predicted,0.987084
AGXFHKUZXQPREM-VBDNUALRSA-N,PRKCA,predicted,0.987084
AGXFHKUZXQPREM-VBDNUALRSA-N,SELP,predicted,0.987084
AGXFHKUZXQPREM-VBDNUALRSA-N,CNR2,predicted,0.987084
AGXFHKUZXQPREM-VBDNUALRSA-N,FFAR4,predicted,0.987084
AGXFHKUZXQPREM-VBDNUALRSA-N,FAAH,predicted,0.987084
AGXFHKUZXQPREM-VBDNUALRSA-N,CNR1,predicted,0.987084
AGXFHKUZXQPREM-VBDNUALRSA-N,PKD1,predicted,0.987084
AGXFHKUZXQPREM-VBDNUALRSA-N,PRKCE,predicted,0.987084
AGZKWUAHBZQQNY-KYTQBJKTSA-N,PRKCQ,predicted,0.987084
AGZKWUAHBZQQNY-KYTQBJKTSA-N,PRKCD,predicted,0.987084
AGZKWUAHBZQQNY-KYTQBJKTSA-N,PRKCA,predicted,0.987084
AGZKWUAHBZQQNY-KYTQBJKTSA-N,SELP,predicted,0.987084
AGZKWUAHBZQQNY-KYTQBJKTSA-N,CNR2,predicted,0.987084
AGZKWUAHBZQQNY-KYTQBJKTSA-N,FFAR4,predicted,0.987084
AGZKWUAHBZQQNY-KYTQBJKTSA-N,FAAH,predicted,0.987084
AGZKWUAHBZQQNY-KYTQBJKTSA-N,CNR1,predicted,0.987084
AGZKWUAHBZQQNY-KYTQBJKTSA-N,PKD1,predicted,0.987084
AGZKWUAHBZQQNY-KYTQBJKTSA-N,PRKCE,predicted,0.987084
AGZKWUAHBZQQNY-OSOYSHGCSA-N,PRKCQ,predicted,0.987084
AGZKWUAHBZQQNY-OSOYSHGCSA-N,PRKCD,predicted,0.987084
AGZKWUAHBZQQNY-OSOYSHGCSA-N,PRKCA,predicted,0.987084
AGZKWUAHBZQQNY-OSOYSHGCSA-N,SELP,predicted,0.987084
AGZKWUAHBZQQNY-OSOYSHGCSA-N,CNR2,predicted,0.987084
AGZKWUAHBZQQNY-OSOYSHGCSA-N,FFAR4,predicted,0.987084
AGZKWUAHBZQQNY-OSOYSHGCSA-N,FAAH,predicted,0.987084
AGZKWUAHBZQQNY-OSOYSHGCSA-N,CNR1,predicted,0.987084
AGZKWUAHBZQQNY-OSOYSHGCSA-N,PKD1,predicted,0.987084
AGZKWUAHBZQQNY-OSOYSHGCSA-N,PRKCE,predicted,0.987084
AHIONNAGCSGVAB-UHFFFAOYSA-N,F3,predicted,0.986003
AHIONNAGCSGVAB-UHFFFAOYSA-N,PTPN1,predicted,0.986003
AHIONNAGCSGVAB-UHFFFAOYSA-N,GLS,predicted,0.986003
AHIONNAGCSGVAB-UHFFFAOYSA-N,PTPN2,predicted,0.986003
AHIONNAGCSGVAB-UHFFFAOYSA-N,HTT,predicted,0.986003
AHIONNAGCSGVAB-UHFFFAOYSA-N,CDC25B,predicted,0.986003
AHJRMOMBERFRTM-FKRAWKRWSA-N,PRKCA,predicted,0.986832
AHJRMOMBERFRTM-FKRAWKRWSA-N,PRKCQ,predicted,0.986832
AHJRMOMBERFRTM-FKRAWKRWSA-N,PRKCD,predicted,0.986832
AHJRMOMBERFRTM-FKRAWKRWSA-N,SELP,predicted,0.986832
AHJRMOMBERFRTM-FKRAWKRWSA-N,PKD1,predicted,0.986832
AHJRMOMBERFRTM-FKRAWKRWSA-N,CNR2,predicted,0.986832
AHJRMOMBERFRTM-FKRAWKRWSA-N,FFAR4,predicted,0.986832
AHJRMOMBERFRTM-FKRAWKRWSA-N,FAAH,predicted,0.986832
AHJRMOMBERFRTM-FKRAWKRWSA-N,CNR1,predicted,0.986832
AHJRMOMBERFRTM-FKRAWKRWSA-N,S1PR1,predicted,0.986832
AHJWMSQZOWKKJQ-ZWNMCFTASA-N,PTGS2,predicted,0.976146
AHJWMSQZOWKKJQ-ZWNMCFTASA-N,CTSL,predicted,0.976146
AHJWMSQZOWKKJQ-ZWNMCFTASA-N,CTSB,predicted,0.976146
AHJWMSQZOWKKJQ-ZWNMCFTASA-N,TERT,predicted,0.976146
AHJWMSQZOWKKJQ-ZWNMCFTASA-N,SLC25A21,predicted,0.976146
AHJWMSQZOWKKJQ-ZWNMCFTASA-N,TRPA1,predicted,0.976146
AHJWMSQZOWKKJQ-ZWNMCFTASA-N,NR3C1,predicted,0.976146
AHJWMSQZOWKKJQ-ZWNMCFTASA-N,PGR,predicted,0.976146
AHJWMSQZOWKKJQ-ZWNMCFTASA-N,EPHX2,predicted,0.976146
AHJWMSQZOWKKJQ-ZWNMCFTASA-N,MAN2A1,predicted,0.976146
AHJWMSQZOWKKJQ-ZWNMCFTASA-N,BBOX1,predicted,0.976146
AHJWMSQZOWKKJQ-ZWNMCFTASA-N,FAAH,predicted,0.976146
AHLPHDHHMVZTML-BYPYZUCNSA-N,GRM2,predicted,0.982925
AHLPHDHHMVZTML-BYPYZUCNSA-N,ARG1,predicted,0.982925
AHLPHDHHMVZTML-BYPYZUCNSA-N,ARG2,predicted,0.982925
AHLPHDHHMVZTML-BYPYZUCNSA-N,CHRM5,predicted,0.982925
AHLPHDHHMVZTML-BYPYZUCNSA-N,HRH4,predicted,0.982925
AHLPHDHHMVZTML-BYPYZUCNSA-N,CHRNA2,predicted,0.982925
AHLPHDHHMVZTML-BYPYZUCNSA-N,ADRA1A,predicted,0.982925
AHLPHDHHMVZTML-BYPYZUCNSA-N,CHRNA4,predicted,0.982925
AHLPHDHHMVZTML-BYPYZUCNSA-N,AVPR1B,predicted,0.982925
AHLPHDHHMVZTML-BYPYZUCNSA-N,HTR1A,predicted,0.982925
AHLPHDHHMVZTML-BYPYZUCNSA-N,HTR1D,predicted,0.982925
AHLPHDHHMVZTML-BYPYZUCNSA-N,CHRM4,predicted,0.982925
AHLPHDHHMVZTML-BYPYZUCNSA-N,SLC6A3,predicted,0.982925
AHLPHDHHMVZTML-BYPYZUCNSA-N,CHRM1,predicted,0.982925
AHLPHDHHMVZTML-BYPYZUCNSA-N,HTR1B,predicted,0.982925
AHLPHDHHMVZTML-BYPYZUCNSA-N,ADRA1B,predicted,0.982925
AHLPHDHHMVZTML-BYPYZUCNSA-N,HTR5A,predicted,0.982925
AHLPHDHHMVZTML-BYPYZUCNSA-N,DRD1,predicted,0.982925
AHLPHDHHMVZTML-BYPYZUCNSA-N,DRD2,predicted,0.982925
AHLPHDHHMVZTML-BYPYZUCNSA-N,ADRA2B,predicted,0.982925
AHLPHDHHMVZTML-UHFFFAOYSA-N,GRM2,predicted,0.982925
AHLPHDHHMVZTML-UHFFFAOYSA-N,ARG1,predicted,0.982925
AHLPHDHHMVZTML-UHFFFAOYSA-N,ARG2,predicted,0.982925
AHLPHDHHMVZTML-UHFFFAOYSA-N,CHRM5,predicted,0.982925
AHLPHDHHMVZTML-UHFFFAOYSA-N,HRH4,predicted,0.982925
AHLPHDHHMVZTML-UHFFFAOYSA-N,CHRNA2,predicted,0.982925
AHLPHDHHMVZTML-UHFFFAOYSA-N,ADRA1A,predicted,0.982925
AHLPHDHHMVZTML-UHFFFAOYSA-N,CHRNA4,predicted,0.982925
AHLPHDHHMVZTML-UHFFFAOYSA-N,AVPR1B,predicted,0.982925
AHLPHDHHMVZTML-UHFFFAOYSA-N,HTR1A,predicted,0.982925
AHLPHDHHMVZTML-UHFFFAOYSA-N,HTR1D,predicted,0.982925
AHLPHDHHMVZTML-UHFFFAOYSA-N,CHRM4,predicted,0.982925
AHLPHDHHMVZTML-UHFFFAOYSA-N,SLC6A3,predicted,0.982925
AHLPHDHHMVZTML-UHFFFAOYSA-N,CHRM1,predicted,0.982925
AHLPHDHHMVZTML-UHFFFAOYSA-N,HTR1B,predicted,0.982925
AHLPHDHHMVZTML-UHFFFAOYSA-N,ADRA1B,predicted,0.982925
AHLPHDHHMVZTML-UHFFFAOYSA-N,HTR5A,predicted,0.982925
AHLPHDHHMVZTML-UHFFFAOYSA-N,DRD1,predicted,0.982925
AHLPHDHHMVZTML-UHFFFAOYSA-N,DRD2,predicted,0.982925
AHLPHDHHMVZTML-UHFFFAOYSA-N,ADRA2B,predicted,0.982925
AIBOHNYYKWYQMM-GELUXPMISA-N,ABCB11,predicted,0.987084
AIBOHNYYKWYQMM-GELUXPMISA-N,SLCO1B1,predicted,0.987084
AIBOHNYYKWYQMM-GELUXPMISA-N,SLCO1B3,predicted,0.987084
AIBOHNYYKWYQMM-GELUXPMISA-N,APP,predicted,0.987084
AIBOHNYYKWYQMM-GELUXPMISA-N,SNCA,predicted,0.987084
AIBOHNYYKWYQMM-GELUXPMISA-N,NR2E1,predicted,0.987084
AIBOHNYYKWYQMM-GELUXPMISA-N,RXRA,predicted,0.987084
AIBOHNYYKWYQMM-GELUXPMISA-N,RARB,predicted,0.987084
AIBOHNYYKWYQMM-GELUXPMISA-N,RARG,predicted,0.987084
AIBOHNYYKWYQMM-GELUXPMISA-N,RARA,predicted,0.987084
AIBOHNYYKWYQMM-GELUXPMISA-N,RBP4,predicted,0.987084
AIBOHNYYKWYQMM-GELUXPMISA-N,MAPK1,predicted,0.987084
AIBOHNYYKWYQMM-GELUXPMISA-N,ADORA3,predicted,0.987084
AIBOHNYYKWYQMM-GELUXPMISA-N,MAPK14,predicted,0.987084
AIBOHNYYKWYQMM-GELUXPMISA-N,OR51E2,predicted,0.987084
AIBOHNYYKWYQMM-GELUXPMISA-N,HTR2B,predicted,0.987084
AIBOHNYYKWYQMM-GELUXPMISA-N,ADRA2B,predicted,0.987084
AIBOHNYYKWYQMM-GELUXPMISA-N,RORC,predicted,0.987084
AIBOHNYYKWYQMM-GELUXPMISA-N,RXRB,predicted,0.987084
AIBOHNYYKWYQMM-GELUXPMISA-N,HSPD1,predicted,0.987084
AILCSCQIQZTQJR-QPJJXVBHSA-N,PYGL,predicted,0.982809
AILCSCQIQZTQJR-QPJJXVBHSA-N,AKR1B1,predicted,0.982809
AILCSCQIQZTQJR-QPJJXVBHSA-N,CA12,predicted,0.982809
AILCSCQIQZTQJR-QPJJXVBHSA-N,CA2,predicted,0.982809
AILCSCQIQZTQJR-QPJJXVBHSA-N,CA14,predicted,0.982809
AILCSCQIQZTQJR-QPJJXVBHSA-N,CA7,predicted,0.982809
AILCSCQIQZTQJR-QPJJXVBHSA-N,CA9,predicted,0.982809
AILCSCQIQZTQJR-QPJJXVBHSA-N,AKR1B10,predicted,0.982809
AILCSCQIQZTQJR-QPJJXVBHSA-N,CA1,predicted,0.982809
AILCSCQIQZTQJR-QPJJXVBHSA-N,PTPN1,predicted,0.982809
AILCSCQIQZTQJR-QPJJXVBHSA-N,CA5A,predicted,0.982809
AILCSCQIQZTQJR-QPJJXVBHSA-N,CA5B,predicted,0.982809
AILCSCQIQZTQJR-QPJJXVBHSA-N,ESR2,predicted,0.982809
AILCSCQIQZTQJR-QPJJXVBHSA-N,CA4,predicted,0.982809
AILCSCQIQZTQJR-QPJJXVBHSA-N,CA6,predicted,0.982809
AILCSCQIQZTQJR-QPJJXVBHSA-N,CA3,predicted,0.982809
AILCSCQIQZTQJR-QPJJXVBHSA-N,TYR,predicted,0.982809
AILCSCQIQZTQJR-QPJJXVBHSA-N,MAOB,predicted,0.982809
AILCSCQIQZTQJR-QPJJXVBHSA-N,HSD11B1,predicted,0.982809
AILCSCQIQZTQJR-QPJJXVBHSA-N,CYP2C9,predicted,0.982809
AIQCDEJOKQHKMO-UHFFFAOYSA-N,PSIP1,predicted,0.893483
AIQCDEJOKQHKMO-UHFFFAOYSA-N,NTSR1,predicted,0.893483
AIQCDEJOKQHKMO-UHFFFAOYSA-N,MAPK14,predicted,0.893483
AIQCDEJOKQHKMO-UHFFFAOYSA-N,MAPK10,predicted,0.893483
AIQCDEJOKQHKMO-UHFFFAOYSA-N,AKR1B1,predicted,0.893483
AIQCDEJOKQHKMO-UHFFFAOYSA-N,KDM6B,predicted,0.893483
AIQCDEJOKQHKMO-UHFFFAOYSA-N,TNF,predicted,0.893483
AIQCDEJOKQHKMO-UHFFFAOYSA-N,PPARG,predicted,0.893483
AIQCDEJOKQHKMO-UHFFFAOYSA-N,PFKFB3,predicted,0.893483
AIQCDEJOKQHKMO-UHFFFAOYSA-N,CDK2,predicted,0.893483
AIQCDEJOKQHKMO-UHFFFAOYSA-N,INPPL1,predicted,0.893483
AIQCDEJOKQHKMO-UHFFFAOYSA-N,RELA,predicted,0.893483
AIQCDEJOKQHKMO-UHFFFAOYSA-N,CCNT1,predicted,0.893483
AJPADPZSRRUGHI-RFZPGFLSSA-N,PGD,predicted,0.983994
AJPADPZSRRUGHI-RFZPGFLSSA-N,GRM4,predicted,0.983994
AJPADPZSRRUGHI-RFZPGFLSSA-N,GRM7,predicted,0.983994
AJPADPZSRRUGHI-RFZPGFLSSA-N,GRM6,predicted,0.983994
AJPADPZSRRUGHI-RFZPGFLSSA-N,LPAR6,predicted,0.983994
AJPADPZSRRUGHI-RFZPGFLSSA-N,LPAR5,predicted,0.983994
AJPADPZSRRUGHI-RFZPGFLSSA-N,LPAR4,predicted,0.983994
AJPADPZSRRUGHI-RFZPGFLSSA-N,LPAR1,predicted,0.983994
AJPADPZSRRUGHI-RFZPGFLSSA-N,LPAR3,predicted,0.983994
AJPADPZSRRUGHI-RFZPGFLSSA-N,LPAR2,predicted,0.983994
AJPADPZSRRUGHI-RFZPGFLSSA-N,ENPP2,predicted,0.983994
AJWQQZIFWOFRRM-UHFFFAOYSA-N,HIF1A,predicted,0.987084
AJWQQZIFWOFRRM-UHFFFAOYSA-N,PDCD4,predicted,0.987084
AJWQQZIFWOFRRM-UHFFFAOYSA-N,PRKCA,predicted,0.987084
AJWQQZIFWOFRRM-UHFFFAOYSA-N,PTGER3,predicted,0.987084
AJWQQZIFWOFRRM-UHFFFAOYSA-N,PTGER2,predicted,0.987084
AJWQQZIFWOFRRM-UHFFFAOYSA-N,PTGER4,predicted,0.987084
AKLZJACFWIKHEV-WZPNJOEPSA-N,PRKCA,predicted,0.987084
AKLZJACFWIKHEV-WZPNJOEPSA-N,PTGS2,predicted,0.987084
AKLZJACFWIKHEV-WZPNJOEPSA-N,BCL2,predicted,0.987084
AKLZJACFWIKHEV-WZPNJOEPSA-N,ELAVL3,predicted,0.987084
AKLZJACFWIKHEV-WZPNJOEPSA-N,PGD,predicted,0.987084
AKLZJACFWIKHEV-WZPNJOEPSA-N,ADAMTS4,predicted,0.987084
AKLZJACFWIKHEV-WZPNJOEPSA-N,RAD52,predicted,0.987084
AKLZJACFWIKHEV-WZPNJOEPSA-N,SLCO1B1,predicted,0.987084
AKLZJACFWIKHEV-WZPNJOEPSA-N,ADAMTS5,predicted,0.987084
AKLZJACFWIKHEV-WZPNJOEPSA-N,SNCA,predicted,0.987084
AKLZJACFWIKHEV-WZPNJOEPSA-N,MET,predicted,0.987084
AKLZJACFWIKHEV-WZPNJOEPSA-N,MAPK14,predicted,0.987084
AKLZJACFWIKHEV-WZPNJOEPSA-N,DYRK1A,predicted,0.987084
AKLZJACFWIKHEV-WZPNJOEPSA-N,PSMB5,predicted,0.987084
AKLZJACFWIKHEV-WZPNJOEPSA-N,SLCO1B3,predicted,0.987084
AKLZJACFWIKHEV-WZPNJOEPSA-N,SYNJ2,predicted,0.987084
AKLZJACFWIKHEV-WZPNJOEPSA-N,BACE1,predicted,0.987084
AKLZJACFWIKHEV-WZPNJOEPSA-N,APP,predicted,0.987084
AKLZJACFWIKHEV-WZPNJOEPSA-N,PKM,predicted,0.987084
AKLZJACFWIKHEV-WZPNJOEPSA-N,SIRT6,predicted,0.987084
AKNPMCISDQNRFC-UHFFFAOYSA-N,DRD2,predicted,0.957745
AKNPMCISDQNRFC-UHFFFAOYSA-N,CYP2A13,predicted,0.957745
AKNPMCISDQNRFC-UHFFFAOYSA-N,CYP2A6,predicted,0.957745
AKNPMCISDQNRFC-UHFFFAOYSA-N,TDO2,predicted,0.957745
AKNPMCISDQNRFC-UHFFFAOYSA-N,IDO1,predicted,0.957745
AKNPMCISDQNRFC-UHFFFAOYSA-N,AKR1B1,predicted,0.957745
AKNPMCISDQNRFC-UHFFFAOYSA-N,APAF1,predicted,0.957745
AKNPMCISDQNRFC-UHFFFAOYSA-N,PPARG,predicted,0.957745
AKNPMCISDQNRFC-UHFFFAOYSA-N,CES1,predicted,0.957745
AKNPMCISDQNRFC-UHFFFAOYSA-N,PTPN11,predicted,0.957745
AKNPMCISDQNRFC-UHFFFAOYSA-N,TERT,predicted,0.957745
AKNPMCISDQNRFC-UHFFFAOYSA-N,PTPN6,predicted,0.957745
AKNPMCISDQNRFC-UHFFFAOYSA-N,APEX1,predicted,0.957745
AKNPMCISDQNRFC-UHFFFAOYSA-N,HIF1A,predicted,0.957745
AKNPMCISDQNRFC-UHFFFAOYSA-N,CES2,predicted,0.957745
AKNPMCISDQNRFC-UHFFFAOYSA-N,EED,predicted,0.957745
AKNPMCISDQNRFC-UHFFFAOYSA-N,EZH2,predicted,0.957745
AKNPMCISDQNRFC-UHFFFAOYSA-N,HSP90AA1,predicted,0.957745
AKNPMCISDQNRFC-UHFFFAOYSA-N,CYP19A1,predicted,0.957745
ALEWCKXBHSDCCT-YFVJMOTDSA-L,FNTA,predicted,0.987084
ALRHLSYJTWAHJZ-UHFFFAOYSA-N,CAMK2A,predicted,0.97284
ALRHLSYJTWAHJZ-UHFFFAOYSA-N,SUCNR1,predicted,0.97284
ALRHLSYJTWAHJZ-UHFFFAOYSA-N,EGLN1,predicted,0.97284
ALRHLSYJTWAHJZ-UHFFFAOYSA-N,FFAR4,predicted,0.97284
ALRHLSYJTWAHJZ-UHFFFAOYSA-N,GPR84,predicted,0.97284
ALRHLSYJTWAHJZ-UHFFFAOYSA-N,SLC22A6,predicted,0.97284
ALRHLSYJTWAHJZ-UHFFFAOYSA-N,HDAC3,predicted,0.97284
ALRHLSYJTWAHJZ-UHFFFAOYSA-N,OR51E2,predicted,0.97284
ALRHLSYJTWAHJZ-UHFFFAOYSA-N,SLC6A11,predicted,0.97284
ALRHLSYJTWAHJZ-UHFFFAOYSA-N,SLC6A12,predicted,0.97284
ALRHLSYJTWAHJZ-UHFFFAOYSA-N,GABBR1,predicted,0.97284
ALRHLSYJTWAHJZ-UHFFFAOYSA-N,SLC6A1,predicted,0.97284
ALRHLSYJTWAHJZ-UHFFFAOYSA-N,GABRA5,predicted,0.97284
ALRHLSYJTWAHJZ-UHFFFAOYSA-N,GABRA4,predicted,0.97284
ALRHLSYJTWAHJZ-UHFFFAOYSA-N,GABRR1,predicted,0.97284
ALRHLSYJTWAHJZ-UHFFFAOYSA-N,GABRA2,predicted,0.97284
ALRHLSYJTWAHJZ-UHFFFAOYSA-N,GABRA3,predicted,0.97284
ALRHLSYJTWAHJZ-UHFFFAOYSA-N,GABRA6,predicted,0.97284
ALRHLSYJTWAHJZ-UHFFFAOYSA-N,HDAC1,predicted,0.97284
ALRHLSYJTWAHJZ-UHFFFAOYSA-N,GABRR3,predicted,0.97284
AMBQHHVBBHTQBF-UOUCRYGSSA-N,STAT3,predicted,0.987084
AMBQHHVBBHTQBF-UOUCRYGSSA-N,TLR4,predicted,0.987084
AMBQHHVBBHTQBF-UOUCRYGSSA-N,HTR1A,predicted,0.987084
AMBQHHVBBHTQBF-UOUCRYGSSA-N,CTDSP1,predicted,0.987084
AMBQHHVBBHTQBF-UOUCRYGSSA-N,BACE1,predicted,0.987084
AMBQHHVBBHTQBF-UOUCRYGSSA-N,MAOA,predicted,0.987084
AMBQHHVBBHTQBF-UOUCRYGSSA-N,PTPN1,predicted,0.987084
AMBQHHVBBHTQBF-UOUCRYGSSA-N,IL2,predicted,0.987084
ANVAOWXLWRTKGA-NTXLUARGSA-N,ABCB11,predicted,0.984381
ANVAOWXLWRTKGA-NTXLUARGSA-N,SLCO1B1,predicted,0.984381
ANVAOWXLWRTKGA-NTXLUARGSA-N,SLCO1B3,predicted,0.984381
ANVAOWXLWRTKGA-NTXLUARGSA-N,APP,predicted,0.984381
ANVAOWXLWRTKGA-NTXLUARGSA-N,SNCA,predicted,0.984381
ANVAOWXLWRTKGA-NTXLUARGSA-N,NR2E1,predicted,0.984381
ANVAOWXLWRTKGA-NTXLUARGSA-N,RORC,predicted,0.984381
ANVAOWXLWRTKGA-NTXLUARGSA-N,RXRB,predicted,0.984381
ANVAOWXLWRTKGA-NTXLUARGSA-N,HSPD1,predicted,0.984381
ANVAOWXLWRTKGA-NTXLUARGSA-N,RORA,predicted,0.984381
ANVAOWXLWRTKGA-NTXLUARGSA-N,RARB,predicted,0.984381
ANVAOWXLWRTKGA-NTXLUARGSA-N,MAPK1,predicted,0.984381
ANVAOWXLWRTKGA-NTXLUARGSA-N,PIN1,predicted,0.984381
ANVAOWXLWRTKGA-NTXLUARGSA-N,RORB,predicted,0.984381
ANVAOWXLWRTKGA-NTXLUARGSA-N,RXRG,predicted,0.984381
ANVAOWXLWRTKGA-NTXLUARGSA-N,RARA,predicted,0.984381
ANVAOWXLWRTKGA-NTXLUARGSA-N,ADORA3,predicted,0.984381
ANVAOWXLWRTKGA-NTXLUARGSA-N,HTR2B,predicted,0.984381
ANVAOWXLWRTKGA-NTXLUARGSA-N,RXRA,predicted,0.984381
ANVAOWXLWRTKGA-NTXLUARGSA-N,RARG,predicted,0.984381
AOFQQLZNDSBFLN-UHFFFAOYSA-K,P2RX3,predicted,0.965009
AOFQQLZNDSBFLN-UHFFFAOYSA-K,GPR17,predicted,0.965009
AOFQQLZNDSBFLN-UHFFFAOYSA-K,HSPA1A,predicted,0.965009
AOFQQLZNDSBFLN-UHFFFAOYSA-K,AKT1,predicted,0.965009
AOFQQLZNDSBFLN-UHFFFAOYSA-K,FHIT,predicted,0.965009
AOFQQLZNDSBFLN-UHFFFAOYSA-K,P2RY1,predicted,0.965009
AOFQQLZNDSBFLN-UHFFFAOYSA-K,ADORA1,predicted,0.965009
AQJZOYUAIGQOPF-BCYGMIQCSA-N,GPC3,predicted,0.889273
AQJZOYUAIGQOPF-BCYGMIQCSA-N,ALB,predicted,0.889273
AQJZOYUAIGQOPF-BCYGMIQCSA-N,TSPO,predicted,0.889273
AQJZOYUAIGQOPF-BCYGMIQCSA-N,HSPD1,predicted,0.889273
AQJZOYUAIGQOPF-BCYGMIQCSA-N,SUMO1,predicted,0.889273
AQJZOYUAIGQOPF-BCYGMIQCSA-N,HDAC2,predicted,0.889273
ARYTXMNEANMLMU-UHFFFAOYSA-N,GPBAR1,predicted,0.986024
ARYTXMNEANMLMU-UHFFFAOYSA-N,CTDSP1,predicted,0.986024
ARYTXMNEANMLMU-UHFFFAOYSA-N,VDR,predicted,0.986024
ARYTXMNEANMLMU-UHFFFAOYSA-N,HSPD1,predicted,0.986024
ARYTXMNEANMLMU-UHFFFAOYSA-N,USP2,predicted,0.986024
ARYTXMNEANMLMU-UHFFFAOYSA-N,PTPN2,predicted,0.986024
ARYTXMNEANMLMU-UHFFFAOYSA-N,NR1H4,predicted,0.986024
ARYTXMNEANMLMU-UHFFFAOYSA-N,ADGRF1,predicted,0.986024
ARYTXMNEANMLMU-UHFFFAOYSA-N,PTPN1,predicted,0.986024
ARYTXMNEANMLMU-UHFFFAOYSA-N,AKR1B1,predicted,0.986024
ARYTXMNEANMLMU-UHFFFAOYSA-N,AKR1B10,predicted,0.986024
ARYTXMNEANMLMU-UHFFFAOYSA-N,OSBP2,predicted,0.986024
ARYTXMNEANMLMU-UHFFFAOYSA-N,OSBP,predicted,0.986024
ASCFNMCAHFUBCO-UHFFFAOYSA-N,TPI1,predicted,0.931754
ASCFNMCAHFUBCO-UHFFFAOYSA-N,GRM4,predicted,0.931754
ASCFNMCAHFUBCO-UHFFFAOYSA-N,GRM7,predicted,0.931754
ASCFNMCAHFUBCO-UHFFFAOYSA-N,GRM6,predicted,0.931754
ASCFNMCAHFUBCO-UHFFFAOYSA-N,PGD,predicted,0.931754
ASCFNMCAHFUBCO-UHFFFAOYSA-N,CTH,predicted,0.931754
ASCFNMCAHFUBCO-UHFFFAOYSA-N,CBS,predicted,0.931754
ASCFNMCAHFUBCO-UHFFFAOYSA-N,MVD,predicted,0.931754
AVCFXYYRWRZONV-BKRJIHRRSA-N,SHBG,predicted,0.987084
AVCFXYYRWRZONV-BKRJIHRRSA-N,STS,predicted,0.987084
AVCFXYYRWRZONV-BKRJIHRRSA-N,CA2,predicted,0.987084
AVCFXYYRWRZONV-BKRJIHRRSA-N,DAB2IP,predicted,0.987084
AVCFXYYRWRZONV-BKRJIHRRSA-N,ESR1,predicted,0.987084
AVCFXYYRWRZONV-BKRJIHRRSA-N,DAB2,predicted,0.987084
AVCFXYYRWRZONV-BKRJIHRRSA-N,ADCY10,predicted,0.987084
AVCFXYYRWRZONV-BKRJIHRRSA-N,CYP19A1,predicted,0.987084
AVCFXYYRWRZONV-BKRJIHRRSA-N,ESR2,predicted,0.987084
AVCFXYYRWRZONV-BKRJIHRRSA-N,SLC22A3,predicted,0.987084
AVCFXYYRWRZONV-BKRJIHRRSA-N,ESRRA,predicted,0.987084
AVCFXYYRWRZONV-BKRJIHRRSA-N,GPER1,predicted,0.987084
AVCFXYYRWRZONV-BKRJIHRRSA-N,SULT1A1,predicted,0.987084
AVCFXYYRWRZONV-BKRJIHRRSA-N,SLC6A4,predicted,0.987084
AVCFXYYRWRZONV-BKRJIHRRSA-N,SERPINA6,predicted,0.987084
AVCFXYYRWRZONV-BKRJIHRRSA-N,CYP1B1,predicted,0.987084
AVCFXYYRWRZONV-BKRJIHRRSA-N,AR,predicted,0.987084
AVCFXYYRWRZONV-BKRJIHRRSA-N,SLC22A1,predicted,0.987084
AVCFXYYRWRZONV-BKRJIHRRSA-N,AOX1,predicted,0.987084
AVCFXYYRWRZONV-BKRJIHRRSA-N,ESRRB,predicted,0.987084
BDCDNTVZSILEOY-UHFFFAOYSA-N,ADRA2C,predicted,0.987084
BDCDNTVZSILEOY-UHFFFAOYSA-N,NOX4,predicted,0.987084
BDCDNTVZSILEOY-UHFFFAOYSA-N,AKR1B1,predicted,0.987084
BDCDNTVZSILEOY-UHFFFAOYSA-N,CA12,predicted,0.987084
BDCDNTVZSILEOY-UHFFFAOYSA-N,P4HB,predicted,0.987084
BDCDNTVZSILEOY-UHFFFAOYSA-N,CA2,predicted,0.987084
BDCDNTVZSILEOY-UHFFFAOYSA-N,PKM,predicted,0.987084
BDCDNTVZSILEOY-UHFFFAOYSA-N,ALPI,predicted,0.987084
BDCDNTVZSILEOY-UHFFFAOYSA-N,CA4,predicted,0.987084
BDCDNTVZSILEOY-UHFFFAOYSA-N,KDM1A,predicted,0.987084
BDCDNTVZSILEOY-UHFFFAOYSA-N,CA7,predicted,0.987084
BDCDNTVZSILEOY-UHFFFAOYSA-N,FLT3,predicted,0.987084
BDCDNTVZSILEOY-UHFFFAOYSA-N,XDH,predicted,0.987084
BDCDNTVZSILEOY-UHFFFAOYSA-N,CA1,predicted,0.987084
BDCDNTVZSILEOY-UHFFFAOYSA-N,RNASEL,predicted,0.987084
BDCDNTVZSILEOY-UHFFFAOYSA-N,CYP2D6,predicted,0.987084
BDCDNTVZSILEOY-UHFFFAOYSA-N,AURKB,predicted,0.987084
BDCDNTVZSILEOY-UHFFFAOYSA-N,ACHE,predicted,0.987084
BDCDNTVZSILEOY-UHFFFAOYSA-N,MMP9,predicted,0.987084
BFVOYECMMKLFQJ-UHFFFAOYSA-N,TRPA1,predicted,0.96292
BFVOYECMMKLFQJ-UHFFFAOYSA-N,PTGS2,predicted,0.96292
BFVOYECMMKLFQJ-UHFFFAOYSA-N,CTSL,predicted,0.96292
BFVOYECMMKLFQJ-UHFFFAOYSA-N,CTSB,predicted,0.96292
BFVOYECMMKLFQJ-UHFFFAOYSA-N,TERT,predicted,0.96292
BFVOYECMMKLFQJ-UHFFFAOYSA-N,SLC25A21,predicted,0.96292
BFVOYECMMKLFQJ-UHFFFAOYSA-N,ALPL,predicted,0.96292
BFVOYECMMKLFQJ-UHFFFAOYSA-N,DCUN1D1,predicted,0.96292
BFVOYECMMKLFQJ-UHFFFAOYSA-N,KDM1A,predicted,0.96292
BFVOYECMMKLFQJ-UHFFFAOYSA-N,FAAH,predicted,0.96292
BFVOYECMMKLFQJ-UHFFFAOYSA-N,XBP1,predicted,0.96292
BFVOYECMMKLFQJ-UHFFFAOYSA-N,CHRNA7,predicted,0.96292
BJEPYKJPYRNKOW-REOHCLBHSA-N,TET2,predicted,0.936903
BJEPYKJPYRNKOW-REOHCLBHSA-N,TET1,predicted,0.936903
BJEPYKJPYRNKOW-REOHCLBHSA-N,TET3,predicted,0.936903
BJEPYKJPYRNKOW-REOHCLBHSA-N,OR51E2,predicted,0.936903
BJEPYKJPYRNKOW-REOHCLBHSA-N,SLC1A3,predicted,0.936903
BJEPYKJPYRNKOW-REOHCLBHSA-N,KMO,predicted,0.936903
BJEPYKJPYRNKOW-REOHCLBHSA-N,HPN,predicted,0.936903
BJEPYKJPYRNKOW-REOHCLBHSA-N,GRIK4,predicted,0.936903
BJEPYKJPYRNKOW-REOHCLBHSA-N,GPR84,predicted,0.936903
BJEPYKJPYRNKOW-REOHCLBHSA-N,SLC1A1,predicted,0.936903
BJEPYKJPYRNKOW-REOHCLBHSA-N,FFAR1,predicted,0.936903
BJEPYKJPYRNKOW-UHFFFAOYSA-N,TET2,predicted,0.936903
BJEPYKJPYRNKOW-UHFFFAOYSA-N,TET1,predicted,0.936903
BJEPYKJPYRNKOW-UHFFFAOYSA-N,TET3,predicted,0.936903
BJEPYKJPYRNKOW-UHFFFAOYSA-N,OR51E2,predicted,0.936903
BJEPYKJPYRNKOW-UHFFFAOYSA-N,SLC1A3,predicted,0.936903
BJEPYKJPYRNKOW-UHFFFAOYSA-N,KMO,predicted,0.936903
BJEPYKJPYRNKOW-UHFFFAOYSA-N,HPN,predicted,0.936903
BJEPYKJPYRNKOW-UHFFFAOYSA-N,GRIK4,predicted,0.936903
BJEPYKJPYRNKOW-UHFFFAOYSA-N,GPR84,predicted,0.936903
BJEPYKJPYRNKOW-UHFFFAOYSA-N,SLC1A1,predicted,0.936903
BJEPYKJPYRNKOW-UHFFFAOYSA-N,FFAR1,predicted,0.936903
BLNSKVFNUJRUQY-NUJVEXSKSA-N,PRKCA,predicted,0.986101
BLNSKVFNUJRUQY-NUJVEXSKSA-N,PRKCQ,predicted,0.986101
BLNSKVFNUJRUQY-NUJVEXSKSA-N,PRKCD,predicted,0.986101
BLNSKVFNUJRUQY-NUJVEXSKSA-N,CNR2,predicted,0.986101
BLNSKVFNUJRUQY-NUJVEXSKSA-N,FFAR4,predicted,0.986101
BLNSKVFNUJRUQY-NUJVEXSKSA-N,FAAH,predicted,0.986101
BLNSKVFNUJRUQY-NUJVEXSKSA-N,CNR1,predicted,0.986101
BLNSKVFNUJRUQY-NUJVEXSKSA-N,SELP,predicted,0.986101
BLNSKVFNUJRUQY-NUJVEXSKSA-N,PKD1,predicted,0.986101
BOKVLBSSPUTWLV-UHFFFAOYSA-N,DRD2,predicted,0.987084
BOKVLBSSPUTWLV-UHFFFAOYSA-N,DRD1,predicted,0.987084
BOKVLBSSPUTWLV-UHFFFAOYSA-N,BCHE,predicted,0.987084
BOKVLBSSPUTWLV-UHFFFAOYSA-N,KCNH2,predicted,0.987084
BOKVLBSSPUTWLV-UHFFFAOYSA-N,DRD4,predicted,0.987084
BOKVLBSSPUTWLV-UHFFFAOYSA-N,KCNN3,predicted,0.987084
BOKVLBSSPUTWLV-UHFFFAOYSA-N,KCNN2,predicted,0.987084
BOKVLBSSPUTWLV-UHFFFAOYSA-N,KCNN1,predicted,0.987084
BOKVLBSSPUTWLV-UHFFFAOYSA-N,DRD3,predicted,0.987084
BSDNZCQPDVTDET-HWKANZROSA-N,TRIM33,predicted,0.96292
BSDNZCQPDVTDET-HWKANZROSA-N,TRIM24,predicted,0.96292
BSDNZCQPDVTDET-HWKANZROSA-N,NFE2L2,predicted,0.96292
BSDNZCQPDVTDET-HWKANZROSA-N,NFKB1,predicted,0.96292
BSDNZCQPDVTDET-HWKANZROSA-N,PTPN1,predicted,0.96292
BSDNZCQPDVTDET-HWKANZROSA-N,CA2,predicted,0.96292
BSDNZCQPDVTDET-HWKANZROSA-N,CA1,predicted,0.96292
BSDNZCQPDVTDET-HWKANZROSA-N,TRPV1,predicted,0.96292
BSDNZCQPDVTDET-HWKANZROSA-N,TRPA1,predicted,0.96292
BSDNZCQPDVTDET-HWKANZROSA-N,BACE1,predicted,0.96292
BSDNZCQPDVTDET-HWKANZROSA-N,GUSB,predicted,0.96292
BWILYWWHXDGKQA-UHFFFAOYSA-M,HDAC3,predicted,0.915095
BWILYWWHXDGKQA-UHFFFAOYSA-M,CA4,predicted,0.915095
BWILYWWHXDGKQA-UHFFFAOYSA-M,CES1,predicted,0.915095
BWILYWWHXDGKQA-UHFFFAOYSA-M,CES2,predicted,0.915095
BWILYWWHXDGKQA-UHFFFAOYSA-M,LTA4H,predicted,0.915095
BWILYWWHXDGKQA-UHFFFAOYSA-M,FABP3,predicted,0.915095
BXFOFFBJRFZBQZ-UHFFFAOYSA-N,XBP1,predicted,0.979502
BXFOFFBJRFZBQZ-UHFFFAOYSA-N,ABCB1,predicted,0.979502
BXFOFFBJRFZBQZ-UHFFFAOYSA-N,PTPN1,predicted,0.979502
CDICDSOGTRCHMG-ONEGZZNKSA-N,BCL2A1,predicted,0.912874
CDICDSOGTRCHMG-ONEGZZNKSA-N,XBP1,predicted,0.912874
CDICDSOGTRCHMG-ONEGZZNKSA-N,BCL2L1,predicted,0.912874
CDICDSOGTRCHMG-ONEGZZNKSA-N,BCL2,predicted,0.912874
CDICDSOGTRCHMG-ONEGZZNKSA-N,MCL1,predicted,0.912874
CDICDSOGTRCHMG-ONEGZZNKSA-N,ALOX5,predicted,0.912874
CDICDSOGTRCHMG-ONEGZZNKSA-N,NFE2L2,predicted,0.912874
CDICDSOGTRCHMG-ONEGZZNKSA-N,TRPA1,predicted,0.912874
CDICDSOGTRCHMG-ONEGZZNKSA-N,MTNR1A,predicted,0.912874
CDICDSOGTRCHMG-ONEGZZNKSA-N,MET,predicted,0.912874
CDICDSOGTRCHMG-ONEGZZNKSA-N,APP,predicted,0.912874
CDICDSOGTRCHMG-ONEGZZNKSA-N,PTGS2,predicted,0.912874
CFFZDZCDUFSOFZ-UHFFFAOYSA-N,CA2,predicted,0.983994
CFFZDZCDUFSOFZ-UHFFFAOYSA-N,FOLH1,predicted,0.983994
CFFZDZCDUFSOFZ-UHFFFAOYSA-N,CAMK2A,predicted,0.983994
CFFZDZCDUFSOFZ-UHFFFAOYSA-N,CA4,predicted,0.983994
CFFZDZCDUFSOFZ-UHFFFAOYSA-N,KDM6B,predicted,0.983994
CFFZDZCDUFSOFZ-UHFFFAOYSA-N,LCK,predicted,0.983994
CFFZDZCDUFSOFZ-UHFFFAOYSA-N,YWHAG,predicted,0.983994
CFFZDZCDUFSOFZ-UHFFFAOYSA-N,AKR1B1,predicted,0.983994
CFFZDZCDUFSOFZ-UHFFFAOYSA-N,PSIP1,predicted,0.983994
CFFZDZCDUFSOFZ-UHFFFAOYSA-N,DRD1,predicted,0.983994
CFFZDZCDUFSOFZ-UHFFFAOYSA-N,DRD4,predicted,0.983994
CFFZDZCDUFSOFZ-UHFFFAOYSA-N,DRD2,predicted,0.983994
CFFZDZCDUFSOFZ-UHFFFAOYSA-N,EGFR,predicted,0.983994
CFFZDZCDUFSOFZ-UHFFFAOYSA-N,FYN,predicted,0.983994
CIWBSHSKHKDKBQ-JLAZNSOCSA-N,ADRA2B,predicted,0.987084
CIWBSHSKHKDKBQ-JLAZNSOCSA-N,GSK3B,predicted,0.987084
CIWBSHSKHKDKBQ-JLAZNSOCSA-N,HSPD1,predicted,0.987084
CIWBSHSKHKDKBQ-JLAZNSOCSA-N,CASP1,predicted,0.987084
CIWBSHSKHKDKBQ-JLAZNSOCSA-N,TYR,predicted,0.987084
CIWBSHSKHKDKBQ-JLAZNSOCSA-N,ACHE,predicted,0.987084
CIWBSHSKHKDKBQ-JLAZNSOCSA-N,PTPN1,predicted,0.987084
CIWBSHSKHKDKBQ-JLAZNSOCSA-N,ACP1,predicted,0.987084
CIWBSHSKHKDKBQ-JLAZNSOCSA-N,PTPN2,predicted,0.987084
CIWBSHSKHKDKBQ-JLAZNSOCSA-N,HPSE,predicted,0.987084
CIWBSHSKHKDKBQ-JLAZNSOCSA-N,CDK5R1,predicted,0.987084
CIWBSHSKHKDKBQ-UHFFFAOYSA-N,ADRA2B,predicted,0.987084
CIWBSHSKHKDKBQ-UHFFFAOYSA-N,GSK3B,predicted,0.987084
CIWBSHSKHKDKBQ-UHFFFAOYSA-N,HSPD1,predicted,0.987084
CIWBSHSKHKDKBQ-UHFFFAOYSA-N,CASP1,predicted,0.987084
CIWBSHSKHKDKBQ-UHFFFAOYSA-N,TYR,predicted,0.987084
CIWBSHSKHKDKBQ-UHFFFAOYSA-N,ACHE,predicted,0.987084
CIWBSHSKHKDKBQ-UHFFFAOYSA-N,PTPN1,predicted,0.987084
CIWBSHSKHKDKBQ-UHFFFAOYSA-N,ACP1,predicted,0.987084
CIWBSHSKHKDKBQ-UHFFFAOYSA-N,PTPN2,predicted,0.987084
CIWBSHSKHKDKBQ-UHFFFAOYSA-N,HPSE,predicted,0.987084
CIWBSHSKHKDKBQ-UHFFFAOYSA-N,CDK5R1,predicted,0.987084
CJBDUOMQLFKVQC-UHFFFAOYSA-N,AKR1B1,predicted,0.982925
CJBDUOMQLFKVQC-UHFFFAOYSA-N,TAAR1,predicted,0.982925
CJBDUOMQLFKVQC-UHFFFAOYSA-N,FFAR1,predicted,0.982925
CJBDUOMQLFKVQC-UHFFFAOYSA-N,PTGER3,predicted,0.982925
CJBDUOMQLFKVQC-UHFFFAOYSA-N,PTGER2,predicted,0.982925
CJBDUOMQLFKVQC-UHFFFAOYSA-N,PTGER4,predicted,0.982925
CJBDUOMQLFKVQC-UHFFFAOYSA-N,IAPP,predicted,0.982925
CJBDUOMQLFKVQC-UHFFFAOYSA-N,MPO,predicted,0.982925
CJBDUOMQLFKVQC-UHFFFAOYSA-N,FOLH1,predicted,0.982925
CJBDUOMQLFKVQC-UHFFFAOYSA-N,HDAC1,predicted,0.982925
CKLJMWTZIZZHCS-UWTATZPHSA-N,SLC1A3,predicted,0.987084
CKLJMWTZIZZHCS-UWTATZPHSA-N,SLC1A1,predicted,0.987084
CKLJMWTZIZZHCS-UWTATZPHSA-N,CYP3A4,predicted,0.987084
CKLJMWTZIZZHCS-UWTATZPHSA-N,GRM2,predicted,0.987084
CKLJMWTZIZZHCS-UWTATZPHSA-N,GRM1,predicted,0.987084
CKLJMWTZIZZHCS-UWTATZPHSA-N,GRIK2,predicted,0.987084
CKLJMWTZIZZHCS-UWTATZPHSA-N,GRIK1,predicted,0.987084
CKLJMWTZIZZHCS-UWTATZPHSA-N,ALPL,predicted,0.987084
CKLJMWTZIZZHCS-UWTATZPHSA-N,ALPI,predicted,0.987084
CKLJMWTZIZZHCS-UWTATZPHSA-N,PLAA,predicted,0.987084
CKLJMWTZIZZHCS-UWTATZPHSA-N,GRM5,predicted,0.987084
CKLJMWTZIZZHCS-UWTATZPHSA-N,GRM3,predicted,0.987084
CKLJMWTZIZZHCS-UWTATZPHSA-N,GRIA3,predicted,0.987084
CKLJMWTZIZZHCS-UWTATZPHSA-N,GRM6,predicted,0.987084
CKLJMWTZIZZHCS-UWTATZPHSA-N,GRM4,predicted,0.987084
CKLJMWTZIZZHCS-UWTATZPHSA-N,GRM7,predicted,0.987084
CKLJMWTZIZZHCS-UWTATZPHSA-N,GRM8,predicted,0.987084
CKLJMWTZIZZHCS-UWTATZPHSA-N,GRIN2A,predicted,0.987084
CKLJMWTZIZZHCS-UWTATZPHSA-N,GRIK3,predicted,0.987084
CKLJMWTZIZZHCS-UWTATZPHSA-N,GRIA2,predicted,0.987084
CRJHBQFJDHZHGO-QTKXVCRCSA-N,PTPN1,predicted,0.987084
CRJHBQFJDHZHGO-QTKXVCRCSA-N,RORC,predicted,0.987084
CRJHBQFJDHZHGO-QTKXVCRCSA-N,DHCR24,predicted,0.987084
CRJHBQFJDHZHGO-QTKXVCRCSA-N,NR1H3,predicted,0.987084
CRJHBQFJDHZHGO-QTKXVCRCSA-N,GRIN2A,predicted,0.987084
CRJHBQFJDHZHGO-QTKXVCRCSA-N,GRIN1,predicted,0.987084
CRJHBQFJDHZHGO-QTKXVCRCSA-N,OSBP2,predicted,0.987084
CRJHBQFJDHZHGO-QTKXVCRCSA-N,OSBP,predicted,0.987084
CRJHBQFJDHZHGO-QTKXVCRCSA-N,CYP46A1,predicted,0.987084
CRJHBQFJDHZHGO-QTKXVCRCSA-N,ABCB1,predicted,0.987084
CRJHBQFJDHZHGO-QTKXVCRCSA-N,CYP17A1,predicted,0.987084
CRZQGDNQQAALAY-UHFFFAOYSA-N,CYP4A11,predicted,0.971129
CRZQGDNQQAALAY-UHFFFAOYSA-N,PAM,predicted,0.971129
CRZQGDNQQAALAY-UHFFFAOYSA-N,CES1,predicted,0.971129
CRZQGDNQQAALAY-UHFFFAOYSA-N,HDAC6,predicted,0.971129
CRZQGDNQQAALAY-UHFFFAOYSA-N,RELA,predicted,0.971129
CRZQGDNQQAALAY-UHFFFAOYSA-N,MT-CYB,predicted,0.971129
CRZQGDNQQAALAY-UHFFFAOYSA-N,CA12,predicted,0.971129
CRZQGDNQQAALAY-UHFFFAOYSA-N,CA2,predicted,0.971129
CRZQGDNQQAALAY-UHFFFAOYSA-N,CA14,predicted,0.971129
CRZQGDNQQAALAY-UHFFFAOYSA-N,CA7,predicted,0.971129
CRZQGDNQQAALAY-UHFFFAOYSA-N,CA9,predicted,0.971129
CRZQGDNQQAALAY-UHFFFAOYSA-N,CA1,predicted,0.971129
CRZQGDNQQAALAY-UHFFFAOYSA-N,CNR2,predicted,0.971129
CRZQGDNQQAALAY-UHFFFAOYSA-N,KLK7,predicted,0.971129
CRZQGDNQQAALAY-UHFFFAOYSA-N,PLAU,predicted,0.971129
CRZQGDNQQAALAY-UHFFFAOYSA-N,ELANE,predicted,0.971129
CUSXWWXXAPEFHY-UHFFFAOYSA-N,GLI1,predicted,0.96292
CUSXWWXXAPEFHY-UHFFFAOYSA-N,IDH1,predicted,0.96292
CUSXWWXXAPEFHY-UHFFFAOYSA-N,BRD3,predicted,0.96292
CUSXWWXXAPEFHY-UHFFFAOYSA-N,AR,predicted,0.96292
CUSXWWXXAPEFHY-UHFFFAOYSA-N,BRD4,predicted,0.96292
CUSXWWXXAPEFHY-UHFFFAOYSA-N,ESR1,predicted,0.96292
CUSXWWXXAPEFHY-UHFFFAOYSA-N,ESR2,predicted,0.96292
CUSXWWXXAPEFHY-UHFFFAOYSA-N,EP300,predicted,0.96292
CWVRJTMFETXNAD-DUXPYHPUSA-N,AKR1B1,predicted,0.987084
CWVRJTMFETXNAD-DUXPYHPUSA-N,HDAC1,predicted,0.987084
CWVRJTMFETXNAD-DUXPYHPUSA-N,PTPN1,predicted,0.987084
CWVRJTMFETXNAD-DUXPYHPUSA-N,AKR1B10,predicted,0.987084
CWVRJTMFETXNAD-DUXPYHPUSA-N,EPHX2,predicted,0.987084
CWVRJTMFETXNAD-DUXPYHPUSA-N,APP,predicted,0.987084
CWVRJTMFETXNAD-DUXPYHPUSA-N,ACHE,predicted,0.987084
CWVRJTMFETXNAD-DUXPYHPUSA-N,BACE1,predicted,0.987084
CWVRJTMFETXNAD-DUXPYHPUSA-N,SYNJ2,predicted,0.987084
CWVRJTMFETXNAD-DUXPYHPUSA-N,MMP2,predicted,0.987084
CWVRJTMFETXNAD-DUXPYHPUSA-N,MMP12,predicted,0.987084
CWVRJTMFETXNAD-DUXPYHPUSA-N,MMP13,predicted,0.987084
CWVRJTMFETXNAD-NXLLHMKUSA-N,AKR1B1,predicted,0.987084
CWVRJTMFETXNAD-NXLLHMKUSA-N,HDAC1,predicted,0.987084
CWVRJTMFETXNAD-NXLLHMKUSA-N,PTPN1,predicted,0.987084
CWVRJTMFETXNAD-NXLLHMKUSA-N,AKR1B10,predicted,0.987084
CWVRJTMFETXNAD-NXLLHMKUSA-N,EPHX2,predicted,0.987084
CWVRJTMFETXNAD-NXLLHMKUSA-N,APP,predicted,0.987084
CWVRJTMFETXNAD-NXLLHMKUSA-N,ACHE,predicted,0.987084
CWVRJTMFETXNAD-NXLLHMKUSA-N,BACE1,predicted,0.987084
CWVRJTMFETXNAD-NXLLHMKUSA-N,SYNJ2,predicted,0.987084
CWVRJTMFETXNAD-NXLLHMKUSA-N,MMP2,predicted,0.987084
CWVRJTMFETXNAD-NXLLHMKUSA-N,MMP12,predicted,0.987084
CWVRJTMFETXNAD-NXLLHMKUSA-N,MMP13,predicted,0.987084
CZMRCDWAGMRECN-UGDNZRGBSA-N,CDK2,predicted,0.987084
CZMRCDWAGMRECN-UGDNZRGBSA-N,CDK1,predicted,0.987084
CZMRCDWAGMRECN-UGDNZRGBSA-N,CA9,predicted,0.987084
CZMRCDWAGMRECN-UGDNZRGBSA-N,CA2,predicted,0.987084
CZMRCDWAGMRECN-UGDNZRGBSA-N,TAS2R16,predicted,0.987084
CZMRCDWAGMRECN-UGDNZRGBSA-N,TYR,predicted,0.987084
CZMRCDWAGMRECN-UGDNZRGBSA-N,PTGS2,predicted,0.987084
CZMRCDWAGMRECN-UGDNZRGBSA-N,PTGS1,predicted,0.987084
CZMRCDWAGMRECN-UGDNZRGBSA-N,ADORA1,predicted,0.987084
CZMRCDWAGMRECN-UGDNZRGBSA-N,GLB1,predicted,0.987084
CZMRCDWAGMRECN-UGDNZRGBSA-N,MDM2,predicted,0.987084
CZMRCDWAGMRECN-UGDNZRGBSA-N,MAOB,predicted,0.987084
CZMRCDWAGMRECN-UGDNZRGBSA-N,PTPN1,predicted,0.987084
CZMRCDWAGMRECN-UHFFFAOYSA-N,CDK2,predicted,0.987084
CZMRCDWAGMRECN-UHFFFAOYSA-N,CDK1,predicted,0.987084
CZMRCDWAGMRECN-UHFFFAOYSA-N,CA9,predicted,0.987084
CZMRCDWAGMRECN-UHFFFAOYSA-N,CA2,predicted,0.987084
CZMRCDWAGMRECN-UHFFFAOYSA-N,TAS2R16,predicted,0.987084
CZMRCDWAGMRECN-UHFFFAOYSA-N,TYR,predicted,0.987084
CZMRCDWAGMRECN-UHFFFAOYSA-N,PTGS2,predicted,0.987084
CZMRCDWAGMRECN-UHFFFAOYSA-N,PTGS1,predicted,0.987084
CZMRCDWAGMRECN-UHFFFAOYSA-N,ADORA1,predicted,0.987084
CZMRCDWAGMRECN-UHFFFAOYSA-N,GLB1,predicted,0.987084
CZMRCDWAGMRECN-UHFFFAOYSA-N,MDM2,predicted,0.987084
CZMRCDWAGMRECN-UHFFFAOYSA-N,MAOB,predicted,0.987084
CZMRCDWAGMRECN-UHFFFAOYSA-N,PTPN1,predicted,0.987084
DHMQDGOQFOQNFH-UHFFFAOYSA-N,OR51E2,predicted,0.987084
DHMQDGOQFOQNFH-UHFFFAOYSA-N,SLC6A11,predicted,0.987084
DHMQDGOQFOQNFH-UHFFFAOYSA-N,SLC6A12,predicted,0.987084
DHMQDGOQFOQNFH-UHFFFAOYSA-N,GABBR1,predicted,0.987084
DHMQDGOQFOQNFH-UHFFFAOYSA-N,SLC6A1,predicted,0.987084
DHMQDGOQFOQNFH-UHFFFAOYSA-N,GABRA5,predicted,0.987084
DHMQDGOQFOQNFH-UHFFFAOYSA-N,GABRA4,predicted,0.987084
DHMQDGOQFOQNFH-UHFFFAOYSA-N,GABRR1,predicted,0.987084
DHMQDGOQFOQNFH-UHFFFAOYSA-N,GABRA2,predicted,0.987084
DHMQDGOQFOQNFH-UHFFFAOYSA-N,GABRA3,predicted,0.987084
DHMQDGOQFOQNFH-UHFFFAOYSA-N,GABRA6,predicted,0.987084
DHMQDGOQFOQNFH-UHFFFAOYSA-N,HDAC1,predicted,0.987084
DHMQDGOQFOQNFH-UHFFFAOYSA-N,GABRR3,predicted,0.987084
DHMQDGOQFOQNFH-UHFFFAOYSA-N,GABRA1,predicted,0.987084
DHMQDGOQFOQNFH-UHFFFAOYSA-N,GP6,predicted,0.987084
DHMQDGOQFOQNFH-UHFFFAOYSA-N,SUCNR1,predicted,0.987084
DHMQDGOQFOQNFH-UHFFFAOYSA-N,EGLN1,predicted,0.987084
DHMQDGOQFOQNFH-UHFFFAOYSA-N,PLG,predicted,0.987084
DHMQDGOQFOQNFH-UHFFFAOYSA-N,CTH,predicted,0.987084
DHMQDGOQFOQNFH-UHFFFAOYSA-N,CBS,predicted,0.987084
DKHGMERMDICWDU-GHDNBGIDSA-N,MAOB,predicted,0.98348
DKHGMERMDICWDU-GHDNBGIDSA-N,RPS6KA3,predicted,0.98348
DKHGMERMDICWDU-GHDNBGIDSA-N,GPR35,predicted,0.98348
DKHGMERMDICWDU-GHDNBGIDSA-N,PKM,predicted,0.98348
DKHGMERMDICWDU-GHDNBGIDSA-N,DHODH,predicted,0.98348
DKHGMERMDICWDU-GHDNBGIDSA-N,ALOX5,predicted,0.98348
DKHGMERMDICWDU-GHDNBGIDSA-N,MPEG1,predicted,0.98348
DKZBBWMURDFHNE-NSCUHMNNSA-N,TRIM33,predicted,0.984381
DKZBBWMURDFHNE-NSCUHMNNSA-N,TRIM24,predicted,0.984381
DKZBBWMURDFHNE-NSCUHMNNSA-N,NFE2L2,predicted,0.984381
DKZBBWMURDFHNE-NSCUHMNNSA-N,STAT3,predicted,0.984381
DKZBBWMURDFHNE-NSCUHMNNSA-N,CYP2D6,predicted,0.984381
DKZBBWMURDFHNE-NSCUHMNNSA-N,ALOX5,predicted,0.984381
DKZBBWMURDFHNE-NSCUHMNNSA-N,HSD11B1,predicted,0.984381
DKZBBWMURDFHNE-NSCUHMNNSA-N,F3,predicted,0.984381
DKZBBWMURDFHNE-NSCUHMNNSA-N,TTR,predicted,0.984381
DKZBBWMURDFHNE-NSCUHMNNSA-N,APP,predicted,0.984381
DKZBBWMURDFHNE-NSCUHMNNSA-N,CA12,predicted,0.984381
DKZBBWMURDFHNE-NSCUHMNNSA-N,CA5A,predicted,0.984381
DKZBBWMURDFHNE-NSCUHMNNSA-N,CA2,predicted,0.984381
DKZBBWMURDFHNE-NSCUHMNNSA-N,CSNK2A3,predicted,0.984381
DKZBBWMURDFHNE-NSCUHMNNSA-N,CA14,predicted,0.984381
DKZBBWMURDFHNE-NSCUHMNNSA-N,SNCA,predicted,0.984381
DKZBBWMURDFHNE-NSCUHMNNSA-N,CA6,predicted,0.984381
DKZBBWMURDFHNE-NSCUHMNNSA-N,CA7,predicted,0.984381
DKZBBWMURDFHNE-NSCUHMNNSA-N,CA9,predicted,0.984381
DKZBBWMURDFHNE-NSCUHMNNSA-N,CA1,predicted,0.984381
DNAYVNOVGHZZLH-UHFFFAOYSA-N,PSIP1,predicted,0.985934
DNAYVNOVGHZZLH-UHFFFAOYSA-N,MAP2K1,predicted,0.985934
DNAYVNOVGHZZLH-UHFFFAOYSA-N,CHRM5,predicted,0.985934
DNAYVNOVGHZZLH-UHFFFAOYSA-N,KDM1A,predicted,0.985934
DNAYVNOVGHZZLH-UHFFFAOYSA-N,ALOX5,predicted,0.985934
DNAYVNOVGHZZLH-UHFFFAOYSA-N,DRD4,predicted,0.985934
DNAYVNOVGHZZLH-UHFFFAOYSA-N,MAPK10,predicted,0.985934
DNAYVNOVGHZZLH-UHFFFAOYSA-N,PLK1,predicted,0.985934
DNAYVNOVGHZZLH-UHFFFAOYSA-N,CHRM4,predicted,0.985934
DNAYVNOVGHZZLH-UHFFFAOYSA-N,GLO1,predicted,0.985934
DNAYVNOVGHZZLH-UHFFFAOYSA-N,ADRA1B,predicted,0.985934
DNAYVNOVGHZZLH-UHFFFAOYSA-N,F2,predicted,0.985934
DNAYVNOVGHZZLH-UHFFFAOYSA-N,MGAM2,predicted,0.985934
DNAYVNOVGHZZLH-UHFFFAOYSA-N,ALK,predicted,0.985934
DNAYVNOVGHZZLH-UHFFFAOYSA-N,CA7,predicted,0.985934
DNAYVNOVGHZZLH-UHFFFAOYSA-N,BACE1,predicted,0.985934
DNAYVNOVGHZZLH-UHFFFAOYSA-N,PSMB5,predicted,0.985934
DNAYVNOVGHZZLH-UHFFFAOYSA-N,OPRM1,predicted,0.985934
DNAYVNOVGHZZLH-UHFFFAOYSA-N,NUAK1,predicted,0.985934
DNAYVNOVGHZZLH-UHFFFAOYSA-N,SLCO2B1,predicted,0.985934
DOIRQSBPFJWKBE-UHFFFAOYSA-N,XBP1,predicted,0.983904
DOIRQSBPFJWKBE-UHFFFAOYSA-N,ESR1,predicted,0.983904
DOIRQSBPFJWKBE-UHFFFAOYSA-N,THRB,predicted,0.983904
DOIRQSBPFJWKBE-UHFFFAOYSA-N,TRPA1,predicted,0.983904
DOIRQSBPFJWKBE-UHFFFAOYSA-N,SCN1A,predicted,0.983904
DOIRQSBPFJWKBE-UHFFFAOYSA-N,ADRA1B,predicted,0.983904
DOIRQSBPFJWKBE-UHFFFAOYSA-N,ADRA1A,predicted,0.983904
DOIRQSBPFJWKBE-UHFFFAOYSA-N,ADRA1D,predicted,0.983904
DOIRQSBPFJWKBE-UHFFFAOYSA-N,AR,predicted,0.983904
DOIRQSBPFJWKBE-UHFFFAOYSA-N,P4HB,predicted,0.983904
DPJRMOMPQZCRJU-UHFFFAOYSA-M,CA2,predicted,0.949445
DPJRMOMPQZCRJU-UHFFFAOYSA-M,CA6,predicted,0.949445
DPJRMOMPQZCRJU-UHFFFAOYSA-M,CA1,predicted,0.949445
DPJRMOMPQZCRJU-UHFFFAOYSA-M,TKT,predicted,0.949445
DPWVNICGMWYCAP-UHFFFAOYSA-N,CES2,predicted,0.955241
DPWVNICGMWYCAP-UHFFFAOYSA-N,PTPN11,predicted,0.955241
DPWVNICGMWYCAP-UHFFFAOYSA-N,HSD11B1,predicted,0.955241
DPWVNICGMWYCAP-UHFFFAOYSA-N,SLCO1B1,predicted,0.955241
DPWVNICGMWYCAP-UHFFFAOYSA-N,PRKCH,predicted,0.955241
DPWVNICGMWYCAP-UHFFFAOYSA-N,PIN1,predicted,0.955241
DPWVNICGMWYCAP-UHFFFAOYSA-N,HSD11B2,predicted,0.955241
DPWVNICGMWYCAP-UHFFFAOYSA-N,PTPN1,predicted,0.955241
DPWVNICGMWYCAP-UHFFFAOYSA-N,SLCO1B3,predicted,0.955241
DPWVNICGMWYCAP-UHFFFAOYSA-N,AKR1B10,predicted,0.955241
DPWVNICGMWYCAP-UHFFFAOYSA-N,CES1,predicted,0.955241
DRTQHJPVMGBUCF-UHFFFAOYSA-N,NCOA3,predicted,0.986569
DRTQHJPVMGBUCF-UHFFFAOYSA-N,MDM2,predicted,0.986569
DRTQHJPVMGBUCF-UHFFFAOYSA-N,MGAM2,predicted,0.986569
DRTQHJPVMGBUCF-UHFFFAOYSA-N,CDA,predicted,0.986569
DRTQHJPVMGBUCF-UHFFFAOYSA-N,PARN,predicted,0.986569
DRTQHJPVMGBUCF-UHFFFAOYSA-N,DNMT1,predicted,0.986569
DRTQHJPVMGBUCF-UHFFFAOYSA-N,ADORA1,predicted,0.986569
DRTQHJPVMGBUCF-UHFFFAOYSA-N,EHMT2,predicted,0.986569
DRTQHJPVMGBUCF-UHFFFAOYSA-N,ADORA3,predicted,0.986569
DRTQHJPVMGBUCF-UHFFFAOYSA-N,SLC28A1,predicted,0.986569
DRTQHJPVMGBUCF-UHFFFAOYSA-N,SLC28A3,predicted,0.986569
DSMWJDJWYGMEBO-UTCJRWHESA-N,PSIP1,predicted,0.980405
DSMWJDJWYGMEBO-UTCJRWHESA-N,ACHE,predicted,0.980405
DSMWJDJWYGMEBO-UTCJRWHESA-N,AKR1B1,predicted,0.980405
DSMWJDJWYGMEBO-UTCJRWHESA-N,FYN,predicted,0.980405
DSMWJDJWYGMEBO-UTCJRWHESA-N,SNCA,predicted,0.980405
DSMWJDJWYGMEBO-UTCJRWHESA-N,ENPP1,predicted,0.980405
DSMWJDJWYGMEBO-UTCJRWHESA-N,MCL1,predicted,0.980405
DSMWJDJWYGMEBO-UTCJRWHESA-N,HSD17B2,predicted,0.980405
DSMWJDJWYGMEBO-UTCJRWHESA-N,MMP1,predicted,0.980405
DSMWJDJWYGMEBO-UTCJRWHESA-N,TTR,predicted,0.980405
DSMWJDJWYGMEBO-UTCJRWHESA-N,CYP46A1,predicted,0.980405
DSMWJDJWYGMEBO-UTCJRWHESA-N,CA12,predicted,0.980405
DSMWJDJWYGMEBO-UTCJRWHESA-N,CA2,predicted,0.980405
DSMWJDJWYGMEBO-UTCJRWHESA-N,CA4,predicted,0.980405
DSMWJDJWYGMEBO-UTCJRWHESA-N,CA7,predicted,0.980405
DSMWJDJWYGMEBO-UTCJRWHESA-N,CA1,predicted,0.980405
DSMWJDJWYGMEBO-UTCJRWHESA-N,MMP2,predicted,0.980405
DSMWJDJWYGMEBO-UTCJRWHESA-N,MMP12,predicted,0.980405
DSMWJDJWYGMEBO-UTCJRWHESA-N,MMP9,predicted,0.980405
DSMWJDJWYGMEBO-UTCJRWHESA-N,PRKCA,predicted,0.980405
DSVMWGREWREVQQ-ODQHEUEKSA-N,PPARG,predicted,0.951584
DSVMWGREWREVQQ-ODQHEUEKSA-N,OPRK1,predicted,0.951584
DSVMWGREWREVQQ-ODQHEUEKSA-N,TRPA1,predicted,0.951584
DSVMWGREWREVQQ-ODQHEUEKSA-N,GPR132,predicted,0.951584
DSVMWGREWREVQQ-ODQHEUEKSA-N,HMGCR,predicted,0.951584
DSVMWGREWREVQQ-ODQHEUEKSA-N,LTB4R2,predicted,0.951584
DSVMWGREWREVQQ-ODQHEUEKSA-N,LTB4R,predicted,0.951584
DSVMWGREWREVQQ-ODQHEUEKSA-N,FPR2,predicted,0.951584
DUUSFCFZBREELS-WWBBCYQPSA-N,NR5A1,predicted,0.983968
DUUSFCFZBREELS-WWBBCYQPSA-N,NR5A2,predicted,0.983968
DUUSFCFZBREELS-WWBBCYQPSA-N,DRD3,predicted,0.983968
DUUSFCFZBREELS-WWBBCYQPSA-N,PTAFR,predicted,0.983968
DUUSFCFZBREELS-WWBBCYQPSA-N,ADRA1B,predicted,0.983968
DUUSFCFZBREELS-WWBBCYQPSA-N,ADRA1D,predicted,0.983968
DUUSFCFZBREELS-WWBBCYQPSA-N,TMEM97,predicted,0.983968
DUUSFCFZBREELS-WWBBCYQPSA-N,ADRA2A,predicted,0.983968
DUUSFCFZBREELS-WWBBCYQPSA-N,ADRA2B,predicted,0.983968
DUUSFCFZBREELS-WWBBCYQPSA-N,HTR2C,predicted,0.983968
DUUSFCFZBREELS-WWBBCYQPSA-N,HTR1D,predicted,0.983968
DUUSFCFZBREELS-WWBBCYQPSA-N,AKT1,predicted,0.983968
DUUSFCFZBREELS-WWBBCYQPSA-N,LCAT,predicted,0.983968
DUUSFCFZBREELS-WWBBCYQPSA-N,S1PR1,predicted,0.983968
DUUSFCFZBREELS-WWBBCYQPSA-N,ADGRF1,predicted,0.983968
DUUSFCFZBREELS-WWBBCYQPSA-N,FABP3,predicted,0.983968
DUUSFCFZBREELS-WWBBCYQPSA-N,DAGLA,predicted,0.983968
DUUSFCFZBREELS-WWBBCYQPSA-N,CNR2,predicted,0.983968
DXYUAIFZCFRPTH-UHFFFAOYSA-N,HDAC6,predicted,0.987084
DXYUAIFZCFRPTH-UHFFFAOYSA-N,KLK7,predicted,0.987084
DXYUAIFZCFRPTH-UHFFFAOYSA-N,PPARG,predicted,0.987084
DXYUAIFZCFRPTH-UHFFFAOYSA-N,ALOX5,predicted,0.987084
DXYUAIFZCFRPTH-UHFFFAOYSA-N,ALOX12,predicted,0.987084
DXYUAIFZCFRPTH-UHFFFAOYSA-N,ALOX15B,predicted,0.987084
DXYUAIFZCFRPTH-UHFFFAOYSA-N,PTGS2,predicted,0.987084
DXYUAIFZCFRPTH-UHFFFAOYSA-N,BCL2,predicted,0.987084
DXYUAIFZCFRPTH-UHFFFAOYSA-N,CYP1B1,predicted,0.987084
DXYUAIFZCFRPTH-UHFFFAOYSA-N,IL2,predicted,0.987084
DXYUAIFZCFRPTH-UHFFFAOYSA-N,CA12,predicted,0.987084
DXYUAIFZCFRPTH-UHFFFAOYSA-N,CA2,predicted,0.987084
DXYUAIFZCFRPTH-UHFFFAOYSA-N,UGT1A1,predicted,0.987084
DXYUAIFZCFRPTH-UHFFFAOYSA-N,ESR1,predicted,0.987084
DXYUAIFZCFRPTH-UHFFFAOYSA-N,CA4,predicted,0.987084
DXYUAIFZCFRPTH-UHFFFAOYSA-N,ALDH2,predicted,0.987084
DXYUAIFZCFRPTH-UHFFFAOYSA-N,ESR2,predicted,0.987084
DXYUAIFZCFRPTH-UHFFFAOYSA-N,ALOX15,predicted,0.987084
DXYUAIFZCFRPTH-UHFFFAOYSA-N,CA7,predicted,0.987084
DXYUAIFZCFRPTH-UHFFFAOYSA-N,CA1,predicted,0.987084
DYSOIAQEKRDXRB-UHFFFAOYSA-N,OPRK1,predicted,0.920426
DYSOIAQEKRDXRB-UHFFFAOYSA-N,OPRM1,predicted,0.920426
DYSOIAQEKRDXRB-UHFFFAOYSA-N,OPRD1,predicted,0.920426
DZAUWHJDUNRCTF-UHFFFAOYSA-N,FOLH1,predicted,0.987084
DZAUWHJDUNRCTF-UHFFFAOYSA-N,IAPP,predicted,0.987084
DZAUWHJDUNRCTF-UHFFFAOYSA-N,LCK,predicted,0.987084
DZAUWHJDUNRCTF-UHFFFAOYSA-N,CYP19A1,predicted,0.987084
DZAUWHJDUNRCTF-UHFFFAOYSA-N,IGF1R,predicted,0.987084
DZAUWHJDUNRCTF-UHFFFAOYSA-N,ALOX15,predicted,0.987084
DZAUWHJDUNRCTF-UHFFFAOYSA-N,PRKCA,predicted,0.987084
DZAUWHJDUNRCTF-UHFFFAOYSA-N,BACE1,predicted,0.987084
FCQSIIVNJCMJLB-UHFFFAOYSA-N,ACLY,predicted,0.983247
FCQSIIVNJCMJLB-UHFFFAOYSA-N,ACACA,predicted,0.983247
FCQSIIVNJCMJLB-UHFFFAOYSA-N,HSD11B1,predicted,0.983247
FCQSIIVNJCMJLB-UHFFFAOYSA-N,HSD11B2,predicted,0.983247
FCQSIIVNJCMJLB-UHFFFAOYSA-N,PTGS2,predicted,0.983247
FCSSPCOFDUKHPV-UHFFFAOYSA-N,TRPA1,predicted,0.967329
FCSSPCOFDUKHPV-UHFFFAOYSA-N,PTGS2,predicted,0.967329
FCSSPCOFDUKHPV-UHFFFAOYSA-N,CTSL,predicted,0.967329
FCSSPCOFDUKHPV-UHFFFAOYSA-N,CTSB,predicted,0.967329
FCSSPCOFDUKHPV-UHFFFAOYSA-N,TERT,predicted,0.967329
FCSSPCOFDUKHPV-UHFFFAOYSA-N,SLC25A21,predicted,0.967329
FCSSPCOFDUKHPV-UHFFFAOYSA-N,MCL1,predicted,0.967329
FCSSPCOFDUKHPV-UHFFFAOYSA-N,NOS1,predicted,0.967329
FCSSPCOFDUKHPV-UHFFFAOYSA-N,NOS3,predicted,0.967329
FCSSPCOFDUKHPV-UHFFFAOYSA-N,NOS2,predicted,0.967329
FCSSPCOFDUKHPV-UHFFFAOYSA-N,XBP1,predicted,0.967329
FCSSPCOFDUKHPV-UHFFFAOYSA-N,FAAH,predicted,0.967329
FCSSPCOFDUKHPV-UHFFFAOYSA-N,APLNR,predicted,0.967329
FCSSPCOFDUKHPV-UHFFFAOYSA-N,EGFR,predicted,0.967329
FDCOHGHEADZEGF-OCEACIFDSA-N,PRKCQ,predicted,0.987084
FDCOHGHEADZEGF-OCEACIFDSA-N,PRKCD,predicted,0.987084
FDCOHGHEADZEGF-OCEACIFDSA-N,PRKCA,predicted,0.987084
FDCOHGHEADZEGF-OCEACIFDSA-N,PKD1,predicted,0.987084
FDCOHGHEADZEGF-OCEACIFDSA-N,CNR2,predicted,0.987084
FDCOHGHEADZEGF-OCEACIFDSA-N,PRKCE,predicted,0.987084
FDCOHGHEADZEGF-OCEACIFDSA-N,CDC42BPA,predicted,0.987084
FDCOHGHEADZEGF-OCEACIFDSA-N,CDC42BPB,predicted,0.987084
FDCOHGHEADZEGF-OCEACIFDSA-N,ENPP2,predicted,0.987084
FDCOHGHEADZEGF-OCEACIFDSA-N,LPAR1,predicted,0.987084
FDCOHGHEADZEGF-OCEACIFDSA-N,LPAR3,predicted,0.987084
FEWJPZIEWOKRBE-JCYAYHJZSA-N,SLC1A3,predicted,0.948042
FEWJPZIEWOKRBE-JCYAYHJZSA-N,SLC1A1,predicted,0.948042
FEWJPZIEWOKRBE-JCYAYHJZSA-N,SLC1A2,predicted,0.948042
FEWJPZIEWOKRBE-JCYAYHJZSA-N,PDK2,predicted,0.948042
FEWJPZIEWOKRBE-JCYAYHJZSA-N,PDK4,predicted,0.948042
FEWJPZIEWOKRBE-JCYAYHJZSA-N,CA9,predicted,0.948042
FEWJPZIEWOKRBE-JCYAYHJZSA-N,CA12,predicted,0.948042
FEWJPZIEWOKRBE-JCYAYHJZSA-N,CA2,predicted,0.948042
FEWJPZIEWOKRBE-JCYAYHJZSA-N,CA1,predicted,0.948042
FEWJPZIEWOKRBE-JCYAYHJZSA-N,OR51E2,predicted,0.948042
FEWJPZIEWOKRBE-JCYAYHJZSA-N,PTPN22,predicted,0.948042
FEWJPZIEWOKRBE-JCYAYHJZSA-N,DUSP3,predicted,0.948042
FEWJPZIEWOKRBE-JCYAYHJZSA-N,PTPN11,predicted,0.948042
FEWJPZIEWOKRBE-JCYAYHJZSA-N,PGD,predicted,0.948042
FEWJPZIEWOKRBE-JCYAYHJZSA-N,TET2,predicted,0.948042
FEWJPZIEWOKRBE-JCYAYHJZSA-N,GBA1,predicted,0.948042
FEWJPZIEWOKRBE-LWMBPPNESA-N,SLC1A3,predicted,0.948042
FEWJPZIEWOKRBE-LWMBPPNESA-N,SLC1A1,predicted,0.948042
FEWJPZIEWOKRBE-LWMBPPNESA-N,SLC1A2,predicted,0.948042
FEWJPZIEWOKRBE-LWMBPPNESA-N,PDK2,predicted,0.948042
FEWJPZIEWOKRBE-LWMBPPNESA-N,PDK4,predicted,0.948042
FEWJPZIEWOKRBE-LWMBPPNESA-N,CA9,predicted,0.948042
FEWJPZIEWOKRBE-LWMBPPNESA-N,CA12,predicted,0.948042
FEWJPZIEWOKRBE-LWMBPPNESA-N,CA2,predicted,0.948042
FEWJPZIEWOKRBE-LWMBPPNESA-N,CA1,predicted,0.948042
FEWJPZIEWOKRBE-LWMBPPNESA-N,OR51E2,predicted,0.948042
FEWJPZIEWOKRBE-LWMBPPNESA-N,PTPN22,predicted,0.948042
FEWJPZIEWOKRBE-LWMBPPNESA-N,DUSP3,predicted,0.948042
FEWJPZIEWOKRBE-LWMBPPNESA-N,PTPN11,predicted,0.948042
FEWJPZIEWOKRBE-LWMBPPNESA-N,PGD,predicted,0.948042
FEWJPZIEWOKRBE-LWMBPPNESA-N,TET2,predicted,0.948042
FEWJPZIEWOKRBE-LWMBPPNESA-N,GBA1,predicted,0.948042
FEXQDZTYJVXMOS-UHFFFAOYSA-N,CD274,predicted,0.987084
FEXQDZTYJVXMOS-UHFFFAOYSA-N,CA12,predicted,0.987084
FEXQDZTYJVXMOS-UHFFFAOYSA-N,CA2,predicted,0.987084
FEXQDZTYJVXMOS-UHFFFAOYSA-N,CA14,predicted,0.987084
FEXQDZTYJVXMOS-UHFFFAOYSA-N,CA7,predicted,0.987084
FEXQDZTYJVXMOS-UHFFFAOYSA-N,CA9,predicted,0.987084
FEXQDZTYJVXMOS-UHFFFAOYSA-N,CA1,predicted,0.987084
FEXQDZTYJVXMOS-UHFFFAOYSA-N,CYP4F2,predicted,0.987084
FEXQDZTYJVXMOS-UHFFFAOYSA-N,CYP4A11,predicted,0.987084
FEXQDZTYJVXMOS-UHFFFAOYSA-N,PLAU,predicted,0.987084
FEXQDZTYJVXMOS-UHFFFAOYSA-N,F2,predicted,0.987084
FEXQDZTYJVXMOS-UHFFFAOYSA-N,ELANE,predicted,0.987084
FEXQDZTYJVXMOS-UHFFFAOYSA-N,SLC6A3,predicted,0.987084
FEXQDZTYJVXMOS-UHFFFAOYSA-N,SLC6A4,predicted,0.987084
FEXQDZTYJVXMOS-UHFFFAOYSA-N,SCN1A,predicted,0.987084
FEXQDZTYJVXMOS-UHFFFAOYSA-N,ESR1,predicted,0.987084
FEXQDZTYJVXMOS-UHFFFAOYSA-N,ESR2,predicted,0.987084
FRAUJUKWSKMNJY-UHFFFAOYSA-N,ALDH1B1,predicted,0.95487
FRAUJUKWSKMNJY-UHFFFAOYSA-N,ALDH2,predicted,0.95487
FRAUJUKWSKMNJY-UHFFFAOYSA-N,IL2,predicted,0.95487
FRAUJUKWSKMNJY-UHFFFAOYSA-N,ALDH1A2,predicted,0.95487
FRAUJUKWSKMNJY-UHFFFAOYSA-N,TNF,predicted,0.95487
FRAUJUKWSKMNJY-UHFFFAOYSA-N,S1PR1,predicted,0.95487
FRAUJUKWSKMNJY-UHFFFAOYSA-N,RELA,predicted,0.95487
FRAUJUKWSKMNJY-UHFFFAOYSA-N,XDH,predicted,0.95487
FRAUJUKWSKMNJY-UHFFFAOYSA-N,CYP3A4,predicted,0.95487
FRAUJUKWSKMNJY-UHFFFAOYSA-N,CA12,predicted,0.95487
FRAUJUKWSKMNJY-UHFFFAOYSA-N,CA2,predicted,0.95487
FRAUJUKWSKMNJY-UHFFFAOYSA-N,CA4,predicted,0.95487
FRAUJUKWSKMNJY-UHFFFAOYSA-N,CA7,predicted,0.95487
FRAUJUKWSKMNJY-UHFFFAOYSA-N,CA1,predicted,0.95487
FRAUJUKWSKMNJY-UHFFFAOYSA-N,SLCO1B1,predicted,0.95487
FRAUJUKWSKMNJY-UHFFFAOYSA-N,MAP2K4,predicted,0.95487
FRAUJUKWSKMNJY-UHFFFAOYSA-N,ABL1,predicted,0.95487
FRAUJUKWSKMNJY-UHFFFAOYSA-N,ADORA2A,predicted,0.95487
FRAUJUKWSKMNJY-UHFFFAOYSA-N,PRKACA,predicted,0.95487
FRAUJUKWSKMNJY-UHFFFAOYSA-N,CFTR,predicted,0.95487
FUGYGGDSWSUORM-UHFFFAOYSA-N,TRPV1,predicted,0.954568
FUGYGGDSWSUORM-UHFFFAOYSA-N,APP,predicted,0.954568
FUGYGGDSWSUORM-UHFFFAOYSA-N,CA12,predicted,0.954568
FUGYGGDSWSUORM-UHFFFAOYSA-N,CA2,predicted,0.954568
FUGYGGDSWSUORM-UHFFFAOYSA-N,CA4,predicted,0.954568
FUGYGGDSWSUORM-UHFFFAOYSA-N,CA6,predicted,0.954568
FUGYGGDSWSUORM-UHFFFAOYSA-N,CA3,predicted,0.954568
FUGYGGDSWSUORM-UHFFFAOYSA-N,CA1,predicted,0.954568
FUGYGGDSWSUORM-UHFFFAOYSA-N,ESR1,predicted,0.954568
FUGYGGDSWSUORM-UHFFFAOYSA-N,NFE2L2,predicted,0.954568
FUGYGGDSWSUORM-UHFFFAOYSA-N,ALOX5,predicted,0.954568
FUGYGGDSWSUORM-UHFFFAOYSA-N,CA5B,predicted,0.954568
FUGYGGDSWSUORM-UHFFFAOYSA-N,MAOB,predicted,0.954568
FUGYGGDSWSUORM-UHFFFAOYSA-N,MAOA,predicted,0.954568
FUGYGGDSWSUORM-UHFFFAOYSA-N,PTGS2,predicted,0.954568
FUGYGGDSWSUORM-UHFFFAOYSA-N,CA7,predicted,0.954568
FUGYGGDSWSUORM-UHFFFAOYSA-N,CA9,predicted,0.954568
FUGYGGDSWSUORM-UHFFFAOYSA-N,TYR,predicted,0.954568
FUGYGGDSWSUORM-UHFFFAOYSA-N,CYP2C19,predicted,0.954568
FUGYGGDSWSUORM-UHFFFAOYSA-N,HDAC6,predicted,0.954568
GDBJCCBRRCYCEG-UHFFFAOYSA-N,HMGCR,predicted,0.987084
GDBJCCBRRCYCEG-UHFFFAOYSA-N,PTPN7,predicted,0.987084
GDBJCCBRRCYCEG-UHFFFAOYSA-N,CASP1,predicted,0.987084
GDBJCCBRRCYCEG-UHFFFAOYSA-N,DUSP1,predicted,0.987084
GDBJCCBRRCYCEG-UHFFFAOYSA-N,MCL1,predicted,0.987084
GDBJCCBRRCYCEG-UHFFFAOYSA-N,EPHX2,predicted,0.987084
GDBJCCBRRCYCEG-UHFFFAOYSA-N,GPR84,predicted,0.987084
GDBJCCBRRCYCEG-UHFFFAOYSA-N,TLR2,predicted,0.987084
GDBJCCBRRCYCEG-UHFFFAOYSA-N,PPARA,predicted,0.987084
GDBJCCBRRCYCEG-UHFFFAOYSA-N,SLC22A6,predicted,0.987084
GDBJCCBRRCYCEG-UHFFFAOYSA-N,SLC22A8,predicted,0.987084
GEPAYBXVXXBSKP-UHFFFAOYSA-L,P2RX3,predicted,0.987084
GEPAYBXVXXBSKP-UHFFFAOYSA-L,RAD51,predicted,0.987084
GEPAYBXVXXBSKP-UHFFFAOYSA-L,LTA,predicted,0.987084
GEPAYBXVXXBSKP-UHFFFAOYSA-L,P2RY6,predicted,0.987084
GEPAYBXVXXBSKP-UHFFFAOYSA-L,RAD1,predicted,0.987084
GEPAYBXVXXBSKP-UHFFFAOYSA-L,APEX1,predicted,0.987084
GEPAYBXVXXBSKP-UHFFFAOYSA-L,CA2,predicted,0.987084
GEPAYBXVXXBSKP-UHFFFAOYSA-L,CA1,predicted,0.987084
GEPAYBXVXXBSKP-UHFFFAOYSA-L,SUMO1,predicted,0.987084
GEPAYBXVXXBSKP-UHFFFAOYSA-L,SENP2,predicted,0.987084
GEPAYBXVXXBSKP-UHFFFAOYSA-L,SENP7,predicted,0.987084
GEPAYBXVXXBSKP-UHFFFAOYSA-L,SUMO2,predicted,0.987084
GEPAYBXVXXBSKP-UHFFFAOYSA-L,SENP1,predicted,0.987084
GGVUQGXIFKUXHY-RFXAPONZSA-N,HSD11B1,predicted,0.921988
GGVUQGXIFKUXHY-RFXAPONZSA-N,HIF1A,predicted,0.921988
GGVUQGXIFKUXHY-RFXAPONZSA-N,HSD11B2,predicted,0.921988
GHGDPZHQDKPWOJ-UHFFFAOYSA-N,ROCK2,predicted,0.944126
GHGDPZHQDKPWOJ-UHFFFAOYSA-N,AHR,predicted,0.944126
GHGDPZHQDKPWOJ-UHFFFAOYSA-N,GPR84,predicted,0.944126
GHGDPZHQDKPWOJ-UHFFFAOYSA-N,APAF1,predicted,0.944126
GHGDPZHQDKPWOJ-UHFFFAOYSA-N,RELA,predicted,0.944126
GHGDPZHQDKPWOJ-UHFFFAOYSA-N,SLC6A2,predicted,0.944126
GHGDPZHQDKPWOJ-UHFFFAOYSA-N,HTR1A,predicted,0.944126
GHGDPZHQDKPWOJ-UHFFFAOYSA-N,HTR2A,predicted,0.944126
GHGDPZHQDKPWOJ-UHFFFAOYSA-N,HTR1E,predicted,0.944126
GHGDPZHQDKPWOJ-UHFFFAOYSA-N,CHRM3,predicted,0.944126
GHGDPZHQDKPWOJ-UHFFFAOYSA-N,CHRM5,predicted,0.944126
GHGDPZHQDKPWOJ-UHFFFAOYSA-N,HRH4,predicted,0.944126
GHGDPZHQDKPWOJ-UHFFFAOYSA-N,ADRA1A,predicted,0.944126
GHGDPZHQDKPWOJ-UHFFFAOYSA-N,CHRNA4,predicted,0.944126
GHGDPZHQDKPWOJ-UHFFFAOYSA-N,DRD4,predicted,0.944126
GHGDPZHQDKPWOJ-UHFFFAOYSA-N,HTR1D,predicted,0.944126
GHGDPZHQDKPWOJ-UHFFFAOYSA-N,CHRM4,predicted,0.944126
GHGDPZHQDKPWOJ-UHFFFAOYSA-N,SLC6A3,predicted,0.944126
GHGDPZHQDKPWOJ-UHFFFAOYSA-N,CHRM1,predicted,0.944126
GHGDPZHQDKPWOJ-UHFFFAOYSA-N,CNR1,predicted,0.944126
GKBLNJXQDMHILB-WBWYXKPPSA-N,PTGIR,predicted,0.987084
GKBLNJXQDMHILB-WBWYXKPPSA-N,PTGER1,predicted,0.987084
GKBLNJXQDMHILB-WBWYXKPPSA-N,PTGER4,predicted,0.987084
GKBLNJXQDMHILB-WBWYXKPPSA-N,SLCO2A1,predicted,0.987084
GKBLNJXQDMHILB-WBWYXKPPSA-N,PTGER2,predicted,0.987084
GKBLNJXQDMHILB-WBWYXKPPSA-N,GALR3,predicted,0.987084
GKBLNJXQDMHILB-WBWYXKPPSA-N,HPGDS,predicted,0.987084
GKBLNJXQDMHILB-WBWYXKPPSA-N,PTGER3,predicted,0.987084
GKBLNJXQDMHILB-WBWYXKPPSA-N,PTGFR,predicted,0.987084
GKBLNJXQDMHILB-WBWYXKPPSA-N,ABCC4,predicted,0.987084
GKBLNJXQDMHILB-WBWYXKPPSA-N,TBXA2R,predicted,0.987084
GKBLNJXQDMHILB-WBWYXKPPSA-N,PTGDR,predicted,0.987084
GKBLNJXQDMHILB-WBWYXKPPSA-N,SLC5A7,predicted,0.987084
GKBLNJXQDMHILB-WBWYXKPPSA-N,NR4A2,predicted,0.987084
GSUGVJOUDSLEBL-UHFFFAOYSA-N,FAAH,predicted,0.977348
GSUGVJOUDSLEBL-UHFFFAOYSA-N,CNR1,predicted,0.977348
GSUGVJOUDSLEBL-UHFFFAOYSA-N,NAAA,predicted,0.977348
GSUGVJOUDSLEBL-UHFFFAOYSA-N,TRPV1,predicted,0.977348
GSUGVJOUDSLEBL-UHFFFAOYSA-N,F2,predicted,0.977348
GSUGVJOUDSLEBL-UHFFFAOYSA-N,CTSL,predicted,0.977348
GSUGVJOUDSLEBL-UHFFFAOYSA-N,GPR84,predicted,0.977348
GUBGYTABKSRVRQ-PICCSMPSSA-N,CA9,predicted,0.98384
GUBGYTABKSRVRQ-PICCSMPSSA-N,CA12,predicted,0.98384
GUBGYTABKSRVRQ-PICCSMPSSA-N,CA2,predicted,0.98384
GUBGYTABKSRVRQ-PICCSMPSSA-N,CA1,predicted,0.98384
GUBGYTABKSRVRQ-PICCSMPSSA-N,LGALS4,predicted,0.98384
GUBGYTABKSRVRQ-PICCSMPSSA-N,LGALS8,predicted,0.98384
GUBGYTABKSRVRQ-PICCSMPSSA-N,LGALS3,predicted,0.98384
GUBGYTABKSRVRQ-PICCSMPSSA-N,GLB1,predicted,0.98384
GUBGYTABKSRVRQ-PICCSMPSSA-N,MDM2,predicted,0.98384
GUBGYTABKSRVRQ-PICCSMPSSA-N,AMY2A,predicted,0.98384
GUBGYTABKSRVRQ-PICCSMPSSA-N,VEGFA,predicted,0.98384
GUBGYTABKSRVRQ-PICCSMPSSA-N,HPSE,predicted,0.98384
GUBGYTABKSRVRQ-PICCSMPSSA-N,FGF1,predicted,0.98384
GUBGYTABKSRVRQ-PICCSMPSSA-N,FGF2,predicted,0.98384
GUBGYTABKSRVRQ-PICCSMPSSA-N,TYR,predicted,0.98384
GUBGYTABKSRVRQ-QKKXKWKRSA-N,CA9,predicted,0.98384
GUBGYTABKSRVRQ-QKKXKWKRSA-N,CA12,predicted,0.98384
GUBGYTABKSRVRQ-QKKXKWKRSA-N,CA2,predicted,0.98384
GUBGYTABKSRVRQ-QKKXKWKRSA-N,CA1,predicted,0.98384
GUBGYTABKSRVRQ-QKKXKWKRSA-N,LGALS4,predicted,0.98384
GUBGYTABKSRVRQ-QKKXKWKRSA-N,LGALS8,predicted,0.98384
GUBGYTABKSRVRQ-QKKXKWKRSA-N,LGALS3,predicted,0.98384
GUBGYTABKSRVRQ-QKKXKWKRSA-N,GLB1,predicted,0.98384
GUBGYTABKSRVRQ-QKKXKWKRSA-N,MDM2,predicted,0.98384
GUBGYTABKSRVRQ-QKKXKWKRSA-N,AMY2A,predicted,0.98384
GUBGYTABKSRVRQ-QKKXKWKRSA-N,VEGFA,predicted,0.98384
GUBGYTABKSRVRQ-QKKXKWKRSA-N,HPSE,predicted,0.98384
GUBGYTABKSRVRQ-QKKXKWKRSA-N,FGF1,predicted,0.98384
GUBGYTABKSRVRQ-QKKXKWKRSA-N,FGF2,predicted,0.98384
GUBGYTABKSRVRQ-QKKXKWKRSA-N,TYR,predicted,0.98384
GWYFCOCPABKNJV-UHFFFAOYSA-N,FABP1,predicted,0.875113
GWYFCOCPABKNJV-UHFFFAOYSA-N,CACNB3,predicted,0.875113
GWYFCOCPABKNJV-UHFFFAOYSA-N,CACNA2D2,predicted,0.875113
GWYFCOCPABKNJV-UHFFFAOYSA-N,SLC6A2,predicted,0.875113
GWYFCOCPABKNJV-UHFFFAOYSA-N,CACNA2D1,predicted,0.875113
GWYFCOCPABKNJV-UHFFFAOYSA-N,HPN,predicted,0.875113
GWYFCOCPABKNJV-UHFFFAOYSA-N,GRIK4,predicted,0.875113
GWYFCOCPABKNJV-UHFFFAOYSA-N,LAP3,predicted,0.875113
GWYFCOCPABKNJV-UHFFFAOYSA-N,SLC1A3,predicted,0.875113
GWYFCOCPABKNJV-UHFFFAOYSA-N,ALPL,predicted,0.875113
GWYFCOCPABKNJV-UHFFFAOYSA-N,ALPI,predicted,0.875113
GWYFCOCPABKNJV-UHFFFAOYSA-N,PLAA,predicted,0.875113
GWYFCOCPABKNJV-UHFFFAOYSA-N,RNPEP,predicted,0.875113
GWYFCOCPABKNJV-UHFFFAOYSA-N,CTSD,predicted,0.875113
GYFFKZTYYAFCTR-JUHZACGLSA-N,AKR1B1,predicted,0.987084
GYFFKZTYYAFCTR-JUHZACGLSA-N,APP,predicted,0.987084
GYFFKZTYYAFCTR-JUHZACGLSA-N,ACHE,predicted,0.987084
GYFFKZTYYAFCTR-JUHZACGLSA-N,AKR1B10,predicted,0.987084
GYFFKZTYYAFCTR-JUHZACGLSA-N,BACE1,predicted,0.987084
GYFFKZTYYAFCTR-JUHZACGLSA-N,HDAC1,predicted,0.987084
GYFFKZTYYAFCTR-JUHZACGLSA-N,PTPN1,predicted,0.987084
GYFFKZTYYAFCTR-JUHZACGLSA-N,PSIP1,predicted,0.987084
GYFFKZTYYAFCTR-JUHZACGLSA-N,EPHX2,predicted,0.987084
GYFFKZTYYAFCTR-JUHZACGLSA-N,SYNJ2,predicted,0.987084
GYFFKZTYYAFCTR-JUHZACGLSA-N,MMP2,predicted,0.987084
GYFFKZTYYAFCTR-JUHZACGLSA-N,MMP12,predicted,0.987084
GYFFKZTYYAFCTR-JUHZACGLSA-N,MMP13,predicted,0.987084
GYHFUZHODSMOHU-UHFFFAOYSA-N,TRPV1,predicted,0.987084
GYHFUZHODSMOHU-UHFFFAOYSA-N,FAAH,predicted,0.987084
GYHFUZHODSMOHU-UHFFFAOYSA-N,ADH7,predicted,0.987084
GYHFUZHODSMOHU-UHFFFAOYSA-N,ADH1B,predicted,0.987084
GYHFUZHODSMOHU-UHFFFAOYSA-N,ADH1A,predicted,0.987084
GYHFUZHODSMOHU-UHFFFAOYSA-N,EP300,predicted,0.987084
GYHFUZHODSMOHU-UHFFFAOYSA-N,DNM1,predicted,0.987084
GYHFUZHODSMOHU-UHFFFAOYSA-N,PPARD,predicted,0.987084
GYHFUZHODSMOHU-UHFFFAOYSA-N,FABP4,predicted,0.987084
GYHFUZHODSMOHU-UHFFFAOYSA-N,PPARG,predicted,0.987084
GYHFUZHODSMOHU-UHFFFAOYSA-N,FABP1,predicted,0.987084
GYHFUZHODSMOHU-UHFFFAOYSA-N,PPARA,predicted,0.987084
GYHFUZHODSMOHU-UHFFFAOYSA-N,TERT,predicted,0.987084
GYHFUZHODSMOHU-UHFFFAOYSA-N,FABP5,predicted,0.987084
GYHFUZHODSMOHU-UHFFFAOYSA-N,PTPN1,predicted,0.987084
GYHFUZHODSMOHU-UHFFFAOYSA-N,CHRM2,predicted,0.987084
GZIFEOYASATJEH-UHFFFAOYSA-N,AKT1,predicted,0.987084
GZIFEOYASATJEH-UHFFFAOYSA-N,NR1I2,predicted,0.987084
GZIFEOYASATJEH-UHFFFAOYSA-N,ALOX5,predicted,0.987084
HCXVJBMSMIARIN-PHZDYDNGSA-N,POLA1,predicted,0.985631
HCXVJBMSMIARIN-PHZDYDNGSA-N,CYP17A1,predicted,0.985631
HCXVJBMSMIARIN-PHZDYDNGSA-N,F2,predicted,0.985631
HCXVJBMSMIARIN-PHZDYDNGSA-N,DHCR24,predicted,0.985631
HCXVJBMSMIARIN-PHZDYDNGSA-N,NR1H2,predicted,0.985631
HCXVJBMSMIARIN-PHZDYDNGSA-N,NR1H3,predicted,0.985631
HGXBRUKMWQGOIE-UHFFFAOYSA-N,ALOX5,predicted,0.98348
HGXBRUKMWQGOIE-UHFFFAOYSA-N,ACHE,predicted,0.98348
HGXBRUKMWQGOIE-UHFFFAOYSA-N,NR3C1,predicted,0.98348
HGXBRUKMWQGOIE-UHFFFAOYSA-N,FABP3,predicted,0.98348
HGXBRUKMWQGOIE-UHFFFAOYSA-N,FABP7,predicted,0.98348
HGXBRUKMWQGOIE-UHFFFAOYSA-N,FABP5,predicted,0.98348
HGXBRUKMWQGOIE-UHFFFAOYSA-N,HSP90AB1,predicted,0.98348
HGXBRUKMWQGOIE-UHFFFAOYSA-N,ESR1,predicted,0.98348
HGXBRUKMWQGOIE-UHFFFAOYSA-N,ESR2,predicted,0.98348
HGXBRUKMWQGOIE-UHFFFAOYSA-N,SHBG,predicted,0.98348
HKSDVVJONLXYKL-ZFILXNNPSA-N,FFAR1,predicted,0.982222
HKSDVVJONLXYKL-ZFILXNNPSA-N,PPARG,predicted,0.982222
HKSDVVJONLXYKL-ZFILXNNPSA-N,PTGS1,predicted,0.982222
HKSDVVJONLXYKL-ZFILXNNPSA-N,PPARA,predicted,0.982222
HKSDVVJONLXYKL-ZFILXNNPSA-N,FFAR4,predicted,0.982222
HKSDVVJONLXYKL-ZFILXNNPSA-N,NR1I2,predicted,0.982222
HKSDVVJONLXYKL-ZFILXNNPSA-N,OXER1,predicted,0.982222
HKSDVVJONLXYKL-ZFILXNNPSA-N,PPARD,predicted,0.982222
HKSDVVJONLXYKL-ZFILXNNPSA-N,FABP4,predicted,0.982222
HKSDVVJONLXYKL-ZFILXNNPSA-N,FABP3,predicted,0.982222
HKSDVVJONLXYKL-ZFILXNNPSA-N,FABP5,predicted,0.982222
HKSDVVJONLXYKL-ZFILXNNPSA-N,AKR1C3,predicted,0.982222
HKSDVVJONLXYKL-ZFILXNNPSA-N,RXRA,predicted,0.982222
HSTZMXCBWJGKHG-CUYWLFDKSA-N,TYR,predicted,0.983815
HSTZMXCBWJGKHG-CUYWLFDKSA-N,PTGS2,predicted,0.983815
HSTZMXCBWJGKHG-CUYWLFDKSA-N,PTGS1,predicted,0.983815
HSTZMXCBWJGKHG-CUYWLFDKSA-N,AKR1B1,predicted,0.983815
HSTZMXCBWJGKHG-CUYWLFDKSA-N,TAS2R16,predicted,0.983815
HSTZMXCBWJGKHG-CUYWLFDKSA-N,CA12,predicted,0.983815
HSTZMXCBWJGKHG-CUYWLFDKSA-N,CA5A,predicted,0.983815
HSTZMXCBWJGKHG-CUYWLFDKSA-N,CA2,predicted,0.983815
HSTZMXCBWJGKHG-CUYWLFDKSA-N,CA14,predicted,0.983815
HSTZMXCBWJGKHG-CUYWLFDKSA-N,CA4,predicted,0.983815
HSTZMXCBWJGKHG-CUYWLFDKSA-N,CA3,predicted,0.983815
HSTZMXCBWJGKHG-CUYWLFDKSA-N,CA7,predicted,0.983815
HSTZMXCBWJGKHG-CUYWLFDKSA-N,CA9,predicted,0.983815
HSTZMXCBWJGKHG-CUYWLFDKSA-N,CA13,predicted,0.983815
HSTZMXCBWJGKHG-CUYWLFDKSA-N,CA1,predicted,0.983815
HSTZMXCBWJGKHG-CUYWLFDKSA-N,TNF,predicted,0.983815
HSTZMXCBWJGKHG-CUYWLFDKSA-N,ALDH1B1,predicted,0.983815
HSTZMXCBWJGKHG-CUYWLFDKSA-N,ALDH2,predicted,0.983815
HSTZMXCBWJGKHG-CUYWLFDKSA-N,IL2,predicted,0.983815
HSTZMXCBWJGKHG-CUYWLFDKSA-N,ALDH1A2,predicted,0.983815
HXYVTAGFYLMHSO-UHFFFAOYSA-N,CNR2,predicted,0.987084
HXYVTAGFYLMHSO-UHFFFAOYSA-N,TRPV1,predicted,0.987084
HXYVTAGFYLMHSO-UHFFFAOYSA-N,CNR1,predicted,0.987084
HXYVTAGFYLMHSO-UHFFFAOYSA-N,SIRT6,predicted,0.987084
HXYVTAGFYLMHSO-UHFFFAOYSA-N,FAAH,predicted,0.987084
HXYVTAGFYLMHSO-UHFFFAOYSA-N,GPR119,predicted,0.987084
HXYVTAGFYLMHSO-UHFFFAOYSA-N,PPARD,predicted,0.987084
HXYVTAGFYLMHSO-UHFFFAOYSA-N,PPARA,predicted,0.987084
HXYVTAGFYLMHSO-UHFFFAOYSA-N,SELP,predicted,0.987084
HYCLWDHZALFLJV-UHFFFAOYSA-N,CA9,predicted,0.987084
HYCLWDHZALFLJV-UHFFFAOYSA-N,CA12,predicted,0.987084
HYCLWDHZALFLJV-UHFFFAOYSA-N,CA2,predicted,0.987084
HYCLWDHZALFLJV-UHFFFAOYSA-N,CA1,predicted,0.987084
HYCLWDHZALFLJV-UHFFFAOYSA-N,MCL1,predicted,0.987084
HYCLWDHZALFLJV-UHFFFAOYSA-N,CA7,predicted,0.987084
HYCLWDHZALFLJV-UHFFFAOYSA-N,CA13,predicted,0.987084
HYCLWDHZALFLJV-UHFFFAOYSA-N,PGR,predicted,0.987084
HYCLWDHZALFLJV-UHFFFAOYSA-N,ALPG,predicted,0.987084
IDXHCFMUKBIJQY-HYHKMVTFSA-N,PRKCQ,predicted,0.98348
IDXHCFMUKBIJQY-HYHKMVTFSA-N,PRKCD,predicted,0.98348
IDXHCFMUKBIJQY-HYHKMVTFSA-N,PRKCA,predicted,0.98348
IDXHCFMUKBIJQY-HYHKMVTFSA-N,CNR2,predicted,0.98348
IDXHCFMUKBIJQY-HYHKMVTFSA-N,SELP,predicted,0.98348
IDXHCFMUKBIJQY-HYHKMVTFSA-N,CDC42BPA,predicted,0.98348
IDXHCFMUKBIJQY-HYHKMVTFSA-N,CDC42BPB,predicted,0.98348
IDXHCFMUKBIJQY-HYHKMVTFSA-N,PRKCE,predicted,0.98348
IDXHCFMUKBIJQY-HYHKMVTFSA-N,LPAR1,predicted,0.98348
IDXHCFMUKBIJQY-HYHKMVTFSA-N,LPAR3,predicted,0.98348
IDXHCFMUKBIJQY-HYHKMVTFSA-N,ENPP2,predicted,0.98348
IYSZVOVZPVKXIJ-OFALOCIGSA-N,TOP1,predicted,0.895709
IYSZVOVZPVKXIJ-OFALOCIGSA-N,CHRM2,predicted,0.895709
IYSZVOVZPVKXIJ-OFALOCIGSA-N,PTPN1,predicted,0.895709
IYSZVOVZPVKXIJ-OFALOCIGSA-N,PPARD,predicted,0.895709
IYSZVOVZPVKXIJ-OFALOCIGSA-N,FABP4,predicted,0.895709
IYSZVOVZPVKXIJ-OFALOCIGSA-N,PPARG,predicted,0.895709
IYSZVOVZPVKXIJ-OFALOCIGSA-N,FABP1,predicted,0.895709
IYSZVOVZPVKXIJ-OFALOCIGSA-N,PPARA,predicted,0.895709
IYSZVOVZPVKXIJ-OFALOCIGSA-N,TERT,predicted,0.895709
IYSZVOVZPVKXIJ-OFALOCIGSA-N,FABP5,predicted,0.895709
IYSZVOVZPVKXIJ-OFALOCIGSA-N,FAAH,predicted,0.895709
IYSZVOVZPVKXIJ-OFALOCIGSA-N,NRIP1,predicted,0.895709
IYSZVOVZPVKXIJ-OFALOCIGSA-N,MMP2,predicted,0.895709
IYSZVOVZPVKXIJ-OFALOCIGSA-N,PTPN7,predicted,0.895709
IYSZVOVZPVKXIJ-OFALOCIGSA-N,FABP3,predicted,0.895709
JBFOLLJCGUCDQP-UHFFFAOYSA-N,PTPN1,predicted,0.987084
JBFOLLJCGUCDQP-UHFFFAOYSA-N,ABCG2,predicted,0.987084
JBFOLLJCGUCDQP-UHFFFAOYSA-N,TNF,predicted,0.987084
JBFOLLJCGUCDQP-UHFFFAOYSA-N,GUSB,predicted,0.987084
JBFOLLJCGUCDQP-UHFFFAOYSA-N,PLK1,predicted,0.987084
JBFOLLJCGUCDQP-UHFFFAOYSA-N,KDM1A,predicted,0.987084
JBFOLLJCGUCDQP-UHFFFAOYSA-N,AURKB,predicted,0.987084
JBFOLLJCGUCDQP-UHFFFAOYSA-N,IL2,predicted,0.987084
JBFOLLJCGUCDQP-UHFFFAOYSA-N,MAPK14,predicted,0.987084
JBFOLLJCGUCDQP-UHFFFAOYSA-N,MAPK10,predicted,0.987084
JGHZJRVDZXSNKQ-UHFFFAOYSA-N,FAAH,predicted,0.979925
JGHZJRVDZXSNKQ-UHFFFAOYSA-N,POLA1,predicted,0.979925
JGHZJRVDZXSNKQ-UHFFFAOYSA-N,POLB,predicted,0.979925
JGHZJRVDZXSNKQ-UHFFFAOYSA-N,CA12,predicted,0.979925
JGHZJRVDZXSNKQ-UHFFFAOYSA-N,CA2,predicted,0.979925
JGHZJRVDZXSNKQ-UHFFFAOYSA-N,CA14,predicted,0.979925
JGHZJRVDZXSNKQ-UHFFFAOYSA-N,CA7,predicted,0.979925
JGHZJRVDZXSNKQ-UHFFFAOYSA-N,CA9,predicted,0.979925
JGHZJRVDZXSNKQ-UHFFFAOYSA-N,CA1,predicted,0.979925
JGHZJRVDZXSNKQ-UHFFFAOYSA-N,PAM,predicted,0.979925
JGHZJRVDZXSNKQ-UHFFFAOYSA-N,CNR2,predicted,0.979925
JGHZJRVDZXSNKQ-UHFFFAOYSA-N,CNR1,predicted,0.979925
JGHZJRVDZXSNKQ-UHFFFAOYSA-N,CES1,predicted,0.979925
JGHZJRVDZXSNKQ-UHFFFAOYSA-N,CES2,predicted,0.979925
JIWBIWFOSCKQMA-DFARDDQGSA-N,FFAR1,predicted,0.987084
JIWBIWFOSCKQMA-DFARDDQGSA-N,PPARG,predicted,0.987084
JIWBIWFOSCKQMA-DFARDDQGSA-N,PTGS1,predicted,0.987084
JIWBIWFOSCKQMA-DFARDDQGSA-N,PPARA,predicted,0.987084
JIWBIWFOSCKQMA-DFARDDQGSA-N,FFAR4,predicted,0.987084
JIWBIWFOSCKQMA-DFARDDQGSA-N,NR1I2,predicted,0.987084
JIWBIWFOSCKQMA-DFARDDQGSA-N,OXER1,predicted,0.987084
JIWBIWFOSCKQMA-DFARDDQGSA-N,PPARD,predicted,0.987084
JIWBIWFOSCKQMA-DFARDDQGSA-N,RXRA,predicted,0.987084
JIWBIWFOSCKQMA-DFARDDQGSA-N,FABP4,predicted,0.987084
JIWBIWFOSCKQMA-DFARDDQGSA-N,FABP3,predicted,0.987084
JIWBIWFOSCKQMA-DFARDDQGSA-N,FABP5,predicted,0.987084
JIWBIWFOSCKQMA-DFARDDQGSA-N,AKR1C3,predicted,0.987084
JKHRCGUTYDNCLE-UHFFFAOYSA-O,EGFR,predicted,0.987084
JKHRCGUTYDNCLE-UHFFFAOYSA-O,GLO1,predicted,0.987084
JKHRCGUTYDNCLE-UHFFFAOYSA-O,SNCA,predicted,0.987084
JKHRCGUTYDNCLE-UHFFFAOYSA-O,KDR,predicted,0.987084
JKHRCGUTYDNCLE-UHFFFAOYSA-O,NR1H3,predicted,0.987084
JKHRCGUTYDNCLE-UHFFFAOYSA-O,F2,predicted,0.987084
JKHRCGUTYDNCLE-UHFFFAOYSA-O,DPP4,predicted,0.987084
JKHRCGUTYDNCLE-UHFFFAOYSA-O,OR51E2,predicted,0.987084
JKHRCGUTYDNCLE-UHFFFAOYSA-O,CD38,predicted,0.987084
JKHRCGUTYDNCLE-UHFFFAOYSA-O,SIRT1,predicted,0.987084
JKHRCGUTYDNCLE-UHFFFAOYSA-O,PIM1,predicted,0.987084
JKHRCGUTYDNCLE-UHFFFAOYSA-O,ELAVL3,predicted,0.987084
JKHRCGUTYDNCLE-UHFFFAOYSA-O,PSIP1,predicted,0.987084
JKHRCGUTYDNCLE-UHFFFAOYSA-O,ACE2,predicted,0.987084
JKHRCGUTYDNCLE-UHFFFAOYSA-O,ABCC1,predicted,0.987084
JKHRCGUTYDNCLE-UHFFFAOYSA-O,HTT,predicted,0.987084
JKHRCGUTYDNCLE-UHFFFAOYSA-O,MAPK10,predicted,0.987084
JKHRCGUTYDNCLE-UHFFFAOYSA-O,CSNK2A3,predicted,0.987084
JKHRCGUTYDNCLE-UHFFFAOYSA-O,MAOA,predicted,0.987084
JKHRCGUTYDNCLE-UHFFFAOYSA-O,CYP1A1,predicted,0.987084
JLQNHALFVCURHW-UHFFFAOYSA-N,CA1,predicted,0.987084
JLQNHALFVCURHW-UHFFFAOYSA-N,PTPN5,predicted,0.987084
JLQNHALFVCURHW-UHFFFAOYSA-N,TDP1,predicted,0.987084
JLQNHALFVCURHW-UHFFFAOYSA-N,PRKCA,predicted,0.987084
JLQNHALFVCURHW-UHFFFAOYSA-N,INMT,predicted,0.987084
JZVFJDZBLUFKCA-CMDGGOBGSA-N,TRPV1,predicted,0.987084
JZVFJDZBLUFKCA-CMDGGOBGSA-N,DHCR24,predicted,0.987084
KBEBGUQPQBELIU-HJWRWDBZSA-N,CA12,predicted,0.985732
KBEBGUQPQBELIU-HJWRWDBZSA-N,CA2,predicted,0.985732
KBEBGUQPQBELIU-HJWRWDBZSA-N,CA14,predicted,0.985732
KBEBGUQPQBELIU-HJWRWDBZSA-N,CA7,predicted,0.985732
KBEBGUQPQBELIU-HJWRWDBZSA-N,CA9,predicted,0.985732
KBEBGUQPQBELIU-HJWRWDBZSA-N,CA1,predicted,0.985732
KBEBGUQPQBELIU-HJWRWDBZSA-N,ACHE,predicted,0.985732
KBEBGUQPQBELIU-HJWRWDBZSA-N,CNR2,predicted,0.985732
KBEBGUQPQBELIU-HJWRWDBZSA-N,CNR1,predicted,0.985732
KBEBGUQPQBELIU-HJWRWDBZSA-N,PTGS2,predicted,0.985732
KBEBGUQPQBELIU-HJWRWDBZSA-N,AKR1B1,predicted,0.985732
KBEBGUQPQBELIU-HJWRWDBZSA-N,CA5B,predicted,0.985732
KBEBGUQPQBELIU-HJWRWDBZSA-N,CA5A,predicted,0.985732
KBEBGUQPQBELIU-HJWRWDBZSA-N,CA6,predicted,0.985732
KBEBGUQPQBELIU-HJWRWDBZSA-N,AKR1B10,predicted,0.985732
KBEBGUQPQBELIU-HJWRWDBZSA-N,MAOB,predicted,0.985732
KBEBGUQPQBELIU-HJWRWDBZSA-N,CTDSP1,predicted,0.985732
KBEBGUQPQBELIU-HJWRWDBZSA-N,CYP1A2,predicted,0.985732
KBEBGUQPQBELIU-HJWRWDBZSA-N,F3,predicted,0.985732
KBEBGUQPQBELIU-HJWRWDBZSA-N,HDAC1,predicted,0.985732
KCDXJAYRVLXPFO-UHFFFAOYSA-N,TRIM33,predicted,0.971129
KCDXJAYRVLXPFO-UHFFFAOYSA-N,TRIM24,predicted,0.971129
KCDXJAYRVLXPFO-UHFFFAOYSA-N,ERN1,predicted,0.971129
KCDXJAYRVLXPFO-UHFFFAOYSA-N,BCL2,predicted,0.971129
KCDXJAYRVLXPFO-UHFFFAOYSA-N,XBP1,predicted,0.971129
KCDXJAYRVLXPFO-UHFFFAOYSA-N,MCL1,predicted,0.971129
KCDXJAYRVLXPFO-UHFFFAOYSA-N,BCL2A1,predicted,0.971129
KCDXJAYRVLXPFO-UHFFFAOYSA-N,BCL2L1,predicted,0.971129
KCDXJAYRVLXPFO-UHFFFAOYSA-N,CA12,predicted,0.971129
KCDXJAYRVLXPFO-UHFFFAOYSA-N,CA5A,predicted,0.971129
KCDXJAYRVLXPFO-UHFFFAOYSA-N,CA2,predicted,0.971129
KCDXJAYRVLXPFO-UHFFFAOYSA-N,CA14,predicted,0.971129
KCDXJAYRVLXPFO-UHFFFAOYSA-N,CA6,predicted,0.971129
KCDXJAYRVLXPFO-UHFFFAOYSA-N,CA3,predicted,0.971129
KCDXJAYRVLXPFO-UHFFFAOYSA-N,CA7,predicted,0.971129
KCDXJAYRVLXPFO-UHFFFAOYSA-N,CA9,predicted,0.971129
KCDXJAYRVLXPFO-UHFFFAOYSA-N,CA1,predicted,0.971129
KCDXJAYRVLXPFO-UHFFFAOYSA-N,MET,predicted,0.971129
KDXKERNSBIXSRK-YFKPBYRVSA-N,GRM2,predicted,0.96292
KDXKERNSBIXSRK-YFKPBYRVSA-N,ARG1,predicted,0.96292
KDXKERNSBIXSRK-YFKPBYRVSA-N,ARG2,predicted,0.96292
KDXKERNSBIXSRK-YFKPBYRVSA-N,RNPEP,predicted,0.96292
KDXKERNSBIXSRK-YFKPBYRVSA-N,ALPL,predicted,0.96292
KDXKERNSBIXSRK-YFKPBYRVSA-N,ALPI,predicted,0.96292
KDXKERNSBIXSRK-YFKPBYRVSA-N,PLAA,predicted,0.96292
KDXKERNSBIXSRK-YFKPBYRVSA-N,FTO,predicted,0.96292
KDXKERNSBIXSRK-YFKPBYRVSA-N,GRIK3,predicted,0.96292
KDXKERNSBIXSRK-YFKPBYRVSA-N,GRM5,predicted,0.96292
KDXKERNSBIXSRK-YFKPBYRVSA-N,GRIA2,predicted,0.96292
KDXKERNSBIXSRK-YFKPBYRVSA-N,GRIK1,predicted,0.96292
KDXKERNSBIXSRK-YFKPBYRVSA-N,GRM6,predicted,0.96292
KDXKERNSBIXSRK-YFKPBYRVSA-N,GRM4,predicted,0.96292
KDXKERNSBIXSRK-YFKPBYRVSA-N,GRIK2,predicted,0.96292
KDXKERNSBIXSRK-YFKPBYRVSA-N,GRIK5,predicted,0.96292
KDXKERNSBIXSRK-YFKPBYRVSA-N,GRIA4,predicted,0.96292
KDXKERNSBIXSRK-YFKPBYRVSA-N,GRM1,predicted,0.96292
KDXKERNSBIXSRK-YFKPBYRVSA-N,GRIA1,predicted,0.96292
KEMQGTRYUADPNZ-UHFFFAOYSA-N,PTPN1,predicted,0.987084
KEMQGTRYUADPNZ-UHFFFAOYSA-N,FFAR4,predicted,0.987084
KEMQGTRYUADPNZ-UHFFFAOYSA-N,GPR84,predicted,0.987084
KEMQGTRYUADPNZ-UHFFFAOYSA-N,FFAR1,predicted,0.987084
KEMQGTRYUADPNZ-UHFFFAOYSA-N,TLR2,predicted,0.987084
KEMQGTRYUADPNZ-UHFFFAOYSA-N,PPARA,predicted,0.987084
KEMQGTRYUADPNZ-UHFFFAOYSA-N,PPARG,predicted,0.987084
KEMQGTRYUADPNZ-UHFFFAOYSA-N,SLC22A6,predicted,0.987084
KEMQGTRYUADPNZ-UHFFFAOYSA-N,SLC22A8,predicted,0.987084
KEMQGTRYUADPNZ-UHFFFAOYSA-N,PPARD,predicted,0.987084
KEMQGTRYUADPNZ-UHFFFAOYSA-N,FABP4,predicted,0.987084
KEMQGTRYUADPNZ-UHFFFAOYSA-N,FABP3,predicted,0.987084
KEMQGTRYUADPNZ-UHFFFAOYSA-N,FABP2,predicted,0.987084
KEMQGTRYUADPNZ-UHFFFAOYSA-N,OR51E2,predicted,0.987084
KEMQGTRYUADPNZ-UHFFFAOYSA-N,FABP5,predicted,0.987084
KEMQGTRYUADPNZ-UHFFFAOYSA-N,NRIP1,predicted,0.987084
KJDZDTDNIULJBE-VAWYXSNFSA-N,MMP2,predicted,0.987084
KJDZDTDNIULJBE-VAWYXSNFSA-N,NRIP1,predicted,0.987084
KJDZDTDNIULJBE-VAWYXSNFSA-N,PPARD,predicted,0.987084
KJDZDTDNIULJBE-VAWYXSNFSA-N,FABP4,predicted,0.987084
KJDZDTDNIULJBE-VAWYXSNFSA-N,PPARG,predicted,0.987084
KJDZDTDNIULJBE-VAWYXSNFSA-N,FABP1,predicted,0.987084
KJDZDTDNIULJBE-VAWYXSNFSA-N,PPARA,predicted,0.987084
KJDZDTDNIULJBE-VAWYXSNFSA-N,TERT,predicted,0.987084
KJDZDTDNIULJBE-VAWYXSNFSA-N,FABP5,predicted,0.987084
KJDZDTDNIULJBE-VAWYXSNFSA-N,FAAH,predicted,0.987084
KJDZDTDNIULJBE-VAWYXSNFSA-N,PTPN1,predicted,0.987084
KJDZDTDNIULJBE-VAWYXSNFSA-N,PTPN7,predicted,0.987084
KJDZDTDNIULJBE-VAWYXSNFSA-N,FFAR1,predicted,0.987084
KJDZDTDNIULJBE-VAWYXSNFSA-N,FABP3,predicted,0.987084
KJDZDTDNIULJBE-VAWYXSNFSA-N,FFAR4,predicted,0.987084
KJDZDTDNIULJBE-VAWYXSNFSA-N,AKR1C3,predicted,0.987084
KJDZDTDNIULJBE-VAWYXSNFSA-N,OXER1,predicted,0.987084
KJDZDTDNIULJBE-VAWYXSNFSA-N,TOP1,predicted,0.987084
KKRGPGRSBFMOKP-FPYGCLRLSA-N,CA12,predicted,0.985305
KKRGPGRSBFMOKP-FPYGCLRLSA-N,CA2,predicted,0.985305
KKRGPGRSBFMOKP-FPYGCLRLSA-N,CA4,predicted,0.985305
KKRGPGRSBFMOKP-FPYGCLRLSA-N,CA7,predicted,0.985305
KKRGPGRSBFMOKP-FPYGCLRLSA-N,CA1,predicted,0.985305
KKRGPGRSBFMOKP-FPYGCLRLSA-N,FLT3,predicted,0.985305
KKRGPGRSBFMOKP-FPYGCLRLSA-N,AKR1B1,predicted,0.985305
KKRGPGRSBFMOKP-FPYGCLRLSA-N,RNASEL,predicted,0.985305
KKRGPGRSBFMOKP-FPYGCLRLSA-N,CYP2D6,predicted,0.985305
KKRGPGRSBFMOKP-FPYGCLRLSA-N,P4HB,predicted,0.985305
KKRGPGRSBFMOKP-FPYGCLRLSA-N,PKM,predicted,0.985305
KKRGPGRSBFMOKP-FPYGCLRLSA-N,ALPI,predicted,0.985305
KKRGPGRSBFMOKP-FPYGCLRLSA-N,KDM1A,predicted,0.985305
KKRGPGRSBFMOKP-FPYGCLRLSA-N,XDH,predicted,0.985305
KKRGPGRSBFMOKP-FPYGCLRLSA-N,ADRA2C,predicted,0.985305
KKRGPGRSBFMOKP-FPYGCLRLSA-N,NOX4,predicted,0.985305
KKRGPGRSBFMOKP-FPYGCLRLSA-N,AURKB,predicted,0.985305
KKRGPGRSBFMOKP-FPYGCLRLSA-N,CYP3A4,predicted,0.985305
KKSDGJDHHZEWEP-SNAWJCMRSA-N,TRPV1,predicted,0.979925
KKSDGJDHHZEWEP-SNAWJCMRSA-N,HDAC1,predicted,0.979925
KKSDGJDHHZEWEP-SNAWJCMRSA-N,ACHE,predicted,0.979925
KKSDGJDHHZEWEP-SNAWJCMRSA-N,HCAR2,predicted,0.979925
KKSDGJDHHZEWEP-SNAWJCMRSA-N,TNKS2,predicted,0.979925
KKSDGJDHHZEWEP-SNAWJCMRSA-N,MMP2,predicted,0.979925
KKSDGJDHHZEWEP-SNAWJCMRSA-N,MMP1,predicted,0.979925
KKSDGJDHHZEWEP-SNAWJCMRSA-N,MMP9,predicted,0.979925
KKSDGJDHHZEWEP-SNAWJCMRSA-N,MAOB,predicted,0.979925
KKSDGJDHHZEWEP-SNAWJCMRSA-N,BACE1,predicted,0.979925
KKSDGJDHHZEWEP-SNAWJCMRSA-N,APEX1,predicted,0.979925
KKSDGJDHHZEWEP-SNAWJCMRSA-N,DUSP6,predicted,0.979925
KKSDGJDHHZEWEP-SNAWJCMRSA-N,PTPRB,predicted,0.979925
KKSDGJDHHZEWEP-SNAWJCMRSA-N,PTEN,predicted,0.979925
KKSDGJDHHZEWEP-SNAWJCMRSA-N,CDC25C,predicted,0.979925
KKSDGJDHHZEWEP-SNAWJCMRSA-N,PTPMT1,predicted,0.979925
KKSDGJDHHZEWEP-SNAWJCMRSA-N,CDC25A,predicted,0.979925
KKSDGJDHHZEWEP-SNAWJCMRSA-N,PTPN1,predicted,0.979925
KKSDGJDHHZEWEP-SNAWJCMRSA-N,DUSP3,predicted,0.979925
KKSDGJDHHZEWEP-SNAWJCMRSA-N,CDC25B,predicted,0.979925
KLTVSWGXIAYTHO-UHFFFAOYSA-N,TRPA1,predicted,0.923662
KLTVSWGXIAYTHO-UHFFFAOYSA-N,FAAH,predicted,0.923662
KLTVSWGXIAYTHO-UHFFFAOYSA-N,CES1,predicted,0.923662
KLTVSWGXIAYTHO-UHFFFAOYSA-N,CES2,predicted,0.923662
KLTVSWGXIAYTHO-UHFFFAOYSA-N,GPR84,predicted,0.923662
KYWIYKKSMDLRDC-UHFFFAOYSA-N,CES1,predicted,0.982759
KYWIYKKSMDLRDC-UHFFFAOYSA-N,CES2,predicted,0.982759
KYWIYKKSMDLRDC-UHFFFAOYSA-N,PPARD,predicted,0.982759
KYWIYKKSMDLRDC-UHFFFAOYSA-N,FABP4,predicted,0.982759
KYWIYKKSMDLRDC-UHFFFAOYSA-N,TLR2,predicted,0.982759
KYWIYKKSMDLRDC-UHFFFAOYSA-N,PPARA,predicted,0.982759
KYWIYKKSMDLRDC-UHFFFAOYSA-N,FABP3,predicted,0.982759
KYWIYKKSMDLRDC-UHFFFAOYSA-N,FABP2,predicted,0.982759
KYWIYKKSMDLRDC-UHFFFAOYSA-N,OR51E2,predicted,0.982759
KYWIYKKSMDLRDC-UHFFFAOYSA-N,FABP5,predicted,0.982759
KYWIYKKSMDLRDC-UHFFFAOYSA-N,PTPN1,predicted,0.982759
KYWIYKKSMDLRDC-UHFFFAOYSA-N,GPR84,predicted,0.982759
KYWIYKKSMDLRDC-UHFFFAOYSA-N,SLC22A6,predicted,0.982759
KYWIYKKSMDLRDC-UHFFFAOYSA-N,SLC22A8,predicted,0.982759
LQJBNNIYVWPHFW-QXMHVHEDSA-N,MMP2,predicted,0.987084
LQJBNNIYVWPHFW-QXMHVHEDSA-N,NRIP1,predicted,0.987084
LQJBNNIYVWPHFW-QXMHVHEDSA-N,PPARD,predicted,0.987084
LQJBNNIYVWPHFW-QXMHVHEDSA-N,FABP4,predicted,0.987084
LQJBNNIYVWPHFW-QXMHVHEDSA-N,PPARG,predicted,0.987084
LQJBNNIYVWPHFW-QXMHVHEDSA-N,FABP1,predicted,0.987084
LQJBNNIYVWPHFW-QXMHVHEDSA-N,PPARA,predicted,0.987084
LQJBNNIYVWPHFW-QXMHVHEDSA-N,TERT,predicted,0.987084
LQJBNNIYVWPHFW-QXMHVHEDSA-N,FABP5,predicted,0.987084
LQJBNNIYVWPHFW-QXMHVHEDSA-N,FAAH,predicted,0.987084
LQJBNNIYVWPHFW-QXMHVHEDSA-N,PTPN1,predicted,0.987084
LQJBNNIYVWPHFW-QXMHVHEDSA-N,PTPN7,predicted,0.987084
LQJBNNIYVWPHFW-QXMHVHEDSA-N,FFAR1,predicted,0.987084
LQJBNNIYVWPHFW-QXMHVHEDSA-N,FABP3,predicted,0.987084
LQJBNNIYVWPHFW-QXMHVHEDSA-N,FFAR4,predicted,0.987084
LQJBNNIYVWPHFW-QXMHVHEDSA-N,AKR1C3,predicted,0.987084
LQJBNNIYVWPHFW-QXMHVHEDSA-N,OXER1,predicted,0.987084
LQJBNNIYVWPHFW-QXMHVHEDSA-N,TOP1,predicted,0.987084
LVNITLZCNUEXQK-UTJQPWESSA-N,SLC6A5,predicted,0.984328
LVNITLZCNUEXQK-UTJQPWESSA-N,SLC25A20,predicted,0.984328
LVNITLZCNUEXQK-UTJQPWESSA-N,CNR2,predicted,0.984328
LVNITLZCNUEXQK-UTJQPWESSA-N,FFAR4,predicted,0.984328
LVNITLZCNUEXQK-UTJQPWESSA-N,FAAH,predicted,0.984328
LVNITLZCNUEXQK-UTJQPWESSA-N,CNR1,predicted,0.984328
LVNITLZCNUEXQK-UTJQPWESSA-N,NR1H4,predicted,0.984328
LVNITLZCNUEXQK-UTJQPWESSA-N,FABP3,predicted,0.984328
LXNHXLLTXMVWPM-UHFFFAOYSA-N,TRIM33,predicted,0.946583
LXNHXLLTXMVWPM-UHFFFAOYSA-N,TRIM24,predicted,0.946583
LXNHXLLTXMVWPM-UHFFFAOYSA-N,CA9,predicted,0.946583
LXNHXLLTXMVWPM-UHFFFAOYSA-N,CA2,predicted,0.946583
LXNHXLLTXMVWPM-UHFFFAOYSA-N,CA1,predicted,0.946583
LXNHXLLTXMVWPM-UHFFFAOYSA-N,MPI,predicted,0.946583
LXNHXLLTXMVWPM-UHFFFAOYSA-N,HDAC1,predicted,0.946583
LXNHXLLTXMVWPM-UHFFFAOYSA-N,MAOB,predicted,0.946583
LXNHXLLTXMVWPM-UHFFFAOYSA-N,P2RX1,predicted,0.946583
MHXCIKYXNYCMHY-UHFFFAOYSA-N,NDUFB9,predicted,0.983728
MHXCIKYXNYCMHY-UHFFFAOYSA-N,SHBG,predicted,0.983728
MHXCIKYXNYCMHY-UHFFFAOYSA-N,MAP2K1,predicted,0.983728
MHXCIKYXNYCMHY-UHFFFAOYSA-N,CYP3A4,predicted,0.983728
MHXCIKYXNYCMHY-UHFFFAOYSA-N,ESR1,predicted,0.983728
MHXCIKYXNYCMHY-UHFFFAOYSA-N,ESR2,predicted,0.983728
MLFHJEHSLIIPHL-UHFFFAOYSA-N,CA9,predicted,0.875113
MLFHJEHSLIIPHL-UHFFFAOYSA-N,CA12,predicted,0.875113
MLFHJEHSLIIPHL-UHFFFAOYSA-N,CA2,predicted,0.875113
MLFHJEHSLIIPHL-UHFFFAOYSA-N,CA1,predicted,0.875113
MLFHJEHSLIIPHL-UHFFFAOYSA-N,CHRM4,predicted,0.875113
MLFHJEHSLIIPHL-UHFFFAOYSA-N,CHRNA7,predicted,0.875113
MLFHJEHSLIIPHL-UHFFFAOYSA-N,CHRM3,predicted,0.875113
MLFHJEHSLIIPHL-UHFFFAOYSA-N,CHRM1,predicted,0.875113
MLFHJEHSLIIPHL-UHFFFAOYSA-N,CHRM5,predicted,0.875113
MLFHJEHSLIIPHL-UHFFFAOYSA-N,CHRNA4,predicted,0.875113
MLFHJEHSLIIPHL-UHFFFAOYSA-N,GALR3,predicted,0.875113
MLFHJEHSLIIPHL-UHFFFAOYSA-N,CHRM2,predicted,0.875113
MLFHJEHSLIIPHL-UHFFFAOYSA-N,SLC5A7,predicted,0.875113
MLFHJEHSLIIPHL-UHFFFAOYSA-N,CTSL,predicted,0.875113
MLFHJEHSLIIPHL-UHFFFAOYSA-N,CHRNA3,predicted,0.875113
MLFHJEHSLIIPHL-UHFFFAOYSA-N,PPARG,predicted,0.875113
MOJZMWJRUKIQGL-GUZXBWELSA-N,SNCA,predicted,0.987084
MOJZMWJRUKIQGL-GUZXBWELSA-N,MMP2,predicted,0.987084
MOJZMWJRUKIQGL-GUZXBWELSA-N,MMP9,predicted,0.987084
MOJZMWJRUKIQGL-GUZXBWELSA-N,CA2,predicted,0.987084
MOJZMWJRUKIQGL-GUZXBWELSA-N,PKM,predicted,0.987084
MOJZMWJRUKIQGL-GUZXBWELSA-N,CA4,predicted,0.987084
MOJZMWJRUKIQGL-GUZXBWELSA-N,ALPL,predicted,0.987084
MOJZMWJRUKIQGL-GUZXBWELSA-N,CA6,predicted,0.987084
MOJZMWJRUKIQGL-GUZXBWELSA-N,APP,predicted,0.987084
MOJZMWJRUKIQGL-GUZXBWELSA-N,BACE1,predicted,0.987084
MOJZMWJRUKIQGL-GUZXBWELSA-N,RAD52,predicted,0.987084
MOJZMWJRUKIQGL-GUZXBWELSA-N,CA1,predicted,0.987084
MOJZMWJRUKIQGL-GUZXBWELSA-N,CA5B,predicted,0.987084
MOJZMWJRUKIQGL-GUZXBWELSA-N,CA12,predicted,0.987084
MOJZMWJRUKIQGL-GUZXBWELSA-N,CA5A,predicted,0.987084
MOJZMWJRUKIQGL-GUZXBWELSA-N,SOST,predicted,0.987084
MOJZMWJRUKIQGL-GUZXBWELSA-N,CA3,predicted,0.987084
MOJZMWJRUKIQGL-GUZXBWELSA-N,CA7,predicted,0.987084
MOJZMWJRUKIQGL-GUZXBWELSA-N,CA9,predicted,0.987084
MOJZMWJRUKIQGL-GUZXBWELSA-N,MAPK14,predicted,0.987084
MOJZMWJRUKIQGL-WNCKYJNFSA-N,SNCA,predicted,0.987084
MOJZMWJRUKIQGL-WNCKYJNFSA-N,MMP2,predicted,0.987084
MOJZMWJRUKIQGL-WNCKYJNFSA-N,MMP9,predicted,0.987084
MOJZMWJRUKIQGL-WNCKYJNFSA-N,CA2,predicted,0.987084
MOJZMWJRUKIQGL-WNCKYJNFSA-N,PKM,predicted,0.987084
MOJZMWJRUKIQGL-WNCKYJNFSA-N,CA4,predicted,0.987084
MOJZMWJRUKIQGL-WNCKYJNFSA-N,ALPL,predicted,0.987084
MOJZMWJRUKIQGL-WNCKYJNFSA-N,CA6,predicted,0.987084
MOJZMWJRUKIQGL-WNCKYJNFSA-N,APP,predicted,0.987084
MOJZMWJRUKIQGL-WNCKYJNFSA-N,BACE1,predicted,0.987084
MOJZMWJRUKIQGL-WNCKYJNFSA-N,RAD52,predicted,0.987084
MOJZMWJRUKIQGL-WNCKYJNFSA-N,CA1,predicted,0.987084
MOJZMWJRUKIQGL-WNCKYJNFSA-N,CA5B,predicted,0.987084
MOJZMWJRUKIQGL-WNCKYJNFSA-N,CA12,predicted,0.987084
MOJZMWJRUKIQGL-WNCKYJNFSA-N,CA5A,predicted,0.987084
MOJZMWJRUKIQGL-WNCKYJNFSA-N,SOST,predicted,0.987084
MOJZMWJRUKIQGL-WNCKYJNFSA-N,CA3,predicted,0.987084
MOJZMWJRUKIQGL-WNCKYJNFSA-N,CA7,predicted,0.987084
MOJZMWJRUKIQGL-WNCKYJNFSA-N,CA9,predicted,0.987084
MOJZMWJRUKIQGL-WNCKYJNFSA-N,MAPK14,predicted,0.987084
MSVXRBNAPJJEDX-UHFFFAOYSA-N,CYP19A1,predicted,0.899102
MSVXRBNAPJJEDX-UHFFFAOYSA-N,HIF1A,predicted,0.899102
MSVXRBNAPJJEDX-UHFFFAOYSA-N,BACE1,predicted,0.899102
MSVXRBNAPJJEDX-UHFFFAOYSA-N,XDH,predicted,0.899102
MSVXRBNAPJJEDX-UHFFFAOYSA-N,PTPN1,predicted,0.899102
MSVXRBNAPJJEDX-UHFFFAOYSA-N,CALCRL,predicted,0.899102
MSVXRBNAPJJEDX-UHFFFAOYSA-N,PTPN22,predicted,0.899102
MSVXRBNAPJJEDX-UHFFFAOYSA-N,PTPN12,predicted,0.899102
MSVXRBNAPJJEDX-UHFFFAOYSA-N,ALOX5,predicted,0.899102
MSVXRBNAPJJEDX-UHFFFAOYSA-N,ALOX12,predicted,0.899102
MSVXRBNAPJJEDX-UHFFFAOYSA-N,ALOX15,predicted,0.899102
MWOOGOJBHIARFG-UHFFFAOYSA-N,TRIM33,predicted,0.987084
MWOOGOJBHIARFG-UHFFFAOYSA-N,TRIM24,predicted,0.987084
MWOOGOJBHIARFG-UHFFFAOYSA-N,NFE2L2,predicted,0.987084
MWOOGOJBHIARFG-UHFFFAOYSA-N,STAT3,predicted,0.987084
MWOOGOJBHIARFG-UHFFFAOYSA-N,CYP2D6,predicted,0.987084
MWOOGOJBHIARFG-UHFFFAOYSA-N,ALOX5,predicted,0.987084
MWOOGOJBHIARFG-UHFFFAOYSA-N,HSD11B1,predicted,0.987084
MWOOGOJBHIARFG-UHFFFAOYSA-N,F3,predicted,0.987084
MWOOGOJBHIARFG-UHFFFAOYSA-N,TTR,predicted,0.987084
MWOOGOJBHIARFG-UHFFFAOYSA-N,APP,predicted,0.987084
MWOOGOJBHIARFG-UHFFFAOYSA-N,CA12,predicted,0.987084
MWOOGOJBHIARFG-UHFFFAOYSA-N,CA5A,predicted,0.987084
MWOOGOJBHIARFG-UHFFFAOYSA-N,CA2,predicted,0.987084
MWOOGOJBHIARFG-UHFFFAOYSA-N,CSNK2A3,predicted,0.987084
MWOOGOJBHIARFG-UHFFFAOYSA-N,CA14,predicted,0.987084
MWOOGOJBHIARFG-UHFFFAOYSA-N,SNCA,predicted,0.987084
MWOOGOJBHIARFG-UHFFFAOYSA-N,CA6,predicted,0.987084
MWOOGOJBHIARFG-UHFFFAOYSA-N,CA7,predicted,0.987084
MWOOGOJBHIARFG-UHFFFAOYSA-N,CA9,predicted,0.987084
MWOOGOJBHIARFG-UHFFFAOYSA-N,CA1,predicted,0.987084
NMQZMHHAWZDJOJ-UHFFFAOYSA-N,ALDH2,predicted,0.987084
NMQZMHHAWZDJOJ-UHFFFAOYSA-N,RELA,predicted,0.987084
NMQZMHHAWZDJOJ-UHFFFAOYSA-N,CA12,predicted,0.987084
NMQZMHHAWZDJOJ-UHFFFAOYSA-N,CA2,predicted,0.987084
NMQZMHHAWZDJOJ-UHFFFAOYSA-N,STAT1,predicted,0.987084
NMQZMHHAWZDJOJ-UHFFFAOYSA-N,HSD17B2,predicted,0.987084
NMQZMHHAWZDJOJ-UHFFFAOYSA-N,CA4,predicted,0.987084
NMQZMHHAWZDJOJ-UHFFFAOYSA-N,HSD17B3,predicted,0.987084
NMQZMHHAWZDJOJ-UHFFFAOYSA-N,DRD5,predicted,0.987084
NMQZMHHAWZDJOJ-UHFFFAOYSA-N,CYP1B1,predicted,0.987084
NMQZMHHAWZDJOJ-UHFFFAOYSA-N,KDM1A,predicted,0.987084
NMQZMHHAWZDJOJ-UHFFFAOYSA-N,CA7,predicted,0.987084
NMQZMHHAWZDJOJ-UHFFFAOYSA-N,CBR1,predicted,0.987084
NMQZMHHAWZDJOJ-UHFFFAOYSA-N,CYP19A1,predicted,0.987084
NMQZMHHAWZDJOJ-UHFFFAOYSA-N,CA1,predicted,0.987084
NMQZMHHAWZDJOJ-UHFFFAOYSA-N,EGFR,predicted,0.987084
NMQZMHHAWZDJOJ-UHFFFAOYSA-N,PDGFRB,predicted,0.987084
NMQZMHHAWZDJOJ-UHFFFAOYSA-N,ABCB1,predicted,0.987084
NMQZMHHAWZDJOJ-UHFFFAOYSA-N,MAPK14,predicted,0.987084
NMQZMHHAWZDJOJ-UHFFFAOYSA-N,MAPK10,predicted,0.987084
NSSALFVIQPAIQK-BQYQJAHWSA-N,TRPV1,predicted,0.956308
NSSALFVIQPAIQK-BQYQJAHWSA-N,FAAH,predicted,0.956308
NSSALFVIQPAIQK-BQYQJAHWSA-N,CHRM2,predicted,0.956308
NSSALFVIQPAIQK-BQYQJAHWSA-N,PTPN7,predicted,0.956308
NSSALFVIQPAIQK-BQYQJAHWSA-N,PPARD,predicted,0.956308
NSSALFVIQPAIQK-BQYQJAHWSA-N,FABP4,predicted,0.956308
NSSALFVIQPAIQK-BQYQJAHWSA-N,PPARG,predicted,0.956308
NSSALFVIQPAIQK-BQYQJAHWSA-N,FABP1,predicted,0.956308
NSSALFVIQPAIQK-BQYQJAHWSA-N,PPARA,predicted,0.956308
NSSALFVIQPAIQK-BQYQJAHWSA-N,TERT,predicted,0.956308
NSSALFVIQPAIQK-BQYQJAHWSA-N,FABP5,predicted,0.956308
NSSALFVIQPAIQK-BQYQJAHWSA-N,PTPN1,predicted,0.956308
NSSALFVIQPAIQK-BQYQJAHWSA-N,NRIP1,predicted,0.956308
NSSALFVIQPAIQK-BQYQJAHWSA-N,MMP2,predicted,0.956308
OBVNUYXMOLOYPW-UHFFFAOYSA-N,IL2,predicted,0.987084
OBVNUYXMOLOYPW-UHFFFAOYSA-N,SLCO1B3,predicted,0.987084
OBVNUYXMOLOYPW-UHFFFAOYSA-N,CXCR3,predicted,0.987084
OBVNUYXMOLOYPW-UHFFFAOYSA-N,CRHBP,predicted,0.987084
OBVNUYXMOLOYPW-UHFFFAOYSA-N,ABCG2,predicted,0.987084
OBVNUYXMOLOYPW-UHFFFAOYSA-N,FLT1,predicted,0.987084
OBVNUYXMOLOYPW-UHFFFAOYSA-N,MC5R,predicted,0.987084
OBVNUYXMOLOYPW-UHFFFAOYSA-N,SIGMAR1,predicted,0.987084
OBVNUYXMOLOYPW-UHFFFAOYSA-N,SLCO1B1,predicted,0.987084
OBVNUYXMOLOYPW-UHFFFAOYSA-N,OSBP2,predicted,0.987084
OBVNUYXMOLOYPW-UHFFFAOYSA-N,OSBP,predicted,0.987084
OBVNUYXMOLOYPW-UHFFFAOYSA-N,EBP,predicted,0.987084
ODKSFYDXXFIFQN-BYPYZUCNSA-N,CYP3A4,predicted,0.987084
ODKSFYDXXFIFQN-BYPYZUCNSA-N,NOS2,predicted,0.987084
ODKSFYDXXFIFQN-BYPYZUCNSA-N,ALPL,predicted,0.987084
ODKSFYDXXFIFQN-BYPYZUCNSA-N,ALPI,predicted,0.987084
ODKSFYDXXFIFQN-BYPYZUCNSA-N,PLAA,predicted,0.987084
ODKSFYDXXFIFQN-BYPYZUCNSA-N,DDAH1,predicted,0.987084
ODKSFYDXXFIFQN-BYPYZUCNSA-N,NOS1,predicted,0.987084
ODKSFYDXXFIFQN-BYPYZUCNSA-N,NOS3,predicted,0.987084
ODKSFYDXXFIFQN-BYPYZUCNSA-N,CHRM2,predicted,0.987084
ODKSFYDXXFIFQN-BYPYZUCNSA-N,CHRM4,predicted,0.987084
ODKSFYDXXFIFQN-BYPYZUCNSA-N,CHRM1,predicted,0.987084
OEYIOHPDSNJKLS-UHFFFAOYSA-N,CHRNA4,predicted,0.987084
OEYIOHPDSNJKLS-UHFFFAOYSA-N,CHRM2,predicted,0.987084
OEYIOHPDSNJKLS-UHFFFAOYSA-N,ACHE,predicted,0.987084
OEYIOHPDSNJKLS-UHFFFAOYSA-N,HRH3,predicted,0.987084
OEYIOHPDSNJKLS-UHFFFAOYSA-N,DNM1,predicted,0.987084
OEYIOHPDSNJKLS-UHFFFAOYSA-N,HSPD1,predicted,0.987084
OGJALRFDUFLIDX-UHFFFAOYSA-N,CA4,predicted,0.985282
OGJALRFDUFLIDX-UHFFFAOYSA-N,CA2,predicted,0.985282
OGJALRFDUFLIDX-UHFFFAOYSA-N,CA6,predicted,0.985282
OGJALRFDUFLIDX-UHFFFAOYSA-N,CA1,predicted,0.985282
OGJALRFDUFLIDX-UHFFFAOYSA-N,CRHBP,predicted,0.985282
OGJALRFDUFLIDX-UHFFFAOYSA-N,HTT,predicted,0.985282
OGJALRFDUFLIDX-UHFFFAOYSA-N,CCR6,predicted,0.985282
OGJALRFDUFLIDX-UHFFFAOYSA-N,CXCR5,predicted,0.985282
OGJALRFDUFLIDX-UHFFFAOYSA-N,APLNR,predicted,0.985282
OGJALRFDUFLIDX-UHFFFAOYSA-N,F3,predicted,0.985282
OGJALRFDUFLIDX-UHFFFAOYSA-N,SLCO1B1,predicted,0.985282
OGJALRFDUFLIDX-UHFFFAOYSA-N,SLCO1B3,predicted,0.985282
OHIUVDQGXUITJQ-AARHSHDHSA-N,MMP2,predicted,0.96664
OHIUVDQGXUITJQ-AARHSHDHSA-N,MMP9,predicted,0.96664
OHIUVDQGXUITJQ-AARHSHDHSA-N,SNCA,predicted,0.96664
OHIUVDQGXUITJQ-AARHSHDHSA-N,PKM,predicted,0.96664
OHIUVDQGXUITJQ-AARHSHDHSA-N,CA5B,predicted,0.96664
OHIUVDQGXUITJQ-AARHSHDHSA-N,CA12,predicted,0.96664
OHIUVDQGXUITJQ-AARHSHDHSA-N,CA5A,predicted,0.96664
OHIUVDQGXUITJQ-AARHSHDHSA-N,CA2,predicted,0.96664
OHIUVDQGXUITJQ-AARHSHDHSA-N,CA4,predicted,0.96664
OHIUVDQGXUITJQ-AARHSHDHSA-N,ALPL,predicted,0.96664
OHIUVDQGXUITJQ-AARHSHDHSA-N,CA6,predicted,0.96664
OHIUVDQGXUITJQ-AARHSHDHSA-N,CA3,predicted,0.96664
OHIUVDQGXUITJQ-AARHSHDHSA-N,MAPK14,predicted,0.96664
OHIUVDQGXUITJQ-AARHSHDHSA-N,CA7,predicted,0.96664
OHIUVDQGXUITJQ-AARHSHDHSA-N,CA9,predicted,0.96664
OHIUVDQGXUITJQ-AARHSHDHSA-N,MAPK10,predicted,0.96664
OHIUVDQGXUITJQ-AARHSHDHSA-N,CA1,predicted,0.96664
OHIUVDQGXUITJQ-AARHSHDHSA-N,APP,predicted,0.96664
OHIUVDQGXUITJQ-AARHSHDHSA-N,BACE1,predicted,0.96664
OHIUVDQGXUITJQ-AARHSHDHSA-N,RAD52,predicted,0.96664
OHIUVDQGXUITJQ-VDKDFJRPSA-N,MMP2,predicted,0.96664
OHIUVDQGXUITJQ-VDKDFJRPSA-N,MMP9,predicted,0.96664
OHIUVDQGXUITJQ-VDKDFJRPSA-N,SNCA,predicted,0.96664
OHIUVDQGXUITJQ-VDKDFJRPSA-N,PKM,predicted,0.96664
OHIUVDQGXUITJQ-VDKDFJRPSA-N,CA5B,predicted,0.96664
OHIUVDQGXUITJQ-VDKDFJRPSA-N,CA12,predicted,0.96664
OHIUVDQGXUITJQ-VDKDFJRPSA-N,CA5A,predicted,0.96664
OHIUVDQGXUITJQ-VDKDFJRPSA-N,CA2,predicted,0.96664
OHIUVDQGXUITJQ-VDKDFJRPSA-N,CA4,predicted,0.96664
OHIUVDQGXUITJQ-VDKDFJRPSA-N,ALPL,predicted,0.96664
OHIUVDQGXUITJQ-VDKDFJRPSA-N,CA6,predicted,0.96664
OHIUVDQGXUITJQ-VDKDFJRPSA-N,CA3,predicted,0.96664
OHIUVDQGXUITJQ-VDKDFJRPSA-N,MAPK14,predicted,0.96664
OHIUVDQGXUITJQ-VDKDFJRPSA-N,CA7,predicted,0.96664
OHIUVDQGXUITJQ-VDKDFJRPSA-N,CA9,predicted,0.96664
OHIUVDQGXUITJQ-VDKDFJRPSA-N,MAPK10,predicted,0.96664
OHIUVDQGXUITJQ-VDKDFJRPSA-N,CA1,predicted,0.96664
OHIUVDQGXUITJQ-VDKDFJRPSA-N,APP,predicted,0.96664
OHIUVDQGXUITJQ-VDKDFJRPSA-N,BACE1,predicted,0.96664
OHIUVDQGXUITJQ-VDKDFJRPSA-N,RAD52,predicted,0.96664
ONIBWKKTOPOVIA-BYPYZUCNSA-N,DPP4,predicted,0.923662
ONIBWKKTOPOVIA-BYPYZUCNSA-N,NOS2,predicted,0.923662
ONIBWKKTOPOVIA-BYPYZUCNSA-N,DPP8,predicted,0.923662
ONIBWKKTOPOVIA-BYPYZUCNSA-N,DPP9,predicted,0.923662
ONIBWKKTOPOVIA-BYPYZUCNSA-N,GRM1,predicted,0.923662
ONIBWKKTOPOVIA-BYPYZUCNSA-N,GRM2,predicted,0.923662
ONIBWKKTOPOVIA-BYPYZUCNSA-N,GRM5,predicted,0.923662
ONIBWKKTOPOVIA-BYPYZUCNSA-N,SLC6A1,predicted,0.923662
ONIBWKKTOPOVIA-BYPYZUCNSA-N,FAP,predicted,0.923662
ONIBWKKTOPOVIA-BYPYZUCNSA-N,PREP,predicted,0.923662
ONIBWKKTOPOVIA-BYPYZUCNSA-N,DPP7,predicted,0.923662
ONYHYSLZNLJFHX-MDAAKZFYSA-N,HMGCR,predicted,0.986807
ONYHYSLZNLJFHX-MDAAKZFYSA-N,PTPN7,predicted,0.986807
ONYHYSLZNLJFHX-MDAAKZFYSA-N,NRIP1,predicted,0.986807
OPYWYTLAPWWTKW-UHFFFAOYSA-N,CLPX,predicted,0.949695
OPYWYTLAPWWTKW-UHFFFAOYSA-N,SLC2A1,predicted,0.949695
OPYWYTLAPWWTKW-UHFFFAOYSA-N,XBP1,predicted,0.949695
OPYWYTLAPWWTKW-UHFFFAOYSA-N,RIPK2,predicted,0.949695
OPYWYTLAPWWTKW-UHFFFAOYSA-N,GLS,predicted,0.949695
OPYWYTLAPWWTKW-UHFFFAOYSA-N,BRD3,predicted,0.949695
OPYWYTLAPWWTKW-UHFFFAOYSA-N,BRD4,predicted,0.949695
OPYWYTLAPWWTKW-UHFFFAOYSA-N,BRDT,predicted,0.949695
OPYWYTLAPWWTKW-UHFFFAOYSA-N,BRD2,predicted,0.949695
OQYZCCKCJQWHIE-UHFFFAOYSA-N,GPR84,predicted,0.98348
OQYZCCKCJQWHIE-UHFFFAOYSA-N,FFAR4,predicted,0.98348
OQYZCCKCJQWHIE-UHFFFAOYSA-N,GSTK1,predicted,0.98348
OQYZCCKCJQWHIE-UHFFFAOYSA-N,AKR1B1,predicted,0.98348
OUMMPAFEQHTYIZ-UHFFFAOYSA-N,ESR2,predicted,0.987084
OUMMPAFEQHTYIZ-UHFFFAOYSA-N,IDE,predicted,0.987084
OUMMPAFEQHTYIZ-UHFFFAOYSA-N,TNKS,predicted,0.987084
OUMMPAFEQHTYIZ-UHFFFAOYSA-N,ALOX5,predicted,0.987084
OUMMPAFEQHTYIZ-UHFFFAOYSA-N,TNKS2,predicted,0.987084
OUMMPAFEQHTYIZ-UHFFFAOYSA-N,PARP1,predicted,0.987084
OUMMPAFEQHTYIZ-UHFFFAOYSA-N,CYP19A1,predicted,0.987084
OUMMPAFEQHTYIZ-UHFFFAOYSA-N,CYP1A1,predicted,0.987084
OUMMPAFEQHTYIZ-UHFFFAOYSA-N,ABCC1,predicted,0.987084
OUMMPAFEQHTYIZ-UHFFFAOYSA-N,AURKB,predicted,0.987084
OUMMPAFEQHTYIZ-UHFFFAOYSA-N,CYP1B1,predicted,0.987084
OUMMPAFEQHTYIZ-UHFFFAOYSA-N,CYP1A2,predicted,0.987084
OUMMPAFEQHTYIZ-UHFFFAOYSA-N,MAPK14,predicted,0.987084
OUMMPAFEQHTYIZ-UHFFFAOYSA-N,GSTM1,predicted,0.987084
OUMMPAFEQHTYIZ-UHFFFAOYSA-N,FYN,predicted,0.987084
OUMMPAFEQHTYIZ-UHFFFAOYSA-N,MAPK10,predicted,0.987084
OUMMPAFEQHTYIZ-UHFFFAOYSA-N,MPO,predicted,0.987084
OUYCCCASQSFEME-UHFFFAOYSA-N,PKM,predicted,0.985081
OUYCCCASQSFEME-UHFFFAOYSA-N,ALPL,predicted,0.985081
OUYCCCASQSFEME-UHFFFAOYSA-N,ALPI,predicted,0.985081
OUYCCCASQSFEME-UHFFFAOYSA-N,PLAA,predicted,0.985081
OUYCCCASQSFEME-UHFFFAOYSA-N,YARS1,predicted,0.985081
OUYCCCASQSFEME-UHFFFAOYSA-N,PSIP1,predicted,0.985081
OUYCCCASQSFEME-UHFFFAOYSA-N,FOLH1,predicted,0.985081
OUYCCCASQSFEME-UHFFFAOYSA-N,DRD1,predicted,0.985081
OUYCCCASQSFEME-UHFFFAOYSA-N,DRD4,predicted,0.985081
OUYCCCASQSFEME-UHFFFAOYSA-N,DRD2,predicted,0.985081
OUYCCCASQSFEME-UHFFFAOYSA-N,EGFR,predicted,0.985081
OUYCCCASQSFEME-UHFFFAOYSA-N,LCK,predicted,0.985081
OUYCCCASQSFEME-UHFFFAOYSA-N,FYN,predicted,0.985081
OUYCCCASQSFEME-UHFFFAOYSA-N,CSK,predicted,0.985081
OUYCCCASQSFEME-UHFFFAOYSA-N,SLC15A2,predicted,0.985081
OUYCCCASQSFEME-UHFFFAOYSA-N,PTPN1,predicted,0.985081
OUYCCCASQSFEME-UHFFFAOYSA-N,PPARG,predicted,0.985081
OUYCCCASQSFEME-UHFFFAOYSA-N,GRB2,predicted,0.985081
OVBPIULPVIDEAO-LBPRGKRZSA-N,CA5A,predicted,0.985446
OVBPIULPVIDEAO-LBPRGKRZSA-N,CA2,predicted,0.985446
OVBPIULPVIDEAO-LBPRGKRZSA-N,CA1,predicted,0.985446
OVBPIULPVIDEAO-LBPRGKRZSA-N,DHFR,predicted,0.985446
OVBPIULPVIDEAO-LBPRGKRZSA-N,ATIC,predicted,0.985446
OVBPIULPVIDEAO-LBPRGKRZSA-N,ITGB3,predicted,0.985446
OVBPIULPVIDEAO-LBPRGKRZSA-N,FPGS,predicted,0.985446
OVBPIULPVIDEAO-LBPRGKRZSA-N,HDAC6,predicted,0.985446
PCBSXBYCASFXTM-UHFFFAOYSA-N,SLC6A2,predicted,0.985732
PCBSXBYCASFXTM-UHFFFAOYSA-N,MAOA,predicted,0.985732
PCBSXBYCASFXTM-UHFFFAOYSA-N,PTGS1,predicted,0.985732
PCBSXBYCASFXTM-UHFFFAOYSA-N,PTGS2,predicted,0.985732
PCBSXBYCASFXTM-UHFFFAOYSA-N,CYP1A2,predicted,0.985732
PCBSXBYCASFXTM-UHFFFAOYSA-N,FFAR1,predicted,0.985732
PCBSXBYCASFXTM-UHFFFAOYSA-N,ALOX5,predicted,0.985732
PCBSXBYCASFXTM-UHFFFAOYSA-N,TAAR1,predicted,0.985732
PCBSXBYCASFXTM-UHFFFAOYSA-N,PLAAT3,predicted,0.985732
PCBSXBYCASFXTM-UHFFFAOYSA-N,PLAAT5,predicted,0.985732
PCBSXBYCASFXTM-UHFFFAOYSA-N,PLAAT4,predicted,0.985732
PCBSXBYCASFXTM-UHFFFAOYSA-N,PLAAT2,predicted,0.985732
PCBSXBYCASFXTM-UHFFFAOYSA-N,IAPP,predicted,0.985732
PCBSXBYCASFXTM-UHFFFAOYSA-N,ALPL,predicted,0.985732
PCBSXBYCASFXTM-UHFFFAOYSA-N,TRPV1,predicted,0.985732
PCBSXBYCASFXTM-UHFFFAOYSA-N,CALM1,predicted,0.985732
POWISKNFFRUCCW-UHFFFAOYSA-N,FLT1,predicted,0.886831
POWISKNFFRUCCW-UHFFFAOYSA-N,MC5R,predicted,0.886831
POWISKNFFRUCCW-UHFFFAOYSA-N,ABCG2,predicted,0.886831
POWISKNFFRUCCW-UHFFFAOYSA-N,SLCO1B3,predicted,0.886831
POWISKNFFRUCCW-UHFFFAOYSA-N,IL2,predicted,0.886831
POWISKNFFRUCCW-UHFFFAOYSA-N,CXCR3,predicted,0.886831
POWISKNFFRUCCW-UHFFFAOYSA-N,SIGMAR1,predicted,0.886831
POWISKNFFRUCCW-UHFFFAOYSA-N,EBP,predicted,0.886831
POWISKNFFRUCCW-UHFFFAOYSA-N,CRHBP,predicted,0.886831
POWISKNFFRUCCW-UHFFFAOYSA-N,NR1H4,predicted,0.886831
POWISKNFFRUCCW-UHFFFAOYSA-N,PC,predicted,0.886831
QKXUXZSVOPLDOD-GCTHYFALSA-N,PRKCA,predicted,0.987084
QKXUXZSVOPLDOD-GCTHYFALSA-N,PTGS2,predicted,0.987084
QKXUXZSVOPLDOD-GCTHYFALSA-N,BACE1,predicted,0.987084
QKXUXZSVOPLDOD-GCTHYFALSA-N,APP,predicted,0.987084
QKXUXZSVOPLDOD-GCTHYFALSA-N,PKM,predicted,0.987084
QKXUXZSVOPLDOD-GCTHYFALSA-N,ELAVL3,predicted,0.987084
QKXUXZSVOPLDOD-GCTHYFALSA-N,PGD,predicted,0.987084
QKXUXZSVOPLDOD-GCTHYFALSA-N,ADAMTS4,predicted,0.987084
QKXUXZSVOPLDOD-GCTHYFALSA-N,RAD52,predicted,0.987084
QKXUXZSVOPLDOD-GCTHYFALSA-N,SLCO1B1,predicted,0.987084
QKXUXZSVOPLDOD-GCTHYFALSA-N,ADAMTS5,predicted,0.987084
QKXUXZSVOPLDOD-GCTHYFALSA-N,SNCA,predicted,0.987084
QKXUXZSVOPLDOD-GCTHYFALSA-N,MET,predicted,0.987084
QKXUXZSVOPLDOD-GCTHYFALSA-N,MAPK14,predicted,0.987084
QKXUXZSVOPLDOD-GCTHYFALSA-N,DYRK1A,predicted,0.987084
QKXUXZSVOPLDOD-GCTHYFALSA-N,BCL2,predicted,0.987084
QKXUXZSVOPLDOD-GCTHYFALSA-N,PSMB5,predicted,0.987084
QKXUXZSVOPLDOD-GCTHYFALSA-N,SLCO1B3,predicted,0.987084
QKXUXZSVOPLDOD-GCTHYFALSA-N,SYNJ2,predicted,0.987084
QKXUXZSVOPLDOD-GCTHYFALSA-N,SIRT6,predicted,0.987084
QNAYBMKLOCPYGJ-REOHCLBHSA-N,SLC15A2,predicted,0.907479
QNAYBMKLOCPYGJ-REOHCLBHSA-N,ALPL,predicted,0.907479
QNAYBMKLOCPYGJ-REOHCLBHSA-N,ALPI,predicted,0.907479
QNAYBMKLOCPYGJ-REOHCLBHSA-N,PLAA,predicted,0.907479
QNAYBMKLOCPYGJ-REOHCLBHSA-N,GRM1,predicted,0.907479
QNAYBMKLOCPYGJ-REOHCLBHSA-N,GRM2,predicted,0.907479
QNAYBMKLOCPYGJ-REOHCLBHSA-N,GRIK2,predicted,0.907479
QNAYBMKLOCPYGJ-REOHCLBHSA-N,SLC1A1,predicted,0.907479
QNAYBMKLOCPYGJ-REOHCLBHSA-N,GRM6,predicted,0.907479
QNAYBMKLOCPYGJ-REOHCLBHSA-N,GRIK1,predicted,0.907479
QNAYBMKLOCPYGJ-REOHCLBHSA-N,ADRA2C,predicted,0.907479
QNAYBMKLOCPYGJ-REOHCLBHSA-N,SLC6A3,predicted,0.907479
QNAYBMKLOCPYGJ-REOHCLBHSA-N,SLC6A2,predicted,0.907479
QNAYBMKLOCPYGJ-REOHCLBHSA-N,HTR7,predicted,0.907479
QNAYBMKLOCPYGJ-REOHCLBHSA-N,SLC6A4,predicted,0.907479
QNAYBMKLOCPYGJ-REOHCLBHSA-N,ADRA2A,predicted,0.907479
QNAYBMKLOCPYGJ-REOHCLBHSA-N,ADRA2B,predicted,0.907479
QNAYBMKLOCPYGJ-REOHCLBHSA-N,LTA4H,predicted,0.907479
QNAYBMKLOCPYGJ-REOHCLBHSA-N,SLC1A3,predicted,0.907479
QNAYBMKLOCPYGJ-REOHCLBHSA-N,SLC1A2,predicted,0.907479
QUEDXNHFTDJVIY-UHFFFAOYSA-N,AKT1,predicted,0.987084
QUEDXNHFTDJVIY-UHFFFAOYSA-N,PHLPP1,predicted,0.987084
QUEDXNHFTDJVIY-UHFFFAOYSA-N,ILK,predicted,0.987084
QUEDXNHFTDJVIY-UHFFFAOYSA-N,TTPA,predicted,0.987084
QUEDXNHFTDJVIY-UHFFFAOYSA-N,GSTP1,predicted,0.987084
QUEDXNHFTDJVIY-UHFFFAOYSA-N,NR1I2,predicted,0.987084
RGJAJCOCOZWPNI-UHFFFAOYSA-N,SNCA,predicted,0.987084
RGJAJCOCOZWPNI-UHFFFAOYSA-N,MMP2,predicted,0.987084
RGJAJCOCOZWPNI-UHFFFAOYSA-N,MMP9,predicted,0.987084
RGJAJCOCOZWPNI-UHFFFAOYSA-N,CA2,predicted,0.987084
RGJAJCOCOZWPNI-UHFFFAOYSA-N,PKM,predicted,0.987084
RGJAJCOCOZWPNI-UHFFFAOYSA-N,CA4,predicted,0.987084
RGJAJCOCOZWPNI-UHFFFAOYSA-N,ALPL,predicted,0.987084
RGJAJCOCOZWPNI-UHFFFAOYSA-N,CA6,predicted,0.987084
RGJAJCOCOZWPNI-UHFFFAOYSA-N,APP,predicted,0.987084
RGJAJCOCOZWPNI-UHFFFAOYSA-N,BACE1,predicted,0.987084
RGJAJCOCOZWPNI-UHFFFAOYSA-N,RAD52,predicted,0.987084
RGJAJCOCOZWPNI-UHFFFAOYSA-N,CA1,predicted,0.987084
RGJAJCOCOZWPNI-UHFFFAOYSA-N,CA5B,predicted,0.987084
RGJAJCOCOZWPNI-UHFFFAOYSA-N,CA12,predicted,0.987084
RGJAJCOCOZWPNI-UHFFFAOYSA-N,CA5A,predicted,0.987084
RGJAJCOCOZWPNI-UHFFFAOYSA-N,SOST,predicted,0.987084
RGJAJCOCOZWPNI-UHFFFAOYSA-N,CA3,predicted,0.987084
RGJAJCOCOZWPNI-UHFFFAOYSA-N,CA7,predicted,0.987084
RGJAJCOCOZWPNI-UHFFFAOYSA-N,CA9,predicted,0.987084
RGJAJCOCOZWPNI-UHFFFAOYSA-N,MAPK14,predicted,0.987084
ROHFNLRQFUQHCH-UHFFFAOYSA-N,ALPL,predicted,0.987084
ROHFNLRQFUQHCH-UHFFFAOYSA-N,ALPI,predicted,0.987084
ROHFNLRQFUQHCH-UHFFFAOYSA-N,PLAA,predicted,0.987084
ROHFNLRQFUQHCH-UHFFFAOYSA-N,GRIK2,predicted,0.987084
ROHFNLRQFUQHCH-UHFFFAOYSA-N,SLC1A1,predicted,0.987084
ROHFNLRQFUQHCH-UHFFFAOYSA-N,GRM6,predicted,0.987084
ROHFNLRQFUQHCH-UHFFFAOYSA-N,GRIK1,predicted,0.987084
ROHFNLRQFUQHCH-UHFFFAOYSA-N,GRM1,predicted,0.987084
ROHFNLRQFUQHCH-UHFFFAOYSA-N,GRM2,predicted,0.987084
ROHFNLRQFUQHCH-UHFFFAOYSA-N,SLC1A3,predicted,0.987084
ROHFNLRQFUQHCH-UHFFFAOYSA-N,CYP3A4,predicted,0.987084
RUDATBOHQWOJDD-JGFDLHJZSA-N,NR1H4,predicted,0.987084
RUDATBOHQWOJDD-JGFDLHJZSA-N,CISD1,predicted,0.987084
RUDATBOHQWOJDD-JGFDLHJZSA-N,SLC10A1,predicted,0.987084
RUDATBOHQWOJDD-JGFDLHJZSA-N,USP2,predicted,0.987084
RUDATBOHQWOJDD-JGFDLHJZSA-N,GPBAR1,predicted,0.987084
RUDATBOHQWOJDD-JGFDLHJZSA-N,ABCB11,predicted,0.987084
RUDATBOHQWOJDD-JGFDLHJZSA-N,ENPP2,predicted,0.987084
RUDATBOHQWOJDD-JGFDLHJZSA-N,SLC10A2,predicted,0.987084
SGNBVLSWZMBQTH-UHFFFAOYSA-N,GRIN2A,predicted,0.987084
SGNBVLSWZMBQTH-UHFFFAOYSA-N,GRIN1,predicted,0.987084
SGNBVLSWZMBQTH-UHFFFAOYSA-N,NR1H3,predicted,0.987084
SGNBVLSWZMBQTH-UHFFFAOYSA-N,OSBP,predicted,0.987084
SGNBVLSWZMBQTH-UHFFFAOYSA-N,RORC,predicted,0.987084
SGNBVLSWZMBQTH-UHFFFAOYSA-N,OSBP2,predicted,0.987084
SGNBVLSWZMBQTH-UHFFFAOYSA-N,F2,predicted,0.987084
SGNBVLSWZMBQTH-UHFFFAOYSA-N,CYP46A1,predicted,0.987084
SGNBVLSWZMBQTH-UHFFFAOYSA-N,ABCB1,predicted,0.987084
SGNBVLSWZMBQTH-UHFFFAOYSA-N,DHCR24,predicted,0.987084
TWLLPUMZVVGILS-UHFFFAOYSA-N,XBP1,predicted,0.983068
TWLLPUMZVVGILS-UHFFFAOYSA-N,CDC25B,predicted,0.983068
TWLLPUMZVVGILS-UHFFFAOYSA-N,RELA,predicted,0.983068
TWLLPUMZVVGILS-UHFFFAOYSA-N,MAOB,predicted,0.983068
TWLLPUMZVVGILS-UHFFFAOYSA-N,MAOA,predicted,0.983068
TWLLPUMZVVGILS-UHFFFAOYSA-N,F12,predicted,0.983068
TWLLPUMZVVGILS-UHFFFAOYSA-N,KLK5,predicted,0.983068
TWLLPUMZVVGILS-UHFFFAOYSA-N,DRD1,predicted,0.983068
TWLLPUMZVVGILS-UHFFFAOYSA-N,CDC25A,predicted,0.983068
TWLLPUMZVVGILS-UHFFFAOYSA-N,CDC25C,predicted,0.983068
TWLLPUMZVVGILS-UHFFFAOYSA-N,NCOA1,predicted,0.983068
TWLLPUMZVVGILS-UHFFFAOYSA-N,PTK2B,predicted,0.983068
TWLLPUMZVVGILS-UHFFFAOYSA-N,NCOA3,predicted,0.983068
TWLLPUMZVVGILS-UHFFFAOYSA-N,CA12,predicted,0.983068
TWLLPUMZVVGILS-UHFFFAOYSA-N,CA2,predicted,0.983068
TWLLPUMZVVGILS-UHFFFAOYSA-N,CA14,predicted,0.983068
TWLLPUMZVVGILS-UHFFFAOYSA-N,CA7,predicted,0.983068
TWLLPUMZVVGILS-UHFFFAOYSA-N,CA9,predicted,0.983068
TWLLPUMZVVGILS-UHFFFAOYSA-N,CA1,predicted,0.983068
TWLLPUMZVVGILS-UHFFFAOYSA-N,AHR,predicted,0.983068
UQDUPQYQJKYHQI-UHFFFAOYSA-N,FAAH,predicted,0.979925
UQDUPQYQJKYHQI-UHFFFAOYSA-N,POLA1,predicted,0.979925
UQDUPQYQJKYHQI-UHFFFAOYSA-N,POLB,predicted,0.979925
UQDUPQYQJKYHQI-UHFFFAOYSA-N,CA12,predicted,0.979925
UQDUPQYQJKYHQI-UHFFFAOYSA-N,CA2,predicted,0.979925
UQDUPQYQJKYHQI-UHFFFAOYSA-N,CA14,predicted,0.979925
UQDUPQYQJKYHQI-UHFFFAOYSA-N,CA7,predicted,0.979925
UQDUPQYQJKYHQI-UHFFFAOYSA-N,CA9,predicted,0.979925
UQDUPQYQJKYHQI-UHFFFAOYSA-N,CA1,predicted,0.979925
UQDUPQYQJKYHQI-UHFFFAOYSA-N,PAM,predicted,0.979925
UQDUPQYQJKYHQI-UHFFFAOYSA-N,CNR2,predicted,0.979925
UQDUPQYQJKYHQI-UHFFFAOYSA-N,CNR1,predicted,0.979925
UQDUPQYQJKYHQI-UHFFFAOYSA-N,CES1,predicted,0.979925
UQDUPQYQJKYHQI-UHFFFAOYSA-N,CES2,predicted,0.979925
UUOWTYGESRVWCF-WKWFDMPLSA-N,SNCA,predicted,0.987084
UUOWTYGESRVWCF-WKWFDMPLSA-N,MMP2,predicted,0.987084
UUOWTYGESRVWCF-WKWFDMPLSA-N,MMP9,predicted,0.987084
UUOWTYGESRVWCF-WKWFDMPLSA-N,CA2,predicted,0.987084
UUOWTYGESRVWCF-WKWFDMPLSA-N,PKM,predicted,0.987084
UUOWTYGESRVWCF-WKWFDMPLSA-N,CA4,predicted,0.987084
UUOWTYGESRVWCF-WKWFDMPLSA-N,ALPL,predicted,0.987084
UUOWTYGESRVWCF-WKWFDMPLSA-N,CA6,predicted,0.987084
UUOWTYGESRVWCF-WKWFDMPLSA-N,APP,predicted,0.987084
UUOWTYGESRVWCF-WKWFDMPLSA-N,BACE1,predicted,0.987084
UUOWTYGESRVWCF-WKWFDMPLSA-N,RAD52,predicted,0.987084
UUOWTYGESRVWCF-WKWFDMPLSA-N,CA1,predicted,0.987084
UUOWTYGESRVWCF-WKWFDMPLSA-N,CA5B,predicted,0.987084
UUOWTYGESRVWCF-WKWFDMPLSA-N,CA12,predicted,0.987084
UUOWTYGESRVWCF-WKWFDMPLSA-N,CA5A,predicted,0.987084
UUOWTYGESRVWCF-WKWFDMPLSA-N,SOST,predicted,0.987084
UUOWTYGESRVWCF-WKWFDMPLSA-N,CA3,predicted,0.987084
UUOWTYGESRVWCF-WKWFDMPLSA-N,CA7,predicted,0.987084
UUOWTYGESRVWCF-WKWFDMPLSA-N,CA9,predicted,0.987084
UUOWTYGESRVWCF-WKWFDMPLSA-N,MAPK14,predicted,0.987084
VYGQUTWHTHXGQB-UMNZIDCRSA-N,SLCO1B1,predicted,0.986515
VYGQUTWHTHXGQB-UMNZIDCRSA-N,SLCO1B3,predicted,0.986515
VYGQUTWHTHXGQB-UMNZIDCRSA-N,APP,predicted,0.986515
VYGQUTWHTHXGQB-UMNZIDCRSA-N,SNCA,predicted,0.986515
VYGQUTWHTHXGQB-UMNZIDCRSA-N,RBP4,predicted,0.986515
VYGQUTWHTHXGQB-UMNZIDCRSA-N,ABCB11,predicted,0.986515
VYGQUTWHTHXGQB-UMNZIDCRSA-N,RXRA,predicted,0.986515
VYGQUTWHTHXGQB-UMNZIDCRSA-N,RARB,predicted,0.986515
VYGQUTWHTHXGQB-UMNZIDCRSA-N,RARG,predicted,0.986515
VYGQUTWHTHXGQB-UMNZIDCRSA-N,RARA,predicted,0.986515
VYGQUTWHTHXGQB-UMNZIDCRSA-N,RORC,predicted,0.986515
VYGQUTWHTHXGQB-UMNZIDCRSA-N,RXRB,predicted,0.986515
VYGQUTWHTHXGQB-UMNZIDCRSA-N,HSPD1,predicted,0.986515
VYGQUTWHTHXGQB-UMNZIDCRSA-N,RORA,predicted,0.986515
VYGQUTWHTHXGQB-UMNZIDCRSA-N,MAPK1,predicted,0.986515
VYGQUTWHTHXGQB-UMNZIDCRSA-N,PIN1,predicted,0.986515
VYGQUTWHTHXGQB-UMNZIDCRSA-N,RORB,predicted,0.986515
VYGQUTWHTHXGQB-UMNZIDCRSA-N,RXRG,predicted,0.986515
VYGQUTWHTHXGQB-UMNZIDCRSA-N,ADORA3,predicted,0.986515
VYGQUTWHTHXGQB-UMNZIDCRSA-N,HTR2B,predicted,0.986515
WEDGVCZUPFZNDE-UHFFFAOYSA-N,CA9,predicted,0.875113
WEDGVCZUPFZNDE-UHFFFAOYSA-N,CA13,predicted,0.875113
WEDGVCZUPFZNDE-UHFFFAOYSA-N,CA7,predicted,0.875113
WEDGVCZUPFZNDE-UHFFFAOYSA-N,S1PR1,predicted,0.875113
WEDGVCZUPFZNDE-UHFFFAOYSA-N,MCL1,predicted,0.875113
WEDGVCZUPFZNDE-UHFFFAOYSA-N,PGR,predicted,0.875113
WEDGVCZUPFZNDE-UHFFFAOYSA-N,MAOB,predicted,0.875113
WEDGVCZUPFZNDE-UHFFFAOYSA-N,CA12,predicted,0.875113
WEDGVCZUPFZNDE-UHFFFAOYSA-N,CA2,predicted,0.875113
WEDGVCZUPFZNDE-UHFFFAOYSA-N,KDM5B,predicted,0.875113
WEDGVCZUPFZNDE-UHFFFAOYSA-N,XDH,predicted,0.875113
WEDGVCZUPFZNDE-UHFFFAOYSA-N,CA1,predicted,0.875113
WEXDMQBFSBEMLP-UHFFFAOYSA-N,CA5B,predicted,0.944499
WEXDMQBFSBEMLP-UHFFFAOYSA-N,CA12,predicted,0.944499
WEXDMQBFSBEMLP-UHFFFAOYSA-N,CA5A,predicted,0.944499
WEXDMQBFSBEMLP-UHFFFAOYSA-N,CA2,predicted,0.944499
WEXDMQBFSBEMLP-UHFFFAOYSA-N,CA4,predicted,0.944499
WEXDMQBFSBEMLP-UHFFFAOYSA-N,ALPL,predicted,0.944499
WEXDMQBFSBEMLP-UHFFFAOYSA-N,CA6,predicted,0.944499
WEXDMQBFSBEMLP-UHFFFAOYSA-N,CA3,predicted,0.944499
WEXDMQBFSBEMLP-UHFFFAOYSA-N,MAPK14,predicted,0.944499
WEXDMQBFSBEMLP-UHFFFAOYSA-N,CA7,predicted,0.944499
WEXDMQBFSBEMLP-UHFFFAOYSA-N,CA9,predicted,0.944499
WEXDMQBFSBEMLP-UHFFFAOYSA-N,MAPK10,predicted,0.944499
WEXDMQBFSBEMLP-UHFFFAOYSA-N,CA1,predicted,0.944499
WEXDMQBFSBEMLP-UHFFFAOYSA-N,SOST,predicted,0.944499
WEXDMQBFSBEMLP-UHFFFAOYSA-N,PKM,predicted,0.944499
WEXDMQBFSBEMLP-UHFFFAOYSA-N,SNCA,predicted,0.944499
WEXDMQBFSBEMLP-UHFFFAOYSA-N,APP,predicted,0.944499
WEXDMQBFSBEMLP-UHFFFAOYSA-N,BACE1,predicted,0.944499
WEXDMQBFSBEMLP-UHFFFAOYSA-N,RAD52,predicted,0.944499
WEXDMQBFSBEMLP-UHFFFAOYSA-N,PTGS1,predicted,0.944499
WQEPLUUGTLDZJY-UHFFFAOYSA-N,PTPN1,predicted,0.987084
WQEPLUUGTLDZJY-UHFFFAOYSA-N,FFAR4,predicted,0.987084
WQEPLUUGTLDZJY-UHFFFAOYSA-N,GPR84,predicted,0.987084
WQEPLUUGTLDZJY-UHFFFAOYSA-N,FFAR1,predicted,0.987084
WQEPLUUGTLDZJY-UHFFFAOYSA-N,TLR2,predicted,0.987084
WQEPLUUGTLDZJY-UHFFFAOYSA-N,PPARA,predicted,0.987084
WQEPLUUGTLDZJY-UHFFFAOYSA-N,PPARG,predicted,0.987084
WQEPLUUGTLDZJY-UHFFFAOYSA-N,SLC22A6,predicted,0.987084
WQEPLUUGTLDZJY-UHFFFAOYSA-N,SLC22A8,predicted,0.987084
WQEPLUUGTLDZJY-UHFFFAOYSA-N,PPARD,predicted,0.987084
WQEPLUUGTLDZJY-UHFFFAOYSA-N,FABP4,predicted,0.987084
WQEPLUUGTLDZJY-UHFFFAOYSA-N,FABP3,predicted,0.987084
WQEPLUUGTLDZJY-UHFFFAOYSA-N,FABP2,predicted,0.987084
WQEPLUUGTLDZJY-UHFFFAOYSA-N,OR51E2,predicted,0.987084
WQEPLUUGTLDZJY-UHFFFAOYSA-N,FABP5,predicted,0.987084
WQEPLUUGTLDZJY-UHFFFAOYSA-N,NRIP1,predicted,0.987084
WZVWUSABZGIQJZ-UHFFFAOYSA-N,TTPA,predicted,0.983757
WZVWUSABZGIQJZ-UHFFFAOYSA-N,GSTP1,predicted,0.983757
WZVWUSABZGIQJZ-UHFFFAOYSA-N,NR1I2,predicted,0.983757
WZVWUSABZGIQJZ-UHFFFAOYSA-N,AKT1,predicted,0.983757
WZVWUSABZGIQJZ-UHFFFAOYSA-N,ALOX5,predicted,0.983757
WZVWUSABZGIQJZ-UHFFFAOYSA-N,PHLPP1,predicted,0.983757
WZVWUSABZGIQJZ-UHFFFAOYSA-N,ILK,predicted,0.983757
WZVWUSABZGIQJZ-UHFFFAOYSA-N,GSTO1,predicted,0.983757
XNCNNDVCAUWAIT-UHFFFAOYSA-N,FAAH,predicted,0.979925
XNCNNDVCAUWAIT-UHFFFAOYSA-N,POLA1,predicted,0.979925
XNCNNDVCAUWAIT-UHFFFAOYSA-N,POLB,predicted,0.979925
XNCNNDVCAUWAIT-UHFFFAOYSA-N,CA12,predicted,0.979925
XNCNNDVCAUWAIT-UHFFFAOYSA-N,CA2,predicted,0.979925
XNCNNDVCAUWAIT-UHFFFAOYSA-N,CA14,predicted,0.979925
XNCNNDVCAUWAIT-UHFFFAOYSA-N,CA7,predicted,0.979925
XNCNNDVCAUWAIT-UHFFFAOYSA-N,CA9,predicted,0.979925
XNCNNDVCAUWAIT-UHFFFAOYSA-N,CA1,predicted,0.979925
XNCNNDVCAUWAIT-UHFFFAOYSA-N,PAM,predicted,0.979925
XNCNNDVCAUWAIT-UHFFFAOYSA-N,CNR2,predicted,0.979925
XNCNNDVCAUWAIT-UHFFFAOYSA-N,CNR1,predicted,0.979925
XNCNNDVCAUWAIT-UHFFFAOYSA-N,CES1,predicted,0.979925
XNCNNDVCAUWAIT-UHFFFAOYSA-N,CES2,predicted,0.979925
XWVDCVZOOVTJKF-RIYZIHGNSA-N,CYP1B1,predicted,0.98484
XWVDCVZOOVTJKF-RIYZIHGNSA-N,MAOA,predicted,0.98484
XWVDCVZOOVTJKF-RIYZIHGNSA-N,CYP2A13,predicted,0.98484
XWVDCVZOOVTJKF-RIYZIHGNSA-N,CYP2A6,predicted,0.98484
XWVDCVZOOVTJKF-RIYZIHGNSA-N,CYP1A2,predicted,0.98484
XWVDCVZOOVTJKF-RIYZIHGNSA-N,CYP3A4,predicted,0.98484
XWVDCVZOOVTJKF-RIYZIHGNSA-N,ACHE,predicted,0.98484
XWVDCVZOOVTJKF-RIYZIHGNSA-N,CA9,predicted,0.98484
XWVDCVZOOVTJKF-RIYZIHGNSA-N,CA2,predicted,0.98484
XWVDCVZOOVTJKF-RIYZIHGNSA-N,BACE1,predicted,0.98484
XWVDCVZOOVTJKF-RIYZIHGNSA-N,KCNA3,predicted,0.98484
XWVDCVZOOVTJKF-RIYZIHGNSA-N,KCNA5,predicted,0.98484
XWVDCVZOOVTJKF-RIYZIHGNSA-N,CYP2C19,predicted,0.98484
XWVDCVZOOVTJKF-RIYZIHGNSA-N,CYP2C9,predicted,0.98484
XWVDCVZOOVTJKF-RIYZIHGNSA-N,CYP1A1,predicted,0.98484
XWVDCVZOOVTJKF-RIYZIHGNSA-N,CYP2D6,predicted,0.98484
YAPQBXQYLJRXSA-UHFFFAOYSA-N,ADORA2A,predicted,0.987084
YAPQBXQYLJRXSA-UHFFFAOYSA-N,ADORA1,predicted,0.987084
YAPQBXQYLJRXSA-UHFFFAOYSA-N,ADORA2B,predicted,0.987084
YAPQBXQYLJRXSA-UHFFFAOYSA-N,CA2,predicted,0.987084
YAPQBXQYLJRXSA-UHFFFAOYSA-N,GDA,predicted,0.987084
YAPQBXQYLJRXSA-UHFFFAOYSA-N,NR2E1,predicted,0.987084
YAPQBXQYLJRXSA-UHFFFAOYSA-N,SIRT3,predicted,0.987084
YAPQBXQYLJRXSA-UHFFFAOYSA-N,ACHE,predicted,0.987084
YAPQBXQYLJRXSA-UHFFFAOYSA-N,KCNH2,predicted,0.987084
YAPQBXQYLJRXSA-UHFFFAOYSA-N,CA1,predicted,0.987084
YAPQBXQYLJRXSA-UHFFFAOYSA-N,CHIT1,predicted,0.987084
YAPQBXQYLJRXSA-UHFFFAOYSA-N,CHIA,predicted,0.987084
YAPQBXQYLJRXSA-UHFFFAOYSA-N,PRPS1,predicted,0.987084
YAPQBXQYLJRXSA-UHFFFAOYSA-N,BRDT,predicted,0.987084
YAPQBXQYLJRXSA-UHFFFAOYSA-N,BRD3,predicted,0.987084
YAPQBXQYLJRXSA-UHFFFAOYSA-N,BRD4,predicted,0.987084
YAPQBXQYLJRXSA-UHFFFAOYSA-N,BRD2,predicted,0.987084
YAPQBXQYLJRXSA-UHFFFAOYSA-N,KDM1A,predicted,0.987084
YZBNXQLCEJJXSC-UHFFFAOYSA-N,PTPN1,predicted,0.932714
YZBNXQLCEJJXSC-UHFFFAOYSA-N,NOD1,predicted,0.932714
YZBNXQLCEJJXSC-UHFFFAOYSA-N,NOD2,predicted,0.932714
YZBNXQLCEJJXSC-UHFFFAOYSA-N,GPBAR1,predicted,0.932714
YZBNXQLCEJJXSC-UHFFFAOYSA-N,NR1H4,predicted,0.932714
ZPVXZDCYCDBKAJ-NCMRLHFPSA-N,SLC28A3,predicted,0.987084
ZPVXZDCYCDBKAJ-NCMRLHFPSA-N,SLC5A4,predicted,0.987084
ZPVXZDCYCDBKAJ-NCMRLHFPSA-N,SLC5A2,predicted,0.987084
ZPVXZDCYCDBKAJ-NCMRLHFPSA-N,SLC5A1,predicted,0.987084
ZPVXZDCYCDBKAJ-NCMRLHFPSA-N,SLC2A1,predicted,0.987084
ZPVXZDCYCDBKAJ-NCMRLHFPSA-N,PLAU,predicted,0.987084
ZROGCCBNZBKLEL-MPRHSVQHSA-N,SOST,predicted,0.955707
ZROGCCBNZBKLEL-MPRHSVQHSA-N,CA12,predicted,0.955707
ZROGCCBNZBKLEL-MPRHSVQHSA-N,CA2,predicted,0.955707
ZROGCCBNZBKLEL-MPRHSVQHSA-N,PKM,predicted,0.955707
ZROGCCBNZBKLEL-MPRHSVQHSA-N,CA4,predicted,0.955707
ZROGCCBNZBKLEL-MPRHSVQHSA-N,MMP12,predicted,0.955707
ZROGCCBNZBKLEL-MPRHSVQHSA-N,APP,predicted,0.955707
ZROGCCBNZBKLEL-MPRHSVQHSA-N,CA7,predicted,0.955707
ZROGCCBNZBKLEL-MPRHSVQHSA-N,FLT3,predicted,0.955707
ZROGCCBNZBKLEL-MPRHSVQHSA-N,CA1,predicted,0.955707
ZROGCCBNZBKLEL-MPRHSVQHSA-N,PTGS1,predicted,0.955707
ZROGCCBNZBKLEL-MPRHSVQHSA-N,XBP1,predicted,0.955707
ZROGCCBNZBKLEL-MPRHSVQHSA-N,XDH,predicted,0.955707
ZROGCCBNZBKLEL-MPRHSVQHSA-N,SYNJ2,predicted,0.955707
