ingredient_id,compound_id
SP_000001,AABKSFWWBUPVNY-NVCPWDGJSA-N
SP_000001,AAFBEFOSCLMOTF-KXBCQOCRSA-N
SP_000001,AAFBEFOSCLMOTF-RRPFJGJLSA-N
SP_000001,AANMVENRNJYEMK-UHFFFAOYSA-N
SP_000001,AANZTOSGIRNZNM-LNOKNGNPSA-N
SP_000001,AAPGXBRKBIUCMQ-GWHBCOKCSA-N
SP_000001,AAWNBEJOCRYVJE-QNGWXLTQSA-N
SP_000001,AAWZDTNXLSGCEK-UHFFFAOYSA-M
SP_000001,AAXMCYUUKFLUMJ-JSFHAIONSA-N
SP_000001,AAXMCYUUKFLUMJ-TWDRBPDCSA-N
SP_000001,AAXYAFFKOSNMEB-MHARETSRSA-N
SP_000001,AAZOMBJKSJQDHJ-ZBRBWIFHSA-N
SP_000001,AAZZVFONLHYNDZ-NVQRUNIKSA-J
SP_000001,ABBYYPGQJRBTGA-NESBLOORSA-N
SP_000001,ABCOOORLYAOBOZ-KQYNXXCUSA-N
SP_000001,ABFJWRKPWCFTQP-JKFVOKSPSA-N
SP_000001,ABFJWRKPWCFTQP-XSMLMOGHSA-N
SP_000001,ABIKEVIWOJTKQS-AARKOHAPSA-N
SP_000001,ABLZXFCXXLZCGV-UHFFFAOYSA-L
SP_000001,ABRHOUKZOUNSSK-FVEAQGRNSA-N
SP_000001,ABUKPIBHMMLQDI-RCOVLANCSA-N
SP_000001,ACGLCDJEASKGDO-JSYPMYMJSA-N
SP_000001,ACIVVGBVOVHFPQ-RPDRRWSUSA-N
SP_000001,ACLPCAOOWJUVLL-DZKYTWFZSA-N
SP_000001,ACLQSYLJAZRTAP-XAFBQJBNSA-N
SP_000001,ACSIRQPNAYTBRW-VZUYHUTRSA-N
SP_000001,ACTHNCRNFFCCAQ-PLKVWTDNSA-N
SP_000001,ACTHNCRNFFCCAQ-YNQDZHFMSA-N
SP_000001,ACZVSMNFVFBOTM-UHFFFAOYSA-N
SP_000001,ADCKHLSRWCXEIY-GGAPOBRUSA-N
SP_000001,ADHKIZQYPQGIRC-ACSKKKSPSA-N
SP_000001,ADHKIZQYPQGIRC-SOZVHHJESA-N
SP_000001,ADHNTNYEJYJUCU-ZSJFXSENSA-N
SP_000001,ADKNUXINKGBJMY-LDLOPFEMSA-N
SP_000001,ADMGMAPZAQUXIR-VRHMUEQPSA-N
SP_000001,ADNSYCXWAHUWTA-SYOMJGEJSA-N
SP_000001,ADSGHWJRPOXXTD-IHWYPQMZSA-M
SP_000001,ADYPMBBPSUQKED-VOLCNUBSSA-N
SP_000001,ADZPFIMEBZGRHB-ILJAMNOWSA-N
SP_000001,AEFNZGGBWOQYID-UHFFFAOYSA-N
SP_000001,AEIJGHDRIPTRQY-UBTAJKBJSA-N
SP_000001,AELFRHHZGTVYGJ-QMMMGPOBSA-N
SP_000001,AEMFNILZOJDQLW-QAGGRKNESA-N
SP_000001,AERBNCYCJBRYDG-UHFFFAOYSA-N
SP_000001,AESBAQNLQIQXNK-BMFSGJJHSA-N
SP_000001,AETXDQTWHNBCRO-QLKFWGTOSA-N
SP_000001,AEWHYWSPVRZHCT-NDZSKPAWSA-N
SP_000001,AEWHYWSPVRZHCT-UHFFFAOYSA-J
SP_000001,AEXNGRVFOMIYOW-ICFOKQHNSA-N
SP_000001,AFFQVAIMWFYJJS-DTHFMEMVSA-N
SP_000002,AABKSFWWBUPVNY-NVCPWDGJSA-N
SP_000002,AAFBEFOSCLMOTF-KXBCQOCRSA-N
SP_000002,AAFBEFOSCLMOTF-RRPFJGJLSA-N
SP_000002,AANMVENRNJYEMK-UHFFFAOYSA-N
SP_000002,AANZTOSGIRNZNM-LNOKNGNPSA-N
SP_000002,AAPGXBRKBIUCMQ-GWHBCOKCSA-N
SP_000002,AAWNBEJOCRYVJE-QNGWXLTQSA-N
SP_000002,AAWZDTNXLSGCEK-UHFFFAOYSA-M
SP_000002,AAWZDTNXLSGCEK-UHFFFAOYSA-N
SP_000002,AAXMCYUUKFLUMJ-JSFHAIONSA-N
SP_000002,AAXMCYUUKFLUMJ-TWDRBPDCSA-N
SP_000002,AAXYAFFKOSNMEB-MHARETSRSA-N
SP_000002,AAZOMBJKSJQDHJ-ZBRBWIFHSA-N
SP_000002,AAZZVFONLHYNDZ-NVQRUNIKSA-J
SP_000002,ABBYYPGQJRBTGA-NESBLOORSA-N
SP_000002,ABCOOORLYAOBOZ-KQYNXXCUSA-N
SP_000002,ABFJWRKPWCFTQP-JKFVOKSPSA-N
SP_000002,ABFJWRKPWCFTQP-XSMLMOGHSA-N
SP_000002,ABIKEVIWOJTKQS-AARKOHAPSA-N
SP_000002,ABLZXFCXXLZCGV-UHFFFAOYSA-L
SP_000002,ABRHOUKZOUNSSK-FVEAQGRNSA-N
SP_000002,ABUKPIBHMMLQDI-RCOVLANCSA-N
SP_000002,ACGLCDJEASKGDO-JSYPMYMJSA-N
SP_000002,ACIVVGBVOVHFPQ-RPDRRWSUSA-N
SP_000002,ACLPCAOOWJUVLL-DZKYTWFZSA-N
SP_000002,ACLQSYLJAZRTAP-XAFBQJBNSA-N
SP_000002,ACSIRQPNAYTBRW-VZUYHUTRSA-N
SP_000002,ACTHNCRNFFCCAQ-PLKVWTDNSA-N
SP_000002,ACTHNCRNFFCCAQ-YNQDZHFMSA-N
SP_000002,ACZVSMNFVFBOTM-UHFFFAOYSA-N
SP_000002,ADCKHLSRWCXEIY-GGAPOBRUSA-N
SP_000002,ADHKIZQYPQGIRC-ACSKKKSPSA-N
SP_000002,ADHKIZQYPQGIRC-SOZVHHJESA-N
SP_000002,ADHNTNYEJYJUCU-ZSJFXSENSA-N
SP_000002,ADKNUXINKGBJMY-LDLOPFEMSA-N
SP_000002,ADMGMAPZAQUXIR-VRHMUEQPSA-N
SP_000002,ADNSYCXWAHUWTA-SYOMJGEJSA-N
SP_000002,ADSGHWJRPOXXTD-IHWYPQMZSA-M
SP_000002,ADYPMBBPSUQKED-VOLCNUBSSA-N
SP_000002,ADZPFIMEBZGRHB-ILJAMNOWSA-N
SP_000002,AEFNZGGBWOQYID-UHFFFAOYSA-N
SP_000002,AEIJGHDRIPTRQY-UBTAJKBJSA-N
SP_000002,AELFRHHZGTVYGJ-QMMMGPOBSA-N
SP_000002,AEMFNILZOJDQLW-QAGGRKNESA-N
SP_000002,AERBNCYCJBRYDG-UHFFFAOYSA-N
SP_000002,AESBAQNLQIQXNK-BMFSGJJHSA-N
SP_000002,AETXDQTWHNBCRO-QLKFWGTOSA-N
SP_000002,AEWHYWSPVRZHCT-NDZSKPAWSA-N
SP_000002,AEWHYWSPVRZHCT-UHFFFAOYSA-J
SP_000002,AEXNGRVFOMIYOW-ICFOKQHNSA-N
SP_000003,AABKSFWWBUPVNY-NVCPWDGJSA-N
SP_000003,AAFBEFOSCLMOTF-KXBCQOCRSA-N
SP_000003,AAFBEFOSCLMOTF-RRPFJGJLSA-N
SP_000003,AANMVENRNJYEMK-UHFFFAOYSA-N
SP_000003,AANZTOSGIRNZNM-LNOKNGNPSA-N
SP_000003,AAPBYIVJOWCMGH-HWKANZROSA-N
SP_000003,AAPBYIVJOWCMGH-HYXAFXHYSA-N
SP_000003,AAPGXBRKBIUCMQ-GWHBCOKCSA-N
SP_000003,AAWNBEJOCRYVJE-QNGWXLTQSA-N
SP_000003,AAWZDTNXLSGCEK-UHFFFAOYSA-M
SP_000003,AAWZDTNXLSGCEK-UHFFFAOYSA-N
SP_000003,AAXMCYUUKFLUMJ-JSFHAIONSA-N
SP_000003,AAXMCYUUKFLUMJ-TWDRBPDCSA-N
SP_000003,AAXYAFFKOSNMEB-MHARETSRSA-N
SP_000003,AAZOMBJKSJQDHJ-ZBRBWIFHSA-N
SP_000003,AAZZVFONLHYNDZ-NVQRUNIKSA-J
SP_000003,ABBYYPGQJRBTGA-NESBLOORSA-N
SP_000003,ABCOOORLYAOBOZ-KQYNXXCUSA-N
SP_000003,ABFHVQPVDSMGNR-UHFFFAOYSA-N
SP_000003,ABFJWRKPWCFTQP-JKFVOKSPSA-N
SP_000003,ABFJWRKPWCFTQP-XSMLMOGHSA-N
SP_000003,ABIKEVIWOJTKQS-AARKOHAPSA-N
SP_000003,ABLZXFCXXLZCGV-UHFFFAOYSA-L
SP_000003,ABRHOUKZOUNSSK-FVEAQGRNSA-N
SP_000003,ABUKPIBHMMLQDI-RCOVLANCSA-N
SP_000003,ACGLCDJEASKGDO-JSYPMYMJSA-N
SP_000003,ACIVVGBVOVHFPQ-RPDRRWSUSA-N
SP_000003,ACJQRYKUUGFHPV-FMQUCBEESA-N
SP_000003,ACLPCAOOWJUVLL-DZKYTWFZSA-N
SP_000003,ACLQSYLJAZRTAP-XAFBQJBNSA-N
SP_000003,ACSIRQPNAYTBRW-VZUYHUTRSA-N
SP_000003,ACTHNCRNFFCCAQ-PLKVWTDNSA-N
SP_000003,ACTHNCRNFFCCAQ-YNQDZHFMSA-N
SP_000003,ACTVOSXZOZQENN-UHFFFAOYSA-N
SP_000003,ACWQBUSCFPJUPN-HWKANZROSA-N
SP_000003,ACWQBUSCFPJUPN-HYXAFXHYSA-N
SP_000003,ACZVSMNFVFBOTM-UHFFFAOYSA-N
SP_000003,ADACAMXIRQREOB-UHFFFAOYSA-N
SP_000003,ADCKHLSRWCXEIY-GGAPOBRUSA-N
SP_000003,ADHKIZQYPQGIRC-ACSKKKSPSA-N
SP_000003,ADHKIZQYPQGIRC-SOZVHHJESA-N
SP_000003,ADHNTNYEJYJUCU-ZSJFXSENSA-N
SP_000003,ADKNUXINKGBJMY-LDLOPFEMSA-N
SP_000003,ADMGMAPZAQUXIR-VRHMUEQPSA-N
SP_000003,ADNSYCXWAHUWTA-SYOMJGEJSA-N
SP_000003,ADSGHWJRPOXXTD-IHWYPQMZSA-M
SP_000003,ADYPMBBPSUQKED-VOLCNUBSSA-N
SP_000003,ADZPFIMEBZGRHB-ILJAMNOWSA-N
SP_000003,AEDBOXCTQDATMF-UHFFFAOYSA-N
SP_000003,AEFNZGGBWOQYID-UHFFFAOYSA-N
SP_000004,AABKSFWWBUPVNY-NVCPWDGJSA-N
SP_000004,AAFBEFOSCLMOTF-KXBCQOCRSA-N
SP_000004,AAFBEFOSCLMOTF-RRPFJGJLSA-N
SP_000004,AANMVENRNJYEMK-UHFFFAOYSA-N
SP_000004,AANZTOSGIRNZNM-LNOKNGNPSA-N
SP_000004,AAPGXBRKBIUCMQ-GWHBCOKCSA-N
SP_000004,AAWNBEJOCRYVJE-QNGWXLTQSA-N
SP_000004,AAWZDTNXLSGCEK-UHFFFAOYSA-M
SP_000004,AAXMCYUUKFLUMJ-JSFHAIONSA-N
SP_000004,AAXMCYUUKFLUMJ-TWDRBPDCSA-N
SP_000004,AAXYAFFKOSNMEB-MHARETSRSA-N
SP_000004,AAZOMBJKSJQDHJ-ZBRBWIFHSA-N
SP_000004,AAZZVFONLHYNDZ-NVQRUNIKSA-J
SP_000004,ABBYYPGQJRBTGA-NESBLOORSA-N
SP_000004,ABCOOORLYAOBOZ-KQYNXXCUSA-N
SP_000004,ABFJWRKPWCFTQP-JKFVOKSPSA-N
SP_000004,ABFJWRKPWCFTQP-XSMLMOGHSA-N
SP_000004,ABIKEVIWOJTKQS-AARKOHAPSA-N
SP_000004,ABLZXFCXXLZCGV-UHFFFAOYSA-L
SP_000004,ABRHOUKZOUNSSK-FVEAQGRNSA-N
SP_000004,ABUKPIBHMMLQDI-RCOVLANCSA-N
SP_000004,ACGLCDJEASKGDO-JSYPMYMJSA-N
SP_000004,ACIVVGBVOVHFPQ-RPDRRWSUSA-N
SP_000004,ACLPCAOOWJUVLL-DZKYTWFZSA-N
SP_000004,ACLQSYLJAZRTAP-XAFBQJBNSA-N
SP_000004,ACSIRQPNAYTBRW-VZUYHUTRSA-N
SP_000004,ACTHNCRNFFCCAQ-PLKVWTDNSA-N
SP_000004,ACTHNCRNFFCCAQ-YNQDZHFMSA-N
SP_000004,ACZVSMNFVFBOTM-UHFFFAOYSA-N
SP_000004,ADCKHLSRWCXEIY-GGAPOBRUSA-N
SP_000004,ADHKIZQYPQGIRC-ACSKKKSPSA-N
SP_000004,ADHKIZQYPQGIRC-SOZVHHJESA-N
SP_000004,ADHNTNYEJYJUCU-ZSJFXSENSA-N
SP_000004,ADKNUXINKGBJMY-LDLOPFEMSA-N
SP_000004,ADMGMAPZAQUXIR-VRHMUEQPSA-N
SP_000004,ADNSYCXWAHUWTA-SYOMJGEJSA-N
SP_000004,ADSGHWJRPOXXTD-IHWYPQMZSA-M
SP_000004,ADYPMBBPSUQKED-VOLCNUBSSA-N
SP_000004,ADZPFIMEBZGRHB-ILJAMNOWSA-N
SP_000004,AEFNZGGBWOQYID-UHFFFAOYSA-N
SP_000004,AEIJGHDRIPTRQY-UBTAJKBJSA-N
SP_000004,AELFRHHZGTVYGJ-QMMMGPOBSA-N
SP_000004,AEMFNILZOJDQLW-QAGGRKNESA-N
SP_000004,AERBNCYCJBRYDG-UHFFFAOYSA-N
SP_000004,AESBAQNLQIQXNK-BMFSGJJHSA-N
SP_000004,AETXDQTWHNBCRO-QLKFWGTOSA-N
SP_000004,AEWHYWSPVRZHCT-NDZSKPAWSA-N
SP_000004,AEWHYWSPVRZHCT-UHFFFAOYSA-J
SP_000004,AEXNGRVFOMIYOW-ICFOKQHNSA-N
SP_000004,AFFQVAIMWFYJJS-DTHFMEMVSA-N
SP_000005,AABKSFWWBUPVNY-NVCPWDGJSA-N
SP_000005,AAFBEFOSCLMOTF-KXBCQOCRSA-N
SP_000005,AAFBEFOSCLMOTF-RRPFJGJLSA-N
SP_000005,AANMVENRNJYEMK-UHFFFAOYSA-N
SP_000005,AANZTOSGIRNZNM-LNOKNGNPSA-N
SP_000005,AAPGXBRKBIUCMQ-GWHBCOKCSA-N
SP_000005,AAWNBEJOCRYVJE-QNGWXLTQSA-N
SP_000005,AAWZDTNXLSGCEK-UHFFFAOYSA-M
SP_000005,AAXMCYUUKFLUMJ-JSFHAIONSA-N
SP_000005,AAXMCYUUKFLUMJ-TWDRBPDCSA-N
SP_000005,AAXYAFFKOSNMEB-MHARETSRSA-N
SP_000005,AAZOMBJKSJQDHJ-ZBRBWIFHSA-N
SP_000005,AAZZVFONLHYNDZ-NVQRUNIKSA-J
SP_000005,ABBYYPGQJRBTGA-NESBLOORSA-N
SP_000005,ABCOOORLYAOBOZ-KQYNXXCUSA-N
SP_000005,ABFJWRKPWCFTQP-JKFVOKSPSA-N
SP_000005,ABFJWRKPWCFTQP-XSMLMOGHSA-N
SP_000005,ABIKEVIWOJTKQS-AARKOHAPSA-N
SP_000005,ABLZXFCXXLZCGV-UHFFFAOYSA-L
SP_000005,ABRHOUKZOUNSSK-FVEAQGRNSA-N
SP_000005,ABUKPIBHMMLQDI-RCOVLANCSA-N
SP_000005,ACGLCDJEASKGDO-JSYPMYMJSA-N
SP_000005,ACIVVGBVOVHFPQ-RPDRRWSUSA-N
SP_000005,ACLPCAOOWJUVLL-DZKYTWFZSA-N
SP_000005,ACLQSYLJAZRTAP-XAFBQJBNSA-N
SP_000005,ACSIRQPNAYTBRW-VZUYHUTRSA-N
SP_000005,ACTHNCRNFFCCAQ-PLKVWTDNSA-N
SP_000005,ACTHNCRNFFCCAQ-YNQDZHFMSA-N
SP_000005,ACZVSMNFVFBOTM-UHFFFAOYSA-N
SP_000005,ADCKHLSRWCXEIY-GGAPOBRUSA-N
SP_000005,ADHKIZQYPQGIRC-ACSKKKSPSA-N
SP_000005,ADHKIZQYPQGIRC-SOZVHHJESA-N
SP_000005,ADHNTNYEJYJUCU-ZSJFXSENSA-N
SP_000005,ADKNUXINKGBJMY-LDLOPFEMSA-N
SP_000005,ADMGMAPZAQUXIR-VRHMUEQPSA-N
SP_000005,ADNSYCXWAHUWTA-SYOMJGEJSA-N
SP_000005,ADSGHWJRPOXXTD-IHWYPQMZSA-M
SP_000005,ADYPMBBPSUQKED-VOLCNUBSSA-N
SP_000005,ADZPFIMEBZGRHB-ILJAMNOWSA-N
SP_000005,AEFNZGGBWOQYID-UHFFFAOYSA-N
SP_000005,AEIJGHDRIPTRQY-UBTAJKBJSA-N
SP_000005,AELFRHHZGTVYGJ-QMMMGPOBSA-N
SP_000005,AEMFNILZOJDQLW-QAGGRKNESA-N
SP_000005,AERBNCYCJBRYDG-UHFFFAOYSA-N
SP_000005,AESBAQNLQIQXNK-BMFSGJJHSA-N
SP_000005,AETXDQTWHNBCRO-QLKFWGTOSA-N
SP_000005,AEWHYWSPVRZHCT-NDZSKPAWSA-N
SP_000005,AEWHYWSPVRZHCT-UHFFFAOYSA-J
SP_000005,AEXNGRVFOMIYOW-ICFOKQHNSA-N
SP_000005,AFFQVAIMWFYJJS-DTHFMEMVSA-N
SP_000006,AABKSFWWBUPVNY-NVCPWDGJSA-N
SP_000006,AAFBEFOSCLMOTF-KXBCQOCRSA-N
SP_000006,AAFBEFOSCLMOTF-RRPFJGJLSA-N
SP_000006,AANMVENRNJYEMK-UHFFFAOYSA-N
SP_000006,AANZTOSGIRNZNM-LNOKNGNPSA-N
SP_000006,AAPGXBRKBIUCMQ-GWHBCOKCSA-N
SP_000006,AAWNBEJOCRYVJE-QNGWXLTQSA-N
SP_000006,AAWZDTNXLSGCEK-UHFFFAOYSA-M
SP_000006,AAWZDTNXLSGCEK-UHFFFAOYSA-N
SP_000006,AAXMCYUUKFLUMJ-JSFHAIONSA-N
SP_000006,AAXMCYUUKFLUMJ-TWDRBPDCSA-N
SP_000006,AAXYAFFKOSNMEB-MHARETSRSA-N
SP_000006,AAZOMBJKSJQDHJ-ZBRBWIFHSA-N
SP_000006,AAZZVFONLHYNDZ-NVQRUNIKSA-J
SP_000006,ABBYYPGQJRBTGA-NESBLOORSA-N
SP_000006,ABCOOORLYAOBOZ-KQYNXXCUSA-N
SP_000006,ABFJWRKPWCFTQP-JKFVOKSPSA-N
SP_000006,ABFJWRKPWCFTQP-XSMLMOGHSA-N
SP_000006,ABIKEVIWOJTKQS-AARKOHAPSA-N
SP_000006,ABLZXFCXXLZCGV-UHFFFAOYSA-L
SP_000006,ABRHOUKZOUNSSK-FVEAQGRNSA-N
SP_000006,ABUKPIBHMMLQDI-RCOVLANCSA-N
SP_000006,ACGLCDJEASKGDO-JSYPMYMJSA-N
SP_000006,ACIVVGBVOVHFPQ-RPDRRWSUSA-N
SP_000006,ACLPCAOOWJUVLL-DZKYTWFZSA-N
SP_000006,ACLQSYLJAZRTAP-XAFBQJBNSA-N
SP_000006,ACSIRQPNAYTBRW-VZUYHUTRSA-N
SP_000006,ACTHNCRNFFCCAQ-PLKVWTDNSA-N
SP_000006,ACTHNCRNFFCCAQ-YNQDZHFMSA-N
SP_000006,ACZVSMNFVFBOTM-UHFFFAOYSA-N
SP_000006,ADCKHLSRWCXEIY-GGAPOBRUSA-N
SP_000006,ADHKIZQYPQGIRC-ACSKKKSPSA-N
SP_000006,ADHKIZQYPQGIRC-SOZVHHJESA-N
SP_000006,ADHNTNYEJYJUCU-ZSJFXSENSA-N
SP_000006,ADKNUXINKGBJMY-LDLOPFEMSA-N
SP_000006,ADMGMAPZAQUXIR-VRHMUEQPSA-N
SP_000006,ADNSYCXWAHUWTA-SYOMJGEJSA-N
SP_000006,ADSGHWJRPOXXTD-IHWYPQMZSA-M
SP_000006,ADYPMBBPSUQKED-VOLCNUBSSA-N
SP_000006,ADZPFIMEBZGRHB-ILJAMNOWSA-N
SP_000006,AEFNZGGBWOQYID-UHFFFAOYSA-N
SP_000006,AEIJGHDRIPTRQY-UBTAJKBJSA-N
SP_000006,AELFRHHZGTVYGJ-QMMMGPOBSA-N
SP_000006,AEMFNILZOJDQLW-QAGGRKNESA-N
SP_000006,AERBNCYCJBRYDG-UHFFFAOYSA-N
SP_000006,AESBAQNLQIQXNK-BMFSGJJHSA-N
SP_000006,AETXDQTWHNBCRO-QLKFWGTOSA-N
SP_000006,AEWHYWSPVRZHCT-NDZSKPAWSA-N
SP_000006,AEWHYWSPVRZHCT-UHFFFAOYSA-J
SP_000006,AEXNGRVFOMIYOW-ICFOKQHNSA-N
SP_000007,AABKSFWWBUPVNY-NVCPWDGJSA-N
SP_000007,AAFBEFOSCLMOTF-KXBCQOCRSA-N
SP_000007,AAFBEFOSCLMOTF-RRPFJGJLSA-N
SP_000007,AANMVENRNJYEMK-UHFFFAOYSA-N
SP_000007,AANZTOSGIRNZNM-LNOKNGNPSA-N
SP_000007,AAPGXBRKBIUCMQ-GWHBCOKCSA-N
SP_000007,AAWNBEJOCRYVJE-QNGWXLTQSA-N
SP_000007,AAWZDTNXLSGCEK-UHFFFAOYSA-M
SP_000007,AAXMCYUUKFLUMJ-JSFHAIONSA-N
SP_000007,AAXMCYUUKFLUMJ-TWDRBPDCSA-N
SP_000007,AAXYAFFKOSNMEB-MHARETSRSA-N
SP_000007,AAZOMBJKSJQDHJ-ZBRBWIFHSA-N
SP_000007,AAZZVFONLHYNDZ-NVQRUNIKSA-J
SP_000007,ABBYYPGQJRBTGA-NESBLOORSA-N
SP_000007,ABCOOORLYAOBOZ-KQYNXXCUSA-N
SP_000007,ABFJWRKPWCFTQP-JKFVOKSPSA-N
SP_000007,ABFJWRKPWCFTQP-XSMLMOGHSA-N
SP_000007,ABIKEVIWOJTKQS-AARKOHAPSA-N
SP_000007,ABLZXFCXXLZCGV-UHFFFAOYSA-L
SP_000007,ABRHOUKZOUNSSK-FVEAQGRNSA-N
SP_000007,ABUKPIBHMMLQDI-RCOVLANCSA-N
SP_000007,ACGLCDJEASKGDO-JSYPMYMJSA-N
SP_000007,ACIVVGBVOVHFPQ-RPDRRWSUSA-N
SP_000007,ACLPCAOOWJUVLL-DZKYTWFZSA-N
SP_000007,ACLQSYLJAZRTAP-XAFBQJBNSA-N
SP_000007,ACSIRQPNAYTBRW-VZUYHUTRSA-N
SP_000007,ACTHNCRNFFCCAQ-PLKVWTDNSA-N
SP_000007,ACTHNCRNFFCCAQ-YNQDZHFMSA-N
SP_000007,ACZVSMNFVFBOTM-UHFFFAOYSA-N
SP_000007,ADCKHLSRWCXEIY-GGAPOBRUSA-N
SP_000007,ADHKIZQYPQGIRC-ACSKKKSPSA-N
SP_000007,ADHKIZQYPQGIRC-SOZVHHJESA-N
SP_000007,ADKNUXINKGBJMY-LDLOPFEMSA-N
SP_000007,ADMGMAPZAQUXIR-VRHMUEQPSA-N
SP_000007,ADNSYCXWAHUWTA-SYOMJGEJSA-N
SP_000007,ADSGHWJRPOXXTD-IHWYPQMZSA-M
SP_000007,ADYPMBBPSUQKED-VOLCNUBSSA-N
SP_000007,ADZPFIMEBZGRHB-ILJAMNOWSA-N
SP_000007,AEFNZGGBWOQYID-UHFFFAOYSA-N
SP_000007,AEIJGHDRIPTRQY-UBTAJKBJSA-N
SP_000007,AELFRHHZGTVYGJ-QMMMGPOBSA-N
SP_000007,AEMFNILZOJDQLW-QAGGRKNESA-N
SP_000007,AERBNCYCJBRYDG-UHFFFAOYSA-N
SP_000007,AESBAQNLQIQXNK-BMFSGJJHSA-N
SP_000007,AETXDQTWHNBCRO-QLKFWGTOSA-N
SP_000007,AEWHYWSPVRZHCT-NDZSKPAWSA-N
SP_000007,AEWHYWSPVRZHCT-UHFFFAOYSA-J
SP_000007,AEXNGRVFOMIYOW-ICFOKQHNSA-N
SP_000007,AFFQVAIMWFYJJS-DTHFMEMVSA-N
SP_000007,AFGUVBVUFZMJMX-MDZDMXLPSA-N
SP_000008,AABKSFWWBUPVNY-NVCPWDGJSA-N
SP_000008,AAFBEFOSCLMOTF-KXBCQOCRSA-N
SP_000008,AAFBEFOSCLMOTF-RRPFJGJLSA-N
SP_000008,AANMVENRNJYEMK-UHFFFAOYSA-N
SP_000008,AANZTOSGIRNZNM-LNOKNGNPSA-N
SP_000008,AAPGXBRKBIUCMQ-GWHBCOKCSA-N
SP_000008,AAWNBEJOCRYVJE-QNGWXLTQSA-N
SP_000008,AAWZDTNXLSGCEK-UHFFFAOYSA-M
SP_000008,AAXMCYUUKFLUMJ-JSFHAIONSA-N
SP_000008,AAXMCYUUKFLUMJ-TWDRBPDCSA-N
SP_000008,AAXYAFFKOSNMEB-MHARETSRSA-N
SP_000008,AAZOMBJKSJQDHJ-ZBRBWIFHSA-N
SP_000008,AAZZVFONLHYNDZ-NVQRUNIKSA-J
SP_000008,ABBYYPGQJRBTGA-NESBLOORSA-N
SP_000008,ABCOOORLYAOBOZ-KQYNXXCUSA-N
SP_000008,ABFJWRKPWCFTQP-JKFVOKSPSA-N
SP_000008,ABFJWRKPWCFTQP-XSMLMOGHSA-N
SP_000008,ABIKEVIWOJTKQS-AARKOHAPSA-N
SP_000008,ABLZXFCXXLZCGV-UHFFFAOYSA-L
SP_000008,ABRHOUKZOUNSSK-FVEAQGRNSA-N
SP_000008,ABUKPIBHMMLQDI-RCOVLANCSA-N
SP_000008,ACGLCDJEASKGDO-JSYPMYMJSA-N
SP_000008,ACIVVGBVOVHFPQ-RPDRRWSUSA-N
SP_000008,ACLPCAOOWJUVLL-DZKYTWFZSA-N
SP_000008,ACLQSYLJAZRTAP-XAFBQJBNSA-N
SP_000008,ACSIRQPNAYTBRW-VZUYHUTRSA-N
SP_000008,ACTHNCRNFFCCAQ-PLKVWTDNSA-N
SP_000008,ACTHNCRNFFCCAQ-YNQDZHFMSA-N
SP_000008,ACZVSMNFVFBOTM-UHFFFAOYSA-N
SP_000008,ADCKHLSRWCXEIY-GGAPOBRUSA-N
SP_000008,ADFWQBGTDJIESE-UHFFFAOYSA-N
SP_000008,ADHKIZQYPQGIRC-ACSKKKSPSA-N
SP_000008,ADHKIZQYPQGIRC-SOZVHHJESA-N
SP_000008,ADHNTNYEJYJUCU-ZSJFXSENSA-N
SP_000008,ADKNUXINKGBJMY-LDLOPFEMSA-N
SP_000008,ADMGMAPZAQUXIR-VRHMUEQPSA-N
SP_000008,ADNSYCXWAHUWTA-SYOMJGEJSA-N
SP_000008,ADSGHWJRPOXXTD-IHWYPQMZSA-M
SP_000008,ADYPMBBPSUQKED-VOLCNUBSSA-N
SP_000008,ADZPFIMEBZGRHB-ILJAMNOWSA-N
SP_000008,AEFNZGGBWOQYID-UHFFFAOYSA-N
SP_000008,AEIJGHDRIPTRQY-UBTAJKBJSA-N
SP_000008,AELFRHHZGTVYGJ-QMMMGPOBSA-N
SP_000008,AEMFNILZOJDQLW-QAGGRKNESA-N
SP_000008,AERBNCYCJBRYDG-UHFFFAOYSA-N
SP_000008,AESBAQNLQIQXNK-BMFSGJJHSA-N
SP_000008,AETXDQTWHNBCRO-QLKFWGTOSA-N
SP_000008,AEWHYWSPVRZHCT-NDZSKPAWSA-N
SP_000008,AEWHYWSPVRZHCT-UHFFFAOYSA-J
SP_000008,AEXNGRVFOMIYOW-ICFOKQHNSA-N
SP_000009,AABKSFWWBUPVNY-NVCPWDGJSA-N
SP_000009,AAFBEFOSCLMOTF-KXBCQOCRSA-N
SP_000009,AAFBEFOSCLMOTF-RRPFJGJLSA-N
SP_000009,AANMVENRNJYEMK-UHFFFAOYSA-N
SP_000009,AANZTOSGIRNZNM-LNOKNGNPSA-N
SP_000009,AAPGXBRKBIUCMQ-GWHBCOKCSA-N
SP_000009,AAWNBEJOCRYVJE-QNGWXLTQSA-N
SP_000009,AAWZDTNXLSGCEK-UHFFFAOYSA-M
SP_000009,AAWZDTNXLSGCEK-UHFFFAOYSA-N
SP_000009,AAXMCYUUKFLUMJ-JSFHAIONSA-N
SP_000009,AAXMCYUUKFLUMJ-TWDRBPDCSA-N
SP_000009,AAXYAFFKOSNMEB-MHARETSRSA-N
SP_000009,AAZOMBJKSJQDHJ-ZBRBWIFHSA-N
SP_000009,AAZZVFONLHYNDZ-NVQRUNIKSA-J
SP_000009,ABBYYPGQJRBTGA-NESBLOORSA-N
SP_000009,ABCOOORLYAOBOZ-KQYNXXCUSA-N
SP_000009,ABFJWRKPWCFTQP-JKFVOKSPSA-N
SP_000009,ABFJWRKPWCFTQP-XSMLMOGHSA-N
SP_000009,ABIKEVIWOJTKQS-AARKOHAPSA-N
SP_000009,ABLZXFCXXLZCGV-UHFFFAOYSA-L
SP_000009,ABRHOUKZOUNSSK-FVEAQGRNSA-N
SP_000009,ABUKPIBHMMLQDI-RCOVLANCSA-N
SP_000009,ACCRBMDJCPPJDX-UHFFFAOYSA-N
SP_000009,ACGLCDJEASKGDO-JSYPMYMJSA-N
SP_000009,ACIVVGBVOVHFPQ-RPDRRWSUSA-N
SP_000009,ACLPCAOOWJUVLL-DZKYTWFZSA-N
SP_000009,ACLQSYLJAZRTAP-XAFBQJBNSA-N
SP_000009,ACSIRQPNAYTBRW-VZUYHUTRSA-N
SP_000009,ACTHNCRNFFCCAQ-PLKVWTDNSA-N
SP_000009,ACTHNCRNFFCCAQ-YNQDZHFMSA-N
SP_000009,ACZVSMNFVFBOTM-UHFFFAOYSA-N
SP_000009,ADCKHLSRWCXEIY-GGAPOBRUSA-N
SP_000009,ADHKIZQYPQGIRC-ACSKKKSPSA-N
SP_000009,ADHKIZQYPQGIRC-SOZVHHJESA-N
SP_000009,ADHNTNYEJYJUCU-ZSJFXSENSA-N
SP_000009,ADKNUXINKGBJMY-LDLOPFEMSA-N
SP_000009,ADMGMAPZAQUXIR-VRHMUEQPSA-N
SP_000009,ADNSYCXWAHUWTA-SYOMJGEJSA-N
SP_000009,ADSGHWJRPOXXTD-IHWYPQMZSA-M
SP_000009,ADYPMBBPSUQKED-VOLCNUBSSA-N
SP_000009,ADZPFIMEBZGRHB-ILJAMNOWSA-N
SP_000009,AEFNZGGBWOQYID-UHFFFAOYSA-N
SP_000009,AEIJGHDRIPTRQY-UBTAJKBJSA-N
SP_000009,AELFRHHZGTVYGJ-QMMMGPOBSA-N
SP_000009,AEMFNILZOJDQLW-QAGGRKNESA-N
SP_000009,AERBNCYCJBRYDG-UHFFFAOYSA-N
SP_000009,AESBAQNLQIQXNK-BMFSGJJHSA-N
SP_000009,AETXDQTWHNBCRO-QLKFWGTOSA-N
SP_000009,AEWHYWSPVRZHCT-NDZSKPAWSA-N
SP_000009,AEWHYWSPVRZHCT-UHFFFAOYSA-J
SP_000010,AABKSFWWBUPVNY-NVCPWDGJSA-N
SP_000010,AAFBEFOSCLMOTF-KXBCQOCRSA-N
SP_000010,AAFBEFOSCLMOTF-RRPFJGJLSA-N
SP_000010,AANMVENRNJYEMK-UHFFFAOYSA-N
SP_000010,AANZTOSGIRNZNM-LNOKNGNPSA-N
SP_000010,AAPGXBRKBIUCMQ-GWHBCOKCSA-N
SP_000010,AAWNBEJOCRYVJE-QNGWXLTQSA-N
SP_000010,AAWZDTNXLSGCEK-UHFFFAOYSA-M
SP_000010,AAXMCYUUKFLUMJ-JSFHAIONSA-N
SP_000010,AAXMCYUUKFLUMJ-TWDRBPDCSA-N
SP_000010,AAXYAFFKOSNMEB-MHARETSRSA-N
SP_000010,AAZOMBJKSJQDHJ-ZBRBWIFHSA-N
SP_000010,AAZZVFONLHYNDZ-NVQRUNIKSA-J
SP_000010,ABBYYPGQJRBTGA-NESBLOORSA-N
SP_000010,ABCOOORLYAOBOZ-KQYNXXCUSA-N
SP_000010,ABFJWRKPWCFTQP-JKFVOKSPSA-N
SP_000010,ABFJWRKPWCFTQP-XSMLMOGHSA-N
SP_000010,ABIKEVIWOJTKQS-AARKOHAPSA-N
SP_000010,ABLZXFCXXLZCGV-UHFFFAOYSA-L
SP_000010,ABRHOUKZOUNSSK-FVEAQGRNSA-N
SP_000010,ABUKPIBHMMLQDI-RCOVLANCSA-N
SP_000010,ACGLCDJEASKGDO-JSYPMYMJSA-N
SP_000010,ACIVVGBVOVHFPQ-RPDRRWSUSA-N
SP_000010,ACLPCAOOWJUVLL-DZKYTWFZSA-N
SP_000010,ACLQSYLJAZRTAP-XAFBQJBNSA-N
SP_000010,ACSIRQPNAYTBRW-VZUYHUTRSA-N
SP_000010,ACTHNCRNFFCCAQ-PLKVWTDNSA-N
SP_000010,ACTHNCRNFFCCAQ-YNQDZHFMSA-N
SP_000010,ACZVSMNFVFBOTM-UHFFFAOYSA-N
SP_000010,ADACAMXIRQREOB-UHFFFAOYSA-N
SP_000010,ADCKHLSRWCXEIY-GGAPOBRUSA-N
SP_000010,ADHKIZQYPQGIRC-ACSKKKSPSA-N
SP_000010,ADHKIZQYPQGIRC-SOZVHHJESA-N
SP_000010,ADHNTNYEJYJUCU-ZSJFXSENSA-N
SP_000010,ADKNUXINKGBJMY-LDLOPFEMSA-N
SP_000010,ADMGMAPZAQUXIR-VRHMUEQPSA-N
SP_000010,ADNSYCXWAHUWTA-SYOMJGEJSA-N
SP_000010,ADSGHWJRPOXXTD-IHWYPQMZSA-M
SP_000010,ADYPMBBPSUQKED-VOLCNUBSSA-N
SP_000010,ADZPFIMEBZGRHB-ILJAMNOWSA-N
SP_000010,AEFNZGGBWOQYID-UHFFFAOYSA-N
SP_000010,AEIJGHDRIPTRQY-UBTAJKBJSA-N
SP_000010,AELFRHHZGTVYGJ-QMMMGPOBSA-N
SP_000010,AEMFNILZOJDQLW-QAGGRKNESA-N
SP_000010,AERBNCYCJBRYDG-UHFFFAOYSA-N
SP_000010,AESBAQNLQIQXNK-BMFSGJJHSA-N
SP_000010,AETXDQTWHNBCRO-QLKFWGTOSA-N
SP_000010,AEWHYWSPVRZHCT-NDZSKPAWSA-N
SP_000010,AEWHYWSPVRZHCT-UHFFFAOYSA-J
SP_000010,AEXNGRVFOMIYOW-ICFOKQHNSA-N
SP_000011,AABKSFWWBUPVNY-NVCPWDGJSA-N
SP_000011,AAFBEFOSCLMOTF-KXBCQOCRSA-N
SP_000011,AAFBEFOSCLMOTF-RRPFJGJLSA-N
SP_000011,AANMVENRNJYEMK-UHFFFAOYSA-N
SP_000011,AANZTOSGIRNZNM-LNOKNGNPSA-N
SP_000011,AAPGXBRKBIUCMQ-GWHBCOKCSA-N
SP_000011,AAWNBEJOCRYVJE-QNGWXLTQSA-N
SP_000011,AAWZDTNXLSGCEK-UHFFFAOYSA-M
SP_000011,AAXMCYUUKFLUMJ-JSFHAIONSA-N
SP_000011,AAXMCYUUKFLUMJ-TWDRBPDCSA-N
SP_000011,AAXYAFFKOSNMEB-MHARETSRSA-N
SP_000011,AAZOMBJKSJQDHJ-ZBRBWIFHSA-N
SP_000011,AAZZVFONLHYNDZ-NVQRUNIKSA-J
SP_000011,ABBYYPGQJRBTGA-NESBLOORSA-N
SP_000011,ABCOOORLYAOBOZ-KQYNXXCUSA-N
SP_000011,ABFJWRKPWCFTQP-JKFVOKSPSA-N
SP_000011,ABFJWRKPWCFTQP-XSMLMOGHSA-N
SP_000011,ABIKEVIWOJTKQS-AARKOHAPSA-N
SP_000011,ABLZXFCXXLZCGV-UHFFFAOYSA-L
SP_000011,ABRHOUKZOUNSSK-FVEAQGRNSA-N
SP_000011,ABUKPIBHMMLQDI-RCOVLANCSA-N
SP_000011,ACGLCDJEASKGDO-JSYPMYMJSA-N
SP_000011,ACIVVGBVOVHFPQ-RPDRRWSUSA-N
SP_000011,ACLPCAOOWJUVLL-DZKYTWFZSA-N
SP_000011,ACLQSYLJAZRTAP-XAFBQJBNSA-N
SP_000011,ACSIRQPNAYTBRW-VZUYHUTRSA-N
SP_000011,ACTHNCRNFFCCAQ-PLKVWTDNSA-N
SP_000011,ACTHNCRNFFCCAQ-YNQDZHFMSA-N
SP_000011,ACZVSMNFVFBOTM-UHFFFAOYSA-N
SP_000011,ADCKHLSRWCXEIY-GGAPOBRUSA-N
SP_000011,ADHKIZQYPQGIRC-ACSKKKSPSA-N
SP_000011,ADHKIZQYPQGIRC-SOZVHHJESA-N
SP_000011,ADKNUXINKGBJMY-LDLOPFEMSA-N
SP_000011,ADMGMAPZAQUXIR-VRHMUEQPSA-N
SP_000011,ADNSYCXWAHUWTA-SYOMJGEJSA-N
SP_000011,ADSGHWJRPOXXTD-IHWYPQMZSA-M
SP_000011,ADYPMBBPSUQKED-VOLCNUBSSA-N
SP_000011,ADZPFIMEBZGRHB-ILJAMNOWSA-N
SP_000011,AEFNZGGBWOQYID-UHFFFAOYSA-N
SP_000011,AEIJGHDRIPTRQY-UBTAJKBJSA-N
SP_000011,AELFRHHZGTVYGJ-QMMMGPOBSA-N
SP_000011,AEMFNILZOJDQLW-QAGGRKNESA-N
SP_000011,AERBNCYCJBRYDG-UHFFFAOYSA-N
SP_000011,AESBAQNLQIQXNK-BMFSGJJHSA-N
SP_000011,AETXDQTWHNBCRO-QLKFWGTOSA-N
SP_000011,AEWHYWSPVRZHCT-NDZSKPAWSA-N
SP_000011,AEWHYWSPVRZHCT-UHFFFAOYSA-J
SP_000011,AEXNGRVFOMIYOW-ICFOKQHNSA-N
SP_000011,AFFQVAIMWFYJJS-DTHFMEMVSA-N
SP_000011,AFGUVBVUFZMJMX-MDZDMXLPSA-N
SP_000012,AABKSFWWBUPVNY-NVCPWDGJSA-N
SP_000012,AAFBEFOSCLMOTF-KXBCQOCRSA-N
SP_000012,AAFBEFOSCLMOTF-RRPFJGJLSA-N
SP_000012,AANMVENRNJYEMK-UHFFFAOYSA-N
SP_000012,AANZTOSGIRNZNM-LNOKNGNPSA-N
SP_000012,AAPGXBRKBIUCMQ-GWHBCOKCSA-N
SP_000012,AAWNBEJOCRYVJE-QNGWXLTQSA-N
SP_000012,AAWZDTNXLSGCEK-UHFFFAOYSA-M
SP_000012,AAXMCYUUKFLUMJ-JSFHAIONSA-N
SP_000012,AAXMCYUUKFLUMJ-TWDRBPDCSA-N
SP_000012,AAXYAFFKOSNMEB-MHARETSRSA-N
SP_000012,AAZOMBJKSJQDHJ-ZBRBWIFHSA-N
SP_000012,AAZZVFONLHYNDZ-NVQRUNIKSA-J
SP_000012,ABBYYPGQJRBTGA-NESBLOORSA-N
SP_000012,ABCOOORLYAOBOZ-KQYNXXCUSA-N
SP_000012,ABFJWRKPWCFTQP-JKFVOKSPSA-N
SP_000012,ABFJWRKPWCFTQP-XSMLMOGHSA-N
SP_000012,ABIKEVIWOJTKQS-AARKOHAPSA-N
SP_000012,ABLZXFCXXLZCGV-UHFFFAOYSA-L
SP_000012,ABRHOUKZOUNSSK-FVEAQGRNSA-N
SP_000012,ABUKPIBHMMLQDI-RCOVLANCSA-N
SP_000012,ACGLCDJEASKGDO-JSYPMYMJSA-N
SP_000012,ACIVVGBVOVHFPQ-RPDRRWSUSA-N
SP_000012,ACLPCAOOWJUVLL-DZKYTWFZSA-N
SP_000012,ACLQSYLJAZRTAP-XAFBQJBNSA-N
SP_000012,ACSIRQPNAYTBRW-VZUYHUTRSA-N
SP_000012,ACTHNCRNFFCCAQ-PLKVWTDNSA-N
SP_000012,ACTHNCRNFFCCAQ-YNQDZHFMSA-N
SP_000012,ACZVSMNFVFBOTM-UHFFFAOYSA-N
SP_000012,ADCKHLSRWCXEIY-GGAPOBRUSA-N
SP_000012,ADHKIZQYPQGIRC-ACSKKKSPSA-N
SP_000012,ADHKIZQYPQGIRC-SOZVHHJESA-N
SP_000012,ADHNTNYEJYJUCU-ZSJFXSENSA-N
SP_000012,ADKNUXINKGBJMY-LDLOPFEMSA-N
SP_000012,ADMGMAPZAQUXIR-VRHMUEQPSA-N
SP_000012,ADNSYCXWAHUWTA-SYOMJGEJSA-N
SP_000012,ADSGHWJRPOXXTD-IHWYPQMZSA-M
SP_000012,ADYPMBBPSUQKED-VOLCNUBSSA-N
SP_000012,ADZPFIMEBZGRHB-ILJAMNOWSA-N
SP_000012,AEFNZGGBWOQYID-UHFFFAOYSA-N
SP_000012,AEIJGHDRIPTRQY-UBTAJKBJSA-N
SP_000012,AELFRHHZGTVYGJ-QMMMGPOBSA-N
SP_000012,AEMFNILZOJDQLW-QAGGRKNESA-N
SP_000012,AERBNCYCJBRYDG-UHFFFAOYSA-N
SP_000012,AESBAQNLQIQXNK-BMFSGJJHSA-N
SP_000012,AETXDQTWHNBCRO-QLKFWGTOSA-N
SP_000012,AEWHYWSPVRZHCT-NDZSKPAWSA-N
SP_000012,AEWHYWSPVRZHCT-UHFFFAOYSA-J
SP_000012,AEXNGRVFOMIYOW-ICFOKQHNSA-N
SP_000012,AFFQVAIMWFYJJS-DTHFMEMVSA-N
SP_000013,AABKSFWWBUPVNY-NVCPWDGJSA-N
SP_000013,AAFBEFOSCLMOTF-KXBCQOCRSA-N
SP_000013,AAFBEFOSCLMOTF-RRPFJGJLSA-N
SP_000013,AANMVENRNJYEMK-UHFFFAOYSA-N
SP_000013,AANZTOSGIRNZNM-LNOKNGNPSA-N
SP_000013,AAPGXBRKBIUCMQ-GWHBCOKCSA-N
SP_000013,AAWNBEJOCRYVJE-QNGWXLTQSA-N
SP_000013,AAWZDTNXLSGCEK-UHFFFAOYSA-M
SP_000013,AAXMCYUUKFLUMJ-JSFHAIONSA-N
SP_000013,AAXMCYUUKFLUMJ-TWDRBPDCSA-N
SP_000013,AAXYAFFKOSNMEB-MHARETSRSA-N
SP_000013,AAZOMBJKSJQDHJ-ZBRBWIFHSA-N
SP_000013,AAZZVFONLHYNDZ-NVQRUNIKSA-J
SP_000013,ABBYYPGQJRBTGA-NESBLOORSA-N
SP_000013,ABCOOORLYAOBOZ-KQYNXXCUSA-N
SP_000013,ABFJWRKPWCFTQP-JKFVOKSPSA-N
SP_000013,ABFJWRKPWCFTQP-XSMLMOGHSA-N
SP_000013,ABIKEVIWOJTKQS-AARKOHAPSA-N
SP_000013,ABLZXFCXXLZCGV-UHFFFAOYSA-L
SP_000013,ABRHOUKZOUNSSK-FVEAQGRNSA-N
SP_000013,ABUKPIBHMMLQDI-RCOVLANCSA-N
SP_000013,ACGLCDJEASKGDO-JSYPMYMJSA-N
SP_000013,ACIVVGBVOVHFPQ-RPDRRWSUSA-N
SP_000013,ACLPCAOOWJUVLL-DZKYTWFZSA-N
SP_000013,ACLQSYLJAZRTAP-XAFBQJBNSA-N
SP_000013,ACSIRQPNAYTBRW-VZUYHUTRSA-N
SP_000013,ACTHNCRNFFCCAQ-PLKVWTDNSA-N
SP_000013,ACTHNCRNFFCCAQ-YNQDZHFMSA-N
SP_000013,ACZVSMNFVFBOTM-UHFFFAOYSA-N
SP_000013,ADCKHLSRWCXEIY-GGAPOBRUSA-N
SP_000013,ADHKIZQYPQGIRC-ACSKKKSPSA-N
SP_000013,ADHKIZQYPQGIRC-SOZVHHJESA-N
SP_000013,ADHNTNYEJYJUCU-ZSJFXSENSA-N
SP_000013,ADKNUXINKGBJMY-LDLOPFEMSA-N
SP_000013,ADMGMAPZAQUXIR-VRHMUEQPSA-N
SP_000013,ADNSYCXWAHUWTA-SYOMJGEJSA-N
SP_000013,ADOBXTDBFNCOBN-UHFFFAOYSA-N
SP_000013,ADSGHWJRPOXXTD-IHWYPQMZSA-M
SP_000013,ADYPMBBPSUQKED-VOLCNUBSSA-N
SP_000013,ADZPFIMEBZGRHB-ILJAMNOWSA-N
SP_000013,AEFNZGGBWOQYID-UHFFFAOYSA-N
SP_000013,AEIJGHDRIPTRQY-UBTAJKBJSA-N
SP_000013,AELFRHHZGTVYGJ-QMMMGPOBSA-N
SP_000013,AEMFNILZOJDQLW-QAGGRKNESA-N
SP_000013,AERBNCYCJBRYDG-UHFFFAOYSA-N
SP_000013,AESBAQNLQIQXNK-BMFSGJJHSA-N
SP_000013,AETXDQTWHNBCRO-QLKFWGTOSA-N
SP_000013,AEWHYWSPVRZHCT-NDZSKPAWSA-N
SP_000013,AEWHYWSPVRZHCT-UHFFFAOYSA-J
SP_000013,AEXNGRVFOMIYOW-ICFOKQHNSA-N
SP_000014,AABKSFWWBUPVNY-NVCPWDGJSA-N
SP_000014,AAFBEFOSCLMOTF-KXBCQOCRSA-N
SP_000014,AAFBEFOSCLMOTF-RRPFJGJLSA-N
SP_000014,AANMVENRNJYEMK-UHFFFAOYSA-N
SP_000014,AANZTOSGIRNZNM-LNOKNGNPSA-N
SP_000014,AAPGXBRKBIUCMQ-GWHBCOKCSA-N
SP_000014,AAVHHGNQWFTUKS-SFQUDFHCSA-N
SP_000014,AAWNBEJOCRYVJE-QNGWXLTQSA-N
SP_000014,AAWZDTNXLSGCEK-UHFFFAOYSA-M
SP_000014,AAXMCYUUKFLUMJ-JSFHAIONSA-N
SP_000014,AAXMCYUUKFLUMJ-TWDRBPDCSA-N
SP_000014,AAXYAFFKOSNMEB-MHARETSRSA-N
SP_000014,AAZOMBJKSJQDHJ-ZBRBWIFHSA-N
SP_000014,AAZZVFONLHYNDZ-NVQRUNIKSA-J
SP_000014,ABBYYPGQJRBTGA-NESBLOORSA-N
SP_000014,ABCOOORLYAOBOZ-KQYNXXCUSA-N
SP_000014,ABFJWRKPWCFTQP-JKFVOKSPSA-N
SP_000014,ABFJWRKPWCFTQP-XSMLMOGHSA-N
SP_000014,ABIKEVIWOJTKQS-AARKOHAPSA-N
SP_000014,ABLZXFCXXLZCGV-UHFFFAOYSA-L
SP_000014,ABRHOUKZOUNSSK-FVEAQGRNSA-N
SP_000014,ABUKPIBHMMLQDI-RCOVLANCSA-N
SP_000014,ACGLCDJEASKGDO-JSYPMYMJSA-N
SP_000014,ACIVVGBVOVHFPQ-RPDRRWSUSA-N
SP_000014,ACLPCAOOWJUVLL-DZKYTWFZSA-N
SP_000014,ACLQSYLJAZRTAP-XAFBQJBNSA-N
SP_000014,ACSIRQPNAYTBRW-VZUYHUTRSA-N
SP_000014,ACTHNCRNFFCCAQ-PLKVWTDNSA-N
SP_000014,ACTHNCRNFFCCAQ-YNQDZHFMSA-N
SP_000014,ACZVSMNFVFBOTM-UHFFFAOYSA-N
SP_000014,ADCKHLSRWCXEIY-GGAPOBRUSA-N
SP_000014,ADHKIZQYPQGIRC-ACSKKKSPSA-N
SP_000014,ADHKIZQYPQGIRC-SOZVHHJESA-N
SP_000014,ADHNTNYEJYJUCU-ZSJFXSENSA-N
SP_000014,ADKNUXINKGBJMY-LDLOPFEMSA-N
SP_000014,ADMGMAPZAQUXIR-VRHMUEQPSA-N
SP_000014,ADNSYCXWAHUWTA-SYOMJGEJSA-N
SP_000014,ADSGHWJRPOXXTD-IHWYPQMZSA-M
SP_000014,ADYPMBBPSUQKED-VOLCNUBSSA-N
SP_000014,ADZPFIMEBZGRHB-ILJAMNOWSA-N
SP_000014,AEFNZGGBWOQYID-UHFFFAOYSA-N
SP_000014,AEIJGHDRIPTRQY-UBTAJKBJSA-N
SP_000014,AELFRHHZGTVYGJ-QMMMGPOBSA-N
SP_000014,AEMFNILZOJDQLW-QAGGRKNESA-N
SP_000014,AERBNCYCJBRYDG-UHFFFAOYSA-N
SP_000014,AESBAQNLQIQXNK-BMFSGJJHSA-N
SP_000014,AETXDQTWHNBCRO-QLKFWGTOSA-N
SP_000014,AEWHYWSPVRZHCT-NDZSKPAWSA-N
SP_000014,AEWHYWSPVRZHCT-UHFFFAOYSA-J
SP_000014,AEXNGRVFOMIYOW-ICFOKQHNSA-N
SP_000015,AABKSFWWBUPVNY-NVCPWDGJSA-N
SP_000015,AAFBEFOSCLMOTF-KXBCQOCRSA-N
SP_000015,AAFBEFOSCLMOTF-RRPFJGJLSA-N
SP_000015,AANMVENRNJYEMK-UHFFFAOYSA-N
SP_000015,AANZTOSGIRNZNM-LNOKNGNPSA-N
SP_000015,AAPGXBRKBIUCMQ-GWHBCOKCSA-N
SP_000015,AAWNBEJOCRYVJE-QNGWXLTQSA-N
SP_000015,AAWZDTNXLSGCEK-UHFFFAOYSA-M
SP_000015,AAXMCYUUKFLUMJ-JSFHAIONSA-N
SP_000015,AAXMCYUUKFLUMJ-TWDRBPDCSA-N
SP_000015,AAXYAFFKOSNMEB-MHARETSRSA-N
SP_000015,AAZOMBJKSJQDHJ-ZBRBWIFHSA-N
SP_000015,AAZZVFONLHYNDZ-NVQRUNIKSA-J
SP_000015,ABBYYPGQJRBTGA-NESBLOORSA-N
SP_000015,ABCOOORLYAOBOZ-KQYNXXCUSA-N
SP_000015,ABFJWRKPWCFTQP-JKFVOKSPSA-N
SP_000015,ABFJWRKPWCFTQP-XSMLMOGHSA-N
SP_000015,ABIKEVIWOJTKQS-AARKOHAPSA-N
SP_000015,ABLZXFCXXLZCGV-UHFFFAOYSA-L
SP_000015,ABRHOUKZOUNSSK-FVEAQGRNSA-N
SP_000015,ABUKPIBHMMLQDI-RCOVLANCSA-N
SP_000015,ACGLCDJEASKGDO-JSYPMYMJSA-N
SP_000015,ACIVVGBVOVHFPQ-RPDRRWSUSA-N
SP_000015,ACLPCAOOWJUVLL-DZKYTWFZSA-N
SP_000015,ACLQSYLJAZRTAP-XAFBQJBNSA-N
SP_000015,ACSIRQPNAYTBRW-VZUYHUTRSA-N
SP_000015,ACTHNCRNFFCCAQ-PLKVWTDNSA-N
SP_000015,ACTHNCRNFFCCAQ-YNQDZHFMSA-N
SP_000015,ACZVSMNFVFBOTM-UHFFFAOYSA-N
SP_000015,ADCKHLSRWCXEIY-GGAPOBRUSA-N
SP_000015,ADHKIZQYPQGIRC-ACSKKKSPSA-N
SP_000015,ADHKIZQYPQGIRC-SOZVHHJESA-N
SP_000015,ADHNTNYEJYJUCU-ZSJFXSENSA-N
SP_000015,ADKNUXINKGBJMY-LDLOPFEMSA-N
SP_000015,ADMGMAPZAQUXIR-VRHMUEQPSA-N
SP_000015,ADNSYCXWAHUWTA-SYOMJGEJSA-N
SP_000015,ADSGHWJRPOXXTD-IHWYPQMZSA-M
SP_000015,ADYPMBBPSUQKED-VOLCNUBSSA-N
SP_000015,ADZPFIMEBZGRHB-ILJAMNOWSA-N
SP_000015,AEFNZGGBWOQYID-UHFFFAOYSA-N
SP_000015,AEIJGHDRIPTRQY-UBTAJKBJSA-N
SP_000015,AELFRHHZGTVYGJ-QMMMGPOBSA-N
SP_000015,AEMFNILZOJDQLW-QAGGRKNESA-N
SP_000015,AERBNCYCJBRYDG-UHFFFAOYSA-N
SP_000015,AESBAQNLQIQXNK-BMFSGJJHSA-N
SP_000015,AETXDQTWHNBCRO-QLKFWGTOSA-N
SP_000015,AEWHYWSPVRZHCT-NDZSKPAWSA-N
SP_000015,AEWHYWSPVRZHCT-UHFFFAOYSA-J
SP_000015,AEXNGRVFOMIYOW-ICFOKQHNSA-N
SP_000015,AFFQVAIMWFYJJS-DTHFMEMVSA-N
SP_000016,AABKSFWWBUPVNY-NVCPWDGJSA-N
SP_000016,AAFBEFOSCLMOTF-KXBCQOCRSA-N
SP_000016,AAFBEFOSCLMOTF-RRPFJGJLSA-N
SP_000016,AANMVENRNJYEMK-UHFFFAOYSA-N
SP_000016,AANZTOSGIRNZNM-LNOKNGNPSA-N
SP_000016,AAPGXBRKBIUCMQ-GWHBCOKCSA-N
SP_000016,AAWNBEJOCRYVJE-QNGWXLTQSA-N
SP_000016,AAWZDTNXLSGCEK-UHFFFAOYSA-M
SP_000016,AAXMCYUUKFLUMJ-JSFHAIONSA-N
SP_000016,AAXMCYUUKFLUMJ-TWDRBPDCSA-N
SP_000016,AAXYAFFKOSNMEB-MHARETSRSA-N
SP_000016,AAZOMBJKSJQDHJ-ZBRBWIFHSA-N
SP_000016,AAZZVFONLHYNDZ-NVQRUNIKSA-J
SP_000016,ABBYYPGQJRBTGA-NESBLOORSA-N
SP_000016,ABCOOORLYAOBOZ-KQYNXXCUSA-N
SP_000016,ABFJWRKPWCFTQP-JKFVOKSPSA-N
SP_000016,ABFJWRKPWCFTQP-XSMLMOGHSA-N
SP_000016,ABIKEVIWOJTKQS-AARKOHAPSA-N
SP_000016,ABLZXFCXXLZCGV-UHFFFAOYSA-L
SP_000016,ABRHOUKZOUNSSK-FVEAQGRNSA-N
SP_000016,ABUKPIBHMMLQDI-RCOVLANCSA-N
SP_000016,ACGLCDJEASKGDO-JSYPMYMJSA-N
SP_000016,ACIVVGBVOVHFPQ-RPDRRWSUSA-N
SP_000016,ACLPCAOOWJUVLL-DZKYTWFZSA-N
SP_000016,ACLQSYLJAZRTAP-XAFBQJBNSA-N
SP_000016,ACSIRQPNAYTBRW-VZUYHUTRSA-N
SP_000016,ACTHNCRNFFCCAQ-PLKVWTDNSA-N
SP_000016,ACTHNCRNFFCCAQ-YNQDZHFMSA-N
SP_000016,ACZVSMNFVFBOTM-UHFFFAOYSA-N
SP_000016,ADCKHLSRWCXEIY-GGAPOBRUSA-N
SP_000016,ADHKIZQYPQGIRC-ACSKKKSPSA-N
SP_000016,ADHKIZQYPQGIRC-SOZVHHJESA-N
SP_000016,ADHNTNYEJYJUCU-ZSJFXSENSA-N
SP_000016,ADKNUXINKGBJMY-LDLOPFEMSA-N
SP_000016,ADMGMAPZAQUXIR-VRHMUEQPSA-N
SP_000016,ADNSYCXWAHUWTA-SYOMJGEJSA-N
SP_000016,ADSGHWJRPOXXTD-IHWYPQMZSA-M
SP_000016,ADYPMBBPSUQKED-VOLCNUBSSA-N
SP_000016,ADZPFIMEBZGRHB-ILJAMNOWSA-N
SP_000016,AEFNZGGBWOQYID-UHFFFAOYSA-N
SP_000016,AEIJGHDRIPTRQY-UBTAJKBJSA-N
SP_000016,AELFRHHZGTVYGJ-QMMMGPOBSA-N
SP_000016,AEMFNILZOJDQLW-QAGGRKNESA-N
SP_000016,AERBNCYCJBRYDG-UHFFFAOYSA-N
SP_000016,AESBAQNLQIQXNK-BMFSGJJHSA-N
SP_000016,AETXDQTWHNBCRO-QLKFWGTOSA-N
SP_000016,AEWHYWSPVRZHCT-NDZSKPAWSA-N
SP_000016,AEWHYWSPVRZHCT-UHFFFAOYSA-J
SP_000016,AEXNGRVFOMIYOW-ICFOKQHNSA-N
SP_000016,AFFQVAIMWFYJJS-DTHFMEMVSA-N
SP_000017,AABKSFWWBUPVNY-NVCPWDGJSA-N
SP_000017,AAFBEFOSCLMOTF-KXBCQOCRSA-N
SP_000017,AAFBEFOSCLMOTF-RRPFJGJLSA-N
SP_000017,AANMVENRNJYEMK-UHFFFAOYSA-N
SP_000017,AANZTOSGIRNZNM-LNOKNGNPSA-N
SP_000017,AAPGXBRKBIUCMQ-GWHBCOKCSA-N
SP_000017,AAWNBEJOCRYVJE-QNGWXLTQSA-N
SP_000017,AAWZDTNXLSGCEK-UHFFFAOYSA-M
SP_000017,AAXMCYUUKFLUMJ-JSFHAIONSA-N
SP_000017,AAXMCYUUKFLUMJ-TWDRBPDCSA-N
SP_000017,AAXYAFFKOSNMEB-MHARETSRSA-N
SP_000017,AAZOMBJKSJQDHJ-ZBRBWIFHSA-N
SP_000017,AAZZVFONLHYNDZ-NVQRUNIKSA-J
SP_000017,ABBYYPGQJRBTGA-NESBLOORSA-N
SP_000017,ABCOOORLYAOBOZ-KQYNXXCUSA-N
SP_000017,ABFJWRKPWCFTQP-JKFVOKSPSA-N
SP_000017,ABFJWRKPWCFTQP-XSMLMOGHSA-N
SP_000017,ABFOJGYAILKEJB-UHFFFAOYSA-N
SP_000017,ABIKEVIWOJTKQS-AARKOHAPSA-N
SP_000017,ABLZXFCXXLZCGV-UHFFFAOYSA-L
SP_000017,ABRHOUKZOUNSSK-FVEAQGRNSA-N
SP_000017,ABUKPIBHMMLQDI-RCOVLANCSA-N
SP_000017,ACGLCDJEASKGDO-JSYPMYMJSA-N
SP_000017,ACIVVGBVOVHFPQ-RPDRRWSUSA-N
SP_000017,ACLPCAOOWJUVLL-DZKYTWFZSA-N
SP_000017,ACLQSYLJAZRTAP-XAFBQJBNSA-N
SP_000017,ACSIRQPNAYTBRW-VZUYHUTRSA-N
SP_000017,ACTHNCRNFFCCAQ-PLKVWTDNSA-N
SP_000017,ACTHNCRNFFCCAQ-YNQDZHFMSA-N
SP_000017,ACUZDYFTRHEKOS-UHFFFAOYSA-N
SP_000017,ACZVSMNFVFBOTM-UHFFFAOYSA-N
SP_000017,ADCKHLSRWCXEIY-GGAPOBRUSA-N
SP_000017,ADHKIZQYPQGIRC-ACSKKKSPSA-N
SP_000017,ADHKIZQYPQGIRC-SOZVHHJESA-N
SP_000017,ADHNTNYEJYJUCU-ZSJFXSENSA-N
SP_000017,ADKNUXINKGBJMY-LDLOPFEMSA-N
SP_000017,ADMGMAPZAQUXIR-VRHMUEQPSA-N
SP_000017,ADNSYCXWAHUWTA-SYOMJGEJSA-N
SP_000017,ADSGHWJRPOXXTD-IHWYPQMZSA-M
SP_000017,ADYPMBBPSUQKED-VOLCNUBSSA-N
SP_000017,ADZPFIMEBZGRHB-ILJAMNOWSA-N
SP_000017,AEFNZGGBWOQYID-UHFFFAOYSA-N
SP_000017,AEIJGHDRIPTRQY-UBTAJKBJSA-N
SP_000017,AELFRHHZGTVYGJ-QMMMGPOBSA-N
SP_000017,AEMFNILZOJDQLW-QAGGRKNESA-N
SP_000017,AERBNCYCJBRYDG-UHFFFAOYSA-N
SP_000017,AESBAQNLQIQXNK-BMFSGJJHSA-N
SP_000017,AETXDQTWHNBCRO-QLKFWGTOSA-N
SP_000017,AEWHYWSPVRZHCT-NDZSKPAWSA-N
SP_000017,AEWHYWSPVRZHCT-UHFFFAOYSA-J
SP_000018,AABKSFWWBUPVNY-NVCPWDGJSA-N
SP_000018,AAFBEFOSCLMOTF-KXBCQOCRSA-N
SP_000018,AAFBEFOSCLMOTF-RRPFJGJLSA-N
SP_000018,AANMVENRNJYEMK-UHFFFAOYSA-N
SP_000018,AANZTOSGIRNZNM-LNOKNGNPSA-N
SP_000018,AAPGXBRKBIUCMQ-GWHBCOKCSA-N
SP_000018,AAWNBEJOCRYVJE-QNGWXLTQSA-N
SP_000018,AAWZDTNXLSGCEK-UHFFFAOYSA-M
SP_000018,AAXMCYUUKFLUMJ-JSFHAIONSA-N
SP_000018,AAXMCYUUKFLUMJ-TWDRBPDCSA-N
SP_000018,AAXYAFFKOSNMEB-MHARETSRSA-N
SP_000018,AAZOMBJKSJQDHJ-ZBRBWIFHSA-N
SP_000018,AAZZVFONLHYNDZ-NVQRUNIKSA-J
SP_000018,ABBYYPGQJRBTGA-NESBLOORSA-N
SP_000018,ABCOOORLYAOBOZ-KQYNXXCUSA-N
SP_000018,ABFJWRKPWCFTQP-JKFVOKSPSA-N
SP_000018,ABFJWRKPWCFTQP-XSMLMOGHSA-N
SP_000018,ABIKEVIWOJTKQS-AARKOHAPSA-N
SP_000018,ABLZXFCXXLZCGV-UHFFFAOYSA-L
SP_000018,ABRHOUKZOUNSSK-FVEAQGRNSA-N
SP_000018,ABUKPIBHMMLQDI-RCOVLANCSA-N
SP_000018,ABVCUBUIXWJYSE-UHFFFAOYSA-O
SP_000018,ACGLCDJEASKGDO-JSYPMYMJSA-N
SP_000018,ACIVVGBVOVHFPQ-RPDRRWSUSA-N
SP_000018,ACLPCAOOWJUVLL-DZKYTWFZSA-N
SP_000018,ACLQSYLJAZRTAP-XAFBQJBNSA-N
SP_000018,ACSIRQPNAYTBRW-VZUYHUTRSA-N
SP_000018,ACTHNCRNFFCCAQ-PLKVWTDNSA-N
SP_000018,ACTHNCRNFFCCAQ-YNQDZHFMSA-N
SP_000018,ACZVSMNFVFBOTM-UHFFFAOYSA-N
SP_000018,ADACAMXIRQREOB-UHFFFAOYSA-N
SP_000018,ADCKHLSRWCXEIY-GGAPOBRUSA-N
SP_000018,ADHKIZQYPQGIRC-ACSKKKSPSA-N
SP_000018,ADHKIZQYPQGIRC-SOZVHHJESA-N
SP_000018,ADHNTNYEJYJUCU-ZSJFXSENSA-N
SP_000018,ADKNUXINKGBJMY-LDLOPFEMSA-N
SP_000018,ADMGMAPZAQUXIR-VRHMUEQPSA-N
SP_000018,ADNSYCXWAHUWTA-SYOMJGEJSA-N
SP_000018,ADSGHWJRPOXXTD-IHWYPQMZSA-M
SP_000018,ADYPMBBPSUQKED-VOLCNUBSSA-N
SP_000018,ADZPFIMEBZGRHB-ILJAMNOWSA-N
SP_000018,AEFNZGGBWOQYID-UHFFFAOYSA-N
SP_000018,AEIJGHDRIPTRQY-UBTAJKBJSA-N
SP_000018,AELFRHHZGTVYGJ-QMMMGPOBSA-N
SP_000018,AEMFNILZOJDQLW-QAGGRKNESA-N
SP_000018,AERBNCYCJBRYDG-UHFFFAOYSA-N
SP_000018,AESBAQNLQIQXNK-BMFSGJJHSA-N
SP_000018,AETXDQTWHNBCRO-QLKFWGTOSA-N
SP_000018,AEWHYWSPVRZHCT-NDZSKPAWSA-N
SP_000018,AEWHYWSPVRZHCT-UHFFFAOYSA-J
SP_000019,AABKSFWWBUPVNY-NVCPWDGJSA-N
SP_000019,AAFBEFOSCLMOTF-KXBCQOCRSA-N
SP_000019,AAFBEFOSCLMOTF-RRPFJGJLSA-N
SP_000019,AANMVENRNJYEMK-UHFFFAOYSA-N
SP_000019,AANZTOSGIRNZNM-LNOKNGNPSA-N
SP_000019,AAPGXBRKBIUCMQ-GWHBCOKCSA-N
SP_000019,AAWNBEJOCRYVJE-QNGWXLTQSA-N
SP_000019,AAWZDTNXLSGCEK-UHFFFAOYSA-M
SP_000019,AAXMCYUUKFLUMJ-JSFHAIONSA-N
SP_000019,AAXMCYUUKFLUMJ-TWDRBPDCSA-N
SP_000019,AAXYAFFKOSNMEB-MHARETSRSA-N
SP_000019,AAZOMBJKSJQDHJ-ZBRBWIFHSA-N
SP_000019,AAZZVFONLHYNDZ-NVQRUNIKSA-J
SP_000019,ABBYYPGQJRBTGA-NESBLOORSA-N
SP_000019,ABCOOORLYAOBOZ-KQYNXXCUSA-N
SP_000019,ABFJWRKPWCFTQP-JKFVOKSPSA-N
SP_000019,ABFJWRKPWCFTQP-XSMLMOGHSA-N
SP_000019,ABIKEVIWOJTKQS-AARKOHAPSA-N
SP_000019,ABLZXFCXXLZCGV-UHFFFAOYSA-L
SP_000019,ABRHOUKZOUNSSK-FVEAQGRNSA-N
SP_000019,ABUKPIBHMMLQDI-RCOVLANCSA-N
SP_000019,ACGLCDJEASKGDO-JSYPMYMJSA-N
SP_000019,ACIVVGBVOVHFPQ-RPDRRWSUSA-N
SP_000019,ACLPCAOOWJUVLL-DZKYTWFZSA-N
SP_000019,ACLQSYLJAZRTAP-XAFBQJBNSA-N
SP_000019,ACSIRQPNAYTBRW-VZUYHUTRSA-N
SP_000019,ACTHNCRNFFCCAQ-PLKVWTDNSA-N
SP_000019,ACTHNCRNFFCCAQ-YNQDZHFMSA-N
SP_000019,ACZVSMNFVFBOTM-UHFFFAOYSA-N
SP_000019,ADCKHLSRWCXEIY-GGAPOBRUSA-N
SP_000019,ADHKIZQYPQGIRC-ACSKKKSPSA-N
SP_000019,ADHKIZQYPQGIRC-SOZVHHJESA-N
SP_000019,ADHNTNYEJYJUCU-ZSJFXSENSA-N
SP_000019,ADKNUXINKGBJMY-LDLOPFEMSA-N
SP_000019,ADMGMAPZAQUXIR-VRHMUEQPSA-N
SP_000019,ADNSYCXWAHUWTA-SYOMJGEJSA-N
SP_000019,ADSGHWJRPOXXTD-IHWYPQMZSA-M
SP_000019,ADYPMBBPSUQKED-VOLCNUBSSA-N
SP_000019,ADZPFIMEBZGRHB-ILJAMNOWSA-N
SP_000019,AEFNZGGBWOQYID-UHFFFAOYSA-N
SP_000019,AEIJGHDRIPTRQY-UBTAJKBJSA-N
SP_000019,AELFRHHZGTVYGJ-QMMMGPOBSA-N
SP_000019,AEMFNILZOJDQLW-QAGGRKNESA-N
SP_000019,AERBNCYCJBRYDG-UHFFFAOYSA-N
SP_000019,AESBAQNLQIQXNK-BMFSGJJHSA-N
SP_000019,AETXDQTWHNBCRO-QLKFWGTOSA-N
SP_000019,AEWHYWSPVRZHCT-NDZSKPAWSA-N
SP_000019,AEWHYWSPVRZHCT-UHFFFAOYSA-J
SP_000019,AEXNGRVFOMIYOW-ICFOKQHNSA-N
SP_000019,AFFQVAIMWFYJJS-DTHFMEMVSA-N
SP_000020,AABKSFWWBUPVNY-NVCPWDGJSA-N
SP_000020,AAFBEFOSCLMOTF-KXBCQOCRSA-N
SP_000020,AAFBEFOSCLMOTF-RRPFJGJLSA-N
SP_000020,AANMVENRNJYEMK-UHFFFAOYSA-N
SP_000020,AANZTOSGIRNZNM-LNOKNGNPSA-N
SP_000020,AAPGXBRKBIUCMQ-GWHBCOKCSA-N
SP_000020,AAWNBEJOCRYVJE-QNGWXLTQSA-N
SP_000020,AAWZDTNXLSGCEK-UHFFFAOYSA-M
SP_000020,AAXMCYUUKFLUMJ-JSFHAIONSA-N
SP_000020,AAXMCYUUKFLUMJ-TWDRBPDCSA-N
SP_000020,AAXYAFFKOSNMEB-MHARETSRSA-N
SP_000020,AAZOMBJKSJQDHJ-ZBRBWIFHSA-N
SP_000020,AAZZVFONLHYNDZ-NVQRUNIKSA-J
SP_000020,ABBYYPGQJRBTGA-NESBLOORSA-N
SP_000020,ABCOOORLYAOBOZ-KQYNXXCUSA-N
SP_000020,ABFJWRKPWCFTQP-JKFVOKSPSA-N
SP_000020,ABFJWRKPWCFTQP-XSMLMOGHSA-N
SP_000020,ABIKEVIWOJTKQS-AARKOHAPSA-N
SP_000020,ABLZXFCXXLZCGV-UHFFFAOYSA-L
SP_000020,ABRHOUKZOUNSSK-FVEAQGRNSA-N
SP_000020,ABUKPIBHMMLQDI-RCOVLANCSA-N
SP_000020,ACGLCDJEASKGDO-JSYPMYMJSA-N
SP_000020,ACIVVGBVOVHFPQ-RPDRRWSUSA-N
SP_000020,ACLPCAOOWJUVLL-DZKYTWFZSA-N
SP_000020,ACLQSYLJAZRTAP-XAFBQJBNSA-N
SP_000020,ACSIRQPNAYTBRW-VZUYHUTRSA-N
SP_000020,ACTHNCRNFFCCAQ-PLKVWTDNSA-N
SP_000020,ACTHNCRNFFCCAQ-YNQDZHFMSA-N
SP_000020,ACZVSMNFVFBOTM-UHFFFAOYSA-N
SP_000020,ADCKHLSRWCXEIY-GGAPOBRUSA-N
SP_000020,ADHKIZQYPQGIRC-ACSKKKSPSA-N
SP_000020,ADHKIZQYPQGIRC-SOZVHHJESA-N
SP_000020,ADHNTNYEJYJUCU-ZSJFXSENSA-N
SP_000020,ADKNUXINKGBJMY-LDLOPFEMSA-N
SP_000020,ADMGMAPZAQUXIR-VRHMUEQPSA-N
SP_000020,ADNSYCXWAHUWTA-SYOMJGEJSA-N
SP_000020,ADSGHWJRPOXXTD-IHWYPQMZSA-M
SP_000020,ADYPMBBPSUQKED-VOLCNUBSSA-N
SP_000020,ADZPFIMEBZGRHB-ILJAMNOWSA-N
SP_000020,AEFNZGGBWOQYID-UHFFFAOYSA-N
SP_000020,AEIJGHDRIPTRQY-UBTAJKBJSA-N
SP_000020,AELFRHHZGTVYGJ-QMMMGPOBSA-N
SP_000020,AEMFNILZOJDQLW-QAGGRKNESA-N
SP_000020,AERBNCYCJBRYDG-UHFFFAOYSA-N
SP_000020,AESBAQNLQIQXNK-BMFSGJJHSA-N
SP_000020,AETXDQTWHNBCRO-QLKFWGTOSA-N
SP_000020,AEWHYWSPVRZHCT-NDZSKPAWSA-N
SP_000020,AEWHYWSPVRZHCT-UHFFFAOYSA-J
SP_000020,AEXNGRVFOMIYOW-ICFOKQHNSA-N
SP_000020,AFFQVAIMWFYJJS-DTHFMEMVSA-N
SP_000021,AABKSFWWBUPVNY-NVCPWDGJSA-N
SP_000021,AAFBEFOSCLMOTF-KXBCQOCRSA-N
SP_000021,AAFBEFOSCLMOTF-RRPFJGJLSA-N
SP_000021,AANMVENRNJYEMK-UHFFFAOYSA-N
SP_000021,AANZTOSGIRNZNM-LNOKNGNPSA-N
SP_000021,AAPGXBRKBIUCMQ-GWHBCOKCSA-N
SP_000021,AAWNBEJOCRYVJE-QNGWXLTQSA-N
SP_000021,AAWZDTNXLSGCEK-UHFFFAOYSA-M
SP_000021,AAXMCYUUKFLUMJ-JSFHAIONSA-N
SP_000021,AAXMCYUUKFLUMJ-TWDRBPDCSA-N
SP_000021,AAXYAFFKOSNMEB-MHARETSRSA-N
SP_000021,AAZOMBJKSJQDHJ-ZBRBWIFHSA-N
SP_000021,AAZZVFONLHYNDZ-NVQRUNIKSA-J
SP_000021,ABBYYPGQJRBTGA-NESBLOORSA-N
SP_000021,ABCOOORLYAOBOZ-KQYNXXCUSA-N
SP_000021,ABFJWRKPWCFTQP-JKFVOKSPSA-N
SP_000021,ABFJWRKPWCFTQP-XSMLMOGHSA-N
SP_000021,ABIKEVIWOJTKQS-AARKOHAPSA-N
SP_000021,ABLZXFCXXLZCGV-UHFFFAOYSA-L
SP_000021,ABRHOUKZOUNSSK-FVEAQGRNSA-N
SP_000021,ABUKPIBHMMLQDI-RCOVLANCSA-N
SP_000021,ACGLCDJEASKGDO-JSYPMYMJSA-N
SP_000021,ACIVVGBVOVHFPQ-RPDRRWSUSA-N
SP_000021,ACLPCAOOWJUVLL-DZKYTWFZSA-N
SP_000021,ACLQSYLJAZRTAP-XAFBQJBNSA-N
SP_000021,ACSIRQPNAYTBRW-VZUYHUTRSA-N
SP_000021,ACTHNCRNFFCCAQ-PLKVWTDNSA-N
SP_000021,ACTHNCRNFFCCAQ-YNQDZHFMSA-N
SP_000021,ACZVSMNFVFBOTM-UHFFFAOYSA-N
SP_000021,ADCKHLSRWCXEIY-GGAPOBRUSA-N
SP_000021,ADHKIZQYPQGIRC-ACSKKKSPSA-N
SP_000021,ADHKIZQYPQGIRC-SOZVHHJESA-N
SP_000021,ADHNTNYEJYJUCU-ZSJFXSENSA-N
SP_000021,ADKNUXINKGBJMY-LDLOPFEMSA-N
SP_000021,ADMGMAPZAQUXIR-VRHMUEQPSA-N
SP_000021,ADNSYCXWAHUWTA-SYOMJGEJSA-N
SP_000021,ADSGHWJRPOXXTD-IHWYPQMZSA-M
SP_000021,ADYPMBBPSUQKED-VOLCNUBSSA-N
SP_000021,ADZPFIMEBZGRHB-ILJAMNOWSA-N
SP_000021,AEFNZGGBWOQYID-UHFFFAOYSA-N
SP_000021,AEIJGHDRIPTRQY-UBTAJKBJSA-N
SP_000021,AELFRHHZGTVYGJ-QMMMGPOBSA-N
SP_000021,AEMFNILZOJDQLW-QAGGRKNESA-N
SP_000021,AERBNCYCJBRYDG-UHFFFAOYSA-N
SP_000021,AESBAQNLQIQXNK-BMFSGJJHSA-N
SP_000021,AETXDQTWHNBCRO-QLKFWGTOSA-N
SP_000021,AEWHYWSPVRZHCT-NDZSKPAWSA-N
SP_000021,AEWHYWSPVRZHCT-UHFFFAOYSA-J
SP_000021,AEXNGRVFOMIYOW-ICFOKQHNSA-N
SP_000021,AFFQVAIMWFYJJS-DTHFMEMVSA-N
SP_000022,AABKSFWWBUPVNY-NVCPWDGJSA-N
SP_000022,AAFBEFOSCLMOTF-KXBCQOCRSA-N
SP_000022,AAFBEFOSCLMOTF-RRPFJGJLSA-N
SP_000022,AANMVENRNJYEMK-UHFFFAOYSA-N
SP_000022,AANZTOSGIRNZNM-LNOKNGNPSA-N
SP_000022,AAPGXBRKBIUCMQ-GWHBCOKCSA-N
SP_000022,AAWNBEJOCRYVJE-QNGWXLTQSA-N
SP_000022,AAWZDTNXLSGCEK-UHFFFAOYSA-M
SP_000022,AAXMCYUUKFLUMJ-JSFHAIONSA-N
SP_000022,AAXMCYUUKFLUMJ-TWDRBPDCSA-N
SP_000022,AAXYAFFKOSNMEB-MHARETSRSA-N
SP_000022,AAZOMBJKSJQDHJ-ZBRBWIFHSA-N
SP_000022,AAZZVFONLHYNDZ-NVQRUNIKSA-J
SP_000022,ABBYYPGQJRBTGA-NESBLOORSA-N
SP_000022,ABCOOORLYAOBOZ-KQYNXXCUSA-N
SP_000022,ABFJWRKPWCFTQP-JKFVOKSPSA-N
SP_000022,ABFJWRKPWCFTQP-XSMLMOGHSA-N
SP_000022,ABIKEVIWOJTKQS-AARKOHAPSA-N
SP_000022,ABLZXFCXXLZCGV-UHFFFAOYSA-L
SP_000022,ABRHOUKZOUNSSK-FVEAQGRNSA-N
SP_000022,ABUKPIBHMMLQDI-RCOVLANCSA-N
SP_000022,ACGLCDJEASKGDO-JSYPMYMJSA-N
SP_000022,ACIVVGBVOVHFPQ-RPDRRWSUSA-N
SP_000022,ACLPCAOOWJUVLL-DZKYTWFZSA-N
SP_000022,ACLQSYLJAZRTAP-XAFBQJBNSA-N
SP_000022,ACSIRQPNAYTBRW-VZUYHUTRSA-N
SP_000022,ACTHNCRNFFCCAQ-PLKVWTDNSA-N
SP_000022,ACTHNCRNFFCCAQ-YNQDZHFMSA-N
SP_000022,ACZVSMNFVFBOTM-UHFFFAOYSA-N
SP_000022,ADCKHLSRWCXEIY-GGAPOBRUSA-N
SP_000022,ADHKIZQYPQGIRC-ACSKKKSPSA-N
SP_000022,ADHKIZQYPQGIRC-SOZVHHJESA-N
SP_000022,ADHNTNYEJYJUCU-ZSJFXSENSA-N
SP_000022,ADKNUXINKGBJMY-LDLOPFEMSA-N
SP_000022,ADMGMAPZAQUXIR-VRHMUEQPSA-N
SP_000022,ADNSYCXWAHUWTA-SYOMJGEJSA-N
SP_000022,ADSGHWJRPOXXTD-IHWYPQMZSA-M
SP_000022,ADYPMBBPSUQKED-VOLCNUBSSA-N
SP_000022,ADZPFIMEBZGRHB-ILJAMNOWSA-N
SP_000022,AEFNZGGBWOQYID-UHFFFAOYSA-N
SP_000022,AEIJGHDRIPTRQY-UBTAJKBJSA-N
SP_000022,AELFRHHZGTVYGJ-QMMMGPOBSA-N
SP_000022,AEMFNILZOJDQLW-QAGGRKNESA-N
SP_000022,AERBNCYCJBRYDG-UHFFFAOYSA-N
SP_000022,AESBAQNLQIQXNK-BMFSGJJHSA-N
SP_000022,AETXDQTWHNBCRO-QLKFWGTOSA-N
SP_000022,AEWHYWSPVRZHCT-NDZSKPAWSA-N
SP_000022,AEWHYWSPVRZHCT-UHFFFAOYSA-J
SP_000022,AEXNGRVFOMIYOW-ICFOKQHNSA-N
SP_000022,AFFQVAIMWFYJJS-DTHFMEMVSA-N
SP_000023,AABKSFWWBUPVNY-NVCPWDGJSA-N
SP_000023,AAFBEFOSCLMOTF-KXBCQOCRSA-N
SP_000023,AAFBEFOSCLMOTF-RRPFJGJLSA-N
SP_000023,AANMVENRNJYEMK-UHFFFAOYSA-N
SP_000023,AANZTOSGIRNZNM-LNOKNGNPSA-N
SP_000023,AAPGXBRKBIUCMQ-GWHBCOKCSA-N
SP_000023,AAWNBEJOCRYVJE-QNGWXLTQSA-N
SP_000023,AAWZDTNXLSGCEK-UHFFFAOYSA-M
SP_000023,AAXMCYUUKFLUMJ-JSFHAIONSA-N
SP_000023,AAXMCYUUKFLUMJ-TWDRBPDCSA-N
SP_000023,AAXYAFFKOSNMEB-MHARETSRSA-N
SP_000023,AAZOMBJKSJQDHJ-ZBRBWIFHSA-N
SP_000023,AAZZVFONLHYNDZ-NVQRUNIKSA-J
SP_000023,ABBYYPGQJRBTGA-NESBLOORSA-N
SP_000023,ABCOOORLYAOBOZ-KQYNXXCUSA-N
SP_000023,ABFJWRKPWCFTQP-JKFVOKSPSA-N
SP_000023,ABFJWRKPWCFTQP-XSMLMOGHSA-N
SP_000023,ABIKEVIWOJTKQS-AARKOHAPSA-N
SP_000023,ABLZXFCXXLZCGV-UHFFFAOYSA-L
SP_000023,ABRHOUKZOUNSSK-FVEAQGRNSA-N
SP_000023,ABUKPIBHMMLQDI-RCOVLANCSA-N
SP_000023,ACGLCDJEASKGDO-JSYPMYMJSA-N
SP_000023,ACIVVGBVOVHFPQ-RPDRRWSUSA-N
SP_000023,ACLPCAOOWJUVLL-DZKYTWFZSA-N
SP_000023,ACLQSYLJAZRTAP-XAFBQJBNSA-N
SP_000023,ACSIRQPNAYTBRW-VZUYHUTRSA-N
SP_000023,ACTHNCRNFFCCAQ-PLKVWTDNSA-N
SP_000023,ACTHNCRNFFCCAQ-YNQDZHFMSA-N
SP_000023,ACZVSMNFVFBOTM-UHFFFAOYSA-N
SP_000023,ADCKHLSRWCXEIY-GGAPOBRUSA-N
SP_000023,ADHKIZQYPQGIRC-ACSKKKSPSA-N
SP_000023,ADHKIZQYPQGIRC-SOZVHHJESA-N
SP_000023,ADHNTNYEJYJUCU-ZSJFXSENSA-N
SP_000023,ADKNUXINKGBJMY-LDLOPFEMSA-N
SP_000023,ADMGMAPZAQUXIR-VRHMUEQPSA-N
SP_000023,ADNSYCXWAHUWTA-SYOMJGEJSA-N
SP_000023,ADSGHWJRPOXXTD-IHWYPQMZSA-M
SP_000023,ADYPMBBPSUQKED-VOLCNUBSSA-N
SP_000023,ADZPFIMEBZGRHB-ILJAMNOWSA-N
SP_000023,AEDBOXCTQDATMF-UHFFFAOYSA-N
SP_000023,AEFNZGGBWOQYID-UHFFFAOYSA-N
SP_000023,AEIJGHDRIPTRQY-UBTAJKBJSA-N
SP_000023,AELFRHHZGTVYGJ-QMMMGPOBSA-N
SP_000023,AEMFNILZOJDQLW-QAGGRKNESA-N
SP_000023,AERBNCYCJBRYDG-UHFFFAOYSA-N
SP_000023,AESBAQNLQIQXNK-BMFSGJJHSA-N
SP_000023,AETXDQTWHNBCRO-QLKFWGTOSA-N
SP_000023,AEWHYWSPVRZHCT-NDZSKPAWSA-N
SP_000023,AEWHYWSPVRZHCT-UHFFFAOYSA-J
SP_000023,AEXNGRVFOMIYOW-ICFOKQHNSA-N
SP_000024,AABKSFWWBUPVNY-NVCPWDGJSA-N
SP_000024,AAFBEFOSCLMOTF-KXBCQOCRSA-N
SP_000024,AAFBEFOSCLMOTF-RRPFJGJLSA-N
SP_000024,AANMVENRNJYEMK-UHFFFAOYSA-N
SP_000024,AANZTOSGIRNZNM-LNOKNGNPSA-N
SP_000024,AAPGXBRKBIUCMQ-GWHBCOKCSA-N
SP_000024,AAWNBEJOCRYVJE-QNGWXLTQSA-N
SP_000024,AAWZDTNXLSGCEK-UHFFFAOYSA-M
SP_000024,AAWZDTNXLSGCEK-UHFFFAOYSA-N
SP_000024,AAXMCYUUKFLUMJ-JSFHAIONSA-N
SP_000024,AAXMCYUUKFLUMJ-TWDRBPDCSA-N
SP_000024,AAXYAFFKOSNMEB-MHARETSRSA-N
SP_000024,AAZOMBJKSJQDHJ-ZBRBWIFHSA-N
SP_000024,AAZZVFONLHYNDZ-NVQRUNIKSA-J
SP_000024,ABBYYPGQJRBTGA-NESBLOORSA-N
SP_000024,ABCOOORLYAOBOZ-KQYNXXCUSA-N
SP_000024,ABFJWRKPWCFTQP-JKFVOKSPSA-N
SP_000024,ABFJWRKPWCFTQP-XSMLMOGHSA-N
SP_000024,ABIKEVIWOJTKQS-AARKOHAPSA-N
SP_000024,ABLZXFCXXLZCGV-UHFFFAOYSA-L
SP_000024,ABRHOUKZOUNSSK-FVEAQGRNSA-N
SP_000024,ABUKPIBHMMLQDI-RCOVLANCSA-N
SP_000024,ACGLCDJEASKGDO-JSYPMYMJSA-N
SP_000024,ACIVVGBVOVHFPQ-RPDRRWSUSA-N
SP_000024,ACLPCAOOWJUVLL-DZKYTWFZSA-N
SP_000024,ACLQSYLJAZRTAP-XAFBQJBNSA-N
SP_000024,ACSIRQPNAYTBRW-VZUYHUTRSA-N
SP_000024,ACTHNCRNFFCCAQ-PLKVWTDNSA-N
SP_000024,ACTHNCRNFFCCAQ-YNQDZHFMSA-N
SP_000024,ACZVSMNFVFBOTM-UHFFFAOYSA-N
SP_000024,ADCKHLSRWCXEIY-GGAPOBRUSA-N
SP_000024,ADHKIZQYPQGIRC-ACSKKKSPSA-N
SP_000024,ADHKIZQYPQGIRC-SOZVHHJESA-N
SP_000024,ADHNTNYEJYJUCU-ZSJFXSENSA-N
SP_000024,ADKNUXINKGBJMY-LDLOPFEMSA-N
SP_000024,ADMGMAPZAQUXIR-VRHMUEQPSA-N
SP_000024,ADNSYCXWAHUWTA-SYOMJGEJSA-N
SP_000024,ADSGHWJRPOXXTD-IHWYPQMZSA-M
SP_000024,ADYPMBBPSUQKED-VOLCNUBSSA-N
SP_000024,ADZPFIMEBZGRHB-ILJAMNOWSA-N
SP_000024,AEFNZGGBWOQYID-UHFFFAOYSA-N
SP_000024,AEIJGHDRIPTRQY-UBTAJKBJSA-N
SP_000024,AELFRHHZGTVYGJ-QMMMGPOBSA-N
SP_000024,AEMFNILZOJDQLW-QAGGRKNESA-N
SP_000024,AERBNCYCJBRYDG-UHFFFAOYSA-N
SP_000024,AESBAQNLQIQXNK-BMFSGJJHSA-N
SP_000024,AETXDQTWHNBCRO-QLKFWGTOSA-N
SP_000024,AEWHYWSPVRZHCT-NDZSKPAWSA-N
SP_000024,AEWHYWSPVRZHCT-UHFFFAOYSA-J
SP_000024,AEXNGRVFOMIYOW-ICFOKQHNSA-N
SP_000025,AABKSFWWBUPVNY-NVCPWDGJSA-N
SP_000025,AAFBEFOSCLMOTF-KXBCQOCRSA-N
SP_000025,AAFBEFOSCLMOTF-RRPFJGJLSA-N
SP_000025,AANMVENRNJYEMK-UHFFFAOYSA-N
SP_000025,AANZTOSGIRNZNM-LNOKNGNPSA-N
SP_000025,AAPGXBRKBIUCMQ-GWHBCOKCSA-N
SP_000025,AAWNBEJOCRYVJE-QNGWXLTQSA-N
SP_000025,AAWZDTNXLSGCEK-UHFFFAOYSA-M
SP_000025,AAXMCYUUKFLUMJ-JSFHAIONSA-N
SP_000025,AAXMCYUUKFLUMJ-TWDRBPDCSA-N
SP_000025,AAXYAFFKOSNMEB-MHARETSRSA-N
SP_000025,AAZOMBJKSJQDHJ-ZBRBWIFHSA-N
SP_000025,AAZZVFONLHYNDZ-NVQRUNIKSA-J
SP_000025,ABBYYPGQJRBTGA-NESBLOORSA-N
SP_000025,ABCOOORLYAOBOZ-KQYNXXCUSA-N
SP_000025,ABFJWRKPWCFTQP-JKFVOKSPSA-N
SP_000025,ABFJWRKPWCFTQP-XSMLMOGHSA-N
SP_000025,ABIKEVIWOJTKQS-AARKOHAPSA-N
SP_000025,ABLZXFCXXLZCGV-UHFFFAOYSA-L
SP_000025,ABRHOUKZOUNSSK-FVEAQGRNSA-N
SP_000025,ABUKPIBHMMLQDI-RCOVLANCSA-N
SP_000025,ACGLCDJEASKGDO-JSYPMYMJSA-N
SP_000025,ACIVVGBVOVHFPQ-RPDRRWSUSA-N
SP_000025,ACLPCAOOWJUVLL-DZKYTWFZSA-N
SP_000025,ACLQSYLJAZRTAP-XAFBQJBNSA-N
SP_000025,ACSIRQPNAYTBRW-VZUYHUTRSA-N
SP_000025,ACTHNCRNFFCCAQ-PLKVWTDNSA-N
SP_000025,ACTHNCRNFFCCAQ-YNQDZHFMSA-N
SP_000025,ACZVSMNFVFBOTM-UHFFFAOYSA-N
SP_000025,ADCKHLSRWCXEIY-GGAPOBRUSA-N
SP_000025,ADHKIZQYPQGIRC-ACSKKKSPSA-N
SP_000025,ADHKIZQYPQGIRC-SOZVHHJESA-N
SP_000025,ADHNTNYEJYJUCU-ZSJFXSENSA-N
SP_000025,ADKNUXINKGBJMY-LDLOPFEMSA-N
SP_000025,ADMGMAPZAQUXIR-VRHMUEQPSA-N
SP_000025,ADNSYCXWAHUWTA-SYOMJGEJSA-N
SP_000025,ADSGHWJRPOXXTD-IHWYPQMZSA-M
SP_000025,ADYPMBBPSUQKED-VOLCNUBSSA-N
SP_000025,ADZPFIMEBZGRHB-ILJAMNOWSA-N
SP_000025,AEFNZGGBWOQYID-UHFFFAOYSA-N
SP_000025,AEIJGHDRIPTRQY-UBTAJKBJSA-N
SP_000025,AELFRHHZGTVYGJ-QMMMGPOBSA-N
SP_000025,AEMFNILZOJDQLW-QAGGRKNESA-N
SP_000025,AERBNCYCJBRYDG-UHFFFAOYSA-N
SP_000025,AESBAQNLQIQXNK-BMFSGJJHSA-N
SP_000025,AETXDQTWHNBCRO-QLKFWGTOSA-N
SP_000025,AEWHYWSPVRZHCT-NDZSKPAWSA-N
SP_000025,AEWHYWSPVRZHCT-UHFFFAOYSA-J
SP_000025,AEXNGRVFOMIYOW-ICFOKQHNSA-N
SP_000025,AFFQVAIMWFYJJS-DTHFMEMVSA-N
SP_000026,AABKSFWWBUPVNY-NVCPWDGJSA-N
SP_000026,AAFBEFOSCLMOTF-KXBCQOCRSA-N
SP_000026,AAFBEFOSCLMOTF-RRPFJGJLSA-N
SP_000026,AANMVENRNJYEMK-UHFFFAOYSA-N
SP_000026,AANZTOSGIRNZNM-LNOKNGNPSA-N
SP_000026,AAPGXBRKBIUCMQ-GWHBCOKCSA-N
SP_000026,AAWNBEJOCRYVJE-QNGWXLTQSA-N
SP_000026,AAWZDTNXLSGCEK-UHFFFAOYSA-M
SP_000026,AAWZDTNXLSGCEK-UHFFFAOYSA-N
SP_000026,AAXMCYUUKFLUMJ-JSFHAIONSA-N
SP_000026,AAXMCYUUKFLUMJ-TWDRBPDCSA-N
SP_000026,AAXYAFFKOSNMEB-MHARETSRSA-N
SP_000026,AAZOMBJKSJQDHJ-ZBRBWIFHSA-N
SP_000026,AAZZVFONLHYNDZ-NVQRUNIKSA-J
SP_000026,ABBYYPGQJRBTGA-NESBLOORSA-N
SP_000026,ABCOOORLYAOBOZ-KQYNXXCUSA-N
SP_000026,ABFJWRKPWCFTQP-JKFVOKSPSA-N
SP_000026,ABFJWRKPWCFTQP-XSMLMOGHSA-N
SP_000026,ABIKEVIWOJTKQS-AARKOHAPSA-N
SP_000026,ABLZXFCXXLZCGV-UHFFFAOYSA-L
SP_000026,ABRHOUKZOUNSSK-FVEAQGRNSA-N
SP_000026,ABUKPIBHMMLQDI-RCOVLANCSA-N
SP_000026,ACGLCDJEASKGDO-JSYPMYMJSA-N
SP_000026,ACIVVGBVOVHFPQ-RPDRRWSUSA-N
SP_000026,ACLPCAOOWJUVLL-DZKYTWFZSA-N
SP_000026,ACLQSYLJAZRTAP-XAFBQJBNSA-N
SP_000026,ACSIRQPNAYTBRW-VZUYHUTRSA-N
SP_000026,ACTHNCRNFFCCAQ-PLKVWTDNSA-N
SP_000026,ACTHNCRNFFCCAQ-YNQDZHFMSA-N
SP_000026,ACZVSMNFVFBOTM-UHFFFAOYSA-N
SP_000026,ADACAMXIRQREOB-UHFFFAOYSA-N
SP_000026,ADCKHLSRWCXEIY-GGAPOBRUSA-N
SP_000026,ADHKIZQYPQGIRC-ACSKKKSPSA-N
SP_000026,ADHKIZQYPQGIRC-SOZVHHJESA-N
SP_000026,ADHNTNYEJYJUCU-ZSJFXSENSA-N
SP_000026,ADKNUXINKGBJMY-LDLOPFEMSA-N
SP_000026,ADMGMAPZAQUXIR-VRHMUEQPSA-N
SP_000026,ADNSYCXWAHUWTA-SYOMJGEJSA-N
SP_000026,ADSGHWJRPOXXTD-IHWYPQMZSA-M
SP_000026,ADYPMBBPSUQKED-VOLCNUBSSA-N
SP_000026,ADZPFIMEBZGRHB-ILJAMNOWSA-N
SP_000026,AEFNZGGBWOQYID-UHFFFAOYSA-N
SP_000026,AEIJGHDRIPTRQY-UBTAJKBJSA-N
SP_000026,AELFRHHZGTVYGJ-QMMMGPOBSA-N
SP_000026,AEMFNILZOJDQLW-QAGGRKNESA-N
SP_000026,AERBNCYCJBRYDG-UHFFFAOYSA-N
SP_000026,AESBAQNLQIQXNK-BMFSGJJHSA-N
SP_000026,AETXDQTWHNBCRO-QLKFWGTOSA-N
SP_000026,AEWHYWSPVRZHCT-NDZSKPAWSA-N
SP_000026,AEWHYWSPVRZHCT-UHFFFAOYSA-J
SP_000027,AABKSFWWBUPVNY-NVCPWDGJSA-N
SP_000027,AAFBEFOSCLMOTF-KXBCQOCRSA-N
SP_000027,AAFBEFOSCLMOTF-RRPFJGJLSA-N
SP_000027,AANMVENRNJYEMK-UHFFFAOYSA-N
SP_000027,AANZTOSGIRNZNM-LNOKNGNPSA-N
SP_000027,AAPGXBRKBIUCMQ-GWHBCOKCSA-N
SP_000027,AAWNBEJOCRYVJE-QNGWXLTQSA-N
SP_000027,AAWZDTNXLSGCEK-UHFFFAOYSA-M
SP_000027,AAXMCYUUKFLUMJ-JSFHAIONSA-N
SP_000027,AAXMCYUUKFLUMJ-TWDRBPDCSA-N
SP_000027,AAXYAFFKOSNMEB-MHARETSRSA-N
SP_000027,AAZOMBJKSJQDHJ-ZBRBWIFHSA-N
SP_000027,AAZZVFONLHYNDZ-NVQRUNIKSA-J
SP_000027,ABBYYPGQJRBTGA-NESBLOORSA-N
SP_000027,ABCOOORLYAOBOZ-KQYNXXCUSA-N
SP_000027,ABFJWRKPWCFTQP-JKFVOKSPSA-N
SP_000027,ABFJWRKPWCFTQP-XSMLMOGHSA-N
SP_000027,ABIKEVIWOJTKQS-AARKOHAPSA-N
SP_000027,ABLZXFCXXLZCGV-UHFFFAOYSA-L
SP_000027,ABRHOUKZOUNSSK-FVEAQGRNSA-N
SP_000027,ABUKPIBHMMLQDI-RCOVLANCSA-N
SP_000027,ACGLCDJEASKGDO-JSYPMYMJSA-N
SP_000027,ACIVVGBVOVHFPQ-RPDRRWSUSA-N
SP_000027,ACLPCAOOWJUVLL-DZKYTWFZSA-N
SP_000027,ACLQSYLJAZRTAP-XAFBQJBNSA-N
SP_000027,ACSIRQPNAYTBRW-VZUYHUTRSA-N
SP_000027,ACTHNCRNFFCCAQ-PLKVWTDNSA-N
SP_000027,ACTHNCRNFFCCAQ-YNQDZHFMSA-N
SP_000027,ACZVSMNFVFBOTM-UHFFFAOYSA-N
SP_000027,ADCKHLSRWCXEIY-GGAPOBRUSA-N
SP_000027,ADHKIZQYPQGIRC-ACSKKKSPSA-N
SP_000027,ADHKIZQYPQGIRC-SOZVHHJESA-N
SP_000027,ADHNTNYEJYJUCU-ZSJFXSENSA-N
SP_000027,ADKNUXINKGBJMY-LDLOPFEMSA-N
SP_000027,ADMGMAPZAQUXIR-VRHMUEQPSA-N
SP_000027,ADNSYCXWAHUWTA-SYOMJGEJSA-N
SP_000027,ADSGHWJRPOXXTD-IHWYPQMZSA-M
SP_000027,ADYPMBBPSUQKED-VOLCNUBSSA-N
SP_000027,ADZPFIMEBZGRHB-ILJAMNOWSA-N
SP_000027,AEFNZGGBWOQYID-UHFFFAOYSA-N
SP_000027,AEIJGHDRIPTRQY-UBTAJKBJSA-N
SP_000027,AELFRHHZGTVYGJ-QMMMGPOBSA-N
SP_000027,AEMFNILZOJDQLW-QAGGRKNESA-N
SP_000027,AERBNCYCJBRYDG-UHFFFAOYSA-N
SP_000027,AESBAQNLQIQXNK-BMFSGJJHSA-N
SP_000027,AETXDQTWHNBCRO-QLKFWGTOSA-N
SP_000027,AEWHYWSPVRZHCT-NDZSKPAWSA-N
SP_000027,AEWHYWSPVRZHCT-UHFFFAOYSA-J
SP_000027,AEXNGRVFOMIYOW-ICFOKQHNSA-N
SP_000027,AFFQVAIMWFYJJS-DTHFMEMVSA-N
SP_000028,AABKSFWWBUPVNY-NVCPWDGJSA-N
SP_000028,AAFBEFOSCLMOTF-KXBCQOCRSA-N
SP_000028,AAFBEFOSCLMOTF-RRPFJGJLSA-N
SP_000028,AANMVENRNJYEMK-UHFFFAOYSA-N
SP_000028,AANZTOSGIRNZNM-LNOKNGNPSA-N
SP_000028,AAPGXBRKBIUCMQ-GWHBCOKCSA-N
SP_000028,AAWNBEJOCRYVJE-QNGWXLTQSA-N
SP_000028,AAWZDTNXLSGCEK-UHFFFAOYSA-M
SP_000028,AAXMCYUUKFLUMJ-JSFHAIONSA-N
SP_000028,AAXMCYUUKFLUMJ-TWDRBPDCSA-N
SP_000028,AAXYAFFKOSNMEB-MHARETSRSA-N
SP_000028,AAZOMBJKSJQDHJ-ZBRBWIFHSA-N
SP_000028,AAZZVFONLHYNDZ-NVQRUNIKSA-J
SP_000028,ABBYYPGQJRBTGA-NESBLOORSA-N
SP_000028,ABCOOORLYAOBOZ-KQYNXXCUSA-N
SP_000028,ABFJWRKPWCFTQP-JKFVOKSPSA-N
SP_000028,ABFJWRKPWCFTQP-XSMLMOGHSA-N
SP_000028,ABIKEVIWOJTKQS-AARKOHAPSA-N
SP_000028,ABLZXFCXXLZCGV-UHFFFAOYSA-L
SP_000028,ABRHOUKZOUNSSK-FVEAQGRNSA-N
SP_000028,ABUKPIBHMMLQDI-RCOVLANCSA-N
SP_000028,ACGLCDJEASKGDO-JSYPMYMJSA-N
SP_000028,ACIVVGBVOVHFPQ-RPDRRWSUSA-N
SP_000028,ACLPCAOOWJUVLL-DZKYTWFZSA-N
SP_000028,ACLQSYLJAZRTAP-XAFBQJBNSA-N
SP_000028,ACSIRQPNAYTBRW-VZUYHUTRSA-N
SP_000028,ACTHNCRNFFCCAQ-PLKVWTDNSA-N
SP_000028,ACTHNCRNFFCCAQ-YNQDZHFMSA-N
SP_000028,ACZVSMNFVFBOTM-UHFFFAOYSA-N
SP_000028,ADACAMXIRQREOB-UHFFFAOYSA-N
SP_000028,ADCKHLSRWCXEIY-GGAPOBRUSA-N
SP_000028,ADHKIZQYPQGIRC-ACSKKKSPSA-N
SP_000028,ADHKIZQYPQGIRC-SOZVHHJESA-N
SP_000028,ADHNTNYEJYJUCU-ZSJFXSENSA-N
SP_000028,ADKNUXINKGBJMY-LDLOPFEMSA-N
SP_000028,ADMGMAPZAQUXIR-VRHMUEQPSA-N
SP_000028,ADNSYCXWAHUWTA-SYOMJGEJSA-N
SP_000028,ADSGHWJRPOXXTD-IHWYPQMZSA-M
SP_000028,ADYPMBBPSUQKED-VOLCNUBSSA-N
SP_000028,ADZPFIMEBZGRHB-ILJAMNOWSA-N
SP_000028,AEFNZGGBWOQYID-UHFFFAOYSA-N
SP_000028,AEIJGHDRIPTRQY-UBTAJKBJSA-N
SP_000028,AELFRHHZGTVYGJ-QMMMGPOBSA-N
SP_000028,AEMFNILZOJDQLW-QAGGRKNESA-N
SP_000028,AERBNCYCJBRYDG-UHFFFAOYSA-N
SP_000028,AESBAQNLQIQXNK-BMFSGJJHSA-N
SP_000028,AETXDQTWHNBCRO-QLKFWGTOSA-N
SP_000028,AEWHYWSPVRZHCT-NDZSKPAWSA-N
SP_000028,AEWHYWSPVRZHCT-UHFFFAOYSA-J
SP_000028,AEXNGRVFOMIYOW-ICFOKQHNSA-N
SP_000029,AABKSFWWBUPVNY-NVCPWDGJSA-N
SP_000029,AAFBEFOSCLMOTF-KXBCQOCRSA-N
SP_000029,AAFBEFOSCLMOTF-RRPFJGJLSA-N
SP_000029,AANMVENRNJYEMK-UHFFFAOYSA-N
SP_000029,AANZTOSGIRNZNM-LNOKNGNPSA-N
SP_000029,AAPGXBRKBIUCMQ-GWHBCOKCSA-N
SP_000029,AAWNBEJOCRYVJE-QNGWXLTQSA-N
SP_000029,AAWZDTNXLSGCEK-UHFFFAOYSA-M
SP_000029,AAXMCYUUKFLUMJ-JSFHAIONSA-N
SP_000029,AAXMCYUUKFLUMJ-TWDRBPDCSA-N
SP_000029,AAXYAFFKOSNMEB-MHARETSRSA-N
SP_000029,AAZOMBJKSJQDHJ-ZBRBWIFHSA-N
SP_000029,AAZZVFONLHYNDZ-NVQRUNIKSA-J
SP_000029,ABBYYPGQJRBTGA-NESBLOORSA-N
SP_000029,ABCOOORLYAOBOZ-KQYNXXCUSA-N
SP_000029,ABFJWRKPWCFTQP-JKFVOKSPSA-N
SP_000029,ABFJWRKPWCFTQP-XSMLMOGHSA-N
SP_000029,ABIKEVIWOJTKQS-AARKOHAPSA-N
SP_000029,ABLZXFCXXLZCGV-UHFFFAOYSA-L
SP_000029,ABRHOUKZOUNSSK-FVEAQGRNSA-N
SP_000029,ABUKPIBHMMLQDI-RCOVLANCSA-N
SP_000029,ACGLCDJEASKGDO-JSYPMYMJSA-N
SP_000029,ACIVVGBVOVHFPQ-RPDRRWSUSA-N
SP_000029,ACLPCAOOWJUVLL-DZKYTWFZSA-N
SP_000029,ACLQSYLJAZRTAP-XAFBQJBNSA-N
SP_000029,ACSIRQPNAYTBRW-VZUYHUTRSA-N
SP_000029,ACTHNCRNFFCCAQ-PLKVWTDNSA-N
SP_000029,ACTHNCRNFFCCAQ-YNQDZHFMSA-N
SP_000029,ACZVSMNFVFBOTM-UHFFFAOYSA-N
SP_000029,ADCKHLSRWCXEIY-GGAPOBRUSA-N
SP_000029,ADHKIZQYPQGIRC-ACSKKKSPSA-N
SP_000029,ADHKIZQYPQGIRC-SOZVHHJESA-N
SP_000029,ADHNTNYEJYJUCU-ZSJFXSENSA-N
SP_000029,ADKNUXINKGBJMY-LDLOPFEMSA-N
SP_000029,ADMGMAPZAQUXIR-VRHMUEQPSA-N
SP_000029,ADNSYCXWAHUWTA-SYOMJGEJSA-N
SP_000029,ADSGHWJRPOXXTD-IHWYPQMZSA-M
SP_000029,ADYPMBBPSUQKED-VOLCNUBSSA-N
SP_000029,ADZPFIMEBZGRHB-ILJAMNOWSA-N
SP_000029,AEFNZGGBWOQYID-UHFFFAOYSA-N
SP_000029,AEIJGHDRIPTRQY-UBTAJKBJSA-N
SP_000029,AELFRHHZGTVYGJ-QMMMGPOBSA-N
SP_000029,AEMFNILZOJDQLW-QAGGRKNESA-N
SP_000029,AERBNCYCJBRYDG-UHFFFAOYSA-N
SP_000029,AESBAQNLQIQXNK-BMFSGJJHSA-N
SP_000029,AETXDQTWHNBCRO-QLKFWGTOSA-N
SP_000029,AEWHYWSPVRZHCT-NDZSKPAWSA-N
SP_000029,AEWHYWSPVRZHCT-UHFFFAOYSA-J
SP_000029,AEXNGRVFOMIYOW-ICFOKQHNSA-N
SP_000029,AFFQVAIMWFYJJS-DTHFMEMVSA-N
SP_000030,AAANZTDKTFGJLZ-UHFFFAOYSA-N
SP_000030,AAKDPDFZMNYDLR-UHFFFAOYSA-N
SP_000030,AALVUUMVCUHIRJ-UHFFFAOYSA-N
SP_000030,AANMVENRNJYEMK-UHFFFAOYSA-N
SP_000030,AAPBYIVJOWCMGH-HYXAFXHYSA-N
SP_000030,AAWZDTNXLSGCEK-UHFFFAOYSA-M
SP_000030,AAWZDTNXLSGCEK-UHFFFAOYSA-N
SP_000030,AAXYAFFKOSNMEB-MHARETSRSA-N
SP_000030,AAZZVFONLHYNDZ-NVQRUNIKSA-J
SP_000030,ABCOOORLYAOBOZ-KQYNXXCUSA-N
SP_000030,ABIKEVIWOJTKQS-AARKOHAPSA-N
SP_000030,ABLZXFCXXLZCGV-UHFFFAOYSA-L
SP_000030,ABMDIECEEGFXNC-UHFFFAOYSA-N
SP_000030,ABNDFSOIUFLJAH-UHFFFAOYSA-N
SP_000030,ACIVVGBVOVHFPQ-RPDRRWSUSA-N
SP_000030,ACSIRQPNAYTBRW-VZUYHUTRSA-N
SP_000030,ACWQBUSCFPJUPN-HYXAFXHYSA-N
SP_000030,ACZVSMNFVFBOTM-UHFFFAOYSA-N
SP_000030,ADHNTNYEJYJUCU-ZSJFXSENSA-N
SP_000030,ADSGHWJRPOXXTD-IHWYPQMZSA-M
SP_000030,ADUXEKGZLYFWEG-PUJVNBGESA-N
SP_000030,AEFNZGGBWOQYID-UHFFFAOYSA-N
SP_000030,AELFRHHZGTVYGJ-QMMMGPOBSA-N
SP_000030,AEMFNILZOJDQLW-QAGGRKNESA-N
SP_000030,AERBNCYCJBRYDG-UHFFFAOYSA-N
SP_000030,AERGGMDNGDDGPI-UHFFFAOYSA-N
SP_000030,AEWHYWSPVRZHCT-NDZSKPAWSA-N
SP_000030,AEWHYWSPVRZHCT-UHFFFAOYSA-J
SP_000030,AFBPFSWMIHJQDM-UHFFFAOYSA-N
SP_000030,AFGUVBVUFZMJMX-MDZDMXLPSA-N
SP_000030,AFNUZVCFKQUDBJ-ZZWDRFIYSA-N
SP_000030,AGGQBLQYYGOWKY-UHFFFAOYSA-N
SP_000030,AGQJQCFEPUVXNK-UHFFFAOYSA-K
SP_000030,AGRIQBHIKABLPJ-UHFFFAOYSA-N
SP_000030,AHCYMLUZIRLXAA-SHYZEUOFSA-N
SP_000030,AHIONNAGCSGVAB-UHFFFAOYSA-N
SP_000030,AHJCDQGRYVBQQZ-NSCUHMNNSA-N
SP_000030,AHLPHDHHMVZTML-BYPYZUCNSA-N
SP_000030,AHMIDUVKSGCHAU-LURJTMIESA-N
SP_000030,AIBOHNYYKWYQMM-GELUXPMISA-N
SP_000030,AIJULSRZWUXGPQ-UHFFFAOYSA-N
SP_000030,AILCSCQIQZTQJR-QPJJXVBHSA-N
SP_000030,AILKHAQXUAOOFU-UHFFFAOYSA-N
SP_000030,AIONOLUJZLIMTK-AWEZNQCLSA-N
SP_000030,AIQDYKMWENWVQJ-UHFFFAOYSA-K
SP_000030,AISVAXNALHBFPC-IOSLPCCCSA-N
SP_000030,AJGYLNFUYLRZFR-VQPJZGIOSA-N
SP_000030,AJONJFGFTGGKEX-UHFFFAOYSA-M
SP_000030,AKIHYQWCLCDMMI-VMPITWQZSA-N
SP_000030,AKLZJACFWIKHEV-WZPNJOEPSA-N
SP_000031,AABKSFWWBUPVNY-NVCPWDGJSA-N
SP_000031,AAFBEFOSCLMOTF-KXBCQOCRSA-N
SP_000031,AAFBEFOSCLMOTF-RRPFJGJLSA-N
SP_000031,AANMVENRNJYEMK-UHFFFAOYSA-N
SP_000031,AANZTOSGIRNZNM-LNOKNGNPSA-N
SP_000031,AAPGXBRKBIUCMQ-GWHBCOKCSA-N
SP_000031,AAWNBEJOCRYVJE-QNGWXLTQSA-N
SP_000031,AAWZDTNXLSGCEK-UHFFFAOYSA-M
SP_000031,AAXMCYUUKFLUMJ-JSFHAIONSA-N
SP_000031,AAXMCYUUKFLUMJ-TWDRBPDCSA-N
SP_000031,AAXYAFFKOSNMEB-MHARETSRSA-N
SP_000031,AAZOMBJKSJQDHJ-ZBRBWIFHSA-N
SP_000031,AAZZVFONLHYNDZ-NVQRUNIKSA-J
SP_000031,ABBYYPGQJRBTGA-NESBLOORSA-N
SP_000031,ABCOOORLYAOBOZ-KQYNXXCUSA-N
SP_000031,ABFJWRKPWCFTQP-JKFVOKSPSA-N
SP_000031,ABFJWRKPWCFTQP-XSMLMOGHSA-N
SP_000031,ABIKEVIWOJTKQS-AARKOHAPSA-N
SP_000031,ABLZXFCXXLZCGV-UHFFFAOYSA-L
SP_000031,ABRHOUKZOUNSSK-FVEAQGRNSA-N
SP_000031,ABUKPIBHMMLQDI-RCOVLANCSA-N
SP_000031,ACGLCDJEASKGDO-JSYPMYMJSA-N
SP_000031,ACIVVGBVOVHFPQ-RPDRRWSUSA-N
SP_000031,ACLPCAOOWJUVLL-DZKYTWFZSA-N
SP_000031,ACLQSYLJAZRTAP-XAFBQJBNSA-N
SP_000031,ACSIRQPNAYTBRW-VZUYHUTRSA-N
SP_000031,ACTHNCRNFFCCAQ-PLKVWTDNSA-N
SP_000031,ACTHNCRNFFCCAQ-YNQDZHFMSA-N
SP_000031,ACZVSMNFVFBOTM-UHFFFAOYSA-N
SP_000031,ADCKHLSRWCXEIY-GGAPOBRUSA-N
SP_000031,ADHKIZQYPQGIRC-ACSKKKSPSA-N
SP_000031,ADHKIZQYPQGIRC-SOZVHHJESA-N
SP_000031,ADHNTNYEJYJUCU-ZSJFXSENSA-N
SP_000031,ADKNUXINKGBJMY-LDLOPFEMSA-N
SP_000031,ADMGMAPZAQUXIR-VRHMUEQPSA-N
SP_000031,ADNSYCXWAHUWTA-SYOMJGEJSA-N
SP_000031,ADSGHWJRPOXXTD-IHWYPQMZSA-M
SP_000031,ADYPMBBPSUQKED-VOLCNUBSSA-N
SP_000031,ADZPFIMEBZGRHB-ILJAMNOWSA-N
SP_000031,AEFNZGGBWOQYID-UHFFFAOYSA-N
SP_000031,AEIJGHDRIPTRQY-UBTAJKBJSA-N
SP_000031,AELFRHHZGTVYGJ-QMMMGPOBSA-N
SP_000031,AEMFNILZOJDQLW-QAGGRKNESA-N
SP_000031,AERBNCYCJBRYDG-UHFFFAOYSA-N
SP_000031,AESBAQNLQIQXNK-BMFSGJJHSA-N
SP_000031,AETXDQTWHNBCRO-QLKFWGTOSA-N
SP_000031,AEWHYWSPVRZHCT-NDZSKPAWSA-N
SP_000031,AEWHYWSPVRZHCT-UHFFFAOYSA-J
SP_000031,AEXNGRVFOMIYOW-ICFOKQHNSA-N
SP_000031,AFFQVAIMWFYJJS-DTHFMEMVSA-N
SP_000032,AABKSFWWBUPVNY-NVCPWDGJSA-N
SP_000032,AAFBEFOSCLMOTF-KXBCQOCRSA-N
SP_000032,AAFBEFOSCLMOTF-RRPFJGJLSA-N
SP_000032,AANMVENRNJYEMK-UHFFFAOYSA-N
SP_000032,AANZTOSGIRNZNM-LNOKNGNPSA-N
SP_000032,AAOFJKLTRKOQTQ-UHFFFAOYSA-N
SP_000032,AAPGXBRKBIUCMQ-GWHBCOKCSA-N
SP_000032,AAWNBEJOCRYVJE-QNGWXLTQSA-N
SP_000032,AAWZDTNXLSGCEK-UHFFFAOYSA-M
SP_000032,AAXMCYUUKFLUMJ-JSFHAIONSA-N
SP_000032,AAXMCYUUKFLUMJ-TWDRBPDCSA-N
SP_000032,AAXYAFFKOSNMEB-MHARETSRSA-N
SP_000032,AAZOMBJKSJQDHJ-ZBRBWIFHSA-N
SP_000032,AAZZVFONLHYNDZ-NVQRUNIKSA-J
SP_000032,ABBYYPGQJRBTGA-NESBLOORSA-N
SP_000032,ABCOOORLYAOBOZ-KQYNXXCUSA-N
SP_000032,ABFJWRKPWCFTQP-JKFVOKSPSA-N
SP_000032,ABFJWRKPWCFTQP-XSMLMOGHSA-N
SP_000032,ABIKEVIWOJTKQS-AARKOHAPSA-N
SP_000032,ABLZXFCXXLZCGV-UHFFFAOYSA-L
SP_000032,ABRHOUKZOUNSSK-FVEAQGRNSA-N
SP_000032,ABUKPIBHMMLQDI-RCOVLANCSA-N
SP_000032,ACGLCDJEASKGDO-JSYPMYMJSA-N
SP_000032,ACIVVGBVOVHFPQ-RPDRRWSUSA-N
SP_000032,ACLPCAOOWJUVLL-DZKYTWFZSA-N
SP_000032,ACLQSYLJAZRTAP-XAFBQJBNSA-N
SP_000032,ACSIRQPNAYTBRW-VZUYHUTRSA-N
SP_000032,ACTHNCRNFFCCAQ-PLKVWTDNSA-N
SP_000032,ACTHNCRNFFCCAQ-YNQDZHFMSA-N
SP_000032,ACZVSMNFVFBOTM-UHFFFAOYSA-N
SP_000032,ADCKHLSRWCXEIY-GGAPOBRUSA-N
SP_000032,ADHKIZQYPQGIRC-ACSKKKSPSA-N
SP_000032,ADHKIZQYPQGIRC-SOZVHHJESA-N
SP_000032,ADHNTNYEJYJUCU-ZSJFXSENSA-N
SP_000032,ADKNUXINKGBJMY-LDLOPFEMSA-N
SP_000032,ADMGMAPZAQUXIR-VRHMUEQPSA-N
SP_000032,ADNSYCXWAHUWTA-SYOMJGEJSA-N
SP_000032,ADSGHWJRPOXXTD-IHWYPQMZSA-M
SP_000032,ADYPMBBPSUQKED-VOLCNUBSSA-N
SP_000032,ADZPFIMEBZGRHB-ILJAMNOWSA-N
SP_000032,AEFNZGGBWOQYID-UHFFFAOYSA-N
SP_000032,AEIJGHDRIPTRQY-UBTAJKBJSA-N
SP_000032,AELFRHHZGTVYGJ-QMMMGPOBSA-N
SP_000032,AEMFNILZOJDQLW-QAGGRKNESA-N
SP_000032,AERBNCYCJBRYDG-UHFFFAOYSA-N
SP_000032,AESBAQNLQIQXNK-BMFSGJJHSA-N
SP_000032,AETXDQTWHNBCRO-QLKFWGTOSA-N
SP_000032,AEWHYWSPVRZHCT-NDZSKPAWSA-N
SP_000032,AEWHYWSPVRZHCT-UHFFFAOYSA-J
SP_000032,AEXNGRVFOMIYOW-ICFOKQHNSA-N
SP_000033,AABKSFWWBUPVNY-NVCPWDGJSA-N
SP_000033,AAFBEFOSCLMOTF-KXBCQOCRSA-N
SP_000033,AAFBEFOSCLMOTF-RRPFJGJLSA-N
SP_000033,AANMVENRNJYEMK-UHFFFAOYSA-N
SP_000033,AANZTOSGIRNZNM-LNOKNGNPSA-N
SP_000033,AAPGXBRKBIUCMQ-GWHBCOKCSA-N
SP_000033,AAWNBEJOCRYVJE-QNGWXLTQSA-N
SP_000033,AAWZDTNXLSGCEK-UHFFFAOYSA-M
SP_000033,AAWZDTNXLSGCEK-UHFFFAOYSA-N
SP_000033,AAXMCYUUKFLUMJ-JSFHAIONSA-N
SP_000033,AAXMCYUUKFLUMJ-TWDRBPDCSA-N
SP_000033,AAXYAFFKOSNMEB-MHARETSRSA-N
SP_000033,AAZOMBJKSJQDHJ-ZBRBWIFHSA-N
SP_000033,AAZZVFONLHYNDZ-NVQRUNIKSA-J
SP_000033,ABBYYPGQJRBTGA-NESBLOORSA-N
SP_000033,ABCOOORLYAOBOZ-KQYNXXCUSA-N
SP_000033,ABFJWRKPWCFTQP-JKFVOKSPSA-N
SP_000033,ABFJWRKPWCFTQP-XSMLMOGHSA-N
SP_000033,ABIKEVIWOJTKQS-AARKOHAPSA-N
SP_000033,ABLZXFCXXLZCGV-UHFFFAOYSA-L
SP_000033,ABRHOUKZOUNSSK-FVEAQGRNSA-N
SP_000033,ABUKPIBHMMLQDI-RCOVLANCSA-N
SP_000033,ACGLCDJEASKGDO-JSYPMYMJSA-N
SP_000033,ACIVVGBVOVHFPQ-RPDRRWSUSA-N
SP_000033,ACLPCAOOWJUVLL-DZKYTWFZSA-N
SP_000033,ACLQSYLJAZRTAP-XAFBQJBNSA-N
SP_000033,ACSIRQPNAYTBRW-VZUYHUTRSA-N
SP_000033,ACTHNCRNFFCCAQ-PLKVWTDNSA-N
SP_000033,ACTHNCRNFFCCAQ-YNQDZHFMSA-N
SP_000033,ACWQBUSCFPJUPN-HYXAFXHYSA-N
SP_000033,ACZVSMNFVFBOTM-UHFFFAOYSA-N
SP_000033,ADCKHLSRWCXEIY-GGAPOBRUSA-N
SP_000033,ADHKIZQYPQGIRC-ACSKKKSPSA-N
SP_000033,ADHKIZQYPQGIRC-SOZVHHJESA-N
SP_000033,ADHNTNYEJYJUCU-ZSJFXSENSA-N
SP_000033,ADKNUXINKGBJMY-LDLOPFEMSA-N
SP_000033,ADMGMAPZAQUXIR-VRHMUEQPSA-N
SP_000033,ADNSYCXWAHUWTA-SYOMJGEJSA-N
SP_000033,ADSGHWJRPOXXTD-IHWYPQMZSA-M
SP_000033,ADYPMBBPSUQKED-VOLCNUBSSA-N
SP_000033,ADZPFIMEBZGRHB-ILJAMNOWSA-N
SP_000033,AEFNZGGBWOQYID-UHFFFAOYSA-N
SP_000033,AEIJGHDRIPTRQY-UBTAJKBJSA-N
SP_000033,AELFRHHZGTVYGJ-QMMMGPOBSA-N
SP_000033,AEMFNILZOJDQLW-QAGGRKNESA-N
SP_000033,AERBNCYCJBRYDG-UHFFFAOYSA-N
SP_000033,AESBAQNLQIQXNK-BMFSGJJHSA-N
SP_000033,AETXDQTWHNBCRO-QLKFWGTOSA-N
SP_000033,AEWHYWSPVRZHCT-NDZSKPAWSA-N
SP_000033,AEWHYWSPVRZHCT-UHFFFAOYSA-J
SP_000034,AABKSFWWBUPVNY-NVCPWDGJSA-N
SP_000034,AAFBEFOSCLMOTF-KXBCQOCRSA-N
SP_000034,AAFBEFOSCLMOTF-RRPFJGJLSA-N
SP_000034,AAGCATAPYOEULE-UHFFFAOYSA-N
SP_000034,AANMVENRNJYEMK-UHFFFAOYSA-N
SP_000034,AANZTOSGIRNZNM-LNOKNGNPSA-N
SP_000034,AAPGXBRKBIUCMQ-GWHBCOKCSA-N
SP_000034,AAWNBEJOCRYVJE-QNGWXLTQSA-N
SP_000034,AAWZDTNXLSGCEK-UHFFFAOYSA-M
SP_000034,AAXMCYUUKFLUMJ-JSFHAIONSA-N
SP_000034,AAXMCYUUKFLUMJ-TWDRBPDCSA-N
SP_000034,AAXYAFFKOSNMEB-MHARETSRSA-N
SP_000034,AAZOMBJKSJQDHJ-ZBRBWIFHSA-N
SP_000034,AAZZVFONLHYNDZ-NVQRUNIKSA-J
SP_000034,ABBYYPGQJRBTGA-NESBLOORSA-N
SP_000034,ABCOOORLYAOBOZ-KQYNXXCUSA-N
SP_000034,ABFJWRKPWCFTQP-JKFVOKSPSA-N
SP_000034,ABFJWRKPWCFTQP-XSMLMOGHSA-N
SP_000034,ABIKEVIWOJTKQS-AARKOHAPSA-N
SP_000034,ABLZXFCXXLZCGV-UHFFFAOYSA-L
SP_000034,ABRHOUKZOUNSSK-FVEAQGRNSA-N
SP_000034,ABUKPIBHMMLQDI-RCOVLANCSA-N
SP_000034,ACGLCDJEASKGDO-JSYPMYMJSA-N
SP_000034,ACIVVGBVOVHFPQ-RPDRRWSUSA-N
SP_000034,ACLPCAOOWJUVLL-DZKYTWFZSA-N
SP_000034,ACLQSYLJAZRTAP-XAFBQJBNSA-N
SP_000034,ACSIRQPNAYTBRW-VZUYHUTRSA-N
SP_000034,ACTHNCRNFFCCAQ-PLKVWTDNSA-N
SP_000034,ACTHNCRNFFCCAQ-YNQDZHFMSA-N
SP_000034,ACWQBUSCFPJUPN-HYXAFXHYSA-N
SP_000034,ACZVSMNFVFBOTM-UHFFFAOYSA-N
SP_000034,ADCKHLSRWCXEIY-GGAPOBRUSA-N
SP_000034,ADHKIZQYPQGIRC-ACSKKKSPSA-N
SP_000034,ADHKIZQYPQGIRC-SOZVHHJESA-N
SP_000034,ADHNTNYEJYJUCU-ZSJFXSENSA-N
SP_000034,ADKNUXINKGBJMY-LDLOPFEMSA-N
SP_000034,ADMGMAPZAQUXIR-VRHMUEQPSA-N
SP_000034,ADNSYCXWAHUWTA-SYOMJGEJSA-N
SP_000034,ADOBXTDBFNCOBN-UHFFFAOYSA-N
SP_000034,ADSGHWJRPOXXTD-IHWYPQMZSA-M
SP_000034,ADYPMBBPSUQKED-VOLCNUBSSA-N
SP_000034,ADZPFIMEBZGRHB-ILJAMNOWSA-N
SP_000034,AEFNZGGBWOQYID-UHFFFAOYSA-N
SP_000034,AEIJGHDRIPTRQY-UBTAJKBJSA-N
SP_000034,AELFRHHZGTVYGJ-QMMMGPOBSA-N
SP_000034,AEMFNILZOJDQLW-QAGGRKNESA-N
SP_000034,AERBNCYCJBRYDG-UHFFFAOYSA-N
SP_000034,AESBAQNLQIQXNK-BMFSGJJHSA-N
SP_000034,AETXDQTWHNBCRO-QLKFWGTOSA-N
SP_000034,AEWHYWSPVRZHCT-NDZSKPAWSA-N
SP_000035,AABKSFWWBUPVNY-NVCPWDGJSA-N
SP_000035,AAFBEFOSCLMOTF-KXBCQOCRSA-N
SP_000035,AAFBEFOSCLMOTF-RRPFJGJLSA-N
SP_000035,AANMVENRNJYEMK-UHFFFAOYSA-N
SP_000035,AANZTOSGIRNZNM-LNOKNGNPSA-N
SP_000035,AAPGXBRKBIUCMQ-GWHBCOKCSA-N
SP_000035,AAWNBEJOCRYVJE-QNGWXLTQSA-N
SP_000035,AAWZDTNXLSGCEK-UHFFFAOYSA-M
SP_000035,AAXMCYUUKFLUMJ-JSFHAIONSA-N
SP_000035,AAXMCYUUKFLUMJ-TWDRBPDCSA-N
SP_000035,AAXYAFFKOSNMEB-MHARETSRSA-N
SP_000035,AAZOMBJKSJQDHJ-ZBRBWIFHSA-N
SP_000035,AAZZVFONLHYNDZ-NVQRUNIKSA-J
SP_000035,ABBYYPGQJRBTGA-NESBLOORSA-N
SP_000035,ABCOOORLYAOBOZ-KQYNXXCUSA-N
SP_000035,ABFJWRKPWCFTQP-JKFVOKSPSA-N
SP_000035,ABFJWRKPWCFTQP-XSMLMOGHSA-N
SP_000035,ABIKEVIWOJTKQS-AARKOHAPSA-N
SP_000035,ABLZXFCXXLZCGV-UHFFFAOYSA-L
SP_000035,ABRHOUKZOUNSSK-FVEAQGRNSA-N
SP_000035,ABUKPIBHMMLQDI-RCOVLANCSA-N
SP_000035,ACGLCDJEASKGDO-JSYPMYMJSA-N
SP_000035,ACIVVGBVOVHFPQ-RPDRRWSUSA-N
SP_000035,ACLPCAOOWJUVLL-DZKYTWFZSA-N
SP_000035,ACLQSYLJAZRTAP-XAFBQJBNSA-N
SP_000035,ACSIRQPNAYTBRW-VZUYHUTRSA-N
SP_000035,ACTHNCRNFFCCAQ-PLKVWTDNSA-N
SP_000035,ACTHNCRNFFCCAQ-YNQDZHFMSA-N
SP_000035,ACZVSMNFVFBOTM-UHFFFAOYSA-N
SP_000035,ADCKHLSRWCXEIY-GGAPOBRUSA-N
SP_000035,ADHKIZQYPQGIRC-ACSKKKSPSA-N
SP_000035,ADHKIZQYPQGIRC-SOZVHHJESA-N
SP_000035,ADHNTNYEJYJUCU-ZSJFXSENSA-N
SP_000035,ADKNUXINKGBJMY-LDLOPFEMSA-N
SP_000035,ADMGMAPZAQUXIR-VRHMUEQPSA-N
SP_000035,ADNSYCXWAHUWTA-SYOMJGEJSA-N
SP_000035,ADSGHWJRPOXXTD-IHWYPQMZSA-M
SP_000035,ADYPMBBPSUQKED-VOLCNUBSSA-N
SP_000035,ADZPFIMEBZGRHB-ILJAMNOWSA-N
SP_000035,AEFNZGGBWOQYID-UHFFFAOYSA-N
SP_000035,AEIJGHDRIPTRQY-UBTAJKBJSA-N
SP_000035,AELFRHHZGTVYGJ-QMMMGPOBSA-N
SP_000035,AEMFNILZOJDQLW-QAGGRKNESA-N
SP_000035,AERBNCYCJBRYDG-UHFFFAOYSA-N
SP_000035,AESBAQNLQIQXNK-BMFSGJJHSA-N
SP_000035,AETXDQTWHNBCRO-QLKFWGTOSA-N
SP_000035,AEWHYWSPVRZHCT-NDZSKPAWSA-N
SP_000035,AEWHYWSPVRZHCT-UHFFFAOYSA-J
SP_000035,AEXNGRVFOMIYOW-ICFOKQHNSA-N
SP_000035,AFFQVAIMWFYJJS-DTHFMEMVSA-N
SP_000036,AABKSFWWBUPVNY-NVCPWDGJSA-N
SP_000036,AAFBEFOSCLMOTF-KXBCQOCRSA-N
SP_000036,AAFBEFOSCLMOTF-RRPFJGJLSA-N
SP_000036,AANMVENRNJYEMK-UHFFFAOYSA-N
SP_000036,AANZTOSGIRNZNM-LNOKNGNPSA-N
SP_000036,AAPGXBRKBIUCMQ-GWHBCOKCSA-N
SP_000036,AAWNBEJOCRYVJE-QNGWXLTQSA-N
SP_000036,AAWZDTNXLSGCEK-UHFFFAOYSA-M
SP_000036,AAXMCYUUKFLUMJ-JSFHAIONSA-N
SP_000036,AAXMCYUUKFLUMJ-TWDRBPDCSA-N
SP_000036,AAXYAFFKOSNMEB-MHARETSRSA-N
SP_000036,AAZOMBJKSJQDHJ-ZBRBWIFHSA-N
SP_000036,AAZZVFONLHYNDZ-NVQRUNIKSA-J
SP_000036,ABBYYPGQJRBTGA-NESBLOORSA-N
SP_000036,ABCOOORLYAOBOZ-KQYNXXCUSA-N
SP_000036,ABFJWRKPWCFTQP-JKFVOKSPSA-N
SP_000036,ABFJWRKPWCFTQP-XSMLMOGHSA-N
SP_000036,ABIKEVIWOJTKQS-AARKOHAPSA-N
SP_000036,ABLZXFCXXLZCGV-UHFFFAOYSA-L
SP_000036,ABRHOUKZOUNSSK-FVEAQGRNSA-N
SP_000036,ABUKPIBHMMLQDI-RCOVLANCSA-N
SP_000036,ACGLCDJEASKGDO-JSYPMYMJSA-N
SP_000036,ACIVVGBVOVHFPQ-RPDRRWSUSA-N
SP_000036,ACLPCAOOWJUVLL-DZKYTWFZSA-N
SP_000036,ACLQSYLJAZRTAP-XAFBQJBNSA-N
SP_000036,ACSIRQPNAYTBRW-VZUYHUTRSA-N
SP_000036,ACTHNCRNFFCCAQ-PLKVWTDNSA-N
SP_000036,ACTHNCRNFFCCAQ-YNQDZHFMSA-N
SP_000036,ACZVSMNFVFBOTM-UHFFFAOYSA-N
SP_000036,ADCKHLSRWCXEIY-GGAPOBRUSA-N
SP_000036,ADHKIZQYPQGIRC-ACSKKKSPSA-N
SP_000036,ADHKIZQYPQGIRC-SOZVHHJESA-N
SP_000036,ADHNTNYEJYJUCU-ZSJFXSENSA-N
SP_000036,ADKNUXINKGBJMY-LDLOPFEMSA-N
SP_000036,ADMGMAPZAQUXIR-VRHMUEQPSA-N
SP_000036,ADNSYCXWAHUWTA-SYOMJGEJSA-N
SP_000036,ADSGHWJRPOXXTD-IHWYPQMZSA-M
SP_000036,ADYPMBBPSUQKED-VOLCNUBSSA-N
SP_000036,ADZPFIMEBZGRHB-ILJAMNOWSA-N
SP_000036,AEFNZGGBWOQYID-UHFFFAOYSA-N
SP_000036,AEIJGHDRIPTRQY-UBTAJKBJSA-N
SP_000036,AELFRHHZGTVYGJ-QMMMGPOBSA-N
SP_000036,AEMFNILZOJDQLW-QAGGRKNESA-N
SP_000036,AERBNCYCJBRYDG-UHFFFAOYSA-N
SP_000036,AESBAQNLQIQXNK-BMFSGJJHSA-N
SP_000036,AETXDQTWHNBCRO-QLKFWGTOSA-N
SP_000036,AEWHYWSPVRZHCT-NDZSKPAWSA-N
SP_000036,AEWHYWSPVRZHCT-UHFFFAOYSA-J
SP_000036,AEXNGRVFOMIYOW-ICFOKQHNSA-N
SP_000036,AFFQVAIMWFYJJS-DTHFMEMVSA-N
SP_000037,AABKSFWWBUPVNY-NVCPWDGJSA-N
SP_000037,AAFBEFOSCLMOTF-KXBCQOCRSA-N
SP_000037,AAFBEFOSCLMOTF-RRPFJGJLSA-N
SP_000037,AANMVENRNJYEMK-UHFFFAOYSA-N
SP_000037,AANZTOSGIRNZNM-LNOKNGNPSA-N
SP_000037,AAPGXBRKBIUCMQ-GWHBCOKCSA-N
SP_000037,AAWNBEJOCRYVJE-QNGWXLTQSA-N
SP_000037,AAWZDTNXLSGCEK-UHFFFAOYSA-M
SP_000037,AAXMCYUUKFLUMJ-JSFHAIONSA-N
SP_000037,AAXMCYUUKFLUMJ-TWDRBPDCSA-N
SP_000037,AAXYAFFKOSNMEB-MHARETSRSA-N
SP_000037,AAZOMBJKSJQDHJ-ZBRBWIFHSA-N
SP_000037,AAZZVFONLHYNDZ-NVQRUNIKSA-J
SP_000037,ABBYYPGQJRBTGA-NESBLOORSA-N
SP_000037,ABCOOORLYAOBOZ-KQYNXXCUSA-N
SP_000037,ABFJWRKPWCFTQP-JKFVOKSPSA-N
SP_000037,ABFJWRKPWCFTQP-XSMLMOGHSA-N
SP_000037,ABIKEVIWOJTKQS-AARKOHAPSA-N
SP_000037,ABLZXFCXXLZCGV-UHFFFAOYSA-L
SP_000037,ABRHOUKZOUNSSK-FVEAQGRNSA-N
SP_000037,ABUKPIBHMMLQDI-RCOVLANCSA-N
SP_000037,ACGLCDJEASKGDO-JSYPMYMJSA-N
SP_000037,ACIVVGBVOVHFPQ-RPDRRWSUSA-N
SP_000037,ACLPCAOOWJUVLL-DZKYTWFZSA-N
SP_000037,ACLQSYLJAZRTAP-XAFBQJBNSA-N
SP_000037,ACSIRQPNAYTBRW-VZUYHUTRSA-N
SP_000037,ACTHNCRNFFCCAQ-PLKVWTDNSA-N
SP_000037,ACTHNCRNFFCCAQ-YNQDZHFMSA-N
SP_000037,ACZVSMNFVFBOTM-UHFFFAOYSA-N
SP_000037,ADCKHLSRWCXEIY-GGAPOBRUSA-N
SP_000037,ADHKIZQYPQGIRC-ACSKKKSPSA-N
SP_000037,ADHKIZQYPQGIRC-SOZVHHJESA-N
SP_000037,ADHNTNYEJYJUCU-ZSJFXSENSA-N
SP_000037,ADKNUXINKGBJMY-LDLOPFEMSA-N
SP_000037,ADMGMAPZAQUXIR-VRHMUEQPSA-N
SP_000037,ADNSYCXWAHUWTA-SYOMJGEJSA-N
SP_000037,ADSGHWJRPOXXTD-IHWYPQMZSA-M
SP_000037,ADYPMBBPSUQKED-VOLCNUBSSA-N
SP_000037,ADZPFIMEBZGRHB-ILJAMNOWSA-N
SP_000037,AEFNZGGBWOQYID-UHFFFAOYSA-N
SP_000037,AEIJGHDRIPTRQY-UBTAJKBJSA-N
SP_000037,AELFRHHZGTVYGJ-QMMMGPOBSA-N
SP_000037,AEMFNILZOJDQLW-QAGGRKNESA-N
SP_000037,AERBNCYCJBRYDG-UHFFFAOYSA-N
SP_000037,AESBAQNLQIQXNK-BMFSGJJHSA-N
SP_000037,AETXDQTWHNBCRO-QLKFWGTOSA-N
SP_000037,AEWHYWSPVRZHCT-NDZSKPAWSA-N
SP_000037,AEWHYWSPVRZHCT-UHFFFAOYSA-J
SP_000037,AEXNGRVFOMIYOW-ICFOKQHNSA-N
SP_000037,AFFQVAIMWFYJJS-DTHFMEMVSA-N
SP_000038,AABKSFWWBUPVNY-NVCPWDGJSA-N
SP_000038,AAFBEFOSCLMOTF-KXBCQOCRSA-N
SP_000038,AAFBEFOSCLMOTF-RRPFJGJLSA-N
SP_000038,AANMVENRNJYEMK-UHFFFAOYSA-N
SP_000038,AANZTOSGIRNZNM-LNOKNGNPSA-N
SP_000038,AAPGXBRKBIUCMQ-GWHBCOKCSA-N
SP_000038,AAWNBEJOCRYVJE-QNGWXLTQSA-N
SP_000038,AAWZDTNXLSGCEK-UHFFFAOYSA-M
SP_000038,AAXMCYUUKFLUMJ-JSFHAIONSA-N
SP_000038,AAXMCYUUKFLUMJ-TWDRBPDCSA-N
SP_000038,AAXYAFFKOSNMEB-MHARETSRSA-N
SP_000038,AAZOMBJKSJQDHJ-ZBRBWIFHSA-N
SP_000038,AAZZVFONLHYNDZ-NVQRUNIKSA-J
SP_000038,ABBYYPGQJRBTGA-NESBLOORSA-N
SP_000038,ABCOOORLYAOBOZ-KQYNXXCUSA-N
SP_000038,ABFJWRKPWCFTQP-JKFVOKSPSA-N
SP_000038,ABFJWRKPWCFTQP-XSMLMOGHSA-N
SP_000038,ABIKEVIWOJTKQS-AARKOHAPSA-N
SP_000038,ABLZXFCXXLZCGV-UHFFFAOYSA-L
SP_000038,ABRHOUKZOUNSSK-FVEAQGRNSA-N
SP_000038,ABUKPIBHMMLQDI-RCOVLANCSA-N
SP_000038,ACGLCDJEASKGDO-JSYPMYMJSA-N
SP_000038,ACIVVGBVOVHFPQ-RPDRRWSUSA-N
SP_000038,ACLPCAOOWJUVLL-DZKYTWFZSA-N
SP_000038,ACLQSYLJAZRTAP-XAFBQJBNSA-N
SP_000038,ACSIRQPNAYTBRW-VZUYHUTRSA-N
SP_000038,ACTHNCRNFFCCAQ-PLKVWTDNSA-N
SP_000038,ACTHNCRNFFCCAQ-YNQDZHFMSA-N
SP_000038,ACZVSMNFVFBOTM-UHFFFAOYSA-N
SP_000038,ADCKHLSRWCXEIY-GGAPOBRUSA-N
SP_000038,ADHKIZQYPQGIRC-ACSKKKSPSA-N
SP_000038,ADHKIZQYPQGIRC-SOZVHHJESA-N
SP_000038,ADHNTNYEJYJUCU-ZSJFXSENSA-N
SP_000038,ADKNUXINKGBJMY-LDLOPFEMSA-N
SP_000038,ADMGMAPZAQUXIR-VRHMUEQPSA-N
SP_000038,ADNSYCXWAHUWTA-SYOMJGEJSA-N
SP_000038,ADSGHWJRPOXXTD-IHWYPQMZSA-M
SP_000038,ADYPMBBPSUQKED-VOLCNUBSSA-N
SP_000038,ADZPFIMEBZGRHB-ILJAMNOWSA-N
SP_000038,AEFNZGGBWOQYID-UHFFFAOYSA-N
SP_000038,AEIJGHDRIPTRQY-UBTAJKBJSA-N
SP_000038,AELFRHHZGTVYGJ-QMMMGPOBSA-N
SP_000038,AEMFNILZOJDQLW-QAGGRKNESA-N
SP_000038,AERBNCYCJBRYDG-UHFFFAOYSA-N
SP_000038,AESBAQNLQIQXNK-BMFSGJJHSA-N
SP_000038,AETXDQTWHNBCRO-QLKFWGTOSA-N
SP_000038,AEWHYWSPVRZHCT-NDZSKPAWSA-N
SP_000038,AEWHYWSPVRZHCT-UHFFFAOYSA-J
SP_000038,AEXNGRVFOMIYOW-ICFOKQHNSA-N
SP_000038,AFFQVAIMWFYJJS-DTHFMEMVSA-N
SP_000039,AABKSFWWBUPVNY-NVCPWDGJSA-N
SP_000039,AAFBEFOSCLMOTF-KXBCQOCRSA-N
SP_000039,AAFBEFOSCLMOTF-RRPFJGJLSA-N
SP_000039,AANMVENRNJYEMK-UHFFFAOYSA-N
SP_000039,AANZTOSGIRNZNM-LNOKNGNPSA-N
SP_000039,AAPGXBRKBIUCMQ-GWHBCOKCSA-N
SP_000039,AAWNBEJOCRYVJE-QNGWXLTQSA-N
SP_000039,AAWZDTNXLSGCEK-UHFFFAOYSA-M
SP_000039,AAXMCYUUKFLUMJ-JSFHAIONSA-N
SP_000039,AAXMCYUUKFLUMJ-TWDRBPDCSA-N
SP_000039,AAXYAFFKOSNMEB-MHARETSRSA-N
SP_000039,AAZOMBJKSJQDHJ-ZBRBWIFHSA-N
SP_000039,AAZZVFONLHYNDZ-NVQRUNIKSA-J
SP_000039,ABBYYPGQJRBTGA-NESBLOORSA-N
SP_000039,ABCOOORLYAOBOZ-KQYNXXCUSA-N
SP_000039,ABFJWRKPWCFTQP-JKFVOKSPSA-N
SP_000039,ABFJWRKPWCFTQP-XSMLMOGHSA-N
SP_000039,ABIKEVIWOJTKQS-AARKOHAPSA-N
SP_000039,ABLZXFCXXLZCGV-UHFFFAOYSA-L
SP_000039,ABRHOUKZOUNSSK-FVEAQGRNSA-N
SP_000039,ABUKPIBHMMLQDI-RCOVLANCSA-N
SP_000039,ACGLCDJEASKGDO-JSYPMYMJSA-N
SP_000039,ACIVVGBVOVHFPQ-RPDRRWSUSA-N
SP_000039,ACLPCAOOWJUVLL-DZKYTWFZSA-N
SP_000039,ACLQSYLJAZRTAP-XAFBQJBNSA-N
SP_000039,ACSIRQPNAYTBRW-VZUYHUTRSA-N
SP_000039,ACTHNCRNFFCCAQ-PLKVWTDNSA-N
SP_000039,ACTHNCRNFFCCAQ-YNQDZHFMSA-N
SP_000039,ACZVSMNFVFBOTM-UHFFFAOYSA-N
SP_000039,ADCKHLSRWCXEIY-GGAPOBRUSA-N
SP_000039,ADHKIZQYPQGIRC-ACSKKKSPSA-N
SP_000039,ADHKIZQYPQGIRC-SOZVHHJESA-N
SP_000039,ADHNTNYEJYJUCU-ZSJFXSENSA-N
SP_000039,ADKNUXINKGBJMY-LDLOPFEMSA-N
SP_000039,ADMGMAPZAQUXIR-VRHMUEQPSA-N
SP_000039,ADNSYCXWAHUWTA-SYOMJGEJSA-N
SP_000039,ADSGHWJRPOXXTD-IHWYPQMZSA-M
SP_000039,ADYPMBBPSUQKED-VOLCNUBSSA-N
SP_000039,ADZPFIMEBZGRHB-ILJAMNOWSA-N
SP_000039,AEFNZGGBWOQYID-UHFFFAOYSA-N
SP_000039,AEIJGHDRIPTRQY-UBTAJKBJSA-N
SP_000039,AELFRHHZGTVYGJ-QMMMGPOBSA-N
SP_000039,AEMFNILZOJDQLW-QAGGRKNESA-N
SP_000039,AERBNCYCJBRYDG-UHFFFAOYSA-N
SP_000039,AESBAQNLQIQXNK-BMFSGJJHSA-N
SP_000039,AETXDQTWHNBCRO-QLKFWGTOSA-N
SP_000039,AEWHYWSPVRZHCT-NDZSKPAWSA-N
SP_000039,AEWHYWSPVRZHCT-UHFFFAOYSA-J
SP_000039,AEXNGRVFOMIYOW-ICFOKQHNSA-N
SP_000039,AFFQVAIMWFYJJS-DTHFMEMVSA-N
SP_000040,AABKSFWWBUPVNY-NVCPWDGJSA-N
SP_000040,AAFBEFOSCLMOTF-KXBCQOCRSA-N
SP_000040,AAFBEFOSCLMOTF-RRPFJGJLSA-N
SP_000040,AANMVENRNJYEMK-UHFFFAOYSA-N
SP_000040,AANZTOSGIRNZNM-LNOKNGNPSA-N
SP_000040,AAPGXBRKBIUCMQ-GWHBCOKCSA-N
SP_000040,AAWNBEJOCRYVJE-QNGWXLTQSA-N
SP_000040,AAWZDTNXLSGCEK-UHFFFAOYSA-M
SP_000040,AAXMCYUUKFLUMJ-JSFHAIONSA-N
SP_000040,AAXMCYUUKFLUMJ-TWDRBPDCSA-N
SP_000040,AAXYAFFKOSNMEB-MHARETSRSA-N
SP_000040,AAZOMBJKSJQDHJ-ZBRBWIFHSA-N
SP_000040,AAZZVFONLHYNDZ-NVQRUNIKSA-J
SP_000040,ABBYYPGQJRBTGA-NESBLOORSA-N
SP_000040,ABCOOORLYAOBOZ-KQYNXXCUSA-N
SP_000040,ABFJWRKPWCFTQP-JKFVOKSPSA-N
SP_000040,ABFJWRKPWCFTQP-XSMLMOGHSA-N
SP_000040,ABIKEVIWOJTKQS-AARKOHAPSA-N
SP_000040,ABLZXFCXXLZCGV-UHFFFAOYSA-L
SP_000040,ABRHOUKZOUNSSK-FVEAQGRNSA-N
SP_000040,ABUKPIBHMMLQDI-RCOVLANCSA-N
SP_000040,ACGLCDJEASKGDO-JSYPMYMJSA-N
SP_000040,ACIVVGBVOVHFPQ-RPDRRWSUSA-N
SP_000040,ACLPCAOOWJUVLL-DZKYTWFZSA-N
SP_000040,ACLQSYLJAZRTAP-XAFBQJBNSA-N
SP_000040,ACSIRQPNAYTBRW-VZUYHUTRSA-N
SP_000040,ACTHNCRNFFCCAQ-PLKVWTDNSA-N
SP_000040,ACTHNCRNFFCCAQ-YNQDZHFMSA-N
SP_000040,ACZVSMNFVFBOTM-UHFFFAOYSA-N
SP_000040,ADCKHLSRWCXEIY-GGAPOBRUSA-N
SP_000040,ADHKIZQYPQGIRC-ACSKKKSPSA-N
SP_000040,ADHKIZQYPQGIRC-SOZVHHJESA-N
SP_000040,ADHNTNYEJYJUCU-ZSJFXSENSA-N
SP_000040,ADKNUXINKGBJMY-LDLOPFEMSA-N
SP_000040,ADMGMAPZAQUXIR-VRHMUEQPSA-N
SP_000040,ADNSYCXWAHUWTA-SYOMJGEJSA-N
SP_000040,ADSGHWJRPOXXTD-IHWYPQMZSA-M
SP_000040,ADYPMBBPSUQKED-VOLCNUBSSA-N
SP_000040,ADZPFIMEBZGRHB-ILJAMNOWSA-N
SP_000040,AEFNZGGBWOQYID-UHFFFAOYSA-N
SP_000040,AEIJGHDRIPTRQY-UBTAJKBJSA-N
SP_000040,AELFRHHZGTVYGJ-QMMMGPOBSA-N
SP_000040,AEMFNILZOJDQLW-QAGGRKNESA-N
SP_000040,AERBNCYCJBRYDG-UHFFFAOYSA-N
SP_000040,AESBAQNLQIQXNK-BMFSGJJHSA-N
SP_000040,AETXDQTWHNBCRO-QLKFWGTOSA-N
SP_000040,AEWHYWSPVRZHCT-NDZSKPAWSA-N
SP_000040,AEWHYWSPVRZHCT-UHFFFAOYSA-J
SP_000040,AEXNGRVFOMIYOW-ICFOKQHNSA-N
SP_000040,AFFQVAIMWFYJJS-DTHFMEMVSA-N
SP_000041,AABKSFWWBUPVNY-NVCPWDGJSA-N
SP_000041,AAFBEFOSCLMOTF-KXBCQOCRSA-N
SP_000041,AAFBEFOSCLMOTF-RRPFJGJLSA-N
SP_000041,AANMVENRNJYEMK-UHFFFAOYSA-N
SP_000041,AANZTOSGIRNZNM-LNOKNGNPSA-N
SP_000041,AAPGXBRKBIUCMQ-GWHBCOKCSA-N
SP_000041,AAWNBEJOCRYVJE-QNGWXLTQSA-N
SP_000041,AAWZDTNXLSGCEK-UHFFFAOYSA-M
SP_000041,AAXMCYUUKFLUMJ-JSFHAIONSA-N
SP_000041,AAXMCYUUKFLUMJ-TWDRBPDCSA-N
SP_000041,AAXYAFFKOSNMEB-MHARETSRSA-N
SP_000041,AAZOMBJKSJQDHJ-ZBRBWIFHSA-N
SP_000041,AAZZVFONLHYNDZ-NVQRUNIKSA-J
SP_000041,ABBYYPGQJRBTGA-NESBLOORSA-N
SP_000041,ABCOOORLYAOBOZ-KQYNXXCUSA-N
SP_000041,ABFJWRKPWCFTQP-JKFVOKSPSA-N
SP_000041,ABFJWRKPWCFTQP-XSMLMOGHSA-N
SP_000041,ABIKEVIWOJTKQS-AARKOHAPSA-N
SP_000041,ABLZXFCXXLZCGV-UHFFFAOYSA-L
SP_000041,ABRHOUKZOUNSSK-FVEAQGRNSA-N
SP_000041,ABUKPIBHMMLQDI-RCOVLANCSA-N
SP_000041,ACGLCDJEASKGDO-JSYPMYMJSA-N
SP_000041,ACIVVGBVOVHFPQ-RPDRRWSUSA-N
SP_000041,ACLPCAOOWJUVLL-DZKYTWFZSA-N
SP_000041,ACLQSYLJAZRTAP-XAFBQJBNSA-N
SP_000041,ACSIRQPNAYTBRW-VZUYHUTRSA-N
SP_000041,ACTHNCRNFFCCAQ-PLKVWTDNSA-N
SP_000041,ACTHNCRNFFCCAQ-YNQDZHFMSA-N
SP_000041,ACZVSMNFVFBOTM-UHFFFAOYSA-N
SP_000041,ADCKHLSRWCXEIY-GGAPOBRUSA-N
SP_000041,ADHKIZQYPQGIRC-ACSKKKSPSA-N
SP_000041,ADHKIZQYPQGIRC-SOZVHHJESA-N
SP_000041,ADHNTNYEJYJUCU-ZSJFXSENSA-N
SP_000041,ADKNUXINKGBJMY-LDLOPFEMSA-N
SP_000041,ADMGMAPZAQUXIR-VRHMUEQPSA-N
SP_000041,ADNSYCXWAHUWTA-SYOMJGEJSA-N
SP_000041,ADSGHWJRPOXXTD-IHWYPQMZSA-M
SP_000041,ADYPMBBPSUQKED-VOLCNUBSSA-N
SP_000041,ADZPFIMEBZGRHB-ILJAMNOWSA-N
SP_000041,AEFNZGGBWOQYID-UHFFFAOYSA-N
SP_000041,AEIJGHDRIPTRQY-UBTAJKBJSA-N
SP_000041,AELFRHHZGTVYGJ-QMMMGPOBSA-N
SP_000041,AEMFNILZOJDQLW-QAGGRKNESA-N
SP_000041,AERBNCYCJBRYDG-UHFFFAOYSA-N
SP_000041,AESBAQNLQIQXNK-BMFSGJJHSA-N
SP_000041,AETXDQTWHNBCRO-QLKFWGTOSA-N
SP_000041,AEWHYWSPVRZHCT-NDZSKPAWSA-N
SP_000041,AEWHYWSPVRZHCT-UHFFFAOYSA-J
SP_000041,AEXNGRVFOMIYOW-ICFOKQHNSA-N
SP_000041,AFFQVAIMWFYJJS-DTHFMEMVSA-N
SP_000042,AABKSFWWBUPVNY-NVCPWDGJSA-N
SP_000042,AAFBEFOSCLMOTF-KXBCQOCRSA-N
SP_000042,AAFBEFOSCLMOTF-RRPFJGJLSA-N
SP_000042,AANMVENRNJYEMK-UHFFFAOYSA-N
SP_000042,AANZTOSGIRNZNM-LNOKNGNPSA-N
SP_000042,AAPGXBRKBIUCMQ-GWHBCOKCSA-N
SP_000042,AAWNBEJOCRYVJE-QNGWXLTQSA-N
SP_000042,AAWZDTNXLSGCEK-UHFFFAOYSA-M
SP_000042,AAXMCYUUKFLUMJ-JSFHAIONSA-N
SP_000042,AAXMCYUUKFLUMJ-TWDRBPDCSA-N
SP_000042,AAXYAFFKOSNMEB-MHARETSRSA-N
SP_000042,AAZOMBJKSJQDHJ-ZBRBWIFHSA-N
SP_000042,AAZZVFONLHYNDZ-NVQRUNIKSA-J
SP_000042,ABBYYPGQJRBTGA-NESBLOORSA-N
SP_000042,ABCOOORLYAOBOZ-KQYNXXCUSA-N
SP_000042,ABFJWRKPWCFTQP-JKFVOKSPSA-N
SP_000042,ABFJWRKPWCFTQP-XSMLMOGHSA-N
SP_000042,ABIKEVIWOJTKQS-AARKOHAPSA-N
SP_000042,ABLZXFCXXLZCGV-UHFFFAOYSA-L
SP_000042,ABRHOUKZOUNSSK-FVEAQGRNSA-N
SP_000042,ABUKPIBHMMLQDI-RCOVLANCSA-N
SP_000042,ACGLCDJEASKGDO-JSYPMYMJSA-N
SP_000042,ACIVVGBVOVHFPQ-RPDRRWSUSA-N
SP_000042,ACLPCAOOWJUVLL-DZKYTWFZSA-N
SP_000042,ACLQSYLJAZRTAP-XAFBQJBNSA-N
SP_000042,ACSIRQPNAYTBRW-VZUYHUTRSA-N
SP_000042,ACTHNCRNFFCCAQ-PLKVWTDNSA-N
SP_000042,ACTHNCRNFFCCAQ-YNQDZHFMSA-N
SP_000042,ACZVSMNFVFBOTM-UHFFFAOYSA-N
SP_000042,ADCKHLSRWCXEIY-GGAPOBRUSA-N
SP_000042,ADHKIZQYPQGIRC-ACSKKKSPSA-N
SP_000042,ADHKIZQYPQGIRC-SOZVHHJESA-N
SP_000042,ADHNTNYEJYJUCU-ZSJFXSENSA-N
SP_000042,ADKNUXINKGBJMY-LDLOPFEMSA-N
SP_000042,ADMGMAPZAQUXIR-VRHMUEQPSA-N
SP_000042,ADNSYCXWAHUWTA-SYOMJGEJSA-N
SP_000042,ADSGHWJRPOXXTD-IHWYPQMZSA-M
SP_000042,ADYPMBBPSUQKED-VOLCNUBSSA-N
SP_000042,ADZPFIMEBZGRHB-ILJAMNOWSA-N
SP_000042,AEFNZGGBWOQYID-UHFFFAOYSA-N
SP_000042,AEIJGHDRIPTRQY-UBTAJKBJSA-N
SP_000042,AELFRHHZGTVYGJ-QMMMGPOBSA-N
SP_000042,AEMFNILZOJDQLW-QAGGRKNESA-N
SP_000042,AERBNCYCJBRYDG-UHFFFAOYSA-N
SP_000042,AESBAQNLQIQXNK-BMFSGJJHSA-N
SP_000042,AETXDQTWHNBCRO-QLKFWGTOSA-N
SP_000042,AEWHYWSPVRZHCT-NDZSKPAWSA-N
SP_000042,AEWHYWSPVRZHCT-UHFFFAOYSA-J
SP_000042,AEXNGRVFOMIYOW-ICFOKQHNSA-N
SP_000042,AFFQVAIMWFYJJS-DTHFMEMVSA-N
SP_000043,AABKSFWWBUPVNY-NVCPWDGJSA-N
SP_000043,AAFBEFOSCLMOTF-KXBCQOCRSA-N
SP_000043,AAFBEFOSCLMOTF-RRPFJGJLSA-N
SP_000043,AANMVENRNJYEMK-UHFFFAOYSA-N
SP_000043,AANZTOSGIRNZNM-LNOKNGNPSA-N
SP_000043,AAPGXBRKBIUCMQ-GWHBCOKCSA-N
SP_000043,AAWNBEJOCRYVJE-QNGWXLTQSA-N
SP_000043,AAWZDTNXLSGCEK-UHFFFAOYSA-M
SP_000043,AAWZDTNXLSGCEK-UHFFFAOYSA-N
SP_000043,AAXMCYUUKFLUMJ-JSFHAIONSA-N
SP_000043,AAXMCYUUKFLUMJ-TWDRBPDCSA-N
SP_000043,AAXYAFFKOSNMEB-MHARETSRSA-N
SP_000043,AAZOMBJKSJQDHJ-ZBRBWIFHSA-N
SP_000043,AAZZVFONLHYNDZ-NVQRUNIKSA-J
SP_000043,ABBYYPGQJRBTGA-NESBLOORSA-N
SP_000043,ABCOOORLYAOBOZ-KQYNXXCUSA-N
SP_000043,ABFJWRKPWCFTQP-JKFVOKSPSA-N
SP_000043,ABFJWRKPWCFTQP-XSMLMOGHSA-N
SP_000043,ABIKEVIWOJTKQS-AARKOHAPSA-N
SP_000043,ABLZXFCXXLZCGV-UHFFFAOYSA-L
SP_000043,ABRHOUKZOUNSSK-FVEAQGRNSA-N
SP_000043,ABUKPIBHMMLQDI-RCOVLANCSA-N
SP_000043,ACGLCDJEASKGDO-JSYPMYMJSA-N
SP_000043,ACIVVGBVOVHFPQ-RPDRRWSUSA-N
SP_000043,ACLPCAOOWJUVLL-DZKYTWFZSA-N
SP_000043,ACLQSYLJAZRTAP-XAFBQJBNSA-N
SP_000043,ACSIRQPNAYTBRW-VZUYHUTRSA-N
SP_000043,ACTHNCRNFFCCAQ-PLKVWTDNSA-N
SP_000043,ACTHNCRNFFCCAQ-YNQDZHFMSA-N
SP_000043,ACZVSMNFVFBOTM-UHFFFAOYSA-N
SP_000043,ADCKHLSRWCXEIY-GGAPOBRUSA-N
SP_000043,ADHKIZQYPQGIRC-ACSKKKSPSA-N
SP_000043,ADHKIZQYPQGIRC-SOZVHHJESA-N
SP_000043,ADHNTNYEJYJUCU-ZSJFXSENSA-N
SP_000043,ADKNUXINKGBJMY-LDLOPFEMSA-N
SP_000043,ADMGMAPZAQUXIR-VRHMUEQPSA-N
SP_000043,ADNSYCXWAHUWTA-SYOMJGEJSA-N
SP_000043,ADSGHWJRPOXXTD-IHWYPQMZSA-M
SP_000043,ADYPMBBPSUQKED-VOLCNUBSSA-N
SP_000043,ADZPFIMEBZGRHB-ILJAMNOWSA-N
SP_000043,AEFNZGGBWOQYID-UHFFFAOYSA-N
SP_000043,AEIJGHDRIPTRQY-UBTAJKBJSA-N
SP_000043,AELFRHHZGTVYGJ-QMMMGPOBSA-N
SP_000043,AEMFNILZOJDQLW-QAGGRKNESA-N
SP_000043,AERBNCYCJBRYDG-UHFFFAOYSA-N
SP_000043,AESBAQNLQIQXNK-BMFSGJJHSA-N
SP_000043,AETXDQTWHNBCRO-QLKFWGTOSA-N
SP_000043,AEWHYWSPVRZHCT-NDZSKPAWSA-N
SP_000043,AEWHYWSPVRZHCT-UHFFFAOYSA-J
SP_000043,AEXNGRVFOMIYOW-ICFOKQHNSA-N
SP_000044,AABKSFWWBUPVNY-NVCPWDGJSA-N
SP_000044,AAFBEFOSCLMOTF-KXBCQOCRSA-N
SP_000044,AAFBEFOSCLMOTF-RRPFJGJLSA-N
SP_000044,AANMVENRNJYEMK-UHFFFAOYSA-N
SP_000044,AANZTOSGIRNZNM-LNOKNGNPSA-N
SP_000044,AAPGXBRKBIUCMQ-GWHBCOKCSA-N
SP_000044,AAWNBEJOCRYVJE-QNGWXLTQSA-N
SP_000044,AAWZDTNXLSGCEK-UHFFFAOYSA-M
SP_000044,AAXMCYUUKFLUMJ-JSFHAIONSA-N
SP_000044,AAXMCYUUKFLUMJ-TWDRBPDCSA-N
SP_000044,AAXYAFFKOSNMEB-MHARETSRSA-N
SP_000044,AAZOMBJKSJQDHJ-ZBRBWIFHSA-N
SP_000044,AAZZVFONLHYNDZ-NVQRUNIKSA-J
SP_000044,ABBYYPGQJRBTGA-NESBLOORSA-N
SP_000044,ABCOOORLYAOBOZ-KQYNXXCUSA-N
SP_000044,ABFJWRKPWCFTQP-JKFVOKSPSA-N
SP_000044,ABFJWRKPWCFTQP-XSMLMOGHSA-N
SP_000044,ABIKEVIWOJTKQS-AARKOHAPSA-N
SP_000044,ABLZXFCXXLZCGV-UHFFFAOYSA-L
SP_000044,ABRHOUKZOUNSSK-FVEAQGRNSA-N
SP_000044,ABUKPIBHMMLQDI-RCOVLANCSA-N
SP_000044,ACGLCDJEASKGDO-JSYPMYMJSA-N
SP_000044,ACIVVGBVOVHFPQ-RPDRRWSUSA-N
SP_000044,ACLPCAOOWJUVLL-DZKYTWFZSA-N
SP_000044,ACLQSYLJAZRTAP-XAFBQJBNSA-N
SP_000044,ACSIRQPNAYTBRW-VZUYHUTRSA-N
SP_000044,ACTHNCRNFFCCAQ-PLKVWTDNSA-N
SP_000044,ACTHNCRNFFCCAQ-YNQDZHFMSA-N
SP_000044,ACZVSMNFVFBOTM-UHFFFAOYSA-N
SP_000044,ADCKHLSRWCXEIY-GGAPOBRUSA-N
SP_000044,ADHKIZQYPQGIRC-ACSKKKSPSA-N
SP_000044,ADHKIZQYPQGIRC-SOZVHHJESA-N
SP_000044,ADHNTNYEJYJUCU-ZSJFXSENSA-N
SP_000044,ADKNUXINKGBJMY-LDLOPFEMSA-N
SP_000044,ADMGMAPZAQUXIR-VRHMUEQPSA-N
SP_000044,ADNSYCXWAHUWTA-SYOMJGEJSA-N
SP_000044,ADSGHWJRPOXXTD-IHWYPQMZSA-M
SP_000044,ADYPMBBPSUQKED-VOLCNUBSSA-N
SP_000044,ADZPFIMEBZGRHB-ILJAMNOWSA-N
SP_000044,AEDBOXCTQDATMF-UHFFFAOYSA-N
SP_000044,AEFNZGGBWOQYID-UHFFFAOYSA-N
SP_000044,AEIJGHDRIPTRQY-UBTAJKBJSA-N
SP_000044,AELFRHHZGTVYGJ-QMMMGPOBSA-N
SP_000044,AEMFNILZOJDQLW-QAGGRKNESA-N
SP_000044,AERBNCYCJBRYDG-UHFFFAOYSA-N
SP_000044,AESBAQNLQIQXNK-BMFSGJJHSA-N
SP_000044,AETXDQTWHNBCRO-QLKFWGTOSA-N
SP_000044,AEWHYWSPVRZHCT-NDZSKPAWSA-N
SP_000044,AEWHYWSPVRZHCT-UHFFFAOYSA-J
SP_000044,AEXNGRVFOMIYOW-ICFOKQHNSA-N
SP_000045,AABKSFWWBUPVNY-NVCPWDGJSA-N
SP_000045,AAFBEFOSCLMOTF-KXBCQOCRSA-N
SP_000045,AAFBEFOSCLMOTF-RRPFJGJLSA-N
SP_000045,AANMVENRNJYEMK-UHFFFAOYSA-N
SP_000045,AANZTOSGIRNZNM-LNOKNGNPSA-N
SP_000045,AAPGXBRKBIUCMQ-GWHBCOKCSA-N
SP_000045,AAWNBEJOCRYVJE-QNGWXLTQSA-N
SP_000045,AAWZDTNXLSGCEK-UHFFFAOYSA-M
SP_000045,AAXMCYUUKFLUMJ-JSFHAIONSA-N
SP_000045,AAXMCYUUKFLUMJ-TWDRBPDCSA-N
SP_000045,AAXYAFFKOSNMEB-MHARETSRSA-N
SP_000045,AAZOMBJKSJQDHJ-ZBRBWIFHSA-N
SP_000045,AAZZVFONLHYNDZ-NVQRUNIKSA-J
SP_000045,ABBYYPGQJRBTGA-NESBLOORSA-N
SP_000045,ABCOOORLYAOBOZ-KQYNXXCUSA-N
SP_000045,ABFJWRKPWCFTQP-JKFVOKSPSA-N
SP_000045,ABFJWRKPWCFTQP-XSMLMOGHSA-N
SP_000045,ABIKEVIWOJTKQS-AARKOHAPSA-N
SP_000045,ABLZXFCXXLZCGV-UHFFFAOYSA-L
SP_000045,ABRHOUKZOUNSSK-FVEAQGRNSA-N
SP_000045,ABUKPIBHMMLQDI-RCOVLANCSA-N
SP_000045,ACGLCDJEASKGDO-JSYPMYMJSA-N
SP_000045,ACIVVGBVOVHFPQ-RPDRRWSUSA-N
SP_000045,ACLPCAOOWJUVLL-DZKYTWFZSA-N
SP_000045,ACLQSYLJAZRTAP-XAFBQJBNSA-N
SP_000045,ACSIRQPNAYTBRW-VZUYHUTRSA-N
SP_000045,ACTHNCRNFFCCAQ-PLKVWTDNSA-N
SP_000045,ACTHNCRNFFCCAQ-YNQDZHFMSA-N
SP_000045,ACZVSMNFVFBOTM-UHFFFAOYSA-N
SP_000045,ADCKHLSRWCXEIY-GGAPOBRUSA-N
SP_000045,ADHKIZQYPQGIRC-ACSKKKSPSA-N
SP_000045,ADHKIZQYPQGIRC-SOZVHHJESA-N
SP_000045,ADHNTNYEJYJUCU-ZSJFXSENSA-N
SP_000045,ADKNUXINKGBJMY-LDLOPFEMSA-N
SP_000045,ADMGMAPZAQUXIR-VRHMUEQPSA-N
SP_000045,ADNSYCXWAHUWTA-SYOMJGEJSA-N
SP_000045,ADSGHWJRPOXXTD-IHWYPQMZSA-M
SP_000045,ADYPMBBPSUQKED-VOLCNUBSSA-N
SP_000045,ADZPFIMEBZGRHB-ILJAMNOWSA-N
SP_000045,AEFNZGGBWOQYID-UHFFFAOYSA-N
SP_000045,AEIJGHDRIPTRQY-UBTAJKBJSA-N
SP_000045,AELFRHHZGTVYGJ-QMMMGPOBSA-N
SP_000045,AEMFNILZOJDQLW-QAGGRKNESA-N
SP_000045,AERBNCYCJBRYDG-UHFFFAOYSA-N
SP_000045,AESBAQNLQIQXNK-BMFSGJJHSA-N
SP_000045,AETXDQTWHNBCRO-QLKFWGTOSA-N
SP_000045,AEWHYWSPVRZHCT-NDZSKPAWSA-N
SP_000045,AEWHYWSPVRZHCT-UHFFFAOYSA-J
SP_000045,AEXNGRVFOMIYOW-ICFOKQHNSA-N
SP_000045,AFFQVAIMWFYJJS-DTHFMEMVSA-N
SP_000046,AABKSFWWBUPVNY-NVCPWDGJSA-N
SP_000046,AAFBEFOSCLMOTF-KXBCQOCRSA-N
SP_000046,AAFBEFOSCLMOTF-RRPFJGJLSA-N
SP_000046,AANMVENRNJYEMK-UHFFFAOYSA-N
SP_000046,AANZTOSGIRNZNM-LNOKNGNPSA-N
SP_000046,AAPGXBRKBIUCMQ-GWHBCOKCSA-N
SP_000046,AAWNBEJOCRYVJE-QNGWXLTQSA-N
SP_000046,AAWZDTNXLSGCEK-UHFFFAOYSA-M
SP_000046,AAWZDTNXLSGCEK-UHFFFAOYSA-N
SP_000046,AAXMCYUUKFLUMJ-JSFHAIONSA-N
SP_000046,AAXMCYUUKFLUMJ-TWDRBPDCSA-N
SP_000046,AAXYAFFKOSNMEB-MHARETSRSA-N
SP_000046,AAZOMBJKSJQDHJ-ZBRBWIFHSA-N
SP_000046,AAZZVFONLHYNDZ-NVQRUNIKSA-J
SP_000046,ABBYYPGQJRBTGA-NESBLOORSA-N
SP_000046,ABCOOORLYAOBOZ-KQYNXXCUSA-N
SP_000046,ABFJWRKPWCFTQP-JKFVOKSPSA-N
SP_000046,ABFJWRKPWCFTQP-XSMLMOGHSA-N
SP_000046,ABIKEVIWOJTKQS-AARKOHAPSA-N
SP_000046,ABLZXFCXXLZCGV-UHFFFAOYSA-L
SP_000046,ABRHOUKZOUNSSK-FVEAQGRNSA-N
SP_000046,ABUKPIBHMMLQDI-RCOVLANCSA-N
SP_000046,ACGLCDJEASKGDO-JSYPMYMJSA-N
SP_000046,ACIVVGBVOVHFPQ-RPDRRWSUSA-N
SP_000046,ACLPCAOOWJUVLL-DZKYTWFZSA-N
SP_000046,ACLQSYLJAZRTAP-XAFBQJBNSA-N
SP_000046,ACSIRQPNAYTBRW-VZUYHUTRSA-N
SP_000046,ACTHNCRNFFCCAQ-PLKVWTDNSA-N
SP_000046,ACTHNCRNFFCCAQ-YNQDZHFMSA-N
SP_000046,ACZVSMNFVFBOTM-UHFFFAOYSA-N
SP_000046,ADCKHLSRWCXEIY-GGAPOBRUSA-N
SP_000046,ADHKIZQYPQGIRC-ACSKKKSPSA-N
SP_000046,ADHKIZQYPQGIRC-SOZVHHJESA-N
SP_000046,ADHNTNYEJYJUCU-ZSJFXSENSA-N
SP_000046,ADKNUXINKGBJMY-LDLOPFEMSA-N
SP_000046,ADMGMAPZAQUXIR-VRHMUEQPSA-N
SP_000046,ADNSYCXWAHUWTA-SYOMJGEJSA-N
SP_000046,ADSGHWJRPOXXTD-IHWYPQMZSA-M
SP_000046,ADYPMBBPSUQKED-VOLCNUBSSA-N
SP_000046,ADZPFIMEBZGRHB-ILJAMNOWSA-N
SP_000046,AEFNZGGBWOQYID-UHFFFAOYSA-N
SP_000046,AEIJGHDRIPTRQY-UBTAJKBJSA-N
SP_000046,AELFRHHZGTVYGJ-QMMMGPOBSA-N
SP_000046,AEMFNILZOJDQLW-QAGGRKNESA-N
SP_000046,AERBNCYCJBRYDG-UHFFFAOYSA-N
SP_000046,AESBAQNLQIQXNK-BMFSGJJHSA-N
SP_000046,AETXDQTWHNBCRO-QLKFWGTOSA-N
SP_000046,AEWHYWSPVRZHCT-NDZSKPAWSA-N
SP_000046,AEWHYWSPVRZHCT-UHFFFAOYSA-J
SP_000046,AEXNGRVFOMIYOW-ICFOKQHNSA-N
SP_000047,AAWZDTNXLSGCEK-UHFFFAOYSA-N
SP_000047,ADHNTNYEJYJUCU-ZSJFXSENSA-N
SP_000047,AHJCDQGRYVBQQZ-NSCUHMNNSA-N
SP_000047,APFBWMGEGSELQP-AATRIKPKSA-N
SP_000047,AUFJTEGVQXGXTG-UHFFFAOYSA-N
SP_000047,BATOPAZDIZEVQF-IAROGAJJSA-N
SP_000047,BDAGIHXWWSANSR-UHFFFAOYSA-N
SP_000047,BHPQYMZQTOCNFJ-UHFFFAOYSA-N
SP_000047,BHQCQFFYRZLCQQ-KRHHAYMPSA-N
SP_000047,BJBUEDPLEOHJGE-UHFFFAOYSA-N
SP_000047,BNBBFUJNMYQYLA-VQHVLOKHSA-N
SP_000047,CIWBSHSKHKDKBQ-JLAZNSOCSA-N
SP_000047,CKLJMWTZIZZHCS-UWTATZPHSA-N
SP_000047,CRZQGDNQQAALAY-UHFFFAOYSA-N
SP_000047,CUPQSMZELNNSIR-LZRZFMTJSA-N
SP_000047,CWVRJTMFETXNAD-DUXPYHPUSA-N
SP_000047,CWVRJTMFETXNAD-NXLLHMKUSA-N
SP_000047,CZMRCDWAGMRECN-UGDNZRGBSA-N
SP_000047,CZMRCDWAGMRECN-UHFFFAOYSA-N
SP_000047,CZXLHIZQQUJTND-UHFFFAOYSA-N
SP_000047,DFYRUELUNQRZTB-UHFFFAOYSA-N
SP_000047,DHMQDGOQFOQNFH-UHFFFAOYSA-N
SP_000047,DJLTZJGULPLVOA-UHFFFAOYSA-N
SP_000047,DNAYVNOVGHZZLH-UHFFFAOYSA-N
SP_000047,DOTJYWQAPHIAIF-UHFFFAOYSA-N
SP_000047,DOYDQNQLCHBFDK-ACGJGLCZSA-N
SP_000047,DPJRMOMPQZCRJU-UHFFFAOYSA-M
SP_000047,DQGMPXYVZZCNDQ-KBPWROHVSA-N
SP_000047,DSMWJDJWYGMEBO-UTCJRWHESA-N
SP_000047,DXYUAIFZCFRPTH-UHFFFAOYSA-N
SP_000047,DZAUWHJDUNRCTF-UHFFFAOYSA-N
SP_000047,FCGOBISRCUOUQH-UHFFFAOYSA-N
SP_000047,FCQSIIVNJCMJLB-UHFFFAOYSA-N
SP_000047,FJKROLUGYXJWQN-UHFFFAOYSA-N
SP_000047,FLURXOFTUKXKQN-UHFFFAOYSA-N
SP_000047,GDBJCCBRRCYCEG-UHFFFAOYSA-N
SP_000047,GEPAYBXVXXBSKP-UHFFFAOYSA-L
SP_000047,GLKCOBIIZKYKFN-UHFFFAOYSA-N
SP_000047,GUBGYTABKSRVRQ-PICCSMPSSA-N
SP_000047,GUBGYTABKSRVRQ-QKKXKWKRSA-N
SP_000047,GVJHHUAWPYXKBD-IEOSBIPESA-N
SP_000047,GWMMTXPUFREJAY-UHFFFAOYSA-N
SP_000047,GYFFKZTYYAFCTR-JUHZACGLSA-N
SP_000047,GZIFEOYASATJEH-UHFFFAOYSA-N
SP_000047,HCXVJBMSMIARIN-PHZDYDNGSA-N
SP_000047,HKSDVVJONLXYKL-ZFILXNNPSA-N
SP_000047,HUTCYUJPLOTDMX-KEBDBYFISA-N
SP_000047,HYCLWDHZALFLJV-UHFFFAOYSA-N
SP_000047,IDJXJAJYEFRBPY-UHFFFAOYSA-N
SP_000047,IIACRCGMVDHOTQ-UHFFFAOYSA-N
SP_000048,AABKSFWWBUPVNY-NVCPWDGJSA-N
SP_000048,AAFBEFOSCLMOTF-KXBCQOCRSA-N
SP_000048,AAFBEFOSCLMOTF-RRPFJGJLSA-N
SP_000048,AANMVENRNJYEMK-UHFFFAOYSA-N
SP_000048,AANZTOSGIRNZNM-LNOKNGNPSA-N
SP_000048,AAPGXBRKBIUCMQ-GWHBCOKCSA-N
SP_000048,AAWNBEJOCRYVJE-QNGWXLTQSA-N
SP_000048,AAWZDTNXLSGCEK-UHFFFAOYSA-M
SP_000048,AAXMCYUUKFLUMJ-JSFHAIONSA-N
SP_000048,AAXMCYUUKFLUMJ-TWDRBPDCSA-N
SP_000048,AAXYAFFKOSNMEB-MHARETSRSA-N
SP_000048,AAZOMBJKSJQDHJ-ZBRBWIFHSA-N
SP_000048,AAZZVFONLHYNDZ-NVQRUNIKSA-J
SP_000048,ABBYYPGQJRBTGA-NESBLOORSA-N
SP_000048,ABCOOORLYAOBOZ-KQYNXXCUSA-N
SP_000048,ABFJWRKPWCFTQP-JKFVOKSPSA-N
SP_000048,ABFJWRKPWCFTQP-XSMLMOGHSA-N
SP_000048,ABIKEVIWOJTKQS-AARKOHAPSA-N
SP_000048,ABLZXFCXXLZCGV-UHFFFAOYSA-L
SP_000048,ABRHOUKZOUNSSK-FVEAQGRNSA-N
SP_000048,ABUKPIBHMMLQDI-RCOVLANCSA-N
SP_000048,ACGLCDJEASKGDO-JSYPMYMJSA-N
SP_000048,ACIVVGBVOVHFPQ-RPDRRWSUSA-N
SP_000048,ACLPCAOOWJUVLL-DZKYTWFZSA-N
SP_000048,ACLQSYLJAZRTAP-XAFBQJBNSA-N
SP_000048,ACSIRQPNAYTBRW-VZUYHUTRSA-N
SP_000048,ACTHNCRNFFCCAQ-PLKVWTDNSA-N
SP_000048,ACTHNCRNFFCCAQ-YNQDZHFMSA-N
SP_000048,ACZVSMNFVFBOTM-UHFFFAOYSA-N
SP_000048,ADCKHLSRWCXEIY-GGAPOBRUSA-N
SP_000048,ADHKIZQYPQGIRC-ACSKKKSPSA-N
SP_000048,ADHKIZQYPQGIRC-SOZVHHJESA-N
SP_000048,ADHNTNYEJYJUCU-ZSJFXSENSA-N
SP_000048,ADKNUXINKGBJMY-LDLOPFEMSA-N
SP_000048,ADMGMAPZAQUXIR-VRHMUEQPSA-N
SP_000048,ADNSYCXWAHUWTA-SYOMJGEJSA-N
SP_000048,ADSGHWJRPOXXTD-IHWYPQMZSA-M
SP_000048,ADYPMBBPSUQKED-VOLCNUBSSA-N
SP_000048,ADZPFIMEBZGRHB-ILJAMNOWSA-N
SP_000048,AEDBOXCTQDATMF-UHFFFAOYSA-N
SP_000048,AEFNZGGBWOQYID-UHFFFAOYSA-N
SP_000048,AEIJGHDRIPTRQY-UBTAJKBJSA-N
SP_000048,AELFRHHZGTVYGJ-QMMMGPOBSA-N
SP_000048,AEMFNILZOJDQLW-QAGGRKNESA-N
SP_000048,AERBNCYCJBRYDG-UHFFFAOYSA-N
SP_000048,AESBAQNLQIQXNK-BMFSGJJHSA-N
SP_000048,AETXDQTWHNBCRO-QLKFWGTOSA-N
SP_000048,AEWHYWSPVRZHCT-NDZSKPAWSA-N
SP_000048,AEWHYWSPVRZHCT-UHFFFAOYSA-J
SP_000048,AEXNGRVFOMIYOW-ICFOKQHNSA-N
SP_000049,AABKSFWWBUPVNY-NVCPWDGJSA-N
SP_000049,AAFBEFOSCLMOTF-KXBCQOCRSA-N
SP_000049,AAFBEFOSCLMOTF-RRPFJGJLSA-N
SP_000049,AANMVENRNJYEMK-UHFFFAOYSA-N
SP_000049,AANZTOSGIRNZNM-LNOKNGNPSA-N
SP_000049,AAPGXBRKBIUCMQ-GWHBCOKCSA-N
SP_000049,AAWNBEJOCRYVJE-QNGWXLTQSA-N
SP_000049,AAWZDTNXLSGCEK-UHFFFAOYSA-M
SP_000049,AAXMCYUUKFLUMJ-JSFHAIONSA-N
SP_000049,AAXMCYUUKFLUMJ-TWDRBPDCSA-N
SP_000049,AAXYAFFKOSNMEB-MHARETSRSA-N
SP_000049,AAZOMBJKSJQDHJ-ZBRBWIFHSA-N
SP_000049,AAZZVFONLHYNDZ-NVQRUNIKSA-J
SP_000049,ABBYYPGQJRBTGA-NESBLOORSA-N
SP_000049,ABCOOORLYAOBOZ-KQYNXXCUSA-N
SP_000049,ABFJWRKPWCFTQP-JKFVOKSPSA-N
SP_000049,ABFJWRKPWCFTQP-XSMLMOGHSA-N
SP_000049,ABIKEVIWOJTKQS-AARKOHAPSA-N
SP_000049,ABLZXFCXXLZCGV-UHFFFAOYSA-L
SP_000049,ABRHOUKZOUNSSK-FVEAQGRNSA-N
SP_000049,ABUKPIBHMMLQDI-RCOVLANCSA-N
SP_000049,ACGLCDJEASKGDO-JSYPMYMJSA-N
SP_000049,ACIVVGBVOVHFPQ-RPDRRWSUSA-N
SP_000049,ACLPCAOOWJUVLL-DZKYTWFZSA-N
SP_000049,ACLQSYLJAZRTAP-XAFBQJBNSA-N
SP_000049,ACSIRQPNAYTBRW-VZUYHUTRSA-N
SP_000049,ACTHNCRNFFCCAQ-PLKVWTDNSA-N
SP_000049,ACTHNCRNFFCCAQ-YNQDZHFMSA-N
SP_000049,ACZVSMNFVFBOTM-UHFFFAOYSA-N
SP_000049,ADCKHLSRWCXEIY-GGAPOBRUSA-N
SP_000049,ADHKIZQYPQGIRC-ACSKKKSPSA-N
SP_000049,ADHKIZQYPQGIRC-SOZVHHJESA-N
SP_000049,ADHNTNYEJYJUCU-ZSJFXSENSA-N
SP_000049,ADKNUXINKGBJMY-LDLOPFEMSA-N
SP_000049,ADMGMAPZAQUXIR-VRHMUEQPSA-N
SP_000049,ADNSYCXWAHUWTA-SYOMJGEJSA-N
SP_000049,ADSGHWJRPOXXTD-IHWYPQMZSA-M
SP_000049,ADYPMBBPSUQKED-VOLCNUBSSA-N
SP_000049,ADZPFIMEBZGRHB-ILJAMNOWSA-N
SP_000049,AEFNZGGBWOQYID-UHFFFAOYSA-N
SP_000049,AEIJGHDRIPTRQY-UBTAJKBJSA-N
SP_000049,AELFRHHZGTVYGJ-QMMMGPOBSA-N
SP_000049,AEMFNILZOJDQLW-QAGGRKNESA-N
SP_000049,AERBNCYCJBRYDG-UHFFFAOYSA-N
SP_000049,AESBAQNLQIQXNK-BMFSGJJHSA-N
SP_000049,AETXDQTWHNBCRO-QLKFWGTOSA-N
SP_000049,AEWHYWSPVRZHCT-NDZSKPAWSA-N
SP_000049,AEWHYWSPVRZHCT-UHFFFAOYSA-J
SP_000049,AEXNGRVFOMIYOW-ICFOKQHNSA-N
SP_000049,AFFQVAIMWFYJJS-DTHFMEMVSA-N
SP_000050,AABKSFWWBUPVNY-NVCPWDGJSA-N
SP_000050,AAFBEFOSCLMOTF-KXBCQOCRSA-N
SP_000050,AAFBEFOSCLMOTF-RRPFJGJLSA-N
SP_000050,AANMVENRNJYEMK-UHFFFAOYSA-N
SP_000050,AANZTOSGIRNZNM-LNOKNGNPSA-N
SP_000050,AAPGXBRKBIUCMQ-GWHBCOKCSA-N
SP_000050,AAWNBEJOCRYVJE-QNGWXLTQSA-N
SP_000050,AAWZDTNXLSGCEK-UHFFFAOYSA-M
SP_000050,AAXMCYUUKFLUMJ-JSFHAIONSA-N
SP_000050,AAXMCYUUKFLUMJ-TWDRBPDCSA-N
SP_000050,AAXYAFFKOSNMEB-MHARETSRSA-N
SP_000050,AAZOMBJKSJQDHJ-ZBRBWIFHSA-N
SP_000050,AAZZVFONLHYNDZ-NVQRUNIKSA-J
SP_000050,ABBYYPGQJRBTGA-NESBLOORSA-N
SP_000050,ABCOOORLYAOBOZ-KQYNXXCUSA-N
SP_000050,ABFJWRKPWCFTQP-JKFVOKSPSA-N
SP_000050,ABFJWRKPWCFTQP-XSMLMOGHSA-N
SP_000050,ABIKEVIWOJTKQS-AARKOHAPSA-N
SP_000050,ABLZXFCXXLZCGV-UHFFFAOYSA-L
SP_000050,ABRHOUKZOUNSSK-FVEAQGRNSA-N
SP_000050,ABUKPIBHMMLQDI-RCOVLANCSA-N
SP_000050,ACGLCDJEASKGDO-JSYPMYMJSA-N
SP_000050,ACIVVGBVOVHFPQ-RPDRRWSUSA-N
SP_000050,ACLPCAOOWJUVLL-DZKYTWFZSA-N
SP_000050,ACLQSYLJAZRTAP-XAFBQJBNSA-N
SP_000050,ACSIRQPNAYTBRW-VZUYHUTRSA-N
SP_000050,ACTHNCRNFFCCAQ-PLKVWTDNSA-N
SP_000050,ACTHNCRNFFCCAQ-YNQDZHFMSA-N
SP_000050,ACTIUHUUMQJHFO-UPTCCGCDSA-N
SP_000050,ACZVSMNFVFBOTM-UHFFFAOYSA-N
SP_000050,ADACAMXIRQREOB-UHFFFAOYSA-N
SP_000050,ADCKHLSRWCXEIY-GGAPOBRUSA-N
SP_000050,ADHKIZQYPQGIRC-ACSKKKSPSA-N
SP_000050,ADHKIZQYPQGIRC-SOZVHHJESA-N
SP_000050,ADHNTNYEJYJUCU-ZSJFXSENSA-N
SP_000050,ADKNUXINKGBJMY-LDLOPFEMSA-N
SP_000050,ADMGMAPZAQUXIR-VRHMUEQPSA-N
SP_000050,ADNSYCXWAHUWTA-SYOMJGEJSA-N
SP_000050,ADSGHWJRPOXXTD-IHWYPQMZSA-M
SP_000050,ADYPMBBPSUQKED-VOLCNUBSSA-N
SP_000050,ADZPFIMEBZGRHB-ILJAMNOWSA-N
SP_000050,AEDBOXCTQDATMF-UHFFFAOYSA-N
SP_000050,AEFNZGGBWOQYID-UHFFFAOYSA-N
SP_000050,AEIJGHDRIPTRQY-UBTAJKBJSA-N
SP_000050,AELFRHHZGTVYGJ-QMMMGPOBSA-N
SP_000050,AEMFNILZOJDQLW-QAGGRKNESA-N
SP_000050,AEQPLRPDNSGKQU-GCOOXHSISA-N
SP_000050,AERBNCYCJBRYDG-UHFFFAOYSA-N
SP_000050,AESBAQNLQIQXNK-BMFSGJJHSA-N
SP_000050,AETXDQTWHNBCRO-QLKFWGTOSA-N
SP_000051,AABKSFWWBUPVNY-NVCPWDGJSA-N
SP_000051,AAFBEFOSCLMOTF-KXBCQOCRSA-N
SP_000051,AAFBEFOSCLMOTF-RRPFJGJLSA-N
SP_000051,AANMVENRNJYEMK-UHFFFAOYSA-N
SP_000051,AANZTOSGIRNZNM-LNOKNGNPSA-N
SP_000051,AAPGXBRKBIUCMQ-GWHBCOKCSA-N
SP_000051,AAWNBEJOCRYVJE-QNGWXLTQSA-N
SP_000051,AAWZDTNXLSGCEK-UHFFFAOYSA-M
SP_000051,AAXMCYUUKFLUMJ-JSFHAIONSA-N
SP_000051,AAXMCYUUKFLUMJ-TWDRBPDCSA-N
SP_000051,AAXYAFFKOSNMEB-MHARETSRSA-N
SP_000051,AAZOMBJKSJQDHJ-ZBRBWIFHSA-N
SP_000051,AAZZVFONLHYNDZ-NVQRUNIKSA-J
SP_000051,ABBYYPGQJRBTGA-NESBLOORSA-N
SP_000051,ABCOOORLYAOBOZ-KQYNXXCUSA-N
SP_000051,ABFJWRKPWCFTQP-JKFVOKSPSA-N
SP_000051,ABFJWRKPWCFTQP-XSMLMOGHSA-N
SP_000051,ABIKEVIWOJTKQS-AARKOHAPSA-N
SP_000051,ABLZXFCXXLZCGV-UHFFFAOYSA-L
SP_000051,ABRHOUKZOUNSSK-FVEAQGRNSA-N
SP_000051,ABUKPIBHMMLQDI-RCOVLANCSA-N
SP_000051,ACGLCDJEASKGDO-JSYPMYMJSA-N
SP_000051,ACIVVGBVOVHFPQ-RPDRRWSUSA-N
SP_000051,ACLPCAOOWJUVLL-DZKYTWFZSA-N
SP_000051,ACLQSYLJAZRTAP-XAFBQJBNSA-N
SP_000051,ACSIRQPNAYTBRW-VZUYHUTRSA-N
SP_000051,ACTHNCRNFFCCAQ-PLKVWTDNSA-N
SP_000051,ACTHNCRNFFCCAQ-YNQDZHFMSA-N
SP_000051,ACZVSMNFVFBOTM-UHFFFAOYSA-N
SP_000051,ADCKHLSRWCXEIY-GGAPOBRUSA-N
SP_000051,ADHKIZQYPQGIRC-ACSKKKSPSA-N
SP_000051,ADHKIZQYPQGIRC-SOZVHHJESA-N
SP_000051,ADHNTNYEJYJUCU-ZSJFXSENSA-N
SP_000051,ADKNUXINKGBJMY-LDLOPFEMSA-N
SP_000051,ADMGMAPZAQUXIR-VRHMUEQPSA-N
SP_000051,ADNSYCXWAHUWTA-SYOMJGEJSA-N
SP_000051,ADSGHWJRPOXXTD-IHWYPQMZSA-M
SP_000051,ADUXEKGZLYFWEG-VQFZQRBBSA-N
SP_000051,ADYPMBBPSUQKED-VOLCNUBSSA-N
SP_000051,ADZPFIMEBZGRHB-ILJAMNOWSA-N
SP_000051,AEFNZGGBWOQYID-UHFFFAOYSA-N
SP_000051,AEIJGHDRIPTRQY-UBTAJKBJSA-N
SP_000051,AELFRHHZGTVYGJ-QMMMGPOBSA-N
SP_000051,AEMFNILZOJDQLW-QAGGRKNESA-N
SP_000051,AERBNCYCJBRYDG-UHFFFAOYSA-N
SP_000051,AESBAQNLQIQXNK-BMFSGJJHSA-N
SP_000051,AETXDQTWHNBCRO-QLKFWGTOSA-N
SP_000051,AEWHYWSPVRZHCT-NDZSKPAWSA-N
SP_000051,AEWHYWSPVRZHCT-UHFFFAOYSA-J
SP_000051,AEXNGRVFOMIYOW-ICFOKQHNSA-N
SP_000052,AABKSFWWBUPVNY-NVCPWDGJSA-N
SP_000052,AAFBEFOSCLMOTF-KXBCQOCRSA-N
SP_000052,AAFBEFOSCLMOTF-RRPFJGJLSA-N
SP_000052,AANMVENRNJYEMK-UHFFFAOYSA-N
SP_000052,AANZTOSGIRNZNM-LNOKNGNPSA-N
SP_000052,AAPGXBRKBIUCMQ-GWHBCOKCSA-N
SP_000052,AAWNBEJOCRYVJE-QNGWXLTQSA-N
SP_000052,AAWZDTNXLSGCEK-UHFFFAOYSA-M
SP_000052,AAXMCYUUKFLUMJ-JSFHAIONSA-N
SP_000052,AAXMCYUUKFLUMJ-TWDRBPDCSA-N
SP_000052,AAXYAFFKOSNMEB-MHARETSRSA-N
SP_000052,AAZOMBJKSJQDHJ-ZBRBWIFHSA-N
SP_000052,AAZZVFONLHYNDZ-NVQRUNIKSA-J
SP_000052,ABBYYPGQJRBTGA-NESBLOORSA-N
SP_000052,ABCOOORLYAOBOZ-KQYNXXCUSA-N
SP_000052,ABFJWRKPWCFTQP-JKFVOKSPSA-N
SP_000052,ABFJWRKPWCFTQP-XSMLMOGHSA-N
SP_000052,ABIKEVIWOJTKQS-AARKOHAPSA-N
SP_000052,ABLZXFCXXLZCGV-UHFFFAOYSA-L
SP_000052,ABRHOUKZOUNSSK-FVEAQGRNSA-N
SP_000052,ABUKPIBHMMLQDI-RCOVLANCSA-N
SP_000052,ACGLCDJEASKGDO-JSYPMYMJSA-N
SP_000052,ACIVVGBVOVHFPQ-RPDRRWSUSA-N
SP_000052,ACLPCAOOWJUVLL-DZKYTWFZSA-N
SP_000052,ACLQSYLJAZRTAP-XAFBQJBNSA-N
SP_000052,ACSIRQPNAYTBRW-VZUYHUTRSA-N
SP_000052,ACTHNCRNFFCCAQ-PLKVWTDNSA-N
SP_000052,ACTHNCRNFFCCAQ-YNQDZHFMSA-N
SP_000052,ACZVSMNFVFBOTM-UHFFFAOYSA-N
SP_000052,ADCKHLSRWCXEIY-GGAPOBRUSA-N
SP_000052,ADHKIZQYPQGIRC-ACSKKKSPSA-N
SP_000052,ADHKIZQYPQGIRC-SOZVHHJESA-N
SP_000052,ADHNTNYEJYJUCU-ZSJFXSENSA-N
SP_000052,ADKNUXINKGBJMY-LDLOPFEMSA-N
SP_000052,ADMGMAPZAQUXIR-VRHMUEQPSA-N
SP_000052,ADNSYCXWAHUWTA-SYOMJGEJSA-N
SP_000052,ADSGHWJRPOXXTD-IHWYPQMZSA-M
SP_000052,ADVFPEKLSDNTRV-UHFFFAOYSA-N
SP_000052,ADYPMBBPSUQKED-VOLCNUBSSA-N
SP_000052,ADZPFIMEBZGRHB-ILJAMNOWSA-N
SP_000052,AEFNZGGBWOQYID-UHFFFAOYSA-N
SP_000052,AEIJGHDRIPTRQY-UBTAJKBJSA-N
SP_000052,AELFRHHZGTVYGJ-QMMMGPOBSA-N
SP_000052,AEMFNILZOJDQLW-QAGGRKNESA-N
SP_000052,AEMFNILZOJDQLW-UHFFFAOYSA-N
SP_000052,AERBNCYCJBRYDG-UHFFFAOYSA-N
SP_000052,AESBAQNLQIQXNK-BMFSGJJHSA-N
SP_000052,AETXDQTWHNBCRO-QLKFWGTOSA-N
SP_000052,AEWHYWSPVRZHCT-NDZSKPAWSA-N
SP_000052,AEWHYWSPVRZHCT-UHFFFAOYSA-J
SP_000053,AABKSFWWBUPVNY-NVCPWDGJSA-N
SP_000053,AAFBEFOSCLMOTF-KXBCQOCRSA-N
SP_000053,AAFBEFOSCLMOTF-RRPFJGJLSA-N
SP_000053,AANMVENRNJYEMK-UHFFFAOYSA-N
SP_000053,AANZTOSGIRNZNM-LNOKNGNPSA-N
SP_000053,AAPGXBRKBIUCMQ-GWHBCOKCSA-N
SP_000053,AAWNBEJOCRYVJE-QNGWXLTQSA-N
SP_000053,AAWZDTNXLSGCEK-UHFFFAOYSA-M
SP_000053,AAXMCYUUKFLUMJ-JSFHAIONSA-N
SP_000053,AAXMCYUUKFLUMJ-TWDRBPDCSA-N
SP_000053,AAXYAFFKOSNMEB-MHARETSRSA-N
SP_000053,AAZOMBJKSJQDHJ-ZBRBWIFHSA-N
SP_000053,AAZZVFONLHYNDZ-NVQRUNIKSA-J
SP_000053,ABBYYPGQJRBTGA-NESBLOORSA-N
SP_000053,ABCOOORLYAOBOZ-KQYNXXCUSA-N
SP_000053,ABFJWRKPWCFTQP-JKFVOKSPSA-N
SP_000053,ABFJWRKPWCFTQP-XSMLMOGHSA-N
SP_000053,ABIKEVIWOJTKQS-AARKOHAPSA-N
SP_000053,ABLZXFCXXLZCGV-UHFFFAOYSA-L
SP_000053,ABRHOUKZOUNSSK-FVEAQGRNSA-N
SP_000053,ABUKPIBHMMLQDI-RCOVLANCSA-N
SP_000053,ACGLCDJEASKGDO-JSYPMYMJSA-N
SP_000053,ACIVVGBVOVHFPQ-RPDRRWSUSA-N
SP_000053,ACLPCAOOWJUVLL-DZKYTWFZSA-N
SP_000053,ACLQSYLJAZRTAP-XAFBQJBNSA-N
SP_000053,ACSIRQPNAYTBRW-VZUYHUTRSA-N
SP_000053,ACTHNCRNFFCCAQ-PLKVWTDNSA-N
SP_000053,ACTHNCRNFFCCAQ-YNQDZHFMSA-N
SP_000053,ACZVSMNFVFBOTM-UHFFFAOYSA-N
SP_000053,ADCKHLSRWCXEIY-GGAPOBRUSA-N
SP_000053,ADHKIZQYPQGIRC-ACSKKKSPSA-N
SP_000053,ADHKIZQYPQGIRC-SOZVHHJESA-N
SP_000053,ADHNTNYEJYJUCU-ZSJFXSENSA-N
SP_000053,ADKNUXINKGBJMY-LDLOPFEMSA-N
SP_000053,ADMGMAPZAQUXIR-VRHMUEQPSA-N
SP_000053,ADNSYCXWAHUWTA-SYOMJGEJSA-N
SP_000053,ADSGHWJRPOXXTD-IHWYPQMZSA-M
SP_000053,ADYPMBBPSUQKED-VOLCNUBSSA-N
SP_000053,ADZPFIMEBZGRHB-ILJAMNOWSA-N
SP_000053,AEFNZGGBWOQYID-UHFFFAOYSA-N
SP_000053,AEIJGHDRIPTRQY-UBTAJKBJSA-N
SP_000053,AELFRHHZGTVYGJ-QMMMGPOBSA-N
SP_000053,AEMFNILZOJDQLW-QAGGRKNESA-N
SP_000053,AERBNCYCJBRYDG-UHFFFAOYSA-N
SP_000053,AESBAQNLQIQXNK-BMFSGJJHSA-N
SP_000053,AETXDQTWHNBCRO-QLKFWGTOSA-N
SP_000053,AEWHYWSPVRZHCT-NDZSKPAWSA-N
SP_000053,AEWHYWSPVRZHCT-UHFFFAOYSA-J
SP_000053,AEXNGRVFOMIYOW-ICFOKQHNSA-N
SP_000053,AFFQVAIMWFYJJS-DTHFMEMVSA-N
SP_000054,AABKSFWWBUPVNY-NVCPWDGJSA-N
SP_000054,AAFBEFOSCLMOTF-KXBCQOCRSA-N
SP_000054,AAFBEFOSCLMOTF-RRPFJGJLSA-N
SP_000054,AANMVENRNJYEMK-UHFFFAOYSA-N
SP_000054,AANZTOSGIRNZNM-LNOKNGNPSA-N
SP_000054,AAPGXBRKBIUCMQ-GWHBCOKCSA-N
SP_000054,AAWNBEJOCRYVJE-QNGWXLTQSA-N
SP_000054,AAWZDTNXLSGCEK-UHFFFAOYSA-M
SP_000054,AAXMCYUUKFLUMJ-JSFHAIONSA-N
SP_000054,AAXMCYUUKFLUMJ-TWDRBPDCSA-N
SP_000054,AAXYAFFKOSNMEB-MHARETSRSA-N
SP_000054,AAZOMBJKSJQDHJ-ZBRBWIFHSA-N
SP_000054,AAZZVFONLHYNDZ-NVQRUNIKSA-J
SP_000054,ABBYYPGQJRBTGA-NESBLOORSA-N
SP_000054,ABCOOORLYAOBOZ-KQYNXXCUSA-N
SP_000054,ABFJWRKPWCFTQP-JKFVOKSPSA-N
SP_000054,ABFJWRKPWCFTQP-XSMLMOGHSA-N
SP_000054,ABIKEVIWOJTKQS-AARKOHAPSA-N
SP_000054,ABLZXFCXXLZCGV-UHFFFAOYSA-L
SP_000054,ABRHOUKZOUNSSK-FVEAQGRNSA-N
SP_000054,ABUKPIBHMMLQDI-RCOVLANCSA-N
SP_000054,ACGLCDJEASKGDO-JSYPMYMJSA-N
SP_000054,ACIVVGBVOVHFPQ-RPDRRWSUSA-N
SP_000054,ACLPCAOOWJUVLL-DZKYTWFZSA-N
SP_000054,ACLQSYLJAZRTAP-XAFBQJBNSA-N
SP_000054,ACSIRQPNAYTBRW-VZUYHUTRSA-N
SP_000054,ACTHNCRNFFCCAQ-PLKVWTDNSA-N
SP_000054,ACTHNCRNFFCCAQ-YNQDZHFMSA-N
SP_000054,ACZVSMNFVFBOTM-UHFFFAOYSA-N
SP_000054,ADCKHLSRWCXEIY-GGAPOBRUSA-N
SP_000054,ADHKIZQYPQGIRC-ACSKKKSPSA-N
SP_000054,ADHKIZQYPQGIRC-SOZVHHJESA-N
SP_000054,ADHNTNYEJYJUCU-ZSJFXSENSA-N
SP_000054,ADKNUXINKGBJMY-LDLOPFEMSA-N
SP_000054,ADMGMAPZAQUXIR-VRHMUEQPSA-N
SP_000054,ADNSYCXWAHUWTA-SYOMJGEJSA-N
SP_000054,ADSGHWJRPOXXTD-IHWYPQMZSA-M
SP_000054,ADYPMBBPSUQKED-VOLCNUBSSA-N
SP_000054,ADZPFIMEBZGRHB-ILJAMNOWSA-N
SP_000054,AEFNZGGBWOQYID-UHFFFAOYSA-N
SP_000054,AEIJGHDRIPTRQY-UBTAJKBJSA-N
SP_000054,AELFRHHZGTVYGJ-QMMMGPOBSA-N
SP_000054,AEMFNILZOJDQLW-QAGGRKNESA-N
SP_000054,AERBNCYCJBRYDG-UHFFFAOYSA-N
SP_000054,AESBAQNLQIQXNK-BMFSGJJHSA-N
SP_000054,AETXDQTWHNBCRO-QLKFWGTOSA-N
SP_000054,AEWHYWSPVRZHCT-NDZSKPAWSA-N
SP_000054,AEWHYWSPVRZHCT-UHFFFAOYSA-J
SP_000054,AEXNGRVFOMIYOW-ICFOKQHNSA-N
SP_000054,AFFQVAIMWFYJJS-DTHFMEMVSA-N
SP_000055,AABKSFWWBUPVNY-NVCPWDGJSA-N
SP_000055,AAFBEFOSCLMOTF-KXBCQOCRSA-N
SP_000055,AAFBEFOSCLMOTF-RRPFJGJLSA-N
SP_000055,AANMVENRNJYEMK-UHFFFAOYSA-N
SP_000055,AANZTOSGIRNZNM-LNOKNGNPSA-N
SP_000055,AAPGXBRKBIUCMQ-GWHBCOKCSA-N
SP_000055,AAWNBEJOCRYVJE-QNGWXLTQSA-N
SP_000055,AAWZDTNXLSGCEK-UHFFFAOYSA-M
SP_000055,AAXMCYUUKFLUMJ-JSFHAIONSA-N
SP_000055,AAXMCYUUKFLUMJ-TWDRBPDCSA-N
SP_000055,AAXYAFFKOSNMEB-MHARETSRSA-N
SP_000055,AAZOMBJKSJQDHJ-ZBRBWIFHSA-N
SP_000055,AAZZVFONLHYNDZ-NVQRUNIKSA-J
SP_000055,ABBYYPGQJRBTGA-NESBLOORSA-N
SP_000055,ABCOOORLYAOBOZ-KQYNXXCUSA-N
SP_000055,ABFJWRKPWCFTQP-JKFVOKSPSA-N
SP_000055,ABFJWRKPWCFTQP-XSMLMOGHSA-N
SP_000055,ABIKEVIWOJTKQS-AARKOHAPSA-N
SP_000055,ABLZXFCXXLZCGV-UHFFFAOYSA-L
SP_000055,ABRHOUKZOUNSSK-FVEAQGRNSA-N
SP_000055,ABUKPIBHMMLQDI-RCOVLANCSA-N
SP_000055,ACGLCDJEASKGDO-JSYPMYMJSA-N
SP_000055,ACIVVGBVOVHFPQ-RPDRRWSUSA-N
SP_000055,ACJJXELQAJQSLK-UHFFFAOYSA-N
SP_000055,ACLPCAOOWJUVLL-DZKYTWFZSA-N
SP_000055,ACLQSYLJAZRTAP-XAFBQJBNSA-N
SP_000055,ACSIRQPNAYTBRW-VZUYHUTRSA-N
SP_000055,ACTHNCRNFFCCAQ-PLKVWTDNSA-N
SP_000055,ACTHNCRNFFCCAQ-YNQDZHFMSA-N
SP_000055,ACZVSMNFVFBOTM-UHFFFAOYSA-N
SP_000055,ADCKHLSRWCXEIY-GGAPOBRUSA-N
SP_000055,ADHKIZQYPQGIRC-ACSKKKSPSA-N
SP_000055,ADHKIZQYPQGIRC-SOZVHHJESA-N
SP_000055,ADHNTNYEJYJUCU-ZSJFXSENSA-N
SP_000055,ADKNUXINKGBJMY-LDLOPFEMSA-N
SP_000055,ADMGMAPZAQUXIR-VRHMUEQPSA-N
SP_000055,ADNSYCXWAHUWTA-SYOMJGEJSA-N
SP_000055,ADSGHWJRPOXXTD-IHWYPQMZSA-M
SP_000055,ADYPMBBPSUQKED-VOLCNUBSSA-N
SP_000055,ADZPFIMEBZGRHB-ILJAMNOWSA-N
SP_000055,AEFNZGGBWOQYID-UHFFFAOYSA-N
SP_000055,AEIJGHDRIPTRQY-UBTAJKBJSA-N
SP_000055,AELFRHHZGTVYGJ-QMMMGPOBSA-N
SP_000055,AEMFNILZOJDQLW-QAGGRKNESA-N
SP_000055,AERBNCYCJBRYDG-UHFFFAOYSA-N
SP_000055,AESBAQNLQIQXNK-BMFSGJJHSA-N
SP_000055,AETXDQTWHNBCRO-QLKFWGTOSA-N
SP_000055,AEWHYWSPVRZHCT-NDZSKPAWSA-N
SP_000055,AEWHYWSPVRZHCT-UHFFFAOYSA-J
SP_000055,AEXNGRVFOMIYOW-ICFOKQHNSA-N
SP_000056,AABKSFWWBUPVNY-NVCPWDGJSA-N
SP_000056,AAFBEFOSCLMOTF-KXBCQOCRSA-N
SP_000056,AAFBEFOSCLMOTF-RRPFJGJLSA-N
SP_000056,AANMVENRNJYEMK-UHFFFAOYSA-N
SP_000056,AANZTOSGIRNZNM-LNOKNGNPSA-N
SP_000056,AAPGXBRKBIUCMQ-GWHBCOKCSA-N
SP_000056,AAWNBEJOCRYVJE-QNGWXLTQSA-N
SP_000056,AAWZDTNXLSGCEK-UHFFFAOYSA-M
SP_000056,AAXMCYUUKFLUMJ-JSFHAIONSA-N
SP_000056,AAXMCYUUKFLUMJ-TWDRBPDCSA-N
SP_000056,AAXYAFFKOSNMEB-MHARETSRSA-N
SP_000056,AAZOMBJKSJQDHJ-ZBRBWIFHSA-N
SP_000056,AAZZVFONLHYNDZ-NVQRUNIKSA-J
SP_000056,ABBYYPGQJRBTGA-NESBLOORSA-N
SP_000056,ABCOOORLYAOBOZ-KQYNXXCUSA-N
SP_000056,ABFJWRKPWCFTQP-JKFVOKSPSA-N
SP_000056,ABFJWRKPWCFTQP-XSMLMOGHSA-N
SP_000056,ABIKEVIWOJTKQS-AARKOHAPSA-N
SP_000056,ABLZXFCXXLZCGV-UHFFFAOYSA-L
SP_000056,ABRHOUKZOUNSSK-FVEAQGRNSA-N
SP_000056,ABUKPIBHMMLQDI-RCOVLANCSA-N
SP_000056,ACGLCDJEASKGDO-JSYPMYMJSA-N
SP_000056,ACIVVGBVOVHFPQ-RPDRRWSUSA-N
SP_000056,ACLPCAOOWJUVLL-DZKYTWFZSA-N
SP_000056,ACLQSYLJAZRTAP-XAFBQJBNSA-N
SP_000056,ACSIRQPNAYTBRW-VZUYHUTRSA-N
SP_000056,ACTHNCRNFFCCAQ-PLKVWTDNSA-N
SP_000056,ACTHNCRNFFCCAQ-YNQDZHFMSA-N
SP_000056,ACZVSMNFVFBOTM-UHFFFAOYSA-N
SP_000056,ADCKHLSRWCXEIY-GGAPOBRUSA-N
SP_000056,ADHKIZQYPQGIRC-ACSKKKSPSA-N
SP_000056,ADHKIZQYPQGIRC-SOZVHHJESA-N
SP_000056,ADHNTNYEJYJUCU-ZSJFXSENSA-N
SP_000056,ADKNUXINKGBJMY-LDLOPFEMSA-N
SP_000056,ADMGMAPZAQUXIR-VRHMUEQPSA-N
SP_000056,ADNSYCXWAHUWTA-SYOMJGEJSA-N
SP_000056,ADSGHWJRPOXXTD-IHWYPQMZSA-M
SP_000056,ADYPMBBPSUQKED-VOLCNUBSSA-N
SP_000056,ADZPFIMEBZGRHB-ILJAMNOWSA-N
SP_000056,AEFNZGGBWOQYID-UHFFFAOYSA-N
SP_000056,AEIJGHDRIPTRQY-UBTAJKBJSA-N
SP_000056,AELFRHHZGTVYGJ-QMMMGPOBSA-N
SP_000056,AEMFNILZOJDQLW-QAGGRKNESA-N
SP_000056,AERBNCYCJBRYDG-UHFFFAOYSA-N
SP_000056,AESBAQNLQIQXNK-BMFSGJJHSA-N
SP_000056,AETXDQTWHNBCRO-QLKFWGTOSA-N
SP_000056,AEWHYWSPVRZHCT-NDZSKPAWSA-N
SP_000056,AEWHYWSPVRZHCT-UHFFFAOYSA-J
SP_000056,AEXNGRVFOMIYOW-ICFOKQHNSA-N
SP_000056,AFFQVAIMWFYJJS-DTHFMEMVSA-N
SP_000057,AABKSFWWBUPVNY-NVCPWDGJSA-N
SP_000057,AAFBEFOSCLMOTF-KXBCQOCRSA-N
SP_000057,AAFBEFOSCLMOTF-RRPFJGJLSA-N
SP_000057,AANMVENRNJYEMK-UHFFFAOYSA-N
SP_000057,AANZTOSGIRNZNM-LNOKNGNPSA-N
SP_000057,AAPGXBRKBIUCMQ-GWHBCOKCSA-N
SP_000057,AAWNBEJOCRYVJE-QNGWXLTQSA-N
SP_000057,AAWZDTNXLSGCEK-UHFFFAOYSA-M
SP_000057,AAWZDTNXLSGCEK-UHFFFAOYSA-N
SP_000057,AAXMCYUUKFLUMJ-JSFHAIONSA-N
SP_000057,AAXMCYUUKFLUMJ-TWDRBPDCSA-N
SP_000057,AAXYAFFKOSNMEB-MHARETSRSA-N
SP_000057,AAZOMBJKSJQDHJ-ZBRBWIFHSA-N
SP_000057,AAZZVFONLHYNDZ-NVQRUNIKSA-J
SP_000057,ABBYYPGQJRBTGA-NESBLOORSA-N
SP_000057,ABCOOORLYAOBOZ-KQYNXXCUSA-N
SP_000057,ABFJWRKPWCFTQP-JKFVOKSPSA-N
SP_000057,ABFJWRKPWCFTQP-XSMLMOGHSA-N
SP_000057,ABIKEVIWOJTKQS-AARKOHAPSA-N
SP_000057,ABLZXFCXXLZCGV-UHFFFAOYSA-L
SP_000057,ABRHOUKZOUNSSK-FVEAQGRNSA-N
SP_000057,ABUKPIBHMMLQDI-RCOVLANCSA-N
SP_000057,ACGLCDJEASKGDO-JSYPMYMJSA-N
SP_000057,ACIVVGBVOVHFPQ-RPDRRWSUSA-N
SP_000057,ACLPCAOOWJUVLL-DZKYTWFZSA-N
SP_000057,ACLQSYLJAZRTAP-XAFBQJBNSA-N
SP_000057,ACSIRQPNAYTBRW-VZUYHUTRSA-N
SP_000057,ACTHNCRNFFCCAQ-PLKVWTDNSA-N
SP_000057,ACTHNCRNFFCCAQ-YNQDZHFMSA-N
SP_000057,ACUIYXOOZPHRRA-DHEZTBRESA-N
SP_000057,ACWQBUSCFPJUPN-HYXAFXHYSA-N
SP_000057,ACZVSMNFVFBOTM-UHFFFAOYSA-N
SP_000057,ADCKHLSRWCXEIY-GGAPOBRUSA-N
SP_000057,ADHKIZQYPQGIRC-ACSKKKSPSA-N
SP_000057,ADHKIZQYPQGIRC-SOZVHHJESA-N
SP_000057,ADHNTNYEJYJUCU-ZSJFXSENSA-N
SP_000057,ADKNUXINKGBJMY-LDLOPFEMSA-N
SP_000057,ADMGMAPZAQUXIR-VRHMUEQPSA-N
SP_000057,ADNSYCXWAHUWTA-SYOMJGEJSA-N
SP_000057,ADSGHWJRPOXXTD-IHWYPQMZSA-M
SP_000057,ADYPMBBPSUQKED-VOLCNUBSSA-N
SP_000057,ADZPFIMEBZGRHB-ILJAMNOWSA-N
SP_000057,AEFNZGGBWOQYID-UHFFFAOYSA-N
SP_000057,AEIJGHDRIPTRQY-UBTAJKBJSA-N
SP_000057,AELFRHHZGTVYGJ-QMMMGPOBSA-N
SP_000057,AEMFNILZOJDQLW-QAGGRKNESA-N
SP_000057,AERBNCYCJBRYDG-UHFFFAOYSA-N
SP_000057,AESBAQNLQIQXNK-BMFSGJJHSA-N
SP_000057,AETXDQTWHNBCRO-QLKFWGTOSA-N
SP_000057,AEWHYWSPVRZHCT-NDZSKPAWSA-N
SP_000058,AABKSFWWBUPVNY-NVCPWDGJSA-N
SP_000058,AAFBEFOSCLMOTF-KXBCQOCRSA-N
SP_000058,AAFBEFOSCLMOTF-RRPFJGJLSA-N
SP_000058,AANMVENRNJYEMK-UHFFFAOYSA-N
SP_000058,AANZTOSGIRNZNM-LNOKNGNPSA-N
SP_000058,AAPGXBRKBIUCMQ-GWHBCOKCSA-N
SP_000058,AAWNBEJOCRYVJE-QNGWXLTQSA-N
SP_000058,AAWZDTNXLSGCEK-UHFFFAOYSA-M
SP_000058,AAWZDTNXLSGCEK-UHFFFAOYSA-N
SP_000058,AAXMCYUUKFLUMJ-JSFHAIONSA-N
SP_000058,AAXMCYUUKFLUMJ-TWDRBPDCSA-N
SP_000058,AAXYAFFKOSNMEB-MHARETSRSA-N
SP_000058,AAZOMBJKSJQDHJ-ZBRBWIFHSA-N
SP_000058,AAZZVFONLHYNDZ-NVQRUNIKSA-J
SP_000058,ABBYYPGQJRBTGA-NESBLOORSA-N
SP_000058,ABCOOORLYAOBOZ-KQYNXXCUSA-N
SP_000058,ABFJWRKPWCFTQP-JKFVOKSPSA-N
SP_000058,ABFJWRKPWCFTQP-XSMLMOGHSA-N
SP_000058,ABIKEVIWOJTKQS-AARKOHAPSA-N
SP_000058,ABLZXFCXXLZCGV-UHFFFAOYSA-L
SP_000058,ABRHOUKZOUNSSK-FVEAQGRNSA-N
SP_000058,ABUKPIBHMMLQDI-RCOVLANCSA-N
SP_000058,ACGLCDJEASKGDO-JSYPMYMJSA-N
SP_000058,ACIVVGBVOVHFPQ-RPDRRWSUSA-N
SP_000058,ACLPCAOOWJUVLL-DZKYTWFZSA-N
SP_000058,ACLQSYLJAZRTAP-XAFBQJBNSA-N
SP_000058,ACSIRQPNAYTBRW-VZUYHUTRSA-N
SP_000058,ACTHNCRNFFCCAQ-PLKVWTDNSA-N
SP_000058,ACTHNCRNFFCCAQ-YNQDZHFMSA-N
SP_000058,ACZVSMNFVFBOTM-UHFFFAOYSA-N
SP_000058,ADCKHLSRWCXEIY-GGAPOBRUSA-N
SP_000058,ADHKIZQYPQGIRC-ACSKKKSPSA-N
SP_000058,ADHKIZQYPQGIRC-SOZVHHJESA-N
SP_000058,ADHNTNYEJYJUCU-ZSJFXSENSA-N
SP_000058,ADKNUXINKGBJMY-LDLOPFEMSA-N
SP_000058,ADMGMAPZAQUXIR-VRHMUEQPSA-N
SP_000058,ADNSYCXWAHUWTA-SYOMJGEJSA-N
SP_000058,ADSGHWJRPOXXTD-IHWYPQMZSA-M
SP_000058,ADYPMBBPSUQKED-VOLCNUBSSA-N
SP_000058,ADZPFIMEBZGRHB-ILJAMNOWSA-N
SP_000058,AEFNZGGBWOQYID-UHFFFAOYSA-N
SP_000058,AEIJGHDRIPTRQY-UBTAJKBJSA-N
SP_000058,AELFRHHZGTVYGJ-QMMMGPOBSA-N
SP_000058,AEMFNILZOJDQLW-QAGGRKNESA-N
SP_000058,AERBNCYCJBRYDG-UHFFFAOYSA-N
SP_000058,AESBAQNLQIQXNK-BMFSGJJHSA-N
SP_000058,AETXDQTWHNBCRO-QLKFWGTOSA-N
SP_000058,AEWHYWSPVRZHCT-NDZSKPAWSA-N
SP_000058,AEWHYWSPVRZHCT-UHFFFAOYSA-J
SP_000058,AEXNGRVFOMIYOW-ICFOKQHNSA-N
SP_000059,AABKSFWWBUPVNY-NVCPWDGJSA-N
SP_000059,AAFBEFOSCLMOTF-KXBCQOCRSA-N
SP_000059,AAFBEFOSCLMOTF-RRPFJGJLSA-N
SP_000059,AANMVENRNJYEMK-UHFFFAOYSA-N
SP_000059,AANZTOSGIRNZNM-LNOKNGNPSA-N
SP_000059,AAPGXBRKBIUCMQ-GWHBCOKCSA-N
SP_000059,AAWNBEJOCRYVJE-QNGWXLTQSA-N
SP_000059,AAWZDTNXLSGCEK-UHFFFAOYSA-M
SP_000059,AAXMCYUUKFLUMJ-JSFHAIONSA-N
SP_000059,AAXMCYUUKFLUMJ-TWDRBPDCSA-N
SP_000059,AAXYAFFKOSNMEB-MHARETSRSA-N
SP_000059,AAZOMBJKSJQDHJ-ZBRBWIFHSA-N
SP_000059,AAZZVFONLHYNDZ-NVQRUNIKSA-J
SP_000059,ABBYYPGQJRBTGA-NESBLOORSA-N
SP_000059,ABCOOORLYAOBOZ-KQYNXXCUSA-N
SP_000059,ABFJWRKPWCFTQP-JKFVOKSPSA-N
SP_000059,ABFJWRKPWCFTQP-XSMLMOGHSA-N
SP_000059,ABIKEVIWOJTKQS-AARKOHAPSA-N
SP_000059,ABLZXFCXXLZCGV-UHFFFAOYSA-L
SP_000059,ABRHOUKZOUNSSK-FVEAQGRNSA-N
SP_000059,ABUKPIBHMMLQDI-RCOVLANCSA-N
SP_000059,ABVCUBUIXWJYSE-UHFFFAOYSA-O
SP_000059,ACGLCDJEASKGDO-JSYPMYMJSA-N
SP_000059,ACIVVGBVOVHFPQ-RPDRRWSUSA-N
SP_000059,ACLPCAOOWJUVLL-DZKYTWFZSA-N
SP_000059,ACLQSYLJAZRTAP-XAFBQJBNSA-N
SP_000059,ACSIRQPNAYTBRW-VZUYHUTRSA-N
SP_000059,ACTHNCRNFFCCAQ-PLKVWTDNSA-N
SP_000059,ACTHNCRNFFCCAQ-YNQDZHFMSA-N
SP_000059,ACZVSMNFVFBOTM-UHFFFAOYSA-N
SP_000059,ADCKHLSRWCXEIY-GGAPOBRUSA-N
SP_000059,ADHKIZQYPQGIRC-ACSKKKSPSA-N
SP_000059,ADHKIZQYPQGIRC-SOZVHHJESA-N
SP_000059,ADHNTNYEJYJUCU-ZSJFXSENSA-N
SP_000059,ADKNUXINKGBJMY-LDLOPFEMSA-N
SP_000059,ADMGMAPZAQUXIR-VRHMUEQPSA-N
SP_000059,ADNSYCXWAHUWTA-SYOMJGEJSA-N
SP_000059,ADSGHWJRPOXXTD-IHWYPQMZSA-M
SP_000059,ADYPMBBPSUQKED-VOLCNUBSSA-N
SP_000059,ADZPFIMEBZGRHB-ILJAMNOWSA-N
SP_000059,AEFNZGGBWOQYID-UHFFFAOYSA-N
SP_000059,AEIJGHDRIPTRQY-UBTAJKBJSA-N
SP_000059,AELFRHHZGTVYGJ-QMMMGPOBSA-N
SP_000059,AEMFNILZOJDQLW-QAGGRKNESA-N
SP_000059,AERBNCYCJBRYDG-UHFFFAOYSA-N
SP_000059,AESBAQNLQIQXNK-BMFSGJJHSA-N
SP_000059,AETXDQTWHNBCRO-QLKFWGTOSA-N
SP_000059,AEWHYWSPVRZHCT-NDZSKPAWSA-N
SP_000059,AEWHYWSPVRZHCT-UHFFFAOYSA-J
SP_000059,AEXNGRVFOMIYOW-ICFOKQHNSA-N
SP_000060,AABKSFWWBUPVNY-NVCPWDGJSA-N
SP_000060,AAFBEFOSCLMOTF-KXBCQOCRSA-N
SP_000060,AAFBEFOSCLMOTF-RRPFJGJLSA-N
SP_000060,AANMVENRNJYEMK-UHFFFAOYSA-N
SP_000060,AANZTOSGIRNZNM-LNOKNGNPSA-N
SP_000060,AAPGXBRKBIUCMQ-GWHBCOKCSA-N
SP_000060,AAWNBEJOCRYVJE-QNGWXLTQSA-N
SP_000060,AAWZDTNXLSGCEK-UHFFFAOYSA-M
SP_000060,AAXMCYUUKFLUMJ-JSFHAIONSA-N
SP_000060,AAXMCYUUKFLUMJ-TWDRBPDCSA-N
SP_000060,AAXYAFFKOSNMEB-MHARETSRSA-N
SP_000060,AAZOMBJKSJQDHJ-ZBRBWIFHSA-N
SP_000060,AAZZVFONLHYNDZ-NVQRUNIKSA-J
SP_000060,ABBYYPGQJRBTGA-NESBLOORSA-N
SP_000060,ABCOOORLYAOBOZ-KQYNXXCUSA-N
SP_000060,ABFJWRKPWCFTQP-JKFVOKSPSA-N
SP_000060,ABFJWRKPWCFTQP-XSMLMOGHSA-N
SP_000060,ABIKEVIWOJTKQS-AARKOHAPSA-N
SP_000060,ABLZXFCXXLZCGV-UHFFFAOYSA-L
SP_000060,ABRHOUKZOUNSSK-FVEAQGRNSA-N
SP_000060,ABUKPIBHMMLQDI-RCOVLANCSA-N
SP_000060,ABVCUBUIXWJYSE-UHFFFAOYSA-O
SP_000060,ACGLCDJEASKGDO-JSYPMYMJSA-N
SP_000060,ACIVVGBVOVHFPQ-RPDRRWSUSA-N
SP_000060,ACJJXELQAJQSLK-UHFFFAOYSA-N
SP_000060,ACLPCAOOWJUVLL-DZKYTWFZSA-N
SP_000060,ACLQSYLJAZRTAP-XAFBQJBNSA-N
SP_000060,ACSIRQPNAYTBRW-VZUYHUTRSA-N
SP_000060,ACTHNCRNFFCCAQ-PLKVWTDNSA-N
SP_000060,ACTHNCRNFFCCAQ-YNQDZHFMSA-N
SP_000060,ACWQBUSCFPJUPN-HYXAFXHYSA-N
SP_000060,ACZVSMNFVFBOTM-UHFFFAOYSA-N
SP_000060,ADCKHLSRWCXEIY-GGAPOBRUSA-N
SP_000060,ADHKIZQYPQGIRC-ACSKKKSPSA-N
SP_000060,ADHKIZQYPQGIRC-SOZVHHJESA-N
SP_000060,ADHNTNYEJYJUCU-ZSJFXSENSA-N
SP_000060,ADKNUXINKGBJMY-LDLOPFEMSA-N
SP_000060,ADMGMAPZAQUXIR-VRHMUEQPSA-N
SP_000060,ADNSYCXWAHUWTA-SYOMJGEJSA-N
SP_000060,ADSGHWJRPOXXTD-IHWYPQMZSA-M
SP_000060,ADYPMBBPSUQKED-VOLCNUBSSA-N
SP_000060,ADZPFIMEBZGRHB-ILJAMNOWSA-N
SP_000060,AEFNZGGBWOQYID-UHFFFAOYSA-N
SP_000060,AEIJGHDRIPTRQY-UBTAJKBJSA-N
SP_000060,AELFRHHZGTVYGJ-QMMMGPOBSA-N
SP_000060,AEMFNILZOJDQLW-QAGGRKNESA-N
SP_000060,AERBNCYCJBRYDG-UHFFFAOYSA-N
SP_000060,AESBAQNLQIQXNK-BMFSGJJHSA-N
SP_000060,AETXDQTWHNBCRO-QLKFWGTOSA-N
SP_000060,AEWHYWSPVRZHCT-NDZSKPAWSA-N
SP_000061,AABKSFWWBUPVNY-NVCPWDGJSA-N
SP_000061,AAFBEFOSCLMOTF-KXBCQOCRSA-N
SP_000061,AAFBEFOSCLMOTF-RRPFJGJLSA-N
SP_000061,AANMVENRNJYEMK-UHFFFAOYSA-N
SP_000061,AANZTOSGIRNZNM-LNOKNGNPSA-N
SP_000061,AAPGXBRKBIUCMQ-GWHBCOKCSA-N
SP_000061,AAWNBEJOCRYVJE-QNGWXLTQSA-N
SP_000061,AAWZDTNXLSGCEK-UHFFFAOYSA-M
SP_000061,AAWZDTNXLSGCEK-UHFFFAOYSA-N
SP_000061,AAXMCYUUKFLUMJ-JSFHAIONSA-N
SP_000061,AAXMCYUUKFLUMJ-TWDRBPDCSA-N
SP_000061,AAXYAFFKOSNMEB-MHARETSRSA-N
SP_000061,AAZOMBJKSJQDHJ-ZBRBWIFHSA-N
SP_000061,AAZZVFONLHYNDZ-NVQRUNIKSA-J
SP_000061,ABBYYPGQJRBTGA-NESBLOORSA-N
SP_000061,ABCOOORLYAOBOZ-KQYNXXCUSA-N
SP_000061,ABFJWRKPWCFTQP-JKFVOKSPSA-N
SP_000061,ABFJWRKPWCFTQP-XSMLMOGHSA-N
SP_000061,ABIKEVIWOJTKQS-AARKOHAPSA-N
SP_000061,ABLZXFCXXLZCGV-UHFFFAOYSA-L
SP_000061,ABRHOUKZOUNSSK-FVEAQGRNSA-N
SP_000061,ABUKPIBHMMLQDI-RCOVLANCSA-N
SP_000061,ACGLCDJEASKGDO-JSYPMYMJSA-N
SP_000061,ACIVVGBVOVHFPQ-RPDRRWSUSA-N
SP_000061,ACLPCAOOWJUVLL-DZKYTWFZSA-N
SP_000061,ACLQSYLJAZRTAP-XAFBQJBNSA-N
SP_000061,ACSIRQPNAYTBRW-VZUYHUTRSA-N
SP_000061,ACTHNCRNFFCCAQ-PLKVWTDNSA-N
SP_000061,ACTHNCRNFFCCAQ-YNQDZHFMSA-N
SP_000061,ACZVSMNFVFBOTM-UHFFFAOYSA-N
SP_000061,ADCKHLSRWCXEIY-GGAPOBRUSA-N
SP_000061,ADHKIZQYPQGIRC-ACSKKKSPSA-N
SP_000061,ADHKIZQYPQGIRC-SOZVHHJESA-N
SP_000061,ADHNTNYEJYJUCU-ZSJFXSENSA-N
SP_000061,ADKNUXINKGBJMY-LDLOPFEMSA-N
SP_000061,ADMGMAPZAQUXIR-VRHMUEQPSA-N
SP_000061,ADNSYCXWAHUWTA-SYOMJGEJSA-N
SP_000061,ADSGHWJRPOXXTD-IHWYPQMZSA-M
SP_000061,ADYPMBBPSUQKED-VOLCNUBSSA-N
SP_000061,ADZPFIMEBZGRHB-ILJAMNOWSA-N
SP_000061,AEFNZGGBWOQYID-UHFFFAOYSA-N
SP_000061,AEIJGHDRIPTRQY-UBTAJKBJSA-N
SP_000061,AELFRHHZGTVYGJ-QMMMGPOBSA-N
SP_000061,AEMFNILZOJDQLW-QAGGRKNESA-N
SP_000061,AEMOLEFTQBMNLQ-WAXACMCWSA-N
SP_000061,AERBNCYCJBRYDG-UHFFFAOYSA-N
SP_000061,AESBAQNLQIQXNK-BMFSGJJHSA-N
SP_000061,AETXDQTWHNBCRO-QLKFWGTOSA-N
SP_000061,AEWHYWSPVRZHCT-NDZSKPAWSA-N
SP_000061,AEWHYWSPVRZHCT-UHFFFAOYSA-J
SP_000062,AABKSFWWBUPVNY-NVCPWDGJSA-N
SP_000062,AAFBEFOSCLMOTF-KXBCQOCRSA-N
SP_000062,AAFBEFOSCLMOTF-RRPFJGJLSA-N
SP_000062,AANMVENRNJYEMK-UHFFFAOYSA-N
SP_000062,AANZTOSGIRNZNM-LNOKNGNPSA-N
SP_000062,AAPGXBRKBIUCMQ-GWHBCOKCSA-N
SP_000062,AAWNBEJOCRYVJE-QNGWXLTQSA-N
SP_000062,AAWZDTNXLSGCEK-UHFFFAOYSA-M
SP_000062,AAXMCYUUKFLUMJ-JSFHAIONSA-N
SP_000062,AAXMCYUUKFLUMJ-TWDRBPDCSA-N
SP_000062,AAXYAFFKOSNMEB-MHARETSRSA-N
SP_000062,AAZOMBJKSJQDHJ-ZBRBWIFHSA-N
SP_000062,AAZZVFONLHYNDZ-NVQRUNIKSA-J
SP_000062,ABBYYPGQJRBTGA-NESBLOORSA-N
SP_000062,ABCOOORLYAOBOZ-KQYNXXCUSA-N
SP_000062,ABFJWRKPWCFTQP-JKFVOKSPSA-N
SP_000062,ABFJWRKPWCFTQP-XSMLMOGHSA-N
SP_000062,ABIKEVIWOJTKQS-AARKOHAPSA-N
SP_000062,ABLZXFCXXLZCGV-UHFFFAOYSA-L
SP_000062,ABRHOUKZOUNSSK-FVEAQGRNSA-N
SP_000062,ABUKPIBHMMLQDI-RCOVLANCSA-N
SP_000062,ABVCUBUIXWJYSE-UHFFFAOYSA-O
SP_000062,ACGLCDJEASKGDO-JSYPMYMJSA-N
SP_000062,ACIVVGBVOVHFPQ-RPDRRWSUSA-N
SP_000062,ACLPCAOOWJUVLL-DZKYTWFZSA-N
SP_000062,ACLQSYLJAZRTAP-XAFBQJBNSA-N
SP_000062,ACSIRQPNAYTBRW-VZUYHUTRSA-N
SP_000062,ACTHNCRNFFCCAQ-PLKVWTDNSA-N
SP_000062,ACTHNCRNFFCCAQ-YNQDZHFMSA-N
SP_000062,ACZVSMNFVFBOTM-UHFFFAOYSA-N
SP_000062,ADACAMXIRQREOB-UHFFFAOYSA-N
SP_000062,ADCKHLSRWCXEIY-GGAPOBRUSA-N
SP_000062,ADHKIZQYPQGIRC-ACSKKKSPSA-N
SP_000062,ADHKIZQYPQGIRC-SOZVHHJESA-N
SP_000062,ADHNTNYEJYJUCU-ZSJFXSENSA-N
SP_000062,ADKNUXINKGBJMY-LDLOPFEMSA-N
SP_000062,ADMGMAPZAQUXIR-VRHMUEQPSA-N
SP_000062,ADNSYCXWAHUWTA-SYOMJGEJSA-N
SP_000062,ADSGHWJRPOXXTD-IHWYPQMZSA-M
SP_000062,ADYPMBBPSUQKED-VOLCNUBSSA-N
SP_000062,ADZPFIMEBZGRHB-ILJAMNOWSA-N
SP_000062,AEFNZGGBWOQYID-UHFFFAOYSA-N
SP_000062,AEIJGHDRIPTRQY-UBTAJKBJSA-N
SP_000062,AELFRHHZGTVYGJ-QMMMGPOBSA-N
SP_000062,AEMFNILZOJDQLW-QAGGRKNESA-N
SP_000062,AERBNCYCJBRYDG-UHFFFAOYSA-N
SP_000062,AESBAQNLQIQXNK-BMFSGJJHSA-N
SP_000062,AETXDQTWHNBCRO-QLKFWGTOSA-N
SP_000062,AEWHYWSPVRZHCT-NDZSKPAWSA-N
SP_000062,AEWHYWSPVRZHCT-UHFFFAOYSA-J
SP_000063,AABKSFWWBUPVNY-NVCPWDGJSA-N
SP_000063,AAFBEFOSCLMOTF-KXBCQOCRSA-N
SP_000063,AAFBEFOSCLMOTF-RRPFJGJLSA-N
SP_000063,AANMVENRNJYEMK-UHFFFAOYSA-N
SP_000063,AANZTOSGIRNZNM-LNOKNGNPSA-N
SP_000063,AAPGXBRKBIUCMQ-GWHBCOKCSA-N
SP_000063,AAWNBEJOCRYVJE-QNGWXLTQSA-N
SP_000063,AAWZDTNXLSGCEK-UHFFFAOYSA-M
SP_000063,AAXMCYUUKFLUMJ-JSFHAIONSA-N
SP_000063,AAXMCYUUKFLUMJ-TWDRBPDCSA-N
SP_000063,AAXYAFFKOSNMEB-MHARETSRSA-N
SP_000063,AAZOMBJKSJQDHJ-ZBRBWIFHSA-N
SP_000063,AAZZVFONLHYNDZ-NVQRUNIKSA-J
SP_000063,ABBYYPGQJRBTGA-NESBLOORSA-N
SP_000063,ABCOOORLYAOBOZ-KQYNXXCUSA-N
SP_000063,ABFJWRKPWCFTQP-JKFVOKSPSA-N
SP_000063,ABFJWRKPWCFTQP-XSMLMOGHSA-N
SP_000063,ABIKEVIWOJTKQS-AARKOHAPSA-N
SP_000063,ABLZXFCXXLZCGV-UHFFFAOYSA-L
SP_000063,ABRHOUKZOUNSSK-FVEAQGRNSA-N
SP_000063,ABUKPIBHMMLQDI-RCOVLANCSA-N
SP_000063,ACGLCDJEASKGDO-JSYPMYMJSA-N
SP_000063,ACIVVGBVOVHFPQ-RPDRRWSUSA-N
SP_000063,ACLPCAOOWJUVLL-DZKYTWFZSA-N
SP_000063,ACLQSYLJAZRTAP-XAFBQJBNSA-N
SP_000063,ACSIRQPNAYTBRW-VZUYHUTRSA-N
SP_000063,ACTHNCRNFFCCAQ-PLKVWTDNSA-N
SP_000063,ACTHNCRNFFCCAQ-YNQDZHFMSA-N
SP_000063,ACZVSMNFVFBOTM-UHFFFAOYSA-N
SP_000063,ADCKHLSRWCXEIY-GGAPOBRUSA-N
SP_000063,ADHKIZQYPQGIRC-ACSKKKSPSA-N
SP_000063,ADHKIZQYPQGIRC-SOZVHHJESA-N
SP_000063,ADKNUXINKGBJMY-LDLOPFEMSA-N
SP_000063,ADMGMAPZAQUXIR-VRHMUEQPSA-N
SP_000063,ADNSYCXWAHUWTA-SYOMJGEJSA-N
SP_000063,ADSGHWJRPOXXTD-IHWYPQMZSA-M
SP_000063,ADYPMBBPSUQKED-VOLCNUBSSA-N
SP_000063,ADZPFIMEBZGRHB-ILJAMNOWSA-N
SP_000063,AEFNZGGBWOQYID-UHFFFAOYSA-N
SP_000063,AEIJGHDRIPTRQY-UBTAJKBJSA-N
SP_000063,AELFRHHZGTVYGJ-QMMMGPOBSA-N
SP_000063,AEMFNILZOJDQLW-QAGGRKNESA-N
SP_000063,AERBNCYCJBRYDG-UHFFFAOYSA-N
SP_000063,AESBAQNLQIQXNK-BMFSGJJHSA-N
SP_000063,AETXDQTWHNBCRO-QLKFWGTOSA-N
SP_000063,AEWHYWSPVRZHCT-NDZSKPAWSA-N
SP_000063,AEWHYWSPVRZHCT-UHFFFAOYSA-J
SP_000063,AEXNGRVFOMIYOW-ICFOKQHNSA-N
SP_000063,AFFQVAIMWFYJJS-DTHFMEMVSA-N
SP_000063,AFGUVBVUFZMJMX-MDZDMXLPSA-N
SP_000064,AABKSFWWBUPVNY-NVCPWDGJSA-N
SP_000064,AAFBEFOSCLMOTF-KXBCQOCRSA-N
SP_000064,AAFBEFOSCLMOTF-RRPFJGJLSA-N
SP_000064,AANMVENRNJYEMK-UHFFFAOYSA-N
SP_000064,AANZTOSGIRNZNM-LNOKNGNPSA-N
SP_000064,AAPGXBRKBIUCMQ-GWHBCOKCSA-N
SP_000064,AAWNBEJOCRYVJE-QNGWXLTQSA-N
SP_000064,AAWZDTNXLSGCEK-UHFFFAOYSA-M
SP_000064,AAXMCYUUKFLUMJ-JSFHAIONSA-N
SP_000064,AAXMCYUUKFLUMJ-TWDRBPDCSA-N
SP_000064,AAXYAFFKOSNMEB-MHARETSRSA-N
SP_000064,AAZOMBJKSJQDHJ-ZBRBWIFHSA-N
SP_000064,AAZZVFONLHYNDZ-NVQRUNIKSA-J
SP_000064,ABBYYPGQJRBTGA-NESBLOORSA-N
SP_000064,ABCOOORLYAOBOZ-KQYNXXCUSA-N
SP_000064,ABFJWRKPWCFTQP-JKFVOKSPSA-N
SP_000064,ABFJWRKPWCFTQP-XSMLMOGHSA-N
SP_000064,ABIKEVIWOJTKQS-AARKOHAPSA-N
SP_000064,ABLZXFCXXLZCGV-UHFFFAOYSA-L
SP_000064,ABRHOUKZOUNSSK-FVEAQGRNSA-N
SP_000064,ABUKPIBHMMLQDI-RCOVLANCSA-N
SP_000064,ACGLCDJEASKGDO-JSYPMYMJSA-N
SP_000064,ACIVVGBVOVHFPQ-RPDRRWSUSA-N
SP_000064,ACLPCAOOWJUVLL-DZKYTWFZSA-N
SP_000064,ACLQSYLJAZRTAP-XAFBQJBNSA-N
SP_000064,ACSIRQPNAYTBRW-VZUYHUTRSA-N
SP_000064,ACTHNCRNFFCCAQ-PLKVWTDNSA-N
SP_000064,ACTHNCRNFFCCAQ-YNQDZHFMSA-N
SP_000064,ACZVSMNFVFBOTM-UHFFFAOYSA-N
SP_000064,ADCKHLSRWCXEIY-GGAPOBRUSA-N
SP_000064,ADHKIZQYPQGIRC-ACSKKKSPSA-N
SP_000064,ADHKIZQYPQGIRC-SOZVHHJESA-N
SP_000064,ADHNTNYEJYJUCU-ZSJFXSENSA-N
SP_000064,ADKNUXINKGBJMY-LDLOPFEMSA-N
SP_000064,ADMGMAPZAQUXIR-VRHMUEQPSA-N
SP_000064,ADNSYCXWAHUWTA-SYOMJGEJSA-N
SP_000064,ADSGHWJRPOXXTD-IHWYPQMZSA-M
SP_000064,ADYPMBBPSUQKED-VOLCNUBSSA-N
SP_000064,ADZPFIMEBZGRHB-ILJAMNOWSA-N
SP_000064,AEFNZGGBWOQYID-UHFFFAOYSA-N
SP_000064,AEIJGHDRIPTRQY-UBTAJKBJSA-N
SP_000064,AELFRHHZGTVYGJ-QMMMGPOBSA-N
SP_000064,AEMFNILZOJDQLW-QAGGRKNESA-N
SP_000064,AERBNCYCJBRYDG-UHFFFAOYSA-N
SP_000064,AESBAQNLQIQXNK-BMFSGJJHSA-N
SP_000064,AETXDQTWHNBCRO-QLKFWGTOSA-N
SP_000064,AEWHYWSPVRZHCT-NDZSKPAWSA-N
SP_000064,AEWHYWSPVRZHCT-UHFFFAOYSA-J
SP_000064,AEXNGRVFOMIYOW-ICFOKQHNSA-N
SP_000064,AFFQVAIMWFYJJS-DTHFMEMVSA-N
SP_000065,AABKSFWWBUPVNY-NVCPWDGJSA-N
SP_000065,AAFBEFOSCLMOTF-KXBCQOCRSA-N
SP_000065,AAFBEFOSCLMOTF-RRPFJGJLSA-N
SP_000065,AANMVENRNJYEMK-UHFFFAOYSA-N
SP_000065,AANZTOSGIRNZNM-LNOKNGNPSA-N
SP_000065,AAPGXBRKBIUCMQ-GWHBCOKCSA-N
SP_000065,AAWNBEJOCRYVJE-QNGWXLTQSA-N
SP_000065,AAWZDTNXLSGCEK-UHFFFAOYSA-M
SP_000065,AAXMCYUUKFLUMJ-JSFHAIONSA-N
SP_000065,AAXMCYUUKFLUMJ-TWDRBPDCSA-N
SP_000065,AAXYAFFKOSNMEB-MHARETSRSA-N
SP_000065,AAZOMBJKSJQDHJ-ZBRBWIFHSA-N
SP_000065,AAZZVFONLHYNDZ-NVQRUNIKSA-J
SP_000065,ABBYYPGQJRBTGA-NESBLOORSA-N
SP_000065,ABCOOORLYAOBOZ-KQYNXXCUSA-N
SP_000065,ABFJWRKPWCFTQP-JKFVOKSPSA-N
SP_000065,ABFJWRKPWCFTQP-XSMLMOGHSA-N
SP_000065,ABIKEVIWOJTKQS-AARKOHAPSA-N
SP_000065,ABLZXFCXXLZCGV-UHFFFAOYSA-L
SP_000065,ABRHOUKZOUNSSK-FVEAQGRNSA-N
SP_000065,ABUKPIBHMMLQDI-RCOVLANCSA-N
SP_000065,ACGLCDJEASKGDO-JSYPMYMJSA-N
SP_000065,ACIVVGBVOVHFPQ-RPDRRWSUSA-N
SP_000065,ACLPCAOOWJUVLL-DZKYTWFZSA-N
SP_000065,ACLQSYLJAZRTAP-XAFBQJBNSA-N
SP_000065,ACSIRQPNAYTBRW-VZUYHUTRSA-N
SP_000065,ACTHNCRNFFCCAQ-PLKVWTDNSA-N
SP_000065,ACTHNCRNFFCCAQ-YNQDZHFMSA-N
SP_000065,ACZVSMNFVFBOTM-UHFFFAOYSA-N
SP_000065,ADCKHLSRWCXEIY-GGAPOBRUSA-N
SP_000065,ADFCQWZHKCXPAJ-GFCCVEGCSA-N
SP_000065,ADHKIZQYPQGIRC-ACSKKKSPSA-N
SP_000065,ADHKIZQYPQGIRC-SOZVHHJESA-N
SP_000065,ADHNTNYEJYJUCU-ZSJFXSENSA-N
SP_000065,ADKNUXINKGBJMY-LDLOPFEMSA-N
SP_000065,ADMGMAPZAQUXIR-VRHMUEQPSA-N
SP_000065,ADNSYCXWAHUWTA-SYOMJGEJSA-N
SP_000065,ADSGHWJRPOXXTD-IHWYPQMZSA-M
SP_000065,ADYPMBBPSUQKED-VOLCNUBSSA-N
SP_000065,ADZPFIMEBZGRHB-ILJAMNOWSA-N
SP_000065,AEFNZGGBWOQYID-UHFFFAOYSA-N
SP_000065,AEIJGHDRIPTRQY-UBTAJKBJSA-N
SP_000065,AELFRHHZGTVYGJ-QMMMGPOBSA-N
SP_000065,AEMFNILZOJDQLW-QAGGRKNESA-N
SP_000065,AERBNCYCJBRYDG-UHFFFAOYSA-N
SP_000065,AESBAQNLQIQXNK-BMFSGJJHSA-N
SP_000065,AETXDQTWHNBCRO-QLKFWGTOSA-N
SP_000065,AEWHYWSPVRZHCT-NDZSKPAWSA-N
SP_000065,AEWHYWSPVRZHCT-UHFFFAOYSA-J
SP_000065,AEXNGRVFOMIYOW-ICFOKQHNSA-N
SP_000066,AABKSFWWBUPVNY-NVCPWDGJSA-N
SP_000066,AAFBEFOSCLMOTF-KXBCQOCRSA-N
SP_000066,AAFBEFOSCLMOTF-RRPFJGJLSA-N
SP_000066,AANMVENRNJYEMK-UHFFFAOYSA-N
SP_000066,AANZTOSGIRNZNM-LNOKNGNPSA-N
SP_000066,AAPGXBRKBIUCMQ-GWHBCOKCSA-N
SP_000066,AAWNBEJOCRYVJE-QNGWXLTQSA-N
SP_000066,AAWZDTNXLSGCEK-UHFFFAOYSA-M
SP_000066,AAXMCYUUKFLUMJ-JSFHAIONSA-N
SP_000066,AAXMCYUUKFLUMJ-TWDRBPDCSA-N
SP_000066,AAXYAFFKOSNMEB-MHARETSRSA-N
SP_000066,AAZOMBJKSJQDHJ-ZBRBWIFHSA-N
SP_000066,AAZZVFONLHYNDZ-NVQRUNIKSA-J
SP_000066,ABBYYPGQJRBTGA-NESBLOORSA-N
SP_000066,ABCOOORLYAOBOZ-KQYNXXCUSA-N
SP_000066,ABFJWRKPWCFTQP-JKFVOKSPSA-N
SP_000066,ABFJWRKPWCFTQP-XSMLMOGHSA-N
SP_000066,ABIKEVIWOJTKQS-AARKOHAPSA-N
SP_000066,ABLZXFCXXLZCGV-UHFFFAOYSA-L
SP_000066,ABRHOUKZOUNSSK-FVEAQGRNSA-N
SP_000066,ABUKPIBHMMLQDI-RCOVLANCSA-N
SP_000066,ACGLCDJEASKGDO-JSYPMYMJSA-N
SP_000066,ACIVVGBVOVHFPQ-RPDRRWSUSA-N
SP_000066,ACLPCAOOWJUVLL-DZKYTWFZSA-N
SP_000066,ACLQSYLJAZRTAP-XAFBQJBNSA-N
SP_000066,ACSIRQPNAYTBRW-VZUYHUTRSA-N
SP_000066,ACTHNCRNFFCCAQ-PLKVWTDNSA-N
SP_000066,ACTHNCRNFFCCAQ-YNQDZHFMSA-N
SP_000066,ACZVSMNFVFBOTM-UHFFFAOYSA-N
SP_000066,ADCKHLSRWCXEIY-GGAPOBRUSA-N
SP_000066,ADHKIZQYPQGIRC-ACSKKKSPSA-N
SP_000066,ADHKIZQYPQGIRC-SOZVHHJESA-N
SP_000066,ADHNTNYEJYJUCU-ZSJFXSENSA-N
SP_000066,ADKNUXINKGBJMY-LDLOPFEMSA-N
SP_000066,ADMGMAPZAQUXIR-VRHMUEQPSA-N
SP_000066,ADNSYCXWAHUWTA-SYOMJGEJSA-N
SP_000066,ADSGHWJRPOXXTD-IHWYPQMZSA-M
SP_000066,ADYPMBBPSUQKED-VOLCNUBSSA-N
SP_000066,ADZPFIMEBZGRHB-ILJAMNOWSA-N
SP_000066,AEFNZGGBWOQYID-UHFFFAOYSA-N
SP_000066,AEIJGHDRIPTRQY-UBTAJKBJSA-N
SP_000066,AELFRHHZGTVYGJ-QMMMGPOBSA-N
SP_000066,AEMFNILZOJDQLW-QAGGRKNESA-N
SP_000066,AERBNCYCJBRYDG-UHFFFAOYSA-N
SP_000066,AESBAQNLQIQXNK-BMFSGJJHSA-N
SP_000066,AETXDQTWHNBCRO-QLKFWGTOSA-N
SP_000066,AEWHYWSPVRZHCT-NDZSKPAWSA-N
SP_000066,AEWHYWSPVRZHCT-UHFFFAOYSA-J
SP_000066,AEXNGRVFOMIYOW-ICFOKQHNSA-N
SP_000066,AFFQVAIMWFYJJS-DTHFMEMVSA-N
SP_000067,AABKSFWWBUPVNY-NVCPWDGJSA-N
SP_000067,AAFBEFOSCLMOTF-KXBCQOCRSA-N
SP_000067,AAFBEFOSCLMOTF-RRPFJGJLSA-N
SP_000067,AANMVENRNJYEMK-UHFFFAOYSA-N
SP_000067,AANZTOSGIRNZNM-LNOKNGNPSA-N
SP_000067,AAPGXBRKBIUCMQ-GWHBCOKCSA-N
SP_000067,AAWNBEJOCRYVJE-QNGWXLTQSA-N
SP_000067,AAWZDTNXLSGCEK-UHFFFAOYSA-M
SP_000067,AAXMCYUUKFLUMJ-JSFHAIONSA-N
SP_000067,AAXMCYUUKFLUMJ-TWDRBPDCSA-N
SP_000067,AAXYAFFKOSNMEB-MHARETSRSA-N
SP_000067,AAZOMBJKSJQDHJ-ZBRBWIFHSA-N
SP_000067,AAZZVFONLHYNDZ-NVQRUNIKSA-J
SP_000067,ABBYYPGQJRBTGA-NESBLOORSA-N
SP_000067,ABCOOORLYAOBOZ-KQYNXXCUSA-N
SP_000067,ABFJWRKPWCFTQP-JKFVOKSPSA-N
SP_000067,ABFJWRKPWCFTQP-XSMLMOGHSA-N
SP_000067,ABIKEVIWOJTKQS-AARKOHAPSA-N
SP_000067,ABLZXFCXXLZCGV-UHFFFAOYSA-L
SP_000067,ABRHOUKZOUNSSK-FVEAQGRNSA-N
SP_000067,ABUKPIBHMMLQDI-RCOVLANCSA-N
SP_000067,ACGLCDJEASKGDO-JSYPMYMJSA-N
SP_000067,ACIVVGBVOVHFPQ-RPDRRWSUSA-N
SP_000067,ACLPCAOOWJUVLL-DZKYTWFZSA-N
SP_000067,ACLQSYLJAZRTAP-XAFBQJBNSA-N
SP_000067,ACSIRQPNAYTBRW-VZUYHUTRSA-N
SP_000067,ACTHNCRNFFCCAQ-PLKVWTDNSA-N
SP_000067,ACTHNCRNFFCCAQ-YNQDZHFMSA-N
SP_000067,ACZVSMNFVFBOTM-UHFFFAOYSA-N
SP_000067,ADCKHLSRWCXEIY-GGAPOBRUSA-N
SP_000067,ADHKIZQYPQGIRC-ACSKKKSPSA-N
SP_000067,ADHKIZQYPQGIRC-SOZVHHJESA-N
SP_000067,ADHNTNYEJYJUCU-ZSJFXSENSA-N
SP_000067,ADKNUXINKGBJMY-LDLOPFEMSA-N
SP_000067,ADMGMAPZAQUXIR-VRHMUEQPSA-N
SP_000067,ADNSYCXWAHUWTA-SYOMJGEJSA-N
SP_000067,ADSGHWJRPOXXTD-IHWYPQMZSA-M
SP_000067,ADYPMBBPSUQKED-VOLCNUBSSA-N
SP_000067,ADZPFIMEBZGRHB-ILJAMNOWSA-N
SP_000067,AEFNZGGBWOQYID-UHFFFAOYSA-N
SP_000067,AEIJGHDRIPTRQY-UBTAJKBJSA-N
SP_000067,AELFRHHZGTVYGJ-QMMMGPOBSA-N
SP_000067,AEMFNILZOJDQLW-QAGGRKNESA-N
SP_000067,AERBNCYCJBRYDG-UHFFFAOYSA-N
SP_000067,AESBAQNLQIQXNK-BMFSGJJHSA-N
SP_000067,AETXDQTWHNBCRO-QLKFWGTOSA-N
SP_000067,AEWHYWSPVRZHCT-NDZSKPAWSA-N
SP_000067,AEWHYWSPVRZHCT-UHFFFAOYSA-J
SP_000067,AEXNGRVFOMIYOW-ICFOKQHNSA-N
SP_000067,AFFQVAIMWFYJJS-DTHFMEMVSA-N
SP_000068,AABKSFWWBUPVNY-NVCPWDGJSA-N
SP_000068,AAFBEFOSCLMOTF-KXBCQOCRSA-N
SP_000068,AAFBEFOSCLMOTF-RRPFJGJLSA-N
SP_000068,AANMVENRNJYEMK-UHFFFAOYSA-N
SP_000068,AANZTOSGIRNZNM-LNOKNGNPSA-N
SP_000068,AAPGXBRKBIUCMQ-GWHBCOKCSA-N
SP_000068,AAWNBEJOCRYVJE-QNGWXLTQSA-N
SP_000068,AAWZDTNXLSGCEK-UHFFFAOYSA-M
SP_000068,AAXMCYUUKFLUMJ-JSFHAIONSA-N
SP_000068,AAXMCYUUKFLUMJ-TWDRBPDCSA-N
SP_000068,AAXYAFFKOSNMEB-MHARETSRSA-N
SP_000068,AAZOMBJKSJQDHJ-ZBRBWIFHSA-N
SP_000068,AAZZVFONLHYNDZ-NVQRUNIKSA-J
SP_000068,ABBYYPGQJRBTGA-NESBLOORSA-N
SP_000068,ABCOOORLYAOBOZ-KQYNXXCUSA-N
SP_000068,ABFJWRKPWCFTQP-JKFVOKSPSA-N
SP_000068,ABFJWRKPWCFTQP-XSMLMOGHSA-N
SP_000068,ABIKEVIWOJTKQS-AARKOHAPSA-N
SP_000068,ABLZXFCXXLZCGV-UHFFFAOYSA-L
SP_000068,ABRHOUKZOUNSSK-FVEAQGRNSA-N
SP_000068,ABUKPIBHMMLQDI-RCOVLANCSA-N
SP_000068,ACGLCDJEASKGDO-JSYPMYMJSA-N
SP_000068,ACIVVGBVOVHFPQ-RPDRRWSUSA-N
SP_000068,ACLPCAOOWJUVLL-DZKYTWFZSA-N
SP_000068,ACLQSYLJAZRTAP-XAFBQJBNSA-N
SP_000068,ACSIRQPNAYTBRW-VZUYHUTRSA-N
SP_000068,ACTHNCRNFFCCAQ-PLKVWTDNSA-N
SP_000068,ACTHNCRNFFCCAQ-YNQDZHFMSA-N
SP_000068,ACZVSMNFVFBOTM-UHFFFAOYSA-N
SP_000068,ADCKHLSRWCXEIY-GGAPOBRUSA-N
SP_000068,ADHKIZQYPQGIRC-ACSKKKSPSA-N
SP_000068,ADHKIZQYPQGIRC-SOZVHHJESA-N
SP_000068,ADHNTNYEJYJUCU-ZSJFXSENSA-N
SP_000068,ADKNUXINKGBJMY-LDLOPFEMSA-N
SP_000068,ADMGMAPZAQUXIR-VRHMUEQPSA-N
SP_000068,ADNSYCXWAHUWTA-SYOMJGEJSA-N
SP_000068,ADSGHWJRPOXXTD-IHWYPQMZSA-M
SP_000068,ADYPMBBPSUQKED-VOLCNUBSSA-N
SP_000068,ADZPFIMEBZGRHB-ILJAMNOWSA-N
SP_000068,AEFNZGGBWOQYID-UHFFFAOYSA-N
SP_000068,AEIJGHDRIPTRQY-UBTAJKBJSA-N
SP_000068,AELFRHHZGTVYGJ-QMMMGPOBSA-N
SP_000068,AEMFNILZOJDQLW-QAGGRKNESA-N
SP_000068,AERBNCYCJBRYDG-UHFFFAOYSA-N
SP_000068,AESBAQNLQIQXNK-BMFSGJJHSA-N
SP_000068,AETXDQTWHNBCRO-QLKFWGTOSA-N
SP_000068,AEWHYWSPVRZHCT-NDZSKPAWSA-N
SP_000068,AEWHYWSPVRZHCT-UHFFFAOYSA-J
SP_000068,AEXNGRVFOMIYOW-ICFOKQHNSA-N
SP_000068,AFFQVAIMWFYJJS-DTHFMEMVSA-N
SP_000069,AABKSFWWBUPVNY-NVCPWDGJSA-N
SP_000069,AAFBEFOSCLMOTF-KXBCQOCRSA-N
SP_000069,AAFBEFOSCLMOTF-RRPFJGJLSA-N
SP_000069,AANMVENRNJYEMK-UHFFFAOYSA-N
SP_000069,AANZTOSGIRNZNM-LNOKNGNPSA-N
SP_000069,AAPGXBRKBIUCMQ-GWHBCOKCSA-N
SP_000069,AAWNBEJOCRYVJE-QNGWXLTQSA-N
SP_000069,AAWZDTNXLSGCEK-UHFFFAOYSA-M
SP_000069,AAXMCYUUKFLUMJ-JSFHAIONSA-N
SP_000069,AAXMCYUUKFLUMJ-TWDRBPDCSA-N
SP_000069,AAXYAFFKOSNMEB-MHARETSRSA-N
SP_000069,AAZOMBJKSJQDHJ-ZBRBWIFHSA-N
SP_000069,AAZZVFONLHYNDZ-NVQRUNIKSA-J
SP_000069,ABBYYPGQJRBTGA-NESBLOORSA-N
SP_000069,ABCOOORLYAOBOZ-KQYNXXCUSA-N
SP_000069,ABFJWRKPWCFTQP-JKFVOKSPSA-N
SP_000069,ABFJWRKPWCFTQP-XSMLMOGHSA-N
SP_000069,ABIKEVIWOJTKQS-AARKOHAPSA-N
SP_000069,ABLZXFCXXLZCGV-UHFFFAOYSA-L
SP_000069,ABRHOUKZOUNSSK-FVEAQGRNSA-N
SP_000069,ABUKPIBHMMLQDI-RCOVLANCSA-N
SP_000069,ACGLCDJEASKGDO-JSYPMYMJSA-N
SP_000069,ACIVVGBVOVHFPQ-RPDRRWSUSA-N
SP_000069,ACLPCAOOWJUVLL-DZKYTWFZSA-N
SP_000069,ACLQSYLJAZRTAP-XAFBQJBNSA-N
SP_000069,ACSIRQPNAYTBRW-VZUYHUTRSA-N
SP_000069,ACTHNCRNFFCCAQ-PLKVWTDNSA-N
SP_000069,ACTHNCRNFFCCAQ-YNQDZHFMSA-N
SP_000069,ACZVSMNFVFBOTM-UHFFFAOYSA-N
SP_000069,ADCKHLSRWCXEIY-GGAPOBRUSA-N
SP_000069,ADHKIZQYPQGIRC-ACSKKKSPSA-N
SP_000069,ADHKIZQYPQGIRC-SOZVHHJESA-N
SP_000069,ADHNTNYEJYJUCU-ZSJFXSENSA-N
SP_000069,ADKNUXINKGBJMY-LDLOPFEMSA-N
SP_000069,ADMGMAPZAQUXIR-VRHMUEQPSA-N
SP_000069,ADNSYCXWAHUWTA-SYOMJGEJSA-N
SP_000069,ADSGHWJRPOXXTD-IHWYPQMZSA-M
SP_000069,ADYPMBBPSUQKED-VOLCNUBSSA-N
SP_000069,ADZPFIMEBZGRHB-ILJAMNOWSA-N
SP_000069,AEFNZGGBWOQYID-UHFFFAOYSA-N
SP_000069,AEIJGHDRIPTRQY-UBTAJKBJSA-N
SP_000069,AELFRHHZGTVYGJ-QMMMGPOBSA-N
SP_000069,AEMFNILZOJDQLW-QAGGRKNESA-N
SP_000069,AERBNCYCJBRYDG-UHFFFAOYSA-N
SP_000069,AESBAQNLQIQXNK-BMFSGJJHSA-N
SP_000069,AETXDQTWHNBCRO-QLKFWGTOSA-N
SP_000069,AEWHYWSPVRZHCT-NDZSKPAWSA-N
SP_000069,AEWHYWSPVRZHCT-UHFFFAOYSA-J
SP_000069,AEXNGRVFOMIYOW-ICFOKQHNSA-N
SP_000069,AFFQVAIMWFYJJS-DTHFMEMVSA-N
SP_000070,AABKSFWWBUPVNY-NVCPWDGJSA-N
SP_000070,AAFBEFOSCLMOTF-KXBCQOCRSA-N
SP_000070,AAFBEFOSCLMOTF-RRPFJGJLSA-N
SP_000070,AANMVENRNJYEMK-UHFFFAOYSA-N
SP_000070,AANZTOSGIRNZNM-LNOKNGNPSA-N
SP_000070,AAPGXBRKBIUCMQ-GWHBCOKCSA-N
SP_000070,AAWNBEJOCRYVJE-QNGWXLTQSA-N
SP_000070,AAWZDTNXLSGCEK-UHFFFAOYSA-M
SP_000070,AAXMCYUUKFLUMJ-JSFHAIONSA-N
SP_000070,AAXMCYUUKFLUMJ-TWDRBPDCSA-N
SP_000070,AAXYAFFKOSNMEB-MHARETSRSA-N
SP_000070,AAZOMBJKSJQDHJ-ZBRBWIFHSA-N
SP_000070,AAZZVFONLHYNDZ-NVQRUNIKSA-J
SP_000070,ABBYYPGQJRBTGA-NESBLOORSA-N
SP_000070,ABCOOORLYAOBOZ-KQYNXXCUSA-N
SP_000070,ABFJWRKPWCFTQP-JKFVOKSPSA-N
SP_000070,ABFJWRKPWCFTQP-XSMLMOGHSA-N
SP_000070,ABIKEVIWOJTKQS-AARKOHAPSA-N
SP_000070,ABLZXFCXXLZCGV-UHFFFAOYSA-L
SP_000070,ABRHOUKZOUNSSK-FVEAQGRNSA-N
SP_000070,ABUKPIBHMMLQDI-RCOVLANCSA-N
SP_000070,ACGLCDJEASKGDO-JSYPMYMJSA-N
SP_000070,ACIVVGBVOVHFPQ-RPDRRWSUSA-N
SP_000070,ACLPCAOOWJUVLL-DZKYTWFZSA-N
SP_000070,ACLQSYLJAZRTAP-XAFBQJBNSA-N
SP_000070,ACSIRQPNAYTBRW-VZUYHUTRSA-N
SP_000070,ACTHNCRNFFCCAQ-PLKVWTDNSA-N
SP_000070,ACTHNCRNFFCCAQ-YNQDZHFMSA-N
SP_000070,ACUIYXOOZPHRRA-DHEZTBRESA-N
SP_000070,ACZVSMNFVFBOTM-UHFFFAOYSA-N
SP_000070,ADCKHLSRWCXEIY-GGAPOBRUSA-N
SP_000070,ADHKIZQYPQGIRC-ACSKKKSPSA-N
SP_000070,ADHKIZQYPQGIRC-SOZVHHJESA-N
SP_000070,ADHNTNYEJYJUCU-ZSJFXSENSA-N
SP_000070,ADKNUXINKGBJMY-LDLOPFEMSA-N
SP_000070,ADMGMAPZAQUXIR-VRHMUEQPSA-N
SP_000070,ADNSYCXWAHUWTA-SYOMJGEJSA-N
SP_000070,ADSGHWJRPOXXTD-IHWYPQMZSA-M
SP_000070,ADYPMBBPSUQKED-VOLCNUBSSA-N
SP_000070,ADZPFIMEBZGRHB-ILJAMNOWSA-N
SP_000070,AEFNZGGBWOQYID-UHFFFAOYSA-N
SP_000070,AEIJGHDRIPTRQY-UBTAJKBJSA-N
SP_000070,AELFRHHZGTVYGJ-QMMMGPOBSA-N
SP_000070,AEMFNILZOJDQLW-QAGGRKNESA-N
SP_000070,AERBNCYCJBRYDG-UHFFFAOYSA-N
SP_000070,AESBAQNLQIQXNK-BMFSGJJHSA-N
SP_000070,AETXDQTWHNBCRO-QLKFWGTOSA-N
SP_000070,AEWHYWSPVRZHCT-NDZSKPAWSA-N
SP_000070,AEWHYWSPVRZHCT-UHFFFAOYSA-J
SP_000070,AEXNGRVFOMIYOW-ICFOKQHNSA-N
SP_000071,AABKSFWWBUPVNY-NVCPWDGJSA-N
SP_000071,AAFBEFOSCLMOTF-KXBCQOCRSA-N
SP_000071,AAFBEFOSCLMOTF-RRPFJGJLSA-N
SP_000071,AANMVENRNJYEMK-UHFFFAOYSA-N
SP_000071,AANZTOSGIRNZNM-LNOKNGNPSA-N
SP_000071,AAPGXBRKBIUCMQ-GWHBCOKCSA-N
SP_000071,AAWNBEJOCRYVJE-QNGWXLTQSA-N
SP_000071,AAWZDTNXLSGCEK-UHFFFAOYSA-M
SP_000071,AAXMCYUUKFLUMJ-JSFHAIONSA-N
SP_000071,AAXMCYUUKFLUMJ-TWDRBPDCSA-N
SP_000071,AAXYAFFKOSNMEB-MHARETSRSA-N
SP_000071,AAZOMBJKSJQDHJ-ZBRBWIFHSA-N
SP_000071,AAZZVFONLHYNDZ-NVQRUNIKSA-J
SP_000071,ABBYYPGQJRBTGA-NESBLOORSA-N
SP_000071,ABCOOORLYAOBOZ-KQYNXXCUSA-N
SP_000071,ABFJWRKPWCFTQP-JKFVOKSPSA-N
SP_000071,ABFJWRKPWCFTQP-XSMLMOGHSA-N
SP_000071,ABIKEVIWOJTKQS-AARKOHAPSA-N
SP_000071,ABLZXFCXXLZCGV-UHFFFAOYSA-L
SP_000071,ABRHOUKZOUNSSK-FVEAQGRNSA-N
SP_000071,ABUKPIBHMMLQDI-RCOVLANCSA-N
SP_000071,ACGLCDJEASKGDO-JSYPMYMJSA-N
SP_000071,ACIVVGBVOVHFPQ-RPDRRWSUSA-N
SP_000071,ACLPCAOOWJUVLL-DZKYTWFZSA-N
SP_000071,ACLQSYLJAZRTAP-XAFBQJBNSA-N
SP_000071,ACSIRQPNAYTBRW-VZUYHUTRSA-N
SP_000071,ACTHNCRNFFCCAQ-PLKVWTDNSA-N
SP_000071,ACTHNCRNFFCCAQ-YNQDZHFMSA-N
SP_000071,ACZVSMNFVFBOTM-UHFFFAOYSA-N
SP_000071,ADCKHLSRWCXEIY-GGAPOBRUSA-N
SP_000071,ADHKIZQYPQGIRC-ACSKKKSPSA-N
SP_000071,ADHKIZQYPQGIRC-SOZVHHJESA-N
SP_000071,ADKNUXINKGBJMY-LDLOPFEMSA-N
SP_000071,ADMGMAPZAQUXIR-VRHMUEQPSA-N
SP_000071,ADNSYCXWAHUWTA-SYOMJGEJSA-N
SP_000071,ADSGHWJRPOXXTD-IHWYPQMZSA-M
SP_000071,ADYPMBBPSUQKED-VOLCNUBSSA-N
SP_000071,ADZPFIMEBZGRHB-ILJAMNOWSA-N
SP_000071,AEFNZGGBWOQYID-UHFFFAOYSA-N
SP_000071,AEIJGHDRIPTRQY-UBTAJKBJSA-N
SP_000071,AELFRHHZGTVYGJ-QMMMGPOBSA-N
SP_000071,AEMFNILZOJDQLW-QAGGRKNESA-N
SP_000071,AERBNCYCJBRYDG-UHFFFAOYSA-N
SP_000071,AESBAQNLQIQXNK-BMFSGJJHSA-N
SP_000071,AETXDQTWHNBCRO-QLKFWGTOSA-N
SP_000071,AEWHYWSPVRZHCT-NDZSKPAWSA-N
SP_000071,AEWHYWSPVRZHCT-UHFFFAOYSA-J
SP_000071,AEXNGRVFOMIYOW-ICFOKQHNSA-N
SP_000071,AFFQVAIMWFYJJS-DTHFMEMVSA-N
SP_000071,AFGUVBVUFZMJMX-MDZDMXLPSA-N
SP_000072,AABKSFWWBUPVNY-NVCPWDGJSA-N
SP_000072,AAFBEFOSCLMOTF-KXBCQOCRSA-N
SP_000072,AAFBEFOSCLMOTF-RRPFJGJLSA-N
SP_000072,AANMVENRNJYEMK-UHFFFAOYSA-N
SP_000072,AANZTOSGIRNZNM-LNOKNGNPSA-N
SP_000072,AAPGXBRKBIUCMQ-GWHBCOKCSA-N
SP_000072,AAWNBEJOCRYVJE-QNGWXLTQSA-N
SP_000072,AAWZDTNXLSGCEK-UHFFFAOYSA-M
SP_000072,AAWZDTNXLSGCEK-UHFFFAOYSA-N
SP_000072,AAXMCYUUKFLUMJ-JSFHAIONSA-N
SP_000072,AAXMCYUUKFLUMJ-TWDRBPDCSA-N
SP_000072,AAXYAFFKOSNMEB-MHARETSRSA-N
SP_000072,AAZOMBJKSJQDHJ-ZBRBWIFHSA-N
SP_000072,AAZZVFONLHYNDZ-NVQRUNIKSA-J
SP_000072,ABBYYPGQJRBTGA-NESBLOORSA-N
SP_000072,ABCOOORLYAOBOZ-KQYNXXCUSA-N
SP_000072,ABFJWRKPWCFTQP-JKFVOKSPSA-N
SP_000072,ABFJWRKPWCFTQP-XSMLMOGHSA-N
SP_000072,ABIKEVIWOJTKQS-AARKOHAPSA-N
SP_000072,ABLZXFCXXLZCGV-UHFFFAOYSA-L
SP_000072,ABRHOUKZOUNSSK-FVEAQGRNSA-N
SP_000072,ABUKPIBHMMLQDI-RCOVLANCSA-N
SP_000072,ACGLCDJEASKGDO-JSYPMYMJSA-N
SP_000072,ACIVVGBVOVHFPQ-RPDRRWSUSA-N
SP_000072,ACLPCAOOWJUVLL-DZKYTWFZSA-N
SP_000072,ACLQSYLJAZRTAP-XAFBQJBNSA-N
SP_000072,ACSIRQPNAYTBRW-VZUYHUTRSA-N
SP_000072,ACTHNCRNFFCCAQ-PLKVWTDNSA-N
SP_000072,ACTHNCRNFFCCAQ-YNQDZHFMSA-N
SP_000072,ACWQBUSCFPJUPN-HWKANZROSA-N
SP_000072,ACWQBUSCFPJUPN-HYXAFXHYSA-N
SP_000072,ACZVSMNFVFBOTM-UHFFFAOYSA-N
SP_000072,ADCKHLSRWCXEIY-GGAPOBRUSA-N
SP_000072,ADHKIZQYPQGIRC-ACSKKKSPSA-N
SP_000072,ADHKIZQYPQGIRC-SOZVHHJESA-N
SP_000072,ADHNTNYEJYJUCU-ZSJFXSENSA-N
SP_000072,ADKNUXINKGBJMY-LDLOPFEMSA-N
SP_000072,ADMGMAPZAQUXIR-VRHMUEQPSA-N
SP_000072,ADNSYCXWAHUWTA-SYOMJGEJSA-N
SP_000072,ADSGHWJRPOXXTD-IHWYPQMZSA-M
SP_000072,ADYPMBBPSUQKED-VOLCNUBSSA-N
SP_000072,ADZPFIMEBZGRHB-ILJAMNOWSA-N
SP_000072,AEFNZGGBWOQYID-UHFFFAOYSA-N
SP_000072,AEIJGHDRIPTRQY-UBTAJKBJSA-N
SP_000072,AELFRHHZGTVYGJ-QMMMGPOBSA-N
SP_000072,AEMFNILZOJDQLW-QAGGRKNESA-N
SP_000072,AERBNCYCJBRYDG-UHFFFAOYSA-N
SP_000072,AESBAQNLQIQXNK-BMFSGJJHSA-N
SP_000072,AETXDQTWHNBCRO-QLKFWGTOSA-N
SP_000072,AEWHYWSPVRZHCT-NDZSKPAWSA-N
SP_000073,AABKSFWWBUPVNY-NVCPWDGJSA-N
SP_000073,AAFBEFOSCLMOTF-KXBCQOCRSA-N
SP_000073,AAFBEFOSCLMOTF-RRPFJGJLSA-N
SP_000073,AANMVENRNJYEMK-UHFFFAOYSA-N
SP_000073,AANZTOSGIRNZNM-LNOKNGNPSA-N
SP_000073,AAPGXBRKBIUCMQ-GWHBCOKCSA-N
SP_000073,AAWNBEJOCRYVJE-QNGWXLTQSA-N
SP_000073,AAWZDTNXLSGCEK-UHFFFAOYSA-M
SP_000073,AAWZDTNXLSGCEK-UHFFFAOYSA-N
SP_000073,AAXMCYUUKFLUMJ-JSFHAIONSA-N
SP_000073,AAXMCYUUKFLUMJ-TWDRBPDCSA-N
SP_000073,AAXYAFFKOSNMEB-MHARETSRSA-N
SP_000073,AAZOMBJKSJQDHJ-ZBRBWIFHSA-N
SP_000073,AAZZVFONLHYNDZ-NVQRUNIKSA-J
SP_000073,ABBYYPGQJRBTGA-NESBLOORSA-N
SP_000073,ABCOOORLYAOBOZ-KQYNXXCUSA-N
SP_000073,ABFJWRKPWCFTQP-JKFVOKSPSA-N
SP_000073,ABFJWRKPWCFTQP-XSMLMOGHSA-N
SP_000073,ABIKEVIWOJTKQS-AARKOHAPSA-N
SP_000073,ABLZXFCXXLZCGV-UHFFFAOYSA-L
SP_000073,ABRHOUKZOUNSSK-FVEAQGRNSA-N
SP_000073,ABUKPIBHMMLQDI-RCOVLANCSA-N
SP_000073,ACGLCDJEASKGDO-JSYPMYMJSA-N
SP_000073,ACIVVGBVOVHFPQ-RPDRRWSUSA-N
SP_000073,ACLPCAOOWJUVLL-DZKYTWFZSA-N
SP_000073,ACLQSYLJAZRTAP-XAFBQJBNSA-N
SP_000073,ACSIRQPNAYTBRW-VZUYHUTRSA-N
SP_000073,ACTHNCRNFFCCAQ-PLKVWTDNSA-N
SP_000073,ACTHNCRNFFCCAQ-YNQDZHFMSA-N
SP_000073,ACZVSMNFVFBOTM-UHFFFAOYSA-N
SP_000073,ADCKHLSRWCXEIY-GGAPOBRUSA-N
SP_000073,ADHKIZQYPQGIRC-ACSKKKSPSA-N
SP_000073,ADHKIZQYPQGIRC-SOZVHHJESA-N
SP_000073,ADHNTNYEJYJUCU-ZSJFXSENSA-N
SP_000073,ADKNUXINKGBJMY-LDLOPFEMSA-N
SP_000073,ADMGMAPZAQUXIR-VRHMUEQPSA-N
SP_000073,ADNSYCXWAHUWTA-SYOMJGEJSA-N
SP_000073,ADSGHWJRPOXXTD-IHWYPQMZSA-M
SP_000073,ADYPMBBPSUQKED-VOLCNUBSSA-N
SP_000073,ADZPFIMEBZGRHB-ILJAMNOWSA-N
SP_000073,AEDDIBAIWPIIBD-ZJKJAXBQSA-N
SP_000073,AEFNZGGBWOQYID-UHFFFAOYSA-N
SP_000073,AEIJGHDRIPTRQY-UBTAJKBJSA-N
SP_000073,AELFRHHZGTVYGJ-QMMMGPOBSA-N
SP_000073,AEMFNILZOJDQLW-QAGGRKNESA-N
SP_000073,AERBNCYCJBRYDG-UHFFFAOYSA-N
SP_000073,AESBAQNLQIQXNK-BMFSGJJHSA-N
SP_000073,AETXDQTWHNBCRO-QLKFWGTOSA-N
SP_000073,AEWHYWSPVRZHCT-NDZSKPAWSA-N
SP_000073,AEWHYWSPVRZHCT-UHFFFAOYSA-J
SP_000074,AABKSFWWBUPVNY-NVCPWDGJSA-N
SP_000074,AAFBEFOSCLMOTF-KXBCQOCRSA-N
SP_000074,AAFBEFOSCLMOTF-RRPFJGJLSA-N
SP_000074,AANMVENRNJYEMK-UHFFFAOYSA-N
SP_000074,AANZTOSGIRNZNM-LNOKNGNPSA-N
SP_000074,AAPGXBRKBIUCMQ-GWHBCOKCSA-N
SP_000074,AAWNBEJOCRYVJE-QNGWXLTQSA-N
SP_000074,AAWZDTNXLSGCEK-UHFFFAOYSA-M
SP_000074,AAXMCYUUKFLUMJ-JSFHAIONSA-N
SP_000074,AAXMCYUUKFLUMJ-TWDRBPDCSA-N
SP_000074,AAXYAFFKOSNMEB-MHARETSRSA-N
SP_000074,AAZOMBJKSJQDHJ-ZBRBWIFHSA-N
SP_000074,AAZZVFONLHYNDZ-NVQRUNIKSA-J
SP_000074,ABBYYPGQJRBTGA-NESBLOORSA-N
SP_000074,ABCOOORLYAOBOZ-KQYNXXCUSA-N
SP_000074,ABFJWRKPWCFTQP-JKFVOKSPSA-N
SP_000074,ABFJWRKPWCFTQP-XSMLMOGHSA-N
SP_000074,ABIKEVIWOJTKQS-AARKOHAPSA-N
SP_000074,ABLZXFCXXLZCGV-UHFFFAOYSA-L
SP_000074,ABRHOUKZOUNSSK-FVEAQGRNSA-N
SP_000074,ABUKPIBHMMLQDI-RCOVLANCSA-N
SP_000074,ACGLCDJEASKGDO-JSYPMYMJSA-N
SP_000074,ACIVVGBVOVHFPQ-RPDRRWSUSA-N
SP_000074,ACLPCAOOWJUVLL-DZKYTWFZSA-N
SP_000074,ACLQSYLJAZRTAP-XAFBQJBNSA-N
SP_000074,ACOBBFVLNKYODD-CSKARUKUSA-N
SP_000074,ACSIRQPNAYTBRW-VZUYHUTRSA-N
SP_000074,ACTHNCRNFFCCAQ-PLKVWTDNSA-N
SP_000074,ACTHNCRNFFCCAQ-YNQDZHFMSA-N
SP_000074,ACZVSMNFVFBOTM-UHFFFAOYSA-N
SP_000074,ADCKHLSRWCXEIY-GGAPOBRUSA-N
SP_000074,ADHKIZQYPQGIRC-ACSKKKSPSA-N
SP_000074,ADHKIZQYPQGIRC-SOZVHHJESA-N
SP_000074,ADKNUXINKGBJMY-LDLOPFEMSA-N
SP_000074,ADMGMAPZAQUXIR-VRHMUEQPSA-N
SP_000074,ADNSYCXWAHUWTA-SYOMJGEJSA-N
SP_000074,ADSGHWJRPOXXTD-IHWYPQMZSA-M
SP_000074,ADYPMBBPSUQKED-VOLCNUBSSA-N
SP_000074,ADZPFIMEBZGRHB-ILJAMNOWSA-N
SP_000074,AEFNZGGBWOQYID-UHFFFAOYSA-N
SP_000074,AEIJGHDRIPTRQY-UBTAJKBJSA-N
SP_000074,AELFRHHZGTVYGJ-QMMMGPOBSA-N
SP_000074,AEMFNILZOJDQLW-QAGGRKNESA-N
SP_000074,AERBNCYCJBRYDG-UHFFFAOYSA-N
SP_000074,AESBAQNLQIQXNK-BMFSGJJHSA-N
SP_000074,AETXDQTWHNBCRO-QLKFWGTOSA-N
SP_000074,AEVLWICMAHGAMS-UHFFFAOYSA-N
SP_000074,AEWHYWSPVRZHCT-NDZSKPAWSA-N
SP_000074,AEWHYWSPVRZHCT-UHFFFAOYSA-J
SP_000074,AEXNGRVFOMIYOW-ICFOKQHNSA-N
SP_000075,AABKSFWWBUPVNY-NVCPWDGJSA-N
SP_000075,AAFBEFOSCLMOTF-KXBCQOCRSA-N
SP_000075,AAFBEFOSCLMOTF-RRPFJGJLSA-N
SP_000075,AANMVENRNJYEMK-UHFFFAOYSA-N
SP_000075,AANZTOSGIRNZNM-LNOKNGNPSA-N
SP_000075,AAPGXBRKBIUCMQ-GWHBCOKCSA-N
SP_000075,AAWNBEJOCRYVJE-QNGWXLTQSA-N
SP_000075,AAWZDTNXLSGCEK-UHFFFAOYSA-M
SP_000075,AAXMCYUUKFLUMJ-JSFHAIONSA-N
SP_000075,AAXMCYUUKFLUMJ-TWDRBPDCSA-N
SP_000075,AAXYAFFKOSNMEB-MHARETSRSA-N
SP_000075,AAZOMBJKSJQDHJ-ZBRBWIFHSA-N
SP_000075,AAZZVFONLHYNDZ-NVQRUNIKSA-J
SP_000075,ABBYYPGQJRBTGA-NESBLOORSA-N
SP_000075,ABCOOORLYAOBOZ-KQYNXXCUSA-N
SP_000075,ABFJWRKPWCFTQP-JKFVOKSPSA-N
SP_000075,ABFJWRKPWCFTQP-XSMLMOGHSA-N
SP_000075,ABIKEVIWOJTKQS-AARKOHAPSA-N
SP_000075,ABLZXFCXXLZCGV-UHFFFAOYSA-L
SP_000075,ABRHOUKZOUNSSK-FVEAQGRNSA-N
SP_000075,ABUKPIBHMMLQDI-RCOVLANCSA-N
SP_000075,ACGLCDJEASKGDO-JSYPMYMJSA-N
SP_000075,ACIVVGBVOVHFPQ-RPDRRWSUSA-N
SP_000075,ACLPCAOOWJUVLL-DZKYTWFZSA-N
SP_000075,ACLQSYLJAZRTAP-XAFBQJBNSA-N
SP_000075,ACSIRQPNAYTBRW-VZUYHUTRSA-N
SP_000075,ACTHNCRNFFCCAQ-PLKVWTDNSA-N
SP_000075,ACTHNCRNFFCCAQ-YNQDZHFMSA-N
SP_000075,ACWQBUSCFPJUPN-HYXAFXHYSA-N
SP_000075,ACZVSMNFVFBOTM-UHFFFAOYSA-N
SP_000075,ADCKHLSRWCXEIY-GGAPOBRUSA-N
SP_000075,ADHKIZQYPQGIRC-ACSKKKSPSA-N
SP_000075,ADHKIZQYPQGIRC-SOZVHHJESA-N
SP_000075,ADHNTNYEJYJUCU-ZSJFXSENSA-N
SP_000075,ADKNUXINKGBJMY-LDLOPFEMSA-N
SP_000075,ADMGMAPZAQUXIR-VRHMUEQPSA-N
SP_000075,ADNSYCXWAHUWTA-SYOMJGEJSA-N
SP_000075,ADSGHWJRPOXXTD-IHWYPQMZSA-M
SP_000075,ADYPMBBPSUQKED-VOLCNUBSSA-N
SP_000075,ADZPFIMEBZGRHB-ILJAMNOWSA-N
SP_000075,AEFNZGGBWOQYID-UHFFFAOYSA-N
SP_000075,AEIJGHDRIPTRQY-UBTAJKBJSA-N
SP_000075,AELFRHHZGTVYGJ-QMMMGPOBSA-N
SP_000075,AEMFNILZOJDQLW-QAGGRKNESA-N
SP_000075,AERBNCYCJBRYDG-UHFFFAOYSA-N
SP_000075,AESBAQNLQIQXNK-BMFSGJJHSA-N
SP_000075,AETXDQTWHNBCRO-QLKFWGTOSA-N
SP_000075,AEWHYWSPVRZHCT-NDZSKPAWSA-N
SP_000075,AEWHYWSPVRZHCT-UHFFFAOYSA-J
SP_000075,AEXNGRVFOMIYOW-ICFOKQHNSA-N
SP_000076,AABKSFWWBUPVNY-NVCPWDGJSA-N
SP_000076,AAFBEFOSCLMOTF-KXBCQOCRSA-N
SP_000076,AAFBEFOSCLMOTF-RRPFJGJLSA-N
SP_000076,AANMVENRNJYEMK-UHFFFAOYSA-N
SP_000076,AANZTOSGIRNZNM-LNOKNGNPSA-N
SP_000076,AAPGXBRKBIUCMQ-GWHBCOKCSA-N
SP_000076,AAWNBEJOCRYVJE-QNGWXLTQSA-N
SP_000076,AAWZDTNXLSGCEK-UHFFFAOYSA-M
SP_000076,AAXMCYUUKFLUMJ-JSFHAIONSA-N
SP_000076,AAXMCYUUKFLUMJ-TWDRBPDCSA-N
SP_000076,AAXYAFFKOSNMEB-MHARETSRSA-N
SP_000076,AAZOMBJKSJQDHJ-ZBRBWIFHSA-N
SP_000076,AAZZVFONLHYNDZ-NVQRUNIKSA-J
SP_000076,ABBYYPGQJRBTGA-NESBLOORSA-N
SP_000076,ABCOOORLYAOBOZ-KQYNXXCUSA-N
SP_000076,ABDKAPXRBAPSQN-UHFFFAOYSA-N
SP_000076,ABFJWRKPWCFTQP-JKFVOKSPSA-N
SP_000076,ABFJWRKPWCFTQP-XSMLMOGHSA-N
SP_000076,ABIKEVIWOJTKQS-AARKOHAPSA-N
SP_000076,ABLZXFCXXLZCGV-UHFFFAOYSA-L
SP_000076,ABRHOUKZOUNSSK-FVEAQGRNSA-N
SP_000076,ABUKPIBHMMLQDI-RCOVLANCSA-N
SP_000076,ACGLCDJEASKGDO-JSYPMYMJSA-N
SP_000076,ACIVVGBVOVHFPQ-RPDRRWSUSA-N
SP_000076,ACLPCAOOWJUVLL-DZKYTWFZSA-N
SP_000076,ACLQSYLJAZRTAP-XAFBQJBNSA-N
SP_000076,ACSIRQPNAYTBRW-VZUYHUTRSA-N
SP_000076,ACTHNCRNFFCCAQ-PLKVWTDNSA-N
SP_000076,ACTHNCRNFFCCAQ-YNQDZHFMSA-N
SP_000076,ACWQBUSCFPJUPN-HWKANZROSA-N
SP_000076,ACZVSMNFVFBOTM-UHFFFAOYSA-N
SP_000076,ADCKHLSRWCXEIY-GGAPOBRUSA-N
SP_000076,ADHKIZQYPQGIRC-ACSKKKSPSA-N
SP_000076,ADHKIZQYPQGIRC-SOZVHHJESA-N
SP_000076,ADHNTNYEJYJUCU-ZSJFXSENSA-N
SP_000076,ADKNUXINKGBJMY-LDLOPFEMSA-N
SP_000076,ADMGMAPZAQUXIR-VRHMUEQPSA-N
SP_000076,ADNSYCXWAHUWTA-SYOMJGEJSA-N
SP_000076,ADSGHWJRPOXXTD-IHWYPQMZSA-M
SP_000076,ADYPMBBPSUQKED-VOLCNUBSSA-N
SP_000076,ADZPFIMEBZGRHB-ILJAMNOWSA-N
SP_000076,AEFNZGGBWOQYID-UHFFFAOYSA-N
SP_000076,AEIJGHDRIPTRQY-UBTAJKBJSA-N
SP_000076,AELFRHHZGTVYGJ-QMMMGPOBSA-N
SP_000076,AEMFNILZOJDQLW-QAGGRKNESA-N
SP_000076,AERBNCYCJBRYDG-UHFFFAOYSA-N
SP_000076,AESBAQNLQIQXNK-BMFSGJJHSA-N
SP_000076,AETXDQTWHNBCRO-QLKFWGTOSA-N
SP_000076,AEWHYWSPVRZHCT-NDZSKPAWSA-N
SP_000076,AEWHYWSPVRZHCT-UHFFFAOYSA-J
SP_000077,AABKSFWWBUPVNY-NVCPWDGJSA-N
SP_000077,AAFBEFOSCLMOTF-KXBCQOCRSA-N
SP_000077,AAFBEFOSCLMOTF-RRPFJGJLSA-N
SP_000077,AANMVENRNJYEMK-UHFFFAOYSA-N
SP_000077,AANZTOSGIRNZNM-LNOKNGNPSA-N
SP_000077,AAPGXBRKBIUCMQ-GWHBCOKCSA-N
SP_000077,AAWNBEJOCRYVJE-QNGWXLTQSA-N
SP_000077,AAWZDTNXLSGCEK-UHFFFAOYSA-M
SP_000077,AAXMCYUUKFLUMJ-JSFHAIONSA-N
SP_000077,AAXMCYUUKFLUMJ-TWDRBPDCSA-N
SP_000077,AAXYAFFKOSNMEB-MHARETSRSA-N
SP_000077,AAZOMBJKSJQDHJ-ZBRBWIFHSA-N
SP_000077,AAZZVFONLHYNDZ-NVQRUNIKSA-J
SP_000077,ABBYYPGQJRBTGA-NESBLOORSA-N
SP_000077,ABCOOORLYAOBOZ-KQYNXXCUSA-N
SP_000077,ABFJWRKPWCFTQP-JKFVOKSPSA-N
SP_000077,ABFJWRKPWCFTQP-XSMLMOGHSA-N
SP_000077,ABIKEVIWOJTKQS-AARKOHAPSA-N
SP_000077,ABLZXFCXXLZCGV-UHFFFAOYSA-L
SP_000077,ABRHOUKZOUNSSK-FVEAQGRNSA-N
SP_000077,ABUKPIBHMMLQDI-RCOVLANCSA-N
SP_000077,ACGLCDJEASKGDO-JSYPMYMJSA-N
SP_000077,ACIVVGBVOVHFPQ-RPDRRWSUSA-N
SP_000077,ACLPCAOOWJUVLL-DZKYTWFZSA-N
SP_000077,ACLQSYLJAZRTAP-XAFBQJBNSA-N
SP_000077,ACSIRQPNAYTBRW-VZUYHUTRSA-N
SP_000077,ACTHNCRNFFCCAQ-PLKVWTDNSA-N
SP_000077,ACTHNCRNFFCCAQ-YNQDZHFMSA-N
SP_000077,ACZVSMNFVFBOTM-UHFFFAOYSA-N
SP_000077,ADCKHLSRWCXEIY-GGAPOBRUSA-N
SP_000077,ADHKIZQYPQGIRC-ACSKKKSPSA-N
SP_000077,ADHKIZQYPQGIRC-SOZVHHJESA-N
SP_000077,ADKNUXINKGBJMY-LDLOPFEMSA-N
SP_000077,ADMGMAPZAQUXIR-VRHMUEQPSA-N
SP_000077,ADNSYCXWAHUWTA-SYOMJGEJSA-N
SP_000077,ADSGHWJRPOXXTD-IHWYPQMZSA-M
SP_000077,ADYPMBBPSUQKED-VOLCNUBSSA-N
SP_000077,ADZPFIMEBZGRHB-ILJAMNOWSA-N
SP_000077,AEFNZGGBWOQYID-UHFFFAOYSA-N
SP_000077,AEIJGHDRIPTRQY-UBTAJKBJSA-N
SP_000077,AELFRHHZGTVYGJ-QMMMGPOBSA-N
SP_000077,AEMFNILZOJDQLW-QAGGRKNESA-N
SP_000077,AERBNCYCJBRYDG-UHFFFAOYSA-N
SP_000077,AESBAQNLQIQXNK-BMFSGJJHSA-N
SP_000077,AETXDQTWHNBCRO-QLKFWGTOSA-N
SP_000077,AEWHYWSPVRZHCT-NDZSKPAWSA-N
SP_000077,AEWHYWSPVRZHCT-UHFFFAOYSA-J
SP_000077,AEXNGRVFOMIYOW-ICFOKQHNSA-N
SP_000077,AFFQVAIMWFYJJS-DTHFMEMVSA-N
SP_000077,AFGUVBVUFZMJMX-MDZDMXLPSA-N
SP_000078,AABKSFWWBUPVNY-NVCPWDGJSA-N
SP_000078,AAFBEFOSCLMOTF-KXBCQOCRSA-N
SP_000078,AAFBEFOSCLMOTF-RRPFJGJLSA-N
SP_000078,AANMVENRNJYEMK-UHFFFAOYSA-N
SP_000078,AANZTOSGIRNZNM-LNOKNGNPSA-N
SP_000078,AAPGXBRKBIUCMQ-GWHBCOKCSA-N
SP_000078,AAWNBEJOCRYVJE-QNGWXLTQSA-N
SP_000078,AAWZDTNXLSGCEK-UHFFFAOYSA-M
SP_000078,AAXMCYUUKFLUMJ-JSFHAIONSA-N
SP_000078,AAXMCYUUKFLUMJ-TWDRBPDCSA-N
SP_000078,AAXYAFFKOSNMEB-MHARETSRSA-N
SP_000078,AAZOMBJKSJQDHJ-ZBRBWIFHSA-N
SP_000078,AAZZVFONLHYNDZ-NVQRUNIKSA-J
SP_000078,ABBYYPGQJRBTGA-NESBLOORSA-N
SP_000078,ABCOOORLYAOBOZ-KQYNXXCUSA-N
SP_000078,ABFJWRKPWCFTQP-JKFVOKSPSA-N
SP_000078,ABFJWRKPWCFTQP-XSMLMOGHSA-N
SP_000078,ABIKEVIWOJTKQS-AARKOHAPSA-N
SP_000078,ABLZXFCXXLZCGV-UHFFFAOYSA-L
SP_000078,ABRHOUKZOUNSSK-FVEAQGRNSA-N
SP_000078,ABUKPIBHMMLQDI-RCOVLANCSA-N
SP_000078,ACGLCDJEASKGDO-JSYPMYMJSA-N
SP_000078,ACIVVGBVOVHFPQ-RPDRRWSUSA-N
SP_000078,ACLPCAOOWJUVLL-DZKYTWFZSA-N
SP_000078,ACLQSYLJAZRTAP-XAFBQJBNSA-N
SP_000078,ACSIRQPNAYTBRW-VZUYHUTRSA-N
SP_000078,ACTHNCRNFFCCAQ-PLKVWTDNSA-N
SP_000078,ACTHNCRNFFCCAQ-YNQDZHFMSA-N
SP_000078,ACUIYXOOZPHRRA-DHEZTBRESA-N
SP_000078,ACZVSMNFVFBOTM-UHFFFAOYSA-N
SP_000078,ADCKHLSRWCXEIY-GGAPOBRUSA-N
SP_000078,ADHKIZQYPQGIRC-ACSKKKSPSA-N
SP_000078,ADHKIZQYPQGIRC-SOZVHHJESA-N
SP_000078,ADHNTNYEJYJUCU-ZSJFXSENSA-N
SP_000078,ADKNUXINKGBJMY-LDLOPFEMSA-N
SP_000078,ADMGMAPZAQUXIR-VRHMUEQPSA-N
SP_000078,ADNSYCXWAHUWTA-SYOMJGEJSA-N
SP_000078,ADSGHWJRPOXXTD-IHWYPQMZSA-M
SP_000078,ADYPMBBPSUQKED-VOLCNUBSSA-N
SP_000078,ADZPFIMEBZGRHB-ILJAMNOWSA-N
SP_000078,AEFNZGGBWOQYID-UHFFFAOYSA-N
SP_000078,AEIJGHDRIPTRQY-UBTAJKBJSA-N
SP_000078,AELFRHHZGTVYGJ-QMMMGPOBSA-N
SP_000078,AEMFNILZOJDQLW-QAGGRKNESA-N
SP_000078,AERBNCYCJBRYDG-UHFFFAOYSA-N
SP_000078,AESBAQNLQIQXNK-BMFSGJJHSA-N
SP_000078,AETXDQTWHNBCRO-QLKFWGTOSA-N
SP_000078,AEWHYWSPVRZHCT-NDZSKPAWSA-N
SP_000078,AEWHYWSPVRZHCT-UHFFFAOYSA-J
SP_000078,AEXNGRVFOMIYOW-ICFOKQHNSA-N
SP_000079,AABKSFWWBUPVNY-NVCPWDGJSA-N
SP_000079,AAFBEFOSCLMOTF-KXBCQOCRSA-N
SP_000079,AAFBEFOSCLMOTF-RRPFJGJLSA-N
SP_000079,AANMVENRNJYEMK-UHFFFAOYSA-N
SP_000079,AANZTOSGIRNZNM-LNOKNGNPSA-N
SP_000079,AAPGXBRKBIUCMQ-GWHBCOKCSA-N
SP_000079,AAWNBEJOCRYVJE-QNGWXLTQSA-N
SP_000079,AAWZDTNXLSGCEK-UHFFFAOYSA-M
SP_000079,AAXMCYUUKFLUMJ-JSFHAIONSA-N
SP_000079,AAXMCYUUKFLUMJ-TWDRBPDCSA-N
SP_000079,AAXYAFFKOSNMEB-MHARETSRSA-N
SP_000079,AAZOMBJKSJQDHJ-ZBRBWIFHSA-N
SP_000079,AAZZVFONLHYNDZ-NVQRUNIKSA-J
SP_000079,ABBYYPGQJRBTGA-NESBLOORSA-N
SP_000079,ABCOOORLYAOBOZ-KQYNXXCUSA-N
SP_000079,ABFJWRKPWCFTQP-JKFVOKSPSA-N
SP_000079,ABFJWRKPWCFTQP-XSMLMOGHSA-N
SP_000079,ABIKEVIWOJTKQS-AARKOHAPSA-N
SP_000079,ABLZXFCXXLZCGV-UHFFFAOYSA-L
SP_000079,ABRHOUKZOUNSSK-FVEAQGRNSA-N
SP_000079,ABUKPIBHMMLQDI-RCOVLANCSA-N
SP_000079,ACGLCDJEASKGDO-JSYPMYMJSA-N
SP_000079,ACIVVGBVOVHFPQ-RPDRRWSUSA-N
SP_000079,ACLPCAOOWJUVLL-DZKYTWFZSA-N
SP_000079,ACLQSYLJAZRTAP-XAFBQJBNSA-N
SP_000079,ACSIRQPNAYTBRW-VZUYHUTRSA-N
SP_000079,ACTHNCRNFFCCAQ-PLKVWTDNSA-N
SP_000079,ACTHNCRNFFCCAQ-YNQDZHFMSA-N
SP_000079,ACZVSMNFVFBOTM-UHFFFAOYSA-N
SP_000079,ADCKHLSRWCXEIY-GGAPOBRUSA-N
SP_000079,ADHKIZQYPQGIRC-ACSKKKSPSA-N
SP_000079,ADHKIZQYPQGIRC-SOZVHHJESA-N
SP_000079,ADHNTNYEJYJUCU-ZSJFXSENSA-N
SP_000079,ADKNUXINKGBJMY-LDLOPFEMSA-N
SP_000079,ADMGMAPZAQUXIR-VRHMUEQPSA-N
SP_000079,ADNSYCXWAHUWTA-SYOMJGEJSA-N
SP_000079,ADSGHWJRPOXXTD-IHWYPQMZSA-M
SP_000079,ADYPMBBPSUQKED-VOLCNUBSSA-N
SP_000079,ADZPFIMEBZGRHB-ILJAMNOWSA-N
SP_000079,AEFNZGGBWOQYID-UHFFFAOYSA-N
SP_000079,AEIJGHDRIPTRQY-UBTAJKBJSA-N
SP_000079,AELFRHHZGTVYGJ-QMMMGPOBSA-N
SP_000079,AEMFNILZOJDQLW-QAGGRKNESA-N
SP_000079,AERBNCYCJBRYDG-UHFFFAOYSA-N
SP_000079,AESBAQNLQIQXNK-BMFSGJJHSA-N
SP_000079,AETXDQTWHNBCRO-QLKFWGTOSA-N
SP_000079,AEWHYWSPVRZHCT-NDZSKPAWSA-N
SP_000079,AEWHYWSPVRZHCT-UHFFFAOYSA-J
SP_000079,AEXNGRVFOMIYOW-ICFOKQHNSA-N
SP_000079,AFFQVAIMWFYJJS-DTHFMEMVSA-N
SP_000080,AABKSFWWBUPVNY-NVCPWDGJSA-N
SP_000080,AAFBEFOSCLMOTF-KXBCQOCRSA-N
SP_000080,AAFBEFOSCLMOTF-RRPFJGJLSA-N
SP_000080,AANMVENRNJYEMK-UHFFFAOYSA-N
SP_000080,AANZTOSGIRNZNM-LNOKNGNPSA-N
SP_000080,AAPGXBRKBIUCMQ-GWHBCOKCSA-N
SP_000080,AAWNBEJOCRYVJE-QNGWXLTQSA-N
SP_000080,AAWZDTNXLSGCEK-UHFFFAOYSA-M
SP_000080,AAXMCYUUKFLUMJ-JSFHAIONSA-N
SP_000080,AAXMCYUUKFLUMJ-TWDRBPDCSA-N
SP_000080,AAXYAFFKOSNMEB-MHARETSRSA-N
SP_000080,AAZOMBJKSJQDHJ-ZBRBWIFHSA-N
SP_000080,AAZZVFONLHYNDZ-NVQRUNIKSA-J
SP_000080,ABBYYPGQJRBTGA-NESBLOORSA-N
SP_000080,ABCOOORLYAOBOZ-KQYNXXCUSA-N
SP_000080,ABFJWRKPWCFTQP-JKFVOKSPSA-N
SP_000080,ABFJWRKPWCFTQP-XSMLMOGHSA-N
SP_000080,ABIKEVIWOJTKQS-AARKOHAPSA-N
SP_000080,ABLZXFCXXLZCGV-UHFFFAOYSA-L
SP_000080,ABRHOUKZOUNSSK-FVEAQGRNSA-N
SP_000080,ABUKPIBHMMLQDI-RCOVLANCSA-N
SP_000080,ACGLCDJEASKGDO-JSYPMYMJSA-N
SP_000080,ACIVVGBVOVHFPQ-RPDRRWSUSA-N
SP_000080,ACLPCAOOWJUVLL-DZKYTWFZSA-N
SP_000080,ACLQSYLJAZRTAP-XAFBQJBNSA-N
SP_000080,ACSIRQPNAYTBRW-VZUYHUTRSA-N
SP_000080,ACTHNCRNFFCCAQ-PLKVWTDNSA-N
SP_000080,ACTHNCRNFFCCAQ-YNQDZHFMSA-N
SP_000080,ACZVSMNFVFBOTM-UHFFFAOYSA-N
SP_000080,ADCKHLSRWCXEIY-GGAPOBRUSA-N
SP_000080,ADHKIZQYPQGIRC-ACSKKKSPSA-N
SP_000080,ADHKIZQYPQGIRC-SOZVHHJESA-N
SP_000080,ADHNTNYEJYJUCU-ZSJFXSENSA-N
SP_000080,ADKNUXINKGBJMY-LDLOPFEMSA-N
SP_000080,ADMGMAPZAQUXIR-VRHMUEQPSA-N
SP_000080,ADNSYCXWAHUWTA-SYOMJGEJSA-N
SP_000080,ADSGHWJRPOXXTD-IHWYPQMZSA-M
SP_000080,ADYPMBBPSUQKED-VOLCNUBSSA-N
SP_000080,ADZPFIMEBZGRHB-ILJAMNOWSA-N
SP_000080,AEFNZGGBWOQYID-UHFFFAOYSA-N
SP_000080,AEIJGHDRIPTRQY-UBTAJKBJSA-N
SP_000080,AELFRHHZGTVYGJ-QMMMGPOBSA-N
SP_000080,AEMFNILZOJDQLW-QAGGRKNESA-N
SP_000080,AERBNCYCJBRYDG-UHFFFAOYSA-N
SP_000080,AESBAQNLQIQXNK-BMFSGJJHSA-N
SP_000080,AETXDQTWHNBCRO-QLKFWGTOSA-N
SP_000080,AEWHYWSPVRZHCT-NDZSKPAWSA-N
SP_000080,AEWHYWSPVRZHCT-UHFFFAOYSA-J
SP_000080,AEXNGRVFOMIYOW-ICFOKQHNSA-N
SP_000080,AFFQVAIMWFYJJS-DTHFMEMVSA-N
SP_000081,AABKSFWWBUPVNY-NVCPWDGJSA-N
SP_000081,AAFBEFOSCLMOTF-KXBCQOCRSA-N
SP_000081,AAFBEFOSCLMOTF-RRPFJGJLSA-N
SP_000081,AANMVENRNJYEMK-UHFFFAOYSA-N
SP_000081,AANZTOSGIRNZNM-LNOKNGNPSA-N
SP_000081,AAPGXBRKBIUCMQ-GWHBCOKCSA-N
SP_000081,AAWNBEJOCRYVJE-QNGWXLTQSA-N
SP_000081,AAWZDTNXLSGCEK-UHFFFAOYSA-M
SP_000081,AAXMCYUUKFLUMJ-JSFHAIONSA-N
SP_000081,AAXMCYUUKFLUMJ-TWDRBPDCSA-N
SP_000081,AAXYAFFKOSNMEB-MHARETSRSA-N
SP_000081,AAZOMBJKSJQDHJ-ZBRBWIFHSA-N
SP_000081,AAZZVFONLHYNDZ-NVQRUNIKSA-J
SP_000081,ABBYYPGQJRBTGA-NESBLOORSA-N
SP_000081,ABCOOORLYAOBOZ-KQYNXXCUSA-N
SP_000081,ABFJWRKPWCFTQP-JKFVOKSPSA-N
SP_000081,ABFJWRKPWCFTQP-XSMLMOGHSA-N
SP_000081,ABIKEVIWOJTKQS-AARKOHAPSA-N
SP_000081,ABLZXFCXXLZCGV-UHFFFAOYSA-L
SP_000081,ABRHOUKZOUNSSK-FVEAQGRNSA-N
SP_000081,ABUKPIBHMMLQDI-RCOVLANCSA-N
SP_000081,ACGLCDJEASKGDO-JSYPMYMJSA-N
SP_000081,ACIVVGBVOVHFPQ-RPDRRWSUSA-N
SP_000081,ACLPCAOOWJUVLL-DZKYTWFZSA-N
SP_000081,ACLQSYLJAZRTAP-XAFBQJBNSA-N
SP_000081,ACSIRQPNAYTBRW-VZUYHUTRSA-N
SP_000081,ACTHNCRNFFCCAQ-PLKVWTDNSA-N
SP_000081,ACTHNCRNFFCCAQ-YNQDZHFMSA-N
SP_000081,ACZVSMNFVFBOTM-UHFFFAOYSA-N
SP_000081,ADCKHLSRWCXEIY-GGAPOBRUSA-N
SP_000081,ADHKIZQYPQGIRC-ACSKKKSPSA-N
SP_000081,ADHKIZQYPQGIRC-SOZVHHJESA-N
SP_000081,ADHNTNYEJYJUCU-ZSJFXSENSA-N
SP_000081,ADKNUXINKGBJMY-LDLOPFEMSA-N
SP_000081,ADMGMAPZAQUXIR-VRHMUEQPSA-N
SP_000081,ADNSYCXWAHUWTA-SYOMJGEJSA-N
SP_000081,ADSGHWJRPOXXTD-IHWYPQMZSA-M
SP_000081,ADYPMBBPSUQKED-VOLCNUBSSA-N
SP_000081,ADZPFIMEBZGRHB-ILJAMNOWSA-N
SP_000081,AEFNZGGBWOQYID-UHFFFAOYSA-N
SP_000081,AEIJGHDRIPTRQY-UBTAJKBJSA-N
SP_000081,AELFRHHZGTVYGJ-QMMMGPOBSA-N
SP_000081,AEMFNILZOJDQLW-QAGGRKNESA-N
SP_000081,AERBNCYCJBRYDG-UHFFFAOYSA-N
SP_000081,AESBAQNLQIQXNK-BMFSGJJHSA-N
SP_000081,AETXDQTWHNBCRO-QLKFWGTOSA-N
SP_000081,AEWHYWSPVRZHCT-NDZSKPAWSA-N
SP_000081,AEWHYWSPVRZHCT-UHFFFAOYSA-J
SP_000081,AEXNGRVFOMIYOW-ICFOKQHNSA-N
SP_000081,AFFQVAIMWFYJJS-DTHFMEMVSA-N
SP_000082,AABKSFWWBUPVNY-NVCPWDGJSA-N
SP_000082,AAFBEFOSCLMOTF-KXBCQOCRSA-N
SP_000082,AAFBEFOSCLMOTF-RRPFJGJLSA-N
SP_000082,AANMVENRNJYEMK-UHFFFAOYSA-N
SP_000082,AANZTOSGIRNZNM-LNOKNGNPSA-N
SP_000082,AAPGXBRKBIUCMQ-GWHBCOKCSA-N
SP_000082,AAWNBEJOCRYVJE-QNGWXLTQSA-N
SP_000082,AAWZDTNXLSGCEK-UHFFFAOYSA-M
SP_000082,AAXMCYUUKFLUMJ-JSFHAIONSA-N
SP_000082,AAXMCYUUKFLUMJ-TWDRBPDCSA-N
SP_000082,AAXYAFFKOSNMEB-MHARETSRSA-N
SP_000082,AAZOMBJKSJQDHJ-ZBRBWIFHSA-N
SP_000082,AAZZVFONLHYNDZ-NVQRUNIKSA-J
SP_000082,ABBYYPGQJRBTGA-NESBLOORSA-N
SP_000082,ABCOOORLYAOBOZ-KQYNXXCUSA-N
SP_000082,ABFJWRKPWCFTQP-JKFVOKSPSA-N
SP_000082,ABFJWRKPWCFTQP-XSMLMOGHSA-N
SP_000082,ABIKEVIWOJTKQS-AARKOHAPSA-N
SP_000082,ABLZXFCXXLZCGV-UHFFFAOYSA-L
SP_000082,ABRHOUKZOUNSSK-FVEAQGRNSA-N
SP_000082,ABUKPIBHMMLQDI-RCOVLANCSA-N
SP_000082,ACGLCDJEASKGDO-JSYPMYMJSA-N
SP_000082,ACIVVGBVOVHFPQ-RPDRRWSUSA-N
SP_000082,ACLPCAOOWJUVLL-DZKYTWFZSA-N
SP_000082,ACLQSYLJAZRTAP-XAFBQJBNSA-N
SP_000082,ACSIRQPNAYTBRW-VZUYHUTRSA-N
SP_000082,ACTHNCRNFFCCAQ-PLKVWTDNSA-N
SP_000082,ACTHNCRNFFCCAQ-YNQDZHFMSA-N
SP_000082,ACZVSMNFVFBOTM-UHFFFAOYSA-N
SP_000082,ADCKHLSRWCXEIY-GGAPOBRUSA-N
SP_000082,ADHKIZQYPQGIRC-ACSKKKSPSA-N
SP_000082,ADHKIZQYPQGIRC-SOZVHHJESA-N
SP_000082,ADHNTNYEJYJUCU-ZSJFXSENSA-N
SP_000082,ADKNUXINKGBJMY-LDLOPFEMSA-N
SP_000082,ADMGMAPZAQUXIR-VRHMUEQPSA-N
SP_000082,ADNSYCXWAHUWTA-SYOMJGEJSA-N
SP_000082,ADSGHWJRPOXXTD-IHWYPQMZSA-M
SP_000082,ADYPMBBPSUQKED-VOLCNUBSSA-N
SP_000082,ADZPFIMEBZGRHB-ILJAMNOWSA-N
SP_000082,AEFNZGGBWOQYID-UHFFFAOYSA-N
SP_000082,AEIJGHDRIPTRQY-UBTAJKBJSA-N
SP_000082,AELFRHHZGTVYGJ-QMMMGPOBSA-N
SP_000082,AEMFNILZOJDQLW-QAGGRKNESA-N
SP_000082,AERBNCYCJBRYDG-UHFFFAOYSA-N
SP_000082,AESBAQNLQIQXNK-BMFSGJJHSA-N
SP_000082,AETXDQTWHNBCRO-QLKFWGTOSA-N
SP_000082,AEWHYWSPVRZHCT-NDZSKPAWSA-N
SP_000082,AEWHYWSPVRZHCT-UHFFFAOYSA-J
SP_000082,AEXNGRVFOMIYOW-ICFOKQHNSA-N
SP_000082,AFFQVAIMWFYJJS-DTHFMEMVSA-N
SP_000083,AABKSFWWBUPVNY-NVCPWDGJSA-N
SP_000083,AAFBEFOSCLMOTF-KXBCQOCRSA-N
SP_000083,AAFBEFOSCLMOTF-RRPFJGJLSA-N
SP_000083,AANMVENRNJYEMK-UHFFFAOYSA-N
SP_000083,AANZTOSGIRNZNM-LNOKNGNPSA-N
SP_000083,AAPGXBRKBIUCMQ-GWHBCOKCSA-N
SP_000083,AAWNBEJOCRYVJE-QNGWXLTQSA-N
SP_000083,AAWZDTNXLSGCEK-UHFFFAOYSA-M
SP_000083,AAWZDTNXLSGCEK-UHFFFAOYSA-N
SP_000083,AAXMCYUUKFLUMJ-JSFHAIONSA-N
SP_000083,AAXMCYUUKFLUMJ-TWDRBPDCSA-N
SP_000083,AAXYAFFKOSNMEB-MHARETSRSA-N
SP_000083,AAZOMBJKSJQDHJ-ZBRBWIFHSA-N
SP_000083,AAZZVFONLHYNDZ-NVQRUNIKSA-J
SP_000083,ABBYYPGQJRBTGA-NESBLOORSA-N
SP_000083,ABCOOORLYAOBOZ-KQYNXXCUSA-N
SP_000083,ABFJWRKPWCFTQP-JKFVOKSPSA-N
SP_000083,ABFJWRKPWCFTQP-XSMLMOGHSA-N
SP_000083,ABIKEVIWOJTKQS-AARKOHAPSA-N
SP_000083,ABLZXFCXXLZCGV-UHFFFAOYSA-L
SP_000083,ABRHOUKZOUNSSK-FVEAQGRNSA-N
SP_000083,ABUKPIBHMMLQDI-RCOVLANCSA-N
SP_000083,ABVCUBUIXWJYSE-UHFFFAOYSA-O
SP_000083,ACGLCDJEASKGDO-JSYPMYMJSA-N
SP_000083,ACIVVGBVOVHFPQ-RPDRRWSUSA-N
SP_000083,ACLPCAOOWJUVLL-DZKYTWFZSA-N
SP_000083,ACLQSYLJAZRTAP-XAFBQJBNSA-N
SP_000083,ACSIRQPNAYTBRW-VZUYHUTRSA-N
SP_000083,ACTHNCRNFFCCAQ-PLKVWTDNSA-N
SP_000083,ACTHNCRNFFCCAQ-YNQDZHFMSA-N
SP_000083,ACXRDVCAKSUCPM-UHFFFAOYSA-N
SP_000083,ACZVSMNFVFBOTM-UHFFFAOYSA-N
SP_000083,ADCKHLSRWCXEIY-GGAPOBRUSA-N
SP_000083,ADHKIZQYPQGIRC-ACSKKKSPSA-N
SP_000083,ADHKIZQYPQGIRC-SOZVHHJESA-N
SP_000083,ADHNTNYEJYJUCU-ZSJFXSENSA-N
SP_000083,ADKNUXINKGBJMY-LDLOPFEMSA-N
SP_000083,ADMGMAPZAQUXIR-VRHMUEQPSA-N
SP_000083,ADNSYCXWAHUWTA-SYOMJGEJSA-N
SP_000083,ADSGHWJRPOXXTD-IHWYPQMZSA-M
SP_000083,ADYPMBBPSUQKED-VOLCNUBSSA-N
SP_000083,ADZPFIMEBZGRHB-ILJAMNOWSA-N
SP_000083,AEFNZGGBWOQYID-UHFFFAOYSA-N
SP_000083,AEIJGHDRIPTRQY-UBTAJKBJSA-N
SP_000083,AELFRHHZGTVYGJ-QMMMGPOBSA-N
SP_000083,AEMFNILZOJDQLW-QAGGRKNESA-N
SP_000083,AERBNCYCJBRYDG-UHFFFAOYSA-N
SP_000083,AESBAQNLQIQXNK-BMFSGJJHSA-N
SP_000083,AETXDQTWHNBCRO-QLKFWGTOSA-N
SP_000083,AEWHYWSPVRZHCT-NDZSKPAWSA-N
SP_000084,AABKSFWWBUPVNY-NVCPWDGJSA-N
SP_000084,AAFBEFOSCLMOTF-KXBCQOCRSA-N
SP_000084,AAFBEFOSCLMOTF-RRPFJGJLSA-N
SP_000084,AANMVENRNJYEMK-UHFFFAOYSA-N
SP_000084,AANZTOSGIRNZNM-LNOKNGNPSA-N
SP_000084,AAPGXBRKBIUCMQ-GWHBCOKCSA-N
SP_000084,AAWNBEJOCRYVJE-QNGWXLTQSA-N
SP_000084,AAWZDTNXLSGCEK-UHFFFAOYSA-M
SP_000084,AAXMCYUUKFLUMJ-JSFHAIONSA-N
SP_000084,AAXMCYUUKFLUMJ-TWDRBPDCSA-N
SP_000084,AAXYAFFKOSNMEB-MHARETSRSA-N
SP_000084,AAZOMBJKSJQDHJ-ZBRBWIFHSA-N
SP_000084,AAZZVFONLHYNDZ-NVQRUNIKSA-J
SP_000084,ABBYYPGQJRBTGA-NESBLOORSA-N
SP_000084,ABCOOORLYAOBOZ-KQYNXXCUSA-N
SP_000084,ABFJWRKPWCFTQP-JKFVOKSPSA-N
SP_000084,ABFJWRKPWCFTQP-XSMLMOGHSA-N
SP_000084,ABIKEVIWOJTKQS-AARKOHAPSA-N
SP_000084,ABLZXFCXXLZCGV-UHFFFAOYSA-L
SP_000084,ABRHOUKZOUNSSK-FVEAQGRNSA-N
SP_000084,ABUKPIBHMMLQDI-RCOVLANCSA-N
SP_000084,ABVCUBUIXWJYSE-UHFFFAOYSA-O
SP_000084,ACGLCDJEASKGDO-JSYPMYMJSA-N
SP_000084,ACIVVGBVOVHFPQ-RPDRRWSUSA-N
SP_000084,ACLPCAOOWJUVLL-DZKYTWFZSA-N
SP_000084,ACLQSYLJAZRTAP-XAFBQJBNSA-N
SP_000084,ACSIRQPNAYTBRW-VZUYHUTRSA-N
SP_000084,ACTHNCRNFFCCAQ-PLKVWTDNSA-N
SP_000084,ACTHNCRNFFCCAQ-YNQDZHFMSA-N
SP_000084,ACZVSMNFVFBOTM-UHFFFAOYSA-N
SP_000084,ADCKHLSRWCXEIY-GGAPOBRUSA-N
SP_000084,ADHKIZQYPQGIRC-ACSKKKSPSA-N
SP_000084,ADHKIZQYPQGIRC-SOZVHHJESA-N
SP_000084,ADHNTNYEJYJUCU-ZSJFXSENSA-N
SP_000084,ADKNUXINKGBJMY-LDLOPFEMSA-N
SP_000084,ADMGMAPZAQUXIR-VRHMUEQPSA-N
SP_000084,ADNSYCXWAHUWTA-SYOMJGEJSA-N
SP_000084,ADSGHWJRPOXXTD-IHWYPQMZSA-M
SP_000084,ADYPMBBPSUQKED-VOLCNUBSSA-N
SP_000084,ADZPFIMEBZGRHB-ILJAMNOWSA-N
SP_000084,AEFNZGGBWOQYID-UHFFFAOYSA-N
SP_000084,AEIJGHDRIPTRQY-UBTAJKBJSA-N
SP_000084,AELFRHHZGTVYGJ-QMMMGPOBSA-N
SP_000084,AEMFNILZOJDQLW-QAGGRKNESA-N
SP_000084,AERBNCYCJBRYDG-UHFFFAOYSA-N
SP_000084,AESBAQNLQIQXNK-BMFSGJJHSA-N
SP_000084,AETXDQTWHNBCRO-QLKFWGTOSA-N
SP_000084,AEWHYWSPVRZHCT-NDZSKPAWSA-N
SP_000084,AEWHYWSPVRZHCT-UHFFFAOYSA-J
SP_000084,AEXNGRVFOMIYOW-ICFOKQHNSA-N
SP_000085,AABKSFWWBUPVNY-NVCPWDGJSA-N
SP_000085,AAFBEFOSCLMOTF-KXBCQOCRSA-N
SP_000085,AAFBEFOSCLMOTF-RRPFJGJLSA-N
SP_000085,AANMVENRNJYEMK-UHFFFAOYSA-N
SP_000085,AANZTOSGIRNZNM-LNOKNGNPSA-N
SP_000085,AAPGXBRKBIUCMQ-GWHBCOKCSA-N
SP_000085,AAWNBEJOCRYVJE-QNGWXLTQSA-N
SP_000085,AAWZDTNXLSGCEK-UHFFFAOYSA-M
SP_000085,AAXMCYUUKFLUMJ-JSFHAIONSA-N
SP_000085,AAXMCYUUKFLUMJ-TWDRBPDCSA-N
SP_000085,AAXYAFFKOSNMEB-MHARETSRSA-N
SP_000085,AAZOMBJKSJQDHJ-ZBRBWIFHSA-N
SP_000085,AAZZVFONLHYNDZ-NVQRUNIKSA-J
SP_000085,ABBYYPGQJRBTGA-NESBLOORSA-N
SP_000085,ABCOOORLYAOBOZ-KQYNXXCUSA-N
SP_000085,ABFJWRKPWCFTQP-JKFVOKSPSA-N
SP_000085,ABFJWRKPWCFTQP-XSMLMOGHSA-N
SP_000085,ABIKEVIWOJTKQS-AARKOHAPSA-N
SP_000085,ABLZXFCXXLZCGV-UHFFFAOYSA-L
SP_000085,ABRHOUKZOUNSSK-FVEAQGRNSA-N
SP_000085,ABUKPIBHMMLQDI-RCOVLANCSA-N
SP_000085,ABVCUBUIXWJYSE-UHFFFAOYSA-O
SP_000085,ACGLCDJEASKGDO-JSYPMYMJSA-N
SP_000085,ACIVVGBVOVHFPQ-RPDRRWSUSA-N
SP_000085,ACLPCAOOWJUVLL-DZKYTWFZSA-N
SP_000085,ACLQSYLJAZRTAP-XAFBQJBNSA-N
SP_000085,ACSIRQPNAYTBRW-VZUYHUTRSA-N
SP_000085,ACTHNCRNFFCCAQ-PLKVWTDNSA-N
SP_000085,ACTHNCRNFFCCAQ-YNQDZHFMSA-N
SP_000085,ACZVSMNFVFBOTM-UHFFFAOYSA-N
SP_000085,ADCKHLSRWCXEIY-GGAPOBRUSA-N
SP_000085,ADHKIZQYPQGIRC-ACSKKKSPSA-N
SP_000085,ADHKIZQYPQGIRC-SOZVHHJESA-N
SP_000085,ADHNTNYEJYJUCU-ZSJFXSENSA-N
SP_000085,ADKNUXINKGBJMY-LDLOPFEMSA-N
SP_000085,ADMGMAPZAQUXIR-VRHMUEQPSA-N
SP_000085,ADNSYCXWAHUWTA-SYOMJGEJSA-N
SP_000085,ADSGHWJRPOXXTD-IHWYPQMZSA-M
SP_000085,ADYPMBBPSUQKED-VOLCNUBSSA-N
SP_000085,ADZPFIMEBZGRHB-ILJAMNOWSA-N
SP_000085,AEFNZGGBWOQYID-UHFFFAOYSA-N
SP_000085,AEIJGHDRIPTRQY-UBTAJKBJSA-N
SP_000085,AELFRHHZGTVYGJ-QMMMGPOBSA-N
SP_000085,AEMFNILZOJDQLW-QAGGRKNESA-N
SP_000085,AERBNCYCJBRYDG-UHFFFAOYSA-N
SP_000085,AESBAQNLQIQXNK-BMFSGJJHSA-N
SP_000085,AETXDQTWHNBCRO-QLKFWGTOSA-N
SP_000085,AEWHYWSPVRZHCT-NDZSKPAWSA-N
SP_000085,AEWHYWSPVRZHCT-UHFFFAOYSA-J
SP_000085,AEXNGRVFOMIYOW-ICFOKQHNSA-N
SP_000086,AABKSFWWBUPVNY-NVCPWDGJSA-N
SP_000086,AAFBEFOSCLMOTF-KXBCQOCRSA-N
SP_000086,AAFBEFOSCLMOTF-RRPFJGJLSA-N
SP_000086,AANMVENRNJYEMK-UHFFFAOYSA-N
SP_000086,AANZTOSGIRNZNM-LNOKNGNPSA-N
SP_000086,AAPGXBRKBIUCMQ-GWHBCOKCSA-N
SP_000086,AAWNBEJOCRYVJE-QNGWXLTQSA-N
SP_000086,AAWZDTNXLSGCEK-UHFFFAOYSA-M
SP_000086,AAXMCYUUKFLUMJ-JSFHAIONSA-N
SP_000086,AAXMCYUUKFLUMJ-TWDRBPDCSA-N
SP_000086,AAXYAFFKOSNMEB-MHARETSRSA-N
SP_000086,AAZOMBJKSJQDHJ-ZBRBWIFHSA-N
SP_000086,AAZZVFONLHYNDZ-NVQRUNIKSA-J
SP_000086,ABBYYPGQJRBTGA-NESBLOORSA-N
SP_000086,ABCOOORLYAOBOZ-KQYNXXCUSA-N
SP_000086,ABFJWRKPWCFTQP-JKFVOKSPSA-N
SP_000086,ABFJWRKPWCFTQP-XSMLMOGHSA-N
SP_000086,ABIKEVIWOJTKQS-AARKOHAPSA-N
SP_000086,ABLZXFCXXLZCGV-UHFFFAOYSA-L
SP_000086,ABRHOUKZOUNSSK-FVEAQGRNSA-N
SP_000086,ABUKPIBHMMLQDI-RCOVLANCSA-N
SP_000086,ACGLCDJEASKGDO-JSYPMYMJSA-N
SP_000086,ACIVVGBVOVHFPQ-RPDRRWSUSA-N
SP_000086,ACLPCAOOWJUVLL-DZKYTWFZSA-N
SP_000086,ACLQSYLJAZRTAP-XAFBQJBNSA-N
SP_000086,ACSIRQPNAYTBRW-VZUYHUTRSA-N
SP_000086,ACTHNCRNFFCCAQ-PLKVWTDNSA-N
SP_000086,ACTHNCRNFFCCAQ-YNQDZHFMSA-N
SP_000086,ACZVSMNFVFBOTM-UHFFFAOYSA-N
SP_000086,ADACAMXIRQREOB-UHFFFAOYSA-N
SP_000086,ADCKHLSRWCXEIY-GGAPOBRUSA-N
SP_000086,ADHKIZQYPQGIRC-ACSKKKSPSA-N
SP_000086,ADHKIZQYPQGIRC-SOZVHHJESA-N
SP_000086,ADHNTNYEJYJUCU-ZSJFXSENSA-N
SP_000086,ADKNUXINKGBJMY-LDLOPFEMSA-N
SP_000086,ADMGMAPZAQUXIR-VRHMUEQPSA-N
SP_000086,ADNSYCXWAHUWTA-SYOMJGEJSA-N
SP_000086,ADSGHWJRPOXXTD-IHWYPQMZSA-M
SP_000086,ADYPMBBPSUQKED-VOLCNUBSSA-N
SP_000086,ADZPFIMEBZGRHB-ILJAMNOWSA-N
SP_000086,AEFNZGGBWOQYID-UHFFFAOYSA-N
SP_000086,AEIJGHDRIPTRQY-UBTAJKBJSA-N
SP_000086,AELFRHHZGTVYGJ-QMMMGPOBSA-N
SP_000086,AEMFNILZOJDQLW-QAGGRKNESA-N
SP_000086,AERBNCYCJBRYDG-UHFFFAOYSA-N
SP_000086,AESBAQNLQIQXNK-BMFSGJJHSA-N
SP_000086,AETXDQTWHNBCRO-QLKFWGTOSA-N
SP_000086,AEWHYWSPVRZHCT-NDZSKPAWSA-N
SP_000086,AEWHYWSPVRZHCT-UHFFFAOYSA-J
SP_000086,AEXNGRVFOMIYOW-ICFOKQHNSA-N
SP_000087,AABKSFWWBUPVNY-NVCPWDGJSA-N
SP_000087,AAFBEFOSCLMOTF-KXBCQOCRSA-N
SP_000087,AAFBEFOSCLMOTF-RRPFJGJLSA-N
SP_000087,AANMVENRNJYEMK-UHFFFAOYSA-N
SP_000087,AANZTOSGIRNZNM-LNOKNGNPSA-N
SP_000087,AAPGXBRKBIUCMQ-GWHBCOKCSA-N
SP_000087,AAWNBEJOCRYVJE-QNGWXLTQSA-N
SP_000087,AAWZDTNXLSGCEK-UHFFFAOYSA-M
SP_000087,AAXMCYUUKFLUMJ-JSFHAIONSA-N
SP_000087,AAXMCYUUKFLUMJ-TWDRBPDCSA-N
SP_000087,AAXYAFFKOSNMEB-MHARETSRSA-N
SP_000087,AAZOMBJKSJQDHJ-ZBRBWIFHSA-N
SP_000087,AAZZVFONLHYNDZ-NVQRUNIKSA-J
SP_000087,ABBYYPGQJRBTGA-NESBLOORSA-N
SP_000087,ABCOOORLYAOBOZ-KQYNXXCUSA-N
SP_000087,ABFJWRKPWCFTQP-JKFVOKSPSA-N
SP_000087,ABFJWRKPWCFTQP-XSMLMOGHSA-N
SP_000087,ABIKEVIWOJTKQS-AARKOHAPSA-N
SP_000087,ABLZXFCXXLZCGV-UHFFFAOYSA-L
SP_000087,ABRHOUKZOUNSSK-FVEAQGRNSA-N
SP_000087,ABUKPIBHMMLQDI-RCOVLANCSA-N
SP_000087,ACGLCDJEASKGDO-JSYPMYMJSA-N
SP_000087,ACIVVGBVOVHFPQ-RPDRRWSUSA-N
SP_000087,ACLPCAOOWJUVLL-DZKYTWFZSA-N
SP_000087,ACLQSYLJAZRTAP-XAFBQJBNSA-N
SP_000087,ACSIRQPNAYTBRW-VZUYHUTRSA-N
SP_000087,ACTHNCRNFFCCAQ-PLKVWTDNSA-N
SP_000087,ACTHNCRNFFCCAQ-YNQDZHFMSA-N
SP_000087,ACZVSMNFVFBOTM-UHFFFAOYSA-N
SP_000087,ADCKHLSRWCXEIY-GGAPOBRUSA-N
SP_000087,ADHKIZQYPQGIRC-ACSKKKSPSA-N
SP_000087,ADHKIZQYPQGIRC-SOZVHHJESA-N
SP_000087,ADHNTNYEJYJUCU-ZSJFXSENSA-N
SP_000087,ADKNUXINKGBJMY-LDLOPFEMSA-N
SP_000087,ADMGMAPZAQUXIR-VRHMUEQPSA-N
SP_000087,ADNSYCXWAHUWTA-SYOMJGEJSA-N
SP_000087,ADSGHWJRPOXXTD-IHWYPQMZSA-M
SP_000087,ADYPMBBPSUQKED-VOLCNUBSSA-N
SP_000087,ADZPFIMEBZGRHB-ILJAMNOWSA-N
SP_000087,AEFNZGGBWOQYID-UHFFFAOYSA-N
SP_000087,AEIJGHDRIPTRQY-UBTAJKBJSA-N
SP_000087,AELFRHHZGTVYGJ-QMMMGPOBSA-N
SP_000087,AEMFNILZOJDQLW-QAGGRKNESA-N
SP_000087,AERBNCYCJBRYDG-UHFFFAOYSA-N
SP_000087,AESBAQNLQIQXNK-BMFSGJJHSA-N
SP_000087,AETXDQTWHNBCRO-QLKFWGTOSA-N
SP_000087,AEWHYWSPVRZHCT-NDZSKPAWSA-N
SP_000087,AEWHYWSPVRZHCT-UHFFFAOYSA-J
SP_000087,AEXNGRVFOMIYOW-ICFOKQHNSA-N
SP_000087,AFFQVAIMWFYJJS-DTHFMEMVSA-N
SP_000088,AABKSFWWBUPVNY-NVCPWDGJSA-N
SP_000088,AAFBEFOSCLMOTF-KXBCQOCRSA-N
SP_000088,AAFBEFOSCLMOTF-RRPFJGJLSA-N
SP_000088,AANMVENRNJYEMK-UHFFFAOYSA-N
SP_000088,AANZTOSGIRNZNM-LNOKNGNPSA-N
SP_000088,AAPGXBRKBIUCMQ-GWHBCOKCSA-N
SP_000088,AAWNBEJOCRYVJE-QNGWXLTQSA-N
SP_000088,AAWZDTNXLSGCEK-UHFFFAOYSA-M
SP_000088,AAWZDTNXLSGCEK-UHFFFAOYSA-N
SP_000088,AAXMCYUUKFLUMJ-JSFHAIONSA-N
SP_000088,AAXMCYUUKFLUMJ-TWDRBPDCSA-N
SP_000088,AAXYAFFKOSNMEB-MHARETSRSA-N
SP_000088,AAZOMBJKSJQDHJ-ZBRBWIFHSA-N
SP_000088,AAZZVFONLHYNDZ-NVQRUNIKSA-J
SP_000088,ABBYYPGQJRBTGA-NESBLOORSA-N
SP_000088,ABCOOORLYAOBOZ-KQYNXXCUSA-N
SP_000088,ABFJWRKPWCFTQP-JKFVOKSPSA-N
SP_000088,ABFJWRKPWCFTQP-XSMLMOGHSA-N
SP_000088,ABIKEVIWOJTKQS-AARKOHAPSA-N
SP_000088,ABLZXFCXXLZCGV-UHFFFAOYSA-L
SP_000088,ABRHOUKZOUNSSK-FVEAQGRNSA-N
SP_000088,ABUKPIBHMMLQDI-RCOVLANCSA-N
SP_000088,ACGLCDJEASKGDO-JSYPMYMJSA-N
SP_000088,ACIVVGBVOVHFPQ-RPDRRWSUSA-N
SP_000088,ACLPCAOOWJUVLL-DZKYTWFZSA-N
SP_000088,ACLQSYLJAZRTAP-XAFBQJBNSA-N
SP_000088,ACSIRQPNAYTBRW-VZUYHUTRSA-N
SP_000088,ACTHNCRNFFCCAQ-PLKVWTDNSA-N
SP_000088,ACTHNCRNFFCCAQ-YNQDZHFMSA-N
SP_000088,ACZVSMNFVFBOTM-UHFFFAOYSA-N
SP_000088,ADCKHLSRWCXEIY-GGAPOBRUSA-N
SP_000088,ADHKIZQYPQGIRC-ACSKKKSPSA-N
SP_000088,ADHKIZQYPQGIRC-SOZVHHJESA-N
SP_000088,ADHNTNYEJYJUCU-ZSJFXSENSA-N
SP_000088,ADKNUXINKGBJMY-LDLOPFEMSA-N
SP_000088,ADMGMAPZAQUXIR-VRHMUEQPSA-N
SP_000088,ADNSYCXWAHUWTA-SYOMJGEJSA-N
SP_000088,ADSGHWJRPOXXTD-IHWYPQMZSA-M
SP_000088,ADYPMBBPSUQKED-VOLCNUBSSA-N
SP_000088,ADZPFIMEBZGRHB-ILJAMNOWSA-N
SP_000088,AEFNZGGBWOQYID-UHFFFAOYSA-N
SP_000088,AEIJGHDRIPTRQY-UBTAJKBJSA-N
SP_000088,AELFRHHZGTVYGJ-QMMMGPOBSA-N
SP_000088,AEMFNILZOJDQLW-QAGGRKNESA-N
SP_000088,AERBNCYCJBRYDG-UHFFFAOYSA-N
SP_000088,AESBAQNLQIQXNK-BMFSGJJHSA-N
SP_000088,AETXDQTWHNBCRO-QLKFWGTOSA-N
SP_000088,AEWHYWSPVRZHCT-NDZSKPAWSA-N
SP_000088,AEWHYWSPVRZHCT-UHFFFAOYSA-J
SP_000088,AEXNGRVFOMIYOW-ICFOKQHNSA-N
SP_000089,AABKSFWWBUPVNY-NVCPWDGJSA-N
SP_000089,AAFBEFOSCLMOTF-KXBCQOCRSA-N
SP_000089,AAFBEFOSCLMOTF-RRPFJGJLSA-N
SP_000089,AANMVENRNJYEMK-UHFFFAOYSA-N
SP_000089,AANZTOSGIRNZNM-LNOKNGNPSA-N
SP_000089,AAPGXBRKBIUCMQ-GWHBCOKCSA-N
SP_000089,AAWNBEJOCRYVJE-QNGWXLTQSA-N
SP_000089,AAWZDTNXLSGCEK-UHFFFAOYSA-M
SP_000089,AAXMCYUUKFLUMJ-JSFHAIONSA-N
SP_000089,AAXMCYUUKFLUMJ-TWDRBPDCSA-N
SP_000089,AAXYAFFKOSNMEB-MHARETSRSA-N
SP_000089,AAZOMBJKSJQDHJ-ZBRBWIFHSA-N
SP_000089,AAZZVFONLHYNDZ-NVQRUNIKSA-J
SP_000089,ABBYYPGQJRBTGA-NESBLOORSA-N
SP_000089,ABCOOORLYAOBOZ-KQYNXXCUSA-N
SP_000089,ABFJWRKPWCFTQP-JKFVOKSPSA-N
SP_000089,ABFJWRKPWCFTQP-XSMLMOGHSA-N
SP_000089,ABIKEVIWOJTKQS-AARKOHAPSA-N
SP_000089,ABLZXFCXXLZCGV-UHFFFAOYSA-L
SP_000089,ABRHOUKZOUNSSK-FVEAQGRNSA-N
SP_000089,ABUKPIBHMMLQDI-RCOVLANCSA-N
SP_000089,ACGLCDJEASKGDO-JSYPMYMJSA-N
SP_000089,ACIVVGBVOVHFPQ-RPDRRWSUSA-N
SP_000089,ACLPCAOOWJUVLL-DZKYTWFZSA-N
SP_000089,ACLQSYLJAZRTAP-XAFBQJBNSA-N
SP_000089,ACSIRQPNAYTBRW-VZUYHUTRSA-N
SP_000089,ACTHNCRNFFCCAQ-PLKVWTDNSA-N
SP_000089,ACTHNCRNFFCCAQ-YNQDZHFMSA-N
SP_000089,ACZVSMNFVFBOTM-UHFFFAOYSA-N
SP_000089,ADCKHLSRWCXEIY-GGAPOBRUSA-N
SP_000089,ADHKIZQYPQGIRC-ACSKKKSPSA-N
SP_000089,ADHKIZQYPQGIRC-SOZVHHJESA-N
SP_000089,ADHNTNYEJYJUCU-ZSJFXSENSA-N
SP_000089,ADKNUXINKGBJMY-LDLOPFEMSA-N
SP_000089,ADMGMAPZAQUXIR-VRHMUEQPSA-N
SP_000089,ADNSYCXWAHUWTA-SYOMJGEJSA-N
SP_000089,ADSGHWJRPOXXTD-IHWYPQMZSA-M
SP_000089,ADYPMBBPSUQKED-VOLCNUBSSA-N
SP_000089,ADZPFIMEBZGRHB-ILJAMNOWSA-N
SP_000089,AEFNZGGBWOQYID-UHFFFAOYSA-N
SP_000089,AEIJGHDRIPTRQY-UBTAJKBJSA-N
SP_000089,AELFRHHZGTVYGJ-QMMMGPOBSA-N
SP_000089,AEMFNILZOJDQLW-QAGGRKNESA-N
SP_000089,AERBNCYCJBRYDG-UHFFFAOYSA-N
SP_000089,AESBAQNLQIQXNK-BMFSGJJHSA-N
SP_000089,AETXDQTWHNBCRO-QLKFWGTOSA-N
SP_000089,AEWHYWSPVRZHCT-NDZSKPAWSA-N
SP_000089,AEWHYWSPVRZHCT-UHFFFAOYSA-J
SP_000089,AEXNGRVFOMIYOW-ICFOKQHNSA-N
SP_000089,AFFQVAIMWFYJJS-DTHFMEMVSA-N
SP_000090,AABKSFWWBUPVNY-NVCPWDGJSA-N
SP_000090,AAFBEFOSCLMOTF-KXBCQOCRSA-N
SP_000090,AAFBEFOSCLMOTF-RRPFJGJLSA-N
SP_000090,AANMVENRNJYEMK-UHFFFAOYSA-N
SP_000090,AANZTOSGIRNZNM-LNOKNGNPSA-N
SP_000090,AAPGXBRKBIUCMQ-GWHBCOKCSA-N
SP_000090,AAWNBEJOCRYVJE-QNGWXLTQSA-N
SP_000090,AAWZDTNXLSGCEK-UHFFFAOYSA-M
SP_000090,AAXMCYUUKFLUMJ-JSFHAIONSA-N
SP_000090,AAXMCYUUKFLUMJ-TWDRBPDCSA-N
SP_000090,AAXYAFFKOSNMEB-MHARETSRSA-N
SP_000090,AAZOMBJKSJQDHJ-ZBRBWIFHSA-N
SP_000090,AAZZVFONLHYNDZ-NVQRUNIKSA-J
SP_000090,ABBYYPGQJRBTGA-NESBLOORSA-N
SP_000090,ABCOOORLYAOBOZ-KQYNXXCUSA-N
SP_000090,ABFJWRKPWCFTQP-JKFVOKSPSA-N
SP_000090,ABFJWRKPWCFTQP-XSMLMOGHSA-N
SP_000090,ABIKEVIWOJTKQS-AARKOHAPSA-N
SP_000090,ABLZXFCXXLZCGV-UHFFFAOYSA-L
SP_000090,ABRHOUKZOUNSSK-FVEAQGRNSA-N
SP_000090,ABUKPIBHMMLQDI-RCOVLANCSA-N
SP_000090,ABVCUBUIXWJYSE-UHFFFAOYSA-O
SP_000090,ACGLCDJEASKGDO-JSYPMYMJSA-N
SP_000090,ACIVVGBVOVHFPQ-RPDRRWSUSA-N
SP_000090,ACLPCAOOWJUVLL-DZKYTWFZSA-N
SP_000090,ACLQSYLJAZRTAP-XAFBQJBNSA-N
SP_000090,ACSIRQPNAYTBRW-VZUYHUTRSA-N
SP_000090,ACTHNCRNFFCCAQ-PLKVWTDNSA-N
SP_000090,ACTHNCRNFFCCAQ-YNQDZHFMSA-N
SP_000090,ACZVSMNFVFBOTM-UHFFFAOYSA-N
SP_000090,ADCKHLSRWCXEIY-GGAPOBRUSA-N
SP_000090,ADHKIZQYPQGIRC-ACSKKKSPSA-N
SP_000090,ADHKIZQYPQGIRC-SOZVHHJESA-N
SP_000090,ADHNTNYEJYJUCU-ZSJFXSENSA-N
SP_000090,ADKNUXINKGBJMY-LDLOPFEMSA-N
SP_000090,ADMGMAPZAQUXIR-VRHMUEQPSA-N
SP_000090,ADNSYCXWAHUWTA-SYOMJGEJSA-N
SP_000090,ADSGHWJRPOXXTD-IHWYPQMZSA-M
SP_000090,ADYPMBBPSUQKED-VOLCNUBSSA-N
SP_000090,ADZPFIMEBZGRHB-ILJAMNOWSA-N
SP_000090,AEFNZGGBWOQYID-UHFFFAOYSA-N
SP_000090,AEIJGHDRIPTRQY-UBTAJKBJSA-N
SP_000090,AELFRHHZGTVYGJ-QMMMGPOBSA-N
SP_000090,AEMFNILZOJDQLW-QAGGRKNESA-N
SP_000090,AERBNCYCJBRYDG-UHFFFAOYSA-N
SP_000090,AESBAQNLQIQXNK-BMFSGJJHSA-N
SP_000090,AETXDQTWHNBCRO-QLKFWGTOSA-N
SP_000090,AEWHYWSPVRZHCT-NDZSKPAWSA-N
SP_000090,AEWHYWSPVRZHCT-UHFFFAOYSA-J
SP_000090,AEXNGRVFOMIYOW-ICFOKQHNSA-N
SP_000091,AABKSFWWBUPVNY-NVCPWDGJSA-N
SP_000091,AAFBEFOSCLMOTF-KXBCQOCRSA-N
SP_000091,AAFBEFOSCLMOTF-RRPFJGJLSA-N
SP_000091,AANMVENRNJYEMK-UHFFFAOYSA-N
SP_000091,AANZTOSGIRNZNM-LNOKNGNPSA-N
SP_000091,AAPGXBRKBIUCMQ-GWHBCOKCSA-N
SP_000091,AAWNBEJOCRYVJE-QNGWXLTQSA-N
SP_000091,AAWZDTNXLSGCEK-UHFFFAOYSA-M
SP_000091,AAXMCYUUKFLUMJ-JSFHAIONSA-N
SP_000091,AAXMCYUUKFLUMJ-TWDRBPDCSA-N
SP_000091,AAXYAFFKOSNMEB-MHARETSRSA-N
SP_000091,AAZOMBJKSJQDHJ-ZBRBWIFHSA-N
SP_000091,AAZZVFONLHYNDZ-NVQRUNIKSA-J
SP_000091,ABBYYPGQJRBTGA-NESBLOORSA-N
SP_000091,ABCOOORLYAOBOZ-KQYNXXCUSA-N
SP_000091,ABFJWRKPWCFTQP-JKFVOKSPSA-N
SP_000091,ABFJWRKPWCFTQP-XSMLMOGHSA-N
SP_000091,ABIKEVIWOJTKQS-AARKOHAPSA-N
SP_000091,ABLZXFCXXLZCGV-UHFFFAOYSA-L
SP_000091,ABRHOUKZOUNSSK-FVEAQGRNSA-N
SP_000091,ABUKPIBHMMLQDI-RCOVLANCSA-N
SP_000091,ACGLCDJEASKGDO-JSYPMYMJSA-N
SP_000091,ACIVVGBVOVHFPQ-RPDRRWSUSA-N
SP_000091,ACJJXELQAJQSLK-UHFFFAOYSA-N
SP_000091,ACLPCAOOWJUVLL-DZKYTWFZSA-N
SP_000091,ACLQSYLJAZRTAP-XAFBQJBNSA-N
SP_000091,ACSIRQPNAYTBRW-VZUYHUTRSA-N
SP_000091,ACTHNCRNFFCCAQ-PLKVWTDNSA-N
SP_000091,ACTHNCRNFFCCAQ-YNQDZHFMSA-N
SP_000091,ACZVSMNFVFBOTM-UHFFFAOYSA-N
SP_000091,ADCKHLSRWCXEIY-GGAPOBRUSA-N
SP_000091,ADHKIZQYPQGIRC-ACSKKKSPSA-N
SP_000091,ADHKIZQYPQGIRC-SOZVHHJESA-N
SP_000091,ADHNTNYEJYJUCU-ZSJFXSENSA-N
SP_000091,ADKNUXINKGBJMY-LDLOPFEMSA-N
SP_000091,ADMGMAPZAQUXIR-VRHMUEQPSA-N
SP_000091,ADNSYCXWAHUWTA-SYOMJGEJSA-N
SP_000091,ADSGHWJRPOXXTD-IHWYPQMZSA-M
SP_000091,ADYPMBBPSUQKED-VOLCNUBSSA-N
SP_000091,ADZPFIMEBZGRHB-ILJAMNOWSA-N
SP_000091,AEFNZGGBWOQYID-UHFFFAOYSA-N
SP_000091,AEIJGHDRIPTRQY-UBTAJKBJSA-N
SP_000091,AELFRHHZGTVYGJ-QMMMGPOBSA-N
SP_000091,AEMFNILZOJDQLW-QAGGRKNESA-N
SP_000091,AERBNCYCJBRYDG-UHFFFAOYSA-N
SP_000091,AESBAQNLQIQXNK-BMFSGJJHSA-N
SP_000091,AETXDQTWHNBCRO-QLKFWGTOSA-N
SP_000091,AEWHYWSPVRZHCT-NDZSKPAWSA-N
SP_000091,AEWHYWSPVRZHCT-UHFFFAOYSA-J
SP_000091,AEXNGRVFOMIYOW-ICFOKQHNSA-N
SP_000092,AABKSFWWBUPVNY-NVCPWDGJSA-N
SP_000092,AAFBEFOSCLMOTF-KXBCQOCRSA-N
SP_000092,AAFBEFOSCLMOTF-RRPFJGJLSA-N
SP_000092,AANMVENRNJYEMK-UHFFFAOYSA-N
SP_000092,AANZTOSGIRNZNM-LNOKNGNPSA-N
SP_000092,AAPGXBRKBIUCMQ-GWHBCOKCSA-N
SP_000092,AAWNBEJOCRYVJE-QNGWXLTQSA-N
SP_000092,AAWZDTNXLSGCEK-UHFFFAOYSA-M
SP_000092,AAXMCYUUKFLUMJ-JSFHAIONSA-N
SP_000092,AAXMCYUUKFLUMJ-TWDRBPDCSA-N
SP_000092,AAXYAFFKOSNMEB-MHARETSRSA-N
SP_000092,AAZOMBJKSJQDHJ-ZBRBWIFHSA-N
SP_000092,AAZZVFONLHYNDZ-NVQRUNIKSA-J
SP_000092,ABBYYPGQJRBTGA-NESBLOORSA-N
SP_000092,ABCOOORLYAOBOZ-KQYNXXCUSA-N
SP_000092,ABFJWRKPWCFTQP-JKFVOKSPSA-N
SP_000092,ABFJWRKPWCFTQP-XSMLMOGHSA-N
SP_000092,ABIKEVIWOJTKQS-AARKOHAPSA-N
SP_000092,ABLZXFCXXLZCGV-UHFFFAOYSA-L
SP_000092,ABRHOUKZOUNSSK-FVEAQGRNSA-N
SP_000092,ABUKPIBHMMLQDI-RCOVLANCSA-N
SP_000092,ACGLCDJEASKGDO-JSYPMYMJSA-N
SP_000092,ACIVVGBVOVHFPQ-RPDRRWSUSA-N
SP_000092,ACLPCAOOWJUVLL-DZKYTWFZSA-N
SP_000092,ACLQSYLJAZRTAP-XAFBQJBNSA-N
SP_000092,ACSIRQPNAYTBRW-VZUYHUTRSA-N
SP_000092,ACTHNCRNFFCCAQ-PLKVWTDNSA-N
SP_000092,ACTHNCRNFFCCAQ-YNQDZHFMSA-N
SP_000092,ACZVSMNFVFBOTM-UHFFFAOYSA-N
SP_000092,ADCKHLSRWCXEIY-GGAPOBRUSA-N
SP_000092,ADHKIZQYPQGIRC-ACSKKKSPSA-N
SP_000092,ADHKIZQYPQGIRC-SOZVHHJESA-N
SP_000092,ADHNTNYEJYJUCU-ZSJFXSENSA-N
SP_000092,ADKNUXINKGBJMY-LDLOPFEMSA-N
SP_000092,ADMGMAPZAQUXIR-VRHMUEQPSA-N
SP_000092,ADNSYCXWAHUWTA-SYOMJGEJSA-N
SP_000092,ADSGHWJRPOXXTD-IHWYPQMZSA-M
SP_000092,ADYPMBBPSUQKED-VOLCNUBSSA-N
SP_000092,ADZPFIMEBZGRHB-ILJAMNOWSA-N
SP_000092,AEFNZGGBWOQYID-UHFFFAOYSA-N
SP_000092,AEIJGHDRIPTRQY-UBTAJKBJSA-N
SP_000092,AELFRHHZGTVYGJ-QMMMGPOBSA-N
SP_000092,AEMFNILZOJDQLW-QAGGRKNESA-N
SP_000092,AERBNCYCJBRYDG-UHFFFAOYSA-N
SP_000092,AESBAQNLQIQXNK-BMFSGJJHSA-N
SP_000092,AETXDQTWHNBCRO-QLKFWGTOSA-N
SP_000092,AEWHYWSPVRZHCT-NDZSKPAWSA-N
SP_000092,AEWHYWSPVRZHCT-UHFFFAOYSA-J
SP_000092,AEXNGRVFOMIYOW-ICFOKQHNSA-N
SP_000092,AFFQVAIMWFYJJS-DTHFMEMVSA-N
SP_000093,AABKSFWWBUPVNY-NVCPWDGJSA-N
SP_000093,AAFBEFOSCLMOTF-KXBCQOCRSA-N
SP_000093,AAFBEFOSCLMOTF-RRPFJGJLSA-N
SP_000093,AANMVENRNJYEMK-UHFFFAOYSA-N
SP_000093,AANZTOSGIRNZNM-LNOKNGNPSA-N
SP_000093,AAPGXBRKBIUCMQ-GWHBCOKCSA-N
SP_000093,AAWNBEJOCRYVJE-QNGWXLTQSA-N
SP_000093,AAWZDTNXLSGCEK-UHFFFAOYSA-M
SP_000093,AAXMCYUUKFLUMJ-JSFHAIONSA-N
SP_000093,AAXMCYUUKFLUMJ-TWDRBPDCSA-N
SP_000093,AAXYAFFKOSNMEB-MHARETSRSA-N
SP_000093,AAZOMBJKSJQDHJ-ZBRBWIFHSA-N
SP_000093,AAZZVFONLHYNDZ-NVQRUNIKSA-J
SP_000093,ABBYYPGQJRBTGA-NESBLOORSA-N
SP_000093,ABCOOORLYAOBOZ-KQYNXXCUSA-N
SP_000093,ABFJWRKPWCFTQP-JKFVOKSPSA-N
SP_000093,ABFJWRKPWCFTQP-XSMLMOGHSA-N
SP_000093,ABIKEVIWOJTKQS-AARKOHAPSA-N
SP_000093,ABLZXFCXXLZCGV-UHFFFAOYSA-L
SP_000093,ABRHOUKZOUNSSK-FVEAQGRNSA-N
SP_000093,ABUKPIBHMMLQDI-RCOVLANCSA-N
SP_000093,ACGLCDJEASKGDO-JSYPMYMJSA-N
SP_000093,ACIVVGBVOVHFPQ-RPDRRWSUSA-N
SP_000093,ACLPCAOOWJUVLL-DZKYTWFZSA-N
SP_000093,ACLQSYLJAZRTAP-XAFBQJBNSA-N
SP_000093,ACSIRQPNAYTBRW-VZUYHUTRSA-N
SP_000093,ACTHNCRNFFCCAQ-PLKVWTDNSA-N
SP_000093,ACTHNCRNFFCCAQ-YNQDZHFMSA-N
SP_000093,ACZVSMNFVFBOTM-UHFFFAOYSA-N
SP_000093,ADCKHLSRWCXEIY-GGAPOBRUSA-N
SP_000093,ADHKIZQYPQGIRC-ACSKKKSPSA-N
SP_000093,ADHKIZQYPQGIRC-SOZVHHJESA-N
SP_000093,ADHNTNYEJYJUCU-ZSJFXSENSA-N
SP_000093,ADKNUXINKGBJMY-LDLOPFEMSA-N
SP_000093,ADMGMAPZAQUXIR-VRHMUEQPSA-N
SP_000093,ADNSYCXWAHUWTA-SYOMJGEJSA-N
SP_000093,ADSGHWJRPOXXTD-IHWYPQMZSA-M
SP_000093,ADYPMBBPSUQKED-VOLCNUBSSA-N
SP_000093,ADZPFIMEBZGRHB-ILJAMNOWSA-N
SP_000093,AEFNZGGBWOQYID-UHFFFAOYSA-N
SP_000093,AEIJGHDRIPTRQY-UBTAJKBJSA-N
SP_000093,AELFRHHZGTVYGJ-QMMMGPOBSA-N
SP_000093,AEMFNILZOJDQLW-QAGGRKNESA-N
SP_000093,AERBNCYCJBRYDG-UHFFFAOYSA-N
SP_000093,AESBAQNLQIQXNK-BMFSGJJHSA-N
SP_000093,AETXDQTWHNBCRO-QLKFWGTOSA-N
SP_000093,AEWHYWSPVRZHCT-NDZSKPAWSA-N
SP_000093,AEWHYWSPVRZHCT-UHFFFAOYSA-J
SP_000093,AEXNGRVFOMIYOW-ICFOKQHNSA-N
SP_000093,AFFQVAIMWFYJJS-DTHFMEMVSA-N
SP_000094,AABKSFWWBUPVNY-NVCPWDGJSA-N
SP_000094,AAFBEFOSCLMOTF-KXBCQOCRSA-N
SP_000094,AAFBEFOSCLMOTF-RRPFJGJLSA-N
SP_000094,AANMVENRNJYEMK-UHFFFAOYSA-N
SP_000094,AANZTOSGIRNZNM-LNOKNGNPSA-N
SP_000094,AAPGXBRKBIUCMQ-GWHBCOKCSA-N
SP_000094,AAWNBEJOCRYVJE-QNGWXLTQSA-N
SP_000094,AAWZDTNXLSGCEK-UHFFFAOYSA-M
SP_000094,AAXMCYUUKFLUMJ-JSFHAIONSA-N
SP_000094,AAXMCYUUKFLUMJ-TWDRBPDCSA-N
SP_000094,AAXYAFFKOSNMEB-MHARETSRSA-N
SP_000094,AAZOMBJKSJQDHJ-ZBRBWIFHSA-N
SP_000094,AAZZVFONLHYNDZ-NVQRUNIKSA-J
SP_000094,ABBYYPGQJRBTGA-NESBLOORSA-N
SP_000094,ABCOOORLYAOBOZ-KQYNXXCUSA-N
SP_000094,ABFJWRKPWCFTQP-JKFVOKSPSA-N
SP_000094,ABFJWRKPWCFTQP-XSMLMOGHSA-N
SP_000094,ABIKEVIWOJTKQS-AARKOHAPSA-N
SP_000094,ABLZXFCXXLZCGV-UHFFFAOYSA-L
SP_000094,ABRHOUKZOUNSSK-FVEAQGRNSA-N
SP_000094,ABUKPIBHMMLQDI-RCOVLANCSA-N
SP_000094,ACGLCDJEASKGDO-JSYPMYMJSA-N
SP_000094,ACIVVGBVOVHFPQ-RPDRRWSUSA-N
SP_000094,ACLPCAOOWJUVLL-DZKYTWFZSA-N
SP_000094,ACLQSYLJAZRTAP-XAFBQJBNSA-N
SP_000094,ACSIRQPNAYTBRW-VZUYHUTRSA-N
SP_000094,ACTHNCRNFFCCAQ-PLKVWTDNSA-N
SP_000094,ACTHNCRNFFCCAQ-YNQDZHFMSA-N
SP_000094,ACZVSMNFVFBOTM-UHFFFAOYSA-N
SP_000094,ADCKHLSRWCXEIY-GGAPOBRUSA-N
SP_000094,ADHKIZQYPQGIRC-ACSKKKSPSA-N
SP_000094,ADHKIZQYPQGIRC-SOZVHHJESA-N
SP_000094,ADHNTNYEJYJUCU-ZSJFXSENSA-N
SP_000094,ADKNUXINKGBJMY-LDLOPFEMSA-N
SP_000094,ADMGMAPZAQUXIR-VRHMUEQPSA-N
SP_000094,ADNSYCXWAHUWTA-SYOMJGEJSA-N
SP_000094,ADSGHWJRPOXXTD-IHWYPQMZSA-M
SP_000094,ADYPMBBPSUQKED-VOLCNUBSSA-N
SP_000094,ADZPFIMEBZGRHB-ILJAMNOWSA-N
SP_000094,AEFNZGGBWOQYID-UHFFFAOYSA-N
SP_000094,AEIJGHDRIPTRQY-UBTAJKBJSA-N
SP_000094,AELFRHHZGTVYGJ-QMMMGPOBSA-N
SP_000094,AEMFNILZOJDQLW-QAGGRKNESA-N
SP_000094,AERBNCYCJBRYDG-UHFFFAOYSA-N
SP_000094,AESBAQNLQIQXNK-BMFSGJJHSA-N
SP_000094,AETXDQTWHNBCRO-QLKFWGTOSA-N
SP_000094,AEWHYWSPVRZHCT-NDZSKPAWSA-N
SP_000094,AEWHYWSPVRZHCT-UHFFFAOYSA-J
SP_000094,AEXNGRVFOMIYOW-ICFOKQHNSA-N
SP_000094,AFFQVAIMWFYJJS-DTHFMEMVSA-N
SP_000095,AABKSFWWBUPVNY-NVCPWDGJSA-N
SP_000095,AAFBEFOSCLMOTF-KXBCQOCRSA-N
SP_000095,AAFBEFOSCLMOTF-RRPFJGJLSA-N
SP_000095,AANMVENRNJYEMK-UHFFFAOYSA-N
SP_000095,AANZTOSGIRNZNM-LNOKNGNPSA-N
SP_000095,AAPGXBRKBIUCMQ-GWHBCOKCSA-N
SP_000095,AAWNBEJOCRYVJE-QNGWXLTQSA-N
SP_000095,AAWZDTNXLSGCEK-UHFFFAOYSA-M
SP_000095,AAXMCYUUKFLUMJ-JSFHAIONSA-N
SP_000095,AAXMCYUUKFLUMJ-TWDRBPDCSA-N
SP_000095,AAXYAFFKOSNMEB-MHARETSRSA-N
SP_000095,AAZOMBJKSJQDHJ-ZBRBWIFHSA-N
SP_000095,AAZZVFONLHYNDZ-NVQRUNIKSA-J
SP_000095,ABBYYPGQJRBTGA-NESBLOORSA-N
SP_000095,ABCOOORLYAOBOZ-KQYNXXCUSA-N
SP_000095,ABFJWRKPWCFTQP-JKFVOKSPSA-N
SP_000095,ABFJWRKPWCFTQP-XSMLMOGHSA-N
SP_000095,ABIKEVIWOJTKQS-AARKOHAPSA-N
SP_000095,ABLZXFCXXLZCGV-UHFFFAOYSA-L
SP_000095,ABRHOUKZOUNSSK-FVEAQGRNSA-N
SP_000095,ABUKPIBHMMLQDI-RCOVLANCSA-N
SP_000095,ACGLCDJEASKGDO-JSYPMYMJSA-N
SP_000095,ACIVVGBVOVHFPQ-RPDRRWSUSA-N
SP_000095,ACLPCAOOWJUVLL-DZKYTWFZSA-N
SP_000095,ACLQSYLJAZRTAP-XAFBQJBNSA-N
SP_000095,ACSIRQPNAYTBRW-VZUYHUTRSA-N
SP_000095,ACTHNCRNFFCCAQ-PLKVWTDNSA-N
SP_000095,ACTHNCRNFFCCAQ-YNQDZHFMSA-N
SP_000095,ACZVSMNFVFBOTM-UHFFFAOYSA-N
SP_000095,ADCKHLSRWCXEIY-GGAPOBRUSA-N
SP_000095,ADHKIZQYPQGIRC-ACSKKKSPSA-N
SP_000095,ADHKIZQYPQGIRC-SOZVHHJESA-N
SP_000095,ADHNTNYEJYJUCU-ZSJFXSENSA-N
SP_000095,ADKNUXINKGBJMY-LDLOPFEMSA-N
SP_000095,ADMGMAPZAQUXIR-VRHMUEQPSA-N
SP_000095,ADNSYCXWAHUWTA-SYOMJGEJSA-N
SP_000095,ADSGHWJRPOXXTD-IHWYPQMZSA-M
SP_000095,ADYPMBBPSUQKED-VOLCNUBSSA-N
SP_000095,ADZPFIMEBZGRHB-ILJAMNOWSA-N
SP_000095,AEFNZGGBWOQYID-UHFFFAOYSA-N
SP_000095,AEIJGHDRIPTRQY-UBTAJKBJSA-N
SP_000095,AELFRHHZGTVYGJ-QMMMGPOBSA-N
SP_000095,AEMFNILZOJDQLW-QAGGRKNESA-N
SP_000095,AERBNCYCJBRYDG-UHFFFAOYSA-N
SP_000095,AESBAQNLQIQXNK-BMFSGJJHSA-N
SP_000095,AETXDQTWHNBCRO-QLKFWGTOSA-N
SP_000095,AEWHYWSPVRZHCT-NDZSKPAWSA-N
SP_000095,AEWHYWSPVRZHCT-UHFFFAOYSA-J
SP_000095,AEXNGRVFOMIYOW-ICFOKQHNSA-N
SP_000095,AFFQVAIMWFYJJS-DTHFMEMVSA-N
SP_000096,AABKSFWWBUPVNY-NVCPWDGJSA-N
SP_000096,AAFBEFOSCLMOTF-KXBCQOCRSA-N
SP_000096,AAFBEFOSCLMOTF-RRPFJGJLSA-N
SP_000096,AAJMNFSMEOFKKL-UHFFFAOYSA-N
SP_000096,AANMVENRNJYEMK-UHFFFAOYSA-N
SP_000096,AANZTOSGIRNZNM-LNOKNGNPSA-N
SP_000096,AAPGXBRKBIUCMQ-GWHBCOKCSA-N
SP_000096,AAWNBEJOCRYVJE-QNGWXLTQSA-N
SP_000096,AAWZDTNXLSGCEK-UHFFFAOYSA-M
SP_000096,AAWZDTNXLSGCEK-UHFFFAOYSA-N
SP_000096,AAXMCYUUKFLUMJ-JSFHAIONSA-N
SP_000096,AAXMCYUUKFLUMJ-TWDRBPDCSA-N
SP_000096,AAXYAFFKOSNMEB-MHARETSRSA-N
SP_000096,AAZOMBJKSJQDHJ-ZBRBWIFHSA-N
SP_000096,AAZZVFONLHYNDZ-NVQRUNIKSA-J
SP_000096,ABBYYPGQJRBTGA-NESBLOORSA-N
SP_000096,ABCOOORLYAOBOZ-KQYNXXCUSA-N
SP_000096,ABFJWRKPWCFTQP-JKFVOKSPSA-N
SP_000096,ABFJWRKPWCFTQP-XSMLMOGHSA-N
SP_000096,ABIKEVIWOJTKQS-AARKOHAPSA-N
SP_000096,ABLZXFCXXLZCGV-UHFFFAOYSA-L
SP_000096,ABRHOUKZOUNSSK-FVEAQGRNSA-N
SP_000096,ABUKPIBHMMLQDI-RCOVLANCSA-N
SP_000096,ACGLCDJEASKGDO-JSYPMYMJSA-N
SP_000096,ACIVVGBVOVHFPQ-RPDRRWSUSA-N
SP_000096,ACLPCAOOWJUVLL-DZKYTWFZSA-N
SP_000096,ACLQSYLJAZRTAP-XAFBQJBNSA-N
SP_000096,ACSIRQPNAYTBRW-VZUYHUTRSA-N
SP_000096,ACTHNCRNFFCCAQ-PLKVWTDNSA-N
SP_000096,ACTHNCRNFFCCAQ-YNQDZHFMSA-N
SP_000096,ACZVSMNFVFBOTM-UHFFFAOYSA-N
SP_000096,ADCKHLSRWCXEIY-GGAPOBRUSA-N
SP_000096,ADDZHRRCUWNSCS-UHFFFAOYSA-N
SP_000096,ADHKIZQYPQGIRC-ACSKKKSPSA-N
SP_000096,ADHKIZQYPQGIRC-SOZVHHJESA-N
SP_000096,ADHNTNYEJYJUCU-ZSJFXSENSA-N
SP_000096,ADKNUXINKGBJMY-LDLOPFEMSA-N
SP_000096,ADMGMAPZAQUXIR-VRHMUEQPSA-N
SP_000096,ADNSYCXWAHUWTA-SYOMJGEJSA-N
SP_000096,ADSGHWJRPOXXTD-IHWYPQMZSA-M
SP_000096,ADYPMBBPSUQKED-VOLCNUBSSA-N
SP_000096,ADZPFIMEBZGRHB-ILJAMNOWSA-N
SP_000096,AEFNZGGBWOQYID-UHFFFAOYSA-N
SP_000096,AEIJGHDRIPTRQY-UBTAJKBJSA-N
SP_000096,AELFRHHZGTVYGJ-QMMMGPOBSA-N
SP_000096,AEMFNILZOJDQLW-QAGGRKNESA-N
SP_000096,AERBNCYCJBRYDG-UHFFFAOYSA-N
SP_000096,AESBAQNLQIQXNK-BMFSGJJHSA-N
SP_000096,AETXDQTWHNBCRO-QLKFWGTOSA-N
SP_000096,AEWHYWSPVRZHCT-NDZSKPAWSA-N
SP_000097,AABKSFWWBUPVNY-NVCPWDGJSA-N
SP_000097,AAFBEFOSCLMOTF-KXBCQOCRSA-N
SP_000097,AAFBEFOSCLMOTF-RRPFJGJLSA-N
SP_000097,AANMVENRNJYEMK-UHFFFAOYSA-N
SP_000097,AANZTOSGIRNZNM-LNOKNGNPSA-N
SP_000097,AAPGXBRKBIUCMQ-GWHBCOKCSA-N
SP_000097,AAWNBEJOCRYVJE-QNGWXLTQSA-N
SP_000097,AAWZDTNXLSGCEK-UHFFFAOYSA-M
SP_000097,AAXMCYUUKFLUMJ-JSFHAIONSA-N
SP_000097,AAXMCYUUKFLUMJ-TWDRBPDCSA-N
SP_000097,AAXYAFFKOSNMEB-MHARETSRSA-N
SP_000097,AAZOMBJKSJQDHJ-ZBRBWIFHSA-N
SP_000097,AAZZVFONLHYNDZ-NVQRUNIKSA-J
SP_000097,ABBYYPGQJRBTGA-NESBLOORSA-N
SP_000097,ABCOOORLYAOBOZ-KQYNXXCUSA-N
SP_000097,ABFJWRKPWCFTQP-JKFVOKSPSA-N
SP_000097,ABFJWRKPWCFTQP-XSMLMOGHSA-N
SP_000097,ABIKEVIWOJTKQS-AARKOHAPSA-N
SP_000097,ABLZXFCXXLZCGV-UHFFFAOYSA-L
SP_000097,ABRHOUKZOUNSSK-FVEAQGRNSA-N
SP_000097,ABUKPIBHMMLQDI-RCOVLANCSA-N
SP_000097,ACGLCDJEASKGDO-JSYPMYMJSA-N
SP_000097,ACIVVGBVOVHFPQ-RPDRRWSUSA-N
SP_000097,ACLPCAOOWJUVLL-DZKYTWFZSA-N
SP_000097,ACLQSYLJAZRTAP-XAFBQJBNSA-N
SP_000097,ACSIRQPNAYTBRW-VZUYHUTRSA-N
SP_000097,ACTHNCRNFFCCAQ-PLKVWTDNSA-N
SP_000097,ACTHNCRNFFCCAQ-YNQDZHFMSA-N
SP_000097,ACZVSMNFVFBOTM-UHFFFAOYSA-N
SP_000097,ADCKHLSRWCXEIY-GGAPOBRUSA-N
SP_000097,ADHKIZQYPQGIRC-ACSKKKSPSA-N
SP_000097,ADHKIZQYPQGIRC-SOZVHHJESA-N
SP_000097,ADHNTNYEJYJUCU-ZSJFXSENSA-N
SP_000097,ADKNUXINKGBJMY-LDLOPFEMSA-N
SP_000097,ADMGMAPZAQUXIR-VRHMUEQPSA-N
SP_000097,ADNSYCXWAHUWTA-SYOMJGEJSA-N
SP_000097,ADSGHWJRPOXXTD-IHWYPQMZSA-M
SP_000097,ADYPMBBPSUQKED-VOLCNUBSSA-N
SP_000097,ADZPFIMEBZGRHB-ILJAMNOWSA-N
SP_000097,AEFNZGGBWOQYID-UHFFFAOYSA-N
SP_000097,AEIJGHDRIPTRQY-UBTAJKBJSA-N
SP_000097,AELFRHHZGTVYGJ-QMMMGPOBSA-N
SP_000097,AEMFNILZOJDQLW-QAGGRKNESA-N
SP_000097,AERBNCYCJBRYDG-UHFFFAOYSA-N
SP_000097,AESBAQNLQIQXNK-BMFSGJJHSA-N
SP_000097,AETXDQTWHNBCRO-QLKFWGTOSA-N
SP_000097,AEWHYWSPVRZHCT-NDZSKPAWSA-N
SP_000097,AEWHYWSPVRZHCT-UHFFFAOYSA-J
SP_000097,AEXNGRVFOMIYOW-ICFOKQHNSA-N
SP_000097,AFFQVAIMWFYJJS-DTHFMEMVSA-N
SP_000098,AABKSFWWBUPVNY-NVCPWDGJSA-N
SP_000098,AAFBEFOSCLMOTF-KXBCQOCRSA-N
SP_000098,AAFBEFOSCLMOTF-RRPFJGJLSA-N
SP_000098,AANMVENRNJYEMK-UHFFFAOYSA-N
SP_000098,AANZTOSGIRNZNM-LNOKNGNPSA-N
SP_000098,AAPGXBRKBIUCMQ-GWHBCOKCSA-N
SP_000098,AAWNBEJOCRYVJE-QNGWXLTQSA-N
SP_000098,AAWZDTNXLSGCEK-UHFFFAOYSA-M
SP_000098,AAWZDTNXLSGCEK-UHFFFAOYSA-N
SP_000098,AAXMCYUUKFLUMJ-JSFHAIONSA-N
SP_000098,AAXMCYUUKFLUMJ-TWDRBPDCSA-N
SP_000098,AAXYAFFKOSNMEB-MHARETSRSA-N
SP_000098,AAZOMBJKSJQDHJ-ZBRBWIFHSA-N
SP_000098,AAZZVFONLHYNDZ-NVQRUNIKSA-J
SP_000098,ABBYYPGQJRBTGA-NESBLOORSA-N
SP_000098,ABCOOORLYAOBOZ-KQYNXXCUSA-N
SP_000098,ABFJWRKPWCFTQP-JKFVOKSPSA-N
SP_000098,ABFJWRKPWCFTQP-XSMLMOGHSA-N
SP_000098,ABIKEVIWOJTKQS-AARKOHAPSA-N
SP_000098,ABLZXFCXXLZCGV-UHFFFAOYSA-L
SP_000098,ABRHOUKZOUNSSK-FVEAQGRNSA-N
SP_000098,ABUKPIBHMMLQDI-RCOVLANCSA-N
SP_000098,ACGLCDJEASKGDO-JSYPMYMJSA-N
SP_000098,ACIVVGBVOVHFPQ-RPDRRWSUSA-N
SP_000098,ACLPCAOOWJUVLL-DZKYTWFZSA-N
SP_000098,ACLQSYLJAZRTAP-XAFBQJBNSA-N
SP_000098,ACSIRQPNAYTBRW-VZUYHUTRSA-N
SP_000098,ACTHNCRNFFCCAQ-PLKVWTDNSA-N
SP_000098,ACTHNCRNFFCCAQ-YNQDZHFMSA-N
SP_000098,ACZVSMNFVFBOTM-UHFFFAOYSA-N
SP_000098,ADCKHLSRWCXEIY-GGAPOBRUSA-N
SP_000098,ADHKIZQYPQGIRC-ACSKKKSPSA-N
SP_000098,ADHKIZQYPQGIRC-SOZVHHJESA-N
SP_000098,ADHNTNYEJYJUCU-ZSJFXSENSA-N
SP_000098,ADKNUXINKGBJMY-LDLOPFEMSA-N
SP_000098,ADMGMAPZAQUXIR-VRHMUEQPSA-N
SP_000098,ADNSYCXWAHUWTA-SYOMJGEJSA-N
SP_000098,ADSGHWJRPOXXTD-IHWYPQMZSA-M
SP_000098,ADYPMBBPSUQKED-VOLCNUBSSA-N
SP_000098,ADZPFIMEBZGRHB-ILJAMNOWSA-N
SP_000098,AEFNZGGBWOQYID-UHFFFAOYSA-N
SP_000098,AEIJGHDRIPTRQY-UBTAJKBJSA-N
SP_000098,AELFRHHZGTVYGJ-QMMMGPOBSA-N
SP_000098,AEMFNILZOJDQLW-QAGGRKNESA-N
SP_000098,AERBNCYCJBRYDG-UHFFFAOYSA-N
SP_000098,AESBAQNLQIQXNK-BMFSGJJHSA-N
SP_000098,AETXDQTWHNBCRO-QLKFWGTOSA-N
SP_000098,AEWHYWSPVRZHCT-NDZSKPAWSA-N
SP_000098,AEWHYWSPVRZHCT-UHFFFAOYSA-J
SP_000098,AEXNGRVFOMIYOW-ICFOKQHNSA-N
SP_000099,AABKSFWWBUPVNY-NVCPWDGJSA-N
SP_000099,AAFBEFOSCLMOTF-KXBCQOCRSA-N
SP_000099,AAFBEFOSCLMOTF-RRPFJGJLSA-N
SP_000099,AANMVENRNJYEMK-UHFFFAOYSA-N
SP_000099,AANZTOSGIRNZNM-LNOKNGNPSA-N
SP_000099,AAPGXBRKBIUCMQ-GWHBCOKCSA-N
SP_000099,AAWNBEJOCRYVJE-QNGWXLTQSA-N
SP_000099,AAWZDTNXLSGCEK-UHFFFAOYSA-M
SP_000099,AAXMCYUUKFLUMJ-JSFHAIONSA-N
SP_000099,AAXMCYUUKFLUMJ-TWDRBPDCSA-N
SP_000099,AAXYAFFKOSNMEB-MHARETSRSA-N
SP_000099,AAZOMBJKSJQDHJ-ZBRBWIFHSA-N
SP_000099,AAZZVFONLHYNDZ-NVQRUNIKSA-J
SP_000099,ABBYYPGQJRBTGA-NESBLOORSA-N
SP_000099,ABCOOORLYAOBOZ-KQYNXXCUSA-N
SP_000099,ABFJWRKPWCFTQP-JKFVOKSPSA-N
SP_000099,ABFJWRKPWCFTQP-XSMLMOGHSA-N
SP_000099,ABIKEVIWOJTKQS-AARKOHAPSA-N
SP_000099,ABLZXFCXXLZCGV-UHFFFAOYSA-L
SP_000099,ABRHOUKZOUNSSK-FVEAQGRNSA-N
SP_000099,ABUKPIBHMMLQDI-RCOVLANCSA-N
SP_000099,ABVCUBUIXWJYSE-UHFFFAOYSA-O
SP_000099,ACGLCDJEASKGDO-JSYPMYMJSA-N
SP_000099,ACIVVGBVOVHFPQ-RPDRRWSUSA-N
SP_000099,ACLPCAOOWJUVLL-DZKYTWFZSA-N
SP_000099,ACLQSYLJAZRTAP-XAFBQJBNSA-N
SP_000099,ACSIRQPNAYTBRW-VZUYHUTRSA-N
SP_000099,ACTHNCRNFFCCAQ-PLKVWTDNSA-N
SP_000099,ACTHNCRNFFCCAQ-YNQDZHFMSA-N
SP_000099,ACZVSMNFVFBOTM-UHFFFAOYSA-N
SP_000099,ADCKHLSRWCXEIY-GGAPOBRUSA-N
SP_000099,ADHKIZQYPQGIRC-ACSKKKSPSA-N
SP_000099,ADHKIZQYPQGIRC-SOZVHHJESA-N
SP_000099,ADHNTNYEJYJUCU-ZSJFXSENSA-N
SP_000099,ADKNUXINKGBJMY-LDLOPFEMSA-N
SP_000099,ADMGMAPZAQUXIR-VRHMUEQPSA-N
SP_000099,ADNSYCXWAHUWTA-SYOMJGEJSA-N
SP_000099,ADSGHWJRPOXXTD-IHWYPQMZSA-M
SP_000099,ADYPMBBPSUQKED-VOLCNUBSSA-N
SP_000099,ADZPFIMEBZGRHB-ILJAMNOWSA-N
SP_000099,AEFNZGGBWOQYID-UHFFFAOYSA-N
SP_000099,AEIJGHDRIPTRQY-UBTAJKBJSA-N
SP_000099,AELFRHHZGTVYGJ-QMMMGPOBSA-N
SP_000099,AEMFNILZOJDQLW-QAGGRKNESA-N
SP_000099,AERBNCYCJBRYDG-UHFFFAOYSA-N
SP_000099,AESBAQNLQIQXNK-BMFSGJJHSA-N
SP_000099,AETXDQTWHNBCRO-QLKFWGTOSA-N
SP_000099,AEWHYWSPVRZHCT-NDZSKPAWSA-N
SP_000099,AEWHYWSPVRZHCT-UHFFFAOYSA-J
SP_000099,AEXNGRVFOMIYOW-ICFOKQHNSA-N
SP_000100,AABKSFWWBUPVNY-NVCPWDGJSA-N
SP_000100,AAFBEFOSCLMOTF-KXBCQOCRSA-N
SP_000100,AAFBEFOSCLMOTF-RRPFJGJLSA-N
SP_000100,AANMVENRNJYEMK-UHFFFAOYSA-N
SP_000100,AANZTOSGIRNZNM-LNOKNGNPSA-N
SP_000100,AAPGXBRKBIUCMQ-GWHBCOKCSA-N
SP_000100,AAWNBEJOCRYVJE-QNGWXLTQSA-N
SP_000100,AAWZDTNXLSGCEK-UHFFFAOYSA-M
SP_000100,AAWZDTNXLSGCEK-UHFFFAOYSA-N
SP_000100,AAXMCYUUKFLUMJ-JSFHAIONSA-N
SP_000100,AAXMCYUUKFLUMJ-TWDRBPDCSA-N
SP_000100,AAXYAFFKOSNMEB-MHARETSRSA-N
SP_000100,AAZOMBJKSJQDHJ-ZBRBWIFHSA-N
SP_000100,AAZZVFONLHYNDZ-NVQRUNIKSA-J
SP_000100,ABBYYPGQJRBTGA-NESBLOORSA-N
SP_000100,ABCOOORLYAOBOZ-KQYNXXCUSA-N
SP_000100,ABFJWRKPWCFTQP-JKFVOKSPSA-N
SP_000100,ABFJWRKPWCFTQP-XSMLMOGHSA-N
SP_000100,ABIKEVIWOJTKQS-AARKOHAPSA-N
SP_000100,ABLZXFCXXLZCGV-UHFFFAOYSA-L
SP_000100,ABRHOUKZOUNSSK-FVEAQGRNSA-N
SP_000100,ABUKPIBHMMLQDI-RCOVLANCSA-N
SP_000100,ACGLCDJEASKGDO-JSYPMYMJSA-N
SP_000100,ACIVVGBVOVHFPQ-RPDRRWSUSA-N
SP_000100,ACLPCAOOWJUVLL-DZKYTWFZSA-N
SP_000100,ACLQSYLJAZRTAP-XAFBQJBNSA-N
SP_000100,ACSIRQPNAYTBRW-VZUYHUTRSA-N
SP_000100,ACTHNCRNFFCCAQ-PLKVWTDNSA-N
SP_000100,ACTHNCRNFFCCAQ-YNQDZHFMSA-N
SP_000100,ACZVSMNFVFBOTM-UHFFFAOYSA-N
SP_000100,ADCKHLSRWCXEIY-GGAPOBRUSA-N
SP_000100,ADHKIZQYPQGIRC-ACSKKKSPSA-N
SP_000100,ADHKIZQYPQGIRC-SOZVHHJESA-N
SP_000100,ADHNTNYEJYJUCU-ZSJFXSENSA-N
SP_000100,ADKNUXINKGBJMY-LDLOPFEMSA-N
SP_000100,ADMGMAPZAQUXIR-VRHMUEQPSA-N
SP_000100,ADNSYCXWAHUWTA-SYOMJGEJSA-N
SP_000100,ADSGHWJRPOXXTD-IHWYPQMZSA-M
SP_000100,ADYPMBBPSUQKED-VOLCNUBSSA-N
SP_000100,ADZPFIMEBZGRHB-ILJAMNOWSA-N
SP_000100,AEFNZGGBWOQYID-UHFFFAOYSA-N
SP_000100,AEIJGHDRIPTRQY-UBTAJKBJSA-N
SP_000100,AELFRHHZGTVYGJ-QMMMGPOBSA-N
SP_000100,AEMFNILZOJDQLW-QAGGRKNESA-N
SP_000100,AERBNCYCJBRYDG-UHFFFAOYSA-N
SP_000100,AESBAQNLQIQXNK-BMFSGJJHSA-N
SP_000100,AETXDQTWHNBCRO-QLKFWGTOSA-N
SP_000100,AEWHYWSPVRZHCT-NDZSKPAWSA-N
SP_000100,AEWHYWSPVRZHCT-UHFFFAOYSA-J
SP_000100,AEXNGRVFOMIYOW-ICFOKQHNSA-N
SP_000101,AABKSFWWBUPVNY-NVCPWDGJSA-N
SP_000101,AAFBEFOSCLMOTF-KXBCQOCRSA-N
SP_000101,AAFBEFOSCLMOTF-RRPFJGJLSA-N
SP_000101,AANMVENRNJYEMK-UHFFFAOYSA-N
SP_000101,AANZTOSGIRNZNM-LNOKNGNPSA-N
SP_000101,AAPGXBRKBIUCMQ-GWHBCOKCSA-N
SP_000101,AAWNBEJOCRYVJE-QNGWXLTQSA-N
SP_000101,AAWZDTNXLSGCEK-UHFFFAOYSA-M
SP_000101,AAXMCYUUKFLUMJ-JSFHAIONSA-N
SP_000101,AAXMCYUUKFLUMJ-TWDRBPDCSA-N
SP_000101,AAXYAFFKOSNMEB-MHARETSRSA-N
SP_000101,AAZOMBJKSJQDHJ-ZBRBWIFHSA-N
SP_000101,AAZZVFONLHYNDZ-NVQRUNIKSA-J
SP_000101,ABBYYPGQJRBTGA-NESBLOORSA-N
SP_000101,ABCOOORLYAOBOZ-KQYNXXCUSA-N
SP_000101,ABFJWRKPWCFTQP-JKFVOKSPSA-N
SP_000101,ABFJWRKPWCFTQP-XSMLMOGHSA-N
SP_000101,ABIKEVIWOJTKQS-AARKOHAPSA-N
SP_000101,ABLZXFCXXLZCGV-UHFFFAOYSA-L
SP_000101,ABRHOUKZOUNSSK-FVEAQGRNSA-N
SP_000101,ABUKPIBHMMLQDI-RCOVLANCSA-N
SP_000101,ACGLCDJEASKGDO-JSYPMYMJSA-N
SP_000101,ACIVVGBVOVHFPQ-RPDRRWSUSA-N
SP_000101,ACLPCAOOWJUVLL-DZKYTWFZSA-N
SP_000101,ACLQSYLJAZRTAP-XAFBQJBNSA-N
SP_000101,ACSIRQPNAYTBRW-VZUYHUTRSA-N
SP_000101,ACTHNCRNFFCCAQ-PLKVWTDNSA-N
SP_000101,ACTHNCRNFFCCAQ-YNQDZHFMSA-N
SP_000101,ACZVSMNFVFBOTM-UHFFFAOYSA-N
SP_000101,ADCKHLSRWCXEIY-GGAPOBRUSA-N
SP_000101,ADHKIZQYPQGIRC-ACSKKKSPSA-N
SP_000101,ADHKIZQYPQGIRC-SOZVHHJESA-N
SP_000101,ADHNTNYEJYJUCU-ZSJFXSENSA-N
SP_000101,ADKNUXINKGBJMY-LDLOPFEMSA-N
SP_000101,ADMGMAPZAQUXIR-VRHMUEQPSA-N
SP_000101,ADNSYCXWAHUWTA-SYOMJGEJSA-N
SP_000101,ADSGHWJRPOXXTD-IHWYPQMZSA-M
SP_000101,ADYPMBBPSUQKED-VOLCNUBSSA-N
SP_000101,ADZPFIMEBZGRHB-ILJAMNOWSA-N
SP_000101,AEFNZGGBWOQYID-UHFFFAOYSA-N
SP_000101,AEIJGHDRIPTRQY-UBTAJKBJSA-N
SP_000101,AELFRHHZGTVYGJ-QMMMGPOBSA-N
SP_000101,AEMFNILZOJDQLW-QAGGRKNESA-N
SP_000101,AEMOLEFTQBMNLQ-AQKNRBDQSA-N
SP_000101,AERBNCYCJBRYDG-UHFFFAOYSA-N
SP_000101,AESBAQNLQIQXNK-BMFSGJJHSA-N
SP_000101,AETXDQTWHNBCRO-QLKFWGTOSA-N
SP_000101,AEWHYWSPVRZHCT-NDZSKPAWSA-N
SP_000101,AEWHYWSPVRZHCT-UHFFFAOYSA-J
SP_000101,AEXNGRVFOMIYOW-ICFOKQHNSA-N
SP_000102,AABKSFWWBUPVNY-NVCPWDGJSA-N
SP_000102,AAFBEFOSCLMOTF-KXBCQOCRSA-N
SP_000102,AAFBEFOSCLMOTF-RRPFJGJLSA-N
SP_000102,AAIXZDBTEWDLSG-UHFFFAOYSA-N
SP_000102,AANMVENRNJYEMK-UHFFFAOYSA-N
SP_000102,AANZTOSGIRNZNM-LNOKNGNPSA-N
SP_000102,AAPGXBRKBIUCMQ-GWHBCOKCSA-N
SP_000102,AAWNBEJOCRYVJE-QNGWXLTQSA-N
SP_000102,AAWZDTNXLSGCEK-UHFFFAOYSA-M
SP_000102,AAWZDTNXLSGCEK-UHFFFAOYSA-N
SP_000102,AAXMCYUUKFLUMJ-JSFHAIONSA-N
SP_000102,AAXMCYUUKFLUMJ-TWDRBPDCSA-N
SP_000102,AAXYAFFKOSNMEB-MHARETSRSA-N
SP_000102,AAZOMBJKSJQDHJ-ZBRBWIFHSA-N
SP_000102,AAZZVFONLHYNDZ-NVQRUNIKSA-J
SP_000102,ABBYYPGQJRBTGA-NESBLOORSA-N
SP_000102,ABCOOORLYAOBOZ-KQYNXXCUSA-N
SP_000102,ABFJWRKPWCFTQP-JKFVOKSPSA-N
SP_000102,ABFJWRKPWCFTQP-XSMLMOGHSA-N
SP_000102,ABIKEVIWOJTKQS-AARKOHAPSA-N
SP_000102,ABLZXFCXXLZCGV-UHFFFAOYSA-L
SP_000102,ABRHOUKZOUNSSK-FVEAQGRNSA-N
SP_000102,ABUKPIBHMMLQDI-RCOVLANCSA-N
SP_000102,ACGLCDJEASKGDO-JSYPMYMJSA-N
SP_000102,ACIVVGBVOVHFPQ-RPDRRWSUSA-N
SP_000102,ACLPCAOOWJUVLL-DZKYTWFZSA-N
SP_000102,ACLQSYLJAZRTAP-XAFBQJBNSA-N
SP_000102,ACSIRQPNAYTBRW-VZUYHUTRSA-N
SP_000102,ACTHNCRNFFCCAQ-PLKVWTDNSA-N
SP_000102,ACTHNCRNFFCCAQ-YNQDZHFMSA-N
SP_000102,ACZVSMNFVFBOTM-UHFFFAOYSA-N
SP_000102,ADCKHLSRWCXEIY-GGAPOBRUSA-N
SP_000102,ADHKIZQYPQGIRC-ACSKKKSPSA-N
SP_000102,ADHKIZQYPQGIRC-SOZVHHJESA-N
SP_000102,ADHNTNYEJYJUCU-ZSJFXSENSA-N
SP_000102,ADKNUXINKGBJMY-LDLOPFEMSA-N
SP_000102,ADMGMAPZAQUXIR-VRHMUEQPSA-N
SP_000102,ADNSYCXWAHUWTA-SYOMJGEJSA-N
SP_000102,ADSGHWJRPOXXTD-IHWYPQMZSA-M
SP_000102,ADYPMBBPSUQKED-VOLCNUBSSA-N
SP_000102,ADZPFIMEBZGRHB-ILJAMNOWSA-N
SP_000102,AEFNZGGBWOQYID-UHFFFAOYSA-N
SP_000102,AEIJGHDRIPTRQY-UBTAJKBJSA-N
SP_000102,AELFRHHZGTVYGJ-QMMMGPOBSA-N
SP_000102,AEMFNILZOJDQLW-QAGGRKNESA-N
SP_000102,AEMOLEFTQBMNLQ-AQKNRBDQSA-N
SP_000102,AERBNCYCJBRYDG-UHFFFAOYSA-N
SP_000102,AESBAQNLQIQXNK-BMFSGJJHSA-N
SP_000102,AETXDQTWHNBCRO-QLKFWGTOSA-N
SP_000102,AEWHYWSPVRZHCT-NDZSKPAWSA-N
SP_000103,AABKSFWWBUPVNY-NVCPWDGJSA-N
SP_000103,AAFBEFOSCLMOTF-KXBCQOCRSA-N
SP_000103,AAFBEFOSCLMOTF-RRPFJGJLSA-N
SP_000103,AANMVENRNJYEMK-UHFFFAOYSA-N
SP_000103,AANZTOSGIRNZNM-LNOKNGNPSA-N
SP_000103,AAPGXBRKBIUCMQ-GWHBCOKCSA-N
SP_000103,AAWNBEJOCRYVJE-QNGWXLTQSA-N
SP_000103,AAWZDTNXLSGCEK-UHFFFAOYSA-M
SP_000103,AAXMCYUUKFLUMJ-JSFHAIONSA-N
SP_000103,AAXMCYUUKFLUMJ-TWDRBPDCSA-N
SP_000103,AAXYAFFKOSNMEB-MHARETSRSA-N
SP_000103,AAZOMBJKSJQDHJ-ZBRBWIFHSA-N
SP_000103,AAZZVFONLHYNDZ-NVQRUNIKSA-J
SP_000103,ABBYYPGQJRBTGA-NESBLOORSA-N
SP_000103,ABCOOORLYAOBOZ-KQYNXXCUSA-N
SP_000103,ABFJWRKPWCFTQP-JKFVOKSPSA-N
SP_000103,ABFJWRKPWCFTQP-XSMLMOGHSA-N
SP_000103,ABIKEVIWOJTKQS-AARKOHAPSA-N
SP_000103,ABLZXFCXXLZCGV-UHFFFAOYSA-L
SP_000103,ABRHOUKZOUNSSK-FVEAQGRNSA-N
SP_000103,ABUKPIBHMMLQDI-RCOVLANCSA-N
SP_000103,ACGLCDJEASKGDO-JSYPMYMJSA-N
SP_000103,ACIVVGBVOVHFPQ-RPDRRWSUSA-N
SP_000103,ACLPCAOOWJUVLL-DZKYTWFZSA-N
SP_000103,ACLQSYLJAZRTAP-XAFBQJBNSA-N
SP_000103,ACSIRQPNAYTBRW-VZUYHUTRSA-N
SP_000103,ACTHNCRNFFCCAQ-PLKVWTDNSA-N
SP_000103,ACTHNCRNFFCCAQ-YNQDZHFMSA-N
SP_000103,ACWQBUSCFPJUPN-HYXAFXHYSA-N
SP_000103,ACZVSMNFVFBOTM-UHFFFAOYSA-N
SP_000103,ADCKHLSRWCXEIY-GGAPOBRUSA-N
SP_000103,ADHKIZQYPQGIRC-ACSKKKSPSA-N
SP_000103,ADHKIZQYPQGIRC-SOZVHHJESA-N
SP_000103,ADHNTNYEJYJUCU-ZSJFXSENSA-N
SP_000103,ADKNUXINKGBJMY-LDLOPFEMSA-N
SP_000103,ADMGMAPZAQUXIR-VRHMUEQPSA-N
SP_000103,ADNSYCXWAHUWTA-SYOMJGEJSA-N
SP_000103,ADSGHWJRPOXXTD-IHWYPQMZSA-M
SP_000103,ADYPMBBPSUQKED-VOLCNUBSSA-N
SP_000103,ADZPFIMEBZGRHB-ILJAMNOWSA-N
SP_000103,AEFNZGGBWOQYID-UHFFFAOYSA-N
SP_000103,AEIJGHDRIPTRQY-UBTAJKBJSA-N
SP_000103,AELFRHHZGTVYGJ-QMMMGPOBSA-N
SP_000103,AEMFNILZOJDQLW-QAGGRKNESA-N
SP_000103,AERBNCYCJBRYDG-UHFFFAOYSA-N
SP_000103,AESBAQNLQIQXNK-BMFSGJJHSA-N
SP_000103,AETXDQTWHNBCRO-QLKFWGTOSA-N
SP_000103,AEWHYWSPVRZHCT-NDZSKPAWSA-N
SP_000103,AEWHYWSPVRZHCT-UHFFFAOYSA-J
SP_000103,AEXNGRVFOMIYOW-ICFOKQHNSA-N
SP_000104,AABKSFWWBUPVNY-NVCPWDGJSA-N
SP_000104,AAFBEFOSCLMOTF-KXBCQOCRSA-N
SP_000104,AAFBEFOSCLMOTF-RRPFJGJLSA-N
SP_000104,AANMVENRNJYEMK-UHFFFAOYSA-N
SP_000104,AANZTOSGIRNZNM-LNOKNGNPSA-N
SP_000104,AAPGXBRKBIUCMQ-GWHBCOKCSA-N
SP_000104,AAWNBEJOCRYVJE-QNGWXLTQSA-N
SP_000104,AAWZDTNXLSGCEK-UHFFFAOYSA-M
SP_000104,AAWZDTNXLSGCEK-UHFFFAOYSA-N
SP_000104,AAXMCYUUKFLUMJ-JSFHAIONSA-N
SP_000104,AAXMCYUUKFLUMJ-TWDRBPDCSA-N
SP_000104,AAXYAFFKOSNMEB-MHARETSRSA-N
SP_000104,AAZOMBJKSJQDHJ-ZBRBWIFHSA-N
SP_000104,AAZZVFONLHYNDZ-NVQRUNIKSA-J
SP_000104,ABBYYPGQJRBTGA-NESBLOORSA-N
SP_000104,ABCOOORLYAOBOZ-KQYNXXCUSA-N
SP_000104,ABFJWRKPWCFTQP-JKFVOKSPSA-N
SP_000104,ABFJWRKPWCFTQP-XSMLMOGHSA-N
SP_000104,ABIKEVIWOJTKQS-AARKOHAPSA-N
SP_000104,ABLZXFCXXLZCGV-UHFFFAOYSA-L
SP_000104,ABRHOUKZOUNSSK-FVEAQGRNSA-N
SP_000104,ABUKPIBHMMLQDI-RCOVLANCSA-N
SP_000104,ABVCUBUIXWJYSE-UHFFFAOYSA-O
SP_000104,ACGLCDJEASKGDO-JSYPMYMJSA-N
SP_000104,ACIVVGBVOVHFPQ-RPDRRWSUSA-N
SP_000104,ACLPCAOOWJUVLL-DZKYTWFZSA-N
SP_000104,ACLQSYLJAZRTAP-XAFBQJBNSA-N
SP_000104,ACSIRQPNAYTBRW-VZUYHUTRSA-N
SP_000104,ACTHNCRNFFCCAQ-PLKVWTDNSA-N
SP_000104,ACTHNCRNFFCCAQ-YNQDZHFMSA-N
SP_000104,ACZVSMNFVFBOTM-UHFFFAOYSA-N
SP_000104,ADCKHLSRWCXEIY-GGAPOBRUSA-N
SP_000104,ADHKIZQYPQGIRC-ACSKKKSPSA-N
SP_000104,ADHKIZQYPQGIRC-SOZVHHJESA-N
SP_000104,ADHNTNYEJYJUCU-ZSJFXSENSA-N
SP_000104,ADKNUXINKGBJMY-LDLOPFEMSA-N
SP_000104,ADMGMAPZAQUXIR-VRHMUEQPSA-N
SP_000104,ADNSYCXWAHUWTA-SYOMJGEJSA-N
SP_000104,ADSGHWJRPOXXTD-IHWYPQMZSA-M
SP_000104,ADYPMBBPSUQKED-VOLCNUBSSA-N
SP_000104,ADZPFIMEBZGRHB-ILJAMNOWSA-N
SP_000104,AEFNZGGBWOQYID-UHFFFAOYSA-N
SP_000104,AEIJGHDRIPTRQY-UBTAJKBJSA-N
SP_000104,AELFRHHZGTVYGJ-QMMMGPOBSA-N
SP_000104,AEMFNILZOJDQLW-QAGGRKNESA-N
SP_000104,AERBNCYCJBRYDG-UHFFFAOYSA-N
SP_000104,AESBAQNLQIQXNK-BMFSGJJHSA-N
SP_000104,AETXDQTWHNBCRO-QLKFWGTOSA-N
SP_000104,AEWHYWSPVRZHCT-NDZSKPAWSA-N
SP_000104,AEWHYWSPVRZHCT-UHFFFAOYSA-J
SP_000105,AABKSFWWBUPVNY-NVCPWDGJSA-N
SP_000105,AAFBEFOSCLMOTF-KXBCQOCRSA-N
SP_000105,AAFBEFOSCLMOTF-RRPFJGJLSA-N
SP_000105,AANMVENRNJYEMK-UHFFFAOYSA-N
SP_000105,AANZTOSGIRNZNM-LNOKNGNPSA-N
SP_000105,AAPGXBRKBIUCMQ-GWHBCOKCSA-N
SP_000105,AAWNBEJOCRYVJE-QNGWXLTQSA-N
SP_000105,AAWZDTNXLSGCEK-UHFFFAOYSA-M
SP_000105,AAWZDTNXLSGCEK-UHFFFAOYSA-N
SP_000105,AAXMCYUUKFLUMJ-JSFHAIONSA-N
SP_000105,AAXMCYUUKFLUMJ-TWDRBPDCSA-N
SP_000105,AAXYAFFKOSNMEB-MHARETSRSA-N
SP_000105,AAZOMBJKSJQDHJ-ZBRBWIFHSA-N
SP_000105,AAZZVFONLHYNDZ-NVQRUNIKSA-J
SP_000105,ABBYYPGQJRBTGA-NESBLOORSA-N
SP_000105,ABCOOORLYAOBOZ-KQYNXXCUSA-N
SP_000105,ABFJWRKPWCFTQP-JKFVOKSPSA-N
SP_000105,ABFJWRKPWCFTQP-XSMLMOGHSA-N
SP_000105,ABIKEVIWOJTKQS-AARKOHAPSA-N
SP_000105,ABLZXFCXXLZCGV-UHFFFAOYSA-L
SP_000105,ABRHOUKZOUNSSK-FVEAQGRNSA-N
SP_000105,ABUKPIBHMMLQDI-RCOVLANCSA-N
SP_000105,ACGLCDJEASKGDO-JSYPMYMJSA-N
SP_000105,ACIVVGBVOVHFPQ-RPDRRWSUSA-N
SP_000105,ACLPCAOOWJUVLL-DZKYTWFZSA-N
SP_000105,ACLQSYLJAZRTAP-XAFBQJBNSA-N
SP_000105,ACSIRQPNAYTBRW-VZUYHUTRSA-N
SP_000105,ACTHNCRNFFCCAQ-PLKVWTDNSA-N
SP_000105,ACTHNCRNFFCCAQ-YNQDZHFMSA-N
SP_000105,ACZVSMNFVFBOTM-UHFFFAOYSA-N
SP_000105,ADCKHLSRWCXEIY-GGAPOBRUSA-N
SP_000105,ADHKIZQYPQGIRC-ACSKKKSPSA-N
SP_000105,ADHKIZQYPQGIRC-SOZVHHJESA-N
SP_000105,ADHNTNYEJYJUCU-ZSJFXSENSA-N
SP_000105,ADKNUXINKGBJMY-LDLOPFEMSA-N
SP_000105,ADMGMAPZAQUXIR-VRHMUEQPSA-N
SP_000105,ADNSYCXWAHUWTA-SYOMJGEJSA-N
SP_000105,ADSGHWJRPOXXTD-IHWYPQMZSA-M
SP_000105,ADYPMBBPSUQKED-VOLCNUBSSA-N
SP_000105,ADZPFIMEBZGRHB-ILJAMNOWSA-N
SP_000105,AEFNZGGBWOQYID-UHFFFAOYSA-N
SP_000105,AEIJGHDRIPTRQY-UBTAJKBJSA-N
SP_000105,AELFRHHZGTVYGJ-QMMMGPOBSA-N
SP_000105,AEMFNILZOJDQLW-QAGGRKNESA-N
SP_000105,AERBNCYCJBRYDG-UHFFFAOYSA-N
SP_000105,AESBAQNLQIQXNK-BMFSGJJHSA-N
SP_000105,AETXDQTWHNBCRO-QLKFWGTOSA-N
SP_000105,AEWHYWSPVRZHCT-NDZSKPAWSA-N
SP_000105,AEWHYWSPVRZHCT-UHFFFAOYSA-J
SP_000105,AEXNGRVFOMIYOW-ICFOKQHNSA-N
SP_000106,AABKSFWWBUPVNY-NVCPWDGJSA-N
SP_000106,AAFBEFOSCLMOTF-KXBCQOCRSA-N
SP_000106,AAFBEFOSCLMOTF-RRPFJGJLSA-N
SP_000106,AANMVENRNJYEMK-UHFFFAOYSA-N
SP_000106,AANZTOSGIRNZNM-LNOKNGNPSA-N
SP_000106,AAPGXBRKBIUCMQ-GWHBCOKCSA-N
SP_000106,AAWNBEJOCRYVJE-QNGWXLTQSA-N
SP_000106,AAWZDTNXLSGCEK-UHFFFAOYSA-M
SP_000106,AAXMCYUUKFLUMJ-JSFHAIONSA-N
SP_000106,AAXMCYUUKFLUMJ-TWDRBPDCSA-N
SP_000106,AAXYAFFKOSNMEB-MHARETSRSA-N
SP_000106,AAZOMBJKSJQDHJ-ZBRBWIFHSA-N
SP_000106,AAZZVFONLHYNDZ-NVQRUNIKSA-J
SP_000106,ABBYYPGQJRBTGA-NESBLOORSA-N
SP_000106,ABCOOORLYAOBOZ-KQYNXXCUSA-N
SP_000106,ABFJWRKPWCFTQP-JKFVOKSPSA-N
SP_000106,ABFJWRKPWCFTQP-XSMLMOGHSA-N
SP_000106,ABHFLYVGOLPRKB-GXKMNUNHSA-O
SP_000106,ABIKEVIWOJTKQS-AARKOHAPSA-N
SP_000106,ABLZXFCXXLZCGV-UHFFFAOYSA-L
SP_000106,ABRHOUKZOUNSSK-FVEAQGRNSA-N
SP_000106,ABTNJGAZZKYLLD-UHFFFAOYSA-N
SP_000106,ABUKPIBHMMLQDI-RCOVLANCSA-N
SP_000106,ACGLCDJEASKGDO-JSYPMYMJSA-N
SP_000106,ACIVVGBVOVHFPQ-RPDRRWSUSA-N
SP_000106,ACLPCAOOWJUVLL-DZKYTWFZSA-N
SP_000106,ACLQSYLJAZRTAP-XAFBQJBNSA-N
SP_000106,ACSIRQPNAYTBRW-VZUYHUTRSA-N
SP_000106,ACTHNCRNFFCCAQ-PLKVWTDNSA-N
SP_000106,ACTHNCRNFFCCAQ-YNQDZHFMSA-N
SP_000106,ACZVSMNFVFBOTM-UHFFFAOYSA-N
SP_000106,ADCKHLSRWCXEIY-GGAPOBRUSA-N
SP_000106,ADHKIZQYPQGIRC-ACSKKKSPSA-N
SP_000106,ADHKIZQYPQGIRC-SOZVHHJESA-N
SP_000106,ADHNTNYEJYJUCU-ZSJFXSENSA-N
SP_000106,ADKNUXINKGBJMY-LDLOPFEMSA-N
SP_000106,ADMGMAPZAQUXIR-VRHMUEQPSA-N
SP_000106,ADNSYCXWAHUWTA-SYOMJGEJSA-N
SP_000106,ADSGHWJRPOXXTD-IHWYPQMZSA-M
SP_000106,ADYPMBBPSUQKED-VOLCNUBSSA-N
SP_000106,ADZPFIMEBZGRHB-ILJAMNOWSA-N
SP_000106,AEFNZGGBWOQYID-UHFFFAOYSA-N
SP_000106,AEIJGHDRIPTRQY-UBTAJKBJSA-N
SP_000106,AELFRHHZGTVYGJ-QMMMGPOBSA-N
SP_000106,AEMFNILZOJDQLW-QAGGRKNESA-N
SP_000106,AERBNCYCJBRYDG-UHFFFAOYSA-N
SP_000106,AESBAQNLQIQXNK-BMFSGJJHSA-N
SP_000106,AETXDQTWHNBCRO-QLKFWGTOSA-N
SP_000106,AEWHYWSPVRZHCT-NDZSKPAWSA-N
SP_000106,AEWHYWSPVRZHCT-UHFFFAOYSA-J
SP_000107,AABKSFWWBUPVNY-NVCPWDGJSA-N
SP_000107,AAFBEFOSCLMOTF-KXBCQOCRSA-N
SP_000107,AAFBEFOSCLMOTF-RRPFJGJLSA-N
SP_000107,AANMVENRNJYEMK-UHFFFAOYSA-N
SP_000107,AANZTOSGIRNZNM-LNOKNGNPSA-N
SP_000107,AAPGXBRKBIUCMQ-GWHBCOKCSA-N
SP_000107,AAWNBEJOCRYVJE-QNGWXLTQSA-N
SP_000107,AAWZDTNXLSGCEK-UHFFFAOYSA-M
SP_000107,AAWZDTNXLSGCEK-UHFFFAOYSA-N
SP_000107,AAXMCYUUKFLUMJ-JSFHAIONSA-N
SP_000107,AAXMCYUUKFLUMJ-TWDRBPDCSA-N
SP_000107,AAXYAFFKOSNMEB-MHARETSRSA-N
SP_000107,AAZOMBJKSJQDHJ-ZBRBWIFHSA-N
SP_000107,AAZZVFONLHYNDZ-NVQRUNIKSA-J
SP_000107,ABBYYPGQJRBTGA-NESBLOORSA-N
SP_000107,ABCOOORLYAOBOZ-KQYNXXCUSA-N
SP_000107,ABFJWRKPWCFTQP-JKFVOKSPSA-N
SP_000107,ABFJWRKPWCFTQP-XSMLMOGHSA-N
SP_000107,ABIKEVIWOJTKQS-AARKOHAPSA-N
SP_000107,ABLZXFCXXLZCGV-UHFFFAOYSA-L
SP_000107,ABRHOUKZOUNSSK-FVEAQGRNSA-N
SP_000107,ABUKPIBHMMLQDI-RCOVLANCSA-N
SP_000107,ABVCUBUIXWJYSE-UHFFFAOYSA-O
SP_000107,ACGLCDJEASKGDO-JSYPMYMJSA-N
SP_000107,ACIVVGBVOVHFPQ-RPDRRWSUSA-N
SP_000107,ACLPCAOOWJUVLL-DZKYTWFZSA-N
SP_000107,ACLQSYLJAZRTAP-XAFBQJBNSA-N
SP_000107,ACSIRQPNAYTBRW-VZUYHUTRSA-N
SP_000107,ACTHNCRNFFCCAQ-PLKVWTDNSA-N
SP_000107,ACTHNCRNFFCCAQ-YNQDZHFMSA-N
SP_000107,ACZVSMNFVFBOTM-UHFFFAOYSA-N
SP_000107,ADCKHLSRWCXEIY-GGAPOBRUSA-N
SP_000107,ADHKIZQYPQGIRC-ACSKKKSPSA-N
SP_000107,ADHKIZQYPQGIRC-SOZVHHJESA-N
SP_000107,ADHNTNYEJYJUCU-ZSJFXSENSA-N
SP_000107,ADKNUXINKGBJMY-LDLOPFEMSA-N
SP_000107,ADMGMAPZAQUXIR-VRHMUEQPSA-N
SP_000107,ADNSYCXWAHUWTA-SYOMJGEJSA-N
SP_000107,ADSGHWJRPOXXTD-IHWYPQMZSA-M
SP_000107,ADYPMBBPSUQKED-VOLCNUBSSA-N
SP_000107,ADZPFIMEBZGRHB-ILJAMNOWSA-N
SP_000107,AEFNZGGBWOQYID-UHFFFAOYSA-N
SP_000107,AEIJGHDRIPTRQY-UBTAJKBJSA-N
SP_000107,AELFRHHZGTVYGJ-QMMMGPOBSA-N
SP_000107,AEMFNILZOJDQLW-QAGGRKNESA-N
SP_000107,AERBNCYCJBRYDG-UHFFFAOYSA-N
SP_000107,AESBAQNLQIQXNK-BMFSGJJHSA-N
SP_000107,AETXDQTWHNBCRO-QLKFWGTOSA-N
SP_000107,AEWHYWSPVRZHCT-NDZSKPAWSA-N
SP_000107,AEWHYWSPVRZHCT-UHFFFAOYSA-J
SP_000108,AABKSFWWBUPVNY-NVCPWDGJSA-N
SP_000108,AAFBEFOSCLMOTF-KXBCQOCRSA-N
SP_000108,AAFBEFOSCLMOTF-RRPFJGJLSA-N
SP_000108,AANMVENRNJYEMK-UHFFFAOYSA-N
SP_000108,AANZTOSGIRNZNM-LNOKNGNPSA-N
SP_000108,AAPGXBRKBIUCMQ-GWHBCOKCSA-N
SP_000108,AAWNBEJOCRYVJE-QNGWXLTQSA-N
SP_000108,AAWZDTNXLSGCEK-UHFFFAOYSA-M
SP_000108,AAXMCYUUKFLUMJ-JSFHAIONSA-N
SP_000108,AAXMCYUUKFLUMJ-TWDRBPDCSA-N
SP_000108,AAXYAFFKOSNMEB-MHARETSRSA-N
SP_000108,AAZOMBJKSJQDHJ-ZBRBWIFHSA-N
SP_000108,AAZZVFONLHYNDZ-NVQRUNIKSA-J
SP_000108,ABBYYPGQJRBTGA-NESBLOORSA-N
SP_000108,ABCOOORLYAOBOZ-KQYNXXCUSA-N
SP_000108,ABFJWRKPWCFTQP-JKFVOKSPSA-N
SP_000108,ABFJWRKPWCFTQP-XSMLMOGHSA-N
SP_000108,ABIKEVIWOJTKQS-AARKOHAPSA-N
SP_000108,ABLZXFCXXLZCGV-UHFFFAOYSA-L
SP_000108,ABRHOUKZOUNSSK-FVEAQGRNSA-N
SP_000108,ABUKPIBHMMLQDI-RCOVLANCSA-N
SP_000108,ABVCUBUIXWJYSE-UHFFFAOYSA-O
SP_000108,ACGLCDJEASKGDO-JSYPMYMJSA-N
SP_000108,ACIVVGBVOVHFPQ-RPDRRWSUSA-N
SP_000108,ACLPCAOOWJUVLL-DZKYTWFZSA-N
SP_000108,ACLQSYLJAZRTAP-XAFBQJBNSA-N
SP_000108,ACSIRQPNAYTBRW-VZUYHUTRSA-N
SP_000108,ACTHNCRNFFCCAQ-PLKVWTDNSA-N
SP_000108,ACTHNCRNFFCCAQ-YNQDZHFMSA-N
SP_000108,ACZVSMNFVFBOTM-UHFFFAOYSA-N
SP_000108,ADCKHLSRWCXEIY-GGAPOBRUSA-N
SP_000108,ADHKIZQYPQGIRC-ACSKKKSPSA-N
SP_000108,ADHKIZQYPQGIRC-SOZVHHJESA-N
SP_000108,ADHNTNYEJYJUCU-ZSJFXSENSA-N
SP_000108,ADKNUXINKGBJMY-LDLOPFEMSA-N
SP_000108,ADMGMAPZAQUXIR-VRHMUEQPSA-N
SP_000108,ADNSYCXWAHUWTA-SYOMJGEJSA-N
SP_000108,ADSGHWJRPOXXTD-IHWYPQMZSA-M
SP_000108,ADYPMBBPSUQKED-VOLCNUBSSA-N
SP_000108,ADZPFIMEBZGRHB-ILJAMNOWSA-N
SP_000108,AEFNZGGBWOQYID-UHFFFAOYSA-N
SP_000108,AEIJGHDRIPTRQY-UBTAJKBJSA-N
SP_000108,AELFRHHZGTVYGJ-QMMMGPOBSA-N
SP_000108,AEMFNILZOJDQLW-QAGGRKNESA-N
SP_000108,AERBNCYCJBRYDG-UHFFFAOYSA-N
SP_000108,AESBAQNLQIQXNK-BMFSGJJHSA-N
SP_000108,AETXDQTWHNBCRO-QLKFWGTOSA-N
SP_000108,AEWHYWSPVRZHCT-NDZSKPAWSA-N
SP_000108,AEWHYWSPVRZHCT-UHFFFAOYSA-J
SP_000108,AEXNGRVFOMIYOW-ICFOKQHNSA-N
SP_000109,AABKSFWWBUPVNY-NVCPWDGJSA-N
SP_000109,AAFBEFOSCLMOTF-KXBCQOCRSA-N
SP_000109,AAFBEFOSCLMOTF-RRPFJGJLSA-N
SP_000109,AANMVENRNJYEMK-UHFFFAOYSA-N
SP_000109,AANZTOSGIRNZNM-LNOKNGNPSA-N
SP_000109,AAPGXBRKBIUCMQ-GWHBCOKCSA-N
SP_000109,AAWNBEJOCRYVJE-QNGWXLTQSA-N
SP_000109,AAWZDTNXLSGCEK-UHFFFAOYSA-M
SP_000109,AAWZDTNXLSGCEK-UHFFFAOYSA-N
SP_000109,AAXMCYUUKFLUMJ-JSFHAIONSA-N
SP_000109,AAXMCYUUKFLUMJ-TWDRBPDCSA-N
SP_000109,AAXYAFFKOSNMEB-MHARETSRSA-N
SP_000109,AAZOMBJKSJQDHJ-ZBRBWIFHSA-N
SP_000109,AAZZVFONLHYNDZ-NVQRUNIKSA-J
SP_000109,ABBYYPGQJRBTGA-NESBLOORSA-N
SP_000109,ABCOOORLYAOBOZ-KQYNXXCUSA-N
SP_000109,ABFJWRKPWCFTQP-JKFVOKSPSA-N
SP_000109,ABFJWRKPWCFTQP-XSMLMOGHSA-N
SP_000109,ABIKEVIWOJTKQS-AARKOHAPSA-N
SP_000109,ABLZXFCXXLZCGV-UHFFFAOYSA-L
SP_000109,ABRHOUKZOUNSSK-FVEAQGRNSA-N
SP_000109,ABUKPIBHMMLQDI-RCOVLANCSA-N
SP_000109,ABVCUBUIXWJYSE-UHFFFAOYSA-O
SP_000109,ACGLCDJEASKGDO-JSYPMYMJSA-N
SP_000109,ACIVVGBVOVHFPQ-RPDRRWSUSA-N
SP_000109,ACLPCAOOWJUVLL-DZKYTWFZSA-N
SP_000109,ACLQSYLJAZRTAP-XAFBQJBNSA-N
SP_000109,ACSIRQPNAYTBRW-VZUYHUTRSA-N
SP_000109,ACTHNCRNFFCCAQ-PLKVWTDNSA-N
SP_000109,ACTHNCRNFFCCAQ-YNQDZHFMSA-N
SP_000109,ACZVSMNFVFBOTM-UHFFFAOYSA-N
SP_000109,ADCKHLSRWCXEIY-GGAPOBRUSA-N
SP_000109,ADHKIZQYPQGIRC-ACSKKKSPSA-N
SP_000109,ADHKIZQYPQGIRC-SOZVHHJESA-N
SP_000109,ADHNTNYEJYJUCU-ZSJFXSENSA-N
SP_000109,ADKNUXINKGBJMY-LDLOPFEMSA-N
SP_000109,ADMGMAPZAQUXIR-VRHMUEQPSA-N
SP_000109,ADNSYCXWAHUWTA-SYOMJGEJSA-N
SP_000109,ADSGHWJRPOXXTD-IHWYPQMZSA-M
SP_000109,ADYPMBBPSUQKED-VOLCNUBSSA-N
SP_000109,ADZPFIMEBZGRHB-ILJAMNOWSA-N
SP_000109,AEFNZGGBWOQYID-UHFFFAOYSA-N
SP_000109,AEIJGHDRIPTRQY-UBTAJKBJSA-N
SP_000109,AELFRHHZGTVYGJ-QMMMGPOBSA-N
SP_000109,AEMFNILZOJDQLW-QAGGRKNESA-N
SP_000109,AERBNCYCJBRYDG-UHFFFAOYSA-N
SP_000109,AESBAQNLQIQXNK-BMFSGJJHSA-N
SP_000109,AETXDQTWHNBCRO-QLKFWGTOSA-N
SP_000109,AEWHYWSPVRZHCT-NDZSKPAWSA-N
SP_000109,AEWHYWSPVRZHCT-UHFFFAOYSA-J
SP_000110,AABKSFWWBUPVNY-NVCPWDGJSA-N
SP_000110,AAFBEFOSCLMOTF-KXBCQOCRSA-N
SP_000110,AAFBEFOSCLMOTF-RRPFJGJLSA-N
SP_000110,AANMVENRNJYEMK-UHFFFAOYSA-N
SP_000110,AANZTOSGIRNZNM-LNOKNGNPSA-N
SP_000110,AAPGXBRKBIUCMQ-GWHBCOKCSA-N
SP_000110,AAWNBEJOCRYVJE-QNGWXLTQSA-N
SP_000110,AAWZDTNXLSGCEK-UHFFFAOYSA-M
SP_000110,AAXMCYUUKFLUMJ-JSFHAIONSA-N
SP_000110,AAXMCYUUKFLUMJ-TWDRBPDCSA-N
SP_000110,AAXYAFFKOSNMEB-MHARETSRSA-N
SP_000110,AAZOMBJKSJQDHJ-ZBRBWIFHSA-N
SP_000110,AAZZVFONLHYNDZ-NVQRUNIKSA-J
SP_000110,ABBYYPGQJRBTGA-NESBLOORSA-N
SP_000110,ABCOOORLYAOBOZ-KQYNXXCUSA-N
SP_000110,ABFJWRKPWCFTQP-JKFVOKSPSA-N
SP_000110,ABFJWRKPWCFTQP-XSMLMOGHSA-N
SP_000110,ABIKEVIWOJTKQS-AARKOHAPSA-N
SP_000110,ABLZXFCXXLZCGV-UHFFFAOYSA-L
SP_000110,ABRHOUKZOUNSSK-FVEAQGRNSA-N
SP_000110,ABUKPIBHMMLQDI-RCOVLANCSA-N
SP_000110,ACGLCDJEASKGDO-JSYPMYMJSA-N
SP_000110,ACIVVGBVOVHFPQ-RPDRRWSUSA-N
SP_000110,ACLPCAOOWJUVLL-DZKYTWFZSA-N
SP_000110,ACLQSYLJAZRTAP-XAFBQJBNSA-N
SP_000110,ACSIRQPNAYTBRW-VZUYHUTRSA-N
SP_000110,ACTHNCRNFFCCAQ-PLKVWTDNSA-N
SP_000110,ACTHNCRNFFCCAQ-YNQDZHFMSA-N
SP_000110,ACZVSMNFVFBOTM-UHFFFAOYSA-N
SP_000110,ADCKHLSRWCXEIY-GGAPOBRUSA-N
SP_000110,ADHKIZQYPQGIRC-ACSKKKSPSA-N
SP_000110,ADHKIZQYPQGIRC-SOZVHHJESA-N
SP_000110,ADHNTNYEJYJUCU-ZSJFXSENSA-N
SP_000110,ADKNUXINKGBJMY-LDLOPFEMSA-N
SP_000110,ADMGMAPZAQUXIR-VRHMUEQPSA-N
SP_000110,ADNSYCXWAHUWTA-SYOMJGEJSA-N
SP_000110,ADSGHWJRPOXXTD-IHWYPQMZSA-M
SP_000110,ADYPMBBPSUQKED-VOLCNUBSSA-N
SP_000110,ADZPFIMEBZGRHB-ILJAMNOWSA-N
SP_000110,AEFNZGGBWOQYID-UHFFFAOYSA-N
SP_000110,AEIJGHDRIPTRQY-UBTAJKBJSA-N
SP_000110,AELFRHHZGTVYGJ-QMMMGPOBSA-N
SP_000110,AEMFNILZOJDQLW-QAGGRKNESA-N
SP_000110,AERBNCYCJBRYDG-UHFFFAOYSA-N
SP_000110,AESBAQNLQIQXNK-BMFSGJJHSA-N
SP_000110,AETXDQTWHNBCRO-QLKFWGTOSA-N
SP_000110,AEWHYWSPVRZHCT-NDZSKPAWSA-N
SP_000110,AEWHYWSPVRZHCT-UHFFFAOYSA-J
SP_000110,AEXNGRVFOMIYOW-ICFOKQHNSA-N
SP_000110,AFFQVAIMWFYJJS-DTHFMEMVSA-N
SP_000111,AABKSFWWBUPVNY-NVCPWDGJSA-N
SP_000111,AAFBEFOSCLMOTF-KXBCQOCRSA-N
SP_000111,AAFBEFOSCLMOTF-RRPFJGJLSA-N
SP_000111,AANMVENRNJYEMK-UHFFFAOYSA-N
SP_000111,AANZTOSGIRNZNM-LNOKNGNPSA-N
SP_000111,AAPGXBRKBIUCMQ-GWHBCOKCSA-N
SP_000111,AAWNBEJOCRYVJE-QNGWXLTQSA-N
SP_000111,AAWZDTNXLSGCEK-UHFFFAOYSA-M
SP_000111,AAXMCYUUKFLUMJ-JSFHAIONSA-N
SP_000111,AAXMCYUUKFLUMJ-TWDRBPDCSA-N
SP_000111,AAXYAFFKOSNMEB-MHARETSRSA-N
SP_000111,AAZOMBJKSJQDHJ-ZBRBWIFHSA-N
SP_000111,AAZZVFONLHYNDZ-NVQRUNIKSA-J
SP_000111,ABBYYPGQJRBTGA-NESBLOORSA-N
SP_000111,ABCOOORLYAOBOZ-KQYNXXCUSA-N
SP_000111,ABFJWRKPWCFTQP-JKFVOKSPSA-N
SP_000111,ABFJWRKPWCFTQP-XSMLMOGHSA-N
SP_000111,ABIKEVIWOJTKQS-AARKOHAPSA-N
SP_000111,ABLZXFCXXLZCGV-UHFFFAOYSA-L
SP_000111,ABRHOUKZOUNSSK-FVEAQGRNSA-N
SP_000111,ABUKPIBHMMLQDI-RCOVLANCSA-N
SP_000111,ACGLCDJEASKGDO-JSYPMYMJSA-N
SP_000111,ACIVVGBVOVHFPQ-RPDRRWSUSA-N
SP_000111,ACLPCAOOWJUVLL-DZKYTWFZSA-N
SP_000111,ACLQSYLJAZRTAP-XAFBQJBNSA-N
SP_000111,ACSIRQPNAYTBRW-VZUYHUTRSA-N
SP_000111,ACTHNCRNFFCCAQ-PLKVWTDNSA-N
SP_000111,ACTHNCRNFFCCAQ-YNQDZHFMSA-N
SP_000111,ACZVSMNFVFBOTM-UHFFFAOYSA-N
SP_000111,ADCKHLSRWCXEIY-GGAPOBRUSA-N
SP_000111,ADHKIZQYPQGIRC-ACSKKKSPSA-N
SP_000111,ADHKIZQYPQGIRC-SOZVHHJESA-N
SP_000111,ADHNTNYEJYJUCU-ZSJFXSENSA-N
SP_000111,ADKNUXINKGBJMY-LDLOPFEMSA-N
SP_000111,ADMGMAPZAQUXIR-VRHMUEQPSA-N
SP_000111,ADNSYCXWAHUWTA-SYOMJGEJSA-N
SP_000111,ADSGHWJRPOXXTD-IHWYPQMZSA-M
SP_000111,ADYPMBBPSUQKED-VOLCNUBSSA-N
SP_000111,ADZPFIMEBZGRHB-ILJAMNOWSA-N
SP_000111,AEFNZGGBWOQYID-UHFFFAOYSA-N
SP_000111,AEIJGHDRIPTRQY-UBTAJKBJSA-N
SP_000111,AELFRHHZGTVYGJ-QMMMGPOBSA-N
SP_000111,AEMFNILZOJDQLW-QAGGRKNESA-N
SP_000111,AERBNCYCJBRYDG-UHFFFAOYSA-N
SP_000111,AESBAQNLQIQXNK-BMFSGJJHSA-N
SP_000111,AETXDQTWHNBCRO-QLKFWGTOSA-N
SP_000111,AEWHYWSPVRZHCT-NDZSKPAWSA-N
SP_000111,AEWHYWSPVRZHCT-UHFFFAOYSA-J
SP_000111,AEXNGRVFOMIYOW-ICFOKQHNSA-N
SP_000111,AFFQVAIMWFYJJS-DTHFMEMVSA-N
SP_000112,AABKSFWWBUPVNY-NVCPWDGJSA-N
SP_000112,AAFBEFOSCLMOTF-KXBCQOCRSA-N
SP_000112,AAFBEFOSCLMOTF-RRPFJGJLSA-N
SP_000112,AANMVENRNJYEMK-UHFFFAOYSA-N
SP_000112,AANZTOSGIRNZNM-LNOKNGNPSA-N
SP_000112,AAPGXBRKBIUCMQ-GWHBCOKCSA-N
SP_000112,AAWNBEJOCRYVJE-QNGWXLTQSA-N
SP_000112,AAWZDTNXLSGCEK-UHFFFAOYSA-M
SP_000112,AAXMCYUUKFLUMJ-JSFHAIONSA-N
SP_000112,AAXMCYUUKFLUMJ-TWDRBPDCSA-N
SP_000112,AAXYAFFKOSNMEB-MHARETSRSA-N
SP_000112,AAZOMBJKSJQDHJ-ZBRBWIFHSA-N
SP_000112,AAZZVFONLHYNDZ-NVQRUNIKSA-J
SP_000112,ABBYYPGQJRBTGA-NESBLOORSA-N
SP_000112,ABCOOORLYAOBOZ-KQYNXXCUSA-N
SP_000112,ABFJWRKPWCFTQP-JKFVOKSPSA-N
SP_000112,ABFJWRKPWCFTQP-XSMLMOGHSA-N
SP_000112,ABIKEVIWOJTKQS-AARKOHAPSA-N
SP_000112,ABLZXFCXXLZCGV-UHFFFAOYSA-L
SP_000112,ABRHOUKZOUNSSK-FVEAQGRNSA-N
SP_000112,ABUKPIBHMMLQDI-RCOVLANCSA-N
SP_000112,ABVCUBUIXWJYSE-UHFFFAOYSA-O
SP_000112,ACGLCDJEASKGDO-JSYPMYMJSA-N
SP_000112,ACIVVGBVOVHFPQ-RPDRRWSUSA-N
SP_000112,ACLPCAOOWJUVLL-DZKYTWFZSA-N
SP_000112,ACLQSYLJAZRTAP-XAFBQJBNSA-N
SP_000112,ACSIRQPNAYTBRW-VZUYHUTRSA-N
SP_000112,ACTHNCRNFFCCAQ-PLKVWTDNSA-N
SP_000112,ACTHNCRNFFCCAQ-YNQDZHFMSA-N
SP_000112,ACZVSMNFVFBOTM-UHFFFAOYSA-N
SP_000112,ADACAMXIRQREOB-UHFFFAOYSA-N
SP_000112,ADCKHLSRWCXEIY-GGAPOBRUSA-N
SP_000112,ADHKIZQYPQGIRC-ACSKKKSPSA-N
SP_000112,ADHKIZQYPQGIRC-SOZVHHJESA-N
SP_000112,ADHNTNYEJYJUCU-ZSJFXSENSA-N
SP_000112,ADKNUXINKGBJMY-LDLOPFEMSA-N
SP_000112,ADMGMAPZAQUXIR-VRHMUEQPSA-N
SP_000112,ADNSYCXWAHUWTA-SYOMJGEJSA-N
SP_000112,ADSGHWJRPOXXTD-IHWYPQMZSA-M
SP_000112,ADYPMBBPSUQKED-VOLCNUBSSA-N
SP_000112,ADZPFIMEBZGRHB-ILJAMNOWSA-N
SP_000112,AEFNZGGBWOQYID-UHFFFAOYSA-N
SP_000112,AEIJGHDRIPTRQY-UBTAJKBJSA-N
SP_000112,AELFRHHZGTVYGJ-QMMMGPOBSA-N
SP_000112,AEMFNILZOJDQLW-QAGGRKNESA-N
SP_000112,AERBNCYCJBRYDG-UHFFFAOYSA-N
SP_000112,AESBAQNLQIQXNK-BMFSGJJHSA-N
SP_000112,AETXDQTWHNBCRO-QLKFWGTOSA-N
SP_000112,AEWHYWSPVRZHCT-NDZSKPAWSA-N
SP_000112,AEWHYWSPVRZHCT-UHFFFAOYSA-J
SP_000113,AABKSFWWBUPVNY-NVCPWDGJSA-N
SP_000113,AAFBEFOSCLMOTF-KXBCQOCRSA-N
SP_000113,AAFBEFOSCLMOTF-RRPFJGJLSA-N
SP_000113,AANMVENRNJYEMK-UHFFFAOYSA-N
SP_000113,AANZTOSGIRNZNM-LNOKNGNPSA-N
SP_000113,AAPGXBRKBIUCMQ-GWHBCOKCSA-N
SP_000113,AAWNBEJOCRYVJE-QNGWXLTQSA-N
SP_000113,AAWZDTNXLSGCEK-UHFFFAOYSA-M
SP_000113,AAXMCYUUKFLUMJ-JSFHAIONSA-N
SP_000113,AAXMCYUUKFLUMJ-TWDRBPDCSA-N
SP_000113,AAXYAFFKOSNMEB-MHARETSRSA-N
SP_000113,AAZOMBJKSJQDHJ-ZBRBWIFHSA-N
SP_000113,AAZZVFONLHYNDZ-NVQRUNIKSA-J
SP_000113,ABBYYPGQJRBTGA-NESBLOORSA-N
SP_000113,ABCOOORLYAOBOZ-KQYNXXCUSA-N
SP_000113,ABFJWRKPWCFTQP-JKFVOKSPSA-N
SP_000113,ABFJWRKPWCFTQP-XSMLMOGHSA-N
SP_000113,ABIKEVIWOJTKQS-AARKOHAPSA-N
SP_000113,ABLZXFCXXLZCGV-UHFFFAOYSA-L
SP_000113,ABRHOUKZOUNSSK-FVEAQGRNSA-N
SP_000113,ABUKPIBHMMLQDI-RCOVLANCSA-N
SP_000113,ACGLCDJEASKGDO-JSYPMYMJSA-N
SP_000113,ACIVVGBVOVHFPQ-RPDRRWSUSA-N
SP_000113,ACLPCAOOWJUVLL-DZKYTWFZSA-N
SP_000113,ACLQSYLJAZRTAP-XAFBQJBNSA-N
SP_000113,ACSIRQPNAYTBRW-VZUYHUTRSA-N
SP_000113,ACTHNCRNFFCCAQ-PLKVWTDNSA-N
SP_000113,ACTHNCRNFFCCAQ-YNQDZHFMSA-N
SP_000113,ACZVSMNFVFBOTM-UHFFFAOYSA-N
SP_000113,ADCKHLSRWCXEIY-GGAPOBRUSA-N
SP_000113,ADHKIZQYPQGIRC-ACSKKKSPSA-N
SP_000113,ADHKIZQYPQGIRC-SOZVHHJESA-N
SP_000113,ADKNUXINKGBJMY-LDLOPFEMSA-N
SP_000113,ADMGMAPZAQUXIR-VRHMUEQPSA-N
SP_000113,ADNSYCXWAHUWTA-SYOMJGEJSA-N
SP_000113,ADSGHWJRPOXXTD-IHWYPQMZSA-M
SP_000113,ADYPMBBPSUQKED-VOLCNUBSSA-N
SP_000113,ADZPFIMEBZGRHB-ILJAMNOWSA-N
SP_000113,AEFNZGGBWOQYID-UHFFFAOYSA-N
SP_000113,AEIJGHDRIPTRQY-UBTAJKBJSA-N
SP_000113,AELFRHHZGTVYGJ-QMMMGPOBSA-N
SP_000113,AEMFNILZOJDQLW-QAGGRKNESA-N
SP_000113,AERBNCYCJBRYDG-UHFFFAOYSA-N
SP_000113,AESBAQNLQIQXNK-BMFSGJJHSA-N
SP_000113,AETXDQTWHNBCRO-QLKFWGTOSA-N
SP_000113,AEWHYWSPVRZHCT-NDZSKPAWSA-N
SP_000113,AEWHYWSPVRZHCT-UHFFFAOYSA-J
SP_000113,AEXNGRVFOMIYOW-ICFOKQHNSA-N
SP_000113,AFFQVAIMWFYJJS-DTHFMEMVSA-N
SP_000113,AFGUVBVUFZMJMX-MDZDMXLPSA-N
SP_000114,AABKSFWWBUPVNY-NVCPWDGJSA-N
SP_000114,AAFBEFOSCLMOTF-KXBCQOCRSA-N
SP_000114,AAFBEFOSCLMOTF-RRPFJGJLSA-N
SP_000114,AANMVENRNJYEMK-UHFFFAOYSA-N
SP_000114,AANZTOSGIRNZNM-LNOKNGNPSA-N
SP_000114,AAPGXBRKBIUCMQ-GWHBCOKCSA-N
SP_000114,AAWNBEJOCRYVJE-QNGWXLTQSA-N
SP_000114,AAWZDTNXLSGCEK-UHFFFAOYSA-M
SP_000114,AAXMCYUUKFLUMJ-JSFHAIONSA-N
SP_000114,AAXMCYUUKFLUMJ-TWDRBPDCSA-N
SP_000114,AAXYAFFKOSNMEB-MHARETSRSA-N
SP_000114,AAZOMBJKSJQDHJ-ZBRBWIFHSA-N
SP_000114,AAZZVFONLHYNDZ-NVQRUNIKSA-J
SP_000114,ABBYYPGQJRBTGA-NESBLOORSA-N
SP_000114,ABCOOORLYAOBOZ-KQYNXXCUSA-N
SP_000114,ABFJWRKPWCFTQP-JKFVOKSPSA-N
SP_000114,ABFJWRKPWCFTQP-XSMLMOGHSA-N
SP_000114,ABIKEVIWOJTKQS-AARKOHAPSA-N
SP_000114,ABLZXFCXXLZCGV-UHFFFAOYSA-L
SP_000114,ABRHOUKZOUNSSK-FVEAQGRNSA-N
SP_000114,ABUKPIBHMMLQDI-RCOVLANCSA-N
SP_000114,ACGLCDJEASKGDO-JSYPMYMJSA-N
SP_000114,ACIVVGBVOVHFPQ-RPDRRWSUSA-N
SP_000114,ACLPCAOOWJUVLL-DZKYTWFZSA-N
SP_000114,ACLQSYLJAZRTAP-XAFBQJBNSA-N
SP_000114,ACSIRQPNAYTBRW-VZUYHUTRSA-N
SP_000114,ACTHNCRNFFCCAQ-PLKVWTDNSA-N
SP_000114,ACTHNCRNFFCCAQ-YNQDZHFMSA-N
SP_000114,ACZVSMNFVFBOTM-UHFFFAOYSA-N
SP_000114,ADCKHLSRWCXEIY-GGAPOBRUSA-N
SP_000114,ADHKIZQYPQGIRC-ACSKKKSPSA-N
SP_000114,ADHKIZQYPQGIRC-SOZVHHJESA-N
SP_000114,ADHNTNYEJYJUCU-ZSJFXSENSA-N
SP_000114,ADKNUXINKGBJMY-LDLOPFEMSA-N
SP_000114,ADMGMAPZAQUXIR-VRHMUEQPSA-N
SP_000114,ADNSYCXWAHUWTA-SYOMJGEJSA-N
SP_000114,ADSGHWJRPOXXTD-IHWYPQMZSA-M
SP_000114,ADYPMBBPSUQKED-VOLCNUBSSA-N
SP_000114,ADZPFIMEBZGRHB-ILJAMNOWSA-N
SP_000114,AEFNZGGBWOQYID-UHFFFAOYSA-N
SP_000114,AEIJGHDRIPTRQY-UBTAJKBJSA-N
SP_000114,AELFRHHZGTVYGJ-QMMMGPOBSA-N
SP_000114,AEMFNILZOJDQLW-QAGGRKNESA-N
SP_000114,AERBNCYCJBRYDG-UHFFFAOYSA-N
SP_000114,AESBAQNLQIQXNK-BMFSGJJHSA-N
SP_000114,AETXDQTWHNBCRO-QLKFWGTOSA-N
SP_000114,AEWHYWSPVRZHCT-NDZSKPAWSA-N
SP_000114,AEWHYWSPVRZHCT-UHFFFAOYSA-J
SP_000114,AEXNGRVFOMIYOW-ICFOKQHNSA-N
SP_000114,AFFQVAIMWFYJJS-DTHFMEMVSA-N
SP_000115,AABKSFWWBUPVNY-NVCPWDGJSA-N
SP_000115,AAFBEFOSCLMOTF-KXBCQOCRSA-N
SP_000115,AAFBEFOSCLMOTF-RRPFJGJLSA-N
SP_000115,AANMVENRNJYEMK-UHFFFAOYSA-N
SP_000115,AANZTOSGIRNZNM-LNOKNGNPSA-N
SP_000115,AAPGXBRKBIUCMQ-GWHBCOKCSA-N
SP_000115,AAWNBEJOCRYVJE-QNGWXLTQSA-N
SP_000115,AAWZDTNXLSGCEK-UHFFFAOYSA-M
SP_000115,AAXMCYUUKFLUMJ-JSFHAIONSA-N
SP_000115,AAXMCYUUKFLUMJ-TWDRBPDCSA-N
SP_000115,AAXYAFFKOSNMEB-MHARETSRSA-N
SP_000115,AAZOMBJKSJQDHJ-ZBRBWIFHSA-N
SP_000115,AAZZVFONLHYNDZ-NVQRUNIKSA-J
SP_000115,ABBYYPGQJRBTGA-NESBLOORSA-N
SP_000115,ABCOOORLYAOBOZ-KQYNXXCUSA-N
SP_000115,ABFJWRKPWCFTQP-JKFVOKSPSA-N
SP_000115,ABFJWRKPWCFTQP-XSMLMOGHSA-N
SP_000115,ABIKEVIWOJTKQS-AARKOHAPSA-N
SP_000115,ABLZXFCXXLZCGV-UHFFFAOYSA-L
SP_000115,ABRHOUKZOUNSSK-FVEAQGRNSA-N
SP_000115,ABUKPIBHMMLQDI-RCOVLANCSA-N
SP_000115,ACGLCDJEASKGDO-JSYPMYMJSA-N
SP_000115,ACIVVGBVOVHFPQ-RPDRRWSUSA-N
SP_000115,ACLPCAOOWJUVLL-DZKYTWFZSA-N
SP_000115,ACLQSYLJAZRTAP-XAFBQJBNSA-N
SP_000115,ACSIRQPNAYTBRW-VZUYHUTRSA-N
SP_000115,ACTHNCRNFFCCAQ-PLKVWTDNSA-N
SP_000115,ACTHNCRNFFCCAQ-YNQDZHFMSA-N
SP_000115,ACZVSMNFVFBOTM-UHFFFAOYSA-N
SP_000115,ADCKHLSRWCXEIY-GGAPOBRUSA-N
SP_000115,ADHKIZQYPQGIRC-ACSKKKSPSA-N
SP_000115,ADHKIZQYPQGIRC-SOZVHHJESA-N
SP_000115,ADHNTNYEJYJUCU-ZSJFXSENSA-N
SP_000115,ADKNUXINKGBJMY-LDLOPFEMSA-N
SP_000115,ADMGMAPZAQUXIR-VRHMUEQPSA-N
SP_000115,ADNSYCXWAHUWTA-SYOMJGEJSA-N
SP_000115,ADSGHWJRPOXXTD-IHWYPQMZSA-M
SP_000115,ADYPMBBPSUQKED-VOLCNUBSSA-N
SP_000115,ADZPFIMEBZGRHB-ILJAMNOWSA-N
SP_000115,AEFNZGGBWOQYID-UHFFFAOYSA-N
SP_000115,AEIJGHDRIPTRQY-UBTAJKBJSA-N
SP_000115,AELFRHHZGTVYGJ-QMMMGPOBSA-N
SP_000115,AEMFNILZOJDQLW-QAGGRKNESA-N
SP_000115,AERBNCYCJBRYDG-UHFFFAOYSA-N
SP_000115,AESBAQNLQIQXNK-BMFSGJJHSA-N
SP_000115,AETXDQTWHNBCRO-QLKFWGTOSA-N
SP_000115,AEWHYWSPVRZHCT-NDZSKPAWSA-N
SP_000115,AEWHYWSPVRZHCT-UHFFFAOYSA-J
SP_000115,AEXNGRVFOMIYOW-ICFOKQHNSA-N
SP_000115,AFFQVAIMWFYJJS-DTHFMEMVSA-N
SP_000116,AABKSFWWBUPVNY-NVCPWDGJSA-N
SP_000116,AAFBEFOSCLMOTF-KXBCQOCRSA-N
SP_000116,AAFBEFOSCLMOTF-RRPFJGJLSA-N
SP_000116,AANMVENRNJYEMK-UHFFFAOYSA-N
SP_000116,AANZTOSGIRNZNM-LNOKNGNPSA-N
SP_000116,AAPGXBRKBIUCMQ-GWHBCOKCSA-N
SP_000116,AAWNBEJOCRYVJE-QNGWXLTQSA-N
SP_000116,AAWZDTNXLSGCEK-UHFFFAOYSA-M
SP_000116,AAXMCYUUKFLUMJ-JSFHAIONSA-N
SP_000116,AAXMCYUUKFLUMJ-TWDRBPDCSA-N
SP_000116,AAXYAFFKOSNMEB-MHARETSRSA-N
SP_000116,AAZOMBJKSJQDHJ-ZBRBWIFHSA-N
SP_000116,AAZZVFONLHYNDZ-NVQRUNIKSA-J
SP_000116,ABBYYPGQJRBTGA-NESBLOORSA-N
SP_000116,ABCOOORLYAOBOZ-KQYNXXCUSA-N
SP_000116,ABFJWRKPWCFTQP-JKFVOKSPSA-N
SP_000116,ABFJWRKPWCFTQP-XSMLMOGHSA-N
SP_000116,ABIKEVIWOJTKQS-AARKOHAPSA-N
SP_000116,ABLZXFCXXLZCGV-UHFFFAOYSA-L
SP_000116,ABRHOUKZOUNSSK-FVEAQGRNSA-N
SP_000116,ABUKPIBHMMLQDI-RCOVLANCSA-N
SP_000116,ABVCUBUIXWJYSE-UHFFFAOYSA-O
SP_000116,ACGLCDJEASKGDO-JSYPMYMJSA-N
SP_000116,ACIVVGBVOVHFPQ-RPDRRWSUSA-N
SP_000116,ACLPCAOOWJUVLL-DZKYTWFZSA-N
SP_000116,ACLQSYLJAZRTAP-XAFBQJBNSA-N
SP_000116,ACSIRQPNAYTBRW-VZUYHUTRSA-N
SP_000116,ACTHNCRNFFCCAQ-PLKVWTDNSA-N
SP_000116,ACTHNCRNFFCCAQ-YNQDZHFMSA-N
SP_000116,ACWQBUSCFPJUPN-HYXAFXHYSA-N
SP_000116,ACZVSMNFVFBOTM-UHFFFAOYSA-N
SP_000116,ADCKHLSRWCXEIY-GGAPOBRUSA-N
SP_000116,ADHKIZQYPQGIRC-ACSKKKSPSA-N
SP_000116,ADHKIZQYPQGIRC-SOZVHHJESA-N
SP_000116,ADHNTNYEJYJUCU-ZSJFXSENSA-N
SP_000116,ADKNUXINKGBJMY-LDLOPFEMSA-N
SP_000116,ADMGMAPZAQUXIR-VRHMUEQPSA-N
SP_000116,ADNSYCXWAHUWTA-SYOMJGEJSA-N
SP_000116,ADSGHWJRPOXXTD-IHWYPQMZSA-M
SP_000116,ADYPMBBPSUQKED-VOLCNUBSSA-N
SP_000116,ADZPFIMEBZGRHB-ILJAMNOWSA-N
SP_000116,AEFNZGGBWOQYID-UHFFFAOYSA-N
SP_000116,AEIJGHDRIPTRQY-UBTAJKBJSA-N
SP_000116,AELFRHHZGTVYGJ-QMMMGPOBSA-N
SP_000116,AEMFNILZOJDQLW-QAGGRKNESA-N
SP_000116,AERBNCYCJBRYDG-UHFFFAOYSA-N
SP_000116,AESBAQNLQIQXNK-BMFSGJJHSA-N
SP_000116,AETXDQTWHNBCRO-QLKFWGTOSA-N
SP_000116,AEWHYWSPVRZHCT-NDZSKPAWSA-N
SP_000116,AEWHYWSPVRZHCT-UHFFFAOYSA-J
SP_000117,AABKSFWWBUPVNY-NVCPWDGJSA-N
SP_000117,AAFBEFOSCLMOTF-KXBCQOCRSA-N
SP_000117,AAFBEFOSCLMOTF-RRPFJGJLSA-N
SP_000117,AANMVENRNJYEMK-UHFFFAOYSA-N
SP_000117,AANZTOSGIRNZNM-LNOKNGNPSA-N
SP_000117,AAPGXBRKBIUCMQ-GWHBCOKCSA-N
SP_000117,AAWNBEJOCRYVJE-QNGWXLTQSA-N
SP_000117,AAWZDTNXLSGCEK-UHFFFAOYSA-M
SP_000117,AAXMCYUUKFLUMJ-JSFHAIONSA-N
SP_000117,AAXMCYUUKFLUMJ-TWDRBPDCSA-N
SP_000117,AAXYAFFKOSNMEB-MHARETSRSA-N
SP_000117,AAZOMBJKSJQDHJ-ZBRBWIFHSA-N
SP_000117,AAZZVFONLHYNDZ-NVQRUNIKSA-J
SP_000117,ABBYYPGQJRBTGA-NESBLOORSA-N
SP_000117,ABCOOORLYAOBOZ-KQYNXXCUSA-N
SP_000117,ABFJWRKPWCFTQP-JKFVOKSPSA-N
SP_000117,ABFJWRKPWCFTQP-XSMLMOGHSA-N
SP_000117,ABIKEVIWOJTKQS-AARKOHAPSA-N
SP_000117,ABLZXFCXXLZCGV-UHFFFAOYSA-L
SP_000117,ABRHOUKZOUNSSK-FVEAQGRNSA-N
SP_000117,ABUKPIBHMMLQDI-RCOVLANCSA-N
SP_000117,ACGLCDJEASKGDO-JSYPMYMJSA-N
SP_000117,ACIVVGBVOVHFPQ-RPDRRWSUSA-N
SP_000117,ACLPCAOOWJUVLL-DZKYTWFZSA-N
SP_000117,ACLQSYLJAZRTAP-XAFBQJBNSA-N
SP_000117,ACSIRQPNAYTBRW-VZUYHUTRSA-N
SP_000117,ACTHNCRNFFCCAQ-PLKVWTDNSA-N
SP_000117,ACTHNCRNFFCCAQ-YNQDZHFMSA-N
SP_000117,ACZVSMNFVFBOTM-UHFFFAOYSA-N
SP_000117,ADCKHLSRWCXEIY-GGAPOBRUSA-N
SP_000117,ADHKIZQYPQGIRC-ACSKKKSPSA-N
SP_000117,ADHKIZQYPQGIRC-SOZVHHJESA-N
SP_000117,ADHNTNYEJYJUCU-ZSJFXSENSA-N
SP_000117,ADKNUXINKGBJMY-LDLOPFEMSA-N
SP_000117,ADMGMAPZAQUXIR-VRHMUEQPSA-N
SP_000117,ADNSYCXWAHUWTA-SYOMJGEJSA-N
SP_000117,ADSGHWJRPOXXTD-IHWYPQMZSA-M
SP_000117,ADYPMBBPSUQKED-VOLCNUBSSA-N
SP_000117,ADZPFIMEBZGRHB-ILJAMNOWSA-N
SP_000117,AEFNZGGBWOQYID-UHFFFAOYSA-N
SP_000117,AEIJGHDRIPTRQY-UBTAJKBJSA-N
SP_000117,AELFRHHZGTVYGJ-QMMMGPOBSA-N
SP_000117,AEMFNILZOJDQLW-QAGGRKNESA-N
SP_000117,AERBNCYCJBRYDG-UHFFFAOYSA-N
SP_000117,AESBAQNLQIQXNK-BMFSGJJHSA-N
SP_000117,AETXDQTWHNBCRO-QLKFWGTOSA-N
SP_000117,AEWHYWSPVRZHCT-NDZSKPAWSA-N
SP_000117,AEWHYWSPVRZHCT-UHFFFAOYSA-J
SP_000117,AEXNGRVFOMIYOW-ICFOKQHNSA-N
SP_000117,AFFQVAIMWFYJJS-DTHFMEMVSA-N
SP_000118,AABKSFWWBUPVNY-NVCPWDGJSA-N
SP_000118,AAFBEFOSCLMOTF-KXBCQOCRSA-N
SP_000118,AAFBEFOSCLMOTF-RRPFJGJLSA-N
SP_000118,AANMVENRNJYEMK-UHFFFAOYSA-N
SP_000118,AANZTOSGIRNZNM-LNOKNGNPSA-N
SP_000118,AAPGXBRKBIUCMQ-GWHBCOKCSA-N
SP_000118,AAWNBEJOCRYVJE-QNGWXLTQSA-N
SP_000118,AAWZDTNXLSGCEK-UHFFFAOYSA-M
SP_000118,AAXMCYUUKFLUMJ-JSFHAIONSA-N
SP_000118,AAXMCYUUKFLUMJ-TWDRBPDCSA-N
SP_000118,AAXYAFFKOSNMEB-MHARETSRSA-N
SP_000118,AAZOMBJKSJQDHJ-ZBRBWIFHSA-N
SP_000118,AAZZVFONLHYNDZ-NVQRUNIKSA-J
SP_000118,ABBYYPGQJRBTGA-NESBLOORSA-N
SP_000118,ABCOOORLYAOBOZ-KQYNXXCUSA-N
SP_000118,ABFJWRKPWCFTQP-JKFVOKSPSA-N
SP_000118,ABFJWRKPWCFTQP-XSMLMOGHSA-N
SP_000118,ABIKEVIWOJTKQS-AARKOHAPSA-N
SP_000118,ABLZXFCXXLZCGV-UHFFFAOYSA-L
SP_000118,ABRHOUKZOUNSSK-FVEAQGRNSA-N
SP_000118,ABUKPIBHMMLQDI-RCOVLANCSA-N
SP_000118,ABVCUBUIXWJYSE-UHFFFAOYSA-O
SP_000118,ACGLCDJEASKGDO-JSYPMYMJSA-N
SP_000118,ACIVVGBVOVHFPQ-RPDRRWSUSA-N
SP_000118,ACLPCAOOWJUVLL-DZKYTWFZSA-N
SP_000118,ACLQSYLJAZRTAP-XAFBQJBNSA-N
SP_000118,ACSIRQPNAYTBRW-VZUYHUTRSA-N
SP_000118,ACTHNCRNFFCCAQ-PLKVWTDNSA-N
SP_000118,ACTHNCRNFFCCAQ-YNQDZHFMSA-N
SP_000118,ACZVSMNFVFBOTM-UHFFFAOYSA-N
SP_000118,ADACAMXIRQREOB-UHFFFAOYSA-N
SP_000118,ADCKHLSRWCXEIY-GGAPOBRUSA-N
SP_000118,ADHKIZQYPQGIRC-ACSKKKSPSA-N
SP_000118,ADHKIZQYPQGIRC-SOZVHHJESA-N
SP_000118,ADHNTNYEJYJUCU-ZSJFXSENSA-N
SP_000118,ADKNUXINKGBJMY-LDLOPFEMSA-N
SP_000118,ADMGMAPZAQUXIR-VRHMUEQPSA-N
SP_000118,ADNSYCXWAHUWTA-SYOMJGEJSA-N
SP_000118,ADSGHWJRPOXXTD-IHWYPQMZSA-M
SP_000118,ADYPMBBPSUQKED-VOLCNUBSSA-N
SP_000118,ADZPFIMEBZGRHB-ILJAMNOWSA-N
SP_000118,AEFNZGGBWOQYID-UHFFFAOYSA-N
SP_000118,AEIJGHDRIPTRQY-UBTAJKBJSA-N
SP_000118,AELFRHHZGTVYGJ-QMMMGPOBSA-N
SP_000118,AEMFNILZOJDQLW-QAGGRKNESA-N
SP_000118,AERBNCYCJBRYDG-UHFFFAOYSA-N
SP_000118,AESBAQNLQIQXNK-BMFSGJJHSA-N
SP_000118,AETXDQTWHNBCRO-QLKFWGTOSA-N
SP_000118,AEWHYWSPVRZHCT-NDZSKPAWSA-N
SP_000118,AEWHYWSPVRZHCT-UHFFFAOYSA-J
SP_000119,AABKSFWWBUPVNY-NVCPWDGJSA-N
SP_000119,AAFBEFOSCLMOTF-KXBCQOCRSA-N
SP_000119,AAFBEFOSCLMOTF-RRPFJGJLSA-N
SP_000119,AAJHVVLGKCKBSH-UHFFFAOYSA-N
SP_000119,AANMVENRNJYEMK-UHFFFAOYSA-N
SP_000119,AANZTOSGIRNZNM-LNOKNGNPSA-N
SP_000119,AAPGXBRKBIUCMQ-GWHBCOKCSA-N
SP_000119,AAWNBEJOCRYVJE-QNGWXLTQSA-N
SP_000119,AAWZDTNXLSGCEK-UHFFFAOYSA-M
SP_000119,AAXMCYUUKFLUMJ-JSFHAIONSA-N
SP_000119,AAXMCYUUKFLUMJ-TWDRBPDCSA-N
SP_000119,AAXYAFFKOSNMEB-MHARETSRSA-N
SP_000119,AAZOMBJKSJQDHJ-ZBRBWIFHSA-N
SP_000119,AAZZVFONLHYNDZ-NVQRUNIKSA-J
SP_000119,ABBYYPGQJRBTGA-NESBLOORSA-N
SP_000119,ABCOOORLYAOBOZ-KQYNXXCUSA-N
SP_000119,ABFJWRKPWCFTQP-JKFVOKSPSA-N
SP_000119,ABFJWRKPWCFTQP-XSMLMOGHSA-N
SP_000119,ABIKEVIWOJTKQS-AARKOHAPSA-N
SP_000119,ABLZXFCXXLZCGV-UHFFFAOYSA-L
SP_000119,ABRHOUKZOUNSSK-FVEAQGRNSA-N
SP_000119,ABUKPIBHMMLQDI-RCOVLANCSA-N
SP_000119,ACGLCDJEASKGDO-JSYPMYMJSA-N
SP_000119,ACIVVGBVOVHFPQ-RPDRRWSUSA-N
SP_000119,ACLPCAOOWJUVLL-DZKYTWFZSA-N
SP_000119,ACLQSYLJAZRTAP-XAFBQJBNSA-N
SP_000119,ACSIRQPNAYTBRW-VZUYHUTRSA-N
SP_000119,ACTHNCRNFFCCAQ-PLKVWTDNSA-N
SP_000119,ACTHNCRNFFCCAQ-YNQDZHFMSA-N
SP_000119,ACZVSMNFVFBOTM-UHFFFAOYSA-N
SP_000119,ADCKHLSRWCXEIY-GGAPOBRUSA-N
SP_000119,ADHKIZQYPQGIRC-ACSKKKSPSA-N
SP_000119,ADHKIZQYPQGIRC-SOZVHHJESA-N
SP_000119,ADHNTNYEJYJUCU-ZSJFXSENSA-N
SP_000119,ADKNUXINKGBJMY-LDLOPFEMSA-N
SP_000119,ADMGMAPZAQUXIR-VRHMUEQPSA-N
SP_000119,ADNSYCXWAHUWTA-SYOMJGEJSA-N
SP_000119,ADSGHWJRPOXXTD-IHWYPQMZSA-M
SP_000119,ADYPMBBPSUQKED-VOLCNUBSSA-N
SP_000119,ADZPFIMEBZGRHB-ILJAMNOWSA-N
SP_000119,AEFNZGGBWOQYID-UHFFFAOYSA-N
SP_000119,AEIJGHDRIPTRQY-UBTAJKBJSA-N
SP_000119,AELFRHHZGTVYGJ-QMMMGPOBSA-N
SP_000119,AEMFNILZOJDQLW-QAGGRKNESA-N
SP_000119,AERBNCYCJBRYDG-UHFFFAOYSA-N
SP_000119,AESBAQNLQIQXNK-BMFSGJJHSA-N
SP_000119,AETXDQTWHNBCRO-QLKFWGTOSA-N
SP_000119,AEWHYWSPVRZHCT-NDZSKPAWSA-N
SP_000119,AEWHYWSPVRZHCT-UHFFFAOYSA-J
SP_000119,AEXNGRVFOMIYOW-ICFOKQHNSA-N
SP_000120,AABKSFWWBUPVNY-NVCPWDGJSA-N
SP_000120,AAFBEFOSCLMOTF-KXBCQOCRSA-N
SP_000120,AAFBEFOSCLMOTF-RRPFJGJLSA-N
SP_000120,AANMVENRNJYEMK-UHFFFAOYSA-N
SP_000120,AANZTOSGIRNZNM-LNOKNGNPSA-N
SP_000120,AAPGXBRKBIUCMQ-GWHBCOKCSA-N
SP_000120,AAWNBEJOCRYVJE-QNGWXLTQSA-N
SP_000120,AAWZDTNXLSGCEK-UHFFFAOYSA-M
SP_000120,AAXMCYUUKFLUMJ-JSFHAIONSA-N
SP_000120,AAXMCYUUKFLUMJ-TWDRBPDCSA-N
SP_000120,AAXYAFFKOSNMEB-MHARETSRSA-N
SP_000120,AAZOMBJKSJQDHJ-ZBRBWIFHSA-N
SP_000120,AAZZVFONLHYNDZ-NVQRUNIKSA-J
SP_000120,ABBYYPGQJRBTGA-NESBLOORSA-N
SP_000120,ABCOOORLYAOBOZ-KQYNXXCUSA-N
SP_000120,ABFJWRKPWCFTQP-JKFVOKSPSA-N
SP_000120,ABFJWRKPWCFTQP-XSMLMOGHSA-N
SP_000120,ABFOJGYAILKEJB-UHFFFAOYSA-N
SP_000120,ABIKEVIWOJTKQS-AARKOHAPSA-N
SP_000120,ABLZXFCXXLZCGV-UHFFFAOYSA-L
SP_000120,ABRHOUKZOUNSSK-FVEAQGRNSA-N
SP_000120,ABTRFGSPYXCGMR-QNLINFIDSA-N
SP_000120,ABUKPIBHMMLQDI-RCOVLANCSA-N
SP_000120,ACGLCDJEASKGDO-JSYPMYMJSA-N
SP_000120,ACIVVGBVOVHFPQ-RPDRRWSUSA-N
SP_000120,ACLPCAOOWJUVLL-DZKYTWFZSA-N
SP_000120,ACLQSYLJAZRTAP-XAFBQJBNSA-N
SP_000120,ACSIRQPNAYTBRW-VZUYHUTRSA-N
SP_000120,ACTHNCRNFFCCAQ-PLKVWTDNSA-N
SP_000120,ACTHNCRNFFCCAQ-YNQDZHFMSA-N
SP_000120,ACWQBUSCFPJUPN-HYXAFXHYSA-N
SP_000120,ACZVSMNFVFBOTM-UHFFFAOYSA-N
SP_000120,ADCKHLSRWCXEIY-GGAPOBRUSA-N
SP_000120,ADHKIZQYPQGIRC-ACSKKKSPSA-N
SP_000120,ADHKIZQYPQGIRC-SOZVHHJESA-N
SP_000120,ADHNTNYEJYJUCU-ZSJFXSENSA-N
SP_000120,ADKNUXINKGBJMY-LDLOPFEMSA-N
SP_000120,ADMGMAPZAQUXIR-VRHMUEQPSA-N
SP_000120,ADNSYCXWAHUWTA-SYOMJGEJSA-N
SP_000120,ADSGHWJRPOXXTD-IHWYPQMZSA-M
SP_000120,ADYPMBBPSUQKED-VOLCNUBSSA-N
SP_000120,ADZPFIMEBZGRHB-ILJAMNOWSA-N
SP_000120,AEABCQUPKOOFQW-UHFFFAOYSA-N
SP_000120,AEFNZGGBWOQYID-UHFFFAOYSA-N
SP_000120,AEIJGHDRIPTRQY-UBTAJKBJSA-N
SP_000120,AELFRHHZGTVYGJ-QMMMGPOBSA-N
SP_000120,AEMFNILZOJDQLW-QAGGRKNESA-N
SP_000120,AEMRFAOFKBGASW-UHFFFAOYSA-N
SP_000120,AERBNCYCJBRYDG-UHFFFAOYSA-N
SP_000120,AESBAQNLQIQXNK-BMFSGJJHSA-N
SP_000121,AABKSFWWBUPVNY-NVCPWDGJSA-N
SP_000121,AAFBEFOSCLMOTF-KXBCQOCRSA-N
SP_000121,AAFBEFOSCLMOTF-RRPFJGJLSA-N
SP_000121,AANMVENRNJYEMK-UHFFFAOYSA-N
SP_000121,AANZTOSGIRNZNM-LNOKNGNPSA-N
SP_000121,AAPGXBRKBIUCMQ-GWHBCOKCSA-N
SP_000121,AAWNBEJOCRYVJE-QNGWXLTQSA-N
SP_000121,AAWZDTNXLSGCEK-UHFFFAOYSA-M
SP_000121,AAXMCYUUKFLUMJ-JSFHAIONSA-N
SP_000121,AAXMCYUUKFLUMJ-TWDRBPDCSA-N
SP_000121,AAXYAFFKOSNMEB-MHARETSRSA-N
SP_000121,AAZOMBJKSJQDHJ-ZBRBWIFHSA-N
SP_000121,AAZZVFONLHYNDZ-NVQRUNIKSA-J
SP_000121,ABBYYPGQJRBTGA-NESBLOORSA-N
SP_000121,ABCOOORLYAOBOZ-KQYNXXCUSA-N
SP_000121,ABFJWRKPWCFTQP-JKFVOKSPSA-N
SP_000121,ABFJWRKPWCFTQP-XSMLMOGHSA-N
SP_000121,ABIKEVIWOJTKQS-AARKOHAPSA-N
SP_000121,ABLZXFCXXLZCGV-UHFFFAOYSA-L
SP_000121,ABRHOUKZOUNSSK-FVEAQGRNSA-N
SP_000121,ABUKPIBHMMLQDI-RCOVLANCSA-N
SP_000121,ACGLCDJEASKGDO-JSYPMYMJSA-N
SP_000121,ACIVVGBVOVHFPQ-RPDRRWSUSA-N
SP_000121,ACLPCAOOWJUVLL-DZKYTWFZSA-N
SP_000121,ACLQSYLJAZRTAP-XAFBQJBNSA-N
SP_000121,ACSIRQPNAYTBRW-VZUYHUTRSA-N
SP_000121,ACTHNCRNFFCCAQ-PLKVWTDNSA-N
SP_000121,ACTHNCRNFFCCAQ-YNQDZHFMSA-N
SP_000121,ACWQBUSCFPJUPN-HYXAFXHYSA-N
SP_000121,ACZVSMNFVFBOTM-UHFFFAOYSA-N
SP_000121,ADCKHLSRWCXEIY-GGAPOBRUSA-N
SP_000121,ADHKIZQYPQGIRC-ACSKKKSPSA-N
SP_000121,ADHKIZQYPQGIRC-SOZVHHJESA-N
SP_000121,ADKNUXINKGBJMY-LDLOPFEMSA-N
SP_000121,ADMGMAPZAQUXIR-VRHMUEQPSA-N
SP_000121,ADNSYCXWAHUWTA-SYOMJGEJSA-N
SP_000121,ADSGHWJRPOXXTD-IHWYPQMZSA-M
SP_000121,ADYPMBBPSUQKED-VOLCNUBSSA-N
SP_000121,ADZPFIMEBZGRHB-ILJAMNOWSA-N
SP_000121,AEFNZGGBWOQYID-UHFFFAOYSA-N
SP_000121,AEIJGHDRIPTRQY-UBTAJKBJSA-N
SP_000121,AELFRHHZGTVYGJ-QMMMGPOBSA-N
SP_000121,AEMFNILZOJDQLW-QAGGRKNESA-N
SP_000121,AERBNCYCJBRYDG-UHFFFAOYSA-N
SP_000121,AESBAQNLQIQXNK-BMFSGJJHSA-N
SP_000121,AETXDQTWHNBCRO-QLKFWGTOSA-N
SP_000121,AEWHYWSPVRZHCT-NDZSKPAWSA-N
SP_000121,AEWHYWSPVRZHCT-UHFFFAOYSA-J
SP_000121,AEXNGRVFOMIYOW-ICFOKQHNSA-N
SP_000121,AFFQVAIMWFYJJS-DTHFMEMVSA-N
SP_000122,AABKSFWWBUPVNY-NVCPWDGJSA-N
SP_000122,AAFBEFOSCLMOTF-KXBCQOCRSA-N
SP_000122,AAFBEFOSCLMOTF-RRPFJGJLSA-N
SP_000122,AANMVENRNJYEMK-UHFFFAOYSA-N
SP_000122,AANZTOSGIRNZNM-LNOKNGNPSA-N
SP_000122,AAPGXBRKBIUCMQ-GWHBCOKCSA-N
SP_000122,AAWNBEJOCRYVJE-QNGWXLTQSA-N
SP_000122,AAWZDTNXLSGCEK-UHFFFAOYSA-M
SP_000122,AAXMCYUUKFLUMJ-JSFHAIONSA-N
SP_000122,AAXMCYUUKFLUMJ-TWDRBPDCSA-N
SP_000122,AAXYAFFKOSNMEB-MHARETSRSA-N
SP_000122,AAZOMBJKSJQDHJ-ZBRBWIFHSA-N
SP_000122,AAZZVFONLHYNDZ-NVQRUNIKSA-J
SP_000122,ABBYYPGQJRBTGA-NESBLOORSA-N
SP_000122,ABCOOORLYAOBOZ-KQYNXXCUSA-N
SP_000122,ABFJWRKPWCFTQP-JKFVOKSPSA-N
SP_000122,ABFJWRKPWCFTQP-XSMLMOGHSA-N
SP_000122,ABIKEVIWOJTKQS-AARKOHAPSA-N
SP_000122,ABLZXFCXXLZCGV-UHFFFAOYSA-L
SP_000122,ABRHOUKZOUNSSK-FVEAQGRNSA-N
SP_000122,ABUKPIBHMMLQDI-RCOVLANCSA-N
SP_000122,ACGLCDJEASKGDO-JSYPMYMJSA-N
SP_000122,ACIVVGBVOVHFPQ-RPDRRWSUSA-N
SP_000122,ACLPCAOOWJUVLL-DZKYTWFZSA-N
SP_000122,ACLQSYLJAZRTAP-XAFBQJBNSA-N
SP_000122,ACSIRQPNAYTBRW-VZUYHUTRSA-N
SP_000122,ACTHNCRNFFCCAQ-PLKVWTDNSA-N
SP_000122,ACTHNCRNFFCCAQ-YNQDZHFMSA-N
SP_000122,ACZVSMNFVFBOTM-UHFFFAOYSA-N
SP_000122,ADACAMXIRQREOB-UHFFFAOYSA-N
SP_000122,ADCKHLSRWCXEIY-GGAPOBRUSA-N
SP_000122,ADHKIZQYPQGIRC-ACSKKKSPSA-N
SP_000122,ADHKIZQYPQGIRC-SOZVHHJESA-N
SP_000122,ADHNTNYEJYJUCU-ZSJFXSENSA-N
SP_000122,ADKNUXINKGBJMY-LDLOPFEMSA-N
SP_000122,ADMGMAPZAQUXIR-VRHMUEQPSA-N
SP_000122,ADNSYCXWAHUWTA-SYOMJGEJSA-N
SP_000122,ADSGHWJRPOXXTD-IHWYPQMZSA-M
SP_000122,ADYPMBBPSUQKED-VOLCNUBSSA-N
SP_000122,ADZPFIMEBZGRHB-ILJAMNOWSA-N
SP_000122,AEFNZGGBWOQYID-UHFFFAOYSA-N
SP_000122,AEIJGHDRIPTRQY-UBTAJKBJSA-N
SP_000122,AELFRHHZGTVYGJ-QMMMGPOBSA-N
SP_000122,AEMFNILZOJDQLW-QAGGRKNESA-N
SP_000122,AERBNCYCJBRYDG-UHFFFAOYSA-N
SP_000122,AESBAQNLQIQXNK-BMFSGJJHSA-N
SP_000122,AETXDQTWHNBCRO-QLKFWGTOSA-N
SP_000122,AEWHYWSPVRZHCT-NDZSKPAWSA-N
SP_000122,AEWHYWSPVRZHCT-UHFFFAOYSA-J
SP_000122,AEXNGRVFOMIYOW-ICFOKQHNSA-N
SP_000123,AABKSFWWBUPVNY-NVCPWDGJSA-N
SP_000123,AAFBEFOSCLMOTF-KXBCQOCRSA-N
SP_000123,AAFBEFOSCLMOTF-RRPFJGJLSA-N
SP_000123,AANMVENRNJYEMK-UHFFFAOYSA-N
SP_000123,AANZTOSGIRNZNM-LNOKNGNPSA-N
SP_000123,AAOVKJBEBIDNHE-UHFFFAOYSA-N
SP_000123,AAPGXBRKBIUCMQ-GWHBCOKCSA-N
SP_000123,AAWNBEJOCRYVJE-QNGWXLTQSA-N
SP_000123,AAWZDTNXLSGCEK-UHFFFAOYSA-M
SP_000123,AAWZDTNXLSGCEK-UHFFFAOYSA-N
SP_000123,AAXMCYUUKFLUMJ-JSFHAIONSA-N
SP_000123,AAXMCYUUKFLUMJ-TWDRBPDCSA-N
SP_000123,AAXYAFFKOSNMEB-MHARETSRSA-N
SP_000123,AAZOMBJKSJQDHJ-ZBRBWIFHSA-N
SP_000123,AAZZVFONLHYNDZ-NVQRUNIKSA-J
SP_000123,ABBYYPGQJRBTGA-NESBLOORSA-N
SP_000123,ABCOOORLYAOBOZ-KQYNXXCUSA-N
SP_000123,ABFJWRKPWCFTQP-JKFVOKSPSA-N
SP_000123,ABFJWRKPWCFTQP-XSMLMOGHSA-N
SP_000123,ABIKEVIWOJTKQS-AARKOHAPSA-N
SP_000123,ABLZXFCXXLZCGV-UHFFFAOYSA-L
SP_000123,ABRHOUKZOUNSSK-FVEAQGRNSA-N
SP_000123,ABUKPIBHMMLQDI-RCOVLANCSA-N
SP_000123,ACGLCDJEASKGDO-JSYPMYMJSA-N
SP_000123,ACIVVGBVOVHFPQ-RPDRRWSUSA-N
SP_000123,ACLPCAOOWJUVLL-DZKYTWFZSA-N
SP_000123,ACLQSYLJAZRTAP-XAFBQJBNSA-N
SP_000123,ACSIRQPNAYTBRW-VZUYHUTRSA-N
SP_000123,ACTHNCRNFFCCAQ-PLKVWTDNSA-N
SP_000123,ACTHNCRNFFCCAQ-YNQDZHFMSA-N
SP_000123,ACUIYXOOZPHRRA-DHEZTBRESA-N
SP_000123,ACZVSMNFVFBOTM-UHFFFAOYSA-N
SP_000123,ADACAMXIRQREOB-UHFFFAOYSA-N
SP_000123,ADCKHLSRWCXEIY-GGAPOBRUSA-N
SP_000123,ADHKIZQYPQGIRC-ACSKKKSPSA-N
SP_000123,ADHKIZQYPQGIRC-SOZVHHJESA-N
SP_000123,ADHNTNYEJYJUCU-ZSJFXSENSA-N
SP_000123,ADKNUXINKGBJMY-LDLOPFEMSA-N
SP_000123,ADMGMAPZAQUXIR-VRHMUEQPSA-N
SP_000123,ADNSYCXWAHUWTA-SYOMJGEJSA-N
SP_000123,ADSGHWJRPOXXTD-IHWYPQMZSA-M
SP_000123,ADYPMBBPSUQKED-VOLCNUBSSA-N
SP_000123,ADZPFIMEBZGRHB-ILJAMNOWSA-N
SP_000123,AEFNZGGBWOQYID-UHFFFAOYSA-N
SP_000123,AEIJGHDRIPTRQY-UBTAJKBJSA-N
SP_000123,AELFRHHZGTVYGJ-QMMMGPOBSA-N
SP_000123,AEMFNILZOJDQLW-QAGGRKNESA-N
SP_000123,AERBNCYCJBRYDG-UHFFFAOYSA-N
SP_000123,AESBAQNLQIQXNK-BMFSGJJHSA-N
SP_000123,AETXDQTWHNBCRO-QLKFWGTOSA-N
SP_000124,AABKSFWWBUPVNY-NVCPWDGJSA-N
SP_000124,AAFBEFOSCLMOTF-KXBCQOCRSA-N
SP_000124,AAFBEFOSCLMOTF-RRPFJGJLSA-N
SP_000124,AANMVENRNJYEMK-UHFFFAOYSA-N
SP_000124,AANZTOSGIRNZNM-LNOKNGNPSA-N
SP_000124,AAPGXBRKBIUCMQ-GWHBCOKCSA-N
SP_000124,AAWNBEJOCRYVJE-QNGWXLTQSA-N
SP_000124,AAWZDTNXLSGCEK-UHFFFAOYSA-M
SP_000124,AAXMCYUUKFLUMJ-JSFHAIONSA-N
SP_000124,AAXMCYUUKFLUMJ-TWDRBPDCSA-N
SP_000124,AAXYAFFKOSNMEB-MHARETSRSA-N
SP_000124,AAZOMBJKSJQDHJ-ZBRBWIFHSA-N
SP_000124,AAZZVFONLHYNDZ-NVQRUNIKSA-J
SP_000124,ABBYYPGQJRBTGA-NESBLOORSA-N
SP_000124,ABCOOORLYAOBOZ-KQYNXXCUSA-N
SP_000124,ABFJWRKPWCFTQP-JKFVOKSPSA-N
SP_000124,ABFJWRKPWCFTQP-XSMLMOGHSA-N
SP_000124,ABIKEVIWOJTKQS-AARKOHAPSA-N
SP_000124,ABLZXFCXXLZCGV-UHFFFAOYSA-L
SP_000124,ABRHOUKZOUNSSK-FVEAQGRNSA-N
SP_000124,ABUKPIBHMMLQDI-RCOVLANCSA-N
SP_000124,ABVCUBUIXWJYSE-UHFFFAOYSA-O
SP_000124,ACGLCDJEASKGDO-JSYPMYMJSA-N
SP_000124,ACIVVGBVOVHFPQ-RPDRRWSUSA-N
SP_000124,ACLPCAOOWJUVLL-DZKYTWFZSA-N
SP_000124,ACLQSYLJAZRTAP-XAFBQJBNSA-N
SP_000124,ACSIRQPNAYTBRW-VZUYHUTRSA-N
SP_000124,ACTHNCRNFFCCAQ-PLKVWTDNSA-N
SP_000124,ACTHNCRNFFCCAQ-YNQDZHFMSA-N
SP_000124,ACZVSMNFVFBOTM-UHFFFAOYSA-N
SP_000124,ADCKHLSRWCXEIY-GGAPOBRUSA-N
SP_000124,ADHKIZQYPQGIRC-ACSKKKSPSA-N
SP_000124,ADHKIZQYPQGIRC-SOZVHHJESA-N
SP_000124,ADHNTNYEJYJUCU-ZSJFXSENSA-N
SP_000124,ADKNUXINKGBJMY-LDLOPFEMSA-N
SP_000124,ADMGMAPZAQUXIR-VRHMUEQPSA-N
SP_000124,ADNSYCXWAHUWTA-SYOMJGEJSA-N
SP_000124,ADSGHWJRPOXXTD-IHWYPQMZSA-M
SP_000124,ADYPMBBPSUQKED-VOLCNUBSSA-N
SP_000124,ADZPFIMEBZGRHB-ILJAMNOWSA-N
SP_000124,AEFNZGGBWOQYID-UHFFFAOYSA-N
SP_000124,AEIJGHDRIPTRQY-UBTAJKBJSA-N
SP_000124,AELFRHHZGTVYGJ-QMMMGPOBSA-N
SP_000124,AEMFNILZOJDQLW-QAGGRKNESA-N
SP_000124,AERBNCYCJBRYDG-UHFFFAOYSA-N
SP_000124,AESBAQNLQIQXNK-BMFSGJJHSA-N
SP_000124,AETXDQTWHNBCRO-QLKFWGTOSA-N
SP_000124,AEWHYWSPVRZHCT-NDZSKPAWSA-N
SP_000124,AEWHYWSPVRZHCT-UHFFFAOYSA-J
SP_000124,AEXNGRVFOMIYOW-ICFOKQHNSA-N
SP_000125,AABKSFWWBUPVNY-NVCPWDGJSA-N
SP_000125,AAFBEFOSCLMOTF-KXBCQOCRSA-N
SP_000125,AAFBEFOSCLMOTF-RRPFJGJLSA-N
SP_000125,AANMVENRNJYEMK-UHFFFAOYSA-N
SP_000125,AANZTOSGIRNZNM-LNOKNGNPSA-N
SP_000125,AAPGXBRKBIUCMQ-GWHBCOKCSA-N
SP_000125,AAWNBEJOCRYVJE-QNGWXLTQSA-N
SP_000125,AAWZDTNXLSGCEK-UHFFFAOYSA-M
SP_000125,AAXMCYUUKFLUMJ-JSFHAIONSA-N
SP_000125,AAXMCYUUKFLUMJ-TWDRBPDCSA-N
SP_000125,AAXYAFFKOSNMEB-MHARETSRSA-N
SP_000125,AAZOMBJKSJQDHJ-ZBRBWIFHSA-N
SP_000125,AAZZVFONLHYNDZ-NVQRUNIKSA-J
SP_000125,ABBYYPGQJRBTGA-NESBLOORSA-N
SP_000125,ABCOOORLYAOBOZ-KQYNXXCUSA-N
SP_000125,ABFJWRKPWCFTQP-JKFVOKSPSA-N
SP_000125,ABFJWRKPWCFTQP-XSMLMOGHSA-N
SP_000125,ABIKEVIWOJTKQS-AARKOHAPSA-N
SP_000125,ABLZXFCXXLZCGV-UHFFFAOYSA-L
SP_000125,ABRHOUKZOUNSSK-FVEAQGRNSA-N
SP_000125,ABUKPIBHMMLQDI-RCOVLANCSA-N
SP_000125,ACGLCDJEASKGDO-JSYPMYMJSA-N
SP_000125,ACIVVGBVOVHFPQ-RPDRRWSUSA-N
SP_000125,ACLPCAOOWJUVLL-DZKYTWFZSA-N
SP_000125,ACLQSYLJAZRTAP-XAFBQJBNSA-N
SP_000125,ACSIRQPNAYTBRW-VZUYHUTRSA-N
SP_000125,ACTHNCRNFFCCAQ-PLKVWTDNSA-N
SP_000125,ACTHNCRNFFCCAQ-YNQDZHFMSA-N
SP_000125,ACZVSMNFVFBOTM-UHFFFAOYSA-N
SP_000125,ADACAMXIRQREOB-UHFFFAOYSA-N
SP_000125,ADCKHLSRWCXEIY-GGAPOBRUSA-N
SP_000125,ADHKIZQYPQGIRC-ACSKKKSPSA-N
SP_000125,ADHKIZQYPQGIRC-SOZVHHJESA-N
SP_000125,ADHNTNYEJYJUCU-ZSJFXSENSA-N
SP_000125,ADKNUXINKGBJMY-LDLOPFEMSA-N
SP_000125,ADMGMAPZAQUXIR-VRHMUEQPSA-N
SP_000125,ADNSYCXWAHUWTA-SYOMJGEJSA-N
SP_000125,ADSGHWJRPOXXTD-IHWYPQMZSA-M
SP_000125,ADYPMBBPSUQKED-VOLCNUBSSA-N
SP_000125,ADZPFIMEBZGRHB-ILJAMNOWSA-N
SP_000125,AEFNZGGBWOQYID-UHFFFAOYSA-N
SP_000125,AEIJGHDRIPTRQY-UBTAJKBJSA-N
SP_000125,AELFRHHZGTVYGJ-QMMMGPOBSA-N
SP_000125,AEMFNILZOJDQLW-QAGGRKNESA-N
SP_000125,AERBNCYCJBRYDG-UHFFFAOYSA-N
SP_000125,AESBAQNLQIQXNK-BMFSGJJHSA-N
SP_000125,AETXDQTWHNBCRO-QLKFWGTOSA-N
SP_000125,AEWHYWSPVRZHCT-NDZSKPAWSA-N
SP_000125,AEWHYWSPVRZHCT-UHFFFAOYSA-J
SP_000125,AEXNGRVFOMIYOW-ICFOKQHNSA-N
SP_000126,AABKSFWWBUPVNY-NVCPWDGJSA-N
SP_000126,AAFBEFOSCLMOTF-KXBCQOCRSA-N
SP_000126,AAFBEFOSCLMOTF-RRPFJGJLSA-N
SP_000126,AAIXZDBTEWDLSG-UHFFFAOYSA-N
SP_000126,AANMVENRNJYEMK-UHFFFAOYSA-N
SP_000126,AANZTOSGIRNZNM-LNOKNGNPSA-N
SP_000126,AAPGXBRKBIUCMQ-GWHBCOKCSA-N
SP_000126,AAWNBEJOCRYVJE-QNGWXLTQSA-N
SP_000126,AAWZDTNXLSGCEK-UHFFFAOYSA-M
SP_000126,AAXMCYUUKFLUMJ-JSFHAIONSA-N
SP_000126,AAXMCYUUKFLUMJ-TWDRBPDCSA-N
SP_000126,AAXYAFFKOSNMEB-MHARETSRSA-N
SP_000126,AAZOMBJKSJQDHJ-ZBRBWIFHSA-N
SP_000126,AAZZVFONLHYNDZ-NVQRUNIKSA-J
SP_000126,ABBYYPGQJRBTGA-NESBLOORSA-N
SP_000126,ABCOOORLYAOBOZ-KQYNXXCUSA-N
SP_000126,ABFJWRKPWCFTQP-JKFVOKSPSA-N
SP_000126,ABFJWRKPWCFTQP-XSMLMOGHSA-N
SP_000126,ABIKEVIWOJTKQS-AARKOHAPSA-N
SP_000126,ABLZXFCXXLZCGV-UHFFFAOYSA-L
SP_000126,ABRHOUKZOUNSSK-FVEAQGRNSA-N
SP_000126,ABUKPIBHMMLQDI-RCOVLANCSA-N
SP_000126,ACGLCDJEASKGDO-JSYPMYMJSA-N
SP_000126,ACIVVGBVOVHFPQ-RPDRRWSUSA-N
SP_000126,ACLPCAOOWJUVLL-DZKYTWFZSA-N
SP_000126,ACLQSYLJAZRTAP-XAFBQJBNSA-N
SP_000126,ACSIRQPNAYTBRW-VZUYHUTRSA-N
SP_000126,ACTHNCRNFFCCAQ-PLKVWTDNSA-N
SP_000126,ACTHNCRNFFCCAQ-YNQDZHFMSA-N
SP_000126,ACZVSMNFVFBOTM-UHFFFAOYSA-N
SP_000126,ADCKHLSRWCXEIY-GGAPOBRUSA-N
SP_000126,ADHKIZQYPQGIRC-ACSKKKSPSA-N
SP_000126,ADHKIZQYPQGIRC-SOZVHHJESA-N
SP_000126,ADHNTNYEJYJUCU-ZSJFXSENSA-N
SP_000126,ADKNUXINKGBJMY-LDLOPFEMSA-N
SP_000126,ADMGMAPZAQUXIR-VRHMUEQPSA-N
SP_000126,ADNSYCXWAHUWTA-SYOMJGEJSA-N
SP_000126,ADSGHWJRPOXXTD-IHWYPQMZSA-M
SP_000126,ADYPMBBPSUQKED-VOLCNUBSSA-N
SP_000126,ADZPFIMEBZGRHB-ILJAMNOWSA-N
SP_000126,AEFNZGGBWOQYID-UHFFFAOYSA-N
SP_000126,AEIJGHDRIPTRQY-UBTAJKBJSA-N
SP_000126,AELFRHHZGTVYGJ-QMMMGPOBSA-N
SP_000126,AEMFNILZOJDQLW-QAGGRKNESA-N
SP_000126,AERBNCYCJBRYDG-UHFFFAOYSA-N
SP_000126,AESBAQNLQIQXNK-BMFSGJJHSA-N
SP_000126,AETXDQTWHNBCRO-QLKFWGTOSA-N
SP_000126,AEWHYWSPVRZHCT-NDZSKPAWSA-N
SP_000126,AEWHYWSPVRZHCT-UHFFFAOYSA-J
SP_000126,AEXNGRVFOMIYOW-ICFOKQHNSA-N
SP_000127,AABKSFWWBUPVNY-NVCPWDGJSA-N
SP_000127,AAFBEFOSCLMOTF-KXBCQOCRSA-N
SP_000127,AAFBEFOSCLMOTF-RRPFJGJLSA-N
SP_000127,AANMVENRNJYEMK-UHFFFAOYSA-N
SP_000127,AANZTOSGIRNZNM-LNOKNGNPSA-N
SP_000127,AAPGXBRKBIUCMQ-GWHBCOKCSA-N
SP_000127,AAWNBEJOCRYVJE-QNGWXLTQSA-N
SP_000127,AAWZDTNXLSGCEK-UHFFFAOYSA-M
SP_000127,AAWZDTNXLSGCEK-UHFFFAOYSA-N
SP_000127,AAXMCYUUKFLUMJ-JSFHAIONSA-N
SP_000127,AAXMCYUUKFLUMJ-TWDRBPDCSA-N
SP_000127,AAXYAFFKOSNMEB-MHARETSRSA-N
SP_000127,AAZOMBJKSJQDHJ-ZBRBWIFHSA-N
SP_000127,AAZZVFONLHYNDZ-NVQRUNIKSA-J
SP_000127,ABBYYPGQJRBTGA-NESBLOORSA-N
SP_000127,ABCOOORLYAOBOZ-KQYNXXCUSA-N
SP_000127,ABFJWRKPWCFTQP-JKFVOKSPSA-N
SP_000127,ABFJWRKPWCFTQP-XSMLMOGHSA-N
SP_000127,ABIKEVIWOJTKQS-AARKOHAPSA-N
SP_000127,ABLZXFCXXLZCGV-UHFFFAOYSA-L
SP_000127,ABRHOUKZOUNSSK-FVEAQGRNSA-N
SP_000127,ABUKPIBHMMLQDI-RCOVLANCSA-N
SP_000127,ACGLCDJEASKGDO-JSYPMYMJSA-N
SP_000127,ACIVVGBVOVHFPQ-RPDRRWSUSA-N
SP_000127,ACLPCAOOWJUVLL-DZKYTWFZSA-N
SP_000127,ACLQSYLJAZRTAP-XAFBQJBNSA-N
SP_000127,ACSIRQPNAYTBRW-VZUYHUTRSA-N
SP_000127,ACTHNCRNFFCCAQ-PLKVWTDNSA-N
SP_000127,ACTHNCRNFFCCAQ-YNQDZHFMSA-N
SP_000127,ACZVSMNFVFBOTM-UHFFFAOYSA-N
SP_000127,ADCKHLSRWCXEIY-GGAPOBRUSA-N
SP_000127,ADHKIZQYPQGIRC-ACSKKKSPSA-N
SP_000127,ADHKIZQYPQGIRC-SOZVHHJESA-N
SP_000127,ADHNTNYEJYJUCU-ZSJFXSENSA-N
SP_000127,ADKNUXINKGBJMY-LDLOPFEMSA-N
SP_000127,ADMGMAPZAQUXIR-VRHMUEQPSA-N
SP_000127,ADNSYCXWAHUWTA-SYOMJGEJSA-N
SP_000127,ADSGHWJRPOXXTD-IHWYPQMZSA-M
SP_000127,ADYPMBBPSUQKED-VOLCNUBSSA-N
SP_000127,ADZPFIMEBZGRHB-ILJAMNOWSA-N
SP_000127,AEFNZGGBWOQYID-UHFFFAOYSA-N
SP_000127,AEIJGHDRIPTRQY-UBTAJKBJSA-N
SP_000127,AELFRHHZGTVYGJ-QMMMGPOBSA-N
SP_000127,AEMFNILZOJDQLW-QAGGRKNESA-N
SP_000127,AERBNCYCJBRYDG-UHFFFAOYSA-N
SP_000127,AESBAQNLQIQXNK-BMFSGJJHSA-N
SP_000127,AETXDQTWHNBCRO-QLKFWGTOSA-N
SP_000127,AEWHYWSPVRZHCT-NDZSKPAWSA-N
SP_000127,AEWHYWSPVRZHCT-UHFFFAOYSA-J
SP_000127,AEXNGRVFOMIYOW-ICFOKQHNSA-N
SP_000128,AABKSFWWBUPVNY-NVCPWDGJSA-N
SP_000128,AAFBEFOSCLMOTF-KXBCQOCRSA-N
SP_000128,AAFBEFOSCLMOTF-RRPFJGJLSA-N
SP_000128,AANMVENRNJYEMK-UHFFFAOYSA-N
SP_000128,AANZTOSGIRNZNM-LNOKNGNPSA-N
SP_000128,AAPGXBRKBIUCMQ-GWHBCOKCSA-N
SP_000128,AAWNBEJOCRYVJE-QNGWXLTQSA-N
SP_000128,AAWZDTNXLSGCEK-UHFFFAOYSA-M
SP_000128,AAXMCYUUKFLUMJ-JSFHAIONSA-N
SP_000128,AAXMCYUUKFLUMJ-TWDRBPDCSA-N
SP_000128,AAXYAFFKOSNMEB-MHARETSRSA-N
SP_000128,AAZOMBJKSJQDHJ-ZBRBWIFHSA-N
SP_000128,AAZZVFONLHYNDZ-NVQRUNIKSA-J
SP_000128,ABBYYPGQJRBTGA-NESBLOORSA-N
SP_000128,ABCOOORLYAOBOZ-KQYNXXCUSA-N
SP_000128,ABFJWRKPWCFTQP-JKFVOKSPSA-N
SP_000128,ABFJWRKPWCFTQP-XSMLMOGHSA-N
SP_000128,ABIKEVIWOJTKQS-AARKOHAPSA-N
SP_000128,ABLZXFCXXLZCGV-UHFFFAOYSA-L
SP_000128,ABRHOUKZOUNSSK-FVEAQGRNSA-N
SP_000128,ABUKPIBHMMLQDI-RCOVLANCSA-N
SP_000128,ACGLCDJEASKGDO-JSYPMYMJSA-N
SP_000128,ACIVVGBVOVHFPQ-RPDRRWSUSA-N
SP_000128,ACLPCAOOWJUVLL-DZKYTWFZSA-N
SP_000128,ACLQSYLJAZRTAP-XAFBQJBNSA-N
SP_000128,ACSIRQPNAYTBRW-VZUYHUTRSA-N
SP_000128,ACTHNCRNFFCCAQ-PLKVWTDNSA-N
SP_000128,ACTHNCRNFFCCAQ-YNQDZHFMSA-N
SP_000128,ACUIYXOOZPHRRA-DHEZTBRESA-N
SP_000128,ACZVSMNFVFBOTM-UHFFFAOYSA-N
SP_000128,ADCKHLSRWCXEIY-GGAPOBRUSA-N
SP_000128,ADHKIZQYPQGIRC-ACSKKKSPSA-N
SP_000128,ADHKIZQYPQGIRC-SOZVHHJESA-N
SP_000128,ADHNTNYEJYJUCU-ZSJFXSENSA-N
SP_000128,ADKNUXINKGBJMY-LDLOPFEMSA-N
SP_000128,ADMGMAPZAQUXIR-VRHMUEQPSA-N
SP_000128,ADNSYCXWAHUWTA-SYOMJGEJSA-N
SP_000128,ADOBXTDBFNCOBN-UHFFFAOYSA-N
SP_000128,ADSGHWJRPOXXTD-IHWYPQMZSA-M
SP_000128,ADYPMBBPSUQKED-VOLCNUBSSA-N
SP_000128,ADZPFIMEBZGRHB-ILJAMNOWSA-N
SP_000128,AEFNZGGBWOQYID-UHFFFAOYSA-N
SP_000128,AEIJGHDRIPTRQY-UBTAJKBJSA-N
SP_000128,AELFRHHZGTVYGJ-QMMMGPOBSA-N
SP_000128,AEMFNILZOJDQLW-QAGGRKNESA-N
SP_000128,AEMOLEFTQBMNLQ-AQKNRBDQSA-N
SP_000128,AEMOLEFTQBMNLQ-WAXACMCWSA-N
SP_000128,AERBNCYCJBRYDG-UHFFFAOYSA-N
SP_000128,AESBAQNLQIQXNK-BMFSGJJHSA-N
SP_000128,AETXDQTWHNBCRO-QLKFWGTOSA-N
SP_000129,AABKSFWWBUPVNY-NVCPWDGJSA-N
SP_000129,AAFBEFOSCLMOTF-KXBCQOCRSA-N
SP_000129,AAFBEFOSCLMOTF-RRPFJGJLSA-N
SP_000129,AANMVENRNJYEMK-UHFFFAOYSA-N
SP_000129,AANZTOSGIRNZNM-LNOKNGNPSA-N
SP_000129,AAPGXBRKBIUCMQ-GWHBCOKCSA-N
SP_000129,AAWNBEJOCRYVJE-QNGWXLTQSA-N
SP_000129,AAWZDTNXLSGCEK-UHFFFAOYSA-M
SP_000129,AAXMCYUUKFLUMJ-JSFHAIONSA-N
SP_000129,AAXMCYUUKFLUMJ-TWDRBPDCSA-N
SP_000129,AAXYAFFKOSNMEB-MHARETSRSA-N
SP_000129,AAZOMBJKSJQDHJ-ZBRBWIFHSA-N
SP_000129,AAZZVFONLHYNDZ-NVQRUNIKSA-J
SP_000129,ABBYYPGQJRBTGA-NESBLOORSA-N
SP_000129,ABCOOORLYAOBOZ-KQYNXXCUSA-N
SP_000129,ABFJWRKPWCFTQP-JKFVOKSPSA-N
SP_000129,ABFJWRKPWCFTQP-XSMLMOGHSA-N
SP_000129,ABIKEVIWOJTKQS-AARKOHAPSA-N
SP_000129,ABLZXFCXXLZCGV-UHFFFAOYSA-L
SP_000129,ABRHOUKZOUNSSK-FVEAQGRNSA-N
SP_000129,ABUKPIBHMMLQDI-RCOVLANCSA-N
SP_000129,ACGLCDJEASKGDO-JSYPMYMJSA-N
SP_000129,ACIVVGBVOVHFPQ-RPDRRWSUSA-N
SP_000129,ACLPCAOOWJUVLL-DZKYTWFZSA-N
SP_000129,ACLQSYLJAZRTAP-XAFBQJBNSA-N
SP_000129,ACSIRQPNAYTBRW-VZUYHUTRSA-N
SP_000129,ACTHNCRNFFCCAQ-PLKVWTDNSA-N
SP_000129,ACTHNCRNFFCCAQ-YNQDZHFMSA-N
SP_000129,ACZVSMNFVFBOTM-UHFFFAOYSA-N
SP_000129,ADCKHLSRWCXEIY-GGAPOBRUSA-N
SP_000129,ADHKIZQYPQGIRC-ACSKKKSPSA-N
SP_000129,ADHKIZQYPQGIRC-SOZVHHJESA-N
SP_000129,ADHNTNYEJYJUCU-ZSJFXSENSA-N
SP_000129,ADKNUXINKGBJMY-LDLOPFEMSA-N
SP_000129,ADMGMAPZAQUXIR-VRHMUEQPSA-N
SP_000129,ADNSYCXWAHUWTA-SYOMJGEJSA-N
SP_000129,ADSGHWJRPOXXTD-IHWYPQMZSA-M
SP_000129,ADYPMBBPSUQKED-VOLCNUBSSA-N
SP_000129,ADZPFIMEBZGRHB-ILJAMNOWSA-N
SP_000129,AEFNZGGBWOQYID-UHFFFAOYSA-N
SP_000129,AEIJGHDRIPTRQY-UBTAJKBJSA-N
SP_000129,AELFRHHZGTVYGJ-QMMMGPOBSA-N
SP_000129,AEMFNILZOJDQLW-QAGGRKNESA-N
SP_000129,AERBNCYCJBRYDG-UHFFFAOYSA-N
SP_000129,AESBAQNLQIQXNK-BMFSGJJHSA-N
SP_000129,AETXDQTWHNBCRO-QLKFWGTOSA-N
SP_000129,AEWHYWSPVRZHCT-NDZSKPAWSA-N
SP_000129,AEWHYWSPVRZHCT-UHFFFAOYSA-J
SP_000129,AEXNGRVFOMIYOW-ICFOKQHNSA-N
SP_000129,AFFQVAIMWFYJJS-DTHFMEMVSA-N
SP_000130,AABKSFWWBUPVNY-NVCPWDGJSA-N
SP_000130,AAFBEFOSCLMOTF-KXBCQOCRSA-N
SP_000130,AAFBEFOSCLMOTF-RRPFJGJLSA-N
SP_000130,AANMVENRNJYEMK-UHFFFAOYSA-N
SP_000130,AANZTOSGIRNZNM-LNOKNGNPSA-N
SP_000130,AAPGXBRKBIUCMQ-GWHBCOKCSA-N
SP_000130,AAWNBEJOCRYVJE-QNGWXLTQSA-N
SP_000130,AAWZDTNXLSGCEK-UHFFFAOYSA-M
SP_000130,AAXMCYUUKFLUMJ-JSFHAIONSA-N
SP_000130,AAXMCYUUKFLUMJ-TWDRBPDCSA-N
SP_000130,AAXYAFFKOSNMEB-MHARETSRSA-N
SP_000130,AAZOMBJKSJQDHJ-ZBRBWIFHSA-N
SP_000130,AAZZVFONLHYNDZ-NVQRUNIKSA-J
SP_000130,ABBYYPGQJRBTGA-NESBLOORSA-N
SP_000130,ABCOOORLYAOBOZ-KQYNXXCUSA-N
SP_000130,ABFJWRKPWCFTQP-JKFVOKSPSA-N
SP_000130,ABFJWRKPWCFTQP-XSMLMOGHSA-N
SP_000130,ABIKEVIWOJTKQS-AARKOHAPSA-N
SP_000130,ABLZXFCXXLZCGV-UHFFFAOYSA-L
SP_000130,ABRHOUKZOUNSSK-FVEAQGRNSA-N
SP_000130,ABUKPIBHMMLQDI-RCOVLANCSA-N
SP_000130,ACGLCDJEASKGDO-JSYPMYMJSA-N
SP_000130,ACIVVGBVOVHFPQ-RPDRRWSUSA-N
SP_000130,ACLPCAOOWJUVLL-DZKYTWFZSA-N
SP_000130,ACLQSYLJAZRTAP-XAFBQJBNSA-N
SP_000130,ACSIRQPNAYTBRW-VZUYHUTRSA-N
SP_000130,ACTHNCRNFFCCAQ-PLKVWTDNSA-N
SP_000130,ACTHNCRNFFCCAQ-YNQDZHFMSA-N
SP_000130,ACZVSMNFVFBOTM-UHFFFAOYSA-N
SP_000130,ADCKHLSRWCXEIY-GGAPOBRUSA-N
SP_000130,ADHKIZQYPQGIRC-ACSKKKSPSA-N
SP_000130,ADHKIZQYPQGIRC-SOZVHHJESA-N
SP_000130,ADHNTNYEJYJUCU-ZSJFXSENSA-N
SP_000130,ADKNUXINKGBJMY-LDLOPFEMSA-N
SP_000130,ADMGMAPZAQUXIR-VRHMUEQPSA-N
SP_000130,ADNSYCXWAHUWTA-SYOMJGEJSA-N
SP_000130,ADSGHWJRPOXXTD-IHWYPQMZSA-M
SP_000130,ADYPMBBPSUQKED-VOLCNUBSSA-N
SP_000130,ADZPFIMEBZGRHB-ILJAMNOWSA-N
SP_000130,AEFNZGGBWOQYID-UHFFFAOYSA-N
SP_000130,AEIJGHDRIPTRQY-UBTAJKBJSA-N
SP_000130,AELFRHHZGTVYGJ-QMMMGPOBSA-N
SP_000130,AEMFNILZOJDQLW-QAGGRKNESA-N
SP_000130,AERBNCYCJBRYDG-UHFFFAOYSA-N
SP_000130,AESBAQNLQIQXNK-BMFSGJJHSA-N
SP_000130,AETXDQTWHNBCRO-QLKFWGTOSA-N
SP_000130,AEWHYWSPVRZHCT-NDZSKPAWSA-N
SP_000130,AEWHYWSPVRZHCT-UHFFFAOYSA-J
SP_000130,AEXNGRVFOMIYOW-ICFOKQHNSA-N
SP_000130,AFFQVAIMWFYJJS-DTHFMEMVSA-N
SP_000131,AABKSFWWBUPVNY-NVCPWDGJSA-N
SP_000131,AAFBEFOSCLMOTF-KXBCQOCRSA-N
SP_000131,AAFBEFOSCLMOTF-RRPFJGJLSA-N
SP_000131,AANMVENRNJYEMK-UHFFFAOYSA-N
SP_000131,AANZTOSGIRNZNM-LNOKNGNPSA-N
SP_000131,AAOVKJBEBIDNHE-UHFFFAOYSA-N
SP_000131,AAPGXBRKBIUCMQ-GWHBCOKCSA-N
SP_000131,AAWNBEJOCRYVJE-QNGWXLTQSA-N
SP_000131,AAWZDTNXLSGCEK-UHFFFAOYSA-M
SP_000131,AAXMCYUUKFLUMJ-JSFHAIONSA-N
SP_000131,AAXMCYUUKFLUMJ-TWDRBPDCSA-N
SP_000131,AAXYAFFKOSNMEB-MHARETSRSA-N
SP_000131,AAZOMBJKSJQDHJ-ZBRBWIFHSA-N
SP_000131,AAZZVFONLHYNDZ-NVQRUNIKSA-J
SP_000131,ABBYYPGQJRBTGA-NESBLOORSA-N
SP_000131,ABCOOORLYAOBOZ-KQYNXXCUSA-N
SP_000131,ABFJWRKPWCFTQP-JKFVOKSPSA-N
SP_000131,ABFJWRKPWCFTQP-XSMLMOGHSA-N
SP_000131,ABIKEVIWOJTKQS-AARKOHAPSA-N
SP_000131,ABLZXFCXXLZCGV-UHFFFAOYSA-L
SP_000131,ABRHOUKZOUNSSK-FVEAQGRNSA-N
SP_000131,ABUKPIBHMMLQDI-RCOVLANCSA-N
SP_000131,ACGLCDJEASKGDO-JSYPMYMJSA-N
SP_000131,ACIVVGBVOVHFPQ-RPDRRWSUSA-N
SP_000131,ACLPCAOOWJUVLL-DZKYTWFZSA-N
SP_000131,ACLQSYLJAZRTAP-XAFBQJBNSA-N
SP_000131,ACSIRQPNAYTBRW-VZUYHUTRSA-N
SP_000131,ACTHNCRNFFCCAQ-PLKVWTDNSA-N
SP_000131,ACTHNCRNFFCCAQ-YNQDZHFMSA-N
SP_000131,ACZVSMNFVFBOTM-UHFFFAOYSA-N
SP_000131,ADCKHLSRWCXEIY-GGAPOBRUSA-N
SP_000131,ADHKIZQYPQGIRC-ACSKKKSPSA-N
SP_000131,ADHKIZQYPQGIRC-SOZVHHJESA-N
SP_000131,ADHNTNYEJYJUCU-ZSJFXSENSA-N
SP_000131,ADKNUXINKGBJMY-LDLOPFEMSA-N
SP_000131,ADMGMAPZAQUXIR-VRHMUEQPSA-N
SP_000131,ADNSYCXWAHUWTA-SYOMJGEJSA-N
SP_000131,ADSGHWJRPOXXTD-IHWYPQMZSA-M
SP_000131,ADYPMBBPSUQKED-VOLCNUBSSA-N
SP_000131,ADZPFIMEBZGRHB-ILJAMNOWSA-N
SP_000131,AEFNZGGBWOQYID-UHFFFAOYSA-N
SP_000131,AEIJGHDRIPTRQY-UBTAJKBJSA-N
SP_000131,AELFRHHZGTVYGJ-QMMMGPOBSA-N
SP_000131,AEMFNILZOJDQLW-QAGGRKNESA-N
SP_000131,AERBNCYCJBRYDG-UHFFFAOYSA-N
SP_000131,AESBAQNLQIQXNK-BMFSGJJHSA-N
SP_000131,AETXDQTWHNBCRO-QLKFWGTOSA-N
SP_000131,AEWHYWSPVRZHCT-NDZSKPAWSA-N
SP_000131,AEWHYWSPVRZHCT-UHFFFAOYSA-J
SP_000131,AEXNGRVFOMIYOW-ICFOKQHNSA-N
SP_000132,AABKSFWWBUPVNY-NVCPWDGJSA-N
SP_000132,AAFBEFOSCLMOTF-KXBCQOCRSA-N
SP_000132,AAFBEFOSCLMOTF-RRPFJGJLSA-N
SP_000132,AANMVENRNJYEMK-UHFFFAOYSA-N
SP_000132,AANZTOSGIRNZNM-LNOKNGNPSA-N
SP_000132,AAPGXBRKBIUCMQ-GWHBCOKCSA-N
SP_000132,AAWNBEJOCRYVJE-QNGWXLTQSA-N
SP_000132,AAWZDTNXLSGCEK-UHFFFAOYSA-M
SP_000132,AAWZDTNXLSGCEK-UHFFFAOYSA-N
SP_000132,AAXMCYUUKFLUMJ-JSFHAIONSA-N
SP_000132,AAXMCYUUKFLUMJ-TWDRBPDCSA-N
SP_000132,AAXYAFFKOSNMEB-MHARETSRSA-N
SP_000132,AAZOMBJKSJQDHJ-ZBRBWIFHSA-N
SP_000132,AAZZVFONLHYNDZ-NVQRUNIKSA-J
SP_000132,ABBYYPGQJRBTGA-NESBLOORSA-N
SP_000132,ABCOOORLYAOBOZ-KQYNXXCUSA-N
SP_000132,ABFJWRKPWCFTQP-JKFVOKSPSA-N
SP_000132,ABFJWRKPWCFTQP-XSMLMOGHSA-N
SP_000132,ABIKEVIWOJTKQS-AARKOHAPSA-N
SP_000132,ABLZXFCXXLZCGV-UHFFFAOYSA-L
SP_000132,ABRHOUKZOUNSSK-FVEAQGRNSA-N
SP_000132,ABUKPIBHMMLQDI-RCOVLANCSA-N
SP_000132,ACGLCDJEASKGDO-JSYPMYMJSA-N
SP_000132,ACIVVGBVOVHFPQ-RPDRRWSUSA-N
SP_000132,ACLPCAOOWJUVLL-DZKYTWFZSA-N
SP_000132,ACLQSYLJAZRTAP-XAFBQJBNSA-N
SP_000132,ACSIRQPNAYTBRW-VZUYHUTRSA-N
SP_000132,ACTHNCRNFFCCAQ-PLKVWTDNSA-N
SP_000132,ACTHNCRNFFCCAQ-YNQDZHFMSA-N
SP_000132,ACZVSMNFVFBOTM-UHFFFAOYSA-N
SP_000132,ADCKHLSRWCXEIY-GGAPOBRUSA-N
SP_000132,ADHKIZQYPQGIRC-ACSKKKSPSA-N
SP_000132,ADHKIZQYPQGIRC-SOZVHHJESA-N
SP_000132,ADHNTNYEJYJUCU-ZSJFXSENSA-N
SP_000132,ADKNUXINKGBJMY-LDLOPFEMSA-N
SP_000132,ADMGMAPZAQUXIR-VRHMUEQPSA-N
SP_000132,ADNSYCXWAHUWTA-SYOMJGEJSA-N
SP_000132,ADSGHWJRPOXXTD-IHWYPQMZSA-M
SP_000132,ADYPMBBPSUQKED-VOLCNUBSSA-N
SP_000132,ADZPFIMEBZGRHB-ILJAMNOWSA-N
SP_000132,AEFNZGGBWOQYID-UHFFFAOYSA-N
SP_000132,AEIJGHDRIPTRQY-UBTAJKBJSA-N
SP_000132,AELFRHHZGTVYGJ-QMMMGPOBSA-N
SP_000132,AEMFNILZOJDQLW-QAGGRKNESA-N
SP_000132,AERBNCYCJBRYDG-UHFFFAOYSA-N
SP_000132,AESBAQNLQIQXNK-BMFSGJJHSA-N
SP_000132,AETXDQTWHNBCRO-QLKFWGTOSA-N
SP_000132,AEWHYWSPVRZHCT-NDZSKPAWSA-N
SP_000132,AEWHYWSPVRZHCT-UHFFFAOYSA-J
SP_000132,AEXNGRVFOMIYOW-ICFOKQHNSA-N
SP_000133,AABKSFWWBUPVNY-NVCPWDGJSA-N
SP_000133,AAFBEFOSCLMOTF-KXBCQOCRSA-N
SP_000133,AAFBEFOSCLMOTF-RRPFJGJLSA-N
SP_000133,AANMVENRNJYEMK-UHFFFAOYSA-N
SP_000133,AANZTOSGIRNZNM-LNOKNGNPSA-N
SP_000133,AAPGXBRKBIUCMQ-GWHBCOKCSA-N
SP_000133,AAWNBEJOCRYVJE-QNGWXLTQSA-N
SP_000133,AAWZDTNXLSGCEK-UHFFFAOYSA-M
SP_000133,AAXMCYUUKFLUMJ-JSFHAIONSA-N
SP_000133,AAXMCYUUKFLUMJ-TWDRBPDCSA-N
SP_000133,AAXYAFFKOSNMEB-MHARETSRSA-N
SP_000133,AAZOMBJKSJQDHJ-ZBRBWIFHSA-N
SP_000133,AAZZVFONLHYNDZ-NVQRUNIKSA-J
SP_000133,ABBYYPGQJRBTGA-NESBLOORSA-N
SP_000133,ABCOOORLYAOBOZ-KQYNXXCUSA-N
SP_000133,ABFJWRKPWCFTQP-JKFVOKSPSA-N
SP_000133,ABFJWRKPWCFTQP-XSMLMOGHSA-N
SP_000133,ABIKEVIWOJTKQS-AARKOHAPSA-N
SP_000133,ABLZXFCXXLZCGV-UHFFFAOYSA-L
SP_000133,ABRHOUKZOUNSSK-FVEAQGRNSA-N
SP_000133,ABUKPIBHMMLQDI-RCOVLANCSA-N
SP_000133,ACGLCDJEASKGDO-JSYPMYMJSA-N
SP_000133,ACIVVGBVOVHFPQ-RPDRRWSUSA-N
SP_000133,ACLPCAOOWJUVLL-DZKYTWFZSA-N
SP_000133,ACLQSYLJAZRTAP-XAFBQJBNSA-N
SP_000133,ACSIRQPNAYTBRW-VZUYHUTRSA-N
SP_000133,ACTHNCRNFFCCAQ-PLKVWTDNSA-N
SP_000133,ACTHNCRNFFCCAQ-YNQDZHFMSA-N
SP_000133,ACZVSMNFVFBOTM-UHFFFAOYSA-N
SP_000133,ADCKHLSRWCXEIY-GGAPOBRUSA-N
SP_000133,ADHKIZQYPQGIRC-ACSKKKSPSA-N
SP_000133,ADHKIZQYPQGIRC-SOZVHHJESA-N
SP_000133,ADHNTNYEJYJUCU-ZSJFXSENSA-N
SP_000133,ADKNUXINKGBJMY-LDLOPFEMSA-N
SP_000133,ADMGMAPZAQUXIR-VRHMUEQPSA-N
SP_000133,ADNSYCXWAHUWTA-SYOMJGEJSA-N
SP_000133,ADSGHWJRPOXXTD-IHWYPQMZSA-M
SP_000133,ADYPMBBPSUQKED-VOLCNUBSSA-N
SP_000133,ADZPFIMEBZGRHB-ILJAMNOWSA-N
SP_000133,AEFNZGGBWOQYID-UHFFFAOYSA-N
SP_000133,AEIJGHDRIPTRQY-UBTAJKBJSA-N
SP_000133,AELFRHHZGTVYGJ-QMMMGPOBSA-N
SP_000133,AEMFNILZOJDQLW-QAGGRKNESA-N
SP_000133,AERBNCYCJBRYDG-UHFFFAOYSA-N
SP_000133,AESBAQNLQIQXNK-BMFSGJJHSA-N
SP_000133,AETXDQTWHNBCRO-QLKFWGTOSA-N
SP_000133,AEWHYWSPVRZHCT-NDZSKPAWSA-N
SP_000133,AEWHYWSPVRZHCT-UHFFFAOYSA-J
SP_000133,AEXNGRVFOMIYOW-ICFOKQHNSA-N
SP_000133,AFFQVAIMWFYJJS-DTHFMEMVSA-N
SP_000134,AABKSFWWBUPVNY-NVCPWDGJSA-N
SP_000134,AAFBEFOSCLMOTF-KXBCQOCRSA-N
SP_000134,AAFBEFOSCLMOTF-RRPFJGJLSA-N
SP_000134,AANMVENRNJYEMK-UHFFFAOYSA-N
SP_000134,AANZTOSGIRNZNM-LNOKNGNPSA-N
SP_000134,AAPGXBRKBIUCMQ-GWHBCOKCSA-N
SP_000134,AAWNBEJOCRYVJE-QNGWXLTQSA-N
SP_000134,AAWZDTNXLSGCEK-UHFFFAOYSA-M
SP_000134,AAXMCYUUKFLUMJ-JSFHAIONSA-N
SP_000134,AAXMCYUUKFLUMJ-TWDRBPDCSA-N
SP_000134,AAXYAFFKOSNMEB-MHARETSRSA-N
SP_000134,AAZOMBJKSJQDHJ-ZBRBWIFHSA-N
SP_000134,AAZZVFONLHYNDZ-NVQRUNIKSA-J
SP_000134,ABBYYPGQJRBTGA-NESBLOORSA-N
SP_000134,ABCOOORLYAOBOZ-KQYNXXCUSA-N
SP_000134,ABFJWRKPWCFTQP-JKFVOKSPSA-N
SP_000134,ABFJWRKPWCFTQP-XSMLMOGHSA-N
SP_000134,ABIKEVIWOJTKQS-AARKOHAPSA-N
SP_000134,ABLZXFCXXLZCGV-UHFFFAOYSA-L
SP_000134,ABRHOUKZOUNSSK-FVEAQGRNSA-N
SP_000134,ABUKPIBHMMLQDI-RCOVLANCSA-N
SP_000134,ACGLCDJEASKGDO-JSYPMYMJSA-N
SP_000134,ACIVVGBVOVHFPQ-RPDRRWSUSA-N
SP_000134,ACLPCAOOWJUVLL-DZKYTWFZSA-N
SP_000134,ACLQSYLJAZRTAP-XAFBQJBNSA-N
SP_000134,ACSIRQPNAYTBRW-VZUYHUTRSA-N
SP_000134,ACTHNCRNFFCCAQ-PLKVWTDNSA-N
SP_000134,ACTHNCRNFFCCAQ-YNQDZHFMSA-N
SP_000134,ACZVSMNFVFBOTM-UHFFFAOYSA-N
SP_000134,ADCKHLSRWCXEIY-GGAPOBRUSA-N
SP_000134,ADHKIZQYPQGIRC-ACSKKKSPSA-N
SP_000134,ADHKIZQYPQGIRC-SOZVHHJESA-N
SP_000134,ADHNTNYEJYJUCU-ZSJFXSENSA-N
SP_000134,ADKNUXINKGBJMY-LDLOPFEMSA-N
SP_000134,ADMGMAPZAQUXIR-VRHMUEQPSA-N
SP_000134,ADNSYCXWAHUWTA-SYOMJGEJSA-N
SP_000134,ADSGHWJRPOXXTD-IHWYPQMZSA-M
SP_000134,ADYPMBBPSUQKED-VOLCNUBSSA-N
SP_000134,ADZPFIMEBZGRHB-ILJAMNOWSA-N
SP_000134,AEFNZGGBWOQYID-UHFFFAOYSA-N
SP_000134,AEIJGHDRIPTRQY-UBTAJKBJSA-N
SP_000134,AELFRHHZGTVYGJ-QMMMGPOBSA-N
SP_000134,AEMFNILZOJDQLW-QAGGRKNESA-N
SP_000134,AERBNCYCJBRYDG-UHFFFAOYSA-N
SP_000134,AESBAQNLQIQXNK-BMFSGJJHSA-N
SP_000134,AETXDQTWHNBCRO-QLKFWGTOSA-N
SP_000134,AEWHYWSPVRZHCT-NDZSKPAWSA-N
SP_000134,AEWHYWSPVRZHCT-UHFFFAOYSA-J
SP_000134,AEXNGRVFOMIYOW-ICFOKQHNSA-N
SP_000134,AFFQVAIMWFYJJS-DTHFMEMVSA-N
SP_000135,AABKSFWWBUPVNY-NVCPWDGJSA-N
SP_000135,AAFBEFOSCLMOTF-KXBCQOCRSA-N
SP_000135,AAFBEFOSCLMOTF-RRPFJGJLSA-N
SP_000135,AANMVENRNJYEMK-UHFFFAOYSA-N
SP_000135,AANZTOSGIRNZNM-LNOKNGNPSA-N
SP_000135,AAPGXBRKBIUCMQ-GWHBCOKCSA-N
SP_000135,AAWNBEJOCRYVJE-QNGWXLTQSA-N
SP_000135,AAWZDTNXLSGCEK-UHFFFAOYSA-M
SP_000135,AAWZDTNXLSGCEK-UHFFFAOYSA-N
SP_000135,AAXMCYUUKFLUMJ-JSFHAIONSA-N
SP_000135,AAXMCYUUKFLUMJ-TWDRBPDCSA-N
SP_000135,AAXYAFFKOSNMEB-MHARETSRSA-N
SP_000135,AAZOMBJKSJQDHJ-ZBRBWIFHSA-N
SP_000135,AAZZVFONLHYNDZ-NVQRUNIKSA-J
SP_000135,ABBYYPGQJRBTGA-NESBLOORSA-N
SP_000135,ABCOOORLYAOBOZ-KQYNXXCUSA-N
SP_000135,ABFJWRKPWCFTQP-JKFVOKSPSA-N
SP_000135,ABFJWRKPWCFTQP-XSMLMOGHSA-N
SP_000135,ABIKEVIWOJTKQS-AARKOHAPSA-N
SP_000135,ABLZXFCXXLZCGV-UHFFFAOYSA-L
SP_000135,ABRHOUKZOUNSSK-FVEAQGRNSA-N
SP_000135,ABUKPIBHMMLQDI-RCOVLANCSA-N
SP_000135,ACGLCDJEASKGDO-JSYPMYMJSA-N
SP_000135,ACIVVGBVOVHFPQ-RPDRRWSUSA-N
SP_000135,ACLPCAOOWJUVLL-DZKYTWFZSA-N
SP_000135,ACLQSYLJAZRTAP-XAFBQJBNSA-N
SP_000135,ACSIRQPNAYTBRW-VZUYHUTRSA-N
SP_000135,ACTHNCRNFFCCAQ-PLKVWTDNSA-N
SP_000135,ACTHNCRNFFCCAQ-YNQDZHFMSA-N
SP_000135,ACZVSMNFVFBOTM-UHFFFAOYSA-N
SP_000135,ADCKHLSRWCXEIY-GGAPOBRUSA-N
SP_000135,ADHKIZQYPQGIRC-ACSKKKSPSA-N
SP_000135,ADHKIZQYPQGIRC-SOZVHHJESA-N
SP_000135,ADHNTNYEJYJUCU-ZSJFXSENSA-N
SP_000135,ADKNUXINKGBJMY-LDLOPFEMSA-N
SP_000135,ADMGMAPZAQUXIR-VRHMUEQPSA-N
SP_000135,ADNSYCXWAHUWTA-SYOMJGEJSA-N
SP_000135,ADSGHWJRPOXXTD-IHWYPQMZSA-M
SP_000135,ADYPMBBPSUQKED-VOLCNUBSSA-N
SP_000135,ADZPFIMEBZGRHB-ILJAMNOWSA-N
SP_000135,AEFNZGGBWOQYID-UHFFFAOYSA-N
SP_000135,AEIJGHDRIPTRQY-UBTAJKBJSA-N
SP_000135,AELFRHHZGTVYGJ-QMMMGPOBSA-N
SP_000135,AEMFNILZOJDQLW-QAGGRKNESA-N
SP_000135,AERBNCYCJBRYDG-UHFFFAOYSA-N
SP_000135,AESBAQNLQIQXNK-BMFSGJJHSA-N
SP_000135,AETXDQTWHNBCRO-QLKFWGTOSA-N
SP_000135,AEWHYWSPVRZHCT-NDZSKPAWSA-N
SP_000135,AEWHYWSPVRZHCT-UHFFFAOYSA-J
SP_000135,AEXNGRVFOMIYOW-ICFOKQHNSA-N
SP_000136,AABKSFWWBUPVNY-NVCPWDGJSA-N
SP_000136,AAFBEFOSCLMOTF-KXBCQOCRSA-N
SP_000136,AAFBEFOSCLMOTF-RRPFJGJLSA-N
SP_000136,AANMVENRNJYEMK-UHFFFAOYSA-N
SP_000136,AANZTOSGIRNZNM-LNOKNGNPSA-N
SP_000136,AAPGXBRKBIUCMQ-GWHBCOKCSA-N
SP_000136,AAWNBEJOCRYVJE-QNGWXLTQSA-N
SP_000136,AAWZDTNXLSGCEK-UHFFFAOYSA-M
SP_000136,AAXMCYUUKFLUMJ-JSFHAIONSA-N
SP_000136,AAXMCYUUKFLUMJ-TWDRBPDCSA-N
SP_000136,AAXYAFFKOSNMEB-MHARETSRSA-N
SP_000136,AAZOMBJKSJQDHJ-ZBRBWIFHSA-N
SP_000136,AAZZVFONLHYNDZ-NVQRUNIKSA-J
SP_000136,ABBYYPGQJRBTGA-NESBLOORSA-N
SP_000136,ABCOOORLYAOBOZ-KQYNXXCUSA-N
SP_000136,ABFJWRKPWCFTQP-JKFVOKSPSA-N
SP_000136,ABFJWRKPWCFTQP-XSMLMOGHSA-N
SP_000136,ABIKEVIWOJTKQS-AARKOHAPSA-N
SP_000136,ABLZXFCXXLZCGV-UHFFFAOYSA-L
SP_000136,ABRHOUKZOUNSSK-FVEAQGRNSA-N
SP_000136,ABUKPIBHMMLQDI-RCOVLANCSA-N
SP_000136,ACGLCDJEASKGDO-JSYPMYMJSA-N
SP_000136,ACIVVGBVOVHFPQ-RPDRRWSUSA-N
SP_000136,ACLPCAOOWJUVLL-DZKYTWFZSA-N
SP_000136,ACLQSYLJAZRTAP-XAFBQJBNSA-N
SP_000136,ACSIRQPNAYTBRW-VZUYHUTRSA-N
SP_000136,ACTHNCRNFFCCAQ-PLKVWTDNSA-N
SP_000136,ACTHNCRNFFCCAQ-YNQDZHFMSA-N
SP_000136,ACZVSMNFVFBOTM-UHFFFAOYSA-N
SP_000136,ADCKHLSRWCXEIY-GGAPOBRUSA-N
SP_000136,ADHKIZQYPQGIRC-ACSKKKSPSA-N
SP_000136,ADHKIZQYPQGIRC-SOZVHHJESA-N
SP_000136,ADHNTNYEJYJUCU-ZSJFXSENSA-N
SP_000136,ADKNUXINKGBJMY-LDLOPFEMSA-N
SP_000136,ADMGMAPZAQUXIR-VRHMUEQPSA-N
SP_000136,ADNSYCXWAHUWTA-SYOMJGEJSA-N
SP_000136,ADSGHWJRPOXXTD-IHWYPQMZSA-M
SP_000136,ADYPMBBPSUQKED-VOLCNUBSSA-N
SP_000136,ADZPFIMEBZGRHB-ILJAMNOWSA-N
SP_000136,AEFNZGGBWOQYID-UHFFFAOYSA-N
SP_000136,AEIJGHDRIPTRQY-UBTAJKBJSA-N
SP_000136,AELFRHHZGTVYGJ-QMMMGPOBSA-N
SP_000136,AEMFNILZOJDQLW-QAGGRKNESA-N
SP_000136,AERBNCYCJBRYDG-UHFFFAOYSA-N
SP_000136,AESBAQNLQIQXNK-BMFSGJJHSA-N
SP_000136,AETXDQTWHNBCRO-QLKFWGTOSA-N
SP_000136,AEWHYWSPVRZHCT-NDZSKPAWSA-N
SP_000136,AEWHYWSPVRZHCT-UHFFFAOYSA-J
SP_000136,AEXNGRVFOMIYOW-ICFOKQHNSA-N
SP_000136,AFFQVAIMWFYJJS-DTHFMEMVSA-N
SP_000137,AABKSFWWBUPVNY-NVCPWDGJSA-N
SP_000137,AAFBEFOSCLMOTF-KXBCQOCRSA-N
SP_000137,AAFBEFOSCLMOTF-RRPFJGJLSA-N
SP_000137,AANMVENRNJYEMK-UHFFFAOYSA-N
SP_000137,AANZTOSGIRNZNM-LNOKNGNPSA-N
SP_000137,AAPGXBRKBIUCMQ-GWHBCOKCSA-N
SP_000137,AAWNBEJOCRYVJE-QNGWXLTQSA-N
SP_000137,AAWZDTNXLSGCEK-UHFFFAOYSA-M
SP_000137,AAWZDTNXLSGCEK-UHFFFAOYSA-N
SP_000137,AAXMCYUUKFLUMJ-JSFHAIONSA-N
SP_000137,AAXMCYUUKFLUMJ-TWDRBPDCSA-N
SP_000137,AAXYAFFKOSNMEB-MHARETSRSA-N
SP_000137,AAZOMBJKSJQDHJ-ZBRBWIFHSA-N
SP_000137,AAZZVFONLHYNDZ-NVQRUNIKSA-J
SP_000137,ABBYYPGQJRBTGA-NESBLOORSA-N
SP_000137,ABCOOORLYAOBOZ-KQYNXXCUSA-N
SP_000137,ABFJWRKPWCFTQP-JKFVOKSPSA-N
SP_000137,ABFJWRKPWCFTQP-XSMLMOGHSA-N
SP_000137,ABIKEVIWOJTKQS-AARKOHAPSA-N
SP_000137,ABLZXFCXXLZCGV-UHFFFAOYSA-L
SP_000137,ABRHOUKZOUNSSK-FVEAQGRNSA-N
SP_000137,ABUKPIBHMMLQDI-RCOVLANCSA-N
SP_000137,ACGLCDJEASKGDO-JSYPMYMJSA-N
SP_000137,ACIVVGBVOVHFPQ-RPDRRWSUSA-N
SP_000137,ACLPCAOOWJUVLL-DZKYTWFZSA-N
SP_000137,ACLQSYLJAZRTAP-XAFBQJBNSA-N
SP_000137,ACSIRQPNAYTBRW-VZUYHUTRSA-N
SP_000137,ACTHNCRNFFCCAQ-PLKVWTDNSA-N
SP_000137,ACTHNCRNFFCCAQ-YNQDZHFMSA-N
SP_000137,ACUIYXOOZPHRRA-DHEZTBRESA-N
SP_000137,ACWQBUSCFPJUPN-HYXAFXHYSA-N
SP_000137,ACZVSMNFVFBOTM-UHFFFAOYSA-N
SP_000137,ADCKHLSRWCXEIY-GGAPOBRUSA-N
SP_000137,ADHKIZQYPQGIRC-ACSKKKSPSA-N
SP_000137,ADHKIZQYPQGIRC-SOZVHHJESA-N
SP_000137,ADHNTNYEJYJUCU-ZSJFXSENSA-N
SP_000137,ADKNUXINKGBJMY-LDLOPFEMSA-N
SP_000137,ADMGMAPZAQUXIR-VRHMUEQPSA-N
SP_000137,ADNSYCXWAHUWTA-SYOMJGEJSA-N
SP_000137,ADSGHWJRPOXXTD-IHWYPQMZSA-M
SP_000137,ADYPMBBPSUQKED-VOLCNUBSSA-N
SP_000137,ADZPFIMEBZGRHB-ILJAMNOWSA-N
SP_000137,AEFNZGGBWOQYID-UHFFFAOYSA-N
SP_000137,AEIJGHDRIPTRQY-UBTAJKBJSA-N
SP_000137,AELFRHHZGTVYGJ-QMMMGPOBSA-N
SP_000137,AEMFNILZOJDQLW-QAGGRKNESA-N
SP_000137,AERBNCYCJBRYDG-UHFFFAOYSA-N
SP_000137,AESBAQNLQIQXNK-BMFSGJJHSA-N
SP_000137,AETXDQTWHNBCRO-QLKFWGTOSA-N
SP_000137,AEWHYWSPVRZHCT-NDZSKPAWSA-N
SP_000138,AABKSFWWBUPVNY-NVCPWDGJSA-N
SP_000138,AAFBEFOSCLMOTF-KXBCQOCRSA-N
SP_000138,AAFBEFOSCLMOTF-RRPFJGJLSA-N
SP_000138,AANMVENRNJYEMK-UHFFFAOYSA-N
SP_000138,AANZTOSGIRNZNM-LNOKNGNPSA-N
SP_000138,AAPGXBRKBIUCMQ-GWHBCOKCSA-N
SP_000138,AAWNBEJOCRYVJE-QNGWXLTQSA-N
SP_000138,AAWZDTNXLSGCEK-UHFFFAOYSA-M
SP_000138,AAWZDTNXLSGCEK-UHFFFAOYSA-N
SP_000138,AAXMCYUUKFLUMJ-JSFHAIONSA-N
SP_000138,AAXMCYUUKFLUMJ-TWDRBPDCSA-N
SP_000138,AAXYAFFKOSNMEB-MHARETSRSA-N
SP_000138,AAYYJBZZHJNMEO-UHFFFAOYSA-N
SP_000138,AAZOMBJKSJQDHJ-ZBRBWIFHSA-N
SP_000138,AAZZVFONLHYNDZ-NVQRUNIKSA-J
SP_000138,ABBYYPGQJRBTGA-NESBLOORSA-N
SP_000138,ABCOOORLYAOBOZ-KQYNXXCUSA-N
SP_000138,ABFJWRKPWCFTQP-JKFVOKSPSA-N
SP_000138,ABFJWRKPWCFTQP-XSMLMOGHSA-N
SP_000138,ABIKEVIWOJTKQS-AARKOHAPSA-N
SP_000138,ABLZXFCXXLZCGV-UHFFFAOYSA-L
SP_000138,ABRHOUKZOUNSSK-FVEAQGRNSA-N
SP_000138,ABUKPIBHMMLQDI-RCOVLANCSA-N
SP_000138,ABVCUBUIXWJYSE-UHFFFAOYSA-O
SP_000138,ACFIXJIJDZMPPO-NCHANQSKSA-N
SP_000138,ACGLCDJEASKGDO-JSYPMYMJSA-N
SP_000138,ACIVVGBVOVHFPQ-RPDRRWSUSA-N
SP_000138,ACJJXELQAJQSLK-UHFFFAOYSA-N
SP_000138,ACLPCAOOWJUVLL-DZKYTWFZSA-N
SP_000138,ACLQSYLJAZRTAP-XAFBQJBNSA-N
SP_000138,ACSIRQPNAYTBRW-VZUYHUTRSA-N
SP_000138,ACTHNCRNFFCCAQ-PLKVWTDNSA-N
SP_000138,ACTHNCRNFFCCAQ-YNQDZHFMSA-N
SP_000138,ACUZDYFTRHEKOS-UHFFFAOYSA-N
SP_000138,ACZVSMNFVFBOTM-UHFFFAOYSA-N
SP_000138,ADCKHLSRWCXEIY-GGAPOBRUSA-N
SP_000138,ADHKIZQYPQGIRC-ACSKKKSPSA-N
SP_000138,ADHKIZQYPQGIRC-SOZVHHJESA-N
SP_000138,ADHNTNYEJYJUCU-ZSJFXSENSA-N
SP_000138,ADKNUXINKGBJMY-LDLOPFEMSA-N
SP_000138,ADMGMAPZAQUXIR-VRHMUEQPSA-N
SP_000138,ADNSYCXWAHUWTA-SYOMJGEJSA-N
SP_000138,ADSGHWJRPOXXTD-IHWYPQMZSA-M
SP_000138,ADYPMBBPSUQKED-VOLCNUBSSA-N
SP_000138,ADZPFIMEBZGRHB-ILJAMNOWSA-N
SP_000138,AEFNZGGBWOQYID-UHFFFAOYSA-N
SP_000138,AEIJGHDRIPTRQY-UBTAJKBJSA-N
SP_000138,AELFRHHZGTVYGJ-QMMMGPOBSA-N
SP_000138,AEMFNILZOJDQLW-QAGGRKNESA-N
SP_000138,AEMOLEFTQBMNLQ-AQKNRBDQSA-N
SP_000139,AABKSFWWBUPVNY-NVCPWDGJSA-N
SP_000139,AAFBEFOSCLMOTF-KXBCQOCRSA-N
SP_000139,AAFBEFOSCLMOTF-RRPFJGJLSA-N
SP_000139,AANMVENRNJYEMK-UHFFFAOYSA-N
SP_000139,AANZTOSGIRNZNM-LNOKNGNPSA-N
SP_000139,AAPGXBRKBIUCMQ-GWHBCOKCSA-N
SP_000139,AAWNBEJOCRYVJE-QNGWXLTQSA-N
SP_000139,AAWZDTNXLSGCEK-UHFFFAOYSA-M
SP_000139,AAXMCYUUKFLUMJ-JSFHAIONSA-N
SP_000139,AAXMCYUUKFLUMJ-TWDRBPDCSA-N
SP_000139,AAXYAFFKOSNMEB-MHARETSRSA-N
SP_000139,AAZOMBJKSJQDHJ-ZBRBWIFHSA-N
SP_000139,AAZZVFONLHYNDZ-NVQRUNIKSA-J
SP_000139,ABBYYPGQJRBTGA-NESBLOORSA-N
SP_000139,ABCOOORLYAOBOZ-KQYNXXCUSA-N
SP_000139,ABFJWRKPWCFTQP-JKFVOKSPSA-N
SP_000139,ABFJWRKPWCFTQP-XSMLMOGHSA-N
SP_000139,ABIKEVIWOJTKQS-AARKOHAPSA-N
SP_000139,ABLZXFCXXLZCGV-UHFFFAOYSA-L
SP_000139,ABRHOUKZOUNSSK-FVEAQGRNSA-N
SP_000139,ABUKPIBHMMLQDI-RCOVLANCSA-N
SP_000139,ACGLCDJEASKGDO-JSYPMYMJSA-N
SP_000139,ACIVVGBVOVHFPQ-RPDRRWSUSA-N
SP_000139,ACLPCAOOWJUVLL-DZKYTWFZSA-N
SP_000139,ACLQSYLJAZRTAP-XAFBQJBNSA-N
SP_000139,ACSIRQPNAYTBRW-VZUYHUTRSA-N
SP_000139,ACTHNCRNFFCCAQ-PLKVWTDNSA-N
SP_000139,ACTHNCRNFFCCAQ-YNQDZHFMSA-N
SP_000139,ACZVSMNFVFBOTM-UHFFFAOYSA-N
SP_000139,ADCKHLSRWCXEIY-GGAPOBRUSA-N
SP_000139,ADHKIZQYPQGIRC-ACSKKKSPSA-N
SP_000139,ADHKIZQYPQGIRC-SOZVHHJESA-N
SP_000139,ADHNTNYEJYJUCU-ZSJFXSENSA-N
SP_000139,ADKNUXINKGBJMY-LDLOPFEMSA-N
SP_000139,ADMGMAPZAQUXIR-VRHMUEQPSA-N
SP_000139,ADNSYCXWAHUWTA-SYOMJGEJSA-N
SP_000139,ADSGHWJRPOXXTD-IHWYPQMZSA-M
SP_000139,ADYPMBBPSUQKED-VOLCNUBSSA-N
SP_000139,ADZPFIMEBZGRHB-ILJAMNOWSA-N
SP_000139,AEFNZGGBWOQYID-UHFFFAOYSA-N
SP_000139,AEIJGHDRIPTRQY-UBTAJKBJSA-N
SP_000139,AELFRHHZGTVYGJ-QMMMGPOBSA-N
SP_000139,AEMFNILZOJDQLW-QAGGRKNESA-N
SP_000139,AERBNCYCJBRYDG-UHFFFAOYSA-N
SP_000139,AESBAQNLQIQXNK-BMFSGJJHSA-N
SP_000139,AETXDQTWHNBCRO-QLKFWGTOSA-N
SP_000139,AEWHYWSPVRZHCT-NDZSKPAWSA-N
SP_000139,AEWHYWSPVRZHCT-UHFFFAOYSA-J
SP_000139,AEXNGRVFOMIYOW-ICFOKQHNSA-N
SP_000139,AFFQVAIMWFYJJS-DTHFMEMVSA-N
SP_000140,AABKSFWWBUPVNY-NVCPWDGJSA-N
SP_000140,AAFBEFOSCLMOTF-KXBCQOCRSA-N
SP_000140,AAFBEFOSCLMOTF-RRPFJGJLSA-N
SP_000140,AANMVENRNJYEMK-UHFFFAOYSA-N
SP_000140,AANZTOSGIRNZNM-LNOKNGNPSA-N
SP_000140,AAPGXBRKBIUCMQ-GWHBCOKCSA-N
SP_000140,AAWNBEJOCRYVJE-QNGWXLTQSA-N
SP_000140,AAWZDTNXLSGCEK-UHFFFAOYSA-M
SP_000140,AAWZDTNXLSGCEK-UHFFFAOYSA-N
SP_000140,AAXMCYUUKFLUMJ-JSFHAIONSA-N
SP_000140,AAXMCYUUKFLUMJ-TWDRBPDCSA-N
SP_000140,AAXYAFFKOSNMEB-MHARETSRSA-N
SP_000140,AAZOMBJKSJQDHJ-ZBRBWIFHSA-N
SP_000140,AAZZVFONLHYNDZ-NVQRUNIKSA-J
SP_000140,ABBYYPGQJRBTGA-NESBLOORSA-N
SP_000140,ABCOOORLYAOBOZ-KQYNXXCUSA-N
SP_000140,ABFJWRKPWCFTQP-JKFVOKSPSA-N
SP_000140,ABFJWRKPWCFTQP-XSMLMOGHSA-N
SP_000140,ABIKEVIWOJTKQS-AARKOHAPSA-N
SP_000140,ABLZXFCXXLZCGV-UHFFFAOYSA-L
SP_000140,ABRHOUKZOUNSSK-FVEAQGRNSA-N
SP_000140,ABUKPIBHMMLQDI-RCOVLANCSA-N
SP_000140,ACGLCDJEASKGDO-JSYPMYMJSA-N
SP_000140,ACIVVGBVOVHFPQ-RPDRRWSUSA-N
SP_000140,ACLPCAOOWJUVLL-DZKYTWFZSA-N
SP_000140,ACLQSYLJAZRTAP-XAFBQJBNSA-N
SP_000140,ACSIRQPNAYTBRW-VZUYHUTRSA-N
SP_000140,ACTHNCRNFFCCAQ-PLKVWTDNSA-N
SP_000140,ACTHNCRNFFCCAQ-YNQDZHFMSA-N
SP_000140,ACWQBUSCFPJUPN-HYXAFXHYSA-N
SP_000140,ACZVSMNFVFBOTM-UHFFFAOYSA-N
SP_000140,ADCKHLSRWCXEIY-GGAPOBRUSA-N
SP_000140,ADHKIZQYPQGIRC-ACSKKKSPSA-N
SP_000140,ADHKIZQYPQGIRC-SOZVHHJESA-N
SP_000140,ADHNTNYEJYJUCU-ZSJFXSENSA-N
SP_000140,ADKNUXINKGBJMY-LDLOPFEMSA-N
SP_000140,ADMGMAPZAQUXIR-VRHMUEQPSA-N
SP_000140,ADNSYCXWAHUWTA-SYOMJGEJSA-N
SP_000140,ADSGHWJRPOXXTD-IHWYPQMZSA-M
SP_000140,ADYPMBBPSUQKED-VOLCNUBSSA-N
SP_000140,ADZPFIMEBZGRHB-ILJAMNOWSA-N
SP_000140,AEFNZGGBWOQYID-UHFFFAOYSA-N
SP_000140,AEIJGHDRIPTRQY-UBTAJKBJSA-N
SP_000140,AELFRHHZGTVYGJ-QMMMGPOBSA-N
SP_000140,AEMFNILZOJDQLW-QAGGRKNESA-N
SP_000140,AERBNCYCJBRYDG-UHFFFAOYSA-N
SP_000140,AESBAQNLQIQXNK-BMFSGJJHSA-N
SP_000140,AETXDQTWHNBCRO-QLKFWGTOSA-N
SP_000140,AEWHYWSPVRZHCT-NDZSKPAWSA-N
SP_000140,AEWHYWSPVRZHCT-UHFFFAOYSA-J
SP_000141,AABKSFWWBUPVNY-NVCPWDGJSA-N
SP_000141,AAFBEFOSCLMOTF-KXBCQOCRSA-N
SP_000141,AAFBEFOSCLMOTF-RRPFJGJLSA-N
SP_000141,AANMVENRNJYEMK-UHFFFAOYSA-N
SP_000141,AANZTOSGIRNZNM-LNOKNGNPSA-N
SP_000141,AAPGXBRKBIUCMQ-GWHBCOKCSA-N
SP_000141,AAWNBEJOCRYVJE-QNGWXLTQSA-N
SP_000141,AAWZDTNXLSGCEK-UHFFFAOYSA-M
SP_000141,AAXMCYUUKFLUMJ-JSFHAIONSA-N
SP_000141,AAXMCYUUKFLUMJ-TWDRBPDCSA-N
SP_000141,AAXYAFFKOSNMEB-MHARETSRSA-N
SP_000141,AAZOMBJKSJQDHJ-ZBRBWIFHSA-N
SP_000141,AAZZVFONLHYNDZ-NVQRUNIKSA-J
SP_000141,ABBYYPGQJRBTGA-NESBLOORSA-N
SP_000141,ABCOOORLYAOBOZ-KQYNXXCUSA-N
SP_000141,ABFJWRKPWCFTQP-JKFVOKSPSA-N
SP_000141,ABFJWRKPWCFTQP-XSMLMOGHSA-N
SP_000141,ABIKEVIWOJTKQS-AARKOHAPSA-N
SP_000141,ABLZXFCXXLZCGV-UHFFFAOYSA-L
SP_000141,ABRHOUKZOUNSSK-FVEAQGRNSA-N
SP_000141,ABUKPIBHMMLQDI-RCOVLANCSA-N
SP_000141,ACGLCDJEASKGDO-JSYPMYMJSA-N
SP_000141,ACIVVGBVOVHFPQ-RPDRRWSUSA-N
SP_000141,ACLPCAOOWJUVLL-DZKYTWFZSA-N
SP_000141,ACLQSYLJAZRTAP-XAFBQJBNSA-N
SP_000141,ACSIRQPNAYTBRW-VZUYHUTRSA-N
SP_000141,ACTHNCRNFFCCAQ-PLKVWTDNSA-N
SP_000141,ACTHNCRNFFCCAQ-YNQDZHFMSA-N
SP_000141,ACZVSMNFVFBOTM-UHFFFAOYSA-N
SP_000141,ADCKHLSRWCXEIY-GGAPOBRUSA-N
SP_000141,ADHKIZQYPQGIRC-ACSKKKSPSA-N
SP_000141,ADHKIZQYPQGIRC-SOZVHHJESA-N
SP_000141,ADHNTNYEJYJUCU-ZSJFXSENSA-N
SP_000141,ADKNUXINKGBJMY-LDLOPFEMSA-N
SP_000141,ADMGMAPZAQUXIR-VRHMUEQPSA-N
SP_000141,ADNSYCXWAHUWTA-SYOMJGEJSA-N
SP_000141,ADSGHWJRPOXXTD-IHWYPQMZSA-M
SP_000141,ADYPMBBPSUQKED-VOLCNUBSSA-N
SP_000141,ADZPFIMEBZGRHB-ILJAMNOWSA-N
SP_000141,AEFNZGGBWOQYID-UHFFFAOYSA-N
SP_000141,AEIJGHDRIPTRQY-UBTAJKBJSA-N
SP_000141,AELFRHHZGTVYGJ-QMMMGPOBSA-N
SP_000141,AEMFNILZOJDQLW-QAGGRKNESA-N
SP_000141,AERBNCYCJBRYDG-UHFFFAOYSA-N
SP_000141,AESBAQNLQIQXNK-BMFSGJJHSA-N
SP_000141,AETXDQTWHNBCRO-QLKFWGTOSA-N
SP_000141,AEWHYWSPVRZHCT-NDZSKPAWSA-N
SP_000141,AEWHYWSPVRZHCT-UHFFFAOYSA-J
SP_000141,AEXNGRVFOMIYOW-ICFOKQHNSA-N
SP_000141,AFFQVAIMWFYJJS-DTHFMEMVSA-N
SP_000142,AABKSFWWBUPVNY-NVCPWDGJSA-N
SP_000142,AAFBEFOSCLMOTF-KXBCQOCRSA-N
SP_000142,AAFBEFOSCLMOTF-RRPFJGJLSA-N
SP_000142,AANMVENRNJYEMK-UHFFFAOYSA-N
SP_000142,AANZTOSGIRNZNM-LNOKNGNPSA-N
SP_000142,AAPGXBRKBIUCMQ-GWHBCOKCSA-N
SP_000142,AAWNBEJOCRYVJE-QNGWXLTQSA-N
SP_000142,AAWZDTNXLSGCEK-UHFFFAOYSA-M
SP_000142,AAXMCYUUKFLUMJ-JSFHAIONSA-N
SP_000142,AAXMCYUUKFLUMJ-TWDRBPDCSA-N
SP_000142,AAXYAFFKOSNMEB-MHARETSRSA-N
SP_000142,AAZOMBJKSJQDHJ-ZBRBWIFHSA-N
SP_000142,AAZZVFONLHYNDZ-NVQRUNIKSA-J
SP_000142,ABBYYPGQJRBTGA-NESBLOORSA-N
SP_000142,ABCOOORLYAOBOZ-KQYNXXCUSA-N
SP_000142,ABFJWRKPWCFTQP-JKFVOKSPSA-N
SP_000142,ABFJWRKPWCFTQP-XSMLMOGHSA-N
SP_000142,ABIKEVIWOJTKQS-AARKOHAPSA-N
SP_000142,ABLZXFCXXLZCGV-UHFFFAOYSA-L
SP_000142,ABRHOUKZOUNSSK-FVEAQGRNSA-N
SP_000142,ABUKPIBHMMLQDI-RCOVLANCSA-N
SP_000142,ACGLCDJEASKGDO-JSYPMYMJSA-N
SP_000142,ACIVVGBVOVHFPQ-RPDRRWSUSA-N
SP_000142,ACLPCAOOWJUVLL-DZKYTWFZSA-N
SP_000142,ACLQSYLJAZRTAP-XAFBQJBNSA-N
SP_000142,ACSIRQPNAYTBRW-VZUYHUTRSA-N
SP_000142,ACTHNCRNFFCCAQ-PLKVWTDNSA-N
SP_000142,ACTHNCRNFFCCAQ-YNQDZHFMSA-N
SP_000142,ACZVSMNFVFBOTM-UHFFFAOYSA-N
SP_000142,ADCKHLSRWCXEIY-GGAPOBRUSA-N
SP_000142,ADHKIZQYPQGIRC-ACSKKKSPSA-N
SP_000142,ADHKIZQYPQGIRC-SOZVHHJESA-N
SP_000142,ADKNUXINKGBJMY-LDLOPFEMSA-N
SP_000142,ADMGMAPZAQUXIR-VRHMUEQPSA-N
SP_000142,ADNSYCXWAHUWTA-SYOMJGEJSA-N
SP_000142,ADSGHWJRPOXXTD-IHWYPQMZSA-M
SP_000142,ADYPMBBPSUQKED-VOLCNUBSSA-N
SP_000142,ADZPFIMEBZGRHB-ILJAMNOWSA-N
SP_000142,AEFNZGGBWOQYID-UHFFFAOYSA-N
SP_000142,AEIJGHDRIPTRQY-UBTAJKBJSA-N
SP_000142,AELFRHHZGTVYGJ-QMMMGPOBSA-N
SP_000142,AEMFNILZOJDQLW-QAGGRKNESA-N
SP_000142,AERBNCYCJBRYDG-UHFFFAOYSA-N
SP_000142,AESBAQNLQIQXNK-BMFSGJJHSA-N
SP_000142,AETXDQTWHNBCRO-QLKFWGTOSA-N
SP_000142,AEWHYWSPVRZHCT-NDZSKPAWSA-N
SP_000142,AEWHYWSPVRZHCT-UHFFFAOYSA-J
SP_000142,AEXNGRVFOMIYOW-ICFOKQHNSA-N
SP_000142,AFFQVAIMWFYJJS-DTHFMEMVSA-N
SP_000142,AFGUVBVUFZMJMX-MDZDMXLPSA-N
SP_000143,AABKSFWWBUPVNY-NVCPWDGJSA-N
SP_000143,AAFBEFOSCLMOTF-KXBCQOCRSA-N
SP_000143,AAFBEFOSCLMOTF-RRPFJGJLSA-N
SP_000143,AANMVENRNJYEMK-UHFFFAOYSA-N
SP_000143,AANZTOSGIRNZNM-LNOKNGNPSA-N
SP_000143,AAPGXBRKBIUCMQ-GWHBCOKCSA-N
SP_000143,AAWNBEJOCRYVJE-QNGWXLTQSA-N
SP_000143,AAWZDTNXLSGCEK-UHFFFAOYSA-M
SP_000143,AAXMCYUUKFLUMJ-JSFHAIONSA-N
SP_000143,AAXMCYUUKFLUMJ-TWDRBPDCSA-N
SP_000143,AAXYAFFKOSNMEB-MHARETSRSA-N
SP_000143,AAZOMBJKSJQDHJ-ZBRBWIFHSA-N
SP_000143,AAZZVFONLHYNDZ-NVQRUNIKSA-J
SP_000143,ABBYYPGQJRBTGA-NESBLOORSA-N
SP_000143,ABCOOORLYAOBOZ-KQYNXXCUSA-N
SP_000143,ABFJWRKPWCFTQP-JKFVOKSPSA-N
SP_000143,ABFJWRKPWCFTQP-XSMLMOGHSA-N
SP_000143,ABIKEVIWOJTKQS-AARKOHAPSA-N
SP_000143,ABLZXFCXXLZCGV-UHFFFAOYSA-L
SP_000143,ABRHOUKZOUNSSK-FVEAQGRNSA-N
SP_000143,ABUKPIBHMMLQDI-RCOVLANCSA-N
SP_000143,ACGLCDJEASKGDO-JSYPMYMJSA-N
SP_000143,ACIVVGBVOVHFPQ-RPDRRWSUSA-N
SP_000143,ACLPCAOOWJUVLL-DZKYTWFZSA-N
SP_000143,ACLQSYLJAZRTAP-XAFBQJBNSA-N
SP_000143,ACSIRQPNAYTBRW-VZUYHUTRSA-N
SP_000143,ACTHNCRNFFCCAQ-PLKVWTDNSA-N
SP_000143,ACTHNCRNFFCCAQ-YNQDZHFMSA-N
SP_000143,ACZVSMNFVFBOTM-UHFFFAOYSA-N
SP_000143,ADCKHLSRWCXEIY-GGAPOBRUSA-N
SP_000143,ADHKIZQYPQGIRC-ACSKKKSPSA-N
SP_000143,ADHKIZQYPQGIRC-SOZVHHJESA-N
SP_000143,ADKNUXINKGBJMY-LDLOPFEMSA-N
SP_000143,ADMGMAPZAQUXIR-VRHMUEQPSA-N
SP_000143,ADNSYCXWAHUWTA-SYOMJGEJSA-N
SP_000143,ADSGHWJRPOXXTD-IHWYPQMZSA-M
SP_000143,ADYPMBBPSUQKED-VOLCNUBSSA-N
SP_000143,ADZPFIMEBZGRHB-ILJAMNOWSA-N
SP_000143,AEFNZGGBWOQYID-UHFFFAOYSA-N
SP_000143,AEIJGHDRIPTRQY-UBTAJKBJSA-N
SP_000143,AELFRHHZGTVYGJ-QMMMGPOBSA-N
SP_000143,AEMFNILZOJDQLW-QAGGRKNESA-N
SP_000143,AERBNCYCJBRYDG-UHFFFAOYSA-N
SP_000143,AESBAQNLQIQXNK-BMFSGJJHSA-N
SP_000143,AETXDQTWHNBCRO-QLKFWGTOSA-N
SP_000143,AEWHYWSPVRZHCT-NDZSKPAWSA-N
SP_000143,AEWHYWSPVRZHCT-UHFFFAOYSA-J
SP_000143,AEXNGRVFOMIYOW-ICFOKQHNSA-N
SP_000143,AFFQVAIMWFYJJS-DTHFMEMVSA-N
SP_000143,AFGUVBVUFZMJMX-MDZDMXLPSA-N
SP_000144,AABKSFWWBUPVNY-NVCPWDGJSA-N
SP_000144,AAFBEFOSCLMOTF-KXBCQOCRSA-N
SP_000144,AAFBEFOSCLMOTF-RRPFJGJLSA-N
SP_000144,AANMVENRNJYEMK-UHFFFAOYSA-N
SP_000144,AANZTOSGIRNZNM-LNOKNGNPSA-N
SP_000144,AAPGXBRKBIUCMQ-GWHBCOKCSA-N
SP_000144,AAWNBEJOCRYVJE-QNGWXLTQSA-N
SP_000144,AAWZDTNXLSGCEK-UHFFFAOYSA-M
SP_000144,AAXMCYUUKFLUMJ-JSFHAIONSA-N
SP_000144,AAXMCYUUKFLUMJ-TWDRBPDCSA-N
SP_000144,AAXYAFFKOSNMEB-MHARETSRSA-N
SP_000144,AAZOMBJKSJQDHJ-ZBRBWIFHSA-N
SP_000144,AAZZVFONLHYNDZ-NVQRUNIKSA-J
SP_000144,ABBYYPGQJRBTGA-NESBLOORSA-N
SP_000144,ABCOOORLYAOBOZ-KQYNXXCUSA-N
SP_000144,ABFJWRKPWCFTQP-JKFVOKSPSA-N
SP_000144,ABFJWRKPWCFTQP-XSMLMOGHSA-N
SP_000144,ABIKEVIWOJTKQS-AARKOHAPSA-N
SP_000144,ABLZXFCXXLZCGV-UHFFFAOYSA-L
SP_000144,ABRHOUKZOUNSSK-FVEAQGRNSA-N
SP_000144,ABUKPIBHMMLQDI-RCOVLANCSA-N
SP_000144,ACGLCDJEASKGDO-JSYPMYMJSA-N
SP_000144,ACIVVGBVOVHFPQ-RPDRRWSUSA-N
SP_000144,ACLPCAOOWJUVLL-DZKYTWFZSA-N
SP_000144,ACLQSYLJAZRTAP-XAFBQJBNSA-N
SP_000144,ACSIRQPNAYTBRW-VZUYHUTRSA-N
SP_000144,ACTHNCRNFFCCAQ-PLKVWTDNSA-N
SP_000144,ACTHNCRNFFCCAQ-YNQDZHFMSA-N
SP_000144,ACZVSMNFVFBOTM-UHFFFAOYSA-N
SP_000144,ADCKHLSRWCXEIY-GGAPOBRUSA-N
SP_000144,ADHKIZQYPQGIRC-ACSKKKSPSA-N
SP_000144,ADHKIZQYPQGIRC-SOZVHHJESA-N
SP_000144,ADHNTNYEJYJUCU-ZSJFXSENSA-N
SP_000144,ADKNUXINKGBJMY-LDLOPFEMSA-N
SP_000144,ADMGMAPZAQUXIR-VRHMUEQPSA-N
SP_000144,ADNSYCXWAHUWTA-SYOMJGEJSA-N
SP_000144,ADSGHWJRPOXXTD-IHWYPQMZSA-M
SP_000144,ADYPMBBPSUQKED-VOLCNUBSSA-N
SP_000144,ADZPFIMEBZGRHB-ILJAMNOWSA-N
SP_000144,AEFNZGGBWOQYID-UHFFFAOYSA-N
SP_000144,AEIJGHDRIPTRQY-UBTAJKBJSA-N
SP_000144,AELFRHHZGTVYGJ-QMMMGPOBSA-N
SP_000144,AEMFNILZOJDQLW-QAGGRKNESA-N
SP_000144,AERBNCYCJBRYDG-UHFFFAOYSA-N
SP_000144,AESBAQNLQIQXNK-BMFSGJJHSA-N
SP_000144,AETXDQTWHNBCRO-QLKFWGTOSA-N
SP_000144,AEWHYWSPVRZHCT-NDZSKPAWSA-N
SP_000144,AEWHYWSPVRZHCT-UHFFFAOYSA-J
SP_000144,AEXNGRVFOMIYOW-ICFOKQHNSA-N
SP_000144,AFFQVAIMWFYJJS-DTHFMEMVSA-N
SP_000145,AABKSFWWBUPVNY-NVCPWDGJSA-N
SP_000145,AAFBEFOSCLMOTF-KXBCQOCRSA-N
SP_000145,AAFBEFOSCLMOTF-RRPFJGJLSA-N
SP_000145,AANMVENRNJYEMK-UHFFFAOYSA-N
SP_000145,AANZTOSGIRNZNM-LNOKNGNPSA-N
SP_000145,AAPGXBRKBIUCMQ-GWHBCOKCSA-N
SP_000145,AAWNBEJOCRYVJE-QNGWXLTQSA-N
SP_000145,AAWZDTNXLSGCEK-UHFFFAOYSA-M
SP_000145,AAXMCYUUKFLUMJ-JSFHAIONSA-N
SP_000145,AAXMCYUUKFLUMJ-TWDRBPDCSA-N
SP_000145,AAXYAFFKOSNMEB-MHARETSRSA-N
SP_000145,AAZOMBJKSJQDHJ-ZBRBWIFHSA-N
SP_000145,AAZZVFONLHYNDZ-NVQRUNIKSA-J
SP_000145,ABBYYPGQJRBTGA-NESBLOORSA-N
SP_000145,ABCOOORLYAOBOZ-KQYNXXCUSA-N
SP_000145,ABFJWRKPWCFTQP-JKFVOKSPSA-N
SP_000145,ABFJWRKPWCFTQP-XSMLMOGHSA-N
SP_000145,ABIKEVIWOJTKQS-AARKOHAPSA-N
SP_000145,ABLZXFCXXLZCGV-UHFFFAOYSA-L
SP_000145,ABRHOUKZOUNSSK-FVEAQGRNSA-N
SP_000145,ABUKPIBHMMLQDI-RCOVLANCSA-N
SP_000145,ACGLCDJEASKGDO-JSYPMYMJSA-N
SP_000145,ACIVVGBVOVHFPQ-RPDRRWSUSA-N
SP_000145,ACLPCAOOWJUVLL-DZKYTWFZSA-N
SP_000145,ACLQSYLJAZRTAP-XAFBQJBNSA-N
SP_000145,ACSIRQPNAYTBRW-VZUYHUTRSA-N
SP_000145,ACTHNCRNFFCCAQ-PLKVWTDNSA-N
SP_000145,ACTHNCRNFFCCAQ-YNQDZHFMSA-N
SP_000145,ACZVSMNFVFBOTM-UHFFFAOYSA-N
SP_000145,ADCKHLSRWCXEIY-GGAPOBRUSA-N
SP_000145,ADHKIZQYPQGIRC-ACSKKKSPSA-N
SP_000145,ADHKIZQYPQGIRC-SOZVHHJESA-N
SP_000145,ADHNTNYEJYJUCU-ZSJFXSENSA-N
SP_000145,ADKNUXINKGBJMY-LDLOPFEMSA-N
SP_000145,ADMGMAPZAQUXIR-VRHMUEQPSA-N
SP_000145,ADNSYCXWAHUWTA-SYOMJGEJSA-N
SP_000145,ADSGHWJRPOXXTD-IHWYPQMZSA-M
SP_000145,ADYPMBBPSUQKED-VOLCNUBSSA-N
SP_000145,ADZPFIMEBZGRHB-ILJAMNOWSA-N
SP_000145,AEFNZGGBWOQYID-UHFFFAOYSA-N
SP_000145,AEIJGHDRIPTRQY-UBTAJKBJSA-N
SP_000145,AELFRHHZGTVYGJ-QMMMGPOBSA-N
SP_000145,AEMFNILZOJDQLW-QAGGRKNESA-N
SP_000145,AERBNCYCJBRYDG-UHFFFAOYSA-N
SP_000145,AESBAQNLQIQXNK-BMFSGJJHSA-N
SP_000145,AETXDQTWHNBCRO-QLKFWGTOSA-N
SP_000145,AEWHYWSPVRZHCT-NDZSKPAWSA-N
SP_000145,AEWHYWSPVRZHCT-UHFFFAOYSA-J
SP_000145,AEXNGRVFOMIYOW-ICFOKQHNSA-N
SP_000145,AFFQVAIMWFYJJS-DTHFMEMVSA-N
SP_000146,AABKSFWWBUPVNY-NVCPWDGJSA-N
SP_000146,AAFBEFOSCLMOTF-KXBCQOCRSA-N
SP_000146,AAFBEFOSCLMOTF-RRPFJGJLSA-N
SP_000146,AANMVENRNJYEMK-UHFFFAOYSA-N
SP_000146,AANZTOSGIRNZNM-LNOKNGNPSA-N
SP_000146,AAPGXBRKBIUCMQ-GWHBCOKCSA-N
SP_000146,AAWNBEJOCRYVJE-QNGWXLTQSA-N
SP_000146,AAWZDTNXLSGCEK-UHFFFAOYSA-M
SP_000146,AAXMCYUUKFLUMJ-JSFHAIONSA-N
SP_000146,AAXMCYUUKFLUMJ-TWDRBPDCSA-N
SP_000146,AAXYAFFKOSNMEB-MHARETSRSA-N
SP_000146,AAZOMBJKSJQDHJ-ZBRBWIFHSA-N
SP_000146,AAZZVFONLHYNDZ-NVQRUNIKSA-J
SP_000146,ABBYYPGQJRBTGA-NESBLOORSA-N
SP_000146,ABCOOORLYAOBOZ-KQYNXXCUSA-N
SP_000146,ABFJWRKPWCFTQP-JKFVOKSPSA-N
SP_000146,ABFJWRKPWCFTQP-XSMLMOGHSA-N
SP_000146,ABIKEVIWOJTKQS-AARKOHAPSA-N
SP_000146,ABLZXFCXXLZCGV-UHFFFAOYSA-L
SP_000146,ABRHOUKZOUNSSK-FVEAQGRNSA-N
SP_000146,ABUKPIBHMMLQDI-RCOVLANCSA-N
SP_000146,ABVCUBUIXWJYSE-UHFFFAOYSA-O
SP_000146,ACGLCDJEASKGDO-JSYPMYMJSA-N
SP_000146,ACIVVGBVOVHFPQ-RPDRRWSUSA-N
SP_000146,ACLPCAOOWJUVLL-DZKYTWFZSA-N
SP_000146,ACLQSYLJAZRTAP-XAFBQJBNSA-N
SP_000146,ACSIRQPNAYTBRW-VZUYHUTRSA-N
SP_000146,ACTHNCRNFFCCAQ-PLKVWTDNSA-N
SP_000146,ACTHNCRNFFCCAQ-YNQDZHFMSA-N
SP_000146,ACZVSMNFVFBOTM-UHFFFAOYSA-N
SP_000146,ADCKHLSRWCXEIY-GGAPOBRUSA-N
SP_000146,ADHKIZQYPQGIRC-ACSKKKSPSA-N
SP_000146,ADHKIZQYPQGIRC-SOZVHHJESA-N
SP_000146,ADKNUXINKGBJMY-LDLOPFEMSA-N
SP_000146,ADMGMAPZAQUXIR-VRHMUEQPSA-N
SP_000146,ADNSYCXWAHUWTA-SYOMJGEJSA-N
SP_000146,ADSGHWJRPOXXTD-IHWYPQMZSA-M
SP_000146,ADYPMBBPSUQKED-VOLCNUBSSA-N
SP_000146,ADZPFIMEBZGRHB-ILJAMNOWSA-N
SP_000146,AEFNZGGBWOQYID-UHFFFAOYSA-N
SP_000146,AEIJGHDRIPTRQY-UBTAJKBJSA-N
SP_000146,AELFRHHZGTVYGJ-QMMMGPOBSA-N
SP_000146,AEMFNILZOJDQLW-QAGGRKNESA-N
SP_000146,AERBNCYCJBRYDG-UHFFFAOYSA-N
SP_000146,AESBAQNLQIQXNK-BMFSGJJHSA-N
SP_000146,AETXDQTWHNBCRO-QLKFWGTOSA-N
SP_000146,AEWHYWSPVRZHCT-NDZSKPAWSA-N
SP_000146,AEWHYWSPVRZHCT-UHFFFAOYSA-J
SP_000146,AEXNGRVFOMIYOW-ICFOKQHNSA-N
SP_000146,AFFQVAIMWFYJJS-DTHFMEMVSA-N
SP_000147,AABKSFWWBUPVNY-NVCPWDGJSA-N
SP_000147,AAFBEFOSCLMOTF-KXBCQOCRSA-N
SP_000147,AAFBEFOSCLMOTF-RRPFJGJLSA-N
SP_000147,AANMVENRNJYEMK-UHFFFAOYSA-N
SP_000147,AANZTOSGIRNZNM-LNOKNGNPSA-N
SP_000147,AAPGXBRKBIUCMQ-GWHBCOKCSA-N
SP_000147,AAWNBEJOCRYVJE-QNGWXLTQSA-N
SP_000147,AAWZDTNXLSGCEK-UHFFFAOYSA-M
SP_000147,AAXMCYUUKFLUMJ-JSFHAIONSA-N
SP_000147,AAXMCYUUKFLUMJ-TWDRBPDCSA-N
SP_000147,AAXYAFFKOSNMEB-MHARETSRSA-N
SP_000147,AAZOMBJKSJQDHJ-ZBRBWIFHSA-N
SP_000147,AAZZVFONLHYNDZ-NVQRUNIKSA-J
SP_000147,ABBYYPGQJRBTGA-NESBLOORSA-N
SP_000147,ABCOOORLYAOBOZ-KQYNXXCUSA-N
SP_000147,ABFJWRKPWCFTQP-JKFVOKSPSA-N
SP_000147,ABFJWRKPWCFTQP-XSMLMOGHSA-N
SP_000147,ABIKEVIWOJTKQS-AARKOHAPSA-N
SP_000147,ABLZXFCXXLZCGV-UHFFFAOYSA-L
SP_000147,ABRHOUKZOUNSSK-FVEAQGRNSA-N
SP_000147,ABUKPIBHMMLQDI-RCOVLANCSA-N
SP_000147,ACGLCDJEASKGDO-JSYPMYMJSA-N
SP_000147,ACIVVGBVOVHFPQ-RPDRRWSUSA-N
SP_000147,ACLPCAOOWJUVLL-DZKYTWFZSA-N
SP_000147,ACLQSYLJAZRTAP-XAFBQJBNSA-N
SP_000147,ACSIRQPNAYTBRW-VZUYHUTRSA-N
SP_000147,ACTHNCRNFFCCAQ-PLKVWTDNSA-N
SP_000147,ACTHNCRNFFCCAQ-YNQDZHFMSA-N
SP_000147,ACZVSMNFVFBOTM-UHFFFAOYSA-N
SP_000147,ADACAMXIRQREOB-UHFFFAOYSA-N
SP_000147,ADCKHLSRWCXEIY-GGAPOBRUSA-N
SP_000147,ADHKIZQYPQGIRC-ACSKKKSPSA-N
SP_000147,ADHKIZQYPQGIRC-SOZVHHJESA-N
SP_000147,ADHNTNYEJYJUCU-ZSJFXSENSA-N
SP_000147,ADKNUXINKGBJMY-LDLOPFEMSA-N
SP_000147,ADMGMAPZAQUXIR-VRHMUEQPSA-N
SP_000147,ADNSYCXWAHUWTA-SYOMJGEJSA-N
SP_000147,ADSGHWJRPOXXTD-IHWYPQMZSA-M
SP_000147,ADYPMBBPSUQKED-VOLCNUBSSA-N
SP_000147,ADZPFIMEBZGRHB-ILJAMNOWSA-N
SP_000147,AEFNZGGBWOQYID-UHFFFAOYSA-N
SP_000147,AEIJGHDRIPTRQY-UBTAJKBJSA-N
SP_000147,AELFRHHZGTVYGJ-QMMMGPOBSA-N
SP_000147,AEMFNILZOJDQLW-QAGGRKNESA-N
SP_000147,AERBNCYCJBRYDG-UHFFFAOYSA-N
SP_000147,AESBAQNLQIQXNK-BMFSGJJHSA-N
SP_000147,AETXDQTWHNBCRO-QLKFWGTOSA-N
SP_000147,AEWHYWSPVRZHCT-NDZSKPAWSA-N
SP_000147,AEWHYWSPVRZHCT-UHFFFAOYSA-J
SP_000147,AEXNGRVFOMIYOW-ICFOKQHNSA-N
SP_000148,AABKSFWWBUPVNY-NVCPWDGJSA-N
SP_000148,AAFBEFOSCLMOTF-KXBCQOCRSA-N
SP_000148,AAFBEFOSCLMOTF-RRPFJGJLSA-N
SP_000148,AANMVENRNJYEMK-UHFFFAOYSA-N
SP_000148,AANZTOSGIRNZNM-LNOKNGNPSA-N
SP_000148,AAPGXBRKBIUCMQ-GWHBCOKCSA-N
SP_000148,AAWNBEJOCRYVJE-QNGWXLTQSA-N
SP_000148,AAWZDTNXLSGCEK-UHFFFAOYSA-M
SP_000148,AAXMCYUUKFLUMJ-JSFHAIONSA-N
SP_000148,AAXMCYUUKFLUMJ-TWDRBPDCSA-N
SP_000148,AAXYAFFKOSNMEB-MHARETSRSA-N
SP_000148,AAZOMBJKSJQDHJ-ZBRBWIFHSA-N
SP_000148,AAZZVFONLHYNDZ-NVQRUNIKSA-J
SP_000148,ABBYYPGQJRBTGA-NESBLOORSA-N
SP_000148,ABCOOORLYAOBOZ-KQYNXXCUSA-N
SP_000148,ABFJWRKPWCFTQP-JKFVOKSPSA-N
SP_000148,ABFJWRKPWCFTQP-XSMLMOGHSA-N
SP_000148,ABIKEVIWOJTKQS-AARKOHAPSA-N
SP_000148,ABLZXFCXXLZCGV-UHFFFAOYSA-L
SP_000148,ABRHOUKZOUNSSK-FVEAQGRNSA-N
SP_000148,ABUKPIBHMMLQDI-RCOVLANCSA-N
SP_000148,ACGLCDJEASKGDO-JSYPMYMJSA-N
SP_000148,ACIVVGBVOVHFPQ-RPDRRWSUSA-N
SP_000148,ACLPCAOOWJUVLL-DZKYTWFZSA-N
SP_000148,ACLQSYLJAZRTAP-XAFBQJBNSA-N
SP_000148,ACSIRQPNAYTBRW-VZUYHUTRSA-N
SP_000148,ACTHNCRNFFCCAQ-PLKVWTDNSA-N
SP_000148,ACTHNCRNFFCCAQ-YNQDZHFMSA-N
SP_000148,ACZVSMNFVFBOTM-UHFFFAOYSA-N
SP_000148,ADCKHLSRWCXEIY-GGAPOBRUSA-N
SP_000148,ADHKIZQYPQGIRC-ACSKKKSPSA-N
SP_000148,ADHKIZQYPQGIRC-SOZVHHJESA-N
SP_000148,ADKNUXINKGBJMY-LDLOPFEMSA-N
SP_000148,ADMGMAPZAQUXIR-VRHMUEQPSA-N
SP_000148,ADNSYCXWAHUWTA-SYOMJGEJSA-N
SP_000148,ADSGHWJRPOXXTD-IHWYPQMZSA-M
SP_000148,ADYPMBBPSUQKED-VOLCNUBSSA-N
SP_000148,ADZPFIMEBZGRHB-ILJAMNOWSA-N
SP_000148,AEFNZGGBWOQYID-UHFFFAOYSA-N
SP_000148,AEIJGHDRIPTRQY-UBTAJKBJSA-N
SP_000148,AELFRHHZGTVYGJ-QMMMGPOBSA-N
SP_000148,AEMFNILZOJDQLW-QAGGRKNESA-N
SP_000148,AERBNCYCJBRYDG-UHFFFAOYSA-N
SP_000148,AESBAQNLQIQXNK-BMFSGJJHSA-N
SP_000148,AETXDQTWHNBCRO-QLKFWGTOSA-N
SP_000148,AEWHYWSPVRZHCT-NDZSKPAWSA-N
SP_000148,AEWHYWSPVRZHCT-UHFFFAOYSA-J
SP_000148,AEXNGRVFOMIYOW-ICFOKQHNSA-N
SP_000148,AFFQVAIMWFYJJS-DTHFMEMVSA-N
SP_000148,AFGUVBVUFZMJMX-MDZDMXLPSA-N
SP_000149,AABKSFWWBUPVNY-NVCPWDGJSA-N
SP_000149,AAFBEFOSCLMOTF-KXBCQOCRSA-N
SP_000149,AAFBEFOSCLMOTF-RRPFJGJLSA-N
SP_000149,AANMVENRNJYEMK-UHFFFAOYSA-N
SP_000149,AANZTOSGIRNZNM-LNOKNGNPSA-N
SP_000149,AAPGXBRKBIUCMQ-GWHBCOKCSA-N
SP_000149,AAWNBEJOCRYVJE-QNGWXLTQSA-N
SP_000149,AAWZDTNXLSGCEK-UHFFFAOYSA-M
SP_000149,AAXMCYUUKFLUMJ-JSFHAIONSA-N
SP_000149,AAXMCYUUKFLUMJ-TWDRBPDCSA-N
SP_000149,AAXYAFFKOSNMEB-MHARETSRSA-N
SP_000149,AAZOMBJKSJQDHJ-ZBRBWIFHSA-N
SP_000149,AAZZVFONLHYNDZ-NVQRUNIKSA-J
SP_000149,ABBYYPGQJRBTGA-NESBLOORSA-N
SP_000149,ABCOOORLYAOBOZ-KQYNXXCUSA-N
SP_000149,ABFJWRKPWCFTQP-JKFVOKSPSA-N
SP_000149,ABFJWRKPWCFTQP-XSMLMOGHSA-N
SP_000149,ABIKEVIWOJTKQS-AARKOHAPSA-N
SP_000149,ABLZXFCXXLZCGV-UHFFFAOYSA-L
SP_000149,ABRHOUKZOUNSSK-FVEAQGRNSA-N
SP_000149,ABUKPIBHMMLQDI-RCOVLANCSA-N
SP_000149,ACGLCDJEASKGDO-JSYPMYMJSA-N
SP_000149,ACIVVGBVOVHFPQ-RPDRRWSUSA-N
SP_000149,ACLPCAOOWJUVLL-DZKYTWFZSA-N
SP_000149,ACLQSYLJAZRTAP-XAFBQJBNSA-N
SP_000149,ACSIRQPNAYTBRW-VZUYHUTRSA-N
SP_000149,ACTHNCRNFFCCAQ-PLKVWTDNSA-N
SP_000149,ACTHNCRNFFCCAQ-YNQDZHFMSA-N
SP_000149,ACZVSMNFVFBOTM-UHFFFAOYSA-N
SP_000149,ADCKHLSRWCXEIY-GGAPOBRUSA-N
SP_000149,ADHKIZQYPQGIRC-ACSKKKSPSA-N
SP_000149,ADHKIZQYPQGIRC-SOZVHHJESA-N
SP_000149,ADHNTNYEJYJUCU-ZSJFXSENSA-N
SP_000149,ADKNUXINKGBJMY-LDLOPFEMSA-N
SP_000149,ADMGMAPZAQUXIR-VRHMUEQPSA-N
SP_000149,ADNSYCXWAHUWTA-SYOMJGEJSA-N
SP_000149,ADSGHWJRPOXXTD-IHWYPQMZSA-M
SP_000149,ADYPMBBPSUQKED-VOLCNUBSSA-N
SP_000149,ADZPFIMEBZGRHB-ILJAMNOWSA-N
SP_000149,AEFNZGGBWOQYID-UHFFFAOYSA-N
SP_000149,AEIJGHDRIPTRQY-UBTAJKBJSA-N
SP_000149,AELFRHHZGTVYGJ-QMMMGPOBSA-N
SP_000149,AEMFNILZOJDQLW-QAGGRKNESA-N
SP_000149,AERBNCYCJBRYDG-UHFFFAOYSA-N
SP_000149,AESBAQNLQIQXNK-BMFSGJJHSA-N
SP_000149,AETXDQTWHNBCRO-QLKFWGTOSA-N
SP_000149,AEWHYWSPVRZHCT-NDZSKPAWSA-N
SP_000149,AEWHYWSPVRZHCT-UHFFFAOYSA-J
SP_000149,AEXNGRVFOMIYOW-ICFOKQHNSA-N
SP_000149,AFFQVAIMWFYJJS-DTHFMEMVSA-N
SP_000150,AANMVENRNJYEMK-UHFFFAOYSA-N
SP_000150,AAWZDTNXLSGCEK-UHFFFAOYSA-M
SP_000150,AAXYAFFKOSNMEB-MHARETSRSA-N
SP_000150,AAZZVFONLHYNDZ-NVQRUNIKSA-J
SP_000150,ABCOOORLYAOBOZ-KQYNXXCUSA-N
SP_000150,ABIKEVIWOJTKQS-AARKOHAPSA-N
SP_000150,ABLZXFCXXLZCGV-UHFFFAOYSA-L
SP_000150,ACIVVGBVOVHFPQ-RPDRRWSUSA-N
SP_000150,ACSIRQPNAYTBRW-VZUYHUTRSA-N
SP_000150,ACZVSMNFVFBOTM-UHFFFAOYSA-N
SP_000150,ADSGHWJRPOXXTD-IHWYPQMZSA-M
SP_000150,AEFNZGGBWOQYID-UHFFFAOYSA-N
SP_000150,AELFRHHZGTVYGJ-QMMMGPOBSA-N
SP_000150,AEMFNILZOJDQLW-QAGGRKNESA-N
SP_000150,AERBNCYCJBRYDG-UHFFFAOYSA-N
SP_000150,AEWHYWSPVRZHCT-NDZSKPAWSA-N
SP_000150,AEWHYWSPVRZHCT-UHFFFAOYSA-J
SP_000150,AFGUVBVUFZMJMX-MDZDMXLPSA-N
SP_000150,AFNUZVCFKQUDBJ-ZZWDRFIYSA-N
SP_000150,AGQJQCFEPUVXNK-UHFFFAOYSA-K
SP_000150,AHCYMLUZIRLXAA-SHYZEUOFSA-N
SP_000150,AHJCDQGRYVBQQZ-NSCUHMNNSA-N
SP_000150,AHLPHDHHMVZTML-BYPYZUCNSA-N
SP_000150,AHMIDUVKSGCHAU-LURJTMIESA-N
SP_000150,AIBOHNYYKWYQMM-GELUXPMISA-N
SP_000150,AIJULSRZWUXGPQ-UHFFFAOYSA-N
SP_000150,AIQDYKMWENWVQJ-UHFFFAOYSA-K
SP_000150,AISVAXNALHBFPC-IOSLPCCCSA-N
SP_000150,AJONJFGFTGGKEX-UHFFFAOYSA-M
SP_000150,AKIHYQWCLCDMMI-VMPITWQZSA-N
SP_000150,ALEWCKXBHSDCCT-YFVJMOTDSA-L
SP_000150,ALLYVKRLOHDVKI-UHFFFAOYSA-N
SP_000150,ALRHLSYJTWAHJZ-UHFFFAOYSA-N
SP_000150,ALTAAUJNHYWOGS-UHFFFAOYSA-N
SP_000150,ALYNCZNDIQEVRV-UHFFFAOYSA-M
SP_000150,AMBQHHVBBHTQBF-UOUCRYGSSA-N
SP_000150,AMIMRNSIRUDHCM-UHFFFAOYSA-N
SP_000150,AMROMUFVHNPOEQ-UHFFFAOYSA-N
SP_000150,AOFQQLZNDSBFLN-UHFFFAOYSA-K
SP_000150,APBPHWLOGNJBLH-UHFFFAOYSA-N
SP_000150,APIQNBNBIICCON-FKMSRSAHSA-N
SP_000150,APIZAZFFQBVSJA-UHFFFAOYSA-N
SP_000150,APJYDQYYACXCRM-UHFFFAOYSA-N
SP_000150,AQIXAKUUQRKLND-UHFFFAOYSA-N
SP_000150,AQJZOYUAIGQOPF-BCYGMIQCSA-N
SP_000150,ARJPPNFIEQKVBB-UHFFFAOYSA-N
SP_000150,ARLAWMCEVZUXEY-UHFFFAOYSA-N
SP_000150,ARYTXMNEANMLMU-UHFFFAOYSA-N
SP_000150,ASCFNMCAHFUBCO-UHFFFAOYSA-N
SP_000150,ASUQQNMFKHYMOQ-ZFESHMOZSA-N
SP_000151,AABKSFWWBUPVNY-NVCPWDGJSA-N
SP_000151,AAFBEFOSCLMOTF-KXBCQOCRSA-N
SP_000151,AAFBEFOSCLMOTF-RRPFJGJLSA-N
SP_000151,AANMVENRNJYEMK-UHFFFAOYSA-N
SP_000151,AANZTOSGIRNZNM-LNOKNGNPSA-N
SP_000151,AAPGXBRKBIUCMQ-GWHBCOKCSA-N
SP_000151,AAWNBEJOCRYVJE-QNGWXLTQSA-N
SP_000151,AAWZDTNXLSGCEK-UHFFFAOYSA-M
SP_000151,AAWZDTNXLSGCEK-UHFFFAOYSA-N
SP_000151,AAXMCYUUKFLUMJ-JSFHAIONSA-N
SP_000151,AAXMCYUUKFLUMJ-TWDRBPDCSA-N
SP_000151,AAXYAFFKOSNMEB-MHARETSRSA-N
SP_000151,AAZOMBJKSJQDHJ-ZBRBWIFHSA-N
SP_000151,AAZZVFONLHYNDZ-NVQRUNIKSA-J
SP_000151,ABBYYPGQJRBTGA-NESBLOORSA-N
SP_000151,ABCOOORLYAOBOZ-KQYNXXCUSA-N
SP_000151,ABFJWRKPWCFTQP-JKFVOKSPSA-N
SP_000151,ABFJWRKPWCFTQP-XSMLMOGHSA-N
SP_000151,ABFOJGYAILKEJB-UHFFFAOYSA-N
SP_000151,ABIKEVIWOJTKQS-AARKOHAPSA-N
SP_000151,ABLZXFCXXLZCGV-UHFFFAOYSA-L
SP_000151,ABRHOUKZOUNSSK-FVEAQGRNSA-N
SP_000151,ABUKPIBHMMLQDI-RCOVLANCSA-N
SP_000151,ACGLCDJEASKGDO-JSYPMYMJSA-N
SP_000151,ACIVVGBVOVHFPQ-RPDRRWSUSA-N
SP_000151,ACLPCAOOWJUVLL-DZKYTWFZSA-N
SP_000151,ACLQSYLJAZRTAP-XAFBQJBNSA-N
SP_000151,ACSIRQPNAYTBRW-VZUYHUTRSA-N
SP_000151,ACTHNCRNFFCCAQ-PLKVWTDNSA-N
SP_000151,ACTHNCRNFFCCAQ-YNQDZHFMSA-N
SP_000151,ACWQBUSCFPJUPN-HYXAFXHYSA-N
SP_000151,ACZVSMNFVFBOTM-UHFFFAOYSA-N
SP_000151,ADACAMXIRQREOB-UHFFFAOYSA-N
SP_000151,ADCKHLSRWCXEIY-GGAPOBRUSA-N
SP_000151,ADHKIZQYPQGIRC-ACSKKKSPSA-N
SP_000151,ADHKIZQYPQGIRC-SOZVHHJESA-N
SP_000151,ADHNTNYEJYJUCU-ZSJFXSENSA-N
SP_000151,ADKNUXINKGBJMY-LDLOPFEMSA-N
SP_000151,ADMGMAPZAQUXIR-VRHMUEQPSA-N
SP_000151,ADNSYCXWAHUWTA-SYOMJGEJSA-N
SP_000151,ADSGHWJRPOXXTD-IHWYPQMZSA-M
SP_000151,ADYPMBBPSUQKED-VOLCNUBSSA-N
SP_000151,ADZPFIMEBZGRHB-ILJAMNOWSA-N
SP_000151,AEFNZGGBWOQYID-UHFFFAOYSA-N
SP_000151,AEIJGHDRIPTRQY-UBTAJKBJSA-N
SP_000151,AELFRHHZGTVYGJ-QMMMGPOBSA-N
SP_000151,AEMFNILZOJDQLW-QAGGRKNESA-N
SP_000151,AERBNCYCJBRYDG-UHFFFAOYSA-N
SP_000151,AESBAQNLQIQXNK-BMFSGJJHSA-N
SP_000151,AETXDQTWHNBCRO-QLKFWGTOSA-N
SP_000152,AABKSFWWBUPVNY-NVCPWDGJSA-N
SP_000152,AAFBEFOSCLMOTF-KXBCQOCRSA-N
SP_000152,AAFBEFOSCLMOTF-RRPFJGJLSA-N
SP_000152,AANMVENRNJYEMK-UHFFFAOYSA-N
SP_000152,AANZTOSGIRNZNM-LNOKNGNPSA-N
SP_000152,AAPGXBRKBIUCMQ-GWHBCOKCSA-N
SP_000152,AAWNBEJOCRYVJE-QNGWXLTQSA-N
SP_000152,AAWZDTNXLSGCEK-UHFFFAOYSA-M
SP_000152,AAXMCYUUKFLUMJ-JSFHAIONSA-N
SP_000152,AAXMCYUUKFLUMJ-TWDRBPDCSA-N
SP_000152,AAXYAFFKOSNMEB-MHARETSRSA-N
SP_000152,AAZOMBJKSJQDHJ-ZBRBWIFHSA-N
SP_000152,AAZZVFONLHYNDZ-NVQRUNIKSA-J
SP_000152,ABBYYPGQJRBTGA-NESBLOORSA-N
SP_000152,ABCOOORLYAOBOZ-KQYNXXCUSA-N
SP_000152,ABFJWRKPWCFTQP-JKFVOKSPSA-N
SP_000152,ABFJWRKPWCFTQP-XSMLMOGHSA-N
SP_000152,ABIKEVIWOJTKQS-AARKOHAPSA-N
SP_000152,ABLZXFCXXLZCGV-UHFFFAOYSA-L
SP_000152,ABRHOUKZOUNSSK-FVEAQGRNSA-N
SP_000152,ABUKPIBHMMLQDI-RCOVLANCSA-N
SP_000152,ACGLCDJEASKGDO-JSYPMYMJSA-N
SP_000152,ACIVVGBVOVHFPQ-RPDRRWSUSA-N
SP_000152,ACLPCAOOWJUVLL-DZKYTWFZSA-N
SP_000152,ACLQSYLJAZRTAP-XAFBQJBNSA-N
SP_000152,ACSIRQPNAYTBRW-VZUYHUTRSA-N
SP_000152,ACTHNCRNFFCCAQ-PLKVWTDNSA-N
SP_000152,ACTHNCRNFFCCAQ-YNQDZHFMSA-N
SP_000152,ACZVSMNFVFBOTM-UHFFFAOYSA-N
SP_000152,ADCKHLSRWCXEIY-GGAPOBRUSA-N
SP_000152,ADHKIZQYPQGIRC-ACSKKKSPSA-N
SP_000152,ADHKIZQYPQGIRC-SOZVHHJESA-N
SP_000152,ADHNTNYEJYJUCU-ZSJFXSENSA-N
SP_000152,ADKNUXINKGBJMY-LDLOPFEMSA-N
SP_000152,ADMGMAPZAQUXIR-VRHMUEQPSA-N
SP_000152,ADNSYCXWAHUWTA-SYOMJGEJSA-N
SP_000152,ADSGHWJRPOXXTD-IHWYPQMZSA-M
SP_000152,ADYPMBBPSUQKED-VOLCNUBSSA-N
SP_000152,ADZPFIMEBZGRHB-ILJAMNOWSA-N
SP_000152,AEFNZGGBWOQYID-UHFFFAOYSA-N
SP_000152,AEIJGHDRIPTRQY-UBTAJKBJSA-N
SP_000152,AELFRHHZGTVYGJ-QMMMGPOBSA-N
SP_000152,AEMFNILZOJDQLW-QAGGRKNESA-N
SP_000152,AERBNCYCJBRYDG-UHFFFAOYSA-N
SP_000152,AESBAQNLQIQXNK-BMFSGJJHSA-N
SP_000152,AETXDQTWHNBCRO-QLKFWGTOSA-N
SP_000152,AEWHYWSPVRZHCT-NDZSKPAWSA-N
SP_000152,AEWHYWSPVRZHCT-UHFFFAOYSA-J
SP_000152,AEXNGRVFOMIYOW-ICFOKQHNSA-N
SP_000152,AFFQVAIMWFYJJS-DTHFMEMVSA-N
SP_000153,AABKSFWWBUPVNY-NVCPWDGJSA-N
SP_000153,AAFBEFOSCLMOTF-KXBCQOCRSA-N
SP_000153,AAFBEFOSCLMOTF-RRPFJGJLSA-N
SP_000153,AANMVENRNJYEMK-UHFFFAOYSA-N
SP_000153,AANZTOSGIRNZNM-LNOKNGNPSA-N
SP_000153,AAPGXBRKBIUCMQ-GWHBCOKCSA-N
SP_000153,AAWNBEJOCRYVJE-QNGWXLTQSA-N
SP_000153,AAWZDTNXLSGCEK-UHFFFAOYSA-M
SP_000153,AAXMCYUUKFLUMJ-JSFHAIONSA-N
SP_000153,AAXMCYUUKFLUMJ-TWDRBPDCSA-N
SP_000153,AAXYAFFKOSNMEB-MHARETSRSA-N
SP_000153,AAZOMBJKSJQDHJ-ZBRBWIFHSA-N
SP_000153,AAZZVFONLHYNDZ-NVQRUNIKSA-J
SP_000153,ABBYYPGQJRBTGA-NESBLOORSA-N
SP_000153,ABCOOORLYAOBOZ-KQYNXXCUSA-N
SP_000153,ABFJWRKPWCFTQP-JKFVOKSPSA-N
SP_000153,ABFJWRKPWCFTQP-XSMLMOGHSA-N
SP_000153,ABIKEVIWOJTKQS-AARKOHAPSA-N
SP_000153,ABLZXFCXXLZCGV-UHFFFAOYSA-L
SP_000153,ABRHOUKZOUNSSK-FVEAQGRNSA-N
SP_000153,ABUKPIBHMMLQDI-RCOVLANCSA-N
SP_000153,ACGLCDJEASKGDO-JSYPMYMJSA-N
SP_000153,ACIVVGBVOVHFPQ-RPDRRWSUSA-N
SP_000153,ACLPCAOOWJUVLL-DZKYTWFZSA-N
SP_000153,ACLQSYLJAZRTAP-XAFBQJBNSA-N
SP_000153,ACSIRQPNAYTBRW-VZUYHUTRSA-N
SP_000153,ACTHNCRNFFCCAQ-PLKVWTDNSA-N
SP_000153,ACTHNCRNFFCCAQ-YNQDZHFMSA-N
SP_000153,ACZVSMNFVFBOTM-UHFFFAOYSA-N
SP_000153,ADCKHLSRWCXEIY-GGAPOBRUSA-N
SP_000153,ADHKIZQYPQGIRC-ACSKKKSPSA-N
SP_000153,ADHKIZQYPQGIRC-SOZVHHJESA-N
SP_000153,ADKNUXINKGBJMY-LDLOPFEMSA-N
SP_000153,ADMGMAPZAQUXIR-VRHMUEQPSA-N
SP_000153,ADNSYCXWAHUWTA-SYOMJGEJSA-N
SP_000153,ADSGHWJRPOXXTD-IHWYPQMZSA-M
SP_000153,ADYPMBBPSUQKED-VOLCNUBSSA-N
SP_000153,ADZPFIMEBZGRHB-ILJAMNOWSA-N
SP_000153,AEFNZGGBWOQYID-UHFFFAOYSA-N
SP_000153,AEIJGHDRIPTRQY-UBTAJKBJSA-N
SP_000153,AELFRHHZGTVYGJ-QMMMGPOBSA-N
SP_000153,AEMFNILZOJDQLW-QAGGRKNESA-N
SP_000153,AERBNCYCJBRYDG-UHFFFAOYSA-N
SP_000153,AESBAQNLQIQXNK-BMFSGJJHSA-N
SP_000153,AETXDQTWHNBCRO-QLKFWGTOSA-N
SP_000153,AEWHYWSPVRZHCT-NDZSKPAWSA-N
SP_000153,AEWHYWSPVRZHCT-UHFFFAOYSA-J
SP_000153,AEXNGRVFOMIYOW-ICFOKQHNSA-N
SP_000153,AFFQVAIMWFYJJS-DTHFMEMVSA-N
SP_000153,AFGUVBVUFZMJMX-MDZDMXLPSA-N
SP_000154,AABKSFWWBUPVNY-NVCPWDGJSA-N
SP_000154,AAFBEFOSCLMOTF-KXBCQOCRSA-N
SP_000154,AAFBEFOSCLMOTF-RRPFJGJLSA-N
SP_000154,AANMVENRNJYEMK-UHFFFAOYSA-N
SP_000154,AANZTOSGIRNZNM-LNOKNGNPSA-N
SP_000154,AAPGXBRKBIUCMQ-GWHBCOKCSA-N
SP_000154,AAWNBEJOCRYVJE-QNGWXLTQSA-N
SP_000154,AAWZDTNXLSGCEK-UHFFFAOYSA-M
SP_000154,AAXMCYUUKFLUMJ-JSFHAIONSA-N
SP_000154,AAXMCYUUKFLUMJ-TWDRBPDCSA-N
SP_000154,AAXYAFFKOSNMEB-MHARETSRSA-N
SP_000154,AAZOMBJKSJQDHJ-ZBRBWIFHSA-N
SP_000154,AAZZVFONLHYNDZ-NVQRUNIKSA-J
SP_000154,ABBYYPGQJRBTGA-NESBLOORSA-N
SP_000154,ABCOOORLYAOBOZ-KQYNXXCUSA-N
SP_000154,ABFJWRKPWCFTQP-JKFVOKSPSA-N
SP_000154,ABFJWRKPWCFTQP-XSMLMOGHSA-N
SP_000154,ABIKEVIWOJTKQS-AARKOHAPSA-N
SP_000154,ABLZXFCXXLZCGV-UHFFFAOYSA-L
SP_000154,ABRHOUKZOUNSSK-FVEAQGRNSA-N
SP_000154,ABUKPIBHMMLQDI-RCOVLANCSA-N
SP_000154,ACGLCDJEASKGDO-JSYPMYMJSA-N
SP_000154,ACIVVGBVOVHFPQ-RPDRRWSUSA-N
SP_000154,ACLPCAOOWJUVLL-DZKYTWFZSA-N
SP_000154,ACLQSYLJAZRTAP-XAFBQJBNSA-N
SP_000154,ACSIRQPNAYTBRW-VZUYHUTRSA-N
SP_000154,ACTHNCRNFFCCAQ-PLKVWTDNSA-N
SP_000154,ACTHNCRNFFCCAQ-YNQDZHFMSA-N
SP_000154,ACZVSMNFVFBOTM-UHFFFAOYSA-N
SP_000154,ADCKHLSRWCXEIY-GGAPOBRUSA-N
SP_000154,ADHKIZQYPQGIRC-ACSKKKSPSA-N
SP_000154,ADHKIZQYPQGIRC-SOZVHHJESA-N
SP_000154,ADKNUXINKGBJMY-LDLOPFEMSA-N
SP_000154,ADMGMAPZAQUXIR-VRHMUEQPSA-N
SP_000154,ADNSYCXWAHUWTA-SYOMJGEJSA-N
SP_000154,ADSGHWJRPOXXTD-IHWYPQMZSA-M
SP_000154,ADYPMBBPSUQKED-VOLCNUBSSA-N
SP_000154,ADZPFIMEBZGRHB-ILJAMNOWSA-N
SP_000154,AEFNZGGBWOQYID-UHFFFAOYSA-N
SP_000154,AEIJGHDRIPTRQY-UBTAJKBJSA-N
SP_000154,AELFRHHZGTVYGJ-QMMMGPOBSA-N
SP_000154,AEMFNILZOJDQLW-QAGGRKNESA-N
SP_000154,AERBNCYCJBRYDG-UHFFFAOYSA-N
SP_000154,AESBAQNLQIQXNK-BMFSGJJHSA-N
SP_000154,AETXDQTWHNBCRO-QLKFWGTOSA-N
SP_000154,AEWHYWSPVRZHCT-NDZSKPAWSA-N
SP_000154,AEWHYWSPVRZHCT-UHFFFAOYSA-J
SP_000154,AEXNGRVFOMIYOW-ICFOKQHNSA-N
SP_000154,AFFQVAIMWFYJJS-DTHFMEMVSA-N
SP_000154,AFGUVBVUFZMJMX-MDZDMXLPSA-N
SP_000155,AABKSFWWBUPVNY-NVCPWDGJSA-N
SP_000155,AAFBEFOSCLMOTF-KXBCQOCRSA-N
SP_000155,AAFBEFOSCLMOTF-RRPFJGJLSA-N
SP_000155,AANMVENRNJYEMK-UHFFFAOYSA-N
SP_000155,AANZTOSGIRNZNM-LNOKNGNPSA-N
SP_000155,AAPGXBRKBIUCMQ-GWHBCOKCSA-N
SP_000155,AAWNBEJOCRYVJE-QNGWXLTQSA-N
SP_000155,AAWZDTNXLSGCEK-UHFFFAOYSA-M
SP_000155,AAXMCYUUKFLUMJ-JSFHAIONSA-N
SP_000155,AAXMCYUUKFLUMJ-TWDRBPDCSA-N
SP_000155,AAXYAFFKOSNMEB-MHARETSRSA-N
SP_000155,AAZOMBJKSJQDHJ-ZBRBWIFHSA-N
SP_000155,AAZZVFONLHYNDZ-NVQRUNIKSA-J
SP_000155,ABBYYPGQJRBTGA-NESBLOORSA-N
SP_000155,ABCOOORLYAOBOZ-KQYNXXCUSA-N
SP_000155,ABFJWRKPWCFTQP-JKFVOKSPSA-N
SP_000155,ABFJWRKPWCFTQP-XSMLMOGHSA-N
SP_000155,ABIKEVIWOJTKQS-AARKOHAPSA-N
SP_000155,ABLZXFCXXLZCGV-UHFFFAOYSA-L
SP_000155,ABRHOUKZOUNSSK-FVEAQGRNSA-N
SP_000155,ABUKPIBHMMLQDI-RCOVLANCSA-N
SP_000155,ACGLCDJEASKGDO-JSYPMYMJSA-N
SP_000155,ACIVVGBVOVHFPQ-RPDRRWSUSA-N
SP_000155,ACLPCAOOWJUVLL-DZKYTWFZSA-N
SP_000155,ACLQSYLJAZRTAP-XAFBQJBNSA-N
SP_000155,ACSIRQPNAYTBRW-VZUYHUTRSA-N
SP_000155,ACTHNCRNFFCCAQ-PLKVWTDNSA-N
SP_000155,ACTHNCRNFFCCAQ-YNQDZHFMSA-N
SP_000155,ACZVSMNFVFBOTM-UHFFFAOYSA-N
SP_000155,ADCKHLSRWCXEIY-GGAPOBRUSA-N
SP_000155,ADHKIZQYPQGIRC-ACSKKKSPSA-N
SP_000155,ADHKIZQYPQGIRC-SOZVHHJESA-N
SP_000155,ADHNTNYEJYJUCU-ZSJFXSENSA-N
SP_000155,ADKNUXINKGBJMY-LDLOPFEMSA-N
SP_000155,ADMGMAPZAQUXIR-VRHMUEQPSA-N
SP_000155,ADNSYCXWAHUWTA-SYOMJGEJSA-N
SP_000155,ADSGHWJRPOXXTD-IHWYPQMZSA-M
SP_000155,ADYPMBBPSUQKED-VOLCNUBSSA-N
SP_000155,ADZPFIMEBZGRHB-ILJAMNOWSA-N
SP_000155,AEFNZGGBWOQYID-UHFFFAOYSA-N
SP_000155,AEIJGHDRIPTRQY-UBTAJKBJSA-N
SP_000155,AELFRHHZGTVYGJ-QMMMGPOBSA-N
SP_000155,AEMFNILZOJDQLW-QAGGRKNESA-N
SP_000155,AERBNCYCJBRYDG-UHFFFAOYSA-N
SP_000155,AESBAQNLQIQXNK-BMFSGJJHSA-N
SP_000155,AETXDQTWHNBCRO-QLKFWGTOSA-N
SP_000155,AEWHYWSPVRZHCT-NDZSKPAWSA-N
SP_000155,AEWHYWSPVRZHCT-UHFFFAOYSA-J
SP_000155,AEXNGRVFOMIYOW-ICFOKQHNSA-N
SP_000155,AFFQVAIMWFYJJS-DTHFMEMVSA-N
SP_000156,AABKSFWWBUPVNY-NVCPWDGJSA-N
SP_000156,AAFBEFOSCLMOTF-KXBCQOCRSA-N
SP_000156,AAFBEFOSCLMOTF-RRPFJGJLSA-N
SP_000156,AANMVENRNJYEMK-UHFFFAOYSA-N
SP_000156,AANZTOSGIRNZNM-LNOKNGNPSA-N
SP_000156,AAPGXBRKBIUCMQ-GWHBCOKCSA-N
SP_000156,AAWNBEJOCRYVJE-QNGWXLTQSA-N
SP_000156,AAWZDTNXLSGCEK-UHFFFAOYSA-M
SP_000156,AAXMCYUUKFLUMJ-JSFHAIONSA-N
SP_000156,AAXMCYUUKFLUMJ-TWDRBPDCSA-N
SP_000156,AAXYAFFKOSNMEB-MHARETSRSA-N
SP_000156,AAZOMBJKSJQDHJ-ZBRBWIFHSA-N
SP_000156,AAZZVFONLHYNDZ-NVQRUNIKSA-J
SP_000156,ABBYYPGQJRBTGA-NESBLOORSA-N
SP_000156,ABCOOORLYAOBOZ-KQYNXXCUSA-N
SP_000156,ABFJWRKPWCFTQP-JKFVOKSPSA-N
SP_000156,ABFJWRKPWCFTQP-XSMLMOGHSA-N
SP_000156,ABIKEVIWOJTKQS-AARKOHAPSA-N
SP_000156,ABLZXFCXXLZCGV-UHFFFAOYSA-L
SP_000156,ABRHOUKZOUNSSK-FVEAQGRNSA-N
SP_000156,ABUKPIBHMMLQDI-RCOVLANCSA-N
SP_000156,ACGLCDJEASKGDO-JSYPMYMJSA-N
SP_000156,ACIVVGBVOVHFPQ-RPDRRWSUSA-N
SP_000156,ACLPCAOOWJUVLL-DZKYTWFZSA-N
SP_000156,ACLQSYLJAZRTAP-XAFBQJBNSA-N
SP_000156,ACSIRQPNAYTBRW-VZUYHUTRSA-N
SP_000156,ACTHNCRNFFCCAQ-PLKVWTDNSA-N
SP_000156,ACTHNCRNFFCCAQ-YNQDZHFMSA-N
SP_000156,ACZVSMNFVFBOTM-UHFFFAOYSA-N
SP_000156,ADCKHLSRWCXEIY-GGAPOBRUSA-N
SP_000156,ADHKIZQYPQGIRC-ACSKKKSPSA-N
SP_000156,ADHKIZQYPQGIRC-SOZVHHJESA-N
SP_000156,ADKNUXINKGBJMY-LDLOPFEMSA-N
SP_000156,ADMGMAPZAQUXIR-VRHMUEQPSA-N
SP_000156,ADNSYCXWAHUWTA-SYOMJGEJSA-N
SP_000156,ADSGHWJRPOXXTD-IHWYPQMZSA-M
SP_000156,ADYPMBBPSUQKED-VOLCNUBSSA-N
SP_000156,ADZPFIMEBZGRHB-ILJAMNOWSA-N
SP_000156,AEFNZGGBWOQYID-UHFFFAOYSA-N
SP_000156,AEIJGHDRIPTRQY-UBTAJKBJSA-N
SP_000156,AELFRHHZGTVYGJ-QMMMGPOBSA-N
SP_000156,AEMFNILZOJDQLW-QAGGRKNESA-N
SP_000156,AERBNCYCJBRYDG-UHFFFAOYSA-N
SP_000156,AESBAQNLQIQXNK-BMFSGJJHSA-N
SP_000156,AETXDQTWHNBCRO-QLKFWGTOSA-N
SP_000156,AEWHYWSPVRZHCT-NDZSKPAWSA-N
SP_000156,AEWHYWSPVRZHCT-UHFFFAOYSA-J
SP_000156,AEXNGRVFOMIYOW-ICFOKQHNSA-N
SP_000156,AFFQVAIMWFYJJS-DTHFMEMVSA-N
SP_000156,AFGUVBVUFZMJMX-MDZDMXLPSA-N
SP_000157,AABKSFWWBUPVNY-NVCPWDGJSA-N
SP_000157,AAFBEFOSCLMOTF-KXBCQOCRSA-N
SP_000157,AAFBEFOSCLMOTF-RRPFJGJLSA-N
SP_000157,AANMVENRNJYEMK-UHFFFAOYSA-N
SP_000157,AANZTOSGIRNZNM-LNOKNGNPSA-N
SP_000157,AAPGXBRKBIUCMQ-GWHBCOKCSA-N
SP_000157,AAWNBEJOCRYVJE-QNGWXLTQSA-N
SP_000157,AAWZDTNXLSGCEK-UHFFFAOYSA-M
SP_000157,AAXMCYUUKFLUMJ-JSFHAIONSA-N
SP_000157,AAXMCYUUKFLUMJ-TWDRBPDCSA-N
SP_000157,AAXYAFFKOSNMEB-MHARETSRSA-N
SP_000157,AAZOMBJKSJQDHJ-ZBRBWIFHSA-N
SP_000157,AAZZVFONLHYNDZ-NVQRUNIKSA-J
SP_000157,ABBYYPGQJRBTGA-NESBLOORSA-N
SP_000157,ABCOOORLYAOBOZ-KQYNXXCUSA-N
SP_000157,ABFJWRKPWCFTQP-JKFVOKSPSA-N
SP_000157,ABFJWRKPWCFTQP-XSMLMOGHSA-N
SP_000157,ABIKEVIWOJTKQS-AARKOHAPSA-N
SP_000157,ABLZXFCXXLZCGV-UHFFFAOYSA-L
SP_000157,ABRHOUKZOUNSSK-FVEAQGRNSA-N
SP_000157,ABUKPIBHMMLQDI-RCOVLANCSA-N
SP_000157,ACGLCDJEASKGDO-JSYPMYMJSA-N
SP_000157,ACIVVGBVOVHFPQ-RPDRRWSUSA-N
SP_000157,ACLPCAOOWJUVLL-DZKYTWFZSA-N
SP_000157,ACLQSYLJAZRTAP-XAFBQJBNSA-N
SP_000157,ACSIRQPNAYTBRW-VZUYHUTRSA-N
SP_000157,ACTHNCRNFFCCAQ-PLKVWTDNSA-N
SP_000157,ACTHNCRNFFCCAQ-YNQDZHFMSA-N
SP_000157,ACZVSMNFVFBOTM-UHFFFAOYSA-N
SP_000157,ADCKHLSRWCXEIY-GGAPOBRUSA-N
SP_000157,ADHKIZQYPQGIRC-ACSKKKSPSA-N
SP_000157,ADHKIZQYPQGIRC-SOZVHHJESA-N
SP_000157,ADHNTNYEJYJUCU-ZSJFXSENSA-N
SP_000157,ADKNUXINKGBJMY-LDLOPFEMSA-N
SP_000157,ADMGMAPZAQUXIR-VRHMUEQPSA-N
SP_000157,ADNSYCXWAHUWTA-SYOMJGEJSA-N
SP_000157,ADSGHWJRPOXXTD-IHWYPQMZSA-M
SP_000157,ADYPMBBPSUQKED-VOLCNUBSSA-N
SP_000157,ADZPFIMEBZGRHB-ILJAMNOWSA-N
SP_000157,AEFNZGGBWOQYID-UHFFFAOYSA-N
SP_000157,AEIJGHDRIPTRQY-UBTAJKBJSA-N
SP_000157,AELFRHHZGTVYGJ-QMMMGPOBSA-N
SP_000157,AEMFNILZOJDQLW-QAGGRKNESA-N
SP_000157,AERBNCYCJBRYDG-UHFFFAOYSA-N
SP_000157,AESBAQNLQIQXNK-BMFSGJJHSA-N
SP_000157,AETXDQTWHNBCRO-QLKFWGTOSA-N
SP_000157,AEWHYWSPVRZHCT-NDZSKPAWSA-N
SP_000157,AEWHYWSPVRZHCT-UHFFFAOYSA-J
SP_000157,AEXNGRVFOMIYOW-ICFOKQHNSA-N
SP_000157,AFFQVAIMWFYJJS-DTHFMEMVSA-N
SP_000158,AABKSFWWBUPVNY-NVCPWDGJSA-N
SP_000158,AAFBEFOSCLMOTF-KXBCQOCRSA-N
SP_000158,AAFBEFOSCLMOTF-RRPFJGJLSA-N
SP_000158,AANMVENRNJYEMK-UHFFFAOYSA-N
SP_000158,AANZTOSGIRNZNM-LNOKNGNPSA-N
SP_000158,AAPGXBRKBIUCMQ-GWHBCOKCSA-N
SP_000158,AAWNBEJOCRYVJE-QNGWXLTQSA-N
SP_000158,AAWZDTNXLSGCEK-UHFFFAOYSA-M
SP_000158,AAXMCYUUKFLUMJ-JSFHAIONSA-N
SP_000158,AAXMCYUUKFLUMJ-TWDRBPDCSA-N
SP_000158,AAXYAFFKOSNMEB-MHARETSRSA-N
SP_000158,AAZOMBJKSJQDHJ-ZBRBWIFHSA-N
SP_000158,AAZZVFONLHYNDZ-NVQRUNIKSA-J
SP_000158,ABBYYPGQJRBTGA-NESBLOORSA-N
SP_000158,ABCOOORLYAOBOZ-KQYNXXCUSA-N
SP_000158,ABFJWRKPWCFTQP-JKFVOKSPSA-N
SP_000158,ABFJWRKPWCFTQP-XSMLMOGHSA-N
SP_000158,ABIKEVIWOJTKQS-AARKOHAPSA-N
SP_000158,ABLZXFCXXLZCGV-UHFFFAOYSA-L
SP_000158,ABRHOUKZOUNSSK-FVEAQGRNSA-N
SP_000158,ABUKPIBHMMLQDI-RCOVLANCSA-N
SP_000158,ACGLCDJEASKGDO-JSYPMYMJSA-N
SP_000158,ACIVVGBVOVHFPQ-RPDRRWSUSA-N
SP_000158,ACLPCAOOWJUVLL-DZKYTWFZSA-N
SP_000158,ACLQSYLJAZRTAP-XAFBQJBNSA-N
SP_000158,ACSIRQPNAYTBRW-VZUYHUTRSA-N
SP_000158,ACTHNCRNFFCCAQ-PLKVWTDNSA-N
SP_000158,ACTHNCRNFFCCAQ-YNQDZHFMSA-N
SP_000158,ACZVSMNFVFBOTM-UHFFFAOYSA-N
SP_000158,ADCKHLSRWCXEIY-GGAPOBRUSA-N
SP_000158,ADHKIZQYPQGIRC-ACSKKKSPSA-N
SP_000158,ADHKIZQYPQGIRC-SOZVHHJESA-N
SP_000158,ADKNUXINKGBJMY-LDLOPFEMSA-N
SP_000158,ADMGMAPZAQUXIR-VRHMUEQPSA-N
SP_000158,ADNSYCXWAHUWTA-SYOMJGEJSA-N
SP_000158,ADSGHWJRPOXXTD-IHWYPQMZSA-M
SP_000158,ADYPMBBPSUQKED-VOLCNUBSSA-N
SP_000158,ADZPFIMEBZGRHB-ILJAMNOWSA-N
SP_000158,AEFNZGGBWOQYID-UHFFFAOYSA-N
SP_000158,AEIJGHDRIPTRQY-UBTAJKBJSA-N
SP_000158,AELFRHHZGTVYGJ-QMMMGPOBSA-N
SP_000158,AEMFNILZOJDQLW-QAGGRKNESA-N
SP_000158,AERBNCYCJBRYDG-UHFFFAOYSA-N
SP_000158,AESBAQNLQIQXNK-BMFSGJJHSA-N
SP_000158,AETXDQTWHNBCRO-QLKFWGTOSA-N
SP_000158,AEWHYWSPVRZHCT-NDZSKPAWSA-N
SP_000158,AEWHYWSPVRZHCT-UHFFFAOYSA-J
SP_000158,AEXNGRVFOMIYOW-ICFOKQHNSA-N
SP_000158,AFFQVAIMWFYJJS-DTHFMEMVSA-N
SP_000158,AFGUVBVUFZMJMX-MDZDMXLPSA-N
SP_000159,AAEVYOVXGOFMJO-UHFFFAOYSA-N
SP_000159,ACWQBUSCFPJUPN-HYXAFXHYSA-N
SP_000159,ADHNTNYEJYJUCU-ZSJFXSENSA-N
SP_000159,AHLPHDHHMVZTML-UHFFFAOYSA-N
SP_000159,AIONOLUJZLIMTK-AWEZNQCLSA-N
SP_000159,AKEUNCKRJATALU-UHFFFAOYSA-N
SP_000159,AMIMRNSIRUDHCM-UHFFFAOYSA-N
SP_000159,AMQJEAYHLZJPGS-UHFFFAOYSA-N
SP_000159,ANGCIHCSPJLGME-UHFFFAOYSA-N
SP_000159,APFBWMGEGSELQP-AATRIKPKSA-N
SP_000159,AQJZOYUAIGQOPF-BCYGMIQCSA-N
SP_000159,AVCFXYYRWRZONV-BKRJIHRRSA-N
SP_000159,AVMSWPWPYJVYKY-UHFFFAOYSA-N
SP_000159,BATOPAZDIZEVQF-IAROGAJJSA-N
SP_000159,BAVYZALUXZFZLV-UHFFFAOYSA-N
SP_000159,BBBXWRGITSUJPB-YUMQZZPRSA-N
SP_000159,BDAGIHXWWSANSR-UHFFFAOYSA-N
SP_000159,BDCDNTVZSILEOY-UHFFFAOYSA-N
SP_000159,BEPAFCGSDWSTEL-UHFFFAOYSA-N
SP_000159,BGBNIHUXOLZWIB-UHFFFAOYSA-N
SP_000159,BHPQYMZQTOCNFJ-UHFFFAOYSA-N
SP_000159,BHQCQFFYRZLCQQ-KRHHAYMPSA-N
SP_000159,BJBUEDPLEOHJGE-UHFFFAOYSA-N
SP_000159,BJEPYKJPYRNKOW-REOHCLBHSA-N
SP_000159,BJEPYKJPYRNKOW-UHFFFAOYSA-N
SP_000159,BNBBFUJNMYQYLA-VQHVLOKHSA-N
SP_000159,BOKVLBSSPUTWLV-UHFFFAOYSA-N
SP_000159,BTBFUBUCCJKJOZ-UHFFFAOYSA-N
SP_000159,BTNMPGBKDVTSJY-UHFFFAOYSA-N
SP_000159,BWILYWWHXDGKQA-UHFFFAOYSA-M
SP_000159,CAEFEWVYEZABLA-UUOKFMHZSA-N
SP_000159,CCEFMUBVSUDRLG-UHFFFAOYSA-N
SP_000159,CFFZDZCDUFSOFZ-UHFFFAOYSA-N
SP_000159,CIWBSHSKHKDKBQ-JLAZNSOCSA-N
SP_000159,CKLJMWTZIZZHCS-UWTATZPHSA-N
SP_000159,COVFEVWNJUOYRL-UHFFFAOYSA-N
SP_000159,CRTCWNPLKVVXIX-UHFFFAOYSA-N
SP_000159,CRZQGDNQQAALAY-UHFFFAOYSA-N
SP_000159,CUPQSMZELNNSIR-LZRZFMTJSA-N
SP_000159,CUSXWWXXAPEFHY-UHFFFAOYSA-N
SP_000159,CWVRJTMFETXNAD-JUHZACGLSA-N
SP_000159,CWVRJTMFETXNAD-NXLLHMKUSA-N
SP_000159,CXENHBSYCFFKJS-DZKMRSEMSA-N
SP_000159,CZMRCDWAGMRECN-UGDNZRGBSA-N
SP_000159,CZMRCDWAGMRECN-UHFFFAOYSA-N
SP_000159,CZXLHIZQQUJTND-UHFFFAOYSA-N
SP_000159,DCKZDPOUHNXIBI-UHFFFAOYSA-N
SP_000159,DCXYFEDJOCDNAF-REOHCLBHSA-N
SP_000159,DGPNTCACXCHFDI-UHFFFAOYSA-N
SP_000159,DHKHKXVYLBGOIT-UHFFFAOYSA-N
SP_000160,AANMVENRNJYEMK-UHFFFAOYSA-N
SP_000160,AAWZDTNXLSGCEK-UHFFFAOYSA-M
SP_000160,AAXYAFFKOSNMEB-MHARETSRSA-N
SP_000160,AAZZVFONLHYNDZ-NVQRUNIKSA-J
SP_000160,ABCOOORLYAOBOZ-KQYNXXCUSA-N
SP_000160,ABIKEVIWOJTKQS-AARKOHAPSA-N
SP_000160,ABLZXFCXXLZCGV-UHFFFAOYSA-L
SP_000160,ACIVVGBVOVHFPQ-RPDRRWSUSA-N
SP_000160,ACSIRQPNAYTBRW-VZUYHUTRSA-N
SP_000160,ACZVSMNFVFBOTM-UHFFFAOYSA-N
SP_000160,ADHNTNYEJYJUCU-ZSJFXSENSA-N
SP_000160,ADSGHWJRPOXXTD-IHWYPQMZSA-M
SP_000160,AEFNZGGBWOQYID-UHFFFAOYSA-N
SP_000160,AELFRHHZGTVYGJ-QMMMGPOBSA-N
SP_000160,AEMFNILZOJDQLW-QAGGRKNESA-N
SP_000160,AERBNCYCJBRYDG-UHFFFAOYSA-N
SP_000160,AEWHYWSPVRZHCT-NDZSKPAWSA-N
SP_000160,AEWHYWSPVRZHCT-UHFFFAOYSA-J
SP_000160,AFGUVBVUFZMJMX-MDZDMXLPSA-N
SP_000160,AFNUZVCFKQUDBJ-ZZWDRFIYSA-N
SP_000160,AGQJQCFEPUVXNK-UHFFFAOYSA-K
SP_000160,AHCYMLUZIRLXAA-SHYZEUOFSA-N
SP_000160,AHJCDQGRYVBQQZ-NSCUHMNNSA-N
SP_000160,AHLPHDHHMVZTML-BYPYZUCNSA-N
SP_000160,AHMIDUVKSGCHAU-LURJTMIESA-N
SP_000160,AIBOHNYYKWYQMM-GELUXPMISA-N
SP_000160,AIJULSRZWUXGPQ-UHFFFAOYSA-N
SP_000160,AIQDYKMWENWVQJ-UHFFFAOYSA-K
SP_000160,AISVAXNALHBFPC-IOSLPCCCSA-N
SP_000160,AJONJFGFTGGKEX-UHFFFAOYSA-M
SP_000160,AKIHYQWCLCDMMI-VMPITWQZSA-N
SP_000160,ALEWCKXBHSDCCT-YFVJMOTDSA-L
SP_000160,ALLYVKRLOHDVKI-UHFFFAOYSA-N
SP_000160,ALRHLSYJTWAHJZ-UHFFFAOYSA-N
SP_000160,ALTAAUJNHYWOGS-UHFFFAOYSA-N
SP_000160,ALYNCZNDIQEVRV-UHFFFAOYSA-M
SP_000160,AMBQHHVBBHTQBF-UOUCRYGSSA-N
SP_000160,AMIMRNSIRUDHCM-UHFFFAOYSA-N
SP_000160,AMROMUFVHNPOEQ-UHFFFAOYSA-N
SP_000160,AOFQQLZNDSBFLN-UHFFFAOYSA-K
SP_000160,APBPHWLOGNJBLH-UHFFFAOYSA-N
SP_000160,APFBWMGEGSELQP-AATRIKPKSA-N
SP_000160,APIQNBNBIICCON-FKMSRSAHSA-N
SP_000160,APIZAZFFQBVSJA-UHFFFAOYSA-N
SP_000160,APJYDQYYACXCRM-UHFFFAOYSA-N
SP_000160,AQIXAKUUQRKLND-UHFFFAOYSA-N
SP_000160,AQJZOYUAIGQOPF-BCYGMIQCSA-N
SP_000160,ARJPPNFIEQKVBB-UHFFFAOYSA-N
SP_000160,ARLAWMCEVZUXEY-UHFFFAOYSA-N
SP_000160,ARYTXMNEANMLMU-UHFFFAOYSA-N
SP_000161,AABKSFWWBUPVNY-NVCPWDGJSA-N
SP_000161,AAFBEFOSCLMOTF-KXBCQOCRSA-N
SP_000161,AAFBEFOSCLMOTF-RRPFJGJLSA-N
SP_000161,AANMVENRNJYEMK-UHFFFAOYSA-N
SP_000161,AANZTOSGIRNZNM-LNOKNGNPSA-N
SP_000161,AAPGXBRKBIUCMQ-GWHBCOKCSA-N
SP_000161,AAWNBEJOCRYVJE-QNGWXLTQSA-N
SP_000161,AAWZDTNXLSGCEK-UHFFFAOYSA-M
SP_000161,AAXMCYUUKFLUMJ-JSFHAIONSA-N
SP_000161,AAXMCYUUKFLUMJ-TWDRBPDCSA-N
SP_000161,AAXYAFFKOSNMEB-MHARETSRSA-N
SP_000161,AAZOMBJKSJQDHJ-ZBRBWIFHSA-N
SP_000161,AAZZVFONLHYNDZ-NVQRUNIKSA-J
SP_000161,ABBYYPGQJRBTGA-NESBLOORSA-N
SP_000161,ABCOOORLYAOBOZ-KQYNXXCUSA-N
SP_000161,ABFJWRKPWCFTQP-JKFVOKSPSA-N
SP_000161,ABFJWRKPWCFTQP-XSMLMOGHSA-N
SP_000161,ABIKEVIWOJTKQS-AARKOHAPSA-N
SP_000161,ABLZXFCXXLZCGV-UHFFFAOYSA-L
SP_000161,ABRHOUKZOUNSSK-FVEAQGRNSA-N
SP_000161,ABUKPIBHMMLQDI-RCOVLANCSA-N
SP_000161,ACGLCDJEASKGDO-JSYPMYMJSA-N
SP_000161,ACIVVGBVOVHFPQ-RPDRRWSUSA-N
SP_000161,ACLPCAOOWJUVLL-DZKYTWFZSA-N
SP_000161,ACLQSYLJAZRTAP-XAFBQJBNSA-N
SP_000161,ACSIRQPNAYTBRW-VZUYHUTRSA-N
SP_000161,ACTHNCRNFFCCAQ-PLKVWTDNSA-N
SP_000161,ACTHNCRNFFCCAQ-YNQDZHFMSA-N
SP_000161,ACZVSMNFVFBOTM-UHFFFAOYSA-N
SP_000161,ADCKHLSRWCXEIY-GGAPOBRUSA-N
SP_000161,ADHKIZQYPQGIRC-ACSKKKSPSA-N
SP_000161,ADHKIZQYPQGIRC-SOZVHHJESA-N
SP_000161,ADHNTNYEJYJUCU-ZSJFXSENSA-N
SP_000161,ADKNUXINKGBJMY-LDLOPFEMSA-N
SP_000161,ADMGMAPZAQUXIR-VRHMUEQPSA-N
SP_000161,ADNSYCXWAHUWTA-SYOMJGEJSA-N
SP_000161,ADSGHWJRPOXXTD-IHWYPQMZSA-M
SP_000161,ADYPMBBPSUQKED-VOLCNUBSSA-N
SP_000161,ADZPFIMEBZGRHB-ILJAMNOWSA-N
SP_000161,AEFNZGGBWOQYID-UHFFFAOYSA-N
SP_000161,AEIJGHDRIPTRQY-UBTAJKBJSA-N
SP_000161,AELFRHHZGTVYGJ-QMMMGPOBSA-N
SP_000161,AEMFNILZOJDQLW-QAGGRKNESA-N
SP_000161,AERBNCYCJBRYDG-UHFFFAOYSA-N
SP_000161,AESBAQNLQIQXNK-BMFSGJJHSA-N
SP_000161,AETXDQTWHNBCRO-QLKFWGTOSA-N
SP_000161,AEWHYWSPVRZHCT-NDZSKPAWSA-N
SP_000161,AEWHYWSPVRZHCT-UHFFFAOYSA-J
SP_000161,AEXNGRVFOMIYOW-ICFOKQHNSA-N
SP_000161,AFFQVAIMWFYJJS-DTHFMEMVSA-N
SP_000162,AANMVENRNJYEMK-UHFFFAOYSA-N
SP_000162,AAWZDTNXLSGCEK-UHFFFAOYSA-M
SP_000162,AAXYAFFKOSNMEB-MHARETSRSA-N
SP_000162,AAZZVFONLHYNDZ-NVQRUNIKSA-J
SP_000162,ABCOOORLYAOBOZ-KQYNXXCUSA-N
SP_000162,ABIKEVIWOJTKQS-AARKOHAPSA-N
SP_000162,ABLZXFCXXLZCGV-UHFFFAOYSA-L
SP_000162,ACIVVGBVOVHFPQ-RPDRRWSUSA-N
SP_000162,ACSIRQPNAYTBRW-VZUYHUTRSA-N
SP_000162,ACZVSMNFVFBOTM-UHFFFAOYSA-N
SP_000162,ADHNTNYEJYJUCU-ZSJFXSENSA-N
SP_000162,ADSGHWJRPOXXTD-IHWYPQMZSA-M
SP_000162,AEFNZGGBWOQYID-UHFFFAOYSA-N
SP_000162,AELFRHHZGTVYGJ-QMMMGPOBSA-N
SP_000162,AEMFNILZOJDQLW-QAGGRKNESA-N
SP_000162,AERBNCYCJBRYDG-UHFFFAOYSA-N
SP_000162,AEWHYWSPVRZHCT-NDZSKPAWSA-N
SP_000162,AEWHYWSPVRZHCT-UHFFFAOYSA-J
SP_000162,AFGUVBVUFZMJMX-MDZDMXLPSA-N
SP_000162,AFNUZVCFKQUDBJ-ZZWDRFIYSA-N
SP_000162,AGQJQCFEPUVXNK-UHFFFAOYSA-K
SP_000162,AHCYMLUZIRLXAA-SHYZEUOFSA-N
SP_000162,AHJCDQGRYVBQQZ-NSCUHMNNSA-N
SP_000162,AHLPHDHHMVZTML-BYPYZUCNSA-N
SP_000162,AHMIDUVKSGCHAU-LURJTMIESA-N
SP_000162,AIBOHNYYKWYQMM-GELUXPMISA-N
SP_000162,AIJULSRZWUXGPQ-UHFFFAOYSA-N
SP_000162,AIQDYKMWENWVQJ-UHFFFAOYSA-K
SP_000162,AISVAXNALHBFPC-IOSLPCCCSA-N
SP_000162,AJONJFGFTGGKEX-UHFFFAOYSA-M
SP_000162,AKIHYQWCLCDMMI-VMPITWQZSA-N
SP_000162,ALEWCKXBHSDCCT-YFVJMOTDSA-L
SP_000162,ALLYVKRLOHDVKI-UHFFFAOYSA-N
SP_000162,ALRHLSYJTWAHJZ-UHFFFAOYSA-N
SP_000162,ALTAAUJNHYWOGS-UHFFFAOYSA-N
SP_000162,ALYNCZNDIQEVRV-UHFFFAOYSA-M
SP_000162,AMBQHHVBBHTQBF-UOUCRYGSSA-N
SP_000162,AMIMRNSIRUDHCM-UHFFFAOYSA-N
SP_000162,AMROMUFVHNPOEQ-UHFFFAOYSA-N
SP_000162,AOFQQLZNDSBFLN-UHFFFAOYSA-K
SP_000162,APBPHWLOGNJBLH-UHFFFAOYSA-N
SP_000162,APFBWMGEGSELQP-AATRIKPKSA-N
SP_000162,APIQNBNBIICCON-FKMSRSAHSA-N
SP_000162,APIZAZFFQBVSJA-UHFFFAOYSA-N
SP_000162,APJYDQYYACXCRM-UHFFFAOYSA-N
SP_000162,AQIXAKUUQRKLND-UHFFFAOYSA-N
SP_000162,AQJZOYUAIGQOPF-BCYGMIQCSA-N
SP_000162,ARJPPNFIEQKVBB-UHFFFAOYSA-N
SP_000162,ARLAWMCEVZUXEY-UHFFFAOYSA-N
SP_000162,ARYTXMNEANMLMU-UHFFFAOYSA-N
SP_000163,AABKSFWWBUPVNY-NVCPWDGJSA-N
SP_000163,AAFBEFOSCLMOTF-KXBCQOCRSA-N
SP_000163,AAFBEFOSCLMOTF-RRPFJGJLSA-N
SP_000163,AANMVENRNJYEMK-UHFFFAOYSA-N
SP_000163,AANZTOSGIRNZNM-LNOKNGNPSA-N
SP_000163,AAPGXBRKBIUCMQ-GWHBCOKCSA-N
SP_000163,AAWNBEJOCRYVJE-QNGWXLTQSA-N
SP_000163,AAWZDTNXLSGCEK-UHFFFAOYSA-M
SP_000163,AAXMCYUUKFLUMJ-JSFHAIONSA-N
SP_000163,AAXMCYUUKFLUMJ-TWDRBPDCSA-N
SP_000163,AAXYAFFKOSNMEB-MHARETSRSA-N
SP_000163,AAZOMBJKSJQDHJ-ZBRBWIFHSA-N
SP_000163,AAZZVFONLHYNDZ-NVQRUNIKSA-J
SP_000163,ABBYYPGQJRBTGA-NESBLOORSA-N
SP_000163,ABCOOORLYAOBOZ-KQYNXXCUSA-N
SP_000163,ABFJWRKPWCFTQP-JKFVOKSPSA-N
SP_000163,ABFJWRKPWCFTQP-XSMLMOGHSA-N
SP_000163,ABIKEVIWOJTKQS-AARKOHAPSA-N
SP_000163,ABLZXFCXXLZCGV-UHFFFAOYSA-L
SP_000163,ABRHOUKZOUNSSK-FVEAQGRNSA-N
SP_000163,ABUKPIBHMMLQDI-RCOVLANCSA-N
SP_000163,ACGLCDJEASKGDO-JSYPMYMJSA-N
SP_000163,ACIVVGBVOVHFPQ-RPDRRWSUSA-N
SP_000163,ACLPCAOOWJUVLL-DZKYTWFZSA-N
SP_000163,ACLQSYLJAZRTAP-XAFBQJBNSA-N
SP_000163,ACSIRQPNAYTBRW-VZUYHUTRSA-N
SP_000163,ACTHNCRNFFCCAQ-PLKVWTDNSA-N
SP_000163,ACTHNCRNFFCCAQ-YNQDZHFMSA-N
SP_000163,ACZVSMNFVFBOTM-UHFFFAOYSA-N
SP_000163,ADCKHLSRWCXEIY-GGAPOBRUSA-N
SP_000163,ADHKIZQYPQGIRC-ACSKKKSPSA-N
SP_000163,ADHKIZQYPQGIRC-SOZVHHJESA-N
SP_000163,ADKNUXINKGBJMY-LDLOPFEMSA-N
SP_000163,ADMGMAPZAQUXIR-VRHMUEQPSA-N
SP_000163,ADNSYCXWAHUWTA-SYOMJGEJSA-N
SP_000163,ADSGHWJRPOXXTD-IHWYPQMZSA-M
SP_000163,ADYPMBBPSUQKED-VOLCNUBSSA-N
SP_000163,ADZPFIMEBZGRHB-ILJAMNOWSA-N
SP_000163,AEFNZGGBWOQYID-UHFFFAOYSA-N
SP_000163,AEIJGHDRIPTRQY-UBTAJKBJSA-N
SP_000163,AELFRHHZGTVYGJ-QMMMGPOBSA-N
SP_000163,AEMFNILZOJDQLW-QAGGRKNESA-N
SP_000163,AERBNCYCJBRYDG-UHFFFAOYSA-N
SP_000163,AESBAQNLQIQXNK-BMFSGJJHSA-N
SP_000163,AETXDQTWHNBCRO-QLKFWGTOSA-N
SP_000163,AEWHYWSPVRZHCT-NDZSKPAWSA-N
SP_000163,AEWHYWSPVRZHCT-UHFFFAOYSA-J
SP_000163,AEXNGRVFOMIYOW-ICFOKQHNSA-N
SP_000163,AFFQVAIMWFYJJS-DTHFMEMVSA-N
SP_000163,AFGUVBVUFZMJMX-MDZDMXLPSA-N
SP_000164,ADHNTNYEJYJUCU-ZSJFXSENSA-N
SP_000164,APFBWMGEGSELQP-AATRIKPKSA-N
SP_000164,BATOPAZDIZEVQF-IAROGAJJSA-N
SP_000164,BHPQYMZQTOCNFJ-UHFFFAOYSA-N
SP_000164,BHQCQFFYRZLCQQ-KRHHAYMPSA-N
SP_000164,BJBUEDPLEOHJGE-UHFFFAOYSA-N
SP_000164,BNBBFUJNMYQYLA-VQHVLOKHSA-N
SP_000164,CIWBSHSKHKDKBQ-JLAZNSOCSA-N
SP_000164,CKLJMWTZIZZHCS-UWTATZPHSA-N
SP_000164,CUPQSMZELNNSIR-LZRZFMTJSA-N
SP_000164,CZMRCDWAGMRECN-UGDNZRGBSA-N
SP_000164,CZMRCDWAGMRECN-UHFFFAOYSA-N
SP_000164,CZXLHIZQQUJTND-UHFFFAOYSA-N
SP_000164,DHMQDGOQFOQNFH-UHFFFAOYSA-N
SP_000164,DJLTZJGULPLVOA-UHFFFAOYSA-N
SP_000164,DNAYVNOVGHZZLH-UHFFFAOYSA-N
SP_000164,DOTJYWQAPHIAIF-UHFFFAOYSA-N
SP_000164,DPJRMOMPQZCRJU-UHFFFAOYSA-M
SP_000164,DSMWJDJWYGMEBO-UTCJRWHESA-N
SP_000164,FCGOBISRCUOUQH-UHFFFAOYSA-N
SP_000164,GDBJCCBRRCYCEG-UHFFFAOYSA-N
SP_000164,GUBGYTABKSRVRQ-PICCSMPSSA-N
SP_000164,GUBGYTABKSRVRQ-QKKXKWKRSA-N
SP_000164,GVJHHUAWPYXKBD-IEOSBIPESA-N
SP_000164,GWMMTXPUFREJAY-UHFFFAOYSA-N
SP_000164,HKSDVVJONLXYKL-ZFILXNNPSA-N
SP_000164,IDJXJAJYEFRBPY-UHFFFAOYSA-N
SP_000164,IIACRCGMVDHOTQ-UHFFFAOYSA-N
SP_000164,IMKHDCBNRDRUEB-UHFFFAOYSA-N
SP_000164,IYSZVOVZPVKXIJ-OFALOCIGSA-N
SP_000164,JBFOLLJCGUCDQP-UHFFFAOYSA-N
SP_000164,JGHZJRVDZXSNKQ-UHFFFAOYSA-N
SP_000164,JIWBIWFOSCKQMA-DFARDDQGSA-N
SP_000164,JLQNHALFVCURHW-UHFFFAOYSA-N
SP_000164,JMSVCTWVEWCHDZ-UHFFFAOYSA-N
SP_000164,JZRWCGZRTZMZEH-UHFFFAOYSA-N
SP_000164,JZVFJDZBLUFKCA-CMDGGOBGSA-N
SP_000164,KBEBGUQPQBELIU-HJWRWDBZSA-N
SP_000164,KCDXJAYRVLXPFO-UHFFFAOYSA-N
SP_000164,KDXKERNSBIXSRK-YFKPBYRVSA-N
SP_000164,KEAYESYHFKHZAL-UHFFFAOYSA-N
SP_000164,KEMQGTRYUADPNZ-UHFFFAOYSA-N
SP_000164,KJDZDTDNIULJBE-VAWYXSNFSA-N
SP_000164,KQMVAGISDHMXJJ-UHFFFAOYSA-N
SP_000164,LBTABPSJONFLPO-UHFFFAOYSA-N
SP_000164,LFQSCWFLJHTTHZ-UHFFFAOYSA-N
SP_000164,LLCYNDRFWDIIQS-WQLSENKSSA-N
SP_000164,LNTHITQWFMADLM-UHFFFAOYSA-N
SP_000164,LOIYMIARKYCTBW-UPHRSURJSA-N
SP_000164,LQJBNNIYVWPHFW-QXMHVHEDSA-N
SP_000165,AANMVENRNJYEMK-UHFFFAOYSA-N
SP_000165,AAWZDTNXLSGCEK-UHFFFAOYSA-M
SP_000165,AAXYAFFKOSNMEB-MHARETSRSA-N
SP_000165,AAZZVFONLHYNDZ-NVQRUNIKSA-J
SP_000165,ABCOOORLYAOBOZ-KQYNXXCUSA-N
SP_000165,ABIKEVIWOJTKQS-AARKOHAPSA-N
SP_000165,ABLZXFCXXLZCGV-UHFFFAOYSA-L
SP_000165,ACIVVGBVOVHFPQ-RPDRRWSUSA-N
SP_000165,ACSIRQPNAYTBRW-VZUYHUTRSA-N
SP_000165,ACZVSMNFVFBOTM-UHFFFAOYSA-N
SP_000165,ADHNTNYEJYJUCU-ZSJFXSENSA-N
SP_000165,ADSGHWJRPOXXTD-IHWYPQMZSA-M
SP_000165,AEFNZGGBWOQYID-UHFFFAOYSA-N
SP_000165,AELFRHHZGTVYGJ-QMMMGPOBSA-N
SP_000165,AEMFNILZOJDQLW-QAGGRKNESA-N
SP_000165,AERBNCYCJBRYDG-UHFFFAOYSA-N
SP_000165,AEWHYWSPVRZHCT-NDZSKPAWSA-N
SP_000165,AEWHYWSPVRZHCT-UHFFFAOYSA-J
SP_000165,AFGUVBVUFZMJMX-MDZDMXLPSA-N
SP_000165,AFNUZVCFKQUDBJ-ZZWDRFIYSA-N
SP_000165,AGQJQCFEPUVXNK-UHFFFAOYSA-K
SP_000165,AHCYMLUZIRLXAA-SHYZEUOFSA-N
SP_000165,AHJCDQGRYVBQQZ-NSCUHMNNSA-N
SP_000165,AHLPHDHHMVZTML-BYPYZUCNSA-N
SP_000165,AHMIDUVKSGCHAU-LURJTMIESA-N
SP_000165,AIBOHNYYKWYQMM-GELUXPMISA-N
SP_000165,AIJULSRZWUXGPQ-UHFFFAOYSA-N
SP_000165,AIQDYKMWENWVQJ-UHFFFAOYSA-K
SP_000165,AISVAXNALHBFPC-IOSLPCCCSA-N
SP_000165,AJONJFGFTGGKEX-UHFFFAOYSA-M
SP_000165,AKIHYQWCLCDMMI-VMPITWQZSA-N
SP_000165,ALEWCKXBHSDCCT-YFVJMOTDSA-L
SP_000165,ALLYVKRLOHDVKI-UHFFFAOYSA-N
SP_000165,ALRHLSYJTWAHJZ-UHFFFAOYSA-N
SP_000165,ALTAAUJNHYWOGS-UHFFFAOYSA-N
SP_000165,ALYNCZNDIQEVRV-UHFFFAOYSA-M
SP_000165,AMBQHHVBBHTQBF-UOUCRYGSSA-N
SP_000165,AMIMRNSIRUDHCM-UHFFFAOYSA-N
SP_000165,AMROMUFVHNPOEQ-UHFFFAOYSA-N
SP_000165,AOFQQLZNDSBFLN-UHFFFAOYSA-K
SP_000165,APBPHWLOGNJBLH-UHFFFAOYSA-N
SP_000165,APIQNBNBIICCON-FKMSRSAHSA-N
SP_000165,APIZAZFFQBVSJA-UHFFFAOYSA-N
SP_000165,APJYDQYYACXCRM-UHFFFAOYSA-N
SP_000165,AQIXAKUUQRKLND-UHFFFAOYSA-N
SP_000165,AQJZOYUAIGQOPF-BCYGMIQCSA-N
SP_000165,ARJPPNFIEQKVBB-UHFFFAOYSA-N
SP_000165,ARLAWMCEVZUXEY-UHFFFAOYSA-N
SP_000165,ARYTXMNEANMLMU-UHFFFAOYSA-N
SP_000165,ASCFNMCAHFUBCO-UHFFFAOYSA-N
SP_000166,AABKSFWWBUPVNY-NVCPWDGJSA-N
SP_000166,AAFBEFOSCLMOTF-KXBCQOCRSA-N
SP_000166,AAFBEFOSCLMOTF-RRPFJGJLSA-N
SP_000166,AANMVENRNJYEMK-UHFFFAOYSA-N
SP_000166,AANZTOSGIRNZNM-LNOKNGNPSA-N
SP_000166,AAPGXBRKBIUCMQ-GWHBCOKCSA-N
SP_000166,AAWNBEJOCRYVJE-QNGWXLTQSA-N
SP_000166,AAWZDTNXLSGCEK-UHFFFAOYSA-M
SP_000166,AAXMCYUUKFLUMJ-JSFHAIONSA-N
SP_000166,AAXMCYUUKFLUMJ-TWDRBPDCSA-N
SP_000166,AAXYAFFKOSNMEB-MHARETSRSA-N
SP_000166,AAZOMBJKSJQDHJ-ZBRBWIFHSA-N
SP_000166,AAZZVFONLHYNDZ-NVQRUNIKSA-J
SP_000166,ABBYYPGQJRBTGA-NESBLOORSA-N
SP_000166,ABCOOORLYAOBOZ-KQYNXXCUSA-N
SP_000166,ABFJWRKPWCFTQP-JKFVOKSPSA-N
SP_000166,ABFJWRKPWCFTQP-XSMLMOGHSA-N
SP_000166,ABIKEVIWOJTKQS-AARKOHAPSA-N
SP_000166,ABLZXFCXXLZCGV-UHFFFAOYSA-L
SP_000166,ABRHOUKZOUNSSK-FVEAQGRNSA-N
SP_000166,ABUKPIBHMMLQDI-RCOVLANCSA-N
SP_000166,ACGLCDJEASKGDO-JSYPMYMJSA-N
SP_000166,ACIVVGBVOVHFPQ-RPDRRWSUSA-N
SP_000166,ACLPCAOOWJUVLL-DZKYTWFZSA-N
SP_000166,ACLQSYLJAZRTAP-XAFBQJBNSA-N
SP_000166,ACSIRQPNAYTBRW-VZUYHUTRSA-N
SP_000166,ACTHNCRNFFCCAQ-PLKVWTDNSA-N
SP_000166,ACTHNCRNFFCCAQ-YNQDZHFMSA-N
SP_000166,ACZVSMNFVFBOTM-UHFFFAOYSA-N
SP_000166,ADCKHLSRWCXEIY-GGAPOBRUSA-N
SP_000166,ADHKIZQYPQGIRC-ACSKKKSPSA-N
SP_000166,ADHKIZQYPQGIRC-SOZVHHJESA-N
SP_000166,ADHNTNYEJYJUCU-ZSJFXSENSA-N
SP_000166,ADKNUXINKGBJMY-LDLOPFEMSA-N
SP_000166,ADMGMAPZAQUXIR-VRHMUEQPSA-N
SP_000166,ADNSYCXWAHUWTA-SYOMJGEJSA-N
SP_000166,ADSGHWJRPOXXTD-IHWYPQMZSA-M
SP_000166,ADYPMBBPSUQKED-VOLCNUBSSA-N
SP_000166,ADZPFIMEBZGRHB-ILJAMNOWSA-N
SP_000166,AEFNZGGBWOQYID-UHFFFAOYSA-N
SP_000166,AEIJGHDRIPTRQY-UBTAJKBJSA-N
SP_000166,AELFRHHZGTVYGJ-QMMMGPOBSA-N
SP_000166,AEMFNILZOJDQLW-QAGGRKNESA-N
SP_000166,AERBNCYCJBRYDG-UHFFFAOYSA-N
SP_000166,AESBAQNLQIQXNK-BMFSGJJHSA-N
SP_000166,AETXDQTWHNBCRO-QLKFWGTOSA-N
SP_000166,AEWHYWSPVRZHCT-NDZSKPAWSA-N
SP_000166,AEWHYWSPVRZHCT-UHFFFAOYSA-J
SP_000166,AEXNGRVFOMIYOW-ICFOKQHNSA-N
SP_000166,AFFQVAIMWFYJJS-DTHFMEMVSA-N
SP_000167,AABKSFWWBUPVNY-NVCPWDGJSA-N
SP_000167,AAFBEFOSCLMOTF-KXBCQOCRSA-N
SP_000167,AAFBEFOSCLMOTF-RRPFJGJLSA-N
SP_000167,AANMVENRNJYEMK-UHFFFAOYSA-N
SP_000167,AANZTOSGIRNZNM-LNOKNGNPSA-N
SP_000167,AAPGXBRKBIUCMQ-GWHBCOKCSA-N
SP_000167,AAWNBEJOCRYVJE-QNGWXLTQSA-N
SP_000167,AAWZDTNXLSGCEK-UHFFFAOYSA-M
SP_000167,AAXMCYUUKFLUMJ-JSFHAIONSA-N
SP_000167,AAXMCYUUKFLUMJ-TWDRBPDCSA-N
SP_000167,AAXYAFFKOSNMEB-MHARETSRSA-N
SP_000167,AAZOMBJKSJQDHJ-ZBRBWIFHSA-N
SP_000167,AAZZVFONLHYNDZ-NVQRUNIKSA-J
SP_000167,ABBYYPGQJRBTGA-NESBLOORSA-N
SP_000167,ABCOOORLYAOBOZ-KQYNXXCUSA-N
SP_000167,ABFJWRKPWCFTQP-JKFVOKSPSA-N
SP_000167,ABFJWRKPWCFTQP-XSMLMOGHSA-N
SP_000167,ABIKEVIWOJTKQS-AARKOHAPSA-N
SP_000167,ABLZXFCXXLZCGV-UHFFFAOYSA-L
SP_000167,ABRHOUKZOUNSSK-FVEAQGRNSA-N
SP_000167,ABUKPIBHMMLQDI-RCOVLANCSA-N
SP_000167,ACGLCDJEASKGDO-JSYPMYMJSA-N
SP_000167,ACIVVGBVOVHFPQ-RPDRRWSUSA-N
SP_000167,ACLPCAOOWJUVLL-DZKYTWFZSA-N
SP_000167,ACLQSYLJAZRTAP-XAFBQJBNSA-N
SP_000167,ACSIRQPNAYTBRW-VZUYHUTRSA-N
SP_000167,ACTHNCRNFFCCAQ-PLKVWTDNSA-N
SP_000167,ACTHNCRNFFCCAQ-YNQDZHFMSA-N
SP_000167,ACZVSMNFVFBOTM-UHFFFAOYSA-N
SP_000167,ADCKHLSRWCXEIY-GGAPOBRUSA-N
SP_000167,ADHKIZQYPQGIRC-ACSKKKSPSA-N
SP_000167,ADHKIZQYPQGIRC-SOZVHHJESA-N
SP_000167,ADHNTNYEJYJUCU-ZSJFXSENSA-N
SP_000167,ADKNUXINKGBJMY-LDLOPFEMSA-N
SP_000167,ADMGMAPZAQUXIR-VRHMUEQPSA-N
SP_000167,ADNSYCXWAHUWTA-SYOMJGEJSA-N
SP_000167,ADSGHWJRPOXXTD-IHWYPQMZSA-M
SP_000167,ADYPMBBPSUQKED-VOLCNUBSSA-N
SP_000167,ADZPFIMEBZGRHB-ILJAMNOWSA-N
SP_000167,AEFNZGGBWOQYID-UHFFFAOYSA-N
SP_000167,AEIJGHDRIPTRQY-UBTAJKBJSA-N
SP_000167,AELFRHHZGTVYGJ-QMMMGPOBSA-N
SP_000167,AEMFNILZOJDQLW-QAGGRKNESA-N
SP_000167,AERBNCYCJBRYDG-UHFFFAOYSA-N
SP_000167,AESBAQNLQIQXNK-BMFSGJJHSA-N
SP_000167,AETXDQTWHNBCRO-QLKFWGTOSA-N
SP_000167,AEWHYWSPVRZHCT-NDZSKPAWSA-N
SP_000167,AEWHYWSPVRZHCT-UHFFFAOYSA-J
SP_000167,AEXNGRVFOMIYOW-ICFOKQHNSA-N
SP_000167,AFFQVAIMWFYJJS-DTHFMEMVSA-N
SP_000168,AANMVENRNJYEMK-UHFFFAOYSA-N
SP_000168,AAWZDTNXLSGCEK-UHFFFAOYSA-M
SP_000168,AAXYAFFKOSNMEB-MHARETSRSA-N
SP_000168,AAZZVFONLHYNDZ-NVQRUNIKSA-J
SP_000168,ABCOOORLYAOBOZ-KQYNXXCUSA-N
SP_000168,ABIKEVIWOJTKQS-AARKOHAPSA-N
SP_000168,ABLZXFCXXLZCGV-UHFFFAOYSA-L
SP_000168,ACIVVGBVOVHFPQ-RPDRRWSUSA-N
SP_000168,ACSIRQPNAYTBRW-VZUYHUTRSA-N
SP_000168,ACZVSMNFVFBOTM-UHFFFAOYSA-N
SP_000168,ADHNTNYEJYJUCU-ZSJFXSENSA-N
SP_000168,ADSGHWJRPOXXTD-IHWYPQMZSA-M
SP_000168,AEFNZGGBWOQYID-UHFFFAOYSA-N
SP_000168,AELFRHHZGTVYGJ-QMMMGPOBSA-N
SP_000168,AEMFNILZOJDQLW-QAGGRKNESA-N
SP_000168,AERBNCYCJBRYDG-UHFFFAOYSA-N
SP_000168,AEWHYWSPVRZHCT-NDZSKPAWSA-N
SP_000168,AEWHYWSPVRZHCT-UHFFFAOYSA-J
SP_000168,AFGUVBVUFZMJMX-MDZDMXLPSA-N
SP_000168,AFNUZVCFKQUDBJ-ZZWDRFIYSA-N
SP_000168,AGQJQCFEPUVXNK-UHFFFAOYSA-K
SP_000168,AHCYMLUZIRLXAA-SHYZEUOFSA-N
SP_000168,AHJCDQGRYVBQQZ-NSCUHMNNSA-N
SP_000168,AHLPHDHHMVZTML-BYPYZUCNSA-N
SP_000168,AHMIDUVKSGCHAU-LURJTMIESA-N
SP_000168,AIBOHNYYKWYQMM-GELUXPMISA-N
SP_000168,AIJULSRZWUXGPQ-UHFFFAOYSA-N
SP_000168,AIQDYKMWENWVQJ-UHFFFAOYSA-K
SP_000168,AISVAXNALHBFPC-IOSLPCCCSA-N
SP_000168,AJONJFGFTGGKEX-UHFFFAOYSA-M
SP_000168,AKIHYQWCLCDMMI-VMPITWQZSA-N
SP_000168,ALEWCKXBHSDCCT-YFVJMOTDSA-L
SP_000168,ALLYVKRLOHDVKI-UHFFFAOYSA-N
SP_000168,ALRHLSYJTWAHJZ-UHFFFAOYSA-N
SP_000168,ALTAAUJNHYWOGS-UHFFFAOYSA-N
SP_000168,ALYNCZNDIQEVRV-UHFFFAOYSA-M
SP_000168,AMBQHHVBBHTQBF-UOUCRYGSSA-N
SP_000168,AMIMRNSIRUDHCM-UHFFFAOYSA-N
SP_000168,AMROMUFVHNPOEQ-UHFFFAOYSA-N
SP_000168,AOFQQLZNDSBFLN-UHFFFAOYSA-K
SP_000168,APBPHWLOGNJBLH-UHFFFAOYSA-N
SP_000168,APFBWMGEGSELQP-AATRIKPKSA-N
SP_000168,APIQNBNBIICCON-FKMSRSAHSA-N
SP_000168,APIZAZFFQBVSJA-UHFFFAOYSA-N
SP_000168,APJYDQYYACXCRM-UHFFFAOYSA-N
SP_000168,AQIXAKUUQRKLND-UHFFFAOYSA-N
SP_000168,AQJZOYUAIGQOPF-BCYGMIQCSA-N
SP_000168,ARJPPNFIEQKVBB-UHFFFAOYSA-N
SP_000168,ARLAWMCEVZUXEY-UHFFFAOYSA-N
SP_000168,ARYTXMNEANMLMU-UHFFFAOYSA-N
SP_000169,AABKSFWWBUPVNY-NVCPWDGJSA-N
SP_000169,AAFBEFOSCLMOTF-KXBCQOCRSA-N
SP_000169,AAFBEFOSCLMOTF-RRPFJGJLSA-N
SP_000169,AANMVENRNJYEMK-UHFFFAOYSA-N
SP_000169,AANZTOSGIRNZNM-LNOKNGNPSA-N
SP_000169,AAPGXBRKBIUCMQ-GWHBCOKCSA-N
SP_000169,AAWNBEJOCRYVJE-QNGWXLTQSA-N
SP_000169,AAWZDTNXLSGCEK-UHFFFAOYSA-M
SP_000169,AAXMCYUUKFLUMJ-JSFHAIONSA-N
SP_000169,AAXMCYUUKFLUMJ-TWDRBPDCSA-N
SP_000169,AAXYAFFKOSNMEB-MHARETSRSA-N
SP_000169,AAZOMBJKSJQDHJ-ZBRBWIFHSA-N
SP_000169,AAZZVFONLHYNDZ-NVQRUNIKSA-J
SP_000169,ABBYYPGQJRBTGA-NESBLOORSA-N
SP_000169,ABCOOORLYAOBOZ-KQYNXXCUSA-N
SP_000169,ABFJWRKPWCFTQP-JKFVOKSPSA-N
SP_000169,ABFJWRKPWCFTQP-XSMLMOGHSA-N
SP_000169,ABIKEVIWOJTKQS-AARKOHAPSA-N
SP_000169,ABLZXFCXXLZCGV-UHFFFAOYSA-L
SP_000169,ABRHOUKZOUNSSK-FVEAQGRNSA-N
SP_000169,ABUKPIBHMMLQDI-RCOVLANCSA-N
SP_000169,ACGLCDJEASKGDO-JSYPMYMJSA-N
SP_000169,ACIVVGBVOVHFPQ-RPDRRWSUSA-N
SP_000169,ACLPCAOOWJUVLL-DZKYTWFZSA-N
SP_000169,ACLQSYLJAZRTAP-XAFBQJBNSA-N
SP_000169,ACSIRQPNAYTBRW-VZUYHUTRSA-N
SP_000169,ACTHNCRNFFCCAQ-PLKVWTDNSA-N
SP_000169,ACTHNCRNFFCCAQ-YNQDZHFMSA-N
SP_000169,ACZVSMNFVFBOTM-UHFFFAOYSA-N
SP_000169,ADCKHLSRWCXEIY-GGAPOBRUSA-N
SP_000169,ADHKIZQYPQGIRC-ACSKKKSPSA-N
SP_000169,ADHKIZQYPQGIRC-SOZVHHJESA-N
SP_000169,ADHNTNYEJYJUCU-ZSJFXSENSA-N
SP_000169,ADKNUXINKGBJMY-LDLOPFEMSA-N
SP_000169,ADMGMAPZAQUXIR-VRHMUEQPSA-N
SP_000169,ADNSYCXWAHUWTA-SYOMJGEJSA-N
SP_000169,ADSGHWJRPOXXTD-IHWYPQMZSA-M
SP_000169,ADYPMBBPSUQKED-VOLCNUBSSA-N
SP_000169,ADZPFIMEBZGRHB-ILJAMNOWSA-N
SP_000169,AEFNZGGBWOQYID-UHFFFAOYSA-N
SP_000169,AEIJGHDRIPTRQY-UBTAJKBJSA-N
SP_000169,AELFRHHZGTVYGJ-QMMMGPOBSA-N
SP_000169,AEMFNILZOJDQLW-QAGGRKNESA-N
SP_000169,AERBNCYCJBRYDG-UHFFFAOYSA-N
SP_000169,AESBAQNLQIQXNK-BMFSGJJHSA-N
SP_000169,AETXDQTWHNBCRO-QLKFWGTOSA-N
SP_000169,AEWHYWSPVRZHCT-NDZSKPAWSA-N
SP_000169,AEWHYWSPVRZHCT-UHFFFAOYSA-J
SP_000169,AEXNGRVFOMIYOW-ICFOKQHNSA-N
SP_000169,AFFQVAIMWFYJJS-DTHFMEMVSA-N
SP_000170,AABKSFWWBUPVNY-NVCPWDGJSA-N
SP_000170,AAFBEFOSCLMOTF-KXBCQOCRSA-N
SP_000170,AAFBEFOSCLMOTF-RRPFJGJLSA-N
SP_000170,AANMVENRNJYEMK-UHFFFAOYSA-N
SP_000170,AANZTOSGIRNZNM-LNOKNGNPSA-N
SP_000170,AAPGXBRKBIUCMQ-GWHBCOKCSA-N
SP_000170,AAWNBEJOCRYVJE-QNGWXLTQSA-N
SP_000170,AAWZDTNXLSGCEK-UHFFFAOYSA-M
SP_000170,AAXMCYUUKFLUMJ-JSFHAIONSA-N
SP_000170,AAXMCYUUKFLUMJ-TWDRBPDCSA-N
SP_000170,AAXYAFFKOSNMEB-MHARETSRSA-N
SP_000170,AAZOMBJKSJQDHJ-ZBRBWIFHSA-N
SP_000170,AAZZVFONLHYNDZ-NVQRUNIKSA-J
SP_000170,ABBYYPGQJRBTGA-NESBLOORSA-N
SP_000170,ABCOOORLYAOBOZ-KQYNXXCUSA-N
SP_000170,ABFJWRKPWCFTQP-JKFVOKSPSA-N
SP_000170,ABFJWRKPWCFTQP-XSMLMOGHSA-N
SP_000170,ABIKEVIWOJTKQS-AARKOHAPSA-N
SP_000170,ABLZXFCXXLZCGV-UHFFFAOYSA-L
SP_000170,ABRHOUKZOUNSSK-FVEAQGRNSA-N
SP_000170,ABUKPIBHMMLQDI-RCOVLANCSA-N
SP_000170,ACGLCDJEASKGDO-JSYPMYMJSA-N
SP_000170,ACIVVGBVOVHFPQ-RPDRRWSUSA-N
SP_000170,ACLPCAOOWJUVLL-DZKYTWFZSA-N
SP_000170,ACLQSYLJAZRTAP-XAFBQJBNSA-N
SP_000170,ACSIRQPNAYTBRW-VZUYHUTRSA-N
SP_000170,ACTHNCRNFFCCAQ-PLKVWTDNSA-N
SP_000170,ACTHNCRNFFCCAQ-YNQDZHFMSA-N
SP_000170,ACZVSMNFVFBOTM-UHFFFAOYSA-N
SP_000170,ADCKHLSRWCXEIY-GGAPOBRUSA-N
SP_000170,ADHKIZQYPQGIRC-ACSKKKSPSA-N
SP_000170,ADHKIZQYPQGIRC-SOZVHHJESA-N
SP_000170,ADHNTNYEJYJUCU-ZSJFXSENSA-N
SP_000170,ADKNUXINKGBJMY-LDLOPFEMSA-N
SP_000170,ADMGMAPZAQUXIR-VRHMUEQPSA-N
SP_000170,ADNSYCXWAHUWTA-SYOMJGEJSA-N
SP_000170,ADSGHWJRPOXXTD-IHWYPQMZSA-M
SP_000170,ADYPMBBPSUQKED-VOLCNUBSSA-N
SP_000170,ADZPFIMEBZGRHB-ILJAMNOWSA-N
SP_000170,AEFNZGGBWOQYID-UHFFFAOYSA-N
SP_000170,AEIJGHDRIPTRQY-UBTAJKBJSA-N
SP_000170,AELFRHHZGTVYGJ-QMMMGPOBSA-N
SP_000170,AEMFNILZOJDQLW-QAGGRKNESA-N
SP_000170,AERBNCYCJBRYDG-UHFFFAOYSA-N
SP_000170,AESBAQNLQIQXNK-BMFSGJJHSA-N
SP_000170,AETXDQTWHNBCRO-QLKFWGTOSA-N
SP_000170,AEWHYWSPVRZHCT-NDZSKPAWSA-N
SP_000170,AEWHYWSPVRZHCT-UHFFFAOYSA-J
SP_000170,AEXNGRVFOMIYOW-ICFOKQHNSA-N
SP_000170,AFFQVAIMWFYJJS-DTHFMEMVSA-N
SP_000171,AABKSFWWBUPVNY-NVCPWDGJSA-N
SP_000171,AAFBEFOSCLMOTF-KXBCQOCRSA-N
SP_000171,AAFBEFOSCLMOTF-RRPFJGJLSA-N
SP_000171,AANMVENRNJYEMK-UHFFFAOYSA-N
SP_000171,AANZTOSGIRNZNM-LNOKNGNPSA-N
SP_000171,AAPGXBRKBIUCMQ-GWHBCOKCSA-N
SP_000171,AAWNBEJOCRYVJE-QNGWXLTQSA-N
SP_000171,AAWZDTNXLSGCEK-UHFFFAOYSA-M
SP_000171,AAXMCYUUKFLUMJ-JSFHAIONSA-N
SP_000171,AAXMCYUUKFLUMJ-TWDRBPDCSA-N
SP_000171,AAXYAFFKOSNMEB-MHARETSRSA-N
SP_000171,AAZOMBJKSJQDHJ-ZBRBWIFHSA-N
SP_000171,AAZZVFONLHYNDZ-NVQRUNIKSA-J
SP_000171,ABBYYPGQJRBTGA-NESBLOORSA-N
SP_000171,ABCOOORLYAOBOZ-KQYNXXCUSA-N
SP_000171,ABFJWRKPWCFTQP-JKFVOKSPSA-N
SP_000171,ABFJWRKPWCFTQP-XSMLMOGHSA-N
SP_000171,ABIKEVIWOJTKQS-AARKOHAPSA-N
SP_000171,ABLZXFCXXLZCGV-UHFFFAOYSA-L
SP_000171,ABRHOUKZOUNSSK-FVEAQGRNSA-N
SP_000171,ABUKPIBHMMLQDI-RCOVLANCSA-N
SP_000171,ABVCUBUIXWJYSE-UHFFFAOYSA-O
SP_000171,ACGLCDJEASKGDO-JSYPMYMJSA-N
SP_000171,ACIVVGBVOVHFPQ-RPDRRWSUSA-N
SP_000171,ACLPCAOOWJUVLL-DZKYTWFZSA-N
SP_000171,ACLQSYLJAZRTAP-XAFBQJBNSA-N
SP_000171,ACSIRQPNAYTBRW-VZUYHUTRSA-N
SP_000171,ACTHNCRNFFCCAQ-PLKVWTDNSA-N
SP_000171,ACTHNCRNFFCCAQ-YNQDZHFMSA-N
SP_000171,ACZVSMNFVFBOTM-UHFFFAOYSA-N
SP_000171,ADCKHLSRWCXEIY-GGAPOBRUSA-N
SP_000171,ADHKIZQYPQGIRC-ACSKKKSPSA-N
SP_000171,ADHKIZQYPQGIRC-SOZVHHJESA-N
SP_000171,ADHNTNYEJYJUCU-ZSJFXSENSA-N
SP_000171,ADKNUXINKGBJMY-LDLOPFEMSA-N
SP_000171,ADMGMAPZAQUXIR-VRHMUEQPSA-N
SP_000171,ADNSYCXWAHUWTA-SYOMJGEJSA-N
SP_000171,ADSGHWJRPOXXTD-IHWYPQMZSA-M
SP_000171,ADYPMBBPSUQKED-VOLCNUBSSA-N
SP_000171,ADZPFIMEBZGRHB-ILJAMNOWSA-N
SP_000171,AEFNZGGBWOQYID-UHFFFAOYSA-N
SP_000171,AEIJGHDRIPTRQY-UBTAJKBJSA-N
SP_000171,AELFRHHZGTVYGJ-QMMMGPOBSA-N
SP_000171,AEMFNILZOJDQLW-QAGGRKNESA-N
SP_000171,AERBNCYCJBRYDG-UHFFFAOYSA-N
SP_000171,AESBAQNLQIQXNK-BMFSGJJHSA-N
SP_000171,AETXDQTWHNBCRO-QLKFWGTOSA-N
SP_000171,AEWHYWSPVRZHCT-NDZSKPAWSA-N
SP_000171,AEWHYWSPVRZHCT-UHFFFAOYSA-J
SP_000171,AEXNGRVFOMIYOW-ICFOKQHNSA-N
SP_000172,AABKSFWWBUPVNY-NVCPWDGJSA-N
SP_000172,AAFBEFOSCLMOTF-KXBCQOCRSA-N
SP_000172,AAFBEFOSCLMOTF-RRPFJGJLSA-N
SP_000172,AANMVENRNJYEMK-UHFFFAOYSA-N
SP_000172,AANZTOSGIRNZNM-LNOKNGNPSA-N
SP_000172,AAPGXBRKBIUCMQ-GWHBCOKCSA-N
SP_000172,AAWNBEJOCRYVJE-QNGWXLTQSA-N
SP_000172,AAWZDTNXLSGCEK-UHFFFAOYSA-M
SP_000172,AAXMCYUUKFLUMJ-JSFHAIONSA-N
SP_000172,AAXMCYUUKFLUMJ-TWDRBPDCSA-N
SP_000172,AAXYAFFKOSNMEB-MHARETSRSA-N
SP_000172,AAZOMBJKSJQDHJ-ZBRBWIFHSA-N
SP_000172,AAZZVFONLHYNDZ-NVQRUNIKSA-J
SP_000172,ABBYYPGQJRBTGA-NESBLOORSA-N
SP_000172,ABCOOORLYAOBOZ-KQYNXXCUSA-N
SP_000172,ABFJWRKPWCFTQP-JKFVOKSPSA-N
SP_000172,ABFJWRKPWCFTQP-XSMLMOGHSA-N
SP_000172,ABIKEVIWOJTKQS-AARKOHAPSA-N
SP_000172,ABLZXFCXXLZCGV-UHFFFAOYSA-L
SP_000172,ABRHOUKZOUNSSK-FVEAQGRNSA-N
SP_000172,ABUKPIBHMMLQDI-RCOVLANCSA-N
SP_000172,ACGLCDJEASKGDO-JSYPMYMJSA-N
SP_000172,ACIVVGBVOVHFPQ-RPDRRWSUSA-N
SP_000172,ACLPCAOOWJUVLL-DZKYTWFZSA-N
SP_000172,ACLQSYLJAZRTAP-XAFBQJBNSA-N
SP_000172,ACSIRQPNAYTBRW-VZUYHUTRSA-N
SP_000172,ACTHNCRNFFCCAQ-PLKVWTDNSA-N
SP_000172,ACTHNCRNFFCCAQ-YNQDZHFMSA-N
SP_000172,ACZVSMNFVFBOTM-UHFFFAOYSA-N
SP_000172,ADCKHLSRWCXEIY-GGAPOBRUSA-N
SP_000172,ADHKIZQYPQGIRC-ACSKKKSPSA-N
SP_000172,ADHKIZQYPQGIRC-SOZVHHJESA-N
SP_000172,ADHNTNYEJYJUCU-ZSJFXSENSA-N
SP_000172,ADKNUXINKGBJMY-LDLOPFEMSA-N
SP_000172,ADMGMAPZAQUXIR-VRHMUEQPSA-N
SP_000172,ADNSYCXWAHUWTA-SYOMJGEJSA-N
SP_000172,ADSGHWJRPOXXTD-IHWYPQMZSA-M
SP_000172,ADYPMBBPSUQKED-VOLCNUBSSA-N
SP_000172,ADZPFIMEBZGRHB-ILJAMNOWSA-N
SP_000172,AEFNZGGBWOQYID-UHFFFAOYSA-N
SP_000172,AEIJGHDRIPTRQY-UBTAJKBJSA-N
SP_000172,AELFRHHZGTVYGJ-QMMMGPOBSA-N
SP_000172,AEMFNILZOJDQLW-QAGGRKNESA-N
SP_000172,AERBNCYCJBRYDG-UHFFFAOYSA-N
SP_000172,AESBAQNLQIQXNK-BMFSGJJHSA-N
SP_000172,AETXDQTWHNBCRO-QLKFWGTOSA-N
SP_000172,AEWHYWSPVRZHCT-NDZSKPAWSA-N
SP_000172,AEWHYWSPVRZHCT-UHFFFAOYSA-J
SP_000172,AEXNGRVFOMIYOW-ICFOKQHNSA-N
SP_000172,AFFQVAIMWFYJJS-DTHFMEMVSA-N
SP_000173,AABKSFWWBUPVNY-NVCPWDGJSA-N
SP_000173,AAFBEFOSCLMOTF-KXBCQOCRSA-N
SP_000173,AAFBEFOSCLMOTF-RRPFJGJLSA-N
SP_000173,AANMVENRNJYEMK-UHFFFAOYSA-N
SP_000173,AANZTOSGIRNZNM-LNOKNGNPSA-N
SP_000173,AAPGXBRKBIUCMQ-GWHBCOKCSA-N
SP_000173,AAWNBEJOCRYVJE-QNGWXLTQSA-N
SP_000173,AAWZDTNXLSGCEK-UHFFFAOYSA-M
SP_000173,AAXMCYUUKFLUMJ-JSFHAIONSA-N
SP_000173,AAXMCYUUKFLUMJ-TWDRBPDCSA-N
SP_000173,AAXYAFFKOSNMEB-MHARETSRSA-N
SP_000173,AAZOMBJKSJQDHJ-ZBRBWIFHSA-N
SP_000173,AAZZVFONLHYNDZ-NVQRUNIKSA-J
SP_000173,ABBYYPGQJRBTGA-NESBLOORSA-N
SP_000173,ABCOOORLYAOBOZ-KQYNXXCUSA-N
SP_000173,ABFJWRKPWCFTQP-JKFVOKSPSA-N
SP_000173,ABFJWRKPWCFTQP-XSMLMOGHSA-N
SP_000173,ABIKEVIWOJTKQS-AARKOHAPSA-N
SP_000173,ABLZXFCXXLZCGV-UHFFFAOYSA-L
SP_000173,ABRHOUKZOUNSSK-FVEAQGRNSA-N
SP_000173,ABUKPIBHMMLQDI-RCOVLANCSA-N
SP_000173,ACGLCDJEASKGDO-JSYPMYMJSA-N
SP_000173,ACIVVGBVOVHFPQ-RPDRRWSUSA-N
SP_000173,ACLPCAOOWJUVLL-DZKYTWFZSA-N
SP_000173,ACLQSYLJAZRTAP-XAFBQJBNSA-N
SP_000173,ACSIRQPNAYTBRW-VZUYHUTRSA-N
SP_000173,ACTHNCRNFFCCAQ-PLKVWTDNSA-N
SP_000173,ACTHNCRNFFCCAQ-YNQDZHFMSA-N
SP_000173,ACWQBUSCFPJUPN-HYXAFXHYSA-N
SP_000173,ACZVSMNFVFBOTM-UHFFFAOYSA-N
SP_000173,ADCKHLSRWCXEIY-GGAPOBRUSA-N
SP_000173,ADHKIZQYPQGIRC-ACSKKKSPSA-N
SP_000173,ADHKIZQYPQGIRC-SOZVHHJESA-N
SP_000173,ADHNTNYEJYJUCU-ZSJFXSENSA-N
SP_000173,ADKNUXINKGBJMY-LDLOPFEMSA-N
SP_000173,ADMGMAPZAQUXIR-VRHMUEQPSA-N
SP_000173,ADNSYCXWAHUWTA-SYOMJGEJSA-N
SP_000173,ADSGHWJRPOXXTD-IHWYPQMZSA-M
SP_000173,ADYPMBBPSUQKED-VOLCNUBSSA-N
SP_000173,ADZPFIMEBZGRHB-ILJAMNOWSA-N
SP_000173,AEFNZGGBWOQYID-UHFFFAOYSA-N
SP_000173,AEIJGHDRIPTRQY-UBTAJKBJSA-N
SP_000173,AELFRHHZGTVYGJ-QMMMGPOBSA-N
SP_000173,AEMFNILZOJDQLW-QAGGRKNESA-N
SP_000173,AERBNCYCJBRYDG-UHFFFAOYSA-N
SP_000173,AESBAQNLQIQXNK-BMFSGJJHSA-N
SP_000173,AETXDQTWHNBCRO-QLKFWGTOSA-N
SP_000173,AEWHYWSPVRZHCT-NDZSKPAWSA-N
SP_000173,AEWHYWSPVRZHCT-UHFFFAOYSA-J
SP_000173,AEXNGRVFOMIYOW-ICFOKQHNSA-N
SP_000174,AABKSFWWBUPVNY-NVCPWDGJSA-N
SP_000174,AAFBEFOSCLMOTF-KXBCQOCRSA-N
SP_000174,AAFBEFOSCLMOTF-RRPFJGJLSA-N
SP_000174,AANMVENRNJYEMK-UHFFFAOYSA-N
SP_000174,AANZTOSGIRNZNM-LNOKNGNPSA-N
SP_000174,AAPGXBRKBIUCMQ-GWHBCOKCSA-N
SP_000174,AAWNBEJOCRYVJE-QNGWXLTQSA-N
SP_000174,AAWZDTNXLSGCEK-UHFFFAOYSA-M
SP_000174,AAXMCYUUKFLUMJ-JSFHAIONSA-N
SP_000174,AAXMCYUUKFLUMJ-TWDRBPDCSA-N
SP_000174,AAXYAFFKOSNMEB-MHARETSRSA-N
SP_000174,AAZOMBJKSJQDHJ-ZBRBWIFHSA-N
SP_000174,AAZZVFONLHYNDZ-NVQRUNIKSA-J
SP_000174,ABBYYPGQJRBTGA-NESBLOORSA-N
SP_000174,ABCOOORLYAOBOZ-KQYNXXCUSA-N
SP_000174,ABFJWRKPWCFTQP-JKFVOKSPSA-N
SP_000174,ABFJWRKPWCFTQP-XSMLMOGHSA-N
SP_000174,ABIKEVIWOJTKQS-AARKOHAPSA-N
SP_000174,ABLZXFCXXLZCGV-UHFFFAOYSA-L
SP_000174,ABRHOUKZOUNSSK-FVEAQGRNSA-N
SP_000174,ABUKPIBHMMLQDI-RCOVLANCSA-N
SP_000174,ACGLCDJEASKGDO-JSYPMYMJSA-N
SP_000174,ACIVVGBVOVHFPQ-RPDRRWSUSA-N
SP_000174,ACLPCAOOWJUVLL-DZKYTWFZSA-N
SP_000174,ACLQSYLJAZRTAP-XAFBQJBNSA-N
SP_000174,ACSIRQPNAYTBRW-VZUYHUTRSA-N
SP_000174,ACTHNCRNFFCCAQ-PLKVWTDNSA-N
SP_000174,ACTHNCRNFFCCAQ-YNQDZHFMSA-N
SP_000174,ACZVSMNFVFBOTM-UHFFFAOYSA-N
SP_000174,ADCKHLSRWCXEIY-GGAPOBRUSA-N
SP_000174,ADHKIZQYPQGIRC-ACSKKKSPSA-N
SP_000174,ADHKIZQYPQGIRC-SOZVHHJESA-N
SP_000174,ADHNTNYEJYJUCU-ZSJFXSENSA-N
SP_000174,ADKNUXINKGBJMY-LDLOPFEMSA-N
SP_000174,ADMGMAPZAQUXIR-VRHMUEQPSA-N
SP_000174,ADNSYCXWAHUWTA-SYOMJGEJSA-N
SP_000174,ADSGHWJRPOXXTD-IHWYPQMZSA-M
SP_000174,ADYPMBBPSUQKED-VOLCNUBSSA-N
SP_000174,ADZPFIMEBZGRHB-ILJAMNOWSA-N
SP_000174,AEFNZGGBWOQYID-UHFFFAOYSA-N
SP_000174,AEIJGHDRIPTRQY-UBTAJKBJSA-N
SP_000174,AELFRHHZGTVYGJ-QMMMGPOBSA-N
SP_000174,AEMFNILZOJDQLW-QAGGRKNESA-N
SP_000174,AERBNCYCJBRYDG-UHFFFAOYSA-N
SP_000174,AESBAQNLQIQXNK-BMFSGJJHSA-N
SP_000174,AETXDQTWHNBCRO-QLKFWGTOSA-N
SP_000174,AEWHYWSPVRZHCT-NDZSKPAWSA-N
SP_000174,AEWHYWSPVRZHCT-UHFFFAOYSA-J
SP_000174,AEXNGRVFOMIYOW-ICFOKQHNSA-N
SP_000174,AFFQVAIMWFYJJS-DTHFMEMVSA-N
SP_000175,AAARRLVSWMMLIL-JFDCHTIYSA-N
SP_000175,AAAULIDICJVAGC-XUJQSNPTSA-N
SP_000175,AAAUQAJYMBAEDN-SDYYSCIWSA-N
SP_000175,AAAYFFAGXKLUDV-XSMLMOGHSA-N
SP_000175,AABKSFWWBUPVNY-NVCPWDGJSA-N
SP_000175,AABORWYRSOFPIQ-RIVVNBGWSA-N
SP_000175,AACGGBKJSIMRBR-BWSSJUFOSA-N
SP_000175,AACZXYOSBJYYOH-XBNQVYLISA-N
SP_000175,AAEDIKNVLNRFNP-VERBRUMSSA-N
SP_000175,AAEDVOLFYYONLY-WBCKFURZSA-N
SP_000175,AAEGDCWJLSBMKO-QRXDBQBNSA-N
SP_000175,AAEKPOOCHGGGKT-NLXJDERGSA-N
SP_000175,AAEVYOVXGOFMJO-UHFFFAOYSA-N
SP_000175,AAFPBUWBKCMUOC-AZZQUJCXSA-N
SP_000175,AAGIXMREDGMXGU-ASISNPDYSA-N
SP_000175,AAGKNIVYCBWMIR-HKNFJBDMSA-N
SP_000175,AAHQMLDWRXUNIA-HZTDGBLZSA-N
SP_000175,AAISSOQIFFPNFZ-AXAMJWTMSA-N
SP_000175,AAJCSPWAQIOZOP-HUESYALOSA-N
SP_000175,AAKHKGPJPZLUOV-ZGNZLWFWSA-N
SP_000175,AAMZNUSIHHMEQD-ZUFHXVCQSA-N
SP_000175,AANCKINPVVQDGX-OSUITXOZSA-N
SP_000175,AANHDBNUIKYXLN-OKUWMSBNSA-N
SP_000175,AANZTOSGIRNZNM-LNOKNGNPSA-N
SP_000175,AAOSLICMXQEMBQ-IONAWPRUSA-N
SP_000175,AAOXKTNPFBHMFQ-KZBYCKEYSA-N
SP_000175,AAQXAMYHTKLRRO-GRSNDSDLSA-N
SP_000175,AASMSXXODHOKTE-AKAJXFOGSA-N
SP_000175,AASMSXXODHOKTE-WDLSKMLESA-N
SP_000175,AAVFZGNNVBUUJP-DTSDQNDWSA-N
SP_000175,AAVFZGNNVBUUJP-IONAWPRUSA-N
SP_000175,AAVJUUZQHFIDSS-CQQUKVLBSA-N
SP_000175,AAVMVTWYUGHZHX-OALPUDEUSA-N
SP_000175,AAVMVTWYUGHZHX-YWIOZPJLSA-N
SP_000175,AAVNDRKAKFAYFN-FPQJXDIVSA-N
SP_000175,AAVNDRKAKFAYFN-MBLVYYNZSA-N
SP_000175,AAWSPHNKTFCCQE-GRSBDEQXSA-N
SP_000175,AAWYHGQYLUEDBG-MPLRIKRWSA-N
SP_000175,AAXMCYUUKFLUMJ-JSFHAIONSA-N
SP_000175,AAXWISAHYJUCTG-MPLRIKRWSA-N
SP_000175,AAXWISAHYJUCTG-OIVUAWODSA-N
SP_000175,AAYJVNROXHMWJF-OKIOPPKUSA-N
SP_000175,AAYLLNKLDFMSRD-HLIHSNNZSA-N
SP_000175,AAZDQNFGXLHGPJ-AUPLRJEGSA-N
SP_000175,AAZDQNFGXLHGPJ-PFUDJBDGSA-N
SP_000175,AAZLBQIWPSJHIZ-XGUPTXRGSA-N
SP_000175,AAZOMBJKSJQDHJ-ZBRBWIFHSA-N
SP_000175,AAZXFALIBYEKBE-UHFFFAOYSA-N
SP_000175,ABAPCGOEPWAJOW-KHLWFPLBSA-N
SP_000175,ABBYYPGQJRBTGA-NESBLOORSA-N
SP_000176,ADHNTNYEJYJUCU-ZSJFXSENSA-N
SP_000176,BATOPAZDIZEVQF-IAROGAJJSA-N
SP_000176,BHPQYMZQTOCNFJ-UHFFFAOYSA-N
SP_000176,CIWBSHSKHKDKBQ-JLAZNSOCSA-N
SP_000176,CZXLHIZQQUJTND-UHFFFAOYSA-N
SP_000176,DHMQDGOQFOQNFH-UHFFFAOYSA-N
SP_000176,DJLTZJGULPLVOA-UHFFFAOYSA-N
SP_000176,FCGOBISRCUOUQH-UHFFFAOYSA-N
SP_000176,GDBJCCBRRCYCEG-UHFFFAOYSA-N
SP_000176,IIACRCGMVDHOTQ-UHFFFAOYSA-N
SP_000176,IMKHDCBNRDRUEB-UHFFFAOYSA-N
SP_000176,JGHZJRVDZXSNKQ-UHFFFAOYSA-N
SP_000176,JIWBIWFOSCKQMA-DFARDDQGSA-N
SP_000176,JLQNHALFVCURHW-UHFFFAOYSA-N
SP_000176,JZRWCGZRTZMZEH-UHFFFAOYSA-N
SP_000176,JZVFJDZBLUFKCA-CMDGGOBGSA-N
SP_000176,KBEBGUQPQBELIU-HJWRWDBZSA-N
SP_000176,KDXKERNSBIXSRK-YFKPBYRVSA-N
SP_000176,KEAYESYHFKHZAL-UHFFFAOYSA-N
SP_000176,KJDZDTDNIULJBE-VAWYXSNFSA-N
SP_000176,KQMVAGISDHMXJJ-UHFFFAOYSA-N
SP_000176,LFQSCWFLJHTTHZ-UHFFFAOYSA-N
SP_000176,LLCYNDRFWDIIQS-WQLSENKSSA-N
SP_000176,LXNHXLLTXMVWPM-UHFFFAOYSA-N
SP_000176,NPYPAHLBTDXSSS-UHFFFAOYSA-N
SP_000176,ODKSFYDXXFIFQN-BYPYZUCNSA-N
SP_000176,ONIBWKKTOPOVIA-BYPYZUCNSA-N
SP_000176,OUYCCCASQSFEME-UHFFFAOYSA-N
SP_000176,OVBPIULPVIDEAO-LBPRGKRZSA-N
SP_000176,PCBSXBYCASFXTM-UHFFFAOYSA-N
SP_000176,PGMBAYKBYBXNNR-UHFFFAOYSA-N
SP_000176,POWISKNFFRUCCW-UHFFFAOYSA-N
SP_000176,PVNIIMVLHYAWGP-UHFFFAOYSA-N
SP_000176,QIVBCDIJIAJPQS-VIFPVBQESA-N
SP_000176,QNAYBMKLOCPYGJ-REOHCLBHSA-N
SP_000176,ROHFNLRQFUQHCH-UHFFFAOYSA-N
SP_000176,UQDUPQYQJKYHQI-UHFFFAOYSA-N
SP_000176,VYFYYTLLBUKUHU-UHFFFAOYSA-N
SP_000176,VYGQUTWHTHXGQB-UMNZIDCRSA-N
SP_000176,WEDGVCZUPFZNDE-UHFFFAOYSA-N
SP_000176,WZVWUSABZGIQJZ-UHFFFAOYSA-N
SP_000176,XWVDCVZOOVTJKF-RIYZIHGNSA-N
SP_000176,YHWNASRGLKJRJJ-UHFFFAOYSA-N
SP_000176,ZAKOWWREFLAJOT-UHFFFAOYSA-N
SP_000176,ZROGCCBNZBKLEL-MPRHSVQHSA-N
SP_000176,ZVKXPPXCNUMUOR-REWZIMNXSA-N
SP_000177,AAARRLVSWMMLIL-JFDCHTIYSA-N
SP_000177,AAAULIDICJVAGC-XUJQSNPTSA-N
SP_000177,AAAUQAJYMBAEDN-SDYYSCIWSA-N
SP_000177,AAAYFFAGXKLUDV-XSMLMOGHSA-N
SP_000177,AABKSFWWBUPVNY-NVCPWDGJSA-N
SP_000177,AABORWYRSOFPIQ-RIVVNBGWSA-N
SP_000177,AACGGBKJSIMRBR-BWSSJUFOSA-N
SP_000177,AACZXYOSBJYYOH-XBNQVYLISA-N
SP_000177,AAEDIKNVLNRFNP-VERBRUMSSA-N
SP_000177,AAEDVOLFYYONLY-WBCKFURZSA-N
SP_000177,AAEGDCWJLSBMKO-QRXDBQBNSA-N
SP_000177,AAEKPOOCHGGGKT-NLXJDERGSA-N
SP_000177,AAEVYOVXGOFMJO-UHFFFAOYSA-N
SP_000177,AAFPBUWBKCMUOC-AZZQUJCXSA-N
SP_000177,AAGIXMREDGMXGU-ASISNPDYSA-N
SP_000177,AAGKNIVYCBWMIR-HKNFJBDMSA-N
SP_000177,AAHQMLDWRXUNIA-HZTDGBLZSA-N
SP_000177,AAISSOQIFFPNFZ-AXAMJWTMSA-N
SP_000177,AAJCSPWAQIOZOP-HUESYALOSA-N
SP_000177,AAKHKGPJPZLUOV-ZGNZLWFWSA-N
SP_000177,AAMZNUSIHHMEQD-ZUFHXVCQSA-N
SP_000177,AANCKINPVVQDGX-OSUITXOZSA-N
SP_000177,AANHDBNUIKYXLN-OKUWMSBNSA-N
SP_000177,AANZTOSGIRNZNM-LNOKNGNPSA-N
SP_000177,AAOSLICMXQEMBQ-IONAWPRUSA-N
SP_000177,AAOXKTNPFBHMFQ-KZBYCKEYSA-N
SP_000177,AAQXAMYHTKLRRO-GRSNDSDLSA-N
SP_000177,AASMSXXODHOKTE-AKAJXFOGSA-N
SP_000177,AASMSXXODHOKTE-WDLSKMLESA-N
SP_000177,AAVFZGNNVBUUJP-DTSDQNDWSA-N
SP_000177,AAVFZGNNVBUUJP-IONAWPRUSA-N
SP_000177,AAVJUUZQHFIDSS-CQQUKVLBSA-N
SP_000177,AAVMVTWYUGHZHX-OALPUDEUSA-N
SP_000177,AAVMVTWYUGHZHX-YWIOZPJLSA-N
SP_000177,AAVNDRKAKFAYFN-FPQJXDIVSA-N
SP_000177,AAVNDRKAKFAYFN-MBLVYYNZSA-N
SP_000177,AAWSPHNKTFCCQE-GRSBDEQXSA-N
SP_000177,AAWYHGQYLUEDBG-MPLRIKRWSA-N
SP_000177,AAXMCYUUKFLUMJ-JSFHAIONSA-N
SP_000177,AAXWISAHYJUCTG-MPLRIKRWSA-N
SP_000177,AAXWISAHYJUCTG-OIVUAWODSA-N
SP_000177,AAYJVNROXHMWJF-OKIOPPKUSA-N
SP_000177,AAYLLNKLDFMSRD-HLIHSNNZSA-N
SP_000177,AAZDQNFGXLHGPJ-AUPLRJEGSA-N
SP_000177,AAZDQNFGXLHGPJ-PFUDJBDGSA-N
SP_000177,AAZLBQIWPSJHIZ-XGUPTXRGSA-N
SP_000177,AAZOMBJKSJQDHJ-ZBRBWIFHSA-N
SP_000177,AAZXFALIBYEKBE-UHFFFAOYSA-N
SP_000177,ABAPCGOEPWAJOW-KHLWFPLBSA-N
SP_000177,ABBYYPGQJRBTGA-NESBLOORSA-N
SP_000178,AABKSFWWBUPVNY-NVCPWDGJSA-N
SP_000178,AAFBEFOSCLMOTF-KXBCQOCRSA-N
SP_000178,AAFBEFOSCLMOTF-RRPFJGJLSA-N
SP_000178,AANMVENRNJYEMK-UHFFFAOYSA-N
SP_000178,AANZTOSGIRNZNM-LNOKNGNPSA-N
SP_000178,AAPGXBRKBIUCMQ-GWHBCOKCSA-N
SP_000178,AAWNBEJOCRYVJE-QNGWXLTQSA-N
SP_000178,AAWZDTNXLSGCEK-UHFFFAOYSA-M
SP_000178,AAXMCYUUKFLUMJ-JSFHAIONSA-N
SP_000178,AAXMCYUUKFLUMJ-TWDRBPDCSA-N
SP_000178,AAXYAFFKOSNMEB-MHARETSRSA-N
SP_000178,AAZOMBJKSJQDHJ-ZBRBWIFHSA-N
SP_000178,AAZZVFONLHYNDZ-NVQRUNIKSA-J
SP_000178,ABBYYPGQJRBTGA-NESBLOORSA-N
SP_000178,ABCOOORLYAOBOZ-KQYNXXCUSA-N
SP_000178,ABFJWRKPWCFTQP-JKFVOKSPSA-N
SP_000178,ABFJWRKPWCFTQP-XSMLMOGHSA-N
SP_000178,ABIKEVIWOJTKQS-AARKOHAPSA-N
SP_000178,ABLZXFCXXLZCGV-UHFFFAOYSA-L
SP_000178,ABRHOUKZOUNSSK-FVEAQGRNSA-N
SP_000178,ABUKPIBHMMLQDI-RCOVLANCSA-N
SP_000178,ACGLCDJEASKGDO-JSYPMYMJSA-N
SP_000178,ACIVVGBVOVHFPQ-RPDRRWSUSA-N
SP_000178,ACLPCAOOWJUVLL-DZKYTWFZSA-N
SP_000178,ACLQSYLJAZRTAP-XAFBQJBNSA-N
SP_000178,ACSIRQPNAYTBRW-VZUYHUTRSA-N
SP_000178,ACTHNCRNFFCCAQ-PLKVWTDNSA-N
SP_000178,ACTHNCRNFFCCAQ-YNQDZHFMSA-N
SP_000178,ACZVSMNFVFBOTM-UHFFFAOYSA-N
SP_000178,ADCKHLSRWCXEIY-GGAPOBRUSA-N
SP_000178,ADHKIZQYPQGIRC-ACSKKKSPSA-N
SP_000178,ADHKIZQYPQGIRC-SOZVHHJESA-N
SP_000178,ADHNTNYEJYJUCU-ZSJFXSENSA-N
SP_000178,ADKNUXINKGBJMY-LDLOPFEMSA-N
SP_000178,ADMGMAPZAQUXIR-VRHMUEQPSA-N
SP_000178,ADNSYCXWAHUWTA-SYOMJGEJSA-N
SP_000178,ADSGHWJRPOXXTD-IHWYPQMZSA-M
SP_000178,ADYPMBBPSUQKED-VOLCNUBSSA-N
SP_000178,ADZPFIMEBZGRHB-ILJAMNOWSA-N
SP_000178,AEFNZGGBWOQYID-UHFFFAOYSA-N
SP_000178,AEIJGHDRIPTRQY-UBTAJKBJSA-N
SP_000178,AELFRHHZGTVYGJ-QMMMGPOBSA-N
SP_000178,AEMFNILZOJDQLW-QAGGRKNESA-N
SP_000178,AERBNCYCJBRYDG-UHFFFAOYSA-N
SP_000178,AESBAQNLQIQXNK-BMFSGJJHSA-N
SP_000178,AETXDQTWHNBCRO-QLKFWGTOSA-N
SP_000178,AEWHYWSPVRZHCT-NDZSKPAWSA-N
SP_000178,AEWHYWSPVRZHCT-UHFFFAOYSA-J
SP_000178,AEXNGRVFOMIYOW-ICFOKQHNSA-N
SP_000178,AFFQVAIMWFYJJS-DTHFMEMVSA-N
SP_000179,AABKSFWWBUPVNY-NVCPWDGJSA-N
SP_000179,AAFBEFOSCLMOTF-KXBCQOCRSA-N
SP_000179,AAFBEFOSCLMOTF-RRPFJGJLSA-N
SP_000179,AANMVENRNJYEMK-UHFFFAOYSA-N
SP_000179,AANZTOSGIRNZNM-LNOKNGNPSA-N
SP_000179,AAPGXBRKBIUCMQ-GWHBCOKCSA-N
SP_000179,AAWNBEJOCRYVJE-QNGWXLTQSA-N
SP_000179,AAWZDTNXLSGCEK-UHFFFAOYSA-M
SP_000179,AAXMCYUUKFLUMJ-JSFHAIONSA-N
SP_000179,AAXMCYUUKFLUMJ-TWDRBPDCSA-N
SP_000179,AAXYAFFKOSNMEB-MHARETSRSA-N
SP_000179,AAZOMBJKSJQDHJ-ZBRBWIFHSA-N
SP_000179,AAZZVFONLHYNDZ-NVQRUNIKSA-J
SP_000179,ABBYYPGQJRBTGA-NESBLOORSA-N
SP_000179,ABCOOORLYAOBOZ-KQYNXXCUSA-N
SP_000179,ABFJWRKPWCFTQP-JKFVOKSPSA-N
SP_000179,ABFJWRKPWCFTQP-XSMLMOGHSA-N
SP_000179,ABIKEVIWOJTKQS-AARKOHAPSA-N
SP_000179,ABLZXFCXXLZCGV-UHFFFAOYSA-L
SP_000179,ABRHOUKZOUNSSK-FVEAQGRNSA-N
SP_000179,ABUKPIBHMMLQDI-RCOVLANCSA-N
SP_000179,ACGLCDJEASKGDO-JSYPMYMJSA-N
SP_000179,ACIVVGBVOVHFPQ-RPDRRWSUSA-N
SP_000179,ACLPCAOOWJUVLL-DZKYTWFZSA-N
SP_000179,ACLQSYLJAZRTAP-XAFBQJBNSA-N
SP_000179,ACSIRQPNAYTBRW-VZUYHUTRSA-N
SP_000179,ACTHNCRNFFCCAQ-PLKVWTDNSA-N
SP_000179,ACTHNCRNFFCCAQ-YNQDZHFMSA-N
SP_000179,ACZVSMNFVFBOTM-UHFFFAOYSA-N
SP_000179,ADCKHLSRWCXEIY-GGAPOBRUSA-N
SP_000179,ADHKIZQYPQGIRC-ACSKKKSPSA-N
SP_000179,ADHKIZQYPQGIRC-SOZVHHJESA-N
SP_000179,ADHNTNYEJYJUCU-ZSJFXSENSA-N
SP_000179,ADKNUXINKGBJMY-LDLOPFEMSA-N
SP_000179,ADMGMAPZAQUXIR-VRHMUEQPSA-N
SP_000179,ADNSYCXWAHUWTA-SYOMJGEJSA-N
SP_000179,ADSGHWJRPOXXTD-IHWYPQMZSA-M
SP_000179,ADYPMBBPSUQKED-VOLCNUBSSA-N
SP_000179,ADZPFIMEBZGRHB-ILJAMNOWSA-N
SP_000179,AEFNZGGBWOQYID-UHFFFAOYSA-N
SP_000179,AEIJGHDRIPTRQY-UBTAJKBJSA-N
SP_000179,AELFRHHZGTVYGJ-QMMMGPOBSA-N
SP_000179,AEMFNILZOJDQLW-QAGGRKNESA-N
SP_000179,AERBNCYCJBRYDG-UHFFFAOYSA-N
SP_000179,AESBAQNLQIQXNK-BMFSGJJHSA-N
SP_000179,AETXDQTWHNBCRO-QLKFWGTOSA-N
SP_000179,AEWHYWSPVRZHCT-NDZSKPAWSA-N
SP_000179,AEWHYWSPVRZHCT-UHFFFAOYSA-J
SP_000179,AEXNGRVFOMIYOW-ICFOKQHNSA-N
SP_000179,AFFQVAIMWFYJJS-DTHFMEMVSA-N
SP_000180,AAARRLVSWMMLIL-JFDCHTIYSA-N
SP_000180,AAAULIDICJVAGC-XUJQSNPTSA-N
SP_000180,AAAUQAJYMBAEDN-SDYYSCIWSA-N
SP_000180,AAAYFFAGXKLUDV-XSMLMOGHSA-N
SP_000180,AABKSFWWBUPVNY-NVCPWDGJSA-N
SP_000180,AABORWYRSOFPIQ-RIVVNBGWSA-N
SP_000180,AACGGBKJSIMRBR-BWSSJUFOSA-N
SP_000180,AACZXYOSBJYYOH-XBNQVYLISA-N
SP_000180,AAEDIKNVLNRFNP-VERBRUMSSA-N
SP_000180,AAEDVOLFYYONLY-WBCKFURZSA-N
SP_000180,AAEGDCWJLSBMKO-QRXDBQBNSA-N
SP_000180,AAEKPOOCHGGGKT-NLXJDERGSA-N
SP_000180,AAEVYOVXGOFMJO-UHFFFAOYSA-N
SP_000180,AAFPBUWBKCMUOC-AZZQUJCXSA-N
SP_000180,AAGIXMREDGMXGU-ASISNPDYSA-N
SP_000180,AAGKNIVYCBWMIR-HKNFJBDMSA-N
SP_000180,AAHQMLDWRXUNIA-HZTDGBLZSA-N
SP_000180,AAISSOQIFFPNFZ-AXAMJWTMSA-N
SP_000180,AAJCSPWAQIOZOP-HUESYALOSA-N
SP_000180,AAKHKGPJPZLUOV-ZGNZLWFWSA-N
SP_000180,AAMZNUSIHHMEQD-ZUFHXVCQSA-N
SP_000180,AANCKINPVVQDGX-OSUITXOZSA-N
SP_000180,AANHDBNUIKYXLN-OKUWMSBNSA-N
SP_000180,AANZTOSGIRNZNM-LNOKNGNPSA-N
SP_000180,AAOSLICMXQEMBQ-IONAWPRUSA-N
SP_000180,AAOXKTNPFBHMFQ-KZBYCKEYSA-N
SP_000180,AAQXAMYHTKLRRO-GRSNDSDLSA-N
SP_000180,AASMSXXODHOKTE-AKAJXFOGSA-N
SP_000180,AASMSXXODHOKTE-WDLSKMLESA-N
SP_000180,AAVFZGNNVBUUJP-DTSDQNDWSA-N
SP_000180,AAVFZGNNVBUUJP-IONAWPRUSA-N
SP_000180,AAVJUUZQHFIDSS-CQQUKVLBSA-N
SP_000180,AAVMVTWYUGHZHX-OALPUDEUSA-N
SP_000180,AAVMVTWYUGHZHX-YWIOZPJLSA-N
SP_000180,AAVNDRKAKFAYFN-FPQJXDIVSA-N
SP_000180,AAVNDRKAKFAYFN-MBLVYYNZSA-N
SP_000180,AAWSPHNKTFCCQE-GRSBDEQXSA-N
SP_000180,AAWYHGQYLUEDBG-MPLRIKRWSA-N
SP_000180,AAXMCYUUKFLUMJ-JSFHAIONSA-N
SP_000180,AAXWISAHYJUCTG-MPLRIKRWSA-N
SP_000180,AAXWISAHYJUCTG-OIVUAWODSA-N
SP_000180,AAYJVNROXHMWJF-OKIOPPKUSA-N
SP_000180,AAYLLNKLDFMSRD-HLIHSNNZSA-N
SP_000180,AAZDQNFGXLHGPJ-AUPLRJEGSA-N
SP_000180,AAZDQNFGXLHGPJ-PFUDJBDGSA-N
SP_000180,AAZLBQIWPSJHIZ-XGUPTXRGSA-N
SP_000180,AAZOMBJKSJQDHJ-ZBRBWIFHSA-N
SP_000180,AAZXFALIBYEKBE-UHFFFAOYSA-N
SP_000180,ABAPCGOEPWAJOW-KHLWFPLBSA-N
SP_000180,ABBYYPGQJRBTGA-NESBLOORSA-N
SP_000181,AABKSFWWBUPVNY-NVCPWDGJSA-N
SP_000181,AAFBEFOSCLMOTF-KXBCQOCRSA-N
SP_000181,AAFBEFOSCLMOTF-RRPFJGJLSA-N
SP_000181,AANMVENRNJYEMK-UHFFFAOYSA-N
SP_000181,AANZTOSGIRNZNM-LNOKNGNPSA-N
SP_000181,AAPGXBRKBIUCMQ-GWHBCOKCSA-N
SP_000181,AAWNBEJOCRYVJE-QNGWXLTQSA-N
SP_000181,AAWZDTNXLSGCEK-UHFFFAOYSA-M
SP_000181,AAXMCYUUKFLUMJ-JSFHAIONSA-N
SP_000181,AAXMCYUUKFLUMJ-TWDRBPDCSA-N
SP_000181,AAXYAFFKOSNMEB-MHARETSRSA-N
SP_000181,AAZOMBJKSJQDHJ-ZBRBWIFHSA-N
SP_000181,AAZZVFONLHYNDZ-NVQRUNIKSA-J
SP_000181,ABBYYPGQJRBTGA-NESBLOORSA-N
SP_000181,ABCOOORLYAOBOZ-KQYNXXCUSA-N
SP_000181,ABFJWRKPWCFTQP-JKFVOKSPSA-N
SP_000181,ABFJWRKPWCFTQP-XSMLMOGHSA-N
SP_000181,ABIKEVIWOJTKQS-AARKOHAPSA-N
SP_000181,ABLZXFCXXLZCGV-UHFFFAOYSA-L
SP_000181,ABRHOUKZOUNSSK-FVEAQGRNSA-N
SP_000181,ABUKPIBHMMLQDI-RCOVLANCSA-N
SP_000181,ACGLCDJEASKGDO-JSYPMYMJSA-N
SP_000181,ACIVVGBVOVHFPQ-RPDRRWSUSA-N
SP_000181,ACLPCAOOWJUVLL-DZKYTWFZSA-N
SP_000181,ACLQSYLJAZRTAP-XAFBQJBNSA-N
SP_000181,ACSIRQPNAYTBRW-VZUYHUTRSA-N
SP_000181,ACTHNCRNFFCCAQ-PLKVWTDNSA-N
SP_000181,ACTHNCRNFFCCAQ-YNQDZHFMSA-N
SP_000181,ACZVSMNFVFBOTM-UHFFFAOYSA-N
SP_000181,ADCKHLSRWCXEIY-GGAPOBRUSA-N
SP_000181,ADHKIZQYPQGIRC-ACSKKKSPSA-N
SP_000181,ADHKIZQYPQGIRC-SOZVHHJESA-N
SP_000181,ADHNTNYEJYJUCU-ZSJFXSENSA-N
SP_000181,ADKNUXINKGBJMY-LDLOPFEMSA-N
SP_000181,ADMGMAPZAQUXIR-VRHMUEQPSA-N
SP_000181,ADNSYCXWAHUWTA-SYOMJGEJSA-N
SP_000181,ADSGHWJRPOXXTD-IHWYPQMZSA-M
SP_000181,ADYPMBBPSUQKED-VOLCNUBSSA-N
SP_000181,ADZPFIMEBZGRHB-ILJAMNOWSA-N
SP_000181,AEFNZGGBWOQYID-UHFFFAOYSA-N
SP_000181,AEIJGHDRIPTRQY-UBTAJKBJSA-N
SP_000181,AELFRHHZGTVYGJ-QMMMGPOBSA-N
SP_000181,AEMFNILZOJDQLW-QAGGRKNESA-N
SP_000181,AERBNCYCJBRYDG-UHFFFAOYSA-N
SP_000181,AESBAQNLQIQXNK-BMFSGJJHSA-N
SP_000181,AETXDQTWHNBCRO-QLKFWGTOSA-N
SP_000181,AEWHYWSPVRZHCT-NDZSKPAWSA-N
SP_000181,AEWHYWSPVRZHCT-UHFFFAOYSA-J
SP_000181,AEXNGRVFOMIYOW-ICFOKQHNSA-N
SP_000181,AFFQVAIMWFYJJS-DTHFMEMVSA-N
SP_000182,AABKSFWWBUPVNY-NVCPWDGJSA-N
SP_000182,AAFBEFOSCLMOTF-KXBCQOCRSA-N
SP_000182,AAFBEFOSCLMOTF-RRPFJGJLSA-N
SP_000182,AANMVENRNJYEMK-UHFFFAOYSA-N
SP_000182,AANZTOSGIRNZNM-LNOKNGNPSA-N
SP_000182,AAPGXBRKBIUCMQ-GWHBCOKCSA-N
SP_000182,AAWNBEJOCRYVJE-QNGWXLTQSA-N
SP_000182,AAWZDTNXLSGCEK-UHFFFAOYSA-M
SP_000182,AAXMCYUUKFLUMJ-JSFHAIONSA-N
SP_000182,AAXMCYUUKFLUMJ-TWDRBPDCSA-N
SP_000182,AAXYAFFKOSNMEB-MHARETSRSA-N
SP_000182,AAZOMBJKSJQDHJ-ZBRBWIFHSA-N
SP_000182,AAZZVFONLHYNDZ-NVQRUNIKSA-J
SP_000182,ABBYYPGQJRBTGA-NESBLOORSA-N
SP_000182,ABCOOORLYAOBOZ-KQYNXXCUSA-N
SP_000182,ABFJWRKPWCFTQP-JKFVOKSPSA-N
SP_000182,ABFJWRKPWCFTQP-XSMLMOGHSA-N
SP_000182,ABIKEVIWOJTKQS-AARKOHAPSA-N
SP_000182,ABLZXFCXXLZCGV-UHFFFAOYSA-L
SP_000182,ABRHOUKZOUNSSK-FVEAQGRNSA-N
SP_000182,ABUKPIBHMMLQDI-RCOVLANCSA-N
SP_000182,ACGLCDJEASKGDO-JSYPMYMJSA-N
SP_000182,ACIVVGBVOVHFPQ-RPDRRWSUSA-N
SP_000182,ACLPCAOOWJUVLL-DZKYTWFZSA-N
SP_000182,ACLQSYLJAZRTAP-XAFBQJBNSA-N
SP_000182,ACSIRQPNAYTBRW-VZUYHUTRSA-N
SP_000182,ACTHNCRNFFCCAQ-PLKVWTDNSA-N
SP_000182,ACTHNCRNFFCCAQ-YNQDZHFMSA-N
SP_000182,ACZVSMNFVFBOTM-UHFFFAOYSA-N
SP_000182,ADCKHLSRWCXEIY-GGAPOBRUSA-N
SP_000182,ADHKIZQYPQGIRC-ACSKKKSPSA-N
SP_000182,ADHKIZQYPQGIRC-SOZVHHJESA-N
SP_000182,ADHNTNYEJYJUCU-ZSJFXSENSA-N
SP_000182,ADKNUXINKGBJMY-LDLOPFEMSA-N
SP_000182,ADMGMAPZAQUXIR-VRHMUEQPSA-N
SP_000182,ADNSYCXWAHUWTA-SYOMJGEJSA-N
SP_000182,ADSGHWJRPOXXTD-IHWYPQMZSA-M
SP_000182,ADYPMBBPSUQKED-VOLCNUBSSA-N
SP_000182,ADZPFIMEBZGRHB-ILJAMNOWSA-N
SP_000182,AEFNZGGBWOQYID-UHFFFAOYSA-N
SP_000182,AEIJGHDRIPTRQY-UBTAJKBJSA-N
SP_000182,AELFRHHZGTVYGJ-QMMMGPOBSA-N
SP_000182,AEMFNILZOJDQLW-QAGGRKNESA-N
SP_000182,AERBNCYCJBRYDG-UHFFFAOYSA-N
SP_000182,AESBAQNLQIQXNK-BMFSGJJHSA-N
SP_000182,AETXDQTWHNBCRO-QLKFWGTOSA-N
SP_000182,AEWHYWSPVRZHCT-NDZSKPAWSA-N
SP_000182,AEWHYWSPVRZHCT-UHFFFAOYSA-J
SP_000182,AEXNGRVFOMIYOW-ICFOKQHNSA-N
SP_000182,AFFQVAIMWFYJJS-DTHFMEMVSA-N
SP_000183,AABKSFWWBUPVNY-NVCPWDGJSA-N
SP_000183,AAFBEFOSCLMOTF-KXBCQOCRSA-N
SP_000183,AAFBEFOSCLMOTF-RRPFJGJLSA-N
SP_000183,AANMVENRNJYEMK-UHFFFAOYSA-N
SP_000183,AANZTOSGIRNZNM-LNOKNGNPSA-N
SP_000183,AAPGXBRKBIUCMQ-GWHBCOKCSA-N
SP_000183,AAWNBEJOCRYVJE-QNGWXLTQSA-N
SP_000183,AAWZDTNXLSGCEK-UHFFFAOYSA-M
SP_000183,AAXMCYUUKFLUMJ-JSFHAIONSA-N
SP_000183,AAXMCYUUKFLUMJ-TWDRBPDCSA-N
SP_000183,AAXYAFFKOSNMEB-MHARETSRSA-N
SP_000183,AAZOMBJKSJQDHJ-ZBRBWIFHSA-N
SP_000183,AAZZVFONLHYNDZ-NVQRUNIKSA-J
SP_000183,ABBYYPGQJRBTGA-NESBLOORSA-N
SP_000183,ABCOOORLYAOBOZ-KQYNXXCUSA-N
SP_000183,ABFJWRKPWCFTQP-JKFVOKSPSA-N
SP_000183,ABFJWRKPWCFTQP-XSMLMOGHSA-N
SP_000183,ABIKEVIWOJTKQS-AARKOHAPSA-N
SP_000183,ABLZXFCXXLZCGV-UHFFFAOYSA-L
SP_000183,ABRHOUKZOUNSSK-FVEAQGRNSA-N
SP_000183,ABUKPIBHMMLQDI-RCOVLANCSA-N
SP_000183,ACGLCDJEASKGDO-JSYPMYMJSA-N
SP_000183,ACIVVGBVOVHFPQ-RPDRRWSUSA-N
SP_000183,ACLPCAOOWJUVLL-DZKYTWFZSA-N
SP_000183,ACLQSYLJAZRTAP-XAFBQJBNSA-N
SP_000183,ACSIRQPNAYTBRW-VZUYHUTRSA-N
SP_000183,ACTHNCRNFFCCAQ-PLKVWTDNSA-N
SP_000183,ACTHNCRNFFCCAQ-YNQDZHFMSA-N
SP_000183,ACZVSMNFVFBOTM-UHFFFAOYSA-N
SP_000183,ADCKHLSRWCXEIY-GGAPOBRUSA-N
SP_000183,ADHKIZQYPQGIRC-ACSKKKSPSA-N
SP_000183,ADHKIZQYPQGIRC-SOZVHHJESA-N
SP_000183,ADHNTNYEJYJUCU-ZSJFXSENSA-N
SP_000183,ADKNUXINKGBJMY-LDLOPFEMSA-N
SP_000183,ADMGMAPZAQUXIR-VRHMUEQPSA-N
SP_000183,ADNSYCXWAHUWTA-SYOMJGEJSA-N
SP_000183,ADSGHWJRPOXXTD-IHWYPQMZSA-M
SP_000183,ADYPMBBPSUQKED-VOLCNUBSSA-N
SP_000183,ADZPFIMEBZGRHB-ILJAMNOWSA-N
SP_000183,AEFNZGGBWOQYID-UHFFFAOYSA-N
SP_000183,AEIJGHDRIPTRQY-UBTAJKBJSA-N
SP_000183,AELFRHHZGTVYGJ-QMMMGPOBSA-N
SP_000183,AEMFNILZOJDQLW-QAGGRKNESA-N
SP_000183,AERBNCYCJBRYDG-UHFFFAOYSA-N
SP_000183,AESBAQNLQIQXNK-BMFSGJJHSA-N
SP_000183,AETXDQTWHNBCRO-QLKFWGTOSA-N
SP_000183,AEWHYWSPVRZHCT-NDZSKPAWSA-N
SP_000183,AEWHYWSPVRZHCT-UHFFFAOYSA-J
SP_000183,AEXNGRVFOMIYOW-ICFOKQHNSA-N
SP_000183,AFFQVAIMWFYJJS-DTHFMEMVSA-N
SP_000184,AABKSFWWBUPVNY-NVCPWDGJSA-N
SP_000184,AAFBEFOSCLMOTF-KXBCQOCRSA-N
SP_000184,AAFBEFOSCLMOTF-RRPFJGJLSA-N
SP_000184,AANMVENRNJYEMK-UHFFFAOYSA-N
SP_000184,AANZTOSGIRNZNM-LNOKNGNPSA-N
SP_000184,AAPGXBRKBIUCMQ-GWHBCOKCSA-N
SP_000184,AAWNBEJOCRYVJE-QNGWXLTQSA-N
SP_000184,AAWZDTNXLSGCEK-UHFFFAOYSA-M
SP_000184,AAXMCYUUKFLUMJ-JSFHAIONSA-N
SP_000184,AAXMCYUUKFLUMJ-TWDRBPDCSA-N
SP_000184,AAXYAFFKOSNMEB-MHARETSRSA-N
SP_000184,AAZOMBJKSJQDHJ-ZBRBWIFHSA-N
SP_000184,AAZZVFONLHYNDZ-NVQRUNIKSA-J
SP_000184,ABBYYPGQJRBTGA-NESBLOORSA-N
SP_000184,ABCOOORLYAOBOZ-KQYNXXCUSA-N
SP_000184,ABFJWRKPWCFTQP-JKFVOKSPSA-N
SP_000184,ABFJWRKPWCFTQP-XSMLMOGHSA-N
SP_000184,ABIKEVIWOJTKQS-AARKOHAPSA-N
SP_000184,ABLZXFCXXLZCGV-UHFFFAOYSA-L
SP_000184,ABRHOUKZOUNSSK-FVEAQGRNSA-N
SP_000184,ABUKPIBHMMLQDI-RCOVLANCSA-N
SP_000184,ACGLCDJEASKGDO-JSYPMYMJSA-N
SP_000184,ACIVVGBVOVHFPQ-RPDRRWSUSA-N
SP_000184,ACLPCAOOWJUVLL-DZKYTWFZSA-N
SP_000184,ACLQSYLJAZRTAP-XAFBQJBNSA-N
SP_000184,ACSIRQPNAYTBRW-VZUYHUTRSA-N
SP_000184,ACTHNCRNFFCCAQ-PLKVWTDNSA-N
SP_000184,ACTHNCRNFFCCAQ-YNQDZHFMSA-N
SP_000184,ACZVSMNFVFBOTM-UHFFFAOYSA-N
SP_000184,ADCKHLSRWCXEIY-GGAPOBRUSA-N
SP_000184,ADHKIZQYPQGIRC-ACSKKKSPSA-N
SP_000184,ADHKIZQYPQGIRC-SOZVHHJESA-N
SP_000184,ADHNTNYEJYJUCU-ZSJFXSENSA-N
SP_000184,ADKNUXINKGBJMY-LDLOPFEMSA-N
SP_000184,ADMGMAPZAQUXIR-VRHMUEQPSA-N
SP_000184,ADNSYCXWAHUWTA-SYOMJGEJSA-N
SP_000184,ADSGHWJRPOXXTD-IHWYPQMZSA-M
SP_000184,ADYPMBBPSUQKED-VOLCNUBSSA-N
SP_000184,ADZPFIMEBZGRHB-ILJAMNOWSA-N
SP_000184,AEFNZGGBWOQYID-UHFFFAOYSA-N
SP_000184,AEIJGHDRIPTRQY-UBTAJKBJSA-N
SP_000184,AELFRHHZGTVYGJ-QMMMGPOBSA-N
SP_000184,AEMFNILZOJDQLW-QAGGRKNESA-N
SP_000184,AERBNCYCJBRYDG-UHFFFAOYSA-N
SP_000184,AESBAQNLQIQXNK-BMFSGJJHSA-N
SP_000184,AETXDQTWHNBCRO-QLKFWGTOSA-N
SP_000184,AEWHYWSPVRZHCT-NDZSKPAWSA-N
SP_000184,AEWHYWSPVRZHCT-UHFFFAOYSA-J
SP_000184,AEXNGRVFOMIYOW-ICFOKQHNSA-N
SP_000184,AFFQVAIMWFYJJS-DTHFMEMVSA-N
SP_000185,AABKSFWWBUPVNY-NVCPWDGJSA-N
SP_000185,AAFBEFOSCLMOTF-KXBCQOCRSA-N
SP_000185,AAFBEFOSCLMOTF-RRPFJGJLSA-N
SP_000185,AANMVENRNJYEMK-UHFFFAOYSA-N
SP_000185,AANZTOSGIRNZNM-LNOKNGNPSA-N
SP_000185,AAPGXBRKBIUCMQ-GWHBCOKCSA-N
SP_000185,AAWNBEJOCRYVJE-QNGWXLTQSA-N
SP_000185,AAWZDTNXLSGCEK-UHFFFAOYSA-M
SP_000185,AAXMCYUUKFLUMJ-JSFHAIONSA-N
SP_000185,AAXMCYUUKFLUMJ-TWDRBPDCSA-N
SP_000185,AAXYAFFKOSNMEB-MHARETSRSA-N
SP_000185,AAZOMBJKSJQDHJ-ZBRBWIFHSA-N
SP_000185,AAZZVFONLHYNDZ-NVQRUNIKSA-J
SP_000185,ABBYYPGQJRBTGA-NESBLOORSA-N
SP_000185,ABCOOORLYAOBOZ-KQYNXXCUSA-N
SP_000185,ABFJWRKPWCFTQP-JKFVOKSPSA-N
SP_000185,ABFJWRKPWCFTQP-XSMLMOGHSA-N
SP_000185,ABIKEVIWOJTKQS-AARKOHAPSA-N
SP_000185,ABLZXFCXXLZCGV-UHFFFAOYSA-L
SP_000185,ABRHOUKZOUNSSK-FVEAQGRNSA-N
SP_000185,ABUKPIBHMMLQDI-RCOVLANCSA-N
SP_000185,ACGLCDJEASKGDO-JSYPMYMJSA-N
SP_000185,ACIVVGBVOVHFPQ-RPDRRWSUSA-N
SP_000185,ACLPCAOOWJUVLL-DZKYTWFZSA-N
SP_000185,ACLQSYLJAZRTAP-XAFBQJBNSA-N
SP_000185,ACSIRQPNAYTBRW-VZUYHUTRSA-N
SP_000185,ACTHNCRNFFCCAQ-PLKVWTDNSA-N
SP_000185,ACTHNCRNFFCCAQ-YNQDZHFMSA-N
SP_000185,ACZVSMNFVFBOTM-UHFFFAOYSA-N
SP_000185,ADCKHLSRWCXEIY-GGAPOBRUSA-N
SP_000185,ADHKIZQYPQGIRC-ACSKKKSPSA-N
SP_000185,ADHKIZQYPQGIRC-SOZVHHJESA-N
SP_000185,ADHNTNYEJYJUCU-ZSJFXSENSA-N
SP_000185,ADKNUXINKGBJMY-LDLOPFEMSA-N
SP_000185,ADMGMAPZAQUXIR-VRHMUEQPSA-N
SP_000185,ADNSYCXWAHUWTA-SYOMJGEJSA-N
SP_000185,ADSGHWJRPOXXTD-IHWYPQMZSA-M
SP_000185,ADYPMBBPSUQKED-VOLCNUBSSA-N
SP_000185,ADZPFIMEBZGRHB-ILJAMNOWSA-N
SP_000185,AEFNZGGBWOQYID-UHFFFAOYSA-N
SP_000185,AEIJGHDRIPTRQY-UBTAJKBJSA-N
SP_000185,AELFRHHZGTVYGJ-QMMMGPOBSA-N
SP_000185,AEMFNILZOJDQLW-QAGGRKNESA-N
SP_000185,AERBNCYCJBRYDG-UHFFFAOYSA-N
SP_000185,AESBAQNLQIQXNK-BMFSGJJHSA-N
SP_000185,AETXDQTWHNBCRO-QLKFWGTOSA-N
SP_000185,AEWHYWSPVRZHCT-NDZSKPAWSA-N
SP_000185,AEWHYWSPVRZHCT-UHFFFAOYSA-J
SP_000185,AEXNGRVFOMIYOW-ICFOKQHNSA-N
SP_000185,AFFQVAIMWFYJJS-DTHFMEMVSA-N
SP_000186,AABKSFWWBUPVNY-NVCPWDGJSA-N
SP_000186,AAFBEFOSCLMOTF-KXBCQOCRSA-N
SP_000186,AAFBEFOSCLMOTF-RRPFJGJLSA-N
SP_000186,AANMVENRNJYEMK-UHFFFAOYSA-N
SP_000186,AANZTOSGIRNZNM-LNOKNGNPSA-N
SP_000186,AAPGXBRKBIUCMQ-GWHBCOKCSA-N
SP_000186,AAWNBEJOCRYVJE-QNGWXLTQSA-N
SP_000186,AAWZDTNXLSGCEK-UHFFFAOYSA-M
SP_000186,AAXMCYUUKFLUMJ-JSFHAIONSA-N
SP_000186,AAXMCYUUKFLUMJ-TWDRBPDCSA-N
SP_000186,AAXYAFFKOSNMEB-MHARETSRSA-N
SP_000186,AAZOMBJKSJQDHJ-ZBRBWIFHSA-N
SP_000186,AAZZVFONLHYNDZ-NVQRUNIKSA-J
SP_000186,ABBYYPGQJRBTGA-NESBLOORSA-N
SP_000186,ABCOOORLYAOBOZ-KQYNXXCUSA-N
SP_000186,ABFJWRKPWCFTQP-JKFVOKSPSA-N
SP_000186,ABFJWRKPWCFTQP-XSMLMOGHSA-N
SP_000186,ABIKEVIWOJTKQS-AARKOHAPSA-N
SP_000186,ABLZXFCXXLZCGV-UHFFFAOYSA-L
SP_000186,ABRHOUKZOUNSSK-FVEAQGRNSA-N
SP_000186,ABUKPIBHMMLQDI-RCOVLANCSA-N
SP_000186,ACGLCDJEASKGDO-JSYPMYMJSA-N
SP_000186,ACIVVGBVOVHFPQ-RPDRRWSUSA-N
SP_000186,ACLPCAOOWJUVLL-DZKYTWFZSA-N
SP_000186,ACLQSYLJAZRTAP-XAFBQJBNSA-N
SP_000186,ACSIRQPNAYTBRW-VZUYHUTRSA-N
SP_000186,ACTHNCRNFFCCAQ-PLKVWTDNSA-N
SP_000186,ACTHNCRNFFCCAQ-YNQDZHFMSA-N
SP_000186,ACZVSMNFVFBOTM-UHFFFAOYSA-N
SP_000186,ADCKHLSRWCXEIY-GGAPOBRUSA-N
SP_000186,ADHKIZQYPQGIRC-ACSKKKSPSA-N
SP_000186,ADHKIZQYPQGIRC-SOZVHHJESA-N
SP_000186,ADHNTNYEJYJUCU-ZSJFXSENSA-N
SP_000186,ADKNUXINKGBJMY-LDLOPFEMSA-N
SP_000186,ADMGMAPZAQUXIR-VRHMUEQPSA-N
SP_000186,ADNSYCXWAHUWTA-SYOMJGEJSA-N
SP_000186,ADSGHWJRPOXXTD-IHWYPQMZSA-M
SP_000186,ADYPMBBPSUQKED-VOLCNUBSSA-N
SP_000186,ADZPFIMEBZGRHB-ILJAMNOWSA-N
SP_000186,AEFNZGGBWOQYID-UHFFFAOYSA-N
SP_000186,AEIJGHDRIPTRQY-UBTAJKBJSA-N
SP_000186,AELFRHHZGTVYGJ-QMMMGPOBSA-N
SP_000186,AEMFNILZOJDQLW-QAGGRKNESA-N
SP_000186,AERBNCYCJBRYDG-UHFFFAOYSA-N
SP_000186,AESBAQNLQIQXNK-BMFSGJJHSA-N
SP_000186,AETXDQTWHNBCRO-QLKFWGTOSA-N
SP_000186,AEWHYWSPVRZHCT-NDZSKPAWSA-N
SP_000186,AEWHYWSPVRZHCT-UHFFFAOYSA-J
SP_000186,AEXNGRVFOMIYOW-ICFOKQHNSA-N
SP_000186,AFFQVAIMWFYJJS-DTHFMEMVSA-N
SP_000187,AABKSFWWBUPVNY-NVCPWDGJSA-N
SP_000187,AAFBEFOSCLMOTF-KXBCQOCRSA-N
SP_000187,AAFBEFOSCLMOTF-RRPFJGJLSA-N
SP_000187,AANMVENRNJYEMK-UHFFFAOYSA-N
SP_000187,AANZTOSGIRNZNM-LNOKNGNPSA-N
SP_000187,AAPGXBRKBIUCMQ-GWHBCOKCSA-N
SP_000187,AAWNBEJOCRYVJE-QNGWXLTQSA-N
SP_000187,AAWZDTNXLSGCEK-UHFFFAOYSA-M
SP_000187,AAXMCYUUKFLUMJ-JSFHAIONSA-N
SP_000187,AAXMCYUUKFLUMJ-TWDRBPDCSA-N
SP_000187,AAXYAFFKOSNMEB-MHARETSRSA-N
SP_000187,AAZOMBJKSJQDHJ-ZBRBWIFHSA-N
SP_000187,AAZZVFONLHYNDZ-NVQRUNIKSA-J
SP_000187,ABBYYPGQJRBTGA-NESBLOORSA-N
SP_000187,ABCOOORLYAOBOZ-KQYNXXCUSA-N
SP_000187,ABFJWRKPWCFTQP-JKFVOKSPSA-N
SP_000187,ABFJWRKPWCFTQP-XSMLMOGHSA-N
SP_000187,ABIKEVIWOJTKQS-AARKOHAPSA-N
SP_000187,ABLZXFCXXLZCGV-UHFFFAOYSA-L
SP_000187,ABRHOUKZOUNSSK-FVEAQGRNSA-N
SP_000187,ABUKPIBHMMLQDI-RCOVLANCSA-N
SP_000187,ACGLCDJEASKGDO-JSYPMYMJSA-N
SP_000187,ACIVVGBVOVHFPQ-RPDRRWSUSA-N
SP_000187,ACLPCAOOWJUVLL-DZKYTWFZSA-N
SP_000187,ACLQSYLJAZRTAP-XAFBQJBNSA-N
SP_000187,ACSIRQPNAYTBRW-VZUYHUTRSA-N
SP_000187,ACTHNCRNFFCCAQ-PLKVWTDNSA-N
SP_000187,ACTHNCRNFFCCAQ-YNQDZHFMSA-N
SP_000187,ACZVSMNFVFBOTM-UHFFFAOYSA-N
SP_000187,ADCKHLSRWCXEIY-GGAPOBRUSA-N
SP_000187,ADHKIZQYPQGIRC-ACSKKKSPSA-N
SP_000187,ADHKIZQYPQGIRC-SOZVHHJESA-N
SP_000187,ADHNTNYEJYJUCU-ZSJFXSENSA-N
SP_000187,ADKNUXINKGBJMY-LDLOPFEMSA-N
SP_000187,ADMGMAPZAQUXIR-VRHMUEQPSA-N
SP_000187,ADNSYCXWAHUWTA-SYOMJGEJSA-N
SP_000187,ADSGHWJRPOXXTD-IHWYPQMZSA-M
SP_000187,ADYPMBBPSUQKED-VOLCNUBSSA-N
SP_000187,ADZPFIMEBZGRHB-ILJAMNOWSA-N
SP_000187,AEFNZGGBWOQYID-UHFFFAOYSA-N
SP_000187,AEIJGHDRIPTRQY-UBTAJKBJSA-N
SP_000187,AELFRHHZGTVYGJ-QMMMGPOBSA-N
SP_000187,AEMFNILZOJDQLW-QAGGRKNESA-N
SP_000187,AERBNCYCJBRYDG-UHFFFAOYSA-N
SP_000187,AESBAQNLQIQXNK-BMFSGJJHSA-N
SP_000187,AETXDQTWHNBCRO-QLKFWGTOSA-N
SP_000187,AEWHYWSPVRZHCT-NDZSKPAWSA-N
SP_000187,AEWHYWSPVRZHCT-UHFFFAOYSA-J
SP_000187,AEXNGRVFOMIYOW-ICFOKQHNSA-N
SP_000187,AFFQVAIMWFYJJS-DTHFMEMVSA-N
SP_000188,AABKSFWWBUPVNY-NVCPWDGJSA-N
SP_000188,AAFBEFOSCLMOTF-KXBCQOCRSA-N
SP_000188,AAFBEFOSCLMOTF-RRPFJGJLSA-N
SP_000188,AANMVENRNJYEMK-UHFFFAOYSA-N
SP_000188,AANZTOSGIRNZNM-LNOKNGNPSA-N
SP_000188,AAPGXBRKBIUCMQ-GWHBCOKCSA-N
SP_000188,AAWNBEJOCRYVJE-QNGWXLTQSA-N
SP_000188,AAWZDTNXLSGCEK-UHFFFAOYSA-M
SP_000188,AAXMCYUUKFLUMJ-JSFHAIONSA-N
SP_000188,AAXMCYUUKFLUMJ-TWDRBPDCSA-N
SP_000188,AAXYAFFKOSNMEB-MHARETSRSA-N
SP_000188,AAZOMBJKSJQDHJ-ZBRBWIFHSA-N
SP_000188,AAZZVFONLHYNDZ-NVQRUNIKSA-J
SP_000188,ABBYYPGQJRBTGA-NESBLOORSA-N
SP_000188,ABCOOORLYAOBOZ-KQYNXXCUSA-N
SP_000188,ABFJWRKPWCFTQP-JKFVOKSPSA-N
SP_000188,ABFJWRKPWCFTQP-XSMLMOGHSA-N
SP_000188,ABIKEVIWOJTKQS-AARKOHAPSA-N
SP_000188,ABLZXFCXXLZCGV-UHFFFAOYSA-L
SP_000188,ABRHOUKZOUNSSK-FVEAQGRNSA-N
SP_000188,ABUKPIBHMMLQDI-RCOVLANCSA-N
SP_000188,ACGLCDJEASKGDO-JSYPMYMJSA-N
SP_000188,ACIVVGBVOVHFPQ-RPDRRWSUSA-N
SP_000188,ACLPCAOOWJUVLL-DZKYTWFZSA-N
SP_000188,ACLQSYLJAZRTAP-XAFBQJBNSA-N
SP_000188,ACSIRQPNAYTBRW-VZUYHUTRSA-N
SP_000188,ACTHNCRNFFCCAQ-PLKVWTDNSA-N
SP_000188,ACTHNCRNFFCCAQ-YNQDZHFMSA-N
SP_000188,ACZVSMNFVFBOTM-UHFFFAOYSA-N
SP_000188,ADCKHLSRWCXEIY-GGAPOBRUSA-N
SP_000188,ADHKIZQYPQGIRC-ACSKKKSPSA-N
SP_000188,ADHKIZQYPQGIRC-SOZVHHJESA-N
SP_000188,ADHNTNYEJYJUCU-ZSJFXSENSA-N
SP_000188,ADKNUXINKGBJMY-LDLOPFEMSA-N
SP_000188,ADMGMAPZAQUXIR-VRHMUEQPSA-N
SP_000188,ADNSYCXWAHUWTA-SYOMJGEJSA-N
SP_000188,ADSGHWJRPOXXTD-IHWYPQMZSA-M
SP_000188,ADYPMBBPSUQKED-VOLCNUBSSA-N
SP_000188,ADZPFIMEBZGRHB-ILJAMNOWSA-N
SP_000188,AEFNZGGBWOQYID-UHFFFAOYSA-N
SP_000188,AEIJGHDRIPTRQY-UBTAJKBJSA-N
SP_000188,AELFRHHZGTVYGJ-QMMMGPOBSA-N
SP_000188,AEMFNILZOJDQLW-QAGGRKNESA-N
SP_000188,AERBNCYCJBRYDG-UHFFFAOYSA-N
SP_000188,AESBAQNLQIQXNK-BMFSGJJHSA-N
SP_000188,AETXDQTWHNBCRO-QLKFWGTOSA-N
SP_000188,AEWHYWSPVRZHCT-NDZSKPAWSA-N
SP_000188,AEWHYWSPVRZHCT-UHFFFAOYSA-J
SP_000188,AEXNGRVFOMIYOW-ICFOKQHNSA-N
SP_000188,AFFQVAIMWFYJJS-DTHFMEMVSA-N
SP_000189,AAARRLVSWMMLIL-JFDCHTIYSA-N
SP_000189,AAAULIDICJVAGC-XUJQSNPTSA-N
SP_000189,AAAUQAJYMBAEDN-SDYYSCIWSA-N
SP_000189,AAAYFFAGXKLUDV-XSMLMOGHSA-N
SP_000189,AABKSFWWBUPVNY-NVCPWDGJSA-N
SP_000189,AABORWYRSOFPIQ-RIVVNBGWSA-N
SP_000189,AACGGBKJSIMRBR-BWSSJUFOSA-N
SP_000189,AACZXYOSBJYYOH-XBNQVYLISA-N
SP_000189,AAEDIKNVLNRFNP-VERBRUMSSA-N
SP_000189,AAEDVOLFYYONLY-WBCKFURZSA-N
SP_000189,AAEGDCWJLSBMKO-QRXDBQBNSA-N
SP_000189,AAEKPOOCHGGGKT-NLXJDERGSA-N
SP_000189,AAEVYOVXGOFMJO-UHFFFAOYSA-N
SP_000189,AAFPBUWBKCMUOC-AZZQUJCXSA-N
SP_000189,AAGIXMREDGMXGU-ASISNPDYSA-N
SP_000189,AAGKNIVYCBWMIR-HKNFJBDMSA-N
SP_000189,AAHQMLDWRXUNIA-HZTDGBLZSA-N
SP_000189,AAISSOQIFFPNFZ-AXAMJWTMSA-N
SP_000189,AAJCSPWAQIOZOP-HUESYALOSA-N
SP_000189,AAKHKGPJPZLUOV-ZGNZLWFWSA-N
SP_000189,AAMZNUSIHHMEQD-ZUFHXVCQSA-N
SP_000189,AANCKINPVVQDGX-OSUITXOZSA-N
SP_000189,AANHDBNUIKYXLN-OKUWMSBNSA-N
SP_000189,AANZTOSGIRNZNM-LNOKNGNPSA-N
SP_000189,AAOSLICMXQEMBQ-IONAWPRUSA-N
SP_000189,AAOXKTNPFBHMFQ-KZBYCKEYSA-N
SP_000189,AAQXAMYHTKLRRO-GRSNDSDLSA-N
SP_000189,AASMSXXODHOKTE-AKAJXFOGSA-N
SP_000189,AASMSXXODHOKTE-WDLSKMLESA-N
SP_000189,AAVFZGNNVBUUJP-DTSDQNDWSA-N
SP_000189,AAVFZGNNVBUUJP-IONAWPRUSA-N
SP_000189,AAVJUUZQHFIDSS-CQQUKVLBSA-N
SP_000189,AAVMVTWYUGHZHX-OALPUDEUSA-N
SP_000189,AAVMVTWYUGHZHX-YWIOZPJLSA-N
SP_000189,AAVNDRKAKFAYFN-FPQJXDIVSA-N
SP_000189,AAVNDRKAKFAYFN-MBLVYYNZSA-N
SP_000189,AAWSPHNKTFCCQE-GRSBDEQXSA-N
SP_000189,AAWYHGQYLUEDBG-MPLRIKRWSA-N
SP_000189,AAXMCYUUKFLUMJ-JSFHAIONSA-N
SP_000189,AAXWISAHYJUCTG-MPLRIKRWSA-N
SP_000189,AAXWISAHYJUCTG-OIVUAWODSA-N
SP_000189,AAYJVNROXHMWJF-OKIOPPKUSA-N
SP_000189,AAYLLNKLDFMSRD-HLIHSNNZSA-N
SP_000189,AAZDQNFGXLHGPJ-AUPLRJEGSA-N
SP_000189,AAZDQNFGXLHGPJ-PFUDJBDGSA-N
SP_000189,AAZLBQIWPSJHIZ-XGUPTXRGSA-N
SP_000189,AAZOMBJKSJQDHJ-ZBRBWIFHSA-N
SP_000189,AAZXFALIBYEKBE-UHFFFAOYSA-N
SP_000189,ABAPCGOEPWAJOW-KHLWFPLBSA-N
SP_000189,ABBYYPGQJRBTGA-NESBLOORSA-N
SP_000190,AABKSFWWBUPVNY-NVCPWDGJSA-N
SP_000190,AAFBEFOSCLMOTF-KXBCQOCRSA-N
SP_000190,AAFBEFOSCLMOTF-RRPFJGJLSA-N
SP_000190,AANMVENRNJYEMK-UHFFFAOYSA-N
SP_000190,AANZTOSGIRNZNM-LNOKNGNPSA-N
SP_000190,AAPGXBRKBIUCMQ-GWHBCOKCSA-N
SP_000190,AAWNBEJOCRYVJE-QNGWXLTQSA-N
SP_000190,AAWZDTNXLSGCEK-UHFFFAOYSA-M
SP_000190,AAXMCYUUKFLUMJ-JSFHAIONSA-N
SP_000190,AAXMCYUUKFLUMJ-TWDRBPDCSA-N
SP_000190,AAXYAFFKOSNMEB-MHARETSRSA-N
SP_000190,AAZOMBJKSJQDHJ-ZBRBWIFHSA-N
SP_000190,AAZZVFONLHYNDZ-NVQRUNIKSA-J
SP_000190,ABBYYPGQJRBTGA-NESBLOORSA-N
SP_000190,ABCOOORLYAOBOZ-KQYNXXCUSA-N
SP_000190,ABFJWRKPWCFTQP-JKFVOKSPSA-N
SP_000190,ABFJWRKPWCFTQP-XSMLMOGHSA-N
SP_000190,ABIKEVIWOJTKQS-AARKOHAPSA-N
SP_000190,ABLZXFCXXLZCGV-UHFFFAOYSA-L
SP_000190,ABRHOUKZOUNSSK-FVEAQGRNSA-N
SP_000190,ABUKPIBHMMLQDI-RCOVLANCSA-N
SP_000190,ACGLCDJEASKGDO-JSYPMYMJSA-N
SP_000190,ACIVVGBVOVHFPQ-RPDRRWSUSA-N
SP_000190,ACLPCAOOWJUVLL-DZKYTWFZSA-N
SP_000190,ACLQSYLJAZRTAP-XAFBQJBNSA-N
SP_000190,ACSIRQPNAYTBRW-VZUYHUTRSA-N
SP_000190,ACTHNCRNFFCCAQ-PLKVWTDNSA-N
SP_000190,ACTHNCRNFFCCAQ-YNQDZHFMSA-N
SP_000190,ACZVSMNFVFBOTM-UHFFFAOYSA-N
SP_000190,ADCKHLSRWCXEIY-GGAPOBRUSA-N
SP_000190,ADHKIZQYPQGIRC-ACSKKKSPSA-N
SP_000190,ADHKIZQYPQGIRC-SOZVHHJESA-N
SP_000190,ADHNTNYEJYJUCU-ZSJFXSENSA-N
SP_000190,ADKNUXINKGBJMY-LDLOPFEMSA-N
SP_000190,ADMGMAPZAQUXIR-VRHMUEQPSA-N
SP_000190,ADNSYCXWAHUWTA-SYOMJGEJSA-N
SP_000190,ADSGHWJRPOXXTD-IHWYPQMZSA-M
SP_000190,ADYPMBBPSUQKED-VOLCNUBSSA-N
SP_000190,ADZPFIMEBZGRHB-ILJAMNOWSA-N
SP_000190,AEFNZGGBWOQYID-UHFFFAOYSA-N
SP_000190,AEIJGHDRIPTRQY-UBTAJKBJSA-N
SP_000190,AELFRHHZGTVYGJ-QMMMGPOBSA-N
SP_000190,AEMFNILZOJDQLW-QAGGRKNESA-N
SP_000190,AERBNCYCJBRYDG-UHFFFAOYSA-N
SP_000190,AESBAQNLQIQXNK-BMFSGJJHSA-N
SP_000190,AETXDQTWHNBCRO-QLKFWGTOSA-N
SP_000190,AEWHYWSPVRZHCT-NDZSKPAWSA-N
SP_000190,AEWHYWSPVRZHCT-UHFFFAOYSA-J
SP_000190,AEXNGRVFOMIYOW-ICFOKQHNSA-N
SP_000190,AFFQVAIMWFYJJS-DTHFMEMVSA-N
SP_000191,AABKSFWWBUPVNY-NVCPWDGJSA-N
SP_000191,AAFBEFOSCLMOTF-KXBCQOCRSA-N
SP_000191,AAFBEFOSCLMOTF-RRPFJGJLSA-N
SP_000191,AANMVENRNJYEMK-UHFFFAOYSA-N
SP_000191,AANZTOSGIRNZNM-LNOKNGNPSA-N
SP_000191,AAPGXBRKBIUCMQ-GWHBCOKCSA-N
SP_000191,AAWNBEJOCRYVJE-QNGWXLTQSA-N
SP_000191,AAWZDTNXLSGCEK-UHFFFAOYSA-M
SP_000191,AAXMCYUUKFLUMJ-JSFHAIONSA-N
SP_000191,AAXMCYUUKFLUMJ-TWDRBPDCSA-N
SP_000191,AAXYAFFKOSNMEB-MHARETSRSA-N
SP_000191,AAZOMBJKSJQDHJ-ZBRBWIFHSA-N
SP_000191,AAZZVFONLHYNDZ-NVQRUNIKSA-J
SP_000191,ABBYYPGQJRBTGA-NESBLOORSA-N
SP_000191,ABCOOORLYAOBOZ-KQYNXXCUSA-N
SP_000191,ABFJWRKPWCFTQP-JKFVOKSPSA-N
SP_000191,ABFJWRKPWCFTQP-XSMLMOGHSA-N
SP_000191,ABIKEVIWOJTKQS-AARKOHAPSA-N
SP_000191,ABLZXFCXXLZCGV-UHFFFAOYSA-L
SP_000191,ABRHOUKZOUNSSK-FVEAQGRNSA-N
SP_000191,ABUKPIBHMMLQDI-RCOVLANCSA-N
SP_000191,ACGLCDJEASKGDO-JSYPMYMJSA-N
SP_000191,ACIVVGBVOVHFPQ-RPDRRWSUSA-N
SP_000191,ACLPCAOOWJUVLL-DZKYTWFZSA-N
SP_000191,ACLQSYLJAZRTAP-XAFBQJBNSA-N
SP_000191,ACSIRQPNAYTBRW-VZUYHUTRSA-N
SP_000191,ACTHNCRNFFCCAQ-PLKVWTDNSA-N
SP_000191,ACTHNCRNFFCCAQ-YNQDZHFMSA-N
SP_000191,ACZVSMNFVFBOTM-UHFFFAOYSA-N
SP_000191,ADCKHLSRWCXEIY-GGAPOBRUSA-N
SP_000191,ADHKIZQYPQGIRC-ACSKKKSPSA-N
SP_000191,ADHKIZQYPQGIRC-SOZVHHJESA-N
SP_000191,ADHNTNYEJYJUCU-ZSJFXSENSA-N
SP_000191,ADKNUXINKGBJMY-LDLOPFEMSA-N
SP_000191,ADMGMAPZAQUXIR-VRHMUEQPSA-N
SP_000191,ADNSYCXWAHUWTA-SYOMJGEJSA-N
SP_000191,ADSGHWJRPOXXTD-IHWYPQMZSA-M
SP_000191,ADYPMBBPSUQKED-VOLCNUBSSA-N
SP_000191,ADZPFIMEBZGRHB-ILJAMNOWSA-N
SP_000191,AEFNZGGBWOQYID-UHFFFAOYSA-N
SP_000191,AEIJGHDRIPTRQY-UBTAJKBJSA-N
SP_000191,AELFRHHZGTVYGJ-QMMMGPOBSA-N
SP_000191,AEMFNILZOJDQLW-QAGGRKNESA-N
SP_000191,AERBNCYCJBRYDG-UHFFFAOYSA-N
SP_000191,AESBAQNLQIQXNK-BMFSGJJHSA-N
SP_000191,AETXDQTWHNBCRO-QLKFWGTOSA-N
SP_000191,AEWHYWSPVRZHCT-NDZSKPAWSA-N
SP_000191,AEWHYWSPVRZHCT-UHFFFAOYSA-J
SP_000191,AEXNGRVFOMIYOW-ICFOKQHNSA-N
SP_000191,AFFQVAIMWFYJJS-DTHFMEMVSA-N
SP_000192,AABKSFWWBUPVNY-NVCPWDGJSA-N
SP_000192,AAFBEFOSCLMOTF-KXBCQOCRSA-N
SP_000192,AAFBEFOSCLMOTF-RRPFJGJLSA-N
SP_000192,AANMVENRNJYEMK-UHFFFAOYSA-N
SP_000192,AANZTOSGIRNZNM-LNOKNGNPSA-N
SP_000192,AAPGXBRKBIUCMQ-GWHBCOKCSA-N
SP_000192,AAWNBEJOCRYVJE-QNGWXLTQSA-N
SP_000192,AAWZDTNXLSGCEK-UHFFFAOYSA-M
SP_000192,AAWZDTNXLSGCEK-UHFFFAOYSA-N
SP_000192,AAXMCYUUKFLUMJ-JSFHAIONSA-N
SP_000192,AAXMCYUUKFLUMJ-TWDRBPDCSA-N
SP_000192,AAXYAFFKOSNMEB-MHARETSRSA-N
SP_000192,AAZOMBJKSJQDHJ-ZBRBWIFHSA-N
SP_000192,AAZZVFONLHYNDZ-NVQRUNIKSA-J
SP_000192,ABBYYPGQJRBTGA-NESBLOORSA-N
SP_000192,ABCOOORLYAOBOZ-KQYNXXCUSA-N
SP_000192,ABFJWRKPWCFTQP-JKFVOKSPSA-N
SP_000192,ABFJWRKPWCFTQP-XSMLMOGHSA-N
SP_000192,ABIKEVIWOJTKQS-AARKOHAPSA-N
SP_000192,ABLZXFCXXLZCGV-UHFFFAOYSA-L
SP_000192,ABRHOUKZOUNSSK-FVEAQGRNSA-N
SP_000192,ABUKPIBHMMLQDI-RCOVLANCSA-N
SP_000192,ACGLCDJEASKGDO-JSYPMYMJSA-N
SP_000192,ACIVVGBVOVHFPQ-RPDRRWSUSA-N
SP_000192,ACLPCAOOWJUVLL-DZKYTWFZSA-N
SP_000192,ACLQSYLJAZRTAP-XAFBQJBNSA-N
SP_000192,ACSIRQPNAYTBRW-VZUYHUTRSA-N
SP_000192,ACTHNCRNFFCCAQ-PLKVWTDNSA-N
SP_000192,ACTHNCRNFFCCAQ-YNQDZHFMSA-N
SP_000192,ACZVSMNFVFBOTM-UHFFFAOYSA-N
SP_000192,ADCKHLSRWCXEIY-GGAPOBRUSA-N
SP_000192,ADHKIZQYPQGIRC-ACSKKKSPSA-N
SP_000192,ADHKIZQYPQGIRC-SOZVHHJESA-N
SP_000192,ADHNTNYEJYJUCU-ZSJFXSENSA-N
SP_000192,ADKNUXINKGBJMY-LDLOPFEMSA-N
SP_000192,ADMGMAPZAQUXIR-VRHMUEQPSA-N
SP_000192,ADNSYCXWAHUWTA-SYOMJGEJSA-N
SP_000192,ADSGHWJRPOXXTD-IHWYPQMZSA-M
SP_000192,ADYPMBBPSUQKED-VOLCNUBSSA-N
SP_000192,ADZPFIMEBZGRHB-ILJAMNOWSA-N
SP_000192,AEFNZGGBWOQYID-UHFFFAOYSA-N
SP_000192,AEIJGHDRIPTRQY-UBTAJKBJSA-N
SP_000192,AELFRHHZGTVYGJ-QMMMGPOBSA-N
SP_000192,AEMFNILZOJDQLW-QAGGRKNESA-N
SP_000192,AERBNCYCJBRYDG-UHFFFAOYSA-N
SP_000192,AESBAQNLQIQXNK-BMFSGJJHSA-N
SP_000192,AETXDQTWHNBCRO-QLKFWGTOSA-N
SP_000192,AEWHYWSPVRZHCT-NDZSKPAWSA-N
SP_000192,AEWHYWSPVRZHCT-UHFFFAOYSA-J
SP_000192,AEXNGRVFOMIYOW-ICFOKQHNSA-N
SP_000193,ADHNTNYEJYJUCU-ZSJFXSENSA-N
SP_000193,BATOPAZDIZEVQF-IAROGAJJSA-N
SP_000193,BHPQYMZQTOCNFJ-UHFFFAOYSA-N
SP_000193,CIWBSHSKHKDKBQ-JLAZNSOCSA-N
SP_000193,CZMRCDWAGMRECN-UGDNZRGBSA-N
SP_000193,CZXLHIZQQUJTND-UHFFFAOYSA-N
SP_000193,DHMQDGOQFOQNFH-UHFFFAOYSA-N
SP_000193,DJLTZJGULPLVOA-UHFFFAOYSA-N
SP_000193,DKHGMERMDICWDU-GHDNBGIDSA-N
SP_000193,DOTJYWQAPHIAIF-UHFFFAOYSA-N
SP_000193,DQGMPXYVZZCNDQ-KBPWROHVSA-N
SP_000193,FCGOBISRCUOUQH-UHFFFAOYSA-N
SP_000193,GDBJCCBRRCYCEG-UHFFFAOYSA-N
SP_000193,GUBGYTABKSRVRQ-PICCSMPSSA-N
SP_000193,GUBGYTABKSRVRQ-QKKXKWKRSA-N
SP_000193,GVJHHUAWPYXKBD-IEOSBIPESA-N
SP_000193,GZIFEOYASATJEH-UHFFFAOYSA-N
SP_000193,HKSDVVJONLXYKL-ZFILXNNPSA-N
SP_000193,HUTCYUJPLOTDMX-KEBDBYFISA-N
SP_000193,HYCLWDHZALFLJV-UHFFFAOYSA-N
SP_000193,IIACRCGMVDHOTQ-UHFFFAOYSA-N
SP_000193,IMKHDCBNRDRUEB-UHFFFAOYSA-N
SP_000193,JEKGHHPMLRLCIW-VBVMRKNNSA-N
SP_000193,JGHZJRVDZXSNKQ-UHFFFAOYSA-N
SP_000193,JIWBIWFOSCKQMA-DFARDDQGSA-N
SP_000193,JLQNHALFVCURHW-UHFFFAOYSA-N
SP_000193,JZRWCGZRTZMZEH-UHFFFAOYSA-N
SP_000193,JZVFJDZBLUFKCA-CMDGGOBGSA-N
SP_000193,KBEBGUQPQBELIU-HJWRWDBZSA-N
SP_000193,KDXKERNSBIXSRK-YFKPBYRVSA-N
SP_000193,KEAYESYHFKHZAL-UHFFFAOYSA-N
SP_000193,KJDZDTDNIULJBE-VAWYXSNFSA-N
SP_000193,KQMVAGISDHMXJJ-UHFFFAOYSA-N
SP_000193,LFQSCWFLJHTTHZ-UHFFFAOYSA-N
SP_000193,LLCYNDRFWDIIQS-WQLSENKSSA-N
SP_000193,LOIYMIARKYCTBW-UPHRSURJSA-N
SP_000193,LXNHXLLTXMVWPM-UHFFFAOYSA-N
SP_000193,NPYPAHLBTDXSSS-UHFFFAOYSA-N
SP_000193,OBVNUYXMOLOYPW-UHFFFAOYSA-N
SP_000193,ODKSFYDXXFIFQN-BYPYZUCNSA-N
SP_000193,OEYIOHPDSNJKLS-UHFFFAOYSA-N
SP_000193,ONIBWKKTOPOVIA-BYPYZUCNSA-N
SP_000193,ONYHYSLZNLJFHX-MDAAKZFYSA-N
SP_000193,OUMMPAFEQHTYIZ-UHFFFAOYSA-N
SP_000193,OUYCCCASQSFEME-UHFFFAOYSA-N
SP_000193,OVBPIULPVIDEAO-LBPRGKRZSA-N
SP_000193,PCBSXBYCASFXTM-UHFFFAOYSA-N
SP_000193,PGMBAYKBYBXNNR-UHFFFAOYSA-N
SP_000193,POWISKNFFRUCCW-UHFFFAOYSA-N
SP_000193,PVNIIMVLHYAWGP-UHFFFAOYSA-N
SP_000194,ADHNTNYEJYJUCU-ZSJFXSENSA-N
SP_000194,BATOPAZDIZEVQF-IAROGAJJSA-N
SP_000194,BHPQYMZQTOCNFJ-UHFFFAOYSA-N
SP_000194,CIWBSHSKHKDKBQ-JLAZNSOCSA-N
SP_000194,CZXLHIZQQUJTND-UHFFFAOYSA-N
SP_000194,DHMQDGOQFOQNFH-UHFFFAOYSA-N
SP_000194,DJLTZJGULPLVOA-UHFFFAOYSA-N
SP_000194,FCGOBISRCUOUQH-UHFFFAOYSA-N
SP_000194,GDBJCCBRRCYCEG-UHFFFAOYSA-N
SP_000194,IIACRCGMVDHOTQ-UHFFFAOYSA-N
SP_000194,JIWBIWFOSCKQMA-DFARDDQGSA-N
SP_000194,JLQNHALFVCURHW-UHFFFAOYSA-N
SP_000194,JZRWCGZRTZMZEH-UHFFFAOYSA-N
SP_000194,KBEBGUQPQBELIU-HJWRWDBZSA-N
SP_000194,KDXKERNSBIXSRK-YFKPBYRVSA-N
SP_000194,KEAYESYHFKHZAL-UHFFFAOYSA-N
SP_000194,KJDZDTDNIULJBE-VAWYXSNFSA-N
SP_000194,KQMVAGISDHMXJJ-UHFFFAOYSA-N
SP_000194,LLCYNDRFWDIIQS-WQLSENKSSA-N
SP_000194,LXNHXLLTXMVWPM-UHFFFAOYSA-N
SP_000194,NPYPAHLBTDXSSS-UHFFFAOYSA-N
SP_000194,ODKSFYDXXFIFQN-BYPYZUCNSA-N
SP_000194,ONIBWKKTOPOVIA-BYPYZUCNSA-N
SP_000194,OUYCCCASQSFEME-UHFFFAOYSA-N
SP_000194,OVBPIULPVIDEAO-LBPRGKRZSA-N
SP_000194,PCBSXBYCASFXTM-UHFFFAOYSA-N
SP_000194,PGMBAYKBYBXNNR-UHFFFAOYSA-N
SP_000194,POWISKNFFRUCCW-UHFFFAOYSA-N
SP_000194,PVNIIMVLHYAWGP-UHFFFAOYSA-N
SP_000194,QIVBCDIJIAJPQS-VIFPVBQESA-N
SP_000194,QNAYBMKLOCPYGJ-REOHCLBHSA-N
SP_000194,ROHFNLRQFUQHCH-UHFFFAOYSA-N
SP_000194,VYFYYTLLBUKUHU-UHFFFAOYSA-N
SP_000194,VYGQUTWHTHXGQB-UMNZIDCRSA-N
SP_000194,WEDGVCZUPFZNDE-UHFFFAOYSA-N
SP_000194,WZVWUSABZGIQJZ-UHFFFAOYSA-N
SP_000194,XWVDCVZOOVTJKF-RIYZIHGNSA-N
SP_000194,YHWNASRGLKJRJJ-UHFFFAOYSA-N
SP_000194,ZAKOWWREFLAJOT-UHFFFAOYSA-N
SP_000194,ZVKXPPXCNUMUOR-REWZIMNXSA-N
SP_000195,AABKSFWWBUPVNY-NVCPWDGJSA-N
SP_000195,AAFBEFOSCLMOTF-KXBCQOCRSA-N
SP_000195,AAFBEFOSCLMOTF-RRPFJGJLSA-N
SP_000195,AANMVENRNJYEMK-UHFFFAOYSA-N
SP_000195,AANZTOSGIRNZNM-LNOKNGNPSA-N
SP_000195,AAPGXBRKBIUCMQ-GWHBCOKCSA-N
SP_000195,AAWNBEJOCRYVJE-QNGWXLTQSA-N
SP_000195,AAWZDTNXLSGCEK-UHFFFAOYSA-M
SP_000195,AAXMCYUUKFLUMJ-JSFHAIONSA-N
SP_000195,AAXMCYUUKFLUMJ-TWDRBPDCSA-N
SP_000195,AAXYAFFKOSNMEB-MHARETSRSA-N
SP_000195,AAZOMBJKSJQDHJ-ZBRBWIFHSA-N
SP_000195,AAZZVFONLHYNDZ-NVQRUNIKSA-J
SP_000195,ABBYYPGQJRBTGA-NESBLOORSA-N
SP_000195,ABCOOORLYAOBOZ-KQYNXXCUSA-N
SP_000195,ABFJWRKPWCFTQP-JKFVOKSPSA-N
SP_000195,ABFJWRKPWCFTQP-XSMLMOGHSA-N
SP_000195,ABIKEVIWOJTKQS-AARKOHAPSA-N
SP_000195,ABLZXFCXXLZCGV-UHFFFAOYSA-L
SP_000195,ABRHOUKZOUNSSK-FVEAQGRNSA-N
SP_000195,ABUKPIBHMMLQDI-RCOVLANCSA-N
SP_000195,ACGLCDJEASKGDO-JSYPMYMJSA-N
SP_000195,ACIVVGBVOVHFPQ-RPDRRWSUSA-N
SP_000195,ACLPCAOOWJUVLL-DZKYTWFZSA-N
SP_000195,ACLQSYLJAZRTAP-XAFBQJBNSA-N
SP_000195,ACSIRQPNAYTBRW-VZUYHUTRSA-N
SP_000195,ACTHNCRNFFCCAQ-PLKVWTDNSA-N
SP_000195,ACTHNCRNFFCCAQ-YNQDZHFMSA-N
SP_000195,ACZVSMNFVFBOTM-UHFFFAOYSA-N
SP_000195,ADCKHLSRWCXEIY-GGAPOBRUSA-N
SP_000195,ADHKIZQYPQGIRC-ACSKKKSPSA-N
SP_000195,ADHKIZQYPQGIRC-SOZVHHJESA-N
SP_000195,ADHNTNYEJYJUCU-ZSJFXSENSA-N
SP_000195,ADKNUXINKGBJMY-LDLOPFEMSA-N
SP_000195,ADMGMAPZAQUXIR-VRHMUEQPSA-N
SP_000195,ADNSYCXWAHUWTA-SYOMJGEJSA-N
SP_000195,ADSGHWJRPOXXTD-IHWYPQMZSA-M
SP_000195,ADYPMBBPSUQKED-VOLCNUBSSA-N
SP_000195,ADZPFIMEBZGRHB-ILJAMNOWSA-N
SP_000195,AEFNZGGBWOQYID-UHFFFAOYSA-N
SP_000195,AEIJGHDRIPTRQY-UBTAJKBJSA-N
SP_000195,AELFRHHZGTVYGJ-QMMMGPOBSA-N
SP_000195,AEMFNILZOJDQLW-QAGGRKNESA-N
SP_000195,AERBNCYCJBRYDG-UHFFFAOYSA-N
SP_000195,AESBAQNLQIQXNK-BMFSGJJHSA-N
SP_000195,AETXDQTWHNBCRO-QLKFWGTOSA-N
SP_000195,AEWHYWSPVRZHCT-NDZSKPAWSA-N
SP_000195,AEWHYWSPVRZHCT-UHFFFAOYSA-J
SP_000195,AEXNGRVFOMIYOW-ICFOKQHNSA-N
SP_000195,AFFQVAIMWFYJJS-DTHFMEMVSA-N
SP_000196,AABKSFWWBUPVNY-NVCPWDGJSA-N
SP_000196,AAFBEFOSCLMOTF-KXBCQOCRSA-N
SP_000196,AAFBEFOSCLMOTF-RRPFJGJLSA-N
SP_000196,AANMVENRNJYEMK-UHFFFAOYSA-N
SP_000196,AANZTOSGIRNZNM-LNOKNGNPSA-N
SP_000196,AAPGXBRKBIUCMQ-GWHBCOKCSA-N
SP_000196,AAWNBEJOCRYVJE-QNGWXLTQSA-N
SP_000196,AAWZDTNXLSGCEK-UHFFFAOYSA-M
SP_000196,AAXMCYUUKFLUMJ-JSFHAIONSA-N
SP_000196,AAXMCYUUKFLUMJ-TWDRBPDCSA-N
SP_000196,AAXYAFFKOSNMEB-MHARETSRSA-N
SP_000196,AAZOMBJKSJQDHJ-ZBRBWIFHSA-N
SP_000196,AAZZVFONLHYNDZ-NVQRUNIKSA-J
SP_000196,ABBYYPGQJRBTGA-NESBLOORSA-N
SP_000196,ABCOOORLYAOBOZ-KQYNXXCUSA-N
SP_000196,ABFJWRKPWCFTQP-JKFVOKSPSA-N
SP_000196,ABFJWRKPWCFTQP-XSMLMOGHSA-N
SP_000196,ABIKEVIWOJTKQS-AARKOHAPSA-N
SP_000196,ABLZXFCXXLZCGV-UHFFFAOYSA-L
SP_000196,ABRHOUKZOUNSSK-FVEAQGRNSA-N
SP_000196,ABUKPIBHMMLQDI-RCOVLANCSA-N
SP_000196,ACGLCDJEASKGDO-JSYPMYMJSA-N
SP_000196,ACIVVGBVOVHFPQ-RPDRRWSUSA-N
SP_000196,ACLPCAOOWJUVLL-DZKYTWFZSA-N
SP_000196,ACLQSYLJAZRTAP-XAFBQJBNSA-N
SP_000196,ACSIRQPNAYTBRW-VZUYHUTRSA-N
SP_000196,ACTHNCRNFFCCAQ-PLKVWTDNSA-N
SP_000196,ACTHNCRNFFCCAQ-YNQDZHFMSA-N
SP_000196,ACZVSMNFVFBOTM-UHFFFAOYSA-N
SP_000196,ADCKHLSRWCXEIY-GGAPOBRUSA-N
SP_000196,ADHKIZQYPQGIRC-ACSKKKSPSA-N
SP_000196,ADHKIZQYPQGIRC-SOZVHHJESA-N
SP_000196,ADHNTNYEJYJUCU-ZSJFXSENSA-N
SP_000196,ADKNUXINKGBJMY-LDLOPFEMSA-N
SP_000196,ADMGMAPZAQUXIR-VRHMUEQPSA-N
SP_000196,ADNSYCXWAHUWTA-SYOMJGEJSA-N
SP_000196,ADSGHWJRPOXXTD-IHWYPQMZSA-M
SP_000196,ADYPMBBPSUQKED-VOLCNUBSSA-N
SP_000196,ADZPFIMEBZGRHB-ILJAMNOWSA-N
SP_000196,AEFNZGGBWOQYID-UHFFFAOYSA-N
SP_000196,AEIJGHDRIPTRQY-UBTAJKBJSA-N
SP_000196,AELFRHHZGTVYGJ-QMMMGPOBSA-N
SP_000196,AEMFNILZOJDQLW-QAGGRKNESA-N
SP_000196,AERBNCYCJBRYDG-UHFFFAOYSA-N
SP_000196,AESBAQNLQIQXNK-BMFSGJJHSA-N
SP_000196,AETXDQTWHNBCRO-QLKFWGTOSA-N
SP_000196,AEWHYWSPVRZHCT-NDZSKPAWSA-N
SP_000196,AEWHYWSPVRZHCT-UHFFFAOYSA-J
SP_000196,AEXNGRVFOMIYOW-ICFOKQHNSA-N
SP_000196,AFFQVAIMWFYJJS-DTHFMEMVSA-N
SP_000197,AAARRLVSWMMLIL-JFDCHTIYSA-N
SP_000197,AAAULIDICJVAGC-XUJQSNPTSA-N
SP_000197,AAAUQAJYMBAEDN-SDYYSCIWSA-N
SP_000197,AAAYFFAGXKLUDV-XSMLMOGHSA-N
SP_000197,AABKSFWWBUPVNY-NVCPWDGJSA-N
SP_000197,AABORWYRSOFPIQ-RIVVNBGWSA-N
SP_000197,AACGGBKJSIMRBR-BWSSJUFOSA-N
SP_000197,AACZXYOSBJYYOH-XBNQVYLISA-N
SP_000197,AAEDIKNVLNRFNP-VERBRUMSSA-N
SP_000197,AAEDVOLFYYONLY-WBCKFURZSA-N
SP_000197,AAEGDCWJLSBMKO-QRXDBQBNSA-N
SP_000197,AAEKPOOCHGGGKT-NLXJDERGSA-N
SP_000197,AAEVYOVXGOFMJO-UHFFFAOYSA-N
SP_000197,AAFPBUWBKCMUOC-AZZQUJCXSA-N
SP_000197,AAGIXMREDGMXGU-ASISNPDYSA-N
SP_000197,AAGKNIVYCBWMIR-HKNFJBDMSA-N
SP_000197,AAHQMLDWRXUNIA-HZTDGBLZSA-N
SP_000197,AAISSOQIFFPNFZ-AXAMJWTMSA-N
SP_000197,AAJCSPWAQIOZOP-HUESYALOSA-N
SP_000197,AAKHKGPJPZLUOV-ZGNZLWFWSA-N
SP_000197,AAMZNUSIHHMEQD-ZUFHXVCQSA-N
SP_000197,AANCKINPVVQDGX-OSUITXOZSA-N
SP_000197,AANHDBNUIKYXLN-OKUWMSBNSA-N
SP_000197,AANZTOSGIRNZNM-LNOKNGNPSA-N
SP_000197,AAOSLICMXQEMBQ-IONAWPRUSA-N
SP_000197,AAOXKTNPFBHMFQ-KZBYCKEYSA-N
SP_000197,AAQXAMYHTKLRRO-GRSNDSDLSA-N
SP_000197,AASMSXXODHOKTE-AKAJXFOGSA-N
SP_000197,AASMSXXODHOKTE-WDLSKMLESA-N
SP_000197,AAVFZGNNVBUUJP-DTSDQNDWSA-N
SP_000197,AAVFZGNNVBUUJP-IONAWPRUSA-N
SP_000197,AAVJUUZQHFIDSS-CQQUKVLBSA-N
SP_000197,AAVMVTWYUGHZHX-OALPUDEUSA-N
SP_000197,AAVMVTWYUGHZHX-YWIOZPJLSA-N
SP_000197,AAVNDRKAKFAYFN-FPQJXDIVSA-N
SP_000197,AAVNDRKAKFAYFN-MBLVYYNZSA-N
SP_000197,AAWSPHNKTFCCQE-GRSBDEQXSA-N
SP_000197,AAWYHGQYLUEDBG-MPLRIKRWSA-N
SP_000197,AAXMCYUUKFLUMJ-JSFHAIONSA-N
SP_000197,AAXWISAHYJUCTG-MPLRIKRWSA-N
SP_000197,AAXWISAHYJUCTG-OIVUAWODSA-N
SP_000197,AAYJVNROXHMWJF-OKIOPPKUSA-N
SP_000197,AAYLLNKLDFMSRD-HLIHSNNZSA-N
SP_000197,AAZDQNFGXLHGPJ-AUPLRJEGSA-N
SP_000197,AAZDQNFGXLHGPJ-PFUDJBDGSA-N
SP_000197,AAZLBQIWPSJHIZ-XGUPTXRGSA-N
SP_000197,AAZOMBJKSJQDHJ-ZBRBWIFHSA-N
SP_000197,AAZXFALIBYEKBE-UHFFFAOYSA-N
SP_000197,ABAPCGOEPWAJOW-KHLWFPLBSA-N
SP_000197,ABBYYPGQJRBTGA-NESBLOORSA-N
SP_000198,ADHNTNYEJYJUCU-ZSJFXSENSA-N
SP_000198,APFBWMGEGSELQP-AATRIKPKSA-N
SP_000198,BATOPAZDIZEVQF-IAROGAJJSA-N
SP_000198,BHPQYMZQTOCNFJ-UHFFFAOYSA-N
SP_000198,BHQCQFFYRZLCQQ-KRHHAYMPSA-N
SP_000198,BJBUEDPLEOHJGE-UHFFFAOYSA-N
SP_000198,BNBBFUJNMYQYLA-VQHVLOKHSA-N
SP_000198,CIWBSHSKHKDKBQ-JLAZNSOCSA-N
SP_000198,CKLJMWTZIZZHCS-UWTATZPHSA-N
SP_000198,CUPQSMZELNNSIR-LZRZFMTJSA-N
SP_000198,CZMRCDWAGMRECN-UGDNZRGBSA-N
SP_000198,CZMRCDWAGMRECN-UHFFFAOYSA-N
SP_000198,CZXLHIZQQUJTND-UHFFFAOYSA-N
SP_000198,DHMQDGOQFOQNFH-UHFFFAOYSA-N
SP_000198,DJLTZJGULPLVOA-UHFFFAOYSA-N
SP_000198,DNAYVNOVGHZZLH-UHFFFAOYSA-N
SP_000198,DOTJYWQAPHIAIF-UHFFFAOYSA-N
SP_000198,DPJRMOMPQZCRJU-UHFFFAOYSA-M
SP_000198,DSMWJDJWYGMEBO-UTCJRWHESA-N
SP_000198,FCGOBISRCUOUQH-UHFFFAOYSA-N
SP_000198,GDBJCCBRRCYCEG-UHFFFAOYSA-N
SP_000198,GUBGYTABKSRVRQ-PICCSMPSSA-N
SP_000198,GUBGYTABKSRVRQ-QKKXKWKRSA-N
SP_000198,GVJHHUAWPYXKBD-IEOSBIPESA-N
SP_000198,GWMMTXPUFREJAY-UHFFFAOYSA-N
SP_000198,HKSDVVJONLXYKL-ZFILXNNPSA-N
SP_000198,IDJXJAJYEFRBPY-UHFFFAOYSA-N
SP_000198,IIACRCGMVDHOTQ-UHFFFAOYSA-N
SP_000198,IMKHDCBNRDRUEB-UHFFFAOYSA-N
SP_000198,IYSZVOVZPVKXIJ-OFALOCIGSA-N
SP_000198,JBFOLLJCGUCDQP-UHFFFAOYSA-N
SP_000198,JGHZJRVDZXSNKQ-UHFFFAOYSA-N
SP_000198,JIWBIWFOSCKQMA-DFARDDQGSA-N
SP_000198,JLQNHALFVCURHW-UHFFFAOYSA-N
SP_000198,JZRWCGZRTZMZEH-UHFFFAOYSA-N
SP_000198,JZVFJDZBLUFKCA-CMDGGOBGSA-N
SP_000198,KBEBGUQPQBELIU-HJWRWDBZSA-N
SP_000198,KDXKERNSBIXSRK-YFKPBYRVSA-N
SP_000198,KEAYESYHFKHZAL-UHFFFAOYSA-N
SP_000198,KEMQGTRYUADPNZ-UHFFFAOYSA-N
SP_000198,KJDZDTDNIULJBE-VAWYXSNFSA-N
SP_000198,KQMVAGISDHMXJJ-UHFFFAOYSA-N
SP_000198,LBTABPSJONFLPO-UHFFFAOYSA-N
SP_000198,LFQSCWFLJHTTHZ-UHFFFAOYSA-N
SP_000198,LLCYNDRFWDIIQS-WQLSENKSSA-N
SP_000198,LOIYMIARKYCTBW-UPHRSURJSA-N
SP_000198,LQJBNNIYVWPHFW-QXMHVHEDSA-N
SP_000198,LXNHXLLTXMVWPM-UHFFFAOYSA-N
SP_000198,NPYPAHLBTDXSSS-UHFFFAOYSA-N
SP_000198,NSSALFVIQPAIQK-BQYQJAHWSA-N
SP_000199,AABKSFWWBUPVNY-NVCPWDGJSA-N
SP_000199,AAFBEFOSCLMOTF-KXBCQOCRSA-N
SP_000199,AAFBEFOSCLMOTF-RRPFJGJLSA-N
SP_000199,AANMVENRNJYEMK-UHFFFAOYSA-N
SP_000199,AANZTOSGIRNZNM-LNOKNGNPSA-N
SP_000199,AAPGXBRKBIUCMQ-GWHBCOKCSA-N
SP_000199,AAWNBEJOCRYVJE-QNGWXLTQSA-N
SP_000199,AAWZDTNXLSGCEK-UHFFFAOYSA-M
SP_000199,AAXMCYUUKFLUMJ-JSFHAIONSA-N
SP_000199,AAXMCYUUKFLUMJ-TWDRBPDCSA-N
SP_000199,AAXYAFFKOSNMEB-MHARETSRSA-N
SP_000199,AAZOMBJKSJQDHJ-ZBRBWIFHSA-N
SP_000199,AAZZVFONLHYNDZ-NVQRUNIKSA-J
SP_000199,ABBYYPGQJRBTGA-NESBLOORSA-N
SP_000199,ABCOOORLYAOBOZ-KQYNXXCUSA-N
SP_000199,ABFJWRKPWCFTQP-JKFVOKSPSA-N
SP_000199,ABFJWRKPWCFTQP-XSMLMOGHSA-N
SP_000199,ABIKEVIWOJTKQS-AARKOHAPSA-N
SP_000199,ABLZXFCXXLZCGV-UHFFFAOYSA-L
SP_000199,ABRHOUKZOUNSSK-FVEAQGRNSA-N
SP_000199,ABUKPIBHMMLQDI-RCOVLANCSA-N
SP_000199,ACGLCDJEASKGDO-JSYPMYMJSA-N
SP_000199,ACIVVGBVOVHFPQ-RPDRRWSUSA-N
SP_000199,ACLPCAOOWJUVLL-DZKYTWFZSA-N
SP_000199,ACLQSYLJAZRTAP-XAFBQJBNSA-N
SP_000199,ACSIRQPNAYTBRW-VZUYHUTRSA-N
SP_000199,ACTHNCRNFFCCAQ-PLKVWTDNSA-N
SP_000199,ACTHNCRNFFCCAQ-YNQDZHFMSA-N
SP_000199,ACZVSMNFVFBOTM-UHFFFAOYSA-N
SP_000199,ADCKHLSRWCXEIY-GGAPOBRUSA-N
SP_000199,ADHKIZQYPQGIRC-ACSKKKSPSA-N
SP_000199,ADHKIZQYPQGIRC-SOZVHHJESA-N
SP_000199,ADHNTNYEJYJUCU-ZSJFXSENSA-N
SP_000199,ADKNUXINKGBJMY-LDLOPFEMSA-N
SP_000199,ADMGMAPZAQUXIR-VRHMUEQPSA-N
SP_000199,ADNSYCXWAHUWTA-SYOMJGEJSA-N
SP_000199,ADSGHWJRPOXXTD-IHWYPQMZSA-M
SP_000199,ADYPMBBPSUQKED-VOLCNUBSSA-N
SP_000199,ADZPFIMEBZGRHB-ILJAMNOWSA-N
SP_000199,AEFNZGGBWOQYID-UHFFFAOYSA-N
SP_000199,AEIJGHDRIPTRQY-UBTAJKBJSA-N
SP_000199,AELFRHHZGTVYGJ-QMMMGPOBSA-N
SP_000199,AEMFNILZOJDQLW-QAGGRKNESA-N
SP_000199,AERBNCYCJBRYDG-UHFFFAOYSA-N
SP_000199,AESBAQNLQIQXNK-BMFSGJJHSA-N
SP_000199,AETXDQTWHNBCRO-QLKFWGTOSA-N
SP_000199,AEWHYWSPVRZHCT-NDZSKPAWSA-N
SP_000199,AEWHYWSPVRZHCT-UHFFFAOYSA-J
SP_000199,AEXNGRVFOMIYOW-ICFOKQHNSA-N
SP_000199,AFFQVAIMWFYJJS-DTHFMEMVSA-N
SP_000200,ADHNTNYEJYJUCU-ZSJFXSENSA-N
SP_000200,BATOPAZDIZEVQF-IAROGAJJSA-N
SP_000200,BHPQYMZQTOCNFJ-UHFFFAOYSA-N
SP_000200,CIWBSHSKHKDKBQ-JLAZNSOCSA-N
SP_000200,CZXLHIZQQUJTND-UHFFFAOYSA-N
SP_000200,DHMQDGOQFOQNFH-UHFFFAOYSA-N
SP_000200,DJLTZJGULPLVOA-UHFFFAOYSA-N
SP_000200,FCGOBISRCUOUQH-UHFFFAOYSA-N
SP_000200,GDBJCCBRRCYCEG-UHFFFAOYSA-N
SP_000200,IIACRCGMVDHOTQ-UHFFFAOYSA-N
SP_000200,IMKHDCBNRDRUEB-UHFFFAOYSA-N
SP_000200,JGHZJRVDZXSNKQ-UHFFFAOYSA-N
SP_000200,JIWBIWFOSCKQMA-DFARDDQGSA-N
SP_000200,JLQNHALFVCURHW-UHFFFAOYSA-N
SP_000200,JZRWCGZRTZMZEH-UHFFFAOYSA-N
SP_000200,JZVFJDZBLUFKCA-CMDGGOBGSA-N
SP_000200,KBEBGUQPQBELIU-HJWRWDBZSA-N
SP_000200,KDXKERNSBIXSRK-YFKPBYRVSA-N
SP_000200,KEAYESYHFKHZAL-UHFFFAOYSA-N
SP_000200,KJDZDTDNIULJBE-VAWYXSNFSA-N
SP_000200,KQMVAGISDHMXJJ-UHFFFAOYSA-N
SP_000200,LFQSCWFLJHTTHZ-UHFFFAOYSA-N
SP_000200,LLCYNDRFWDIIQS-WQLSENKSSA-N
SP_000200,LXNHXLLTXMVWPM-UHFFFAOYSA-N
SP_000200,NPYPAHLBTDXSSS-UHFFFAOYSA-N
SP_000200,ODKSFYDXXFIFQN-BYPYZUCNSA-N
SP_000200,ONIBWKKTOPOVIA-BYPYZUCNSA-N
SP_000200,OUYCCCASQSFEME-UHFFFAOYSA-N
SP_000200,OVBPIULPVIDEAO-LBPRGKRZSA-N
SP_000200,PCBSXBYCASFXTM-UHFFFAOYSA-N
SP_000200,PGMBAYKBYBXNNR-UHFFFAOYSA-N
SP_000200,POWISKNFFRUCCW-UHFFFAOYSA-N
SP_000200,PVNIIMVLHYAWGP-UHFFFAOYSA-N
SP_000200,QIVBCDIJIAJPQS-VIFPVBQESA-N
SP_000200,QNAYBMKLOCPYGJ-REOHCLBHSA-N
SP_000200,ROHFNLRQFUQHCH-UHFFFAOYSA-N
SP_000200,UQDUPQYQJKYHQI-UHFFFAOYSA-N
SP_000200,VYFYYTLLBUKUHU-UHFFFAOYSA-N
SP_000200,VYGQUTWHTHXGQB-UMNZIDCRSA-N
SP_000200,WEDGVCZUPFZNDE-UHFFFAOYSA-N
SP_000200,WZVWUSABZGIQJZ-UHFFFAOYSA-N
SP_000200,XWVDCVZOOVTJKF-RIYZIHGNSA-N
SP_000200,YHWNASRGLKJRJJ-UHFFFAOYSA-N
SP_000200,ZAKOWWREFLAJOT-UHFFFAOYSA-N
SP_000200,ZROGCCBNZBKLEL-MPRHSVQHSA-N
SP_000200,ZVKXPPXCNUMUOR-REWZIMNXSA-N
SP_000201,AAARRLVSWMMLIL-JFDCHTIYSA-N
SP_000201,AAAULIDICJVAGC-XUJQSNPTSA-N
SP_000201,AAAUQAJYMBAEDN-SDYYSCIWSA-N
SP_000201,AAAYFFAGXKLUDV-XSMLMOGHSA-N
SP_000201,AABKSFWWBUPVNY-NVCPWDGJSA-N
SP_000201,AABORWYRSOFPIQ-RIVVNBGWSA-N
SP_000201,AACGGBKJSIMRBR-BWSSJUFOSA-N
SP_000201,AACZXYOSBJYYOH-XBNQVYLISA-N
SP_000201,AAEDIKNVLNRFNP-VERBRUMSSA-N
SP_000201,AAEDVOLFYYONLY-WBCKFURZSA-N
SP_000201,AAEGDCWJLSBMKO-QRXDBQBNSA-N
SP_000201,AAEKPOOCHGGGKT-NLXJDERGSA-N
SP_000201,AAEVYOVXGOFMJO-UHFFFAOYSA-N
SP_000201,AAFPBUWBKCMUOC-AZZQUJCXSA-N
SP_000201,AAGIXMREDGMXGU-ASISNPDYSA-N
SP_000201,AAGKNIVYCBWMIR-HKNFJBDMSA-N
SP_000201,AAHQMLDWRXUNIA-HZTDGBLZSA-N
SP_000201,AAISSOQIFFPNFZ-AXAMJWTMSA-N
SP_000201,AAJCSPWAQIOZOP-HUESYALOSA-N
SP_000201,AAKHKGPJPZLUOV-ZGNZLWFWSA-N
SP_000201,AAMZNUSIHHMEQD-ZUFHXVCQSA-N
SP_000201,AANCKINPVVQDGX-OSUITXOZSA-N
SP_000201,AANHDBNUIKYXLN-OKUWMSBNSA-N
SP_000201,AANZTOSGIRNZNM-LNOKNGNPSA-N
SP_000201,AAOSLICMXQEMBQ-IONAWPRUSA-N
SP_000201,AAOXKTNPFBHMFQ-KZBYCKEYSA-N
SP_000201,AAQXAMYHTKLRRO-GRSNDSDLSA-N
SP_000201,AASMSXXODHOKTE-AKAJXFOGSA-N
SP_000201,AASMSXXODHOKTE-WDLSKMLESA-N
SP_000201,AAVFZGNNVBUUJP-DTSDQNDWSA-N
SP_000201,AAVFZGNNVBUUJP-IONAWPRUSA-N
SP_000201,AAVJUUZQHFIDSS-CQQUKVLBSA-N
SP_000201,AAVMVTWYUGHZHX-OALPUDEUSA-N
SP_000201,AAVMVTWYUGHZHX-YWIOZPJLSA-N
SP_000201,AAVNDRKAKFAYFN-FPQJXDIVSA-N
SP_000201,AAVNDRKAKFAYFN-MBLVYYNZSA-N
SP_000201,AAWSPHNKTFCCQE-GRSBDEQXSA-N
SP_000201,AAWYHGQYLUEDBG-MPLRIKRWSA-N
SP_000201,AAXMCYUUKFLUMJ-JSFHAIONSA-N
SP_000201,AAXWISAHYJUCTG-MPLRIKRWSA-N
SP_000201,AAXWISAHYJUCTG-OIVUAWODSA-N
SP_000201,AAYJVNROXHMWJF-OKIOPPKUSA-N
SP_000201,AAYLLNKLDFMSRD-HLIHSNNZSA-N
SP_000201,AAZDQNFGXLHGPJ-AUPLRJEGSA-N
SP_000201,AAZDQNFGXLHGPJ-PFUDJBDGSA-N
SP_000201,AAZLBQIWPSJHIZ-XGUPTXRGSA-N
SP_000201,AAZOMBJKSJQDHJ-ZBRBWIFHSA-N
SP_000201,AAZXFALIBYEKBE-UHFFFAOYSA-N
SP_000201,ABAPCGOEPWAJOW-KHLWFPLBSA-N
SP_000201,ABBYYPGQJRBTGA-NESBLOORSA-N
SP_000202,ADHNTNYEJYJUCU-ZSJFXSENSA-N
SP_000202,APFBWMGEGSELQP-AATRIKPKSA-N
SP_000202,BATOPAZDIZEVQF-IAROGAJJSA-N
SP_000202,BHPQYMZQTOCNFJ-UHFFFAOYSA-N
SP_000202,BHQCQFFYRZLCQQ-KRHHAYMPSA-N
SP_000202,BJBUEDPLEOHJGE-UHFFFAOYSA-N
SP_000202,BNBBFUJNMYQYLA-VQHVLOKHSA-N
SP_000202,CIWBSHSKHKDKBQ-JLAZNSOCSA-N
SP_000202,CKLJMWTZIZZHCS-UWTATZPHSA-N
SP_000202,CUPQSMZELNNSIR-LZRZFMTJSA-N
SP_000202,CZMRCDWAGMRECN-UGDNZRGBSA-N
SP_000202,CZMRCDWAGMRECN-UHFFFAOYSA-N
SP_000202,CZXLHIZQQUJTND-UHFFFAOYSA-N
SP_000202,DHMQDGOQFOQNFH-UHFFFAOYSA-N
SP_000202,DJLTZJGULPLVOA-UHFFFAOYSA-N
SP_000202,DNAYVNOVGHZZLH-UHFFFAOYSA-N
SP_000202,DOTJYWQAPHIAIF-UHFFFAOYSA-N
SP_000202,DPJRMOMPQZCRJU-UHFFFAOYSA-M
SP_000202,DQGMPXYVZZCNDQ-KBPWROHVSA-N
SP_000202,DSMWJDJWYGMEBO-UTCJRWHESA-N
SP_000202,FCGOBISRCUOUQH-UHFFFAOYSA-N
SP_000202,GDBJCCBRRCYCEG-UHFFFAOYSA-N
SP_000202,GUBGYTABKSRVRQ-PICCSMPSSA-N
SP_000202,GUBGYTABKSRVRQ-QKKXKWKRSA-N
SP_000202,GVJHHUAWPYXKBD-IEOSBIPESA-N
SP_000202,GWMMTXPUFREJAY-UHFFFAOYSA-N
SP_000202,GZIFEOYASATJEH-UHFFFAOYSA-N
SP_000202,HKSDVVJONLXYKL-ZFILXNNPSA-N
SP_000202,HUTCYUJPLOTDMX-KEBDBYFISA-N
SP_000202,IDJXJAJYEFRBPY-UHFFFAOYSA-N
SP_000202,IIACRCGMVDHOTQ-UHFFFAOYSA-N
SP_000202,IMKHDCBNRDRUEB-UHFFFAOYSA-N
SP_000202,IYSZVOVZPVKXIJ-OFALOCIGSA-N
SP_000202,JBFOLLJCGUCDQP-UHFFFAOYSA-N
SP_000202,JEKGHHPMLRLCIW-VBVMRKNNSA-N
SP_000202,JGHZJRVDZXSNKQ-UHFFFAOYSA-N
SP_000202,JIWBIWFOSCKQMA-DFARDDQGSA-N
SP_000202,JLQNHALFVCURHW-UHFFFAOYSA-N
SP_000202,JZRWCGZRTZMZEH-UHFFFAOYSA-N
SP_000202,JZVFJDZBLUFKCA-CMDGGOBGSA-N
SP_000202,KBEBGUQPQBELIU-HJWRWDBZSA-N
SP_000202,KDXKERNSBIXSRK-YFKPBYRVSA-N
SP_000202,KEAYESYHFKHZAL-UHFFFAOYSA-N
SP_000202,KEMQGTRYUADPNZ-UHFFFAOYSA-N
SP_000202,KJDZDTDNIULJBE-VAWYXSNFSA-N
SP_000202,KQMVAGISDHMXJJ-UHFFFAOYSA-N
SP_000202,LBTABPSJONFLPO-UHFFFAOYSA-N
SP_000202,LFQSCWFLJHTTHZ-UHFFFAOYSA-N
SP_000202,LLCYNDRFWDIIQS-WQLSENKSSA-N
SP_000202,LOIYMIARKYCTBW-UPHRSURJSA-N
SP_000203,AABKSFWWBUPVNY-NVCPWDGJSA-N
SP_000203,AAFBEFOSCLMOTF-KXBCQOCRSA-N
SP_000203,AAFBEFOSCLMOTF-RRPFJGJLSA-N
SP_000203,AANMVENRNJYEMK-UHFFFAOYSA-N
SP_000203,AANZTOSGIRNZNM-LNOKNGNPSA-N
SP_000203,AAPGXBRKBIUCMQ-GWHBCOKCSA-N
SP_000203,AAWNBEJOCRYVJE-QNGWXLTQSA-N
SP_000203,AAWZDTNXLSGCEK-UHFFFAOYSA-M
SP_000203,AAXMCYUUKFLUMJ-JSFHAIONSA-N
SP_000203,AAXMCYUUKFLUMJ-TWDRBPDCSA-N
SP_000203,AAXYAFFKOSNMEB-MHARETSRSA-N
SP_000203,AAZOMBJKSJQDHJ-ZBRBWIFHSA-N
SP_000203,AAZZVFONLHYNDZ-NVQRUNIKSA-J
SP_000203,ABBYYPGQJRBTGA-NESBLOORSA-N
SP_000203,ABCOOORLYAOBOZ-KQYNXXCUSA-N
SP_000203,ABFJWRKPWCFTQP-JKFVOKSPSA-N
SP_000203,ABFJWRKPWCFTQP-XSMLMOGHSA-N
SP_000203,ABIKEVIWOJTKQS-AARKOHAPSA-N
SP_000203,ABLZXFCXXLZCGV-UHFFFAOYSA-L
SP_000203,ABRHOUKZOUNSSK-FVEAQGRNSA-N
SP_000203,ABUKPIBHMMLQDI-RCOVLANCSA-N
SP_000203,ACGLCDJEASKGDO-JSYPMYMJSA-N
SP_000203,ACIVVGBVOVHFPQ-RPDRRWSUSA-N
SP_000203,ACLPCAOOWJUVLL-DZKYTWFZSA-N
SP_000203,ACLQSYLJAZRTAP-XAFBQJBNSA-N
SP_000203,ACSIRQPNAYTBRW-VZUYHUTRSA-N
SP_000203,ACTHNCRNFFCCAQ-PLKVWTDNSA-N
SP_000203,ACTHNCRNFFCCAQ-YNQDZHFMSA-N
SP_000203,ACZVSMNFVFBOTM-UHFFFAOYSA-N
SP_000203,ADCKHLSRWCXEIY-GGAPOBRUSA-N
SP_000203,ADHKIZQYPQGIRC-ACSKKKSPSA-N
SP_000203,ADHKIZQYPQGIRC-SOZVHHJESA-N
SP_000203,ADHNTNYEJYJUCU-ZSJFXSENSA-N
SP_000203,ADKNUXINKGBJMY-LDLOPFEMSA-N
SP_000203,ADMGMAPZAQUXIR-VRHMUEQPSA-N
SP_000203,ADNSYCXWAHUWTA-SYOMJGEJSA-N
SP_000203,ADSGHWJRPOXXTD-IHWYPQMZSA-M
SP_000203,ADYPMBBPSUQKED-VOLCNUBSSA-N
SP_000203,ADZPFIMEBZGRHB-ILJAMNOWSA-N
SP_000203,AEFNZGGBWOQYID-UHFFFAOYSA-N
SP_000203,AEIJGHDRIPTRQY-UBTAJKBJSA-N
SP_000203,AELFRHHZGTVYGJ-QMMMGPOBSA-N
SP_000203,AEMFNILZOJDQLW-QAGGRKNESA-N
SP_000203,AERBNCYCJBRYDG-UHFFFAOYSA-N
SP_000203,AESBAQNLQIQXNK-BMFSGJJHSA-N
SP_000203,AETXDQTWHNBCRO-QLKFWGTOSA-N
SP_000203,AEWHYWSPVRZHCT-NDZSKPAWSA-N
SP_000203,AEWHYWSPVRZHCT-UHFFFAOYSA-J
SP_000203,AEXNGRVFOMIYOW-ICFOKQHNSA-N
SP_000203,AFFQVAIMWFYJJS-DTHFMEMVSA-N
SP_000204,AABKSFWWBUPVNY-NVCPWDGJSA-N
SP_000204,AAFBEFOSCLMOTF-KXBCQOCRSA-N
SP_000204,AAFBEFOSCLMOTF-RRPFJGJLSA-N
SP_000204,AANMVENRNJYEMK-UHFFFAOYSA-N
SP_000204,AANZTOSGIRNZNM-LNOKNGNPSA-N
SP_000204,AAPGXBRKBIUCMQ-GWHBCOKCSA-N
SP_000204,AAWNBEJOCRYVJE-QNGWXLTQSA-N
SP_000204,AAWZDTNXLSGCEK-UHFFFAOYSA-M
SP_000204,AAXMCYUUKFLUMJ-JSFHAIONSA-N
SP_000204,AAXMCYUUKFLUMJ-TWDRBPDCSA-N
SP_000204,AAXYAFFKOSNMEB-MHARETSRSA-N
SP_000204,AAZOMBJKSJQDHJ-ZBRBWIFHSA-N
SP_000204,AAZZVFONLHYNDZ-NVQRUNIKSA-J
SP_000204,ABBYYPGQJRBTGA-NESBLOORSA-N
SP_000204,ABCOOORLYAOBOZ-KQYNXXCUSA-N
SP_000204,ABFJWRKPWCFTQP-JKFVOKSPSA-N
SP_000204,ABFJWRKPWCFTQP-XSMLMOGHSA-N
SP_000204,ABIKEVIWOJTKQS-AARKOHAPSA-N
SP_000204,ABLZXFCXXLZCGV-UHFFFAOYSA-L
SP_000204,ABRHOUKZOUNSSK-FVEAQGRNSA-N
SP_000204,ABUKPIBHMMLQDI-RCOVLANCSA-N
SP_000204,ACGLCDJEASKGDO-JSYPMYMJSA-N
SP_000204,ACIVVGBVOVHFPQ-RPDRRWSUSA-N
SP_000204,ACLPCAOOWJUVLL-DZKYTWFZSA-N
SP_000204,ACLQSYLJAZRTAP-XAFBQJBNSA-N
SP_000204,ACSIRQPNAYTBRW-VZUYHUTRSA-N
SP_000204,ACTHNCRNFFCCAQ-PLKVWTDNSA-N
SP_000204,ACTHNCRNFFCCAQ-YNQDZHFMSA-N
SP_000204,ACZVSMNFVFBOTM-UHFFFAOYSA-N
SP_000204,ADCKHLSRWCXEIY-GGAPOBRUSA-N
SP_000204,ADHKIZQYPQGIRC-ACSKKKSPSA-N
SP_000204,ADHKIZQYPQGIRC-SOZVHHJESA-N
SP_000204,ADHNTNYEJYJUCU-ZSJFXSENSA-N
SP_000204,ADKNUXINKGBJMY-LDLOPFEMSA-N
SP_000204,ADMGMAPZAQUXIR-VRHMUEQPSA-N
SP_000204,ADNSYCXWAHUWTA-SYOMJGEJSA-N
SP_000204,ADSGHWJRPOXXTD-IHWYPQMZSA-M
SP_000204,ADYPMBBPSUQKED-VOLCNUBSSA-N
SP_000204,ADZPFIMEBZGRHB-ILJAMNOWSA-N
SP_000204,AEFNZGGBWOQYID-UHFFFAOYSA-N
SP_000204,AEIJGHDRIPTRQY-UBTAJKBJSA-N
SP_000204,AELFRHHZGTVYGJ-QMMMGPOBSA-N
SP_000204,AEMFNILZOJDQLW-QAGGRKNESA-N
SP_000204,AERBNCYCJBRYDG-UHFFFAOYSA-N
SP_000204,AESBAQNLQIQXNK-BMFSGJJHSA-N
SP_000204,AETXDQTWHNBCRO-QLKFWGTOSA-N
SP_000204,AEWHYWSPVRZHCT-NDZSKPAWSA-N
SP_000204,AEWHYWSPVRZHCT-UHFFFAOYSA-J
SP_000204,AEXNGRVFOMIYOW-ICFOKQHNSA-N
SP_000204,AFFQVAIMWFYJJS-DTHFMEMVSA-N
SP_000205,AANMVENRNJYEMK-UHFFFAOYSA-N
SP_000205,AAWZDTNXLSGCEK-UHFFFAOYSA-M
SP_000205,AAXYAFFKOSNMEB-MHARETSRSA-N
SP_000205,AAZZVFONLHYNDZ-NVQRUNIKSA-J
SP_000205,ABCOOORLYAOBOZ-KQYNXXCUSA-N
SP_000205,ABIKEVIWOJTKQS-AARKOHAPSA-N
SP_000205,ABLZXFCXXLZCGV-UHFFFAOYSA-L
SP_000205,ACIVVGBVOVHFPQ-RPDRRWSUSA-N
SP_000205,ACSIRQPNAYTBRW-VZUYHUTRSA-N
SP_000205,ACZVSMNFVFBOTM-UHFFFAOYSA-N
SP_000205,ADHNTNYEJYJUCU-ZSJFXSENSA-N
SP_000205,ADSGHWJRPOXXTD-IHWYPQMZSA-M
SP_000205,AEFNZGGBWOQYID-UHFFFAOYSA-N
SP_000205,AELFRHHZGTVYGJ-QMMMGPOBSA-N
SP_000205,AEMFNILZOJDQLW-QAGGRKNESA-N
SP_000205,AERBNCYCJBRYDG-UHFFFAOYSA-N
SP_000205,AEWHYWSPVRZHCT-NDZSKPAWSA-N
SP_000205,AEWHYWSPVRZHCT-UHFFFAOYSA-J
SP_000205,AFGUVBVUFZMJMX-MDZDMXLPSA-N
SP_000205,AFNUZVCFKQUDBJ-ZZWDRFIYSA-N
SP_000205,AGQJQCFEPUVXNK-UHFFFAOYSA-K
SP_000205,AHCYMLUZIRLXAA-SHYZEUOFSA-N
SP_000205,AHJCDQGRYVBQQZ-NSCUHMNNSA-N
SP_000205,AHLPHDHHMVZTML-BYPYZUCNSA-N
SP_000205,AHMIDUVKSGCHAU-LURJTMIESA-N
SP_000205,AIBOHNYYKWYQMM-GELUXPMISA-N
SP_000205,AIJULSRZWUXGPQ-UHFFFAOYSA-N
SP_000205,AIQDYKMWENWVQJ-UHFFFAOYSA-K
SP_000205,AISVAXNALHBFPC-IOSLPCCCSA-N
SP_000205,AJONJFGFTGGKEX-UHFFFAOYSA-M
SP_000205,AKIHYQWCLCDMMI-VMPITWQZSA-N
SP_000205,ALEWCKXBHSDCCT-YFVJMOTDSA-L
SP_000205,ALLYVKRLOHDVKI-UHFFFAOYSA-N
SP_000205,ALRHLSYJTWAHJZ-UHFFFAOYSA-N
SP_000205,ALTAAUJNHYWOGS-UHFFFAOYSA-N
SP_000205,ALYNCZNDIQEVRV-UHFFFAOYSA-M
SP_000205,AMBQHHVBBHTQBF-UOUCRYGSSA-N
SP_000205,AMIMRNSIRUDHCM-UHFFFAOYSA-N
SP_000205,AMROMUFVHNPOEQ-UHFFFAOYSA-N
SP_000205,AOFQQLZNDSBFLN-UHFFFAOYSA-K
SP_000205,APBPHWLOGNJBLH-UHFFFAOYSA-N
SP_000205,APIQNBNBIICCON-FKMSRSAHSA-N
SP_000205,APIZAZFFQBVSJA-UHFFFAOYSA-N
SP_000205,APJYDQYYACXCRM-UHFFFAOYSA-N
SP_000205,AQIXAKUUQRKLND-UHFFFAOYSA-N
SP_000205,AQJZOYUAIGQOPF-BCYGMIQCSA-N
SP_000205,ARJPPNFIEQKVBB-UHFFFAOYSA-N
SP_000205,ARLAWMCEVZUXEY-UHFFFAOYSA-N
SP_000205,ARYTXMNEANMLMU-UHFFFAOYSA-N
SP_000205,ASCFNMCAHFUBCO-UHFFFAOYSA-N
SP_000206,AABKSFWWBUPVNY-NVCPWDGJSA-N
SP_000206,AAFBEFOSCLMOTF-KXBCQOCRSA-N
SP_000206,AAFBEFOSCLMOTF-RRPFJGJLSA-N
SP_000206,AANMVENRNJYEMK-UHFFFAOYSA-N
SP_000206,AANZTOSGIRNZNM-LNOKNGNPSA-N
SP_000206,AAPGXBRKBIUCMQ-GWHBCOKCSA-N
SP_000206,AAWNBEJOCRYVJE-QNGWXLTQSA-N
SP_000206,AAWZDTNXLSGCEK-UHFFFAOYSA-M
SP_000206,AAXMCYUUKFLUMJ-JSFHAIONSA-N
SP_000206,AAXMCYUUKFLUMJ-TWDRBPDCSA-N
SP_000206,AAXYAFFKOSNMEB-MHARETSRSA-N
SP_000206,AAZOMBJKSJQDHJ-ZBRBWIFHSA-N
SP_000206,AAZZVFONLHYNDZ-NVQRUNIKSA-J
SP_000206,ABBYYPGQJRBTGA-NESBLOORSA-N
SP_000206,ABCOOORLYAOBOZ-KQYNXXCUSA-N
SP_000206,ABFJWRKPWCFTQP-JKFVOKSPSA-N
SP_000206,ABFJWRKPWCFTQP-XSMLMOGHSA-N
SP_000206,ABIKEVIWOJTKQS-AARKOHAPSA-N
SP_000206,ABLZXFCXXLZCGV-UHFFFAOYSA-L
SP_000206,ABRHOUKZOUNSSK-FVEAQGRNSA-N
SP_000206,ABUKPIBHMMLQDI-RCOVLANCSA-N
SP_000206,ACGLCDJEASKGDO-JSYPMYMJSA-N
SP_000206,ACIVVGBVOVHFPQ-RPDRRWSUSA-N
SP_000206,ACLPCAOOWJUVLL-DZKYTWFZSA-N
SP_000206,ACLQSYLJAZRTAP-XAFBQJBNSA-N
SP_000206,ACSIRQPNAYTBRW-VZUYHUTRSA-N
SP_000206,ACTHNCRNFFCCAQ-PLKVWTDNSA-N
SP_000206,ACTHNCRNFFCCAQ-YNQDZHFMSA-N
SP_000206,ACZVSMNFVFBOTM-UHFFFAOYSA-N
SP_000206,ADCKHLSRWCXEIY-GGAPOBRUSA-N
SP_000206,ADHKIZQYPQGIRC-ACSKKKSPSA-N
SP_000206,ADHKIZQYPQGIRC-SOZVHHJESA-N
SP_000206,ADHNTNYEJYJUCU-ZSJFXSENSA-N
SP_000206,ADKNUXINKGBJMY-LDLOPFEMSA-N
SP_000206,ADMGMAPZAQUXIR-VRHMUEQPSA-N
SP_000206,ADNSYCXWAHUWTA-SYOMJGEJSA-N
SP_000206,ADSGHWJRPOXXTD-IHWYPQMZSA-M
SP_000206,ADYPMBBPSUQKED-VOLCNUBSSA-N
SP_000206,ADZPFIMEBZGRHB-ILJAMNOWSA-N
SP_000206,AEFNZGGBWOQYID-UHFFFAOYSA-N
SP_000206,AEIJGHDRIPTRQY-UBTAJKBJSA-N
SP_000206,AELFRHHZGTVYGJ-QMMMGPOBSA-N
SP_000206,AEMFNILZOJDQLW-QAGGRKNESA-N
SP_000206,AERBNCYCJBRYDG-UHFFFAOYSA-N
SP_000206,AESBAQNLQIQXNK-BMFSGJJHSA-N
SP_000206,AETXDQTWHNBCRO-QLKFWGTOSA-N
SP_000206,AEWHYWSPVRZHCT-NDZSKPAWSA-N
SP_000206,AEWHYWSPVRZHCT-UHFFFAOYSA-J
SP_000206,AEXNGRVFOMIYOW-ICFOKQHNSA-N
SP_000206,AFFQVAIMWFYJJS-DTHFMEMVSA-N
SP_000207,AABKSFWWBUPVNY-NVCPWDGJSA-N
SP_000207,AAFBEFOSCLMOTF-KXBCQOCRSA-N
SP_000207,AAFBEFOSCLMOTF-RRPFJGJLSA-N
SP_000207,AANMVENRNJYEMK-UHFFFAOYSA-N
SP_000207,AANZTOSGIRNZNM-LNOKNGNPSA-N
SP_000207,AAPGXBRKBIUCMQ-GWHBCOKCSA-N
SP_000207,AAWNBEJOCRYVJE-QNGWXLTQSA-N
SP_000207,AAWZDTNXLSGCEK-UHFFFAOYSA-M
SP_000207,AAXMCYUUKFLUMJ-JSFHAIONSA-N
SP_000207,AAXMCYUUKFLUMJ-TWDRBPDCSA-N
SP_000207,AAXYAFFKOSNMEB-MHARETSRSA-N
SP_000207,AAZOMBJKSJQDHJ-ZBRBWIFHSA-N
SP_000207,AAZZVFONLHYNDZ-NVQRUNIKSA-J
SP_000207,ABBYYPGQJRBTGA-NESBLOORSA-N
SP_000207,ABCOOORLYAOBOZ-KQYNXXCUSA-N
SP_000207,ABFJWRKPWCFTQP-JKFVOKSPSA-N
SP_000207,ABFJWRKPWCFTQP-XSMLMOGHSA-N
SP_000207,ABIKEVIWOJTKQS-AARKOHAPSA-N
SP_000207,ABLZXFCXXLZCGV-UHFFFAOYSA-L
SP_000207,ABRHOUKZOUNSSK-FVEAQGRNSA-N
SP_000207,ABUKPIBHMMLQDI-RCOVLANCSA-N
SP_000207,ACGLCDJEASKGDO-JSYPMYMJSA-N
SP_000207,ACIVVGBVOVHFPQ-RPDRRWSUSA-N
SP_000207,ACLPCAOOWJUVLL-DZKYTWFZSA-N
SP_000207,ACLQSYLJAZRTAP-XAFBQJBNSA-N
SP_000207,ACSIRQPNAYTBRW-VZUYHUTRSA-N
SP_000207,ACTHNCRNFFCCAQ-PLKVWTDNSA-N
SP_000207,ACTHNCRNFFCCAQ-YNQDZHFMSA-N
SP_000207,ACZVSMNFVFBOTM-UHFFFAOYSA-N
SP_000207,ADCKHLSRWCXEIY-GGAPOBRUSA-N
SP_000207,ADHKIZQYPQGIRC-ACSKKKSPSA-N
SP_000207,ADHKIZQYPQGIRC-SOZVHHJESA-N
SP_000207,ADHNTNYEJYJUCU-ZSJFXSENSA-N
SP_000207,ADKNUXINKGBJMY-LDLOPFEMSA-N
SP_000207,ADMGMAPZAQUXIR-VRHMUEQPSA-N
SP_000207,ADNSYCXWAHUWTA-SYOMJGEJSA-N
SP_000207,ADSGHWJRPOXXTD-IHWYPQMZSA-M
SP_000207,ADYPMBBPSUQKED-VOLCNUBSSA-N
SP_000207,ADZPFIMEBZGRHB-ILJAMNOWSA-N
SP_000207,AEFNZGGBWOQYID-UHFFFAOYSA-N
SP_000207,AEIJGHDRIPTRQY-UBTAJKBJSA-N
SP_000207,AELFRHHZGTVYGJ-QMMMGPOBSA-N
SP_000207,AEMFNILZOJDQLW-QAGGRKNESA-N
SP_000207,AERBNCYCJBRYDG-UHFFFAOYSA-N
SP_000207,AESBAQNLQIQXNK-BMFSGJJHSA-N
SP_000207,AETXDQTWHNBCRO-QLKFWGTOSA-N
SP_000207,AEWHYWSPVRZHCT-NDZSKPAWSA-N
SP_000207,AEWHYWSPVRZHCT-UHFFFAOYSA-J
SP_000207,AEXNGRVFOMIYOW-ICFOKQHNSA-N
SP_000207,AFFQVAIMWFYJJS-DTHFMEMVSA-N
SP_000208,AABKSFWWBUPVNY-NVCPWDGJSA-N
SP_000208,AAFBEFOSCLMOTF-KXBCQOCRSA-N
SP_000208,AAFBEFOSCLMOTF-RRPFJGJLSA-N
SP_000208,AANMVENRNJYEMK-UHFFFAOYSA-N
SP_000208,AANZTOSGIRNZNM-LNOKNGNPSA-N
SP_000208,AAPGXBRKBIUCMQ-GWHBCOKCSA-N
SP_000208,AAWNBEJOCRYVJE-QNGWXLTQSA-N
SP_000208,AAWZDTNXLSGCEK-UHFFFAOYSA-M
SP_000208,AAXMCYUUKFLUMJ-JSFHAIONSA-N
SP_000208,AAXMCYUUKFLUMJ-TWDRBPDCSA-N
SP_000208,AAXYAFFKOSNMEB-MHARETSRSA-N
SP_000208,AAZOMBJKSJQDHJ-ZBRBWIFHSA-N
SP_000208,AAZZVFONLHYNDZ-NVQRUNIKSA-J
SP_000208,ABBYYPGQJRBTGA-NESBLOORSA-N
SP_000208,ABCOOORLYAOBOZ-KQYNXXCUSA-N
SP_000208,ABFJWRKPWCFTQP-JKFVOKSPSA-N
SP_000208,ABFJWRKPWCFTQP-XSMLMOGHSA-N
SP_000208,ABIKEVIWOJTKQS-AARKOHAPSA-N
SP_000208,ABLZXFCXXLZCGV-UHFFFAOYSA-L
SP_000208,ABRHOUKZOUNSSK-FVEAQGRNSA-N
SP_000208,ABUKPIBHMMLQDI-RCOVLANCSA-N
SP_000208,ACGLCDJEASKGDO-JSYPMYMJSA-N
SP_000208,ACIVVGBVOVHFPQ-RPDRRWSUSA-N
SP_000208,ACLPCAOOWJUVLL-DZKYTWFZSA-N
SP_000208,ACLQSYLJAZRTAP-XAFBQJBNSA-N
SP_000208,ACSIRQPNAYTBRW-VZUYHUTRSA-N
SP_000208,ACTHNCRNFFCCAQ-PLKVWTDNSA-N
SP_000208,ACTHNCRNFFCCAQ-YNQDZHFMSA-N
SP_000208,ACZVSMNFVFBOTM-UHFFFAOYSA-N
SP_000208,ADCKHLSRWCXEIY-GGAPOBRUSA-N
SP_000208,ADHKIZQYPQGIRC-ACSKKKSPSA-N
SP_000208,ADHKIZQYPQGIRC-SOZVHHJESA-N
SP_000208,ADHNTNYEJYJUCU-ZSJFXSENSA-N
SP_000208,ADKNUXINKGBJMY-LDLOPFEMSA-N
SP_000208,ADMGMAPZAQUXIR-VRHMUEQPSA-N
SP_000208,ADNSYCXWAHUWTA-SYOMJGEJSA-N
SP_000208,ADSGHWJRPOXXTD-IHWYPQMZSA-M
SP_000208,ADYPMBBPSUQKED-VOLCNUBSSA-N
SP_000208,ADZPFIMEBZGRHB-ILJAMNOWSA-N
SP_000208,AEFNZGGBWOQYID-UHFFFAOYSA-N
SP_000208,AEIJGHDRIPTRQY-UBTAJKBJSA-N
SP_000208,AELFRHHZGTVYGJ-QMMMGPOBSA-N
SP_000208,AEMFNILZOJDQLW-QAGGRKNESA-N
SP_000208,AERBNCYCJBRYDG-UHFFFAOYSA-N
SP_000208,AESBAQNLQIQXNK-BMFSGJJHSA-N
SP_000208,AETXDQTWHNBCRO-QLKFWGTOSA-N
SP_000208,AEWHYWSPVRZHCT-NDZSKPAWSA-N
SP_000208,AEWHYWSPVRZHCT-UHFFFAOYSA-J
SP_000208,AEXNGRVFOMIYOW-ICFOKQHNSA-N
SP_000208,AFFQVAIMWFYJJS-DTHFMEMVSA-N
SP_000209,AANMVENRNJYEMK-UHFFFAOYSA-N
SP_000209,AAWZDTNXLSGCEK-UHFFFAOYSA-M
SP_000209,AAXYAFFKOSNMEB-MHARETSRSA-N
SP_000209,AAZZVFONLHYNDZ-NVQRUNIKSA-J
SP_000209,ABCOOORLYAOBOZ-KQYNXXCUSA-N
SP_000209,ABIKEVIWOJTKQS-AARKOHAPSA-N
SP_000209,ABLZXFCXXLZCGV-UHFFFAOYSA-L
SP_000209,ACIVVGBVOVHFPQ-RPDRRWSUSA-N
SP_000209,ACSIRQPNAYTBRW-VZUYHUTRSA-N
SP_000209,ACZVSMNFVFBOTM-UHFFFAOYSA-N
SP_000209,ADHNTNYEJYJUCU-ZSJFXSENSA-N
SP_000209,ADSGHWJRPOXXTD-IHWYPQMZSA-M
SP_000209,AEFNZGGBWOQYID-UHFFFAOYSA-N
SP_000209,AELFRHHZGTVYGJ-QMMMGPOBSA-N
SP_000209,AEMFNILZOJDQLW-QAGGRKNESA-N
SP_000209,AERBNCYCJBRYDG-UHFFFAOYSA-N
SP_000209,AEWHYWSPVRZHCT-NDZSKPAWSA-N
SP_000209,AEWHYWSPVRZHCT-UHFFFAOYSA-J
SP_000209,AFGUVBVUFZMJMX-MDZDMXLPSA-N
SP_000209,AFNUZVCFKQUDBJ-ZZWDRFIYSA-N
SP_000209,AGQJQCFEPUVXNK-UHFFFAOYSA-K
SP_000209,AHCYMLUZIRLXAA-SHYZEUOFSA-N
SP_000209,AHJCDQGRYVBQQZ-NSCUHMNNSA-N
SP_000209,AHLPHDHHMVZTML-BYPYZUCNSA-N
SP_000209,AHMIDUVKSGCHAU-LURJTMIESA-N
SP_000209,AIBOHNYYKWYQMM-GELUXPMISA-N
SP_000209,AIJULSRZWUXGPQ-UHFFFAOYSA-N
SP_000209,AIQDYKMWENWVQJ-UHFFFAOYSA-K
SP_000209,AISVAXNALHBFPC-IOSLPCCCSA-N
SP_000209,AJONJFGFTGGKEX-UHFFFAOYSA-M
SP_000209,AKIHYQWCLCDMMI-VMPITWQZSA-N
SP_000209,ALEWCKXBHSDCCT-YFVJMOTDSA-L
SP_000209,ALLYVKRLOHDVKI-UHFFFAOYSA-N
SP_000209,ALRHLSYJTWAHJZ-UHFFFAOYSA-N
SP_000209,ALTAAUJNHYWOGS-UHFFFAOYSA-N
SP_000209,ALYNCZNDIQEVRV-UHFFFAOYSA-M
SP_000209,AMBQHHVBBHTQBF-UOUCRYGSSA-N
SP_000209,AMIMRNSIRUDHCM-UHFFFAOYSA-N
SP_000209,AMROMUFVHNPOEQ-UHFFFAOYSA-N
SP_000209,AOFQQLZNDSBFLN-UHFFFAOYSA-K
SP_000209,APBPHWLOGNJBLH-UHFFFAOYSA-N
SP_000209,APIQNBNBIICCON-FKMSRSAHSA-N
SP_000209,APIZAZFFQBVSJA-UHFFFAOYSA-N
SP_000209,APJYDQYYACXCRM-UHFFFAOYSA-N
SP_000209,AQIXAKUUQRKLND-UHFFFAOYSA-N
SP_000209,AQJZOYUAIGQOPF-BCYGMIQCSA-N
SP_000209,ARJPPNFIEQKVBB-UHFFFAOYSA-N
SP_000209,ARLAWMCEVZUXEY-UHFFFAOYSA-N
SP_000209,ARYTXMNEANMLMU-UHFFFAOYSA-N
SP_000209,ASCFNMCAHFUBCO-UHFFFAOYSA-N
SP_000210,ADHNTNYEJYJUCU-ZSJFXSENSA-N
SP_000210,BATOPAZDIZEVQF-IAROGAJJSA-N
SP_000210,BHPQYMZQTOCNFJ-UHFFFAOYSA-N
SP_000210,CIWBSHSKHKDKBQ-JLAZNSOCSA-N
SP_000210,CZXLHIZQQUJTND-UHFFFAOYSA-N
SP_000210,DHMQDGOQFOQNFH-UHFFFAOYSA-N
SP_000210,DJLTZJGULPLVOA-UHFFFAOYSA-N
SP_000210,FCGOBISRCUOUQH-UHFFFAOYSA-N
SP_000210,GDBJCCBRRCYCEG-UHFFFAOYSA-N
SP_000210,IIACRCGMVDHOTQ-UHFFFAOYSA-N
SP_000210,JIWBIWFOSCKQMA-DFARDDQGSA-N
SP_000210,JLQNHALFVCURHW-UHFFFAOYSA-N
SP_000210,JZRWCGZRTZMZEH-UHFFFAOYSA-N
SP_000210,KBEBGUQPQBELIU-HJWRWDBZSA-N
SP_000210,KDXKERNSBIXSRK-YFKPBYRVSA-N
SP_000210,KEAYESYHFKHZAL-UHFFFAOYSA-N
SP_000210,KJDZDTDNIULJBE-VAWYXSNFSA-N
SP_000210,KQMVAGISDHMXJJ-UHFFFAOYSA-N
SP_000210,LLCYNDRFWDIIQS-WQLSENKSSA-N
SP_000210,LXNHXLLTXMVWPM-UHFFFAOYSA-N
SP_000210,NPYPAHLBTDXSSS-UHFFFAOYSA-N
SP_000210,ODKSFYDXXFIFQN-BYPYZUCNSA-N
SP_000210,ONIBWKKTOPOVIA-BYPYZUCNSA-N
SP_000210,OUYCCCASQSFEME-UHFFFAOYSA-N
SP_000210,OVBPIULPVIDEAO-LBPRGKRZSA-N
SP_000210,PCBSXBYCASFXTM-UHFFFAOYSA-N
SP_000210,PGMBAYKBYBXNNR-UHFFFAOYSA-N
SP_000210,POWISKNFFRUCCW-UHFFFAOYSA-N
SP_000210,PVNIIMVLHYAWGP-UHFFFAOYSA-N
SP_000210,QIVBCDIJIAJPQS-VIFPVBQESA-N
SP_000210,QNAYBMKLOCPYGJ-REOHCLBHSA-N
SP_000210,ROHFNLRQFUQHCH-UHFFFAOYSA-N
SP_000210,VYFYYTLLBUKUHU-UHFFFAOYSA-N
SP_000210,VYGQUTWHTHXGQB-UMNZIDCRSA-N
SP_000210,WEDGVCZUPFZNDE-UHFFFAOYSA-N
SP_000210,WZVWUSABZGIQJZ-UHFFFAOYSA-N
SP_000210,XWVDCVZOOVTJKF-RIYZIHGNSA-N
SP_000210,YHWNASRGLKJRJJ-UHFFFAOYSA-N
SP_000210,ZAKOWWREFLAJOT-UHFFFAOYSA-N
SP_000210,ZVKXPPXCNUMUOR-REWZIMNXSA-N
SP_000211,AABKSFWWBUPVNY-NVCPWDGJSA-N
SP_000211,AAFBEFOSCLMOTF-KXBCQOCRSA-N
SP_000211,AAFBEFOSCLMOTF-RRPFJGJLSA-N
SP_000211,AANMVENRNJYEMK-UHFFFAOYSA-N
SP_000211,AANZTOSGIRNZNM-LNOKNGNPSA-N
SP_000211,AAPGXBRKBIUCMQ-GWHBCOKCSA-N
SP_000211,AAWNBEJOCRYVJE-QNGWXLTQSA-N
SP_000211,AAWZDTNXLSGCEK-UHFFFAOYSA-M
SP_000211,AAXMCYUUKFLUMJ-JSFHAIONSA-N
SP_000211,AAXMCYUUKFLUMJ-TWDRBPDCSA-N
SP_000211,AAXYAFFKOSNMEB-MHARETSRSA-N
SP_000211,AAZOMBJKSJQDHJ-ZBRBWIFHSA-N
SP_000211,AAZZVFONLHYNDZ-NVQRUNIKSA-J
SP_000211,ABBYYPGQJRBTGA-NESBLOORSA-N
SP_000211,ABCOOORLYAOBOZ-KQYNXXCUSA-N
SP_000211,ABFJWRKPWCFTQP-JKFVOKSPSA-N
SP_000211,ABFJWRKPWCFTQP-XSMLMOGHSA-N
SP_000211,ABIKEVIWOJTKQS-AARKOHAPSA-N
SP_000211,ABLZXFCXXLZCGV-UHFFFAOYSA-L
SP_000211,ABRHOUKZOUNSSK-FVEAQGRNSA-N
SP_000211,ABUKPIBHMMLQDI-RCOVLANCSA-N
SP_000211,ACGLCDJEASKGDO-JSYPMYMJSA-N
SP_000211,ACIVVGBVOVHFPQ-RPDRRWSUSA-N
SP_000211,ACLPCAOOWJUVLL-DZKYTWFZSA-N
SP_000211,ACLQSYLJAZRTAP-XAFBQJBNSA-N
SP_000211,ACSIRQPNAYTBRW-VZUYHUTRSA-N
SP_000211,ACTHNCRNFFCCAQ-PLKVWTDNSA-N
SP_000211,ACTHNCRNFFCCAQ-YNQDZHFMSA-N
SP_000211,ACZVSMNFVFBOTM-UHFFFAOYSA-N
SP_000211,ADCKHLSRWCXEIY-GGAPOBRUSA-N
SP_000211,ADHKIZQYPQGIRC-ACSKKKSPSA-N
SP_000211,ADHKIZQYPQGIRC-SOZVHHJESA-N
SP_000211,ADHNTNYEJYJUCU-ZSJFXSENSA-N
SP_000211,ADKNUXINKGBJMY-LDLOPFEMSA-N
SP_000211,ADMGMAPZAQUXIR-VRHMUEQPSA-N
SP_000211,ADNSYCXWAHUWTA-SYOMJGEJSA-N
SP_000211,ADSGHWJRPOXXTD-IHWYPQMZSA-M
SP_000211,ADYPMBBPSUQKED-VOLCNUBSSA-N
SP_000211,ADZPFIMEBZGRHB-ILJAMNOWSA-N
SP_000211,AEFNZGGBWOQYID-UHFFFAOYSA-N
SP_000211,AEIJGHDRIPTRQY-UBTAJKBJSA-N
SP_000211,AELFRHHZGTVYGJ-QMMMGPOBSA-N
SP_000211,AEMFNILZOJDQLW-QAGGRKNESA-N
SP_000211,AERBNCYCJBRYDG-UHFFFAOYSA-N
SP_000211,AESBAQNLQIQXNK-BMFSGJJHSA-N
SP_000211,AETXDQTWHNBCRO-QLKFWGTOSA-N
SP_000211,AEWHYWSPVRZHCT-NDZSKPAWSA-N
SP_000211,AEWHYWSPVRZHCT-UHFFFAOYSA-J
SP_000211,AEXNGRVFOMIYOW-ICFOKQHNSA-N
SP_000211,AFFQVAIMWFYJJS-DTHFMEMVSA-N
SP_000212,AABKSFWWBUPVNY-NVCPWDGJSA-N
SP_000212,AAFBEFOSCLMOTF-KXBCQOCRSA-N
SP_000212,AAFBEFOSCLMOTF-RRPFJGJLSA-N
SP_000212,AANMVENRNJYEMK-UHFFFAOYSA-N
SP_000212,AANZTOSGIRNZNM-LNOKNGNPSA-N
SP_000212,AAPGXBRKBIUCMQ-GWHBCOKCSA-N
SP_000212,AAWNBEJOCRYVJE-QNGWXLTQSA-N
SP_000212,AAWZDTNXLSGCEK-UHFFFAOYSA-M
SP_000212,AAXMCYUUKFLUMJ-JSFHAIONSA-N
SP_000212,AAXMCYUUKFLUMJ-TWDRBPDCSA-N
SP_000212,AAXYAFFKOSNMEB-MHARETSRSA-N
SP_000212,AAZOMBJKSJQDHJ-ZBRBWIFHSA-N
SP_000212,AAZZVFONLHYNDZ-NVQRUNIKSA-J
SP_000212,ABBYYPGQJRBTGA-NESBLOORSA-N
SP_000212,ABCOOORLYAOBOZ-KQYNXXCUSA-N
SP_000212,ABFJWRKPWCFTQP-JKFVOKSPSA-N
SP_000212,ABFJWRKPWCFTQP-XSMLMOGHSA-N
SP_000212,ABIKEVIWOJTKQS-AARKOHAPSA-N
SP_000212,ABLZXFCXXLZCGV-UHFFFAOYSA-L
SP_000212,ABRHOUKZOUNSSK-FVEAQGRNSA-N
SP_000212,ABUKPIBHMMLQDI-RCOVLANCSA-N
SP_000212,ACGLCDJEASKGDO-JSYPMYMJSA-N
SP_000212,ACIVVGBVOVHFPQ-RPDRRWSUSA-N
SP_000212,ACLPCAOOWJUVLL-DZKYTWFZSA-N
SP_000212,ACLQSYLJAZRTAP-XAFBQJBNSA-N
SP_000212,ACSIRQPNAYTBRW-VZUYHUTRSA-N
SP_000212,ACTHNCRNFFCCAQ-PLKVWTDNSA-N
SP_000212,ACTHNCRNFFCCAQ-YNQDZHFMSA-N
SP_000212,ACZVSMNFVFBOTM-UHFFFAOYSA-N
SP_000212,ADCKHLSRWCXEIY-GGAPOBRUSA-N
SP_000212,ADHKIZQYPQGIRC-ACSKKKSPSA-N
SP_000212,ADHKIZQYPQGIRC-SOZVHHJESA-N
SP_000212,ADHNTNYEJYJUCU-ZSJFXSENSA-N
SP_000212,ADKNUXINKGBJMY-LDLOPFEMSA-N
SP_000212,ADMGMAPZAQUXIR-VRHMUEQPSA-N
SP_000212,ADNSYCXWAHUWTA-SYOMJGEJSA-N
SP_000212,ADSGHWJRPOXXTD-IHWYPQMZSA-M
SP_000212,ADYPMBBPSUQKED-VOLCNUBSSA-N
SP_000212,ADZPFIMEBZGRHB-ILJAMNOWSA-N
SP_000212,AEFNZGGBWOQYID-UHFFFAOYSA-N
SP_000212,AEIJGHDRIPTRQY-UBTAJKBJSA-N
SP_000212,AELFRHHZGTVYGJ-QMMMGPOBSA-N
SP_000212,AEMFNILZOJDQLW-QAGGRKNESA-N
SP_000212,AERBNCYCJBRYDG-UHFFFAOYSA-N
SP_000212,AESBAQNLQIQXNK-BMFSGJJHSA-N
SP_000212,AETXDQTWHNBCRO-QLKFWGTOSA-N
SP_000212,AEWHYWSPVRZHCT-NDZSKPAWSA-N
SP_000212,AEWHYWSPVRZHCT-UHFFFAOYSA-J
SP_000212,AEXNGRVFOMIYOW-ICFOKQHNSA-N
SP_000212,AFFQVAIMWFYJJS-DTHFMEMVSA-N
SP_000213,ADHNTNYEJYJUCU-ZSJFXSENSA-N
SP_000213,BATOPAZDIZEVQF-IAROGAJJSA-N
SP_000213,BHPQYMZQTOCNFJ-UHFFFAOYSA-N
SP_000213,CIWBSHSKHKDKBQ-JLAZNSOCSA-N
SP_000213,CZXLHIZQQUJTND-UHFFFAOYSA-N
SP_000213,DHMQDGOQFOQNFH-UHFFFAOYSA-N
SP_000213,DJLTZJGULPLVOA-UHFFFAOYSA-N
SP_000213,FCGOBISRCUOUQH-UHFFFAOYSA-N
SP_000213,GDBJCCBRRCYCEG-UHFFFAOYSA-N
SP_000213,IIACRCGMVDHOTQ-UHFFFAOYSA-N
SP_000213,IMKHDCBNRDRUEB-UHFFFAOYSA-N
SP_000213,JGHZJRVDZXSNKQ-UHFFFAOYSA-N
SP_000213,JIWBIWFOSCKQMA-DFARDDQGSA-N
SP_000213,JLQNHALFVCURHW-UHFFFAOYSA-N
SP_000213,JZRWCGZRTZMZEH-UHFFFAOYSA-N
SP_000213,JZVFJDZBLUFKCA-CMDGGOBGSA-N
SP_000213,KBEBGUQPQBELIU-HJWRWDBZSA-N
SP_000213,KDXKERNSBIXSRK-YFKPBYRVSA-N
SP_000213,KEAYESYHFKHZAL-UHFFFAOYSA-N
SP_000213,KJDZDTDNIULJBE-VAWYXSNFSA-N
SP_000213,KQMVAGISDHMXJJ-UHFFFAOYSA-N
SP_000213,LFQSCWFLJHTTHZ-UHFFFAOYSA-N
SP_000213,LLCYNDRFWDIIQS-WQLSENKSSA-N
SP_000213,LXNHXLLTXMVWPM-UHFFFAOYSA-N
SP_000213,NPYPAHLBTDXSSS-UHFFFAOYSA-N
SP_000213,ODKSFYDXXFIFQN-BYPYZUCNSA-N
SP_000213,ONIBWKKTOPOVIA-BYPYZUCNSA-N
SP_000213,OUYCCCASQSFEME-UHFFFAOYSA-N
SP_000213,OVBPIULPVIDEAO-LBPRGKRZSA-N
SP_000213,PCBSXBYCASFXTM-UHFFFAOYSA-N
SP_000213,PGMBAYKBYBXNNR-UHFFFAOYSA-N
SP_000213,POWISKNFFRUCCW-UHFFFAOYSA-N
SP_000213,PVNIIMVLHYAWGP-UHFFFAOYSA-N
SP_000213,QIVBCDIJIAJPQS-VIFPVBQESA-N
SP_000213,QNAYBMKLOCPYGJ-REOHCLBHSA-N
SP_000213,ROHFNLRQFUQHCH-UHFFFAOYSA-N
SP_000213,UQDUPQYQJKYHQI-UHFFFAOYSA-N
SP_000213,VYFYYTLLBUKUHU-UHFFFAOYSA-N
SP_000213,VYGQUTWHTHXGQB-UMNZIDCRSA-N
SP_000213,WEDGVCZUPFZNDE-UHFFFAOYSA-N
SP_000213,WZVWUSABZGIQJZ-UHFFFAOYSA-N
SP_000213,XWVDCVZOOVTJKF-RIYZIHGNSA-N
SP_000213,YHWNASRGLKJRJJ-UHFFFAOYSA-N
SP_000213,ZAKOWWREFLAJOT-UHFFFAOYSA-N
SP_000213,ZROGCCBNZBKLEL-MPRHSVQHSA-N
SP_000213,ZVKXPPXCNUMUOR-REWZIMNXSA-N
SP_000214,ADHNTNYEJYJUCU-ZSJFXSENSA-N
SP_000214,BATOPAZDIZEVQF-IAROGAJJSA-N
SP_000214,BHPQYMZQTOCNFJ-UHFFFAOYSA-N
SP_000214,CIWBSHSKHKDKBQ-JLAZNSOCSA-N
SP_000214,CZXLHIZQQUJTND-UHFFFAOYSA-N
SP_000214,DHMQDGOQFOQNFH-UHFFFAOYSA-N
SP_000214,DJLTZJGULPLVOA-UHFFFAOYSA-N
SP_000214,FCGOBISRCUOUQH-UHFFFAOYSA-N
SP_000214,IIACRCGMVDHOTQ-UHFFFAOYSA-N
SP_000214,JLQNHALFVCURHW-UHFFFAOYSA-N
SP_000214,JZRWCGZRTZMZEH-UHFFFAOYSA-N
SP_000214,KBEBGUQPQBELIU-HJWRWDBZSA-N
SP_000214,KDXKERNSBIXSRK-YFKPBYRVSA-N
SP_000214,KEAYESYHFKHZAL-UHFFFAOYSA-N
SP_000214,KQMVAGISDHMXJJ-UHFFFAOYSA-N
SP_000214,LLCYNDRFWDIIQS-WQLSENKSSA-N
SP_000214,LXNHXLLTXMVWPM-UHFFFAOYSA-N
SP_000214,NPYPAHLBTDXSSS-UHFFFAOYSA-N
SP_000214,ODKSFYDXXFIFQN-BYPYZUCNSA-N
SP_000214,ONIBWKKTOPOVIA-BYPYZUCNSA-N
SP_000214,OUYCCCASQSFEME-UHFFFAOYSA-N
SP_000214,OVBPIULPVIDEAO-LBPRGKRZSA-N
SP_000214,PGMBAYKBYBXNNR-UHFFFAOYSA-N
SP_000214,POWISKNFFRUCCW-UHFFFAOYSA-N
SP_000214,PVNIIMVLHYAWGP-UHFFFAOYSA-N
SP_000214,QIVBCDIJIAJPQS-VIFPVBQESA-N
SP_000214,QNAYBMKLOCPYGJ-REOHCLBHSA-N
SP_000214,ROHFNLRQFUQHCH-UHFFFAOYSA-N
SP_000214,VYFYYTLLBUKUHU-UHFFFAOYSA-N
SP_000214,VYGQUTWHTHXGQB-UMNZIDCRSA-N
SP_000214,WEDGVCZUPFZNDE-UHFFFAOYSA-N
SP_000214,WZVWUSABZGIQJZ-UHFFFAOYSA-N
SP_000214,XWVDCVZOOVTJKF-RIYZIHGNSA-N
SP_000214,YHWNASRGLKJRJJ-UHFFFAOYSA-N
SP_000214,ZAKOWWREFLAJOT-UHFFFAOYSA-N
SP_000214,ZVKXPPXCNUMUOR-REWZIMNXSA-N
SP_000215,AABKSFWWBUPVNY-NVCPWDGJSA-N
SP_000215,AAFBEFOSCLMOTF-KXBCQOCRSA-N
SP_000215,AAFBEFOSCLMOTF-RRPFJGJLSA-N
SP_000215,AANMVENRNJYEMK-UHFFFAOYSA-N
SP_000215,AANZTOSGIRNZNM-LNOKNGNPSA-N
SP_000215,AAPGXBRKBIUCMQ-GWHBCOKCSA-N
SP_000215,AAWNBEJOCRYVJE-QNGWXLTQSA-N
SP_000215,AAWZDTNXLSGCEK-UHFFFAOYSA-M
SP_000215,AAXMCYUUKFLUMJ-JSFHAIONSA-N
SP_000215,AAXMCYUUKFLUMJ-TWDRBPDCSA-N
SP_000215,AAXYAFFKOSNMEB-MHARETSRSA-N
SP_000215,AAZOMBJKSJQDHJ-ZBRBWIFHSA-N
SP_000215,AAZZVFONLHYNDZ-NVQRUNIKSA-J
SP_000215,ABBYYPGQJRBTGA-NESBLOORSA-N
SP_000215,ABCOOORLYAOBOZ-KQYNXXCUSA-N
SP_000215,ABFJWRKPWCFTQP-JKFVOKSPSA-N
SP_000215,ABFJWRKPWCFTQP-XSMLMOGHSA-N
SP_000215,ABIKEVIWOJTKQS-AARKOHAPSA-N
SP_000215,ABLZXFCXXLZCGV-UHFFFAOYSA-L
SP_000215,ABRHOUKZOUNSSK-FVEAQGRNSA-N
SP_000215,ABUKPIBHMMLQDI-RCOVLANCSA-N
SP_000215,ACGLCDJEASKGDO-JSYPMYMJSA-N
SP_000215,ACIVVGBVOVHFPQ-RPDRRWSUSA-N
SP_000215,ACLPCAOOWJUVLL-DZKYTWFZSA-N
SP_000215,ACLQSYLJAZRTAP-XAFBQJBNSA-N
SP_000215,ACSIRQPNAYTBRW-VZUYHUTRSA-N
SP_000215,ACTHNCRNFFCCAQ-PLKVWTDNSA-N
SP_000215,ACTHNCRNFFCCAQ-YNQDZHFMSA-N
SP_000215,ACZVSMNFVFBOTM-UHFFFAOYSA-N
SP_000215,ADCKHLSRWCXEIY-GGAPOBRUSA-N
SP_000215,ADHKIZQYPQGIRC-ACSKKKSPSA-N
SP_000215,ADHKIZQYPQGIRC-SOZVHHJESA-N
SP_000215,ADHNTNYEJYJUCU-ZSJFXSENSA-N
SP_000215,ADKNUXINKGBJMY-LDLOPFEMSA-N
SP_000215,ADMGMAPZAQUXIR-VRHMUEQPSA-N
SP_000215,ADNSYCXWAHUWTA-SYOMJGEJSA-N
SP_000215,ADSGHWJRPOXXTD-IHWYPQMZSA-M
SP_000215,ADYPMBBPSUQKED-VOLCNUBSSA-N
SP_000215,ADZPFIMEBZGRHB-ILJAMNOWSA-N
SP_000215,AEFNZGGBWOQYID-UHFFFAOYSA-N
SP_000215,AEIJGHDRIPTRQY-UBTAJKBJSA-N
SP_000215,AELFRHHZGTVYGJ-QMMMGPOBSA-N
SP_000215,AEMFNILZOJDQLW-QAGGRKNESA-N
SP_000215,AERBNCYCJBRYDG-UHFFFAOYSA-N
SP_000215,AESBAQNLQIQXNK-BMFSGJJHSA-N
SP_000215,AETXDQTWHNBCRO-QLKFWGTOSA-N
SP_000215,AEWHYWSPVRZHCT-NDZSKPAWSA-N
SP_000215,AEWHYWSPVRZHCT-UHFFFAOYSA-J
SP_000215,AEXNGRVFOMIYOW-ICFOKQHNSA-N
SP_000215,AFFQVAIMWFYJJS-DTHFMEMVSA-N
SP_000216,AABKSFWWBUPVNY-NVCPWDGJSA-N
SP_000216,AAFBEFOSCLMOTF-KXBCQOCRSA-N
SP_000216,AAFBEFOSCLMOTF-RRPFJGJLSA-N
SP_000216,AANMVENRNJYEMK-UHFFFAOYSA-N
SP_000216,AANZTOSGIRNZNM-LNOKNGNPSA-N
SP_000216,AAPGXBRKBIUCMQ-GWHBCOKCSA-N
SP_000216,AAWNBEJOCRYVJE-QNGWXLTQSA-N
SP_000216,AAWZDTNXLSGCEK-UHFFFAOYSA-M
SP_000216,AAXMCYUUKFLUMJ-JSFHAIONSA-N
SP_000216,AAXMCYUUKFLUMJ-TWDRBPDCSA-N
SP_000216,AAXYAFFKOSNMEB-MHARETSRSA-N
SP_000216,AAZOMBJKSJQDHJ-ZBRBWIFHSA-N
SP_000216,AAZZVFONLHYNDZ-NVQRUNIKSA-J
SP_000216,ABBYYPGQJRBTGA-NESBLOORSA-N
SP_000216,ABCOOORLYAOBOZ-KQYNXXCUSA-N
SP_000216,ABFJWRKPWCFTQP-JKFVOKSPSA-N
SP_000216,ABFJWRKPWCFTQP-XSMLMOGHSA-N
SP_000216,ABIKEVIWOJTKQS-AARKOHAPSA-N
SP_000216,ABLZXFCXXLZCGV-UHFFFAOYSA-L
SP_000216,ABRHOUKZOUNSSK-FVEAQGRNSA-N
SP_000216,ABUKPIBHMMLQDI-RCOVLANCSA-N
SP_000216,ACGLCDJEASKGDO-JSYPMYMJSA-N
SP_000216,ACIVVGBVOVHFPQ-RPDRRWSUSA-N
SP_000216,ACLPCAOOWJUVLL-DZKYTWFZSA-N
SP_000216,ACLQSYLJAZRTAP-XAFBQJBNSA-N
SP_000216,ACSIRQPNAYTBRW-VZUYHUTRSA-N
SP_000216,ACTHNCRNFFCCAQ-PLKVWTDNSA-N
SP_000216,ACTHNCRNFFCCAQ-YNQDZHFMSA-N
SP_000216,ACZVSMNFVFBOTM-UHFFFAOYSA-N
SP_000216,ADCKHLSRWCXEIY-GGAPOBRUSA-N
SP_000216,ADHKIZQYPQGIRC-ACSKKKSPSA-N
SP_000216,ADHKIZQYPQGIRC-SOZVHHJESA-N
SP_000216,ADHNTNYEJYJUCU-ZSJFXSENSA-N
SP_000216,ADKNUXINKGBJMY-LDLOPFEMSA-N
SP_000216,ADMGMAPZAQUXIR-VRHMUEQPSA-N
SP_000216,ADNSYCXWAHUWTA-SYOMJGEJSA-N
SP_000216,ADSGHWJRPOXXTD-IHWYPQMZSA-M
SP_000216,ADYPMBBPSUQKED-VOLCNUBSSA-N
SP_000216,ADZPFIMEBZGRHB-ILJAMNOWSA-N
SP_000216,AEFNZGGBWOQYID-UHFFFAOYSA-N
SP_000216,AEIJGHDRIPTRQY-UBTAJKBJSA-N
SP_000216,AELFRHHZGTVYGJ-QMMMGPOBSA-N
SP_000216,AEMFNILZOJDQLW-QAGGRKNESA-N
SP_000216,AERBNCYCJBRYDG-UHFFFAOYSA-N
SP_000216,AESBAQNLQIQXNK-BMFSGJJHSA-N
SP_000216,AETXDQTWHNBCRO-QLKFWGTOSA-N
SP_000216,AEWHYWSPVRZHCT-NDZSKPAWSA-N
SP_000216,AEWHYWSPVRZHCT-UHFFFAOYSA-J
SP_000216,AEXNGRVFOMIYOW-ICFOKQHNSA-N
SP_000216,AFFQVAIMWFYJJS-DTHFMEMVSA-N
SP_000217,AABKSFWWBUPVNY-NVCPWDGJSA-N
SP_000217,AAFBEFOSCLMOTF-KXBCQOCRSA-N
SP_000217,AAFBEFOSCLMOTF-RRPFJGJLSA-N
SP_000217,AANMVENRNJYEMK-UHFFFAOYSA-N
SP_000217,AANZTOSGIRNZNM-LNOKNGNPSA-N
SP_000217,AAPGXBRKBIUCMQ-GWHBCOKCSA-N
SP_000217,AAWNBEJOCRYVJE-QNGWXLTQSA-N
SP_000217,AAWZDTNXLSGCEK-UHFFFAOYSA-M
SP_000217,AAXMCYUUKFLUMJ-JSFHAIONSA-N
SP_000217,AAXMCYUUKFLUMJ-TWDRBPDCSA-N
SP_000217,AAXYAFFKOSNMEB-MHARETSRSA-N
SP_000217,AAZOMBJKSJQDHJ-ZBRBWIFHSA-N
SP_000217,AAZZVFONLHYNDZ-NVQRUNIKSA-J
SP_000217,ABBYYPGQJRBTGA-NESBLOORSA-N
SP_000217,ABCOOORLYAOBOZ-KQYNXXCUSA-N
SP_000217,ABFJWRKPWCFTQP-JKFVOKSPSA-N
SP_000217,ABFJWRKPWCFTQP-XSMLMOGHSA-N
SP_000217,ABIKEVIWOJTKQS-AARKOHAPSA-N
SP_000217,ABLZXFCXXLZCGV-UHFFFAOYSA-L
SP_000217,ABRHOUKZOUNSSK-FVEAQGRNSA-N
SP_000217,ABUKPIBHMMLQDI-RCOVLANCSA-N
SP_000217,ACGLCDJEASKGDO-JSYPMYMJSA-N
SP_000217,ACIVVGBVOVHFPQ-RPDRRWSUSA-N
SP_000217,ACLPCAOOWJUVLL-DZKYTWFZSA-N
SP_000217,ACLQSYLJAZRTAP-XAFBQJBNSA-N
SP_000217,ACSIRQPNAYTBRW-VZUYHUTRSA-N
SP_000217,ACTHNCRNFFCCAQ-PLKVWTDNSA-N
SP_000217,ACTHNCRNFFCCAQ-YNQDZHFMSA-N
SP_000217,ACZVSMNFVFBOTM-UHFFFAOYSA-N
SP_000217,ADCKHLSRWCXEIY-GGAPOBRUSA-N
SP_000217,ADHKIZQYPQGIRC-ACSKKKSPSA-N
SP_000217,ADHKIZQYPQGIRC-SOZVHHJESA-N
SP_000217,ADHNTNYEJYJUCU-ZSJFXSENSA-N
SP_000217,ADKNUXINKGBJMY-LDLOPFEMSA-N
SP_000217,ADMGMAPZAQUXIR-VRHMUEQPSA-N
SP_000217,ADNSYCXWAHUWTA-SYOMJGEJSA-N
SP_000217,ADSGHWJRPOXXTD-IHWYPQMZSA-M
SP_000217,ADYPMBBPSUQKED-VOLCNUBSSA-N
SP_000217,ADZPFIMEBZGRHB-ILJAMNOWSA-N
SP_000217,AEFNZGGBWOQYID-UHFFFAOYSA-N
SP_000217,AEIJGHDRIPTRQY-UBTAJKBJSA-N
SP_000217,AELFRHHZGTVYGJ-QMMMGPOBSA-N
SP_000217,AEMFNILZOJDQLW-QAGGRKNESA-N
SP_000217,AERBNCYCJBRYDG-UHFFFAOYSA-N
SP_000217,AESBAQNLQIQXNK-BMFSGJJHSA-N
SP_000217,AETXDQTWHNBCRO-QLKFWGTOSA-N
SP_000217,AEWHYWSPVRZHCT-NDZSKPAWSA-N
SP_000217,AEWHYWSPVRZHCT-UHFFFAOYSA-J
SP_000217,AEXNGRVFOMIYOW-ICFOKQHNSA-N
SP_000217,AFFQVAIMWFYJJS-DTHFMEMVSA-N
SP_000218,ADHNTNYEJYJUCU-ZSJFXSENSA-N
SP_000218,BATOPAZDIZEVQF-IAROGAJJSA-N
SP_000218,BHPQYMZQTOCNFJ-UHFFFAOYSA-N
SP_000218,CIWBSHSKHKDKBQ-JLAZNSOCSA-N
SP_000218,CZMRCDWAGMRECN-UGDNZRGBSA-N
SP_000218,CZXLHIZQQUJTND-UHFFFAOYSA-N
SP_000218,DHMQDGOQFOQNFH-UHFFFAOYSA-N
SP_000218,DJLTZJGULPLVOA-UHFFFAOYSA-N
SP_000218,DOTJYWQAPHIAIF-UHFFFAOYSA-N
SP_000218,FCGOBISRCUOUQH-UHFFFAOYSA-N
SP_000218,GDBJCCBRRCYCEG-UHFFFAOYSA-N
SP_000218,GVJHHUAWPYXKBD-IEOSBIPESA-N
SP_000218,HUTCYUJPLOTDMX-KEBDBYFISA-N
SP_000218,IIACRCGMVDHOTQ-UHFFFAOYSA-N
SP_000218,IMKHDCBNRDRUEB-UHFFFAOYSA-N
SP_000218,JEKGHHPMLRLCIW-VBVMRKNNSA-N
SP_000218,JGHZJRVDZXSNKQ-UHFFFAOYSA-N
SP_000218,JIWBIWFOSCKQMA-DFARDDQGSA-N
SP_000218,JLQNHALFVCURHW-UHFFFAOYSA-N
SP_000218,JZRWCGZRTZMZEH-UHFFFAOYSA-N
SP_000218,JZVFJDZBLUFKCA-CMDGGOBGSA-N
SP_000218,KBEBGUQPQBELIU-HJWRWDBZSA-N
SP_000218,KDXKERNSBIXSRK-YFKPBYRVSA-N
SP_000218,KEAYESYHFKHZAL-UHFFFAOYSA-N
SP_000218,KJDZDTDNIULJBE-VAWYXSNFSA-N
SP_000218,KQMVAGISDHMXJJ-UHFFFAOYSA-N
SP_000218,LFQSCWFLJHTTHZ-UHFFFAOYSA-N
SP_000218,LLCYNDRFWDIIQS-WQLSENKSSA-N
SP_000218,LXNHXLLTXMVWPM-UHFFFAOYSA-N
SP_000218,NPYPAHLBTDXSSS-UHFFFAOYSA-N
SP_000218,ODKSFYDXXFIFQN-BYPYZUCNSA-N
SP_000218,ONIBWKKTOPOVIA-BYPYZUCNSA-N
SP_000218,OUMMPAFEQHTYIZ-UHFFFAOYSA-N
SP_000218,OUYCCCASQSFEME-UHFFFAOYSA-N
SP_000218,OVBPIULPVIDEAO-LBPRGKRZSA-N
SP_000218,PCBSXBYCASFXTM-UHFFFAOYSA-N
SP_000218,PGMBAYKBYBXNNR-UHFFFAOYSA-N
SP_000218,POWISKNFFRUCCW-UHFFFAOYSA-N
SP_000218,PVNIIMVLHYAWGP-UHFFFAOYSA-N
SP_000218,QIVBCDIJIAJPQS-VIFPVBQESA-N
SP_000218,QNAYBMKLOCPYGJ-REOHCLBHSA-N
SP_000218,ROHFNLRQFUQHCH-UHFFFAOYSA-N
SP_000218,RYYVLZVUVIJVGH-UHFFFAOYSA-N
SP_000218,UQDUPQYQJKYHQI-UHFFFAOYSA-N
SP_000218,VYFYYTLLBUKUHU-UHFFFAOYSA-N
SP_000218,VYGQUTWHTHXGQB-UMNZIDCRSA-N
SP_000218,WEDGVCZUPFZNDE-UHFFFAOYSA-N
SP_000218,WEEGYLXZBRQIMU-UHFFFAOYSA-N
SP_000218,WZVWUSABZGIQJZ-UHFFFAOYSA-N
SP_000218,XWVDCVZOOVTJKF-RIYZIHGNSA-N
SP_000219,AAARRLVSWMMLIL-JFDCHTIYSA-N
SP_000219,AAAULIDICJVAGC-XUJQSNPTSA-N
SP_000219,AAAUQAJYMBAEDN-SDYYSCIWSA-N
SP_000219,AAAYFFAGXKLUDV-XSMLMOGHSA-N
SP_000219,AABKSFWWBUPVNY-NVCPWDGJSA-N
SP_000219,AABORWYRSOFPIQ-RIVVNBGWSA-N
SP_000219,AACGGBKJSIMRBR-BWSSJUFOSA-N
SP_000219,AACZXYOSBJYYOH-XBNQVYLISA-N
SP_000219,AAEDIKNVLNRFNP-VERBRUMSSA-N
SP_000219,AAEDVOLFYYONLY-WBCKFURZSA-N
SP_000219,AAEGDCWJLSBMKO-QRXDBQBNSA-N
SP_000219,AAEKPOOCHGGGKT-NLXJDERGSA-N
SP_000219,AAEVYOVXGOFMJO-UHFFFAOYSA-N
SP_000219,AAFPBUWBKCMUOC-AZZQUJCXSA-N
SP_000219,AAGIXMREDGMXGU-ASISNPDYSA-N
SP_000219,AAGKNIVYCBWMIR-HKNFJBDMSA-N
SP_000219,AAHQMLDWRXUNIA-HZTDGBLZSA-N
SP_000219,AAISSOQIFFPNFZ-AXAMJWTMSA-N
SP_000219,AAJCSPWAQIOZOP-HUESYALOSA-N
SP_000219,AAKHKGPJPZLUOV-ZGNZLWFWSA-N
SP_000219,AAMZNUSIHHMEQD-ZUFHXVCQSA-N
SP_000219,AANCKINPVVQDGX-OSUITXOZSA-N
SP_000219,AANHDBNUIKYXLN-OKUWMSBNSA-N
SP_000219,AANZTOSGIRNZNM-LNOKNGNPSA-N
SP_000219,AAOSLICMXQEMBQ-IONAWPRUSA-N
SP_000219,AAOXKTNPFBHMFQ-KZBYCKEYSA-N
SP_000219,AAQXAMYHTKLRRO-GRSNDSDLSA-N
SP_000219,AASMSXXODHOKTE-AKAJXFOGSA-N
SP_000219,AASMSXXODHOKTE-WDLSKMLESA-N
SP_000219,AAVFZGNNVBUUJP-DTSDQNDWSA-N
SP_000219,AAVFZGNNVBUUJP-IONAWPRUSA-N
SP_000219,AAVJUUZQHFIDSS-CQQUKVLBSA-N
SP_000219,AAVMVTWYUGHZHX-OALPUDEUSA-N
SP_000219,AAVMVTWYUGHZHX-YWIOZPJLSA-N
SP_000219,AAVNDRKAKFAYFN-FPQJXDIVSA-N
SP_000219,AAVNDRKAKFAYFN-MBLVYYNZSA-N
SP_000219,AAWSPHNKTFCCQE-GRSBDEQXSA-N
SP_000219,AAWYHGQYLUEDBG-MPLRIKRWSA-N
SP_000219,AAXMCYUUKFLUMJ-JSFHAIONSA-N
SP_000219,AAXWISAHYJUCTG-MPLRIKRWSA-N
SP_000219,AAXWISAHYJUCTG-OIVUAWODSA-N
SP_000219,AAYJVNROXHMWJF-OKIOPPKUSA-N
SP_000219,AAYLLNKLDFMSRD-HLIHSNNZSA-N
SP_000219,AAZDQNFGXLHGPJ-AUPLRJEGSA-N
SP_000219,AAZDQNFGXLHGPJ-PFUDJBDGSA-N
SP_000219,AAZLBQIWPSJHIZ-XGUPTXRGSA-N
SP_000219,AAZOMBJKSJQDHJ-ZBRBWIFHSA-N
SP_000219,AAZXFALIBYEKBE-UHFFFAOYSA-N
SP_000219,ABAPCGOEPWAJOW-KHLWFPLBSA-N
SP_000219,ABBYYPGQJRBTGA-NESBLOORSA-N
SP_000220,AABKSFWWBUPVNY-NVCPWDGJSA-N
SP_000220,AAFBEFOSCLMOTF-KXBCQOCRSA-N
SP_000220,AAFBEFOSCLMOTF-RRPFJGJLSA-N
SP_000220,AANMVENRNJYEMK-UHFFFAOYSA-N
SP_000220,AANZTOSGIRNZNM-LNOKNGNPSA-N
SP_000220,AAPGXBRKBIUCMQ-GWHBCOKCSA-N
SP_000220,AAWNBEJOCRYVJE-QNGWXLTQSA-N
SP_000220,AAWZDTNXLSGCEK-UHFFFAOYSA-M
SP_000220,AAXMCYUUKFLUMJ-JSFHAIONSA-N
SP_000220,AAXMCYUUKFLUMJ-TWDRBPDCSA-N
SP_000220,AAXYAFFKOSNMEB-MHARETSRSA-N
SP_000220,AAZOMBJKSJQDHJ-ZBRBWIFHSA-N
SP_000220,AAZZVFONLHYNDZ-NVQRUNIKSA-J
SP_000220,ABBYYPGQJRBTGA-NESBLOORSA-N
SP_000220,ABCOOORLYAOBOZ-KQYNXXCUSA-N
SP_000220,ABFJWRKPWCFTQP-JKFVOKSPSA-N
SP_000220,ABFJWRKPWCFTQP-XSMLMOGHSA-N
SP_000220,ABIKEVIWOJTKQS-AARKOHAPSA-N
SP_000220,ABLZXFCXXLZCGV-UHFFFAOYSA-L
SP_000220,ABRHOUKZOUNSSK-FVEAQGRNSA-N
SP_000220,ABUKPIBHMMLQDI-RCOVLANCSA-N
SP_000220,ABVCUBUIXWJYSE-UHFFFAOYSA-O
SP_000220,ACGLCDJEASKGDO-JSYPMYMJSA-N
SP_000220,ACIVVGBVOVHFPQ-RPDRRWSUSA-N
SP_000220,ACLPCAOOWJUVLL-DZKYTWFZSA-N
SP_000220,ACLQSYLJAZRTAP-XAFBQJBNSA-N
SP_000220,ACSIRQPNAYTBRW-VZUYHUTRSA-N
SP_000220,ACTHNCRNFFCCAQ-PLKVWTDNSA-N
SP_000220,ACTHNCRNFFCCAQ-YNQDZHFMSA-N
SP_000220,ACZVSMNFVFBOTM-UHFFFAOYSA-N
SP_000220,ADCKHLSRWCXEIY-GGAPOBRUSA-N
SP_000220,ADHKIZQYPQGIRC-ACSKKKSPSA-N
SP_000220,ADHKIZQYPQGIRC-SOZVHHJESA-N
SP_000220,ADHNTNYEJYJUCU-ZSJFXSENSA-N
SP_000220,ADKNUXINKGBJMY-LDLOPFEMSA-N
SP_000220,ADMGMAPZAQUXIR-VRHMUEQPSA-N
SP_000220,ADNSYCXWAHUWTA-SYOMJGEJSA-N
SP_000220,ADSGHWJRPOXXTD-IHWYPQMZSA-M
SP_000220,ADYPMBBPSUQKED-VOLCNUBSSA-N
SP_000220,ADZPFIMEBZGRHB-ILJAMNOWSA-N
SP_000220,AEFNZGGBWOQYID-UHFFFAOYSA-N
SP_000220,AEIJGHDRIPTRQY-UBTAJKBJSA-N
SP_000220,AELFRHHZGTVYGJ-QMMMGPOBSA-N
SP_000220,AEMFNILZOJDQLW-QAGGRKNESA-N
SP_000220,AERBNCYCJBRYDG-UHFFFAOYSA-N
SP_000220,AESBAQNLQIQXNK-BMFSGJJHSA-N
SP_000220,AETXDQTWHNBCRO-QLKFWGTOSA-N
SP_000220,AEWHYWSPVRZHCT-NDZSKPAWSA-N
SP_000220,AEWHYWSPVRZHCT-UHFFFAOYSA-J
SP_000220,AEXNGRVFOMIYOW-ICFOKQHNSA-N
SP_000221,AABKSFWWBUPVNY-NVCPWDGJSA-N
SP_000221,AAFBEFOSCLMOTF-KXBCQOCRSA-N
SP_000221,AAFBEFOSCLMOTF-RRPFJGJLSA-N
SP_000221,AANMVENRNJYEMK-UHFFFAOYSA-N
SP_000221,AANZTOSGIRNZNM-LNOKNGNPSA-N
SP_000221,AAPGXBRKBIUCMQ-GWHBCOKCSA-N
SP_000221,AAWNBEJOCRYVJE-QNGWXLTQSA-N
SP_000221,AAWZDTNXLSGCEK-UHFFFAOYSA-M
SP_000221,AAXMCYUUKFLUMJ-JSFHAIONSA-N
SP_000221,AAXMCYUUKFLUMJ-TWDRBPDCSA-N
SP_000221,AAXYAFFKOSNMEB-MHARETSRSA-N
SP_000221,AAZOMBJKSJQDHJ-ZBRBWIFHSA-N
SP_000221,AAZZVFONLHYNDZ-NVQRUNIKSA-J
SP_000221,ABBYYPGQJRBTGA-NESBLOORSA-N
SP_000221,ABCOOORLYAOBOZ-KQYNXXCUSA-N
SP_000221,ABFJWRKPWCFTQP-JKFVOKSPSA-N
SP_000221,ABFJWRKPWCFTQP-XSMLMOGHSA-N
SP_000221,ABIKEVIWOJTKQS-AARKOHAPSA-N
SP_000221,ABLZXFCXXLZCGV-UHFFFAOYSA-L
SP_000221,ABRHOUKZOUNSSK-FVEAQGRNSA-N
SP_000221,ABUKPIBHMMLQDI-RCOVLANCSA-N
SP_000221,ABVCUBUIXWJYSE-UHFFFAOYSA-O
SP_000221,ACGLCDJEASKGDO-JSYPMYMJSA-N
SP_000221,ACIVVGBVOVHFPQ-RPDRRWSUSA-N
SP_000221,ACLPCAOOWJUVLL-DZKYTWFZSA-N
SP_000221,ACLQSYLJAZRTAP-XAFBQJBNSA-N
SP_000221,ACSIRQPNAYTBRW-VZUYHUTRSA-N
SP_000221,ACTHNCRNFFCCAQ-PLKVWTDNSA-N
SP_000221,ACTHNCRNFFCCAQ-YNQDZHFMSA-N
SP_000221,ACZVSMNFVFBOTM-UHFFFAOYSA-N
SP_000221,ADCKHLSRWCXEIY-GGAPOBRUSA-N
SP_000221,ADHKIZQYPQGIRC-ACSKKKSPSA-N
SP_000221,ADHKIZQYPQGIRC-SOZVHHJESA-N
SP_000221,ADHNTNYEJYJUCU-ZSJFXSENSA-N
SP_000221,ADKNUXINKGBJMY-LDLOPFEMSA-N
SP_000221,ADMGMAPZAQUXIR-VRHMUEQPSA-N
SP_000221,ADNSYCXWAHUWTA-SYOMJGEJSA-N
SP_000221,ADSGHWJRPOXXTD-IHWYPQMZSA-M
SP_000221,ADYPMBBPSUQKED-VOLCNUBSSA-N
SP_000221,ADZPFIMEBZGRHB-ILJAMNOWSA-N
SP_000221,AEFNZGGBWOQYID-UHFFFAOYSA-N
SP_000221,AEIJGHDRIPTRQY-UBTAJKBJSA-N
SP_000221,AELFRHHZGTVYGJ-QMMMGPOBSA-N
SP_000221,AEMFNILZOJDQLW-QAGGRKNESA-N
SP_000221,AERBNCYCJBRYDG-UHFFFAOYSA-N
SP_000221,AESBAQNLQIQXNK-BMFSGJJHSA-N
SP_000221,AETXDQTWHNBCRO-QLKFWGTOSA-N
SP_000221,AEWHYWSPVRZHCT-NDZSKPAWSA-N
SP_000221,AEWHYWSPVRZHCT-UHFFFAOYSA-J
SP_000221,AEXNGRVFOMIYOW-ICFOKQHNSA-N
SP_000222,ADHNTNYEJYJUCU-ZSJFXSENSA-N
SP_000222,BATOPAZDIZEVQF-IAROGAJJSA-N
SP_000222,BHPQYMZQTOCNFJ-UHFFFAOYSA-N
SP_000222,CIWBSHSKHKDKBQ-JLAZNSOCSA-N
SP_000222,CZMRCDWAGMRECN-UGDNZRGBSA-N
SP_000222,CZXLHIZQQUJTND-UHFFFAOYSA-N
SP_000222,DHMQDGOQFOQNFH-UHFFFAOYSA-N
SP_000222,DJLTZJGULPLVOA-UHFFFAOYSA-N
SP_000222,DOTJYWQAPHIAIF-UHFFFAOYSA-N
SP_000222,FCGOBISRCUOUQH-UHFFFAOYSA-N
SP_000222,GDBJCCBRRCYCEG-UHFFFAOYSA-N
SP_000222,GVJHHUAWPYXKBD-IEOSBIPESA-N
SP_000222,GZIFEOYASATJEH-UHFFFAOYSA-N
SP_000222,HKSDVVJONLXYKL-ZFILXNNPSA-N
SP_000222,HUTCYUJPLOTDMX-KEBDBYFISA-N
SP_000222,IIACRCGMVDHOTQ-UHFFFAOYSA-N
SP_000222,IMKHDCBNRDRUEB-UHFFFAOYSA-N
SP_000222,JEKGHHPMLRLCIW-VBVMRKNNSA-N
SP_000222,JGHZJRVDZXSNKQ-UHFFFAOYSA-N
SP_000222,JIWBIWFOSCKQMA-DFARDDQGSA-N
SP_000222,JLQNHALFVCURHW-UHFFFAOYSA-N
SP_000222,JZRWCGZRTZMZEH-UHFFFAOYSA-N
SP_000222,JZVFJDZBLUFKCA-CMDGGOBGSA-N
SP_000222,KBEBGUQPQBELIU-HJWRWDBZSA-N
SP_000222,KDXKERNSBIXSRK-YFKPBYRVSA-N
SP_000222,KEAYESYHFKHZAL-UHFFFAOYSA-N
SP_000222,KJDZDTDNIULJBE-VAWYXSNFSA-N
SP_000222,KQMVAGISDHMXJJ-UHFFFAOYSA-N
SP_000222,LFQSCWFLJHTTHZ-UHFFFAOYSA-N
SP_000222,LLCYNDRFWDIIQS-WQLSENKSSA-N
SP_000222,LOIYMIARKYCTBW-UPHRSURJSA-N
SP_000222,LXNHXLLTXMVWPM-UHFFFAOYSA-N
SP_000222,NPYPAHLBTDXSSS-UHFFFAOYSA-N
SP_000222,ODKSFYDXXFIFQN-BYPYZUCNSA-N
SP_000222,ONIBWKKTOPOVIA-BYPYZUCNSA-N
SP_000222,OUMMPAFEQHTYIZ-UHFFFAOYSA-N
SP_000222,OUYCCCASQSFEME-UHFFFAOYSA-N
SP_000222,OVBPIULPVIDEAO-LBPRGKRZSA-N
SP_000222,PCBSXBYCASFXTM-UHFFFAOYSA-N
SP_000222,PGMBAYKBYBXNNR-UHFFFAOYSA-N
SP_000222,POWISKNFFRUCCW-UHFFFAOYSA-N
SP_000222,PVNIIMVLHYAWGP-UHFFFAOYSA-N
SP_000222,QIVBCDIJIAJPQS-VIFPVBQESA-N
SP_000222,QNAYBMKLOCPYGJ-REOHCLBHSA-N
SP_000222,QUEDXNHFTDJVIY-UHFFFAOYSA-N
SP_000222,ROHFNLRQFUQHCH-UHFFFAOYSA-N
SP_000222,RUDATBOHQWOJDD-JGFDLHJZSA-N
SP_000222,RYYVLZVUVIJVGH-UHFFFAOYSA-N
SP_000222,TXBRTEQRWJPSKE-UHFFFAOYSA-N
SP_000222,UQDUPQYQJKYHQI-UHFFFAOYSA-N
SP_000223,ADHNTNYEJYJUCU-ZSJFXSENSA-N
SP_000223,BATOPAZDIZEVQF-IAROGAJJSA-N
SP_000223,BHPQYMZQTOCNFJ-UHFFFAOYSA-N
SP_000223,CIWBSHSKHKDKBQ-JLAZNSOCSA-N
SP_000223,CZXLHIZQQUJTND-UHFFFAOYSA-N
SP_000223,DHMQDGOQFOQNFH-UHFFFAOYSA-N
SP_000223,DJLTZJGULPLVOA-UHFFFAOYSA-N
SP_000223,FCGOBISRCUOUQH-UHFFFAOYSA-N
SP_000223,GDBJCCBRRCYCEG-UHFFFAOYSA-N
SP_000223,IIACRCGMVDHOTQ-UHFFFAOYSA-N
SP_000223,IMKHDCBNRDRUEB-UHFFFAOYSA-N
SP_000223,JGHZJRVDZXSNKQ-UHFFFAOYSA-N
SP_000223,JIWBIWFOSCKQMA-DFARDDQGSA-N
SP_000223,JLQNHALFVCURHW-UHFFFAOYSA-N
SP_000223,JZRWCGZRTZMZEH-UHFFFAOYSA-N
SP_000223,JZVFJDZBLUFKCA-CMDGGOBGSA-N
SP_000223,KBEBGUQPQBELIU-HJWRWDBZSA-N
SP_000223,KDXKERNSBIXSRK-YFKPBYRVSA-N
SP_000223,KEAYESYHFKHZAL-UHFFFAOYSA-N
SP_000223,KJDZDTDNIULJBE-VAWYXSNFSA-N
SP_000223,KQMVAGISDHMXJJ-UHFFFAOYSA-N
SP_000223,LFQSCWFLJHTTHZ-UHFFFAOYSA-N
SP_000223,LLCYNDRFWDIIQS-WQLSENKSSA-N
SP_000223,LXNHXLLTXMVWPM-UHFFFAOYSA-N
SP_000223,NPYPAHLBTDXSSS-UHFFFAOYSA-N
SP_000223,ODKSFYDXXFIFQN-BYPYZUCNSA-N
SP_000223,ONIBWKKTOPOVIA-BYPYZUCNSA-N
SP_000223,OUYCCCASQSFEME-UHFFFAOYSA-N
SP_000223,OVBPIULPVIDEAO-LBPRGKRZSA-N
SP_000223,PCBSXBYCASFXTM-UHFFFAOYSA-N
SP_000223,PGMBAYKBYBXNNR-UHFFFAOYSA-N
SP_000223,POWISKNFFRUCCW-UHFFFAOYSA-N
SP_000223,PVNIIMVLHYAWGP-UHFFFAOYSA-N
SP_000223,QIVBCDIJIAJPQS-VIFPVBQESA-N
SP_000223,QNAYBMKLOCPYGJ-REOHCLBHSA-N
SP_000223,ROHFNLRQFUQHCH-UHFFFAOYSA-N
SP_000223,UQDUPQYQJKYHQI-UHFFFAOYSA-N
SP_000223,VYFYYTLLBUKUHU-UHFFFAOYSA-N
SP_000223,VYGQUTWHTHXGQB-UMNZIDCRSA-N
SP_000223,WEDGVCZUPFZNDE-UHFFFAOYSA-N
SP_000223,WZVWUSABZGIQJZ-UHFFFAOYSA-N
SP_000223,XWVDCVZOOVTJKF-RIYZIHGNSA-N
SP_000223,YHWNASRGLKJRJJ-UHFFFAOYSA-N
SP_000223,ZAKOWWREFLAJOT-UHFFFAOYSA-N
SP_000223,ZROGCCBNZBKLEL-MPRHSVQHSA-N
SP_000223,ZVKXPPXCNUMUOR-REWZIMNXSA-N
SP_000224,ADHNTNYEJYJUCU-ZSJFXSENSA-N
SP_000224,BATOPAZDIZEVQF-IAROGAJJSA-N
SP_000224,BHPQYMZQTOCNFJ-UHFFFAOYSA-N
SP_000224,CIWBSHSKHKDKBQ-JLAZNSOCSA-N
SP_000224,CZMRCDWAGMRECN-UGDNZRGBSA-N
SP_000224,CZXLHIZQQUJTND-UHFFFAOYSA-N
SP_000224,DHMQDGOQFOQNFH-UHFFFAOYSA-N
SP_000224,DJLTZJGULPLVOA-UHFFFAOYSA-N
SP_000224,DKHGMERMDICWDU-GHDNBGIDSA-N
SP_000224,DOTJYWQAPHIAIF-UHFFFAOYSA-N
SP_000224,DQGMPXYVZZCNDQ-KBPWROHVSA-N
SP_000224,FCGOBISRCUOUQH-UHFFFAOYSA-N
SP_000224,GDBJCCBRRCYCEG-UHFFFAOYSA-N
SP_000224,GVJHHUAWPYXKBD-IEOSBIPESA-N
SP_000224,GZIFEOYASATJEH-UHFFFAOYSA-N
SP_000224,HKSDVVJONLXYKL-ZFILXNNPSA-N
SP_000224,HUTCYUJPLOTDMX-KEBDBYFISA-N
SP_000224,IDJXJAJYEFRBPY-UHFFFAOYSA-N
SP_000224,IIACRCGMVDHOTQ-UHFFFAOYSA-N
SP_000224,IMKHDCBNRDRUEB-UHFFFAOYSA-N
SP_000224,JEKGHHPMLRLCIW-VBVMRKNNSA-N
SP_000224,JGHZJRVDZXSNKQ-UHFFFAOYSA-N
SP_000224,JIWBIWFOSCKQMA-DFARDDQGSA-N
SP_000224,JLQNHALFVCURHW-UHFFFAOYSA-N
SP_000224,JZRWCGZRTZMZEH-UHFFFAOYSA-N
SP_000224,JZVFJDZBLUFKCA-CMDGGOBGSA-N
SP_000224,KBEBGUQPQBELIU-HJWRWDBZSA-N
SP_000224,KDXKERNSBIXSRK-YFKPBYRVSA-N
SP_000224,KEAYESYHFKHZAL-UHFFFAOYSA-N
SP_000224,KJDZDTDNIULJBE-VAWYXSNFSA-N
SP_000224,KQMVAGISDHMXJJ-UHFFFAOYSA-N
SP_000224,KWIUHFFTVRNATP-UHFFFAOYSA-N
SP_000224,LFQSCWFLJHTTHZ-UHFFFAOYSA-N
SP_000224,LLCYNDRFWDIIQS-WQLSENKSSA-N
SP_000224,LOIYMIARKYCTBW-UPHRSURJSA-N
SP_000224,LXNHXLLTXMVWPM-UHFFFAOYSA-N
SP_000224,MQZIGYBFDRPAKN-HDQLMXHPSA-N
SP_000224,NPYPAHLBTDXSSS-UHFFFAOYSA-N
SP_000224,OBVNUYXMOLOYPW-UHFFFAOYSA-N
SP_000224,ODKSFYDXXFIFQN-BYPYZUCNSA-N
SP_000224,OEYIOHPDSNJKLS-UHFFFAOYSA-N
SP_000224,ONIBWKKTOPOVIA-BYPYZUCNSA-N
SP_000224,ONYHYSLZNLJFHX-MDAAKZFYSA-N
SP_000224,OUMMPAFEQHTYIZ-UHFFFAOYSA-N
SP_000224,OUYCCCASQSFEME-UHFFFAOYSA-N
SP_000224,OVBPIULPVIDEAO-LBPRGKRZSA-N
SP_000224,PCBSXBYCASFXTM-UHFFFAOYSA-N
SP_000224,PGMBAYKBYBXNNR-UHFFFAOYSA-N
SP_000224,POWISKNFFRUCCW-UHFFFAOYSA-N
SP_000224,PVNIIMVLHYAWGP-UHFFFAOYSA-N
SP_000225,ADHNTNYEJYJUCU-ZSJFXSENSA-N
SP_000225,BATOPAZDIZEVQF-IAROGAJJSA-N
SP_000225,BHPQYMZQTOCNFJ-UHFFFAOYSA-N
SP_000225,CIWBSHSKHKDKBQ-JLAZNSOCSA-N
SP_000225,CZMRCDWAGMRECN-UGDNZRGBSA-N
SP_000225,CZMRCDWAGMRECN-UHFFFAOYSA-N
SP_000225,CZXLHIZQQUJTND-UHFFFAOYSA-N
SP_000225,DHMQDGOQFOQNFH-UHFFFAOYSA-N
SP_000225,DJLTZJGULPLVOA-UHFFFAOYSA-N
SP_000225,DKHGMERMDICWDU-GHDNBGIDSA-N
SP_000225,DOTJYWQAPHIAIF-UHFFFAOYSA-N
SP_000225,DQGMPXYVZZCNDQ-KBPWROHVSA-N
SP_000225,FCGOBISRCUOUQH-UHFFFAOYSA-N
SP_000225,GDBJCCBRRCYCEG-UHFFFAOYSA-N
SP_000225,GUBGYTABKSRVRQ-PICCSMPSSA-N
SP_000225,GUBGYTABKSRVRQ-QKKXKWKRSA-N
SP_000225,GVJHHUAWPYXKBD-IEOSBIPESA-N
SP_000225,GZIFEOYASATJEH-UHFFFAOYSA-N
SP_000225,HKSDVVJONLXYKL-ZFILXNNPSA-N
SP_000225,HUTCYUJPLOTDMX-KEBDBYFISA-N
SP_000225,HYCLWDHZALFLJV-UHFFFAOYSA-N
SP_000225,IDJXJAJYEFRBPY-UHFFFAOYSA-N
SP_000225,IIACRCGMVDHOTQ-UHFFFAOYSA-N
SP_000225,IMKHDCBNRDRUEB-UHFFFAOYSA-N
SP_000225,JEKGHHPMLRLCIW-VBVMRKNNSA-N
SP_000225,JGHZJRVDZXSNKQ-UHFFFAOYSA-N
SP_000225,JIWBIWFOSCKQMA-DFARDDQGSA-N
SP_000225,JLQNHALFVCURHW-UHFFFAOYSA-N
SP_000225,JZRWCGZRTZMZEH-UHFFFAOYSA-N
SP_000225,JZVFJDZBLUFKCA-CMDGGOBGSA-N
SP_000225,KBEBGUQPQBELIU-HJWRWDBZSA-N
SP_000225,KDXKERNSBIXSRK-YFKPBYRVSA-N
SP_000225,KEAYESYHFKHZAL-UHFFFAOYSA-N
SP_000225,KJDZDTDNIULJBE-VAWYXSNFSA-N
SP_000225,KQMVAGISDHMXJJ-UHFFFAOYSA-N
SP_000225,KWIUHFFTVRNATP-UHFFFAOYSA-N
SP_000225,LFQSCWFLJHTTHZ-UHFFFAOYSA-N
SP_000225,LLCYNDRFWDIIQS-WQLSENKSSA-N
SP_000225,LOIYMIARKYCTBW-UPHRSURJSA-N
SP_000225,LXNHXLLTXMVWPM-UHFFFAOYSA-N
SP_000225,NPYPAHLBTDXSSS-UHFFFAOYSA-N
SP_000225,OBVNUYXMOLOYPW-UHFFFAOYSA-N
SP_000225,ODKSFYDXXFIFQN-BYPYZUCNSA-N
SP_000225,OEYIOHPDSNJKLS-UHFFFAOYSA-N
SP_000225,ONIBWKKTOPOVIA-BYPYZUCNSA-N
SP_000225,ONYHYSLZNLJFHX-MDAAKZFYSA-N
SP_000225,OUMMPAFEQHTYIZ-UHFFFAOYSA-N
SP_000225,OUYCCCASQSFEME-UHFFFAOYSA-N
SP_000225,OVBPIULPVIDEAO-LBPRGKRZSA-N
SP_000225,PCBSXBYCASFXTM-UHFFFAOYSA-N
SP_000226,ADHNTNYEJYJUCU-ZSJFXSENSA-N
SP_000226,BATOPAZDIZEVQF-IAROGAJJSA-N
SP_000226,BHPQYMZQTOCNFJ-UHFFFAOYSA-N
SP_000226,CIWBSHSKHKDKBQ-JLAZNSOCSA-N
SP_000226,CZXLHIZQQUJTND-UHFFFAOYSA-N
SP_000226,DHMQDGOQFOQNFH-UHFFFAOYSA-N
SP_000226,DJLTZJGULPLVOA-UHFFFAOYSA-N
SP_000226,DKHGMERMDICWDU-GHDNBGIDSA-N
SP_000226,DOTJYWQAPHIAIF-UHFFFAOYSA-N
SP_000226,DQGMPXYVZZCNDQ-KBPWROHVSA-N
SP_000226,FCGOBISRCUOUQH-UHFFFAOYSA-N
SP_000226,GDBJCCBRRCYCEG-UHFFFAOYSA-N
SP_000226,GVJHHUAWPYXKBD-IEOSBIPESA-N
SP_000226,GZIFEOYASATJEH-UHFFFAOYSA-N
SP_000226,HKSDVVJONLXYKL-ZFILXNNPSA-N
SP_000226,IIACRCGMVDHOTQ-UHFFFAOYSA-N
SP_000226,JGHZJRVDZXSNKQ-UHFFFAOYSA-N
SP_000226,JIWBIWFOSCKQMA-DFARDDQGSA-N
SP_000226,JLQNHALFVCURHW-UHFFFAOYSA-N
SP_000226,JZRWCGZRTZMZEH-UHFFFAOYSA-N
SP_000226,KBEBGUQPQBELIU-HJWRWDBZSA-N
SP_000226,KDXKERNSBIXSRK-YFKPBYRVSA-N
SP_000226,KEAYESYHFKHZAL-UHFFFAOYSA-N
SP_000226,KJDZDTDNIULJBE-VAWYXSNFSA-N
SP_000226,KQMVAGISDHMXJJ-UHFFFAOYSA-N
SP_000226,KWIUHFFTVRNATP-UHFFFAOYSA-N
SP_000226,LLCYNDRFWDIIQS-WQLSENKSSA-N
SP_000226,LOIYMIARKYCTBW-UPHRSURJSA-N
SP_000226,LXNHXLLTXMVWPM-UHFFFAOYSA-N
SP_000226,NPYPAHLBTDXSSS-UHFFFAOYSA-N
SP_000226,ODKSFYDXXFIFQN-BYPYZUCNSA-N
SP_000226,OEYIOHPDSNJKLS-UHFFFAOYSA-N
SP_000226,ONIBWKKTOPOVIA-BYPYZUCNSA-N
SP_000226,OUYCCCASQSFEME-UHFFFAOYSA-N
SP_000226,OVBPIULPVIDEAO-LBPRGKRZSA-N
SP_000226,PCBSXBYCASFXTM-UHFFFAOYSA-N
SP_000226,PGMBAYKBYBXNNR-UHFFFAOYSA-N
SP_000226,POWISKNFFRUCCW-UHFFFAOYSA-N
SP_000226,PVNIIMVLHYAWGP-UHFFFAOYSA-N
SP_000226,QIVBCDIJIAJPQS-VIFPVBQESA-N
SP_000226,QNAYBMKLOCPYGJ-REOHCLBHSA-N
SP_000226,QUEDXNHFTDJVIY-UHFFFAOYSA-N
SP_000226,RLCKHJSFHOZMDR-GUDVDZBRSA-N
SP_000226,ROHFNLRQFUQHCH-UHFFFAOYSA-N
SP_000226,RUDATBOHQWOJDD-JGFDLHJZSA-N
SP_000226,TXBRTEQRWJPSKE-UHFFFAOYSA-N
SP_000226,UQDUPQYQJKYHQI-UHFFFAOYSA-N
SP_000226,VVPGAJNPGZZNBM-UHFFFAOYSA-N
SP_000226,VYFYYTLLBUKUHU-UHFFFAOYSA-N
SP_000226,VYGQUTWHTHXGQB-UMNZIDCRSA-N
SP_000227,ADHNTNYEJYJUCU-ZSJFXSENSA-N
SP_000227,BATOPAZDIZEVQF-IAROGAJJSA-N
SP_000227,BHPQYMZQTOCNFJ-UHFFFAOYSA-N
SP_000227,CIWBSHSKHKDKBQ-JLAZNSOCSA-N
SP_000227,CZMRCDWAGMRECN-UGDNZRGBSA-N
SP_000227,CZXLHIZQQUJTND-UHFFFAOYSA-N
SP_000227,DHMQDGOQFOQNFH-UHFFFAOYSA-N
SP_000227,DJLTZJGULPLVOA-UHFFFAOYSA-N
SP_000227,DOTJYWQAPHIAIF-UHFFFAOYSA-N
SP_000227,FCGOBISRCUOUQH-UHFFFAOYSA-N
SP_000227,GDBJCCBRRCYCEG-UHFFFAOYSA-N
SP_000227,GVJHHUAWPYXKBD-IEOSBIPESA-N
SP_000227,HUTCYUJPLOTDMX-KEBDBYFISA-N
SP_000227,IIACRCGMVDHOTQ-UHFFFAOYSA-N
SP_000227,IMKHDCBNRDRUEB-UHFFFAOYSA-N
SP_000227,JEKGHHPMLRLCIW-VBVMRKNNSA-N
SP_000227,JGHZJRVDZXSNKQ-UHFFFAOYSA-N
SP_000227,JIWBIWFOSCKQMA-DFARDDQGSA-N
SP_000227,JLQNHALFVCURHW-UHFFFAOYSA-N
SP_000227,JZRWCGZRTZMZEH-UHFFFAOYSA-N
SP_000227,JZVFJDZBLUFKCA-CMDGGOBGSA-N
SP_000227,KBEBGUQPQBELIU-HJWRWDBZSA-N
SP_000227,KDXKERNSBIXSRK-YFKPBYRVSA-N
SP_000227,KEAYESYHFKHZAL-UHFFFAOYSA-N
SP_000227,KJDZDTDNIULJBE-VAWYXSNFSA-N
SP_000227,KQMVAGISDHMXJJ-UHFFFAOYSA-N
SP_000227,LFQSCWFLJHTTHZ-UHFFFAOYSA-N
SP_000227,LLCYNDRFWDIIQS-WQLSENKSSA-N
SP_000227,LXNHXLLTXMVWPM-UHFFFAOYSA-N
SP_000227,NPYPAHLBTDXSSS-UHFFFAOYSA-N
SP_000227,OBVNUYXMOLOYPW-UHFFFAOYSA-N
SP_000227,ODKSFYDXXFIFQN-BYPYZUCNSA-N
SP_000227,OEYIOHPDSNJKLS-UHFFFAOYSA-N
SP_000227,ONIBWKKTOPOVIA-BYPYZUCNSA-N
SP_000227,OUMMPAFEQHTYIZ-UHFFFAOYSA-N
SP_000227,OUYCCCASQSFEME-UHFFFAOYSA-N
SP_000227,OVBPIULPVIDEAO-LBPRGKRZSA-N
SP_000227,PCBSXBYCASFXTM-UHFFFAOYSA-N
SP_000227,PGMBAYKBYBXNNR-UHFFFAOYSA-N
SP_000227,POWISKNFFRUCCW-UHFFFAOYSA-N
SP_000227,PVNIIMVLHYAWGP-UHFFFAOYSA-N
SP_000227,QIVBCDIJIAJPQS-VIFPVBQESA-N
SP_000227,QNAYBMKLOCPYGJ-REOHCLBHSA-N
SP_000227,QYSXJUFSXHHAJI-YRZJJWOYSA-N
SP_000227,ROHFNLRQFUQHCH-UHFFFAOYSA-N
SP_000227,RYYVLZVUVIJVGH-UHFFFAOYSA-N
SP_000227,UQDUPQYQJKYHQI-UHFFFAOYSA-N
SP_000227,VYFYYTLLBUKUHU-UHFFFAOYSA-N
SP_000227,VYGQUTWHTHXGQB-UMNZIDCRSA-N
SP_000227,WEDGVCZUPFZNDE-UHFFFAOYSA-N
SP_000228,ADHNTNYEJYJUCU-ZSJFXSENSA-N
SP_000228,BATOPAZDIZEVQF-IAROGAJJSA-N
SP_000228,BHPQYMZQTOCNFJ-UHFFFAOYSA-N
SP_000228,CIWBSHSKHKDKBQ-JLAZNSOCSA-N
SP_000228,CZMRCDWAGMRECN-UGDNZRGBSA-N
SP_000228,CZMRCDWAGMRECN-UHFFFAOYSA-N
SP_000228,CZXLHIZQQUJTND-UHFFFAOYSA-N
SP_000228,DHMQDGOQFOQNFH-UHFFFAOYSA-N
SP_000228,DJLTZJGULPLVOA-UHFFFAOYSA-N
SP_000228,DKHGMERMDICWDU-GHDNBGIDSA-N
SP_000228,DOTJYWQAPHIAIF-UHFFFAOYSA-N
SP_000228,DQGMPXYVZZCNDQ-KBPWROHVSA-N
SP_000228,FCGOBISRCUOUQH-UHFFFAOYSA-N
SP_000228,GDBJCCBRRCYCEG-UHFFFAOYSA-N
SP_000228,GUBGYTABKSRVRQ-PICCSMPSSA-N
SP_000228,GUBGYTABKSRVRQ-QKKXKWKRSA-N
SP_000228,GVJHHUAWPYXKBD-IEOSBIPESA-N
SP_000228,GZIFEOYASATJEH-UHFFFAOYSA-N
SP_000228,HKSDVVJONLXYKL-ZFILXNNPSA-N
SP_000228,HUTCYUJPLOTDMX-KEBDBYFISA-N
SP_000228,HYCLWDHZALFLJV-UHFFFAOYSA-N
SP_000228,IIACRCGMVDHOTQ-UHFFFAOYSA-N
SP_000228,IMKHDCBNRDRUEB-UHFFFAOYSA-N
SP_000228,JEKGHHPMLRLCIW-VBVMRKNNSA-N
SP_000228,JGHZJRVDZXSNKQ-UHFFFAOYSA-N
SP_000228,JIWBIWFOSCKQMA-DFARDDQGSA-N
SP_000228,JLQNHALFVCURHW-UHFFFAOYSA-N
SP_000228,JZRWCGZRTZMZEH-UHFFFAOYSA-N
SP_000228,JZVFJDZBLUFKCA-CMDGGOBGSA-N
SP_000228,KBEBGUQPQBELIU-HJWRWDBZSA-N
SP_000228,KDXKERNSBIXSRK-YFKPBYRVSA-N
SP_000228,KEAYESYHFKHZAL-UHFFFAOYSA-N
SP_000228,KJDZDTDNIULJBE-VAWYXSNFSA-N
SP_000228,KQMVAGISDHMXJJ-UHFFFAOYSA-N
SP_000228,LFQSCWFLJHTTHZ-UHFFFAOYSA-N
SP_000228,LLCYNDRFWDIIQS-WQLSENKSSA-N
SP_000228,LOIYMIARKYCTBW-UPHRSURJSA-N
SP_000228,LXNHXLLTXMVWPM-UHFFFAOYSA-N
SP_000228,NPYPAHLBTDXSSS-UHFFFAOYSA-N
SP_000228,OBVNUYXMOLOYPW-UHFFFAOYSA-N
SP_000228,ODKSFYDXXFIFQN-BYPYZUCNSA-N
SP_000228,OEYIOHPDSNJKLS-UHFFFAOYSA-N
SP_000228,ONIBWKKTOPOVIA-BYPYZUCNSA-N
SP_000228,ONYHYSLZNLJFHX-MDAAKZFYSA-N
SP_000228,OUMMPAFEQHTYIZ-UHFFFAOYSA-N
SP_000228,OUYCCCASQSFEME-UHFFFAOYSA-N
SP_000228,OVBPIULPVIDEAO-LBPRGKRZSA-N
SP_000228,PCBSXBYCASFXTM-UHFFFAOYSA-N
SP_000228,PGMBAYKBYBXNNR-UHFFFAOYSA-N
SP_000228,POWISKNFFRUCCW-UHFFFAOYSA-N
SP_000229,ADHNTNYEJYJUCU-ZSJFXSENSA-N
SP_000229,BATOPAZDIZEVQF-IAROGAJJSA-N
SP_000229,BHPQYMZQTOCNFJ-UHFFFAOYSA-N
SP_000229,CIWBSHSKHKDKBQ-JLAZNSOCSA-N
SP_000229,CZMRCDWAGMRECN-UGDNZRGBSA-N
SP_000229,CZXLHIZQQUJTND-UHFFFAOYSA-N
SP_000229,DHMQDGOQFOQNFH-UHFFFAOYSA-N
SP_000229,DJLTZJGULPLVOA-UHFFFAOYSA-N
SP_000229,DOTJYWQAPHIAIF-UHFFFAOYSA-N
SP_000229,FCGOBISRCUOUQH-UHFFFAOYSA-N
SP_000229,GDBJCCBRRCYCEG-UHFFFAOYSA-N
SP_000229,GVJHHUAWPYXKBD-IEOSBIPESA-N
SP_000229,HUTCYUJPLOTDMX-KEBDBYFISA-N
SP_000229,IIACRCGMVDHOTQ-UHFFFAOYSA-N
SP_000229,IMKHDCBNRDRUEB-UHFFFAOYSA-N
SP_000229,JEKGHHPMLRLCIW-VBVMRKNNSA-N
SP_000229,JGHZJRVDZXSNKQ-UHFFFAOYSA-N
SP_000229,JIWBIWFOSCKQMA-DFARDDQGSA-N
SP_000229,JLQNHALFVCURHW-UHFFFAOYSA-N
SP_000229,JZRWCGZRTZMZEH-UHFFFAOYSA-N
SP_000229,JZVFJDZBLUFKCA-CMDGGOBGSA-N
SP_000229,KBEBGUQPQBELIU-HJWRWDBZSA-N
SP_000229,KDXKERNSBIXSRK-YFKPBYRVSA-N
SP_000229,KEAYESYHFKHZAL-UHFFFAOYSA-N
SP_000229,KJDZDTDNIULJBE-VAWYXSNFSA-N
SP_000229,KQMVAGISDHMXJJ-UHFFFAOYSA-N
SP_000229,LFQSCWFLJHTTHZ-UHFFFAOYSA-N
SP_000229,LLCYNDRFWDIIQS-WQLSENKSSA-N
SP_000229,LXNHXLLTXMVWPM-UHFFFAOYSA-N
SP_000229,NPYPAHLBTDXSSS-UHFFFAOYSA-N
SP_000229,OBVNUYXMOLOYPW-UHFFFAOYSA-N
SP_000229,ODKSFYDXXFIFQN-BYPYZUCNSA-N
SP_000229,OEYIOHPDSNJKLS-UHFFFAOYSA-N
SP_000229,ONIBWKKTOPOVIA-BYPYZUCNSA-N
SP_000229,OUMMPAFEQHTYIZ-UHFFFAOYSA-N
SP_000229,OUYCCCASQSFEME-UHFFFAOYSA-N
SP_000229,OVBPIULPVIDEAO-LBPRGKRZSA-N
SP_000229,PCBSXBYCASFXTM-UHFFFAOYSA-N
SP_000229,PGMBAYKBYBXNNR-UHFFFAOYSA-N
SP_000229,POWISKNFFRUCCW-UHFFFAOYSA-N
SP_000229,PVNIIMVLHYAWGP-UHFFFAOYSA-N
SP_000229,QIVBCDIJIAJPQS-VIFPVBQESA-N
SP_000229,QNAYBMKLOCPYGJ-REOHCLBHSA-N
SP_000229,QYSXJUFSXHHAJI-YRZJJWOYSA-N
SP_000229,ROHFNLRQFUQHCH-UHFFFAOYSA-N
SP_000229,RYYVLZVUVIJVGH-UHFFFAOYSA-N
SP_000229,UQDUPQYQJKYHQI-UHFFFAOYSA-N
SP_000229,VYFYYTLLBUKUHU-UHFFFAOYSA-N
SP_000229,VYGQUTWHTHXGQB-UMNZIDCRSA-N
SP_000229,WEDGVCZUPFZNDE-UHFFFAOYSA-N
SP_000230,AABKSFWWBUPVNY-NVCPWDGJSA-N
SP_000230,AAFBEFOSCLMOTF-KXBCQOCRSA-N
SP_000230,AAFBEFOSCLMOTF-RRPFJGJLSA-N
SP_000230,AANMVENRNJYEMK-UHFFFAOYSA-N
SP_000230,AANZTOSGIRNZNM-LNOKNGNPSA-N
SP_000230,AAPGXBRKBIUCMQ-GWHBCOKCSA-N
SP_000230,AAWNBEJOCRYVJE-QNGWXLTQSA-N
SP_000230,AAWZDTNXLSGCEK-UHFFFAOYSA-M
SP_000230,AAXMCYUUKFLUMJ-JSFHAIONSA-N
SP_000230,AAXMCYUUKFLUMJ-TWDRBPDCSA-N
SP_000230,AAXYAFFKOSNMEB-MHARETSRSA-N
SP_000230,AAZOMBJKSJQDHJ-ZBRBWIFHSA-N
SP_000230,AAZZVFONLHYNDZ-NVQRUNIKSA-J
SP_000230,ABBYYPGQJRBTGA-NESBLOORSA-N
SP_000230,ABCOOORLYAOBOZ-KQYNXXCUSA-N
SP_000230,ABFJWRKPWCFTQP-JKFVOKSPSA-N
SP_000230,ABFJWRKPWCFTQP-XSMLMOGHSA-N
SP_000230,ABIKEVIWOJTKQS-AARKOHAPSA-N
SP_000230,ABLZXFCXXLZCGV-UHFFFAOYSA-L
SP_000230,ABRHOUKZOUNSSK-FVEAQGRNSA-N
SP_000230,ABUKPIBHMMLQDI-RCOVLANCSA-N
SP_000230,ABVCUBUIXWJYSE-UHFFFAOYSA-O
SP_000230,ACGLCDJEASKGDO-JSYPMYMJSA-N
SP_000230,ACIVVGBVOVHFPQ-RPDRRWSUSA-N
SP_000230,ACLPCAOOWJUVLL-DZKYTWFZSA-N
SP_000230,ACLQSYLJAZRTAP-XAFBQJBNSA-N
SP_000230,ACSIRQPNAYTBRW-VZUYHUTRSA-N
SP_000230,ACTHNCRNFFCCAQ-PLKVWTDNSA-N
SP_000230,ACTHNCRNFFCCAQ-YNQDZHFMSA-N
SP_000230,ACZVSMNFVFBOTM-UHFFFAOYSA-N
SP_000230,ADCKHLSRWCXEIY-GGAPOBRUSA-N
SP_000230,ADHKIZQYPQGIRC-ACSKKKSPSA-N
SP_000230,ADHKIZQYPQGIRC-SOZVHHJESA-N
SP_000230,ADHNTNYEJYJUCU-ZSJFXSENSA-N
SP_000230,ADKNUXINKGBJMY-LDLOPFEMSA-N
SP_000230,ADMGMAPZAQUXIR-VRHMUEQPSA-N
SP_000230,ADNSYCXWAHUWTA-SYOMJGEJSA-N
SP_000230,ADSGHWJRPOXXTD-IHWYPQMZSA-M
SP_000230,ADYPMBBPSUQKED-VOLCNUBSSA-N
SP_000230,ADZPFIMEBZGRHB-ILJAMNOWSA-N
SP_000230,AEFNZGGBWOQYID-UHFFFAOYSA-N
SP_000230,AEIJGHDRIPTRQY-UBTAJKBJSA-N
SP_000230,AELFRHHZGTVYGJ-QMMMGPOBSA-N
SP_000230,AEMFNILZOJDQLW-QAGGRKNESA-N
SP_000230,AERBNCYCJBRYDG-UHFFFAOYSA-N
SP_000230,AESBAQNLQIQXNK-BMFSGJJHSA-N
SP_000230,AETXDQTWHNBCRO-QLKFWGTOSA-N
SP_000230,AEWHYWSPVRZHCT-NDZSKPAWSA-N
SP_000230,AEWHYWSPVRZHCT-UHFFFAOYSA-J
SP_000230,AEXNGRVFOMIYOW-ICFOKQHNSA-N
SP_000231,AANMVENRNJYEMK-UHFFFAOYSA-N
SP_000231,AAWZDTNXLSGCEK-UHFFFAOYSA-M
SP_000231,AAXYAFFKOSNMEB-MHARETSRSA-N
SP_000231,AAZZVFONLHYNDZ-NVQRUNIKSA-J
SP_000231,ABCOOORLYAOBOZ-KQYNXXCUSA-N
SP_000231,ABIKEVIWOJTKQS-AARKOHAPSA-N
SP_000231,ABLZXFCXXLZCGV-UHFFFAOYSA-L
SP_000231,ACIVVGBVOVHFPQ-RPDRRWSUSA-N
SP_000231,ACSIRQPNAYTBRW-VZUYHUTRSA-N
SP_000231,ACZVSMNFVFBOTM-UHFFFAOYSA-N
SP_000231,ADHNTNYEJYJUCU-ZSJFXSENSA-N
SP_000231,ADSGHWJRPOXXTD-IHWYPQMZSA-M
SP_000231,AEFNZGGBWOQYID-UHFFFAOYSA-N
SP_000231,AELFRHHZGTVYGJ-QMMMGPOBSA-N
SP_000231,AEMFNILZOJDQLW-QAGGRKNESA-N
SP_000231,AERBNCYCJBRYDG-UHFFFAOYSA-N
SP_000231,AEWHYWSPVRZHCT-NDZSKPAWSA-N
SP_000231,AEWHYWSPVRZHCT-UHFFFAOYSA-J
SP_000231,AFGUVBVUFZMJMX-MDZDMXLPSA-N
SP_000231,AFNUZVCFKQUDBJ-ZZWDRFIYSA-N
SP_000231,AGQJQCFEPUVXNK-UHFFFAOYSA-K
SP_000231,AHCYMLUZIRLXAA-SHYZEUOFSA-N
SP_000231,AHJCDQGRYVBQQZ-NSCUHMNNSA-N
SP_000231,AHLPHDHHMVZTML-BYPYZUCNSA-N
SP_000231,AHMIDUVKSGCHAU-LURJTMIESA-N
SP_000231,AIBOHNYYKWYQMM-GELUXPMISA-N
SP_000231,AIJULSRZWUXGPQ-UHFFFAOYSA-N
SP_000231,AIQDYKMWENWVQJ-UHFFFAOYSA-K
SP_000231,AISVAXNALHBFPC-IOSLPCCCSA-N
SP_000231,AJONJFGFTGGKEX-UHFFFAOYSA-M
SP_000231,AKIHYQWCLCDMMI-VMPITWQZSA-N
SP_000231,ALEWCKXBHSDCCT-YFVJMOTDSA-L
SP_000231,ALLYVKRLOHDVKI-UHFFFAOYSA-N
SP_000231,ALRHLSYJTWAHJZ-UHFFFAOYSA-N
SP_000231,ALTAAUJNHYWOGS-UHFFFAOYSA-N
SP_000231,ALYNCZNDIQEVRV-UHFFFAOYSA-M
SP_000231,AMBQHHVBBHTQBF-UOUCRYGSSA-N
SP_000231,AMIMRNSIRUDHCM-UHFFFAOYSA-N
SP_000231,AMROMUFVHNPOEQ-UHFFFAOYSA-N
SP_000231,AOFQQLZNDSBFLN-UHFFFAOYSA-K
SP_000231,APBPHWLOGNJBLH-UHFFFAOYSA-N
SP_000231,APIQNBNBIICCON-FKMSRSAHSA-N
SP_000231,APIZAZFFQBVSJA-UHFFFAOYSA-N
SP_000231,APJYDQYYACXCRM-UHFFFAOYSA-N
SP_000231,AQIXAKUUQRKLND-UHFFFAOYSA-N
SP_000231,AQJZOYUAIGQOPF-BCYGMIQCSA-N
SP_000231,ARJPPNFIEQKVBB-UHFFFAOYSA-N
SP_000231,ARLAWMCEVZUXEY-UHFFFAOYSA-N
SP_000231,ARYTXMNEANMLMU-UHFFFAOYSA-N
SP_000231,ASCFNMCAHFUBCO-UHFFFAOYSA-N
SP_000232,AAARRLVSWMMLIL-JFDCHTIYSA-N
SP_000232,AAAULIDICJVAGC-XUJQSNPTSA-N
SP_000232,AAAUQAJYMBAEDN-SDYYSCIWSA-N
SP_000232,AAAYFFAGXKLUDV-XSMLMOGHSA-N
SP_000232,AABKSFWWBUPVNY-NVCPWDGJSA-N
SP_000232,AABORWYRSOFPIQ-RIVVNBGWSA-N
SP_000232,AACGGBKJSIMRBR-BWSSJUFOSA-N
SP_000232,AACZXYOSBJYYOH-XBNQVYLISA-N
SP_000232,AAEDIKNVLNRFNP-VERBRUMSSA-N
SP_000232,AAEDVOLFYYONLY-WBCKFURZSA-N
SP_000232,AAEGDCWJLSBMKO-QRXDBQBNSA-N
SP_000232,AAEKPOOCHGGGKT-NLXJDERGSA-N
SP_000232,AAEVYOVXGOFMJO-UHFFFAOYSA-N
SP_000232,AAFPBUWBKCMUOC-AZZQUJCXSA-N
SP_000232,AAGIXMREDGMXGU-ASISNPDYSA-N
SP_000232,AAGKNIVYCBWMIR-HKNFJBDMSA-N
SP_000232,AAHQMLDWRXUNIA-HZTDGBLZSA-N
SP_000232,AAISSOQIFFPNFZ-AXAMJWTMSA-N
SP_000232,AAJCSPWAQIOZOP-HUESYALOSA-N
SP_000232,AAKHKGPJPZLUOV-ZGNZLWFWSA-N
SP_000232,AAMZNUSIHHMEQD-ZUFHXVCQSA-N
SP_000232,AANCKINPVVQDGX-OSUITXOZSA-N
SP_000232,AANHDBNUIKYXLN-OKUWMSBNSA-N
SP_000232,AANZTOSGIRNZNM-LNOKNGNPSA-N
SP_000232,AAOSLICMXQEMBQ-IONAWPRUSA-N
SP_000232,AAOXKTNPFBHMFQ-KZBYCKEYSA-N
SP_000232,AAQXAMYHTKLRRO-GRSNDSDLSA-N
SP_000232,AASMSXXODHOKTE-AKAJXFOGSA-N
SP_000232,AASMSXXODHOKTE-WDLSKMLESA-N
SP_000232,AAVFZGNNVBUUJP-DTSDQNDWSA-N
SP_000232,AAVFZGNNVBUUJP-IONAWPRUSA-N
SP_000232,AAVJUUZQHFIDSS-CQQUKVLBSA-N
SP_000232,AAVMVTWYUGHZHX-OALPUDEUSA-N
SP_000232,AAVMVTWYUGHZHX-YWIOZPJLSA-N
SP_000232,AAVNDRKAKFAYFN-FPQJXDIVSA-N
SP_000232,AAVNDRKAKFAYFN-MBLVYYNZSA-N
SP_000232,AAWSPHNKTFCCQE-GRSBDEQXSA-N
SP_000232,AAWYHGQYLUEDBG-MPLRIKRWSA-N
SP_000232,AAXMCYUUKFLUMJ-JSFHAIONSA-N
SP_000232,AAXWISAHYJUCTG-MPLRIKRWSA-N
SP_000232,AAXWISAHYJUCTG-OIVUAWODSA-N
SP_000232,AAYJVNROXHMWJF-OKIOPPKUSA-N
SP_000232,AAYLLNKLDFMSRD-HLIHSNNZSA-N
SP_000232,AAZDQNFGXLHGPJ-AUPLRJEGSA-N
SP_000232,AAZDQNFGXLHGPJ-PFUDJBDGSA-N
SP_000232,AAZLBQIWPSJHIZ-XGUPTXRGSA-N
SP_000232,AAZOMBJKSJQDHJ-ZBRBWIFHSA-N
SP_000232,AAZXFALIBYEKBE-UHFFFAOYSA-N
SP_000232,ABAPCGOEPWAJOW-KHLWFPLBSA-N
SP_000232,ABBYYPGQJRBTGA-NESBLOORSA-N
SP_000233,ADHNTNYEJYJUCU-ZSJFXSENSA-N
SP_000233,BATOPAZDIZEVQF-IAROGAJJSA-N
SP_000233,BHPQYMZQTOCNFJ-UHFFFAOYSA-N
SP_000233,CIWBSHSKHKDKBQ-JLAZNSOCSA-N
SP_000233,CZMRCDWAGMRECN-UGDNZRGBSA-N
SP_000233,CZXLHIZQQUJTND-UHFFFAOYSA-N
SP_000233,DHMQDGOQFOQNFH-UHFFFAOYSA-N
SP_000233,DJLTZJGULPLVOA-UHFFFAOYSA-N
SP_000233,DOTJYWQAPHIAIF-UHFFFAOYSA-N
SP_000233,DQGMPXYVZZCNDQ-KBPWROHVSA-N
SP_000233,FCGOBISRCUOUQH-UHFFFAOYSA-N
SP_000233,GDBJCCBRRCYCEG-UHFFFAOYSA-N
SP_000233,GVJHHUAWPYXKBD-IEOSBIPESA-N
SP_000233,GZIFEOYASATJEH-UHFFFAOYSA-N
SP_000233,HKSDVVJONLXYKL-ZFILXNNPSA-N
SP_000233,HUTCYUJPLOTDMX-KEBDBYFISA-N
SP_000233,IIACRCGMVDHOTQ-UHFFFAOYSA-N
SP_000233,IMKHDCBNRDRUEB-UHFFFAOYSA-N
SP_000233,JEKGHHPMLRLCIW-VBVMRKNNSA-N
SP_000233,JGHZJRVDZXSNKQ-UHFFFAOYSA-N
SP_000233,JIWBIWFOSCKQMA-DFARDDQGSA-N
SP_000233,JLQNHALFVCURHW-UHFFFAOYSA-N
SP_000233,JZRWCGZRTZMZEH-UHFFFAOYSA-N
SP_000233,JZVFJDZBLUFKCA-CMDGGOBGSA-N
SP_000233,KBEBGUQPQBELIU-HJWRWDBZSA-N
SP_000233,KDXKERNSBIXSRK-YFKPBYRVSA-N
SP_000233,KEAYESYHFKHZAL-UHFFFAOYSA-N
SP_000233,KJDZDTDNIULJBE-VAWYXSNFSA-N
SP_000233,KQMVAGISDHMXJJ-UHFFFAOYSA-N
SP_000233,LFQSCWFLJHTTHZ-UHFFFAOYSA-N
SP_000233,LLCYNDRFWDIIQS-WQLSENKSSA-N
SP_000233,LOIYMIARKYCTBW-UPHRSURJSA-N
SP_000233,LXNHXLLTXMVWPM-UHFFFAOYSA-N
SP_000233,NPYPAHLBTDXSSS-UHFFFAOYSA-N
SP_000233,OBVNUYXMOLOYPW-UHFFFAOYSA-N
SP_000233,ODKSFYDXXFIFQN-BYPYZUCNSA-N
SP_000233,OEYIOHPDSNJKLS-UHFFFAOYSA-N
SP_000233,ONIBWKKTOPOVIA-BYPYZUCNSA-N
SP_000233,ONYHYSLZNLJFHX-MDAAKZFYSA-N
SP_000233,OUMMPAFEQHTYIZ-UHFFFAOYSA-N
SP_000233,OUYCCCASQSFEME-UHFFFAOYSA-N
SP_000233,OVBPIULPVIDEAO-LBPRGKRZSA-N
SP_000233,PCBSXBYCASFXTM-UHFFFAOYSA-N
SP_000233,PGMBAYKBYBXNNR-UHFFFAOYSA-N
SP_000233,POWISKNFFRUCCW-UHFFFAOYSA-N
SP_000233,PVNIIMVLHYAWGP-UHFFFAOYSA-N
SP_000233,QIVBCDIJIAJPQS-VIFPVBQESA-N
SP_000233,QNAYBMKLOCPYGJ-REOHCLBHSA-N
SP_000233,QUEDXNHFTDJVIY-UHFFFAOYSA-N
SP_000233,QYSXJUFSXHHAJI-YRZJJWOYSA-N
SP_000234,AABKSFWWBUPVNY-NVCPWDGJSA-N
SP_000234,AAFBEFOSCLMOTF-KXBCQOCRSA-N
SP_000234,AAFBEFOSCLMOTF-RRPFJGJLSA-N
SP_000234,AANMVENRNJYEMK-UHFFFAOYSA-N
SP_000234,AANZTOSGIRNZNM-LNOKNGNPSA-N
SP_000234,AAPGXBRKBIUCMQ-GWHBCOKCSA-N
SP_000234,AAWNBEJOCRYVJE-QNGWXLTQSA-N
SP_000234,AAWZDTNXLSGCEK-UHFFFAOYSA-M
SP_000234,AAXMCYUUKFLUMJ-JSFHAIONSA-N
SP_000234,AAXMCYUUKFLUMJ-TWDRBPDCSA-N
SP_000234,AAXYAFFKOSNMEB-MHARETSRSA-N
SP_000234,AAZOMBJKSJQDHJ-ZBRBWIFHSA-N
SP_000234,AAZZVFONLHYNDZ-NVQRUNIKSA-J
SP_000234,ABBYYPGQJRBTGA-NESBLOORSA-N
SP_000234,ABCOOORLYAOBOZ-KQYNXXCUSA-N
SP_000234,ABFJWRKPWCFTQP-JKFVOKSPSA-N
SP_000234,ABFJWRKPWCFTQP-XSMLMOGHSA-N
SP_000234,ABIKEVIWOJTKQS-AARKOHAPSA-N
SP_000234,ABLZXFCXXLZCGV-UHFFFAOYSA-L
SP_000234,ABRHOUKZOUNSSK-FVEAQGRNSA-N
SP_000234,ABUKPIBHMMLQDI-RCOVLANCSA-N
SP_000234,ACGLCDJEASKGDO-JSYPMYMJSA-N
SP_000234,ACIVVGBVOVHFPQ-RPDRRWSUSA-N
SP_000234,ACLPCAOOWJUVLL-DZKYTWFZSA-N
SP_000234,ACLQSYLJAZRTAP-XAFBQJBNSA-N
SP_000234,ACSIRQPNAYTBRW-VZUYHUTRSA-N
SP_000234,ACTHNCRNFFCCAQ-PLKVWTDNSA-N
SP_000234,ACTHNCRNFFCCAQ-YNQDZHFMSA-N
SP_000234,ACZVSMNFVFBOTM-UHFFFAOYSA-N
SP_000234,ADCKHLSRWCXEIY-GGAPOBRUSA-N
SP_000234,ADHKIZQYPQGIRC-ACSKKKSPSA-N
SP_000234,ADHKIZQYPQGIRC-SOZVHHJESA-N
SP_000234,ADHNTNYEJYJUCU-ZSJFXSENSA-N
SP_000234,ADKNUXINKGBJMY-LDLOPFEMSA-N
SP_000234,ADMGMAPZAQUXIR-VRHMUEQPSA-N
SP_000234,ADNSYCXWAHUWTA-SYOMJGEJSA-N
SP_000234,ADSGHWJRPOXXTD-IHWYPQMZSA-M
SP_000234,ADYPMBBPSUQKED-VOLCNUBSSA-N
SP_000234,ADZPFIMEBZGRHB-ILJAMNOWSA-N
SP_000234,AEFNZGGBWOQYID-UHFFFAOYSA-N
SP_000234,AEIJGHDRIPTRQY-UBTAJKBJSA-N
SP_000234,AELFRHHZGTVYGJ-QMMMGPOBSA-N
SP_000234,AEMFNILZOJDQLW-QAGGRKNESA-N
SP_000234,AERBNCYCJBRYDG-UHFFFAOYSA-N
SP_000234,AESBAQNLQIQXNK-BMFSGJJHSA-N
SP_000234,AETXDQTWHNBCRO-QLKFWGTOSA-N
SP_000234,AEWHYWSPVRZHCT-NDZSKPAWSA-N
SP_000234,AEWHYWSPVRZHCT-UHFFFAOYSA-J
SP_000234,AEXNGRVFOMIYOW-ICFOKQHNSA-N
SP_000234,AFFQVAIMWFYJJS-DTHFMEMVSA-N
SP_000235,ADHNTNYEJYJUCU-ZSJFXSENSA-N
SP_000235,APFBWMGEGSELQP-AATRIKPKSA-N
SP_000235,BATOPAZDIZEVQF-IAROGAJJSA-N
SP_000235,BHPQYMZQTOCNFJ-UHFFFAOYSA-N
SP_000235,BHQCQFFYRZLCQQ-KRHHAYMPSA-N
SP_000235,BJBUEDPLEOHJGE-UHFFFAOYSA-N
SP_000235,BNBBFUJNMYQYLA-VQHVLOKHSA-N
SP_000235,CIWBSHSKHKDKBQ-JLAZNSOCSA-N
SP_000235,CKLJMWTZIZZHCS-UWTATZPHSA-N
SP_000235,CUPQSMZELNNSIR-LZRZFMTJSA-N
SP_000235,CZMRCDWAGMRECN-UGDNZRGBSA-N
SP_000235,CZMRCDWAGMRECN-UHFFFAOYSA-N
SP_000235,CZXLHIZQQUJTND-UHFFFAOYSA-N
SP_000235,DHMQDGOQFOQNFH-UHFFFAOYSA-N
SP_000235,DJLTZJGULPLVOA-UHFFFAOYSA-N
SP_000235,DNAYVNOVGHZZLH-UHFFFAOYSA-N
SP_000235,DOTJYWQAPHIAIF-UHFFFAOYSA-N
SP_000235,DPJRMOMPQZCRJU-UHFFFAOYSA-M
SP_000235,DSMWJDJWYGMEBO-UTCJRWHESA-N
SP_000235,FCGOBISRCUOUQH-UHFFFAOYSA-N
SP_000235,GDBJCCBRRCYCEG-UHFFFAOYSA-N
SP_000235,GUBGYTABKSRVRQ-PICCSMPSSA-N
SP_000235,GUBGYTABKSRVRQ-QKKXKWKRSA-N
SP_000235,GVJHHUAWPYXKBD-IEOSBIPESA-N
SP_000235,GWMMTXPUFREJAY-UHFFFAOYSA-N
SP_000235,HKSDVVJONLXYKL-ZFILXNNPSA-N
SP_000235,HUTCYUJPLOTDMX-KEBDBYFISA-N
SP_000235,IDJXJAJYEFRBPY-UHFFFAOYSA-N
SP_000235,IIACRCGMVDHOTQ-UHFFFAOYSA-N
SP_000235,IMKHDCBNRDRUEB-UHFFFAOYSA-N
SP_000235,IYSZVOVZPVKXIJ-OFALOCIGSA-N
SP_000235,JBFOLLJCGUCDQP-UHFFFAOYSA-N
SP_000235,JEKGHHPMLRLCIW-VBVMRKNNSA-N
SP_000235,JGHZJRVDZXSNKQ-UHFFFAOYSA-N
SP_000235,JIWBIWFOSCKQMA-DFARDDQGSA-N
SP_000235,JLQNHALFVCURHW-UHFFFAOYSA-N
SP_000235,JZRWCGZRTZMZEH-UHFFFAOYSA-N
SP_000235,JZVFJDZBLUFKCA-CMDGGOBGSA-N
SP_000235,KBEBGUQPQBELIU-HJWRWDBZSA-N
SP_000235,KDXKERNSBIXSRK-YFKPBYRVSA-N
SP_000235,KEAYESYHFKHZAL-UHFFFAOYSA-N
SP_000235,KEMQGTRYUADPNZ-UHFFFAOYSA-N
SP_000235,KJDZDTDNIULJBE-VAWYXSNFSA-N
SP_000235,KQMVAGISDHMXJJ-UHFFFAOYSA-N
SP_000235,LBTABPSJONFLPO-UHFFFAOYSA-N
SP_000235,LFQSCWFLJHTTHZ-UHFFFAOYSA-N
SP_000235,LLCYNDRFWDIIQS-WQLSENKSSA-N
SP_000235,LOIYMIARKYCTBW-UPHRSURJSA-N
SP_000235,LQJBNNIYVWPHFW-QXMHVHEDSA-N
SP_000235,LXNHXLLTXMVWPM-UHFFFAOYSA-N
SP_000236,AAARRLVSWMMLIL-JFDCHTIYSA-N
SP_000236,AAAULIDICJVAGC-XUJQSNPTSA-N
SP_000236,AAAUQAJYMBAEDN-SDYYSCIWSA-N
SP_000236,AAAYFFAGXKLUDV-XSMLMOGHSA-N
SP_000236,AABKSFWWBUPVNY-NVCPWDGJSA-N
SP_000236,AABORWYRSOFPIQ-RIVVNBGWSA-N
SP_000236,AACGGBKJSIMRBR-BWSSJUFOSA-N
SP_000236,AACZXYOSBJYYOH-XBNQVYLISA-N
SP_000236,AAEDIKNVLNRFNP-VERBRUMSSA-N
SP_000236,AAEDVOLFYYONLY-WBCKFURZSA-N
SP_000236,AAEGDCWJLSBMKO-QRXDBQBNSA-N
SP_000236,AAEKPOOCHGGGKT-NLXJDERGSA-N
SP_000236,AAEVYOVXGOFMJO-UHFFFAOYSA-N
SP_000236,AAFPBUWBKCMUOC-AZZQUJCXSA-N
SP_000236,AAGIXMREDGMXGU-ASISNPDYSA-N
SP_000236,AAGKNIVYCBWMIR-HKNFJBDMSA-N
SP_000236,AAHQMLDWRXUNIA-HZTDGBLZSA-N
SP_000236,AAISSOQIFFPNFZ-AXAMJWTMSA-N
SP_000236,AAJCSPWAQIOZOP-HUESYALOSA-N
SP_000236,AAKHKGPJPZLUOV-ZGNZLWFWSA-N
SP_000236,AAMZNUSIHHMEQD-ZUFHXVCQSA-N
SP_000236,AANCKINPVVQDGX-OSUITXOZSA-N
SP_000236,AANHDBNUIKYXLN-OKUWMSBNSA-N
SP_000236,AANZTOSGIRNZNM-LNOKNGNPSA-N
SP_000236,AAOSLICMXQEMBQ-IONAWPRUSA-N
SP_000236,AAOXKTNPFBHMFQ-KZBYCKEYSA-N
SP_000236,AAQXAMYHTKLRRO-GRSNDSDLSA-N
SP_000236,AASMSXXODHOKTE-AKAJXFOGSA-N
SP_000236,AASMSXXODHOKTE-WDLSKMLESA-N
SP_000236,AAVFZGNNVBUUJP-DTSDQNDWSA-N
SP_000236,AAVFZGNNVBUUJP-IONAWPRUSA-N
SP_000236,AAVJUUZQHFIDSS-CQQUKVLBSA-N
SP_000236,AAVMVTWYUGHZHX-OALPUDEUSA-N
SP_000236,AAVMVTWYUGHZHX-YWIOZPJLSA-N
SP_000236,AAVNDRKAKFAYFN-FPQJXDIVSA-N
SP_000236,AAVNDRKAKFAYFN-MBLVYYNZSA-N
SP_000236,AAWSPHNKTFCCQE-GRSBDEQXSA-N
SP_000236,AAWYHGQYLUEDBG-MPLRIKRWSA-N
SP_000236,AAXMCYUUKFLUMJ-JSFHAIONSA-N
SP_000236,AAXWISAHYJUCTG-MPLRIKRWSA-N
SP_000236,AAXWISAHYJUCTG-OIVUAWODSA-N
SP_000236,AAYJVNROXHMWJF-OKIOPPKUSA-N
SP_000236,AAYLLNKLDFMSRD-HLIHSNNZSA-N
SP_000236,AAZDQNFGXLHGPJ-AUPLRJEGSA-N
SP_000236,AAZDQNFGXLHGPJ-PFUDJBDGSA-N
SP_000236,AAZLBQIWPSJHIZ-XGUPTXRGSA-N
SP_000236,AAZOMBJKSJQDHJ-ZBRBWIFHSA-N
SP_000236,AAZXFALIBYEKBE-UHFFFAOYSA-N
SP_000236,ABAPCGOEPWAJOW-KHLWFPLBSA-N
SP_000236,ABBYYPGQJRBTGA-NESBLOORSA-N
SP_000237,AAARRLVSWMMLIL-JFDCHTIYSA-N
SP_000237,AAAULIDICJVAGC-XUJQSNPTSA-N
SP_000237,AAAUQAJYMBAEDN-SDYYSCIWSA-N
SP_000237,AAAYFFAGXKLUDV-XSMLMOGHSA-N
SP_000237,AABKSFWWBUPVNY-NVCPWDGJSA-N
SP_000237,AABORWYRSOFPIQ-RIVVNBGWSA-N
SP_000237,AACGGBKJSIMRBR-BWSSJUFOSA-N
SP_000237,AACZXYOSBJYYOH-XBNQVYLISA-N
SP_000237,AAEDIKNVLNRFNP-VERBRUMSSA-N
SP_000237,AAEDVOLFYYONLY-WBCKFURZSA-N
SP_000237,AAEGDCWJLSBMKO-QRXDBQBNSA-N
SP_000237,AAEKPOOCHGGGKT-NLXJDERGSA-N
SP_000237,AAEVYOVXGOFMJO-UHFFFAOYSA-N
SP_000237,AAFPBUWBKCMUOC-AZZQUJCXSA-N
SP_000237,AAGIXMREDGMXGU-ASISNPDYSA-N
SP_000237,AAGKNIVYCBWMIR-HKNFJBDMSA-N
SP_000237,AAHQMLDWRXUNIA-HZTDGBLZSA-N
SP_000237,AAISSOQIFFPNFZ-AXAMJWTMSA-N
SP_000237,AAJCSPWAQIOZOP-HUESYALOSA-N
SP_000237,AAKHKGPJPZLUOV-ZGNZLWFWSA-N
SP_000237,AAMZNUSIHHMEQD-ZUFHXVCQSA-N
SP_000237,AANCKINPVVQDGX-OSUITXOZSA-N
SP_000237,AANHDBNUIKYXLN-OKUWMSBNSA-N
SP_000237,AANZTOSGIRNZNM-LNOKNGNPSA-N
SP_000237,AAOSLICMXQEMBQ-IONAWPRUSA-N
SP_000237,AAOXKTNPFBHMFQ-KZBYCKEYSA-N
SP_000237,AAQXAMYHTKLRRO-GRSNDSDLSA-N
SP_000237,AASMSXXODHOKTE-AKAJXFOGSA-N
SP_000237,AASMSXXODHOKTE-WDLSKMLESA-N
SP_000237,AAVFZGNNVBUUJP-DTSDQNDWSA-N
SP_000237,AAVFZGNNVBUUJP-IONAWPRUSA-N
SP_000237,AAVJUUZQHFIDSS-CQQUKVLBSA-N
SP_000237,AAVMVTWYUGHZHX-OALPUDEUSA-N
SP_000237,AAVMVTWYUGHZHX-YWIOZPJLSA-N
SP_000237,AAVNDRKAKFAYFN-FPQJXDIVSA-N
SP_000237,AAVNDRKAKFAYFN-MBLVYYNZSA-N
SP_000237,AAWSPHNKTFCCQE-GRSBDEQXSA-N
SP_000237,AAWYHGQYLUEDBG-MPLRIKRWSA-N
SP_000237,AAXMCYUUKFLUMJ-JSFHAIONSA-N
SP_000237,AAXWISAHYJUCTG-MPLRIKRWSA-N
SP_000237,AAXWISAHYJUCTG-OIVUAWODSA-N
SP_000237,AAYJVNROXHMWJF-OKIOPPKUSA-N
SP_000237,AAYLLNKLDFMSRD-HLIHSNNZSA-N
SP_000237,AAZDQNFGXLHGPJ-AUPLRJEGSA-N
SP_000237,AAZDQNFGXLHGPJ-PFUDJBDGSA-N
SP_000237,AAZLBQIWPSJHIZ-XGUPTXRGSA-N
SP_000237,AAZOMBJKSJQDHJ-ZBRBWIFHSA-N
SP_000237,AAZXFALIBYEKBE-UHFFFAOYSA-N
SP_000237,ABAPCGOEPWAJOW-KHLWFPLBSA-N
SP_000237,ABBYYPGQJRBTGA-NESBLOORSA-N
SP_000238,ADHNTNYEJYJUCU-ZSJFXSENSA-N
SP_000238,BATOPAZDIZEVQF-IAROGAJJSA-N
SP_000238,BHPQYMZQTOCNFJ-UHFFFAOYSA-N
SP_000238,CIWBSHSKHKDKBQ-JLAZNSOCSA-N
SP_000238,CZXLHIZQQUJTND-UHFFFAOYSA-N
SP_000238,DHMQDGOQFOQNFH-UHFFFAOYSA-N
SP_000238,DJLTZJGULPLVOA-UHFFFAOYSA-N
SP_000238,FCGOBISRCUOUQH-UHFFFAOYSA-N
SP_000238,GDBJCCBRRCYCEG-UHFFFAOYSA-N
SP_000238,IIACRCGMVDHOTQ-UHFFFAOYSA-N
SP_000238,IMKHDCBNRDRUEB-UHFFFAOYSA-N
SP_000238,JGHZJRVDZXSNKQ-UHFFFAOYSA-N
SP_000238,JIWBIWFOSCKQMA-DFARDDQGSA-N
SP_000238,JLQNHALFVCURHW-UHFFFAOYSA-N
SP_000238,JZRWCGZRTZMZEH-UHFFFAOYSA-N
SP_000238,JZVFJDZBLUFKCA-CMDGGOBGSA-N
SP_000238,KBEBGUQPQBELIU-HJWRWDBZSA-N
SP_000238,KDXKERNSBIXSRK-YFKPBYRVSA-N
SP_000238,KEAYESYHFKHZAL-UHFFFAOYSA-N
SP_000238,KJDZDTDNIULJBE-VAWYXSNFSA-N
SP_000238,KQMVAGISDHMXJJ-UHFFFAOYSA-N
SP_000238,LFQSCWFLJHTTHZ-UHFFFAOYSA-N
SP_000238,LLCYNDRFWDIIQS-WQLSENKSSA-N
SP_000238,LXNHXLLTXMVWPM-UHFFFAOYSA-N
SP_000238,NPYPAHLBTDXSSS-UHFFFAOYSA-N
SP_000238,ODKSFYDXXFIFQN-BYPYZUCNSA-N
SP_000238,ONIBWKKTOPOVIA-BYPYZUCNSA-N
SP_000238,OUYCCCASQSFEME-UHFFFAOYSA-N
SP_000238,OVBPIULPVIDEAO-LBPRGKRZSA-N
SP_000238,PCBSXBYCASFXTM-UHFFFAOYSA-N
SP_000238,PGMBAYKBYBXNNR-UHFFFAOYSA-N
SP_000238,POWISKNFFRUCCW-UHFFFAOYSA-N
SP_000238,PVNIIMVLHYAWGP-UHFFFAOYSA-N
SP_000238,QIVBCDIJIAJPQS-VIFPVBQESA-N
SP_000238,QNAYBMKLOCPYGJ-REOHCLBHSA-N
SP_000238,ROHFNLRQFUQHCH-UHFFFAOYSA-N
SP_000238,UQDUPQYQJKYHQI-UHFFFAOYSA-N
SP_000238,VYFYYTLLBUKUHU-UHFFFAOYSA-N
SP_000238,VYGQUTWHTHXGQB-UMNZIDCRSA-N
SP_000238,WEDGVCZUPFZNDE-UHFFFAOYSA-N
SP_000238,WZVWUSABZGIQJZ-UHFFFAOYSA-N
SP_000238,XWVDCVZOOVTJKF-RIYZIHGNSA-N
SP_000238,YHWNASRGLKJRJJ-UHFFFAOYSA-N
SP_000238,ZAKOWWREFLAJOT-UHFFFAOYSA-N
SP_000238,ZROGCCBNZBKLEL-MPRHSVQHSA-N
SP_000238,ZVKXPPXCNUMUOR-REWZIMNXSA-N
SP_000239,AABKSFWWBUPVNY-NVCPWDGJSA-N
SP_000239,AAFBEFOSCLMOTF-KXBCQOCRSA-N
SP_000239,AAFBEFOSCLMOTF-RRPFJGJLSA-N
SP_000239,AANMVENRNJYEMK-UHFFFAOYSA-N
SP_000239,AANZTOSGIRNZNM-LNOKNGNPSA-N
SP_000239,AAPGXBRKBIUCMQ-GWHBCOKCSA-N
SP_000239,AAWNBEJOCRYVJE-QNGWXLTQSA-N
SP_000239,AAWZDTNXLSGCEK-UHFFFAOYSA-M
SP_000239,AAXMCYUUKFLUMJ-JSFHAIONSA-N
SP_000239,AAXMCYUUKFLUMJ-TWDRBPDCSA-N
SP_000239,AAXYAFFKOSNMEB-MHARETSRSA-N
SP_000239,AAZOMBJKSJQDHJ-ZBRBWIFHSA-N
SP_000239,AAZZVFONLHYNDZ-NVQRUNIKSA-J
SP_000239,ABBYYPGQJRBTGA-NESBLOORSA-N
SP_000239,ABCOOORLYAOBOZ-KQYNXXCUSA-N
SP_000239,ABFJWRKPWCFTQP-JKFVOKSPSA-N
SP_000239,ABFJWRKPWCFTQP-XSMLMOGHSA-N
SP_000239,ABIKEVIWOJTKQS-AARKOHAPSA-N
SP_000239,ABLZXFCXXLZCGV-UHFFFAOYSA-L
SP_000239,ABRHOUKZOUNSSK-FVEAQGRNSA-N
SP_000239,ABUKPIBHMMLQDI-RCOVLANCSA-N
SP_000239,ACGLCDJEASKGDO-JSYPMYMJSA-N
SP_000239,ACIVVGBVOVHFPQ-RPDRRWSUSA-N
SP_000239,ACLPCAOOWJUVLL-DZKYTWFZSA-N
SP_000239,ACLQSYLJAZRTAP-XAFBQJBNSA-N
SP_000239,ACSIRQPNAYTBRW-VZUYHUTRSA-N
SP_000239,ACTHNCRNFFCCAQ-PLKVWTDNSA-N
SP_000239,ACTHNCRNFFCCAQ-YNQDZHFMSA-N
SP_000239,ACZVSMNFVFBOTM-UHFFFAOYSA-N
SP_000239,ADCKHLSRWCXEIY-GGAPOBRUSA-N
SP_000239,ADHKIZQYPQGIRC-ACSKKKSPSA-N
SP_000239,ADHKIZQYPQGIRC-SOZVHHJESA-N
SP_000239,ADHNTNYEJYJUCU-ZSJFXSENSA-N
SP_000239,ADKNUXINKGBJMY-LDLOPFEMSA-N
SP_000239,ADMGMAPZAQUXIR-VRHMUEQPSA-N
SP_000239,ADNSYCXWAHUWTA-SYOMJGEJSA-N
SP_000239,ADSGHWJRPOXXTD-IHWYPQMZSA-M
SP_000239,ADYPMBBPSUQKED-VOLCNUBSSA-N
SP_000239,ADZPFIMEBZGRHB-ILJAMNOWSA-N
SP_000239,AEFNZGGBWOQYID-UHFFFAOYSA-N
SP_000239,AEIJGHDRIPTRQY-UBTAJKBJSA-N
SP_000239,AELFRHHZGTVYGJ-QMMMGPOBSA-N
SP_000239,AEMFNILZOJDQLW-QAGGRKNESA-N
SP_000239,AERBNCYCJBRYDG-UHFFFAOYSA-N
SP_000239,AESBAQNLQIQXNK-BMFSGJJHSA-N
SP_000239,AETXDQTWHNBCRO-QLKFWGTOSA-N
SP_000239,AEWHYWSPVRZHCT-NDZSKPAWSA-N
SP_000239,AEWHYWSPVRZHCT-UHFFFAOYSA-J
SP_000239,AEXNGRVFOMIYOW-ICFOKQHNSA-N
SP_000239,AFFQVAIMWFYJJS-DTHFMEMVSA-N
SP_000240,ADHNTNYEJYJUCU-ZSJFXSENSA-N
SP_000240,BATOPAZDIZEVQF-IAROGAJJSA-N
SP_000240,BHPQYMZQTOCNFJ-UHFFFAOYSA-N
SP_000240,CIWBSHSKHKDKBQ-JLAZNSOCSA-N
SP_000240,CZMRCDWAGMRECN-UGDNZRGBSA-N
SP_000240,CZXLHIZQQUJTND-UHFFFAOYSA-N
SP_000240,DHMQDGOQFOQNFH-UHFFFAOYSA-N
SP_000240,DJLTZJGULPLVOA-UHFFFAOYSA-N
SP_000240,DOTJYWQAPHIAIF-UHFFFAOYSA-N
SP_000240,FCGOBISRCUOUQH-UHFFFAOYSA-N
SP_000240,GDBJCCBRRCYCEG-UHFFFAOYSA-N
SP_000240,GVJHHUAWPYXKBD-IEOSBIPESA-N
SP_000240,HUTCYUJPLOTDMX-KEBDBYFISA-N
SP_000240,IIACRCGMVDHOTQ-UHFFFAOYSA-N
SP_000240,IMKHDCBNRDRUEB-UHFFFAOYSA-N
SP_000240,JEKGHHPMLRLCIW-VBVMRKNNSA-N
SP_000240,JGHZJRVDZXSNKQ-UHFFFAOYSA-N
SP_000240,JIWBIWFOSCKQMA-DFARDDQGSA-N
SP_000240,JLQNHALFVCURHW-UHFFFAOYSA-N
SP_000240,JZRWCGZRTZMZEH-UHFFFAOYSA-N
SP_000240,JZVFJDZBLUFKCA-CMDGGOBGSA-N
SP_000240,KBEBGUQPQBELIU-HJWRWDBZSA-N
SP_000240,KDXKERNSBIXSRK-YFKPBYRVSA-N
SP_000240,KEAYESYHFKHZAL-UHFFFAOYSA-N
SP_000240,KJDZDTDNIULJBE-VAWYXSNFSA-N
SP_000240,KQMVAGISDHMXJJ-UHFFFAOYSA-N
SP_000240,LFQSCWFLJHTTHZ-UHFFFAOYSA-N
SP_000240,LLCYNDRFWDIIQS-WQLSENKSSA-N
SP_000240,LXNHXLLTXMVWPM-UHFFFAOYSA-N
SP_000240,NPYPAHLBTDXSSS-UHFFFAOYSA-N
SP_000240,OBVNUYXMOLOYPW-UHFFFAOYSA-N
SP_000240,ODKSFYDXXFIFQN-BYPYZUCNSA-N
SP_000240,OEYIOHPDSNJKLS-UHFFFAOYSA-N
SP_000240,ONIBWKKTOPOVIA-BYPYZUCNSA-N
SP_000240,OUMMPAFEQHTYIZ-UHFFFAOYSA-N
SP_000240,OUYCCCASQSFEME-UHFFFAOYSA-N
SP_000240,OVBPIULPVIDEAO-LBPRGKRZSA-N
SP_000240,PCBSXBYCASFXTM-UHFFFAOYSA-N
SP_000240,PGMBAYKBYBXNNR-UHFFFAOYSA-N
SP_000240,POWISKNFFRUCCW-UHFFFAOYSA-N
SP_000240,PVNIIMVLHYAWGP-UHFFFAOYSA-N
SP_000240,QIVBCDIJIAJPQS-VIFPVBQESA-N
SP_000240,QNAYBMKLOCPYGJ-REOHCLBHSA-N
SP_000240,QYSXJUFSXHHAJI-YRZJJWOYSA-N
SP_000240,ROHFNLRQFUQHCH-UHFFFAOYSA-N
SP_000240,RYYVLZVUVIJVGH-UHFFFAOYSA-N
SP_000240,UQDUPQYQJKYHQI-UHFFFAOYSA-N
SP_000240,VYFYYTLLBUKUHU-UHFFFAOYSA-N
SP_000240,VYGQUTWHTHXGQB-UMNZIDCRSA-N
SP_000240,WEDGVCZUPFZNDE-UHFFFAOYSA-N
SP_000241,ADHNTNYEJYJUCU-ZSJFXSENSA-N
SP_000241,APFBWMGEGSELQP-AATRIKPKSA-N
SP_000241,BATOPAZDIZEVQF-IAROGAJJSA-N
SP_000241,BHPQYMZQTOCNFJ-UHFFFAOYSA-N
SP_000241,BHQCQFFYRZLCQQ-KRHHAYMPSA-N
SP_000241,BJBUEDPLEOHJGE-UHFFFAOYSA-N
SP_000241,BNBBFUJNMYQYLA-VQHVLOKHSA-N
SP_000241,CIWBSHSKHKDKBQ-JLAZNSOCSA-N
SP_000241,CKLJMWTZIZZHCS-UWTATZPHSA-N
SP_000241,CUPQSMZELNNSIR-LZRZFMTJSA-N
SP_000241,CZMRCDWAGMRECN-UGDNZRGBSA-N
SP_000241,CZMRCDWAGMRECN-UHFFFAOYSA-N
SP_000241,CZXLHIZQQUJTND-UHFFFAOYSA-N
SP_000241,DHMQDGOQFOQNFH-UHFFFAOYSA-N
SP_000241,DJLTZJGULPLVOA-UHFFFAOYSA-N
SP_000241,DKHGMERMDICWDU-GHDNBGIDSA-N
SP_000241,DNAYVNOVGHZZLH-UHFFFAOYSA-N
SP_000241,DOTJYWQAPHIAIF-UHFFFAOYSA-N
SP_000241,DPJRMOMPQZCRJU-UHFFFAOYSA-M
SP_000241,DSMWJDJWYGMEBO-UTCJRWHESA-N
SP_000241,FCGOBISRCUOUQH-UHFFFAOYSA-N
SP_000241,GDBJCCBRRCYCEG-UHFFFAOYSA-N
SP_000241,GUBGYTABKSRVRQ-PICCSMPSSA-N
SP_000241,GUBGYTABKSRVRQ-QKKXKWKRSA-N
SP_000241,GVJHHUAWPYXKBD-IEOSBIPESA-N
SP_000241,GWMMTXPUFREJAY-UHFFFAOYSA-N
SP_000241,GZIFEOYASATJEH-UHFFFAOYSA-N
SP_000241,HKSDVVJONLXYKL-ZFILXNNPSA-N
SP_000241,HUTCYUJPLOTDMX-KEBDBYFISA-N
SP_000241,HYCLWDHZALFLJV-UHFFFAOYSA-N
SP_000241,IDJXJAJYEFRBPY-UHFFFAOYSA-N
SP_000241,IIACRCGMVDHOTQ-UHFFFAOYSA-N
SP_000241,IMKHDCBNRDRUEB-UHFFFAOYSA-N
SP_000241,IYSZVOVZPVKXIJ-OFALOCIGSA-N
SP_000241,JBFOLLJCGUCDQP-UHFFFAOYSA-N
SP_000241,JEKGHHPMLRLCIW-VBVMRKNNSA-N
SP_000241,JGHZJRVDZXSNKQ-UHFFFAOYSA-N
SP_000241,JIWBIWFOSCKQMA-DFARDDQGSA-N
SP_000241,JLQNHALFVCURHW-UHFFFAOYSA-N
SP_000241,JZRWCGZRTZMZEH-UHFFFAOYSA-N
SP_000241,JZVFJDZBLUFKCA-CMDGGOBGSA-N
SP_000241,KBEBGUQPQBELIU-HJWRWDBZSA-N
SP_000241,KDXKERNSBIXSRK-YFKPBYRVSA-N
SP_000241,KEAYESYHFKHZAL-UHFFFAOYSA-N
SP_000241,KEMQGTRYUADPNZ-UHFFFAOYSA-N
SP_000241,KJDZDTDNIULJBE-VAWYXSNFSA-N
SP_000241,KQMVAGISDHMXJJ-UHFFFAOYSA-N
SP_000241,KWIUHFFTVRNATP-UHFFFAOYSA-N
SP_000241,LBTABPSJONFLPO-UHFFFAOYSA-N
SP_000241,LFQSCWFLJHTTHZ-UHFFFAOYSA-N
SP_000242,ADHNTNYEJYJUCU-ZSJFXSENSA-N
SP_000242,APFBWMGEGSELQP-AATRIKPKSA-N
SP_000242,BATOPAZDIZEVQF-IAROGAJJSA-N
SP_000242,BHPQYMZQTOCNFJ-UHFFFAOYSA-N
SP_000242,BHQCQFFYRZLCQQ-KRHHAYMPSA-N
SP_000242,BJBUEDPLEOHJGE-UHFFFAOYSA-N
SP_000242,BNBBFUJNMYQYLA-VQHVLOKHSA-N
SP_000242,CIWBSHSKHKDKBQ-JLAZNSOCSA-N
SP_000242,CKLJMWTZIZZHCS-UWTATZPHSA-N
SP_000242,CUPQSMZELNNSIR-LZRZFMTJSA-N
SP_000242,CZMRCDWAGMRECN-UGDNZRGBSA-N
SP_000242,CZMRCDWAGMRECN-UHFFFAOYSA-N
SP_000242,CZXLHIZQQUJTND-UHFFFAOYSA-N
SP_000242,DHMQDGOQFOQNFH-UHFFFAOYSA-N
SP_000242,DJLTZJGULPLVOA-UHFFFAOYSA-N
SP_000242,DNAYVNOVGHZZLH-UHFFFAOYSA-N
SP_000242,DOTJYWQAPHIAIF-UHFFFAOYSA-N
SP_000242,DPJRMOMPQZCRJU-UHFFFAOYSA-M
SP_000242,DSMWJDJWYGMEBO-UTCJRWHESA-N
SP_000242,FCGOBISRCUOUQH-UHFFFAOYSA-N
SP_000242,GDBJCCBRRCYCEG-UHFFFAOYSA-N
SP_000242,GUBGYTABKSRVRQ-PICCSMPSSA-N
SP_000242,GUBGYTABKSRVRQ-QKKXKWKRSA-N
SP_000242,GVJHHUAWPYXKBD-IEOSBIPESA-N
SP_000242,GWMMTXPUFREJAY-UHFFFAOYSA-N
SP_000242,HKSDVVJONLXYKL-ZFILXNNPSA-N
SP_000242,HUTCYUJPLOTDMX-KEBDBYFISA-N
SP_000242,IDJXJAJYEFRBPY-UHFFFAOYSA-N
SP_000242,IIACRCGMVDHOTQ-UHFFFAOYSA-N
SP_000242,IMKHDCBNRDRUEB-UHFFFAOYSA-N
SP_000242,IYSZVOVZPVKXIJ-OFALOCIGSA-N
SP_000242,JBFOLLJCGUCDQP-UHFFFAOYSA-N
SP_000242,JEKGHHPMLRLCIW-VBVMRKNNSA-N
SP_000242,JGHZJRVDZXSNKQ-UHFFFAOYSA-N
SP_000242,JIWBIWFOSCKQMA-DFARDDQGSA-N
SP_000242,JLQNHALFVCURHW-UHFFFAOYSA-N
SP_000242,JZRWCGZRTZMZEH-UHFFFAOYSA-N
SP_000242,JZVFJDZBLUFKCA-CMDGGOBGSA-N
SP_000242,KBEBGUQPQBELIU-HJWRWDBZSA-N
SP_000242,KDXKERNSBIXSRK-YFKPBYRVSA-N
SP_000242,KEAYESYHFKHZAL-UHFFFAOYSA-N
SP_000242,KEMQGTRYUADPNZ-UHFFFAOYSA-N
SP_000242,KJDZDTDNIULJBE-VAWYXSNFSA-N
SP_000242,KQMVAGISDHMXJJ-UHFFFAOYSA-N
SP_000242,LBTABPSJONFLPO-UHFFFAOYSA-N
SP_000242,LFQSCWFLJHTTHZ-UHFFFAOYSA-N
SP_000242,LLCYNDRFWDIIQS-WQLSENKSSA-N
SP_000242,LOIYMIARKYCTBW-UPHRSURJSA-N
SP_000242,LQJBNNIYVWPHFW-QXMHVHEDSA-N
SP_000242,LXNHXLLTXMVWPM-UHFFFAOYSA-N
SP_000243,AABKSFWWBUPVNY-NVCPWDGJSA-N
SP_000243,AAFBEFOSCLMOTF-KXBCQOCRSA-N
SP_000243,AAFBEFOSCLMOTF-RRPFJGJLSA-N
SP_000243,AANMVENRNJYEMK-UHFFFAOYSA-N
SP_000243,AANZTOSGIRNZNM-LNOKNGNPSA-N
SP_000243,AAPGXBRKBIUCMQ-GWHBCOKCSA-N
SP_000243,AAWNBEJOCRYVJE-QNGWXLTQSA-N
SP_000243,AAWZDTNXLSGCEK-UHFFFAOYSA-M
SP_000243,AAXMCYUUKFLUMJ-JSFHAIONSA-N
SP_000243,AAXMCYUUKFLUMJ-TWDRBPDCSA-N
SP_000243,AAXYAFFKOSNMEB-MHARETSRSA-N
SP_000243,AAZOMBJKSJQDHJ-ZBRBWIFHSA-N
SP_000243,AAZZVFONLHYNDZ-NVQRUNIKSA-J
SP_000243,ABBYYPGQJRBTGA-NESBLOORSA-N
SP_000243,ABCOOORLYAOBOZ-KQYNXXCUSA-N
SP_000243,ABFJWRKPWCFTQP-JKFVOKSPSA-N
SP_000243,ABFJWRKPWCFTQP-XSMLMOGHSA-N
SP_000243,ABIKEVIWOJTKQS-AARKOHAPSA-N
SP_000243,ABLZXFCXXLZCGV-UHFFFAOYSA-L
SP_000243,ABRHOUKZOUNSSK-FVEAQGRNSA-N
SP_000243,ABUKPIBHMMLQDI-RCOVLANCSA-N
SP_000243,ABVCUBUIXWJYSE-UHFFFAOYSA-O
SP_000243,ACGLCDJEASKGDO-JSYPMYMJSA-N
SP_000243,ACIVVGBVOVHFPQ-RPDRRWSUSA-N
SP_000243,ACLPCAOOWJUVLL-DZKYTWFZSA-N
SP_000243,ACLQSYLJAZRTAP-XAFBQJBNSA-N
SP_000243,ACSIRQPNAYTBRW-VZUYHUTRSA-N
SP_000243,ACTHNCRNFFCCAQ-PLKVWTDNSA-N
SP_000243,ACTHNCRNFFCCAQ-YNQDZHFMSA-N
SP_000243,ACZVSMNFVFBOTM-UHFFFAOYSA-N
SP_000243,ADCKHLSRWCXEIY-GGAPOBRUSA-N
SP_000243,ADHKIZQYPQGIRC-ACSKKKSPSA-N
SP_000243,ADHKIZQYPQGIRC-SOZVHHJESA-N
SP_000243,ADHNTNYEJYJUCU-ZSJFXSENSA-N
SP_000243,ADKNUXINKGBJMY-LDLOPFEMSA-N
SP_000243,ADMGMAPZAQUXIR-VRHMUEQPSA-N
SP_000243,ADNSYCXWAHUWTA-SYOMJGEJSA-N
SP_000243,ADSGHWJRPOXXTD-IHWYPQMZSA-M
SP_000243,ADYPMBBPSUQKED-VOLCNUBSSA-N
SP_000243,ADZPFIMEBZGRHB-ILJAMNOWSA-N
SP_000243,AEFNZGGBWOQYID-UHFFFAOYSA-N
SP_000243,AEIJGHDRIPTRQY-UBTAJKBJSA-N
SP_000243,AELFRHHZGTVYGJ-QMMMGPOBSA-N
SP_000243,AEMFNILZOJDQLW-QAGGRKNESA-N
SP_000243,AERBNCYCJBRYDG-UHFFFAOYSA-N
SP_000243,AESBAQNLQIQXNK-BMFSGJJHSA-N
SP_000243,AETXDQTWHNBCRO-QLKFWGTOSA-N
SP_000243,AEWHYWSPVRZHCT-NDZSKPAWSA-N
SP_000243,AEWHYWSPVRZHCT-UHFFFAOYSA-J
SP_000243,AEXNGRVFOMIYOW-ICFOKQHNSA-N
SP_000244,AABKSFWWBUPVNY-NVCPWDGJSA-N
SP_000244,AAFBEFOSCLMOTF-KXBCQOCRSA-N
SP_000244,AAFBEFOSCLMOTF-RRPFJGJLSA-N
SP_000244,AANMVENRNJYEMK-UHFFFAOYSA-N
SP_000244,AANZTOSGIRNZNM-LNOKNGNPSA-N
SP_000244,AAPGXBRKBIUCMQ-GWHBCOKCSA-N
SP_000244,AAWNBEJOCRYVJE-QNGWXLTQSA-N
SP_000244,AAWZDTNXLSGCEK-UHFFFAOYSA-M
SP_000244,AAXMCYUUKFLUMJ-JSFHAIONSA-N
SP_000244,AAXMCYUUKFLUMJ-TWDRBPDCSA-N
SP_000244,AAXYAFFKOSNMEB-MHARETSRSA-N
SP_000244,AAZOMBJKSJQDHJ-ZBRBWIFHSA-N
SP_000244,AAZZVFONLHYNDZ-NVQRUNIKSA-J
SP_000244,ABBYYPGQJRBTGA-NESBLOORSA-N
SP_000244,ABCOOORLYAOBOZ-KQYNXXCUSA-N
SP_000244,ABFJWRKPWCFTQP-JKFVOKSPSA-N
SP_000244,ABFJWRKPWCFTQP-XSMLMOGHSA-N
SP_000244,ABIKEVIWOJTKQS-AARKOHAPSA-N
SP_000244,ABLZXFCXXLZCGV-UHFFFAOYSA-L
SP_000244,ABRHOUKZOUNSSK-FVEAQGRNSA-N
SP_000244,ABUKPIBHMMLQDI-RCOVLANCSA-N
SP_000244,ACGLCDJEASKGDO-JSYPMYMJSA-N
SP_000244,ACIVVGBVOVHFPQ-RPDRRWSUSA-N
SP_000244,ACLPCAOOWJUVLL-DZKYTWFZSA-N
SP_000244,ACLQSYLJAZRTAP-XAFBQJBNSA-N
SP_000244,ACSIRQPNAYTBRW-VZUYHUTRSA-N
SP_000244,ACTHNCRNFFCCAQ-PLKVWTDNSA-N
SP_000244,ACTHNCRNFFCCAQ-YNQDZHFMSA-N
SP_000244,ACZVSMNFVFBOTM-UHFFFAOYSA-N
SP_000244,ADCKHLSRWCXEIY-GGAPOBRUSA-N
SP_000244,ADHKIZQYPQGIRC-ACSKKKSPSA-N
SP_000244,ADHKIZQYPQGIRC-SOZVHHJESA-N
SP_000244,ADHNTNYEJYJUCU-ZSJFXSENSA-N
SP_000244,ADKNUXINKGBJMY-LDLOPFEMSA-N
SP_000244,ADMGMAPZAQUXIR-VRHMUEQPSA-N
SP_000244,ADNSYCXWAHUWTA-SYOMJGEJSA-N
SP_000244,ADSGHWJRPOXXTD-IHWYPQMZSA-M
SP_000244,ADYPMBBPSUQKED-VOLCNUBSSA-N
SP_000244,ADZPFIMEBZGRHB-ILJAMNOWSA-N
SP_000244,AEFNZGGBWOQYID-UHFFFAOYSA-N
SP_000244,AEIJGHDRIPTRQY-UBTAJKBJSA-N
SP_000244,AELFRHHZGTVYGJ-QMMMGPOBSA-N
SP_000244,AEMFNILZOJDQLW-QAGGRKNESA-N
SP_000244,AERBNCYCJBRYDG-UHFFFAOYSA-N
SP_000244,AESBAQNLQIQXNK-BMFSGJJHSA-N
SP_000244,AETXDQTWHNBCRO-QLKFWGTOSA-N
SP_000244,AEWHYWSPVRZHCT-NDZSKPAWSA-N
SP_000244,AEWHYWSPVRZHCT-UHFFFAOYSA-J
SP_000244,AEXNGRVFOMIYOW-ICFOKQHNSA-N
SP_000244,AFFQVAIMWFYJJS-DTHFMEMVSA-N
SP_000245,AABKSFWWBUPVNY-NVCPWDGJSA-N
SP_000245,AAFBEFOSCLMOTF-KXBCQOCRSA-N
SP_000245,AAFBEFOSCLMOTF-RRPFJGJLSA-N
SP_000245,AANMVENRNJYEMK-UHFFFAOYSA-N
SP_000245,AANZTOSGIRNZNM-LNOKNGNPSA-N
SP_000245,AAPGXBRKBIUCMQ-GWHBCOKCSA-N
SP_000245,AAWNBEJOCRYVJE-QNGWXLTQSA-N
SP_000245,AAWZDTNXLSGCEK-UHFFFAOYSA-M
SP_000245,AAXMCYUUKFLUMJ-JSFHAIONSA-N
SP_000245,AAXMCYUUKFLUMJ-TWDRBPDCSA-N
SP_000245,AAXYAFFKOSNMEB-MHARETSRSA-N
SP_000245,AAZOMBJKSJQDHJ-ZBRBWIFHSA-N
SP_000245,AAZZVFONLHYNDZ-NVQRUNIKSA-J
SP_000245,ABBYYPGQJRBTGA-NESBLOORSA-N
SP_000245,ABCOOORLYAOBOZ-KQYNXXCUSA-N
SP_000245,ABFJWRKPWCFTQP-JKFVOKSPSA-N
SP_000245,ABFJWRKPWCFTQP-XSMLMOGHSA-N
SP_000245,ABIKEVIWOJTKQS-AARKOHAPSA-N
SP_000245,ABLZXFCXXLZCGV-UHFFFAOYSA-L
SP_000245,ABRHOUKZOUNSSK-FVEAQGRNSA-N
SP_000245,ABUKPIBHMMLQDI-RCOVLANCSA-N
SP_000245,ACGLCDJEASKGDO-JSYPMYMJSA-N
SP_000245,ACIVVGBVOVHFPQ-RPDRRWSUSA-N
SP_000245,ACLPCAOOWJUVLL-DZKYTWFZSA-N
SP_000245,ACLQSYLJAZRTAP-XAFBQJBNSA-N
SP_000245,ACSIRQPNAYTBRW-VZUYHUTRSA-N
SP_000245,ACTHNCRNFFCCAQ-PLKVWTDNSA-N
SP_000245,ACTHNCRNFFCCAQ-YNQDZHFMSA-N
SP_000245,ACZVSMNFVFBOTM-UHFFFAOYSA-N
SP_000245,ADCKHLSRWCXEIY-GGAPOBRUSA-N
SP_000245,ADHKIZQYPQGIRC-ACSKKKSPSA-N
SP_000245,ADHKIZQYPQGIRC-SOZVHHJESA-N
SP_000245,ADHNTNYEJYJUCU-ZSJFXSENSA-N
SP_000245,ADKNUXINKGBJMY-LDLOPFEMSA-N
SP_000245,ADMGMAPZAQUXIR-VRHMUEQPSA-N
SP_000245,ADNSYCXWAHUWTA-SYOMJGEJSA-N
SP_000245,ADSGHWJRPOXXTD-IHWYPQMZSA-M
SP_000245,ADYPMBBPSUQKED-VOLCNUBSSA-N
SP_000245,ADZPFIMEBZGRHB-ILJAMNOWSA-N
SP_000245,AEFNZGGBWOQYID-UHFFFAOYSA-N
SP_000245,AEIJGHDRIPTRQY-UBTAJKBJSA-N
SP_000245,AELFRHHZGTVYGJ-QMMMGPOBSA-N
SP_000245,AEMFNILZOJDQLW-QAGGRKNESA-N
SP_000245,AERBNCYCJBRYDG-UHFFFAOYSA-N
SP_000245,AESBAQNLQIQXNK-BMFSGJJHSA-N
SP_000245,AETXDQTWHNBCRO-QLKFWGTOSA-N
SP_000245,AEWHYWSPVRZHCT-NDZSKPAWSA-N
SP_000245,AEWHYWSPVRZHCT-UHFFFAOYSA-J
SP_000245,AEXNGRVFOMIYOW-ICFOKQHNSA-N
SP_000245,AFFQVAIMWFYJJS-DTHFMEMVSA-N
SP_000246,AABKSFWWBUPVNY-NVCPWDGJSA-N
SP_000246,AAFBEFOSCLMOTF-KXBCQOCRSA-N
SP_000246,AAFBEFOSCLMOTF-RRPFJGJLSA-N
SP_000246,AANMVENRNJYEMK-UHFFFAOYSA-N
SP_000246,AANZTOSGIRNZNM-LNOKNGNPSA-N
SP_000246,AAPGXBRKBIUCMQ-GWHBCOKCSA-N
SP_000246,AAWNBEJOCRYVJE-QNGWXLTQSA-N
SP_000246,AAWZDTNXLSGCEK-UHFFFAOYSA-M
SP_000246,AAXMCYUUKFLUMJ-JSFHAIONSA-N
SP_000246,AAXMCYUUKFLUMJ-TWDRBPDCSA-N
SP_000246,AAXYAFFKOSNMEB-MHARETSRSA-N
SP_000246,AAZOMBJKSJQDHJ-ZBRBWIFHSA-N
SP_000246,AAZZVFONLHYNDZ-NVQRUNIKSA-J
SP_000246,ABBYYPGQJRBTGA-NESBLOORSA-N
SP_000246,ABCOOORLYAOBOZ-KQYNXXCUSA-N
SP_000246,ABFJWRKPWCFTQP-JKFVOKSPSA-N
SP_000246,ABFJWRKPWCFTQP-XSMLMOGHSA-N
SP_000246,ABIKEVIWOJTKQS-AARKOHAPSA-N
SP_000246,ABLZXFCXXLZCGV-UHFFFAOYSA-L
SP_000246,ABRHOUKZOUNSSK-FVEAQGRNSA-N
SP_000246,ABUKPIBHMMLQDI-RCOVLANCSA-N
SP_000246,ACGLCDJEASKGDO-JSYPMYMJSA-N
SP_000246,ACIVVGBVOVHFPQ-RPDRRWSUSA-N
SP_000246,ACLPCAOOWJUVLL-DZKYTWFZSA-N
SP_000246,ACLQSYLJAZRTAP-XAFBQJBNSA-N
SP_000246,ACSIRQPNAYTBRW-VZUYHUTRSA-N
SP_000246,ACTHNCRNFFCCAQ-PLKVWTDNSA-N
SP_000246,ACTHNCRNFFCCAQ-YNQDZHFMSA-N
SP_000246,ACZVSMNFVFBOTM-UHFFFAOYSA-N
SP_000246,ADCKHLSRWCXEIY-GGAPOBRUSA-N
SP_000246,ADHKIZQYPQGIRC-ACSKKKSPSA-N
SP_000246,ADHKIZQYPQGIRC-SOZVHHJESA-N
SP_000246,ADHNTNYEJYJUCU-ZSJFXSENSA-N
SP_000246,ADKNUXINKGBJMY-LDLOPFEMSA-N
SP_000246,ADMGMAPZAQUXIR-VRHMUEQPSA-N
SP_000246,ADNSYCXWAHUWTA-SYOMJGEJSA-N
SP_000246,ADSGHWJRPOXXTD-IHWYPQMZSA-M
SP_000246,ADYPMBBPSUQKED-VOLCNUBSSA-N
SP_000246,ADZPFIMEBZGRHB-ILJAMNOWSA-N
SP_000246,AEFNZGGBWOQYID-UHFFFAOYSA-N
SP_000246,AEIJGHDRIPTRQY-UBTAJKBJSA-N
SP_000246,AELFRHHZGTVYGJ-QMMMGPOBSA-N
SP_000246,AEMFNILZOJDQLW-QAGGRKNESA-N
SP_000246,AERBNCYCJBRYDG-UHFFFAOYSA-N
SP_000246,AESBAQNLQIQXNK-BMFSGJJHSA-N
SP_000246,AETXDQTWHNBCRO-QLKFWGTOSA-N
SP_000246,AEWHYWSPVRZHCT-NDZSKPAWSA-N
SP_000246,AEWHYWSPVRZHCT-UHFFFAOYSA-J
SP_000246,AEXNGRVFOMIYOW-ICFOKQHNSA-N
SP_000246,AFFQVAIMWFYJJS-DTHFMEMVSA-N
SP_000247,ADHNTNYEJYJUCU-ZSJFXSENSA-N
SP_000247,BATOPAZDIZEVQF-IAROGAJJSA-N
SP_000247,BHPQYMZQTOCNFJ-UHFFFAOYSA-N
SP_000247,CIWBSHSKHKDKBQ-JLAZNSOCSA-N
SP_000247,CZMRCDWAGMRECN-UGDNZRGBSA-N
SP_000247,CZXLHIZQQUJTND-UHFFFAOYSA-N
SP_000247,DHMQDGOQFOQNFH-UHFFFAOYSA-N
SP_000247,DJLTZJGULPLVOA-UHFFFAOYSA-N
SP_000247,DOTJYWQAPHIAIF-UHFFFAOYSA-N
SP_000247,DQGMPXYVZZCNDQ-KBPWROHVSA-N
SP_000247,FCGOBISRCUOUQH-UHFFFAOYSA-N
SP_000247,GDBJCCBRRCYCEG-UHFFFAOYSA-N
SP_000247,GVJHHUAWPYXKBD-IEOSBIPESA-N
SP_000247,GZIFEOYASATJEH-UHFFFAOYSA-N
SP_000247,HKSDVVJONLXYKL-ZFILXNNPSA-N
SP_000247,HUTCYUJPLOTDMX-KEBDBYFISA-N
SP_000247,IIACRCGMVDHOTQ-UHFFFAOYSA-N
SP_000247,IMKHDCBNRDRUEB-UHFFFAOYSA-N
SP_000247,JEKGHHPMLRLCIW-VBVMRKNNSA-N
SP_000247,JGHZJRVDZXSNKQ-UHFFFAOYSA-N
SP_000247,JIWBIWFOSCKQMA-DFARDDQGSA-N
SP_000247,JLQNHALFVCURHW-UHFFFAOYSA-N
SP_000247,JZRWCGZRTZMZEH-UHFFFAOYSA-N
SP_000247,JZVFJDZBLUFKCA-CMDGGOBGSA-N
SP_000247,KBEBGUQPQBELIU-HJWRWDBZSA-N
SP_000247,KDXKERNSBIXSRK-YFKPBYRVSA-N
SP_000247,KEAYESYHFKHZAL-UHFFFAOYSA-N
SP_000247,KJDZDTDNIULJBE-VAWYXSNFSA-N
SP_000247,KQMVAGISDHMXJJ-UHFFFAOYSA-N
SP_000247,LFQSCWFLJHTTHZ-UHFFFAOYSA-N
SP_000247,LLCYNDRFWDIIQS-WQLSENKSSA-N
SP_000247,LOIYMIARKYCTBW-UPHRSURJSA-N
SP_000247,LXNHXLLTXMVWPM-UHFFFAOYSA-N
SP_000247,NPYPAHLBTDXSSS-UHFFFAOYSA-N
SP_000247,OBVNUYXMOLOYPW-UHFFFAOYSA-N
SP_000247,ODKSFYDXXFIFQN-BYPYZUCNSA-N
SP_000247,OEYIOHPDSNJKLS-UHFFFAOYSA-N
SP_000247,ONIBWKKTOPOVIA-BYPYZUCNSA-N
SP_000247,ONYHYSLZNLJFHX-MDAAKZFYSA-N
SP_000247,OUMMPAFEQHTYIZ-UHFFFAOYSA-N
SP_000247,OUYCCCASQSFEME-UHFFFAOYSA-N
SP_000247,OVBPIULPVIDEAO-LBPRGKRZSA-N
SP_000247,PCBSXBYCASFXTM-UHFFFAOYSA-N
SP_000247,PGMBAYKBYBXNNR-UHFFFAOYSA-N
SP_000247,POWISKNFFRUCCW-UHFFFAOYSA-N
SP_000247,PVNIIMVLHYAWGP-UHFFFAOYSA-N
SP_000247,QIVBCDIJIAJPQS-VIFPVBQESA-N
SP_000247,QNAYBMKLOCPYGJ-REOHCLBHSA-N
SP_000247,QUEDXNHFTDJVIY-UHFFFAOYSA-N
SP_000247,QYSXJUFSXHHAJI-YRZJJWOYSA-N
SP_000248,ADHNTNYEJYJUCU-ZSJFXSENSA-N
SP_000248,APFBWMGEGSELQP-AATRIKPKSA-N
SP_000248,BATOPAZDIZEVQF-IAROGAJJSA-N
SP_000248,BHPQYMZQTOCNFJ-UHFFFAOYSA-N
SP_000248,BHQCQFFYRZLCQQ-KRHHAYMPSA-N
SP_000248,BJBUEDPLEOHJGE-UHFFFAOYSA-N
SP_000248,BNBBFUJNMYQYLA-VQHVLOKHSA-N
SP_000248,CIWBSHSKHKDKBQ-JLAZNSOCSA-N
SP_000248,CKLJMWTZIZZHCS-UWTATZPHSA-N
SP_000248,CUPQSMZELNNSIR-LZRZFMTJSA-N
SP_000248,CZMRCDWAGMRECN-UGDNZRGBSA-N
SP_000248,CZMRCDWAGMRECN-UHFFFAOYSA-N
SP_000248,CZXLHIZQQUJTND-UHFFFAOYSA-N
SP_000248,DHMQDGOQFOQNFH-UHFFFAOYSA-N
SP_000248,DJLTZJGULPLVOA-UHFFFAOYSA-N
SP_000248,DNAYVNOVGHZZLH-UHFFFAOYSA-N
SP_000248,DOTJYWQAPHIAIF-UHFFFAOYSA-N
SP_000248,DPJRMOMPQZCRJU-UHFFFAOYSA-M
SP_000248,DSMWJDJWYGMEBO-UTCJRWHESA-N
SP_000248,FCGOBISRCUOUQH-UHFFFAOYSA-N
SP_000248,GDBJCCBRRCYCEG-UHFFFAOYSA-N
SP_000248,GUBGYTABKSRVRQ-PICCSMPSSA-N
SP_000248,GUBGYTABKSRVRQ-QKKXKWKRSA-N
SP_000248,GVJHHUAWPYXKBD-IEOSBIPESA-N
SP_000248,GWMMTXPUFREJAY-UHFFFAOYSA-N
SP_000248,HKSDVVJONLXYKL-ZFILXNNPSA-N
SP_000248,IDJXJAJYEFRBPY-UHFFFAOYSA-N
SP_000248,IIACRCGMVDHOTQ-UHFFFAOYSA-N
SP_000248,IMKHDCBNRDRUEB-UHFFFAOYSA-N
SP_000248,IYSZVOVZPVKXIJ-OFALOCIGSA-N
SP_000248,JBFOLLJCGUCDQP-UHFFFAOYSA-N
SP_000248,JGHZJRVDZXSNKQ-UHFFFAOYSA-N
SP_000248,JIWBIWFOSCKQMA-DFARDDQGSA-N
SP_000248,JLQNHALFVCURHW-UHFFFAOYSA-N
SP_000248,JZRWCGZRTZMZEH-UHFFFAOYSA-N
SP_000248,JZVFJDZBLUFKCA-CMDGGOBGSA-N
SP_000248,KBEBGUQPQBELIU-HJWRWDBZSA-N
SP_000248,KEAYESYHFKHZAL-UHFFFAOYSA-N
SP_000248,KEMQGTRYUADPNZ-UHFFFAOYSA-N
SP_000248,KJDZDTDNIULJBE-VAWYXSNFSA-N
SP_000248,LBTABPSJONFLPO-UHFFFAOYSA-N
SP_000248,LFQSCWFLJHTTHZ-UHFFFAOYSA-N
SP_000248,LLCYNDRFWDIIQS-WQLSENKSSA-N
SP_000248,LOIYMIARKYCTBW-UPHRSURJSA-N
SP_000248,LQJBNNIYVWPHFW-QXMHVHEDSA-N
SP_000248,LXNHXLLTXMVWPM-UHFFFAOYSA-N
SP_000248,NPYPAHLBTDXSSS-UHFFFAOYSA-N
SP_000248,NSSALFVIQPAIQK-BQYQJAHWSA-N
SP_000248,OBVNUYXMOLOYPW-UHFFFAOYSA-N
SP_000248,ODKSFYDXXFIFQN-BYPYZUCNSA-N
SP_000249,ADHNTNYEJYJUCU-ZSJFXSENSA-N
SP_000249,BATOPAZDIZEVQF-IAROGAJJSA-N
SP_000249,BHPQYMZQTOCNFJ-UHFFFAOYSA-N
SP_000249,CZMRCDWAGMRECN-UGDNZRGBSA-N
SP_000249,CZMRCDWAGMRECN-UHFFFAOYSA-N
SP_000249,CZXLHIZQQUJTND-UHFFFAOYSA-N
SP_000249,DHMQDGOQFOQNFH-UHFFFAOYSA-N
SP_000249,DJLTZJGULPLVOA-UHFFFAOYSA-N
SP_000249,DKHGMERMDICWDU-GHDNBGIDSA-N
SP_000249,DOTJYWQAPHIAIF-UHFFFAOYSA-N
SP_000249,FCGOBISRCUOUQH-UHFFFAOYSA-N
SP_000249,GDBJCCBRRCYCEG-UHFFFAOYSA-N
SP_000249,GUBGYTABKSRVRQ-PICCSMPSSA-N
SP_000249,GUBGYTABKSRVRQ-QKKXKWKRSA-N
SP_000249,GVJHHUAWPYXKBD-IEOSBIPESA-N
SP_000249,GZIFEOYASATJEH-UHFFFAOYSA-N
SP_000249,HKSDVVJONLXYKL-ZFILXNNPSA-N
SP_000249,HUTCYUJPLOTDMX-KEBDBYFISA-N
SP_000249,HYCLWDHZALFLJV-UHFFFAOYSA-N
SP_000249,IIACRCGMVDHOTQ-UHFFFAOYSA-N
SP_000249,JEKGHHPMLRLCIW-VBVMRKNNSA-N
SP_000249,JGHZJRVDZXSNKQ-UHFFFAOYSA-N
SP_000249,JIWBIWFOSCKQMA-DFARDDQGSA-N
SP_000249,JLQNHALFVCURHW-UHFFFAOYSA-N
SP_000249,JZRWCGZRTZMZEH-UHFFFAOYSA-N
SP_000249,KBEBGUQPQBELIU-HJWRWDBZSA-N
SP_000249,KDXKERNSBIXSRK-YFKPBYRVSA-N
SP_000249,KEAYESYHFKHZAL-UHFFFAOYSA-N
SP_000249,KJDZDTDNIULJBE-VAWYXSNFSA-N
SP_000249,KQMVAGISDHMXJJ-UHFFFAOYSA-N
SP_000249,LFQSCWFLJHTTHZ-UHFFFAOYSA-N
SP_000249,LLCYNDRFWDIIQS-WQLSENKSSA-N
SP_000249,LXNHXLLTXMVWPM-UHFFFAOYSA-N
SP_000249,NPYPAHLBTDXSSS-UHFFFAOYSA-N
SP_000249,ODKSFYDXXFIFQN-BYPYZUCNSA-N
SP_000249,ONIBWKKTOPOVIA-BYPYZUCNSA-N
SP_000249,OUMMPAFEQHTYIZ-UHFFFAOYSA-N
SP_000249,OUYCCCASQSFEME-UHFFFAOYSA-N
SP_000249,PCBSXBYCASFXTM-UHFFFAOYSA-N
SP_000249,PGMBAYKBYBXNNR-UHFFFAOYSA-N
SP_000249,POWISKNFFRUCCW-UHFFFAOYSA-N
SP_000249,PVNIIMVLHYAWGP-UHFFFAOYSA-N
SP_000249,QIVBCDIJIAJPQS-VIFPVBQESA-N
SP_000249,QNAYBMKLOCPYGJ-REOHCLBHSA-N
SP_000249,QUEDXNHFTDJVIY-UHFFFAOYSA-N
SP_000249,ROHFNLRQFUQHCH-UHFFFAOYSA-N
SP_000249,RUDATBOHQWOJDD-JGFDLHJZSA-N
SP_000249,RYYVLZVUVIJVGH-UHFFFAOYSA-N
SP_000249,SGNBVLSWZMBQTH-UHFFFAOYSA-N
SP_000249,TXBRTEQRWJPSKE-UHFFFAOYSA-N
SP_000250,ADHNTNYEJYJUCU-ZSJFXSENSA-N
SP_000250,BATOPAZDIZEVQF-IAROGAJJSA-N
SP_000250,BHPQYMZQTOCNFJ-UHFFFAOYSA-N
SP_000250,CIWBSHSKHKDKBQ-JLAZNSOCSA-N
SP_000250,CZXLHIZQQUJTND-UHFFFAOYSA-N
SP_000250,DHMQDGOQFOQNFH-UHFFFAOYSA-N
SP_000250,DJLTZJGULPLVOA-UHFFFAOYSA-N
SP_000250,FCGOBISRCUOUQH-UHFFFAOYSA-N
SP_000250,GDBJCCBRRCYCEG-UHFFFAOYSA-N
SP_000250,IIACRCGMVDHOTQ-UHFFFAOYSA-N
SP_000250,IMKHDCBNRDRUEB-UHFFFAOYSA-N
SP_000250,JGHZJRVDZXSNKQ-UHFFFAOYSA-N
SP_000250,JIWBIWFOSCKQMA-DFARDDQGSA-N
SP_000250,JLQNHALFVCURHW-UHFFFAOYSA-N
SP_000250,JZRWCGZRTZMZEH-UHFFFAOYSA-N
SP_000250,JZVFJDZBLUFKCA-CMDGGOBGSA-N
SP_000250,KBEBGUQPQBELIU-HJWRWDBZSA-N
SP_000250,KDXKERNSBIXSRK-YFKPBYRVSA-N
SP_000250,KEAYESYHFKHZAL-UHFFFAOYSA-N
SP_000250,KJDZDTDNIULJBE-VAWYXSNFSA-N
SP_000250,KQMVAGISDHMXJJ-UHFFFAOYSA-N
SP_000250,LFQSCWFLJHTTHZ-UHFFFAOYSA-N
SP_000250,LLCYNDRFWDIIQS-WQLSENKSSA-N
SP_000250,LXNHXLLTXMVWPM-UHFFFAOYSA-N
SP_000250,NPYPAHLBTDXSSS-UHFFFAOYSA-N
SP_000250,ODKSFYDXXFIFQN-BYPYZUCNSA-N
SP_000250,ONIBWKKTOPOVIA-BYPYZUCNSA-N
SP_000250,OUYCCCASQSFEME-UHFFFAOYSA-N
SP_000250,OVBPIULPVIDEAO-LBPRGKRZSA-N
SP_000250,PCBSXBYCASFXTM-UHFFFAOYSA-N
SP_000250,PGMBAYKBYBXNNR-UHFFFAOYSA-N
SP_000250,POWISKNFFRUCCW-UHFFFAOYSA-N
SP_000250,PVNIIMVLHYAWGP-UHFFFAOYSA-N
SP_000250,QIVBCDIJIAJPQS-VIFPVBQESA-N
SP_000250,QNAYBMKLOCPYGJ-REOHCLBHSA-N
SP_000250,ROHFNLRQFUQHCH-UHFFFAOYSA-N
SP_000250,UQDUPQYQJKYHQI-UHFFFAOYSA-N
SP_000250,VYFYYTLLBUKUHU-UHFFFAOYSA-N
SP_000250,VYGQUTWHTHXGQB-UMNZIDCRSA-N
SP_000250,WEDGVCZUPFZNDE-UHFFFAOYSA-N
SP_000250,WZVWUSABZGIQJZ-UHFFFAOYSA-N
SP_000250,XWVDCVZOOVTJKF-RIYZIHGNSA-N
SP_000250,YHWNASRGLKJRJJ-UHFFFAOYSA-N
SP_000250,ZAKOWWREFLAJOT-UHFFFAOYSA-N
SP_000250,ZROGCCBNZBKLEL-MPRHSVQHSA-N
SP_000250,ZVKXPPXCNUMUOR-REWZIMNXSA-N
SP_000251,ADHNTNYEJYJUCU-ZSJFXSENSA-N
SP_000251,BATOPAZDIZEVQF-IAROGAJJSA-N
SP_000251,BHPQYMZQTOCNFJ-UHFFFAOYSA-N
SP_000251,CIWBSHSKHKDKBQ-JLAZNSOCSA-N
SP_000251,CZXLHIZQQUJTND-UHFFFAOYSA-N
SP_000251,DHMQDGOQFOQNFH-UHFFFAOYSA-N
SP_000251,DJLTZJGULPLVOA-UHFFFAOYSA-N
SP_000251,FCGOBISRCUOUQH-UHFFFAOYSA-N
SP_000251,GDBJCCBRRCYCEG-UHFFFAOYSA-N
SP_000251,IIACRCGMVDHOTQ-UHFFFAOYSA-N
SP_000251,JIWBIWFOSCKQMA-DFARDDQGSA-N
SP_000251,JLQNHALFVCURHW-UHFFFAOYSA-N
SP_000251,JZRWCGZRTZMZEH-UHFFFAOYSA-N
SP_000251,KBEBGUQPQBELIU-HJWRWDBZSA-N
SP_000251,KDXKERNSBIXSRK-YFKPBYRVSA-N
SP_000251,KEAYESYHFKHZAL-UHFFFAOYSA-N
SP_000251,KJDZDTDNIULJBE-VAWYXSNFSA-N
SP_000251,KQMVAGISDHMXJJ-UHFFFAOYSA-N
SP_000251,LLCYNDRFWDIIQS-WQLSENKSSA-N
SP_000251,LXNHXLLTXMVWPM-UHFFFAOYSA-N
SP_000251,NPYPAHLBTDXSSS-UHFFFAOYSA-N
SP_000251,ODKSFYDXXFIFQN-BYPYZUCNSA-N
SP_000251,ONIBWKKTOPOVIA-BYPYZUCNSA-N
SP_000251,OUYCCCASQSFEME-UHFFFAOYSA-N
SP_000251,OVBPIULPVIDEAO-LBPRGKRZSA-N
SP_000251,PCBSXBYCASFXTM-UHFFFAOYSA-N
SP_000251,PGMBAYKBYBXNNR-UHFFFAOYSA-N
SP_000251,POWISKNFFRUCCW-UHFFFAOYSA-N
SP_000251,PVNIIMVLHYAWGP-UHFFFAOYSA-N
SP_000251,QIVBCDIJIAJPQS-VIFPVBQESA-N
SP_000251,QNAYBMKLOCPYGJ-REOHCLBHSA-N
SP_000251,ROHFNLRQFUQHCH-UHFFFAOYSA-N
SP_000251,VYFYYTLLBUKUHU-UHFFFAOYSA-N
SP_000251,VYGQUTWHTHXGQB-UMNZIDCRSA-N
SP_000251,WEDGVCZUPFZNDE-UHFFFAOYSA-N
SP_000251,WZVWUSABZGIQJZ-UHFFFAOYSA-N
SP_000251,XWVDCVZOOVTJKF-RIYZIHGNSA-N
SP_000251,YHWNASRGLKJRJJ-UHFFFAOYSA-N
SP_000251,ZAKOWWREFLAJOT-UHFFFAOYSA-N
SP_000251,ZVKXPPXCNUMUOR-REWZIMNXSA-N
SP_000252,AABKSFWWBUPVNY-NVCPWDGJSA-N
SP_000252,AAFBEFOSCLMOTF-KXBCQOCRSA-N
SP_000252,AAFBEFOSCLMOTF-RRPFJGJLSA-N
SP_000252,AANMVENRNJYEMK-UHFFFAOYSA-N
SP_000252,AANZTOSGIRNZNM-LNOKNGNPSA-N
SP_000252,AAPGXBRKBIUCMQ-GWHBCOKCSA-N
SP_000252,AAWNBEJOCRYVJE-QNGWXLTQSA-N
SP_000252,AAWZDTNXLSGCEK-UHFFFAOYSA-M
SP_000252,AAXMCYUUKFLUMJ-JSFHAIONSA-N
SP_000252,AAXMCYUUKFLUMJ-TWDRBPDCSA-N
SP_000252,AAXYAFFKOSNMEB-MHARETSRSA-N
SP_000252,AAZOMBJKSJQDHJ-ZBRBWIFHSA-N
SP_000252,AAZZVFONLHYNDZ-NVQRUNIKSA-J
SP_000252,ABBYYPGQJRBTGA-NESBLOORSA-N
SP_000252,ABCOOORLYAOBOZ-KQYNXXCUSA-N
SP_000252,ABFJWRKPWCFTQP-JKFVOKSPSA-N
SP_000252,ABFJWRKPWCFTQP-XSMLMOGHSA-N
SP_000252,ABIKEVIWOJTKQS-AARKOHAPSA-N
SP_000252,ABLZXFCXXLZCGV-UHFFFAOYSA-L
SP_000252,ABRHOUKZOUNSSK-FVEAQGRNSA-N
SP_000252,ABUKPIBHMMLQDI-RCOVLANCSA-N
SP_000252,ACGLCDJEASKGDO-JSYPMYMJSA-N
SP_000252,ACIVVGBVOVHFPQ-RPDRRWSUSA-N
SP_000252,ACLPCAOOWJUVLL-DZKYTWFZSA-N
SP_000252,ACLQSYLJAZRTAP-XAFBQJBNSA-N
SP_000252,ACSIRQPNAYTBRW-VZUYHUTRSA-N
SP_000252,ACTHNCRNFFCCAQ-PLKVWTDNSA-N
SP_000252,ACTHNCRNFFCCAQ-YNQDZHFMSA-N
SP_000252,ACZVSMNFVFBOTM-UHFFFAOYSA-N
SP_000252,ADCKHLSRWCXEIY-GGAPOBRUSA-N
SP_000252,ADHKIZQYPQGIRC-ACSKKKSPSA-N
SP_000252,ADHKIZQYPQGIRC-SOZVHHJESA-N
SP_000252,ADHNTNYEJYJUCU-ZSJFXSENSA-N
SP_000252,ADKNUXINKGBJMY-LDLOPFEMSA-N
SP_000252,ADMGMAPZAQUXIR-VRHMUEQPSA-N
SP_000252,ADNSYCXWAHUWTA-SYOMJGEJSA-N
SP_000252,ADSGHWJRPOXXTD-IHWYPQMZSA-M
SP_000252,ADYPMBBPSUQKED-VOLCNUBSSA-N
SP_000252,ADZPFIMEBZGRHB-ILJAMNOWSA-N
SP_000252,AEFNZGGBWOQYID-UHFFFAOYSA-N
SP_000252,AEIJGHDRIPTRQY-UBTAJKBJSA-N
SP_000252,AELFRHHZGTVYGJ-QMMMGPOBSA-N
SP_000252,AEMFNILZOJDQLW-QAGGRKNESA-N
SP_000252,AERBNCYCJBRYDG-UHFFFAOYSA-N
SP_000252,AESBAQNLQIQXNK-BMFSGJJHSA-N
SP_000252,AETXDQTWHNBCRO-QLKFWGTOSA-N
SP_000252,AEWHYWSPVRZHCT-NDZSKPAWSA-N
SP_000252,AEWHYWSPVRZHCT-UHFFFAOYSA-J
SP_000252,AEXNGRVFOMIYOW-ICFOKQHNSA-N
SP_000252,AFFQVAIMWFYJJS-DTHFMEMVSA-N
SP_000253,AAARRLVSWMMLIL-JFDCHTIYSA-N
SP_000253,AAAULIDICJVAGC-XUJQSNPTSA-N
SP_000253,AAAUQAJYMBAEDN-SDYYSCIWSA-N
SP_000253,AAAYFFAGXKLUDV-XSMLMOGHSA-N
SP_000253,AABKSFWWBUPVNY-NVCPWDGJSA-N
SP_000253,AABORWYRSOFPIQ-RIVVNBGWSA-N
SP_000253,AACGGBKJSIMRBR-BWSSJUFOSA-N
SP_000253,AACZXYOSBJYYOH-XBNQVYLISA-N
SP_000253,AAEDIKNVLNRFNP-VERBRUMSSA-N
SP_000253,AAEDVOLFYYONLY-WBCKFURZSA-N
SP_000253,AAEGDCWJLSBMKO-QRXDBQBNSA-N
SP_000253,AAEKPOOCHGGGKT-NLXJDERGSA-N
SP_000253,AAEVYOVXGOFMJO-UHFFFAOYSA-N
SP_000253,AAFPBUWBKCMUOC-AZZQUJCXSA-N
SP_000253,AAGIXMREDGMXGU-ASISNPDYSA-N
SP_000253,AAGKNIVYCBWMIR-HKNFJBDMSA-N
SP_000253,AAHQMLDWRXUNIA-HZTDGBLZSA-N
SP_000253,AAISSOQIFFPNFZ-AXAMJWTMSA-N
SP_000253,AAJCSPWAQIOZOP-HUESYALOSA-N
SP_000253,AAKHKGPJPZLUOV-ZGNZLWFWSA-N
SP_000253,AAMZNUSIHHMEQD-ZUFHXVCQSA-N
SP_000253,AANCKINPVVQDGX-OSUITXOZSA-N
SP_000253,AANHDBNUIKYXLN-OKUWMSBNSA-N
SP_000253,AANZTOSGIRNZNM-LNOKNGNPSA-N
SP_000253,AAOSLICMXQEMBQ-IONAWPRUSA-N
SP_000253,AAOXKTNPFBHMFQ-KZBYCKEYSA-N
SP_000253,AAQXAMYHTKLRRO-GRSNDSDLSA-N
SP_000253,AASMSXXODHOKTE-AKAJXFOGSA-N
SP_000253,AASMSXXODHOKTE-WDLSKMLESA-N
SP_000253,AAVFZGNNVBUUJP-DTSDQNDWSA-N
SP_000253,AAVFZGNNVBUUJP-IONAWPRUSA-N
SP_000253,AAVJUUZQHFIDSS-CQQUKVLBSA-N
SP_000253,AAVMVTWYUGHZHX-OALPUDEUSA-N
SP_000253,AAVMVTWYUGHZHX-YWIOZPJLSA-N
SP_000253,AAVNDRKAKFAYFN-FPQJXDIVSA-N
SP_000253,AAVNDRKAKFAYFN-MBLVYYNZSA-N
SP_000253,AAWSPHNKTFCCQE-GRSBDEQXSA-N
SP_000253,AAWYHGQYLUEDBG-MPLRIKRWSA-N
SP_000253,AAXMCYUUKFLUMJ-JSFHAIONSA-N
SP_000253,AAXWISAHYJUCTG-MPLRIKRWSA-N
SP_000253,AAXWISAHYJUCTG-OIVUAWODSA-N
SP_000253,AAYJVNROXHMWJF-OKIOPPKUSA-N
SP_000253,AAYLLNKLDFMSRD-HLIHSNNZSA-N
SP_000253,AAZDQNFGXLHGPJ-AUPLRJEGSA-N
SP_000253,AAZDQNFGXLHGPJ-PFUDJBDGSA-N
SP_000253,AAZLBQIWPSJHIZ-XGUPTXRGSA-N
SP_000253,AAZOMBJKSJQDHJ-ZBRBWIFHSA-N
SP_000253,AAZXFALIBYEKBE-UHFFFAOYSA-N
SP_000253,ABAPCGOEPWAJOW-KHLWFPLBSA-N
SP_000253,ABBYYPGQJRBTGA-NESBLOORSA-N
SP_000254,AABKSFWWBUPVNY-NVCPWDGJSA-N
SP_000254,AAFBEFOSCLMOTF-KXBCQOCRSA-N
SP_000254,AAFBEFOSCLMOTF-RRPFJGJLSA-N
SP_000254,AANMVENRNJYEMK-UHFFFAOYSA-N
SP_000254,AANZTOSGIRNZNM-LNOKNGNPSA-N
SP_000254,AAPGXBRKBIUCMQ-GWHBCOKCSA-N
SP_000254,AAWNBEJOCRYVJE-QNGWXLTQSA-N
SP_000254,AAWZDTNXLSGCEK-UHFFFAOYSA-M
SP_000254,AAXMCYUUKFLUMJ-JSFHAIONSA-N
SP_000254,AAXMCYUUKFLUMJ-TWDRBPDCSA-N
SP_000254,AAXYAFFKOSNMEB-MHARETSRSA-N
SP_000254,AAZOMBJKSJQDHJ-ZBRBWIFHSA-N
SP_000254,AAZZVFONLHYNDZ-NVQRUNIKSA-J
SP_000254,ABBYYPGQJRBTGA-NESBLOORSA-N
SP_000254,ABCOOORLYAOBOZ-KQYNXXCUSA-N
SP_000254,ABFJWRKPWCFTQP-JKFVOKSPSA-N
SP_000254,ABFJWRKPWCFTQP-XSMLMOGHSA-N
SP_000254,ABIKEVIWOJTKQS-AARKOHAPSA-N
SP_000254,ABLZXFCXXLZCGV-UHFFFAOYSA-L
SP_000254,ABRHOUKZOUNSSK-FVEAQGRNSA-N
SP_000254,ABUKPIBHMMLQDI-RCOVLANCSA-N
SP_000254,ACGLCDJEASKGDO-JSYPMYMJSA-N
SP_000254,ACIVVGBVOVHFPQ-RPDRRWSUSA-N
SP_000254,ACLPCAOOWJUVLL-DZKYTWFZSA-N
SP_000254,ACLQSYLJAZRTAP-XAFBQJBNSA-N
SP_000254,ACSIRQPNAYTBRW-VZUYHUTRSA-N
SP_000254,ACTHNCRNFFCCAQ-PLKVWTDNSA-N
SP_000254,ACTHNCRNFFCCAQ-YNQDZHFMSA-N
SP_000254,ACZVSMNFVFBOTM-UHFFFAOYSA-N
SP_000254,ADCKHLSRWCXEIY-GGAPOBRUSA-N
SP_000254,ADHKIZQYPQGIRC-ACSKKKSPSA-N
SP_000254,ADHKIZQYPQGIRC-SOZVHHJESA-N
SP_000254,ADHNTNYEJYJUCU-ZSJFXSENSA-N
SP_000254,ADKNUXINKGBJMY-LDLOPFEMSA-N
SP_000254,ADMGMAPZAQUXIR-VRHMUEQPSA-N
SP_000254,ADNSYCXWAHUWTA-SYOMJGEJSA-N
SP_000254,ADSGHWJRPOXXTD-IHWYPQMZSA-M
SP_000254,ADYPMBBPSUQKED-VOLCNUBSSA-N
SP_000254,ADZPFIMEBZGRHB-ILJAMNOWSA-N
SP_000254,AEFNZGGBWOQYID-UHFFFAOYSA-N
SP_000254,AEIJGHDRIPTRQY-UBTAJKBJSA-N
SP_000254,AELFRHHZGTVYGJ-QMMMGPOBSA-N
SP_000254,AEMFNILZOJDQLW-QAGGRKNESA-N
SP_000254,AERBNCYCJBRYDG-UHFFFAOYSA-N
SP_000254,AESBAQNLQIQXNK-BMFSGJJHSA-N
SP_000254,AETXDQTWHNBCRO-QLKFWGTOSA-N
SP_000254,AEWHYWSPVRZHCT-NDZSKPAWSA-N
SP_000254,AEWHYWSPVRZHCT-UHFFFAOYSA-J
SP_000254,AEXNGRVFOMIYOW-ICFOKQHNSA-N
SP_000254,AFFQVAIMWFYJJS-DTHFMEMVSA-N
SP_000255,AAARRLVSWMMLIL-JFDCHTIYSA-N
SP_000255,AAAULIDICJVAGC-XUJQSNPTSA-N
SP_000255,AAAUQAJYMBAEDN-SDYYSCIWSA-N
SP_000255,AAAYFFAGXKLUDV-XSMLMOGHSA-N
SP_000255,AABKSFWWBUPVNY-NVCPWDGJSA-N
SP_000255,AABORWYRSOFPIQ-RIVVNBGWSA-N
SP_000255,AACGGBKJSIMRBR-BWSSJUFOSA-N
SP_000255,AACZXYOSBJYYOH-XBNQVYLISA-N
SP_000255,AAEDIKNVLNRFNP-VERBRUMSSA-N
SP_000255,AAEDVOLFYYONLY-WBCKFURZSA-N
SP_000255,AAEGDCWJLSBMKO-QRXDBQBNSA-N
SP_000255,AAEKPOOCHGGGKT-NLXJDERGSA-N
SP_000255,AAEVYOVXGOFMJO-UHFFFAOYSA-N
SP_000255,AAFPBUWBKCMUOC-AZZQUJCXSA-N
SP_000255,AAGIXMREDGMXGU-ASISNPDYSA-N
SP_000255,AAGKNIVYCBWMIR-HKNFJBDMSA-N
SP_000255,AAHQMLDWRXUNIA-HZTDGBLZSA-N
SP_000255,AAISSOQIFFPNFZ-AXAMJWTMSA-N
SP_000255,AAJCSPWAQIOZOP-HUESYALOSA-N
SP_000255,AAKHKGPJPZLUOV-ZGNZLWFWSA-N
SP_000255,AAMZNUSIHHMEQD-ZUFHXVCQSA-N
SP_000255,AANCKINPVVQDGX-OSUITXOZSA-N
SP_000255,AANHDBNUIKYXLN-OKUWMSBNSA-N
SP_000255,AANZTOSGIRNZNM-LNOKNGNPSA-N
SP_000255,AAOSLICMXQEMBQ-IONAWPRUSA-N
SP_000255,AAOXKTNPFBHMFQ-KZBYCKEYSA-N
SP_000255,AAQXAMYHTKLRRO-GRSNDSDLSA-N
SP_000255,AASMSXXODHOKTE-AKAJXFOGSA-N
SP_000255,AASMSXXODHOKTE-WDLSKMLESA-N
SP_000255,AAVFZGNNVBUUJP-DTSDQNDWSA-N
SP_000255,AAVFZGNNVBUUJP-IONAWPRUSA-N
SP_000255,AAVJUUZQHFIDSS-CQQUKVLBSA-N
SP_000255,AAVMVTWYUGHZHX-OALPUDEUSA-N
SP_000255,AAVMVTWYUGHZHX-YWIOZPJLSA-N
SP_000255,AAVNDRKAKFAYFN-FPQJXDIVSA-N
SP_000255,AAVNDRKAKFAYFN-MBLVYYNZSA-N
SP_000255,AAWSPHNKTFCCQE-GRSBDEQXSA-N
SP_000255,AAWYHGQYLUEDBG-MPLRIKRWSA-N
SP_000255,AAXMCYUUKFLUMJ-JSFHAIONSA-N
SP_000255,AAXWISAHYJUCTG-MPLRIKRWSA-N
SP_000255,AAXWISAHYJUCTG-OIVUAWODSA-N
SP_000255,AAYJVNROXHMWJF-OKIOPPKUSA-N
SP_000255,AAYLLNKLDFMSRD-HLIHSNNZSA-N
SP_000255,AAZDQNFGXLHGPJ-AUPLRJEGSA-N
SP_000255,AAZDQNFGXLHGPJ-PFUDJBDGSA-N
SP_000255,AAZLBQIWPSJHIZ-XGUPTXRGSA-N
SP_000255,AAZOMBJKSJQDHJ-ZBRBWIFHSA-N
SP_000255,AAZXFALIBYEKBE-UHFFFAOYSA-N
SP_000255,ABAPCGOEPWAJOW-KHLWFPLBSA-N
SP_000255,ABBYYPGQJRBTGA-NESBLOORSA-N
SP_000256,ADHNTNYEJYJUCU-ZSJFXSENSA-N
SP_000256,BATOPAZDIZEVQF-IAROGAJJSA-N
SP_000256,BHPQYMZQTOCNFJ-UHFFFAOYSA-N
SP_000256,CIWBSHSKHKDKBQ-JLAZNSOCSA-N
SP_000256,CZMRCDWAGMRECN-UGDNZRGBSA-N
SP_000256,CZXLHIZQQUJTND-UHFFFAOYSA-N
SP_000256,DHMQDGOQFOQNFH-UHFFFAOYSA-N
SP_000256,DJLTZJGULPLVOA-UHFFFAOYSA-N
SP_000256,DOTJYWQAPHIAIF-UHFFFAOYSA-N
SP_000256,FCGOBISRCUOUQH-UHFFFAOYSA-N
SP_000256,GDBJCCBRRCYCEG-UHFFFAOYSA-N
SP_000256,GVJHHUAWPYXKBD-IEOSBIPESA-N
SP_000256,HUTCYUJPLOTDMX-KEBDBYFISA-N
SP_000256,IIACRCGMVDHOTQ-UHFFFAOYSA-N
SP_000256,IMKHDCBNRDRUEB-UHFFFAOYSA-N
SP_000256,JEKGHHPMLRLCIW-VBVMRKNNSA-N
SP_000256,JGHZJRVDZXSNKQ-UHFFFAOYSA-N
SP_000256,JIWBIWFOSCKQMA-DFARDDQGSA-N
SP_000256,JLQNHALFVCURHW-UHFFFAOYSA-N
SP_000256,JZRWCGZRTZMZEH-UHFFFAOYSA-N
SP_000256,JZVFJDZBLUFKCA-CMDGGOBGSA-N
SP_000256,KBEBGUQPQBELIU-HJWRWDBZSA-N
SP_000256,KDXKERNSBIXSRK-YFKPBYRVSA-N
SP_000256,KEAYESYHFKHZAL-UHFFFAOYSA-N
SP_000256,KJDZDTDNIULJBE-VAWYXSNFSA-N
SP_000256,KQMVAGISDHMXJJ-UHFFFAOYSA-N
SP_000256,LFQSCWFLJHTTHZ-UHFFFAOYSA-N
SP_000256,LLCYNDRFWDIIQS-WQLSENKSSA-N
SP_000256,LXNHXLLTXMVWPM-UHFFFAOYSA-N
SP_000256,NPYPAHLBTDXSSS-UHFFFAOYSA-N
SP_000256,OBVNUYXMOLOYPW-UHFFFAOYSA-N
SP_000256,ODKSFYDXXFIFQN-BYPYZUCNSA-N
SP_000256,OEYIOHPDSNJKLS-UHFFFAOYSA-N
SP_000256,ONIBWKKTOPOVIA-BYPYZUCNSA-N
SP_000256,OUMMPAFEQHTYIZ-UHFFFAOYSA-N
SP_000256,OUYCCCASQSFEME-UHFFFAOYSA-N
SP_000256,OVBPIULPVIDEAO-LBPRGKRZSA-N
SP_000256,PCBSXBYCASFXTM-UHFFFAOYSA-N
SP_000256,PGMBAYKBYBXNNR-UHFFFAOYSA-N
SP_000256,POWISKNFFRUCCW-UHFFFAOYSA-N
SP_000256,PVNIIMVLHYAWGP-UHFFFAOYSA-N
SP_000256,QIVBCDIJIAJPQS-VIFPVBQESA-N
SP_000256,QNAYBMKLOCPYGJ-REOHCLBHSA-N
SP_000256,QYSXJUFSXHHAJI-YRZJJWOYSA-N
SP_000256,ROHFNLRQFUQHCH-UHFFFAOYSA-N
SP_000256,RYYVLZVUVIJVGH-UHFFFAOYSA-N
SP_000256,UQDUPQYQJKYHQI-UHFFFAOYSA-N
SP_000256,VYFYYTLLBUKUHU-UHFFFAOYSA-N
SP_000256,VYGQUTWHTHXGQB-UMNZIDCRSA-N
SP_000256,WEDGVCZUPFZNDE-UHFFFAOYSA-N
SP_000257,ADHNTNYEJYJUCU-ZSJFXSENSA-N
SP_000257,APFBWMGEGSELQP-AATRIKPKSA-N
SP_000257,BATOPAZDIZEVQF-IAROGAJJSA-N
SP_000257,BHPQYMZQTOCNFJ-UHFFFAOYSA-N
SP_000257,BHQCQFFYRZLCQQ-KRHHAYMPSA-N
SP_000257,BJBUEDPLEOHJGE-UHFFFAOYSA-N
SP_000257,BNBBFUJNMYQYLA-VQHVLOKHSA-N
SP_000257,CIWBSHSKHKDKBQ-JLAZNSOCSA-N
SP_000257,CKLJMWTZIZZHCS-UWTATZPHSA-N
SP_000257,CUPQSMZELNNSIR-LZRZFMTJSA-N
SP_000257,CZMRCDWAGMRECN-UGDNZRGBSA-N
SP_000257,CZMRCDWAGMRECN-UHFFFAOYSA-N
SP_000257,CZXLHIZQQUJTND-UHFFFAOYSA-N
SP_000257,DHMQDGOQFOQNFH-UHFFFAOYSA-N
SP_000257,DJLTZJGULPLVOA-UHFFFAOYSA-N
SP_000257,DKHGMERMDICWDU-GHDNBGIDSA-N
SP_000257,DNAYVNOVGHZZLH-UHFFFAOYSA-N
SP_000257,DOTJYWQAPHIAIF-UHFFFAOYSA-N
SP_000257,DPJRMOMPQZCRJU-UHFFFAOYSA-M
SP_000257,DQGMPXYVZZCNDQ-KBPWROHVSA-N
SP_000257,DSMWJDJWYGMEBO-UTCJRWHESA-N
SP_000257,FCGOBISRCUOUQH-UHFFFAOYSA-N
SP_000257,GDBJCCBRRCYCEG-UHFFFAOYSA-N
SP_000257,GUBGYTABKSRVRQ-PICCSMPSSA-N
SP_000257,GUBGYTABKSRVRQ-QKKXKWKRSA-N
SP_000257,GVJHHUAWPYXKBD-IEOSBIPESA-N
SP_000257,GWMMTXPUFREJAY-UHFFFAOYSA-N
SP_000257,GZIFEOYASATJEH-UHFFFAOYSA-N
SP_000257,HKSDVVJONLXYKL-ZFILXNNPSA-N
SP_000257,HUTCYUJPLOTDMX-KEBDBYFISA-N
SP_000257,HYCLWDHZALFLJV-UHFFFAOYSA-N
SP_000257,IDJXJAJYEFRBPY-UHFFFAOYSA-N
SP_000257,IIACRCGMVDHOTQ-UHFFFAOYSA-N
SP_000257,IMKHDCBNRDRUEB-UHFFFAOYSA-N
SP_000257,IMNZDWZLEPDBAP-UHFFFAOYSA-N
SP_000257,IYSZVOVZPVKXIJ-OFALOCIGSA-N
SP_000257,JBFOLLJCGUCDQP-UHFFFAOYSA-N
SP_000257,JEKGHHPMLRLCIW-VBVMRKNNSA-N
SP_000257,JGHZJRVDZXSNKQ-UHFFFAOYSA-N
SP_000257,JIWBIWFOSCKQMA-DFARDDQGSA-N
SP_000257,JLQNHALFVCURHW-UHFFFAOYSA-N
SP_000257,JZRWCGZRTZMZEH-UHFFFAOYSA-N
SP_000257,JZVFJDZBLUFKCA-CMDGGOBGSA-N
SP_000257,KBEBGUQPQBELIU-HJWRWDBZSA-N
SP_000257,KDXKERNSBIXSRK-YFKPBYRVSA-N
SP_000257,KEAYESYHFKHZAL-UHFFFAOYSA-N
SP_000257,KEMQGTRYUADPNZ-UHFFFAOYSA-N
SP_000257,KJDZDTDNIULJBE-VAWYXSNFSA-N
SP_000257,KQMVAGISDHMXJJ-UHFFFAOYSA-N
SP_000257,LBTABPSJONFLPO-UHFFFAOYSA-N
SP_000258,ADHNTNYEJYJUCU-ZSJFXSENSA-N
SP_000258,APFBWMGEGSELQP-AATRIKPKSA-N
SP_000258,BATOPAZDIZEVQF-IAROGAJJSA-N
SP_000258,BHPQYMZQTOCNFJ-UHFFFAOYSA-N
SP_000258,BHQCQFFYRZLCQQ-KRHHAYMPSA-N
SP_000258,BJBUEDPLEOHJGE-UHFFFAOYSA-N
SP_000258,BNBBFUJNMYQYLA-VQHVLOKHSA-N
SP_000258,CIWBSHSKHKDKBQ-JLAZNSOCSA-N
SP_000258,CKLJMWTZIZZHCS-UWTATZPHSA-N
SP_000258,CUPQSMZELNNSIR-LZRZFMTJSA-N
SP_000258,CZMRCDWAGMRECN-UGDNZRGBSA-N
SP_000258,CZMRCDWAGMRECN-UHFFFAOYSA-N
SP_000258,CZXLHIZQQUJTND-UHFFFAOYSA-N
SP_000258,DHMQDGOQFOQNFH-UHFFFAOYSA-N
SP_000258,DJLTZJGULPLVOA-UHFFFAOYSA-N
SP_000258,DNAYVNOVGHZZLH-UHFFFAOYSA-N
SP_000258,DOTJYWQAPHIAIF-UHFFFAOYSA-N
SP_000258,DPJRMOMPQZCRJU-UHFFFAOYSA-M
SP_000258,DSMWJDJWYGMEBO-UTCJRWHESA-N
SP_000258,FCGOBISRCUOUQH-UHFFFAOYSA-N
SP_000258,GDBJCCBRRCYCEG-UHFFFAOYSA-N
SP_000258,GUBGYTABKSRVRQ-PICCSMPSSA-N
SP_000258,GUBGYTABKSRVRQ-QKKXKWKRSA-N
SP_000258,GVJHHUAWPYXKBD-IEOSBIPESA-N
SP_000258,GWMMTXPUFREJAY-UHFFFAOYSA-N
SP_000258,HKSDVVJONLXYKL-ZFILXNNPSA-N
SP_000258,HUTCYUJPLOTDMX-KEBDBYFISA-N
SP_000258,IDJXJAJYEFRBPY-UHFFFAOYSA-N
SP_000258,IIACRCGMVDHOTQ-UHFFFAOYSA-N
SP_000258,IMKHDCBNRDRUEB-UHFFFAOYSA-N
SP_000258,IYSZVOVZPVKXIJ-OFALOCIGSA-N
SP_000258,JBFOLLJCGUCDQP-UHFFFAOYSA-N
SP_000258,JEKGHHPMLRLCIW-VBVMRKNNSA-N
SP_000258,JGHZJRVDZXSNKQ-UHFFFAOYSA-N
SP_000258,JIWBIWFOSCKQMA-DFARDDQGSA-N
SP_000258,JLQNHALFVCURHW-UHFFFAOYSA-N
SP_000258,JZRWCGZRTZMZEH-UHFFFAOYSA-N
SP_000258,JZVFJDZBLUFKCA-CMDGGOBGSA-N
SP_000258,KBEBGUQPQBELIU-HJWRWDBZSA-N
SP_000258,KDXKERNSBIXSRK-YFKPBYRVSA-N
SP_000258,KEAYESYHFKHZAL-UHFFFAOYSA-N
SP_000258,KEMQGTRYUADPNZ-UHFFFAOYSA-N
SP_000258,KJDZDTDNIULJBE-VAWYXSNFSA-N
SP_000258,KQMVAGISDHMXJJ-UHFFFAOYSA-N
SP_000258,LBTABPSJONFLPO-UHFFFAOYSA-N
SP_000258,LFQSCWFLJHTTHZ-UHFFFAOYSA-N
SP_000258,LLCYNDRFWDIIQS-WQLSENKSSA-N
SP_000258,LOIYMIARKYCTBW-UPHRSURJSA-N
SP_000258,LQJBNNIYVWPHFW-QXMHVHEDSA-N
SP_000258,LXNHXLLTXMVWPM-UHFFFAOYSA-N
SP_000259,AAARRLVSWMMLIL-JFDCHTIYSA-N
SP_000259,AAAULIDICJVAGC-XUJQSNPTSA-N
SP_000259,AAAUQAJYMBAEDN-SDYYSCIWSA-N
SP_000259,AAAYFFAGXKLUDV-XSMLMOGHSA-N
SP_000259,AABKSFWWBUPVNY-NVCPWDGJSA-N
SP_000259,AABORWYRSOFPIQ-RIVVNBGWSA-N
SP_000259,AACGGBKJSIMRBR-BWSSJUFOSA-N
SP_000259,AACZXYOSBJYYOH-XBNQVYLISA-N
SP_000259,AAEDIKNVLNRFNP-VERBRUMSSA-N
SP_000259,AAEDVOLFYYONLY-WBCKFURZSA-N
SP_000259,AAEGDCWJLSBMKO-QRXDBQBNSA-N
SP_000259,AAEKPOOCHGGGKT-NLXJDERGSA-N
SP_000259,AAEVYOVXGOFMJO-UHFFFAOYSA-N
SP_000259,AAFPBUWBKCMUOC-AZZQUJCXSA-N
SP_000259,AAGIXMREDGMXGU-ASISNPDYSA-N
SP_000259,AAGKNIVYCBWMIR-HKNFJBDMSA-N
SP_000259,AAHQMLDWRXUNIA-HZTDGBLZSA-N
SP_000259,AAISSOQIFFPNFZ-AXAMJWTMSA-N
SP_000259,AAJCSPWAQIOZOP-HUESYALOSA-N
SP_000259,AAKHKGPJPZLUOV-ZGNZLWFWSA-N
SP_000259,AAMZNUSIHHMEQD-ZUFHXVCQSA-N
SP_000259,AANCKINPVVQDGX-OSUITXOZSA-N
SP_000259,AANHDBNUIKYXLN-OKUWMSBNSA-N
SP_000259,AANZTOSGIRNZNM-LNOKNGNPSA-N
SP_000259,AAOSLICMXQEMBQ-IONAWPRUSA-N
SP_000259,AAOXKTNPFBHMFQ-KZBYCKEYSA-N
SP_000259,AAQXAMYHTKLRRO-GRSNDSDLSA-N
SP_000259,AASMSXXODHOKTE-AKAJXFOGSA-N
SP_000259,AASMSXXODHOKTE-WDLSKMLESA-N
SP_000259,AAVFZGNNVBUUJP-DTSDQNDWSA-N
SP_000259,AAVFZGNNVBUUJP-IONAWPRUSA-N
SP_000259,AAVJUUZQHFIDSS-CQQUKVLBSA-N
SP_000259,AAVMVTWYUGHZHX-OALPUDEUSA-N
SP_000259,AAVMVTWYUGHZHX-YWIOZPJLSA-N
SP_000259,AAVNDRKAKFAYFN-FPQJXDIVSA-N
SP_000259,AAVNDRKAKFAYFN-MBLVYYNZSA-N
SP_000259,AAWSPHNKTFCCQE-GRSBDEQXSA-N
SP_000259,AAWYHGQYLUEDBG-MPLRIKRWSA-N
SP_000259,AAXMCYUUKFLUMJ-JSFHAIONSA-N
SP_000259,AAXWISAHYJUCTG-MPLRIKRWSA-N
SP_000259,AAXWISAHYJUCTG-OIVUAWODSA-N
SP_000259,AAYJVNROXHMWJF-OKIOPPKUSA-N
SP_000259,AAYLLNKLDFMSRD-HLIHSNNZSA-N
SP_000259,AAZDQNFGXLHGPJ-AUPLRJEGSA-N
SP_000259,AAZDQNFGXLHGPJ-PFUDJBDGSA-N
SP_000259,AAZLBQIWPSJHIZ-XGUPTXRGSA-N
SP_000259,AAZOMBJKSJQDHJ-ZBRBWIFHSA-N
SP_000259,AAZXFALIBYEKBE-UHFFFAOYSA-N
SP_000259,ABAPCGOEPWAJOW-KHLWFPLBSA-N
SP_000259,ABBYYPGQJRBTGA-NESBLOORSA-N
SP_000260,AAARRLVSWMMLIL-JFDCHTIYSA-N
SP_000260,AAAULIDICJVAGC-XUJQSNPTSA-N
SP_000260,AAAUQAJYMBAEDN-SDYYSCIWSA-N
SP_000260,AAAYFFAGXKLUDV-XSMLMOGHSA-N
SP_000260,AABKSFWWBUPVNY-NVCPWDGJSA-N
SP_000260,AABORWYRSOFPIQ-RIVVNBGWSA-N
SP_000260,AACGGBKJSIMRBR-BWSSJUFOSA-N
SP_000260,AACZXYOSBJYYOH-XBNQVYLISA-N
SP_000260,AAEDIKNVLNRFNP-VERBRUMSSA-N
SP_000260,AAEDVOLFYYONLY-WBCKFURZSA-N
SP_000260,AAEGDCWJLSBMKO-QRXDBQBNSA-N
SP_000260,AAEKPOOCHGGGKT-NLXJDERGSA-N
SP_000260,AAEVYOVXGOFMJO-UHFFFAOYSA-N
SP_000260,AAFPBUWBKCMUOC-AZZQUJCXSA-N
SP_000260,AAGIXMREDGMXGU-ASISNPDYSA-N
SP_000260,AAGKNIVYCBWMIR-HKNFJBDMSA-N
SP_000260,AAHQMLDWRXUNIA-HZTDGBLZSA-N
SP_000260,AAISSOQIFFPNFZ-AXAMJWTMSA-N
SP_000260,AAJCSPWAQIOZOP-HUESYALOSA-N
SP_000260,AAKHKGPJPZLUOV-ZGNZLWFWSA-N
SP_000260,AAMZNUSIHHMEQD-ZUFHXVCQSA-N
SP_000260,AANCKINPVVQDGX-OSUITXOZSA-N
SP_000260,AANHDBNUIKYXLN-OKUWMSBNSA-N
SP_000260,AANZTOSGIRNZNM-LNOKNGNPSA-N
SP_000260,AAOSLICMXQEMBQ-IONAWPRUSA-N
SP_000260,AAOXKTNPFBHMFQ-KZBYCKEYSA-N
SP_000260,AAQXAMYHTKLRRO-GRSNDSDLSA-N
SP_000260,AASMSXXODHOKTE-AKAJXFOGSA-N
SP_000260,AASMSXXODHOKTE-WDLSKMLESA-N
SP_000260,AAVFZGNNVBUUJP-DTSDQNDWSA-N
SP_000260,AAVFZGNNVBUUJP-IONAWPRUSA-N
SP_000260,AAVJUUZQHFIDSS-CQQUKVLBSA-N
SP_000260,AAVMVTWYUGHZHX-OALPUDEUSA-N
SP_000260,AAVMVTWYUGHZHX-YWIOZPJLSA-N
SP_000260,AAVNDRKAKFAYFN-FPQJXDIVSA-N
SP_000260,AAVNDRKAKFAYFN-MBLVYYNZSA-N
SP_000260,AAWSPHNKTFCCQE-GRSBDEQXSA-N
SP_000260,AAWYHGQYLUEDBG-MPLRIKRWSA-N
SP_000260,AAXMCYUUKFLUMJ-JSFHAIONSA-N
SP_000260,AAXWISAHYJUCTG-MPLRIKRWSA-N
SP_000260,AAXWISAHYJUCTG-OIVUAWODSA-N
SP_000260,AAYJVNROXHMWJF-OKIOPPKUSA-N
SP_000260,AAYLLNKLDFMSRD-HLIHSNNZSA-N
SP_000260,AAZDQNFGXLHGPJ-AUPLRJEGSA-N
SP_000260,AAZDQNFGXLHGPJ-PFUDJBDGSA-N
SP_000260,AAZLBQIWPSJHIZ-XGUPTXRGSA-N
SP_000260,AAZOMBJKSJQDHJ-ZBRBWIFHSA-N
SP_000260,AAZXFALIBYEKBE-UHFFFAOYSA-N
SP_000260,ABAPCGOEPWAJOW-KHLWFPLBSA-N
SP_000260,ABBYYPGQJRBTGA-NESBLOORSA-N
SP_000261,AABKSFWWBUPVNY-NVCPWDGJSA-N
SP_000261,AAFBEFOSCLMOTF-KXBCQOCRSA-N
SP_000261,AAFBEFOSCLMOTF-RRPFJGJLSA-N
SP_000261,AANMVENRNJYEMK-UHFFFAOYSA-N
SP_000261,AANZTOSGIRNZNM-LNOKNGNPSA-N
SP_000261,AAPGXBRKBIUCMQ-GWHBCOKCSA-N
SP_000261,AAWNBEJOCRYVJE-QNGWXLTQSA-N
SP_000261,AAWZDTNXLSGCEK-UHFFFAOYSA-M
SP_000261,AAXMCYUUKFLUMJ-JSFHAIONSA-N
SP_000261,AAXMCYUUKFLUMJ-TWDRBPDCSA-N
SP_000261,AAXYAFFKOSNMEB-MHARETSRSA-N
SP_000261,AAZOMBJKSJQDHJ-ZBRBWIFHSA-N
SP_000261,AAZZVFONLHYNDZ-NVQRUNIKSA-J
SP_000261,ABBYYPGQJRBTGA-NESBLOORSA-N
SP_000261,ABCOOORLYAOBOZ-KQYNXXCUSA-N
SP_000261,ABFJWRKPWCFTQP-JKFVOKSPSA-N
SP_000261,ABFJWRKPWCFTQP-XSMLMOGHSA-N
SP_000261,ABIKEVIWOJTKQS-AARKOHAPSA-N
SP_000261,ABLZXFCXXLZCGV-UHFFFAOYSA-L
SP_000261,ABRHOUKZOUNSSK-FVEAQGRNSA-N
SP_000261,ABUKPIBHMMLQDI-RCOVLANCSA-N
SP_000261,ACGLCDJEASKGDO-JSYPMYMJSA-N
SP_000261,ACIVVGBVOVHFPQ-RPDRRWSUSA-N
SP_000261,ACLPCAOOWJUVLL-DZKYTWFZSA-N
SP_000261,ACLQSYLJAZRTAP-XAFBQJBNSA-N
SP_000261,ACSIRQPNAYTBRW-VZUYHUTRSA-N
SP_000261,ACTHNCRNFFCCAQ-PLKVWTDNSA-N
SP_000261,ACTHNCRNFFCCAQ-YNQDZHFMSA-N
SP_000261,ACZVSMNFVFBOTM-UHFFFAOYSA-N
SP_000261,ADCKHLSRWCXEIY-GGAPOBRUSA-N
SP_000261,ADHKIZQYPQGIRC-ACSKKKSPSA-N
SP_000261,ADHKIZQYPQGIRC-SOZVHHJESA-N
SP_000261,ADHNTNYEJYJUCU-ZSJFXSENSA-N
SP_000261,ADKNUXINKGBJMY-LDLOPFEMSA-N
SP_000261,ADMGMAPZAQUXIR-VRHMUEQPSA-N
SP_000261,ADNSYCXWAHUWTA-SYOMJGEJSA-N
SP_000261,ADSGHWJRPOXXTD-IHWYPQMZSA-M
SP_000261,ADYPMBBPSUQKED-VOLCNUBSSA-N
SP_000261,ADZPFIMEBZGRHB-ILJAMNOWSA-N
SP_000261,AEFNZGGBWOQYID-UHFFFAOYSA-N
SP_000261,AEIJGHDRIPTRQY-UBTAJKBJSA-N
SP_000261,AELFRHHZGTVYGJ-QMMMGPOBSA-N
SP_000261,AEMFNILZOJDQLW-QAGGRKNESA-N
SP_000261,AERBNCYCJBRYDG-UHFFFAOYSA-N
SP_000261,AESBAQNLQIQXNK-BMFSGJJHSA-N
SP_000261,AETXDQTWHNBCRO-QLKFWGTOSA-N
SP_000261,AEWHYWSPVRZHCT-NDZSKPAWSA-N
SP_000261,AEWHYWSPVRZHCT-UHFFFAOYSA-J
SP_000261,AEXNGRVFOMIYOW-ICFOKQHNSA-N
SP_000261,AFFQVAIMWFYJJS-DTHFMEMVSA-N
SP_000262,AABKSFWWBUPVNY-NVCPWDGJSA-N
SP_000262,AAFBEFOSCLMOTF-KXBCQOCRSA-N
SP_000262,AAFBEFOSCLMOTF-RRPFJGJLSA-N
SP_000262,AANMVENRNJYEMK-UHFFFAOYSA-N
SP_000262,AANZTOSGIRNZNM-LNOKNGNPSA-N
SP_000262,AAPGXBRKBIUCMQ-GWHBCOKCSA-N
SP_000262,AAWNBEJOCRYVJE-QNGWXLTQSA-N
SP_000262,AAWZDTNXLSGCEK-UHFFFAOYSA-M
SP_000262,AAXMCYUUKFLUMJ-JSFHAIONSA-N
SP_000262,AAXMCYUUKFLUMJ-TWDRBPDCSA-N
SP_000262,AAXYAFFKOSNMEB-MHARETSRSA-N
SP_000262,AAYIYWGTGAUKQY-AATRIKPKSA-N
SP_000262,AAZOMBJKSJQDHJ-ZBRBWIFHSA-N
SP_000262,AAZZVFONLHYNDZ-NVQRUNIKSA-J
SP_000262,ABBYYPGQJRBTGA-NESBLOORSA-N
SP_000262,ABCOOORLYAOBOZ-KQYNXXCUSA-N
SP_000262,ABFJWRKPWCFTQP-JKFVOKSPSA-N
SP_000262,ABFJWRKPWCFTQP-XSMLMOGHSA-N
SP_000262,ABIKEVIWOJTKQS-AARKOHAPSA-N
SP_000262,ABLZXFCXXLZCGV-UHFFFAOYSA-L
SP_000262,ABRHOUKZOUNSSK-FVEAQGRNSA-N
SP_000262,ABUKPIBHMMLQDI-RCOVLANCSA-N
SP_000262,ACGLCDJEASKGDO-JSYPMYMJSA-N
SP_000262,ACIVVGBVOVHFPQ-RPDRRWSUSA-N
SP_000262,ACLPCAOOWJUVLL-DZKYTWFZSA-N
SP_000262,ACLQSYLJAZRTAP-XAFBQJBNSA-N
SP_000262,ACSIRQPNAYTBRW-VZUYHUTRSA-N
SP_000262,ACTHNCRNFFCCAQ-PLKVWTDNSA-N
SP_000262,ACTHNCRNFFCCAQ-YNQDZHFMSA-N
SP_000262,ACZVSMNFVFBOTM-UHFFFAOYSA-N
SP_000262,ADCKHLSRWCXEIY-GGAPOBRUSA-N
SP_000262,ADHKIZQYPQGIRC-ACSKKKSPSA-N
SP_000262,ADHKIZQYPQGIRC-SOZVHHJESA-N
SP_000262,ADHNTNYEJYJUCU-ZSJFXSENSA-N
SP_000262,ADIDQIZBYUABQK-UHFFFAOYSA-N
SP_000262,ADKNUXINKGBJMY-LDLOPFEMSA-N
SP_000262,ADLXTJMPCFOTOO-FPLPWBNLSA-N
SP_000262,ADMGMAPZAQUXIR-VRHMUEQPSA-N
SP_000262,ADNSYCXWAHUWTA-SYOMJGEJSA-N
SP_000262,ADRVEZVEKSCRHP-XGGJEREUSA-N
SP_000262,ADSGHWJRPOXXTD-IHWYPQMZSA-M
SP_000262,ADYPMBBPSUQKED-VOLCNUBSSA-N
SP_000262,ADZPFIMEBZGRHB-ILJAMNOWSA-N
SP_000262,AEFNZGGBWOQYID-UHFFFAOYSA-N
SP_000262,AEIJGHDRIPTRQY-UBTAJKBJSA-N
SP_000262,AELFRHHZGTVYGJ-QMMMGPOBSA-N
SP_000262,AEMFNILZOJDQLW-QAGGRKNESA-N
SP_000262,AERBNCYCJBRYDG-UHFFFAOYSA-N
SP_000262,AESBAQNLQIQXNK-BMFSGJJHSA-N
SP_000262,AETXDQTWHNBCRO-QLKFWGTOSA-N
SP_000263,AABKSFWWBUPVNY-NVCPWDGJSA-N
SP_000263,AAFBEFOSCLMOTF-KXBCQOCRSA-N
SP_000263,AAFBEFOSCLMOTF-RRPFJGJLSA-N
SP_000263,AANMVENRNJYEMK-UHFFFAOYSA-N
SP_000263,AANZTOSGIRNZNM-LNOKNGNPSA-N
SP_000263,AAPGXBRKBIUCMQ-GWHBCOKCSA-N
SP_000263,AAWNBEJOCRYVJE-QNGWXLTQSA-N
SP_000263,AAWZDTNXLSGCEK-UHFFFAOYSA-M
SP_000263,AAXMCYUUKFLUMJ-JSFHAIONSA-N
SP_000263,AAXMCYUUKFLUMJ-TWDRBPDCSA-N
SP_000263,AAXYAFFKOSNMEB-MHARETSRSA-N
SP_000263,AAZOMBJKSJQDHJ-ZBRBWIFHSA-N
SP_000263,AAZZVFONLHYNDZ-NVQRUNIKSA-J
SP_000263,ABBYYPGQJRBTGA-NESBLOORSA-N
SP_000263,ABCOOORLYAOBOZ-KQYNXXCUSA-N
SP_000263,ABFJWRKPWCFTQP-JKFVOKSPSA-N
SP_000263,ABFJWRKPWCFTQP-XSMLMOGHSA-N
SP_000263,ABIKEVIWOJTKQS-AARKOHAPSA-N
SP_000263,ABLZXFCXXLZCGV-UHFFFAOYSA-L
SP_000263,ABRHOUKZOUNSSK-FVEAQGRNSA-N
SP_000263,ABUKPIBHMMLQDI-RCOVLANCSA-N
SP_000263,ACGLCDJEASKGDO-JSYPMYMJSA-N
SP_000263,ACIVVGBVOVHFPQ-RPDRRWSUSA-N
SP_000263,ACLPCAOOWJUVLL-DZKYTWFZSA-N
SP_000263,ACLQSYLJAZRTAP-XAFBQJBNSA-N
SP_000263,ACSIRQPNAYTBRW-VZUYHUTRSA-N
SP_000263,ACTHNCRNFFCCAQ-PLKVWTDNSA-N
SP_000263,ACTHNCRNFFCCAQ-YNQDZHFMSA-N
SP_000263,ACZVSMNFVFBOTM-UHFFFAOYSA-N
SP_000263,ADCKHLSRWCXEIY-GGAPOBRUSA-N
SP_000263,ADHKIZQYPQGIRC-ACSKKKSPSA-N
SP_000263,ADHKIZQYPQGIRC-SOZVHHJESA-N
SP_000263,ADHNTNYEJYJUCU-ZSJFXSENSA-N
SP_000263,ADKNUXINKGBJMY-LDLOPFEMSA-N
SP_000263,ADMGMAPZAQUXIR-VRHMUEQPSA-N
SP_000263,ADNSYCXWAHUWTA-SYOMJGEJSA-N
SP_000263,ADSGHWJRPOXXTD-IHWYPQMZSA-M
SP_000263,ADYPMBBPSUQKED-VOLCNUBSSA-N
SP_000263,ADZPFIMEBZGRHB-ILJAMNOWSA-N
SP_000263,AEFNZGGBWOQYID-UHFFFAOYSA-N
SP_000263,AEIJGHDRIPTRQY-UBTAJKBJSA-N
SP_000263,AELFRHHZGTVYGJ-QMMMGPOBSA-N
SP_000263,AEMFNILZOJDQLW-QAGGRKNESA-N
SP_000263,AERBNCYCJBRYDG-UHFFFAOYSA-N
SP_000263,AESBAQNLQIQXNK-BMFSGJJHSA-N
SP_000263,AETXDQTWHNBCRO-QLKFWGTOSA-N
SP_000263,AEWHYWSPVRZHCT-NDZSKPAWSA-N
SP_000263,AEWHYWSPVRZHCT-UHFFFAOYSA-J
SP_000263,AEXNGRVFOMIYOW-ICFOKQHNSA-N
SP_000263,AFFQVAIMWFYJJS-DTHFMEMVSA-N
SP_000264,AANMVENRNJYEMK-UHFFFAOYSA-N
SP_000264,AAWZDTNXLSGCEK-UHFFFAOYSA-M
SP_000264,AAXYAFFKOSNMEB-MHARETSRSA-N
SP_000264,AAZZVFONLHYNDZ-NVQRUNIKSA-J
SP_000264,ABCOOORLYAOBOZ-KQYNXXCUSA-N
SP_000264,ABIKEVIWOJTKQS-AARKOHAPSA-N
SP_000264,ABLZXFCXXLZCGV-UHFFFAOYSA-L
SP_000264,ACIVVGBVOVHFPQ-RPDRRWSUSA-N
SP_000264,ACSIRQPNAYTBRW-VZUYHUTRSA-N
SP_000264,ACZVSMNFVFBOTM-UHFFFAOYSA-N
SP_000264,ADHNTNYEJYJUCU-ZSJFXSENSA-N
SP_000264,ADSGHWJRPOXXTD-IHWYPQMZSA-M
SP_000264,AEFNZGGBWOQYID-UHFFFAOYSA-N
SP_000264,AELFRHHZGTVYGJ-QMMMGPOBSA-N
SP_000264,AEMFNILZOJDQLW-QAGGRKNESA-N
SP_000264,AERBNCYCJBRYDG-UHFFFAOYSA-N
SP_000264,AEWHYWSPVRZHCT-NDZSKPAWSA-N
SP_000264,AEWHYWSPVRZHCT-UHFFFAOYSA-J
SP_000264,AFGUVBVUFZMJMX-MDZDMXLPSA-N
SP_000264,AFNUZVCFKQUDBJ-ZZWDRFIYSA-N
SP_000264,AGQJQCFEPUVXNK-UHFFFAOYSA-K
SP_000264,AHCYMLUZIRLXAA-SHYZEUOFSA-N
SP_000264,AHJCDQGRYVBQQZ-NSCUHMNNSA-N
SP_000264,AHLPHDHHMVZTML-BYPYZUCNSA-N
SP_000264,AHMIDUVKSGCHAU-LURJTMIESA-N
SP_000264,AIBOHNYYKWYQMM-GELUXPMISA-N
SP_000264,AIJULSRZWUXGPQ-UHFFFAOYSA-N
SP_000264,AIQDYKMWENWVQJ-UHFFFAOYSA-K
SP_000264,AISVAXNALHBFPC-IOSLPCCCSA-N
SP_000264,AJONJFGFTGGKEX-UHFFFAOYSA-M
SP_000264,AKIHYQWCLCDMMI-VMPITWQZSA-N
SP_000264,ALEWCKXBHSDCCT-YFVJMOTDSA-L
SP_000264,ALLYVKRLOHDVKI-UHFFFAOYSA-N
SP_000264,ALRHLSYJTWAHJZ-UHFFFAOYSA-N
SP_000264,ALTAAUJNHYWOGS-UHFFFAOYSA-N
SP_000264,ALYNCZNDIQEVRV-UHFFFAOYSA-M
SP_000264,AMBQHHVBBHTQBF-UOUCRYGSSA-N
SP_000264,AMIMRNSIRUDHCM-UHFFFAOYSA-N
SP_000264,AMROMUFVHNPOEQ-UHFFFAOYSA-N
SP_000264,AOFQQLZNDSBFLN-UHFFFAOYSA-K
SP_000264,APBPHWLOGNJBLH-UHFFFAOYSA-N
SP_000264,APIQNBNBIICCON-FKMSRSAHSA-N
SP_000264,APIZAZFFQBVSJA-UHFFFAOYSA-N
SP_000264,APJYDQYYACXCRM-UHFFFAOYSA-N
SP_000264,AQIXAKUUQRKLND-UHFFFAOYSA-N
SP_000264,AQJZOYUAIGQOPF-BCYGMIQCSA-N
SP_000264,ARJPPNFIEQKVBB-UHFFFAOYSA-N
SP_000264,ARLAWMCEVZUXEY-UHFFFAOYSA-N
SP_000264,ARYTXMNEANMLMU-UHFFFAOYSA-N
SP_000264,ASCFNMCAHFUBCO-UHFFFAOYSA-N
SP_000265,AABKSFWWBUPVNY-NVCPWDGJSA-N
SP_000265,AAFBEFOSCLMOTF-KXBCQOCRSA-N
SP_000265,AAFBEFOSCLMOTF-RRPFJGJLSA-N
SP_000265,AANMVENRNJYEMK-UHFFFAOYSA-N
SP_000265,AANZTOSGIRNZNM-LNOKNGNPSA-N
SP_000265,AAPGXBRKBIUCMQ-GWHBCOKCSA-N
SP_000265,AAWNBEJOCRYVJE-QNGWXLTQSA-N
SP_000265,AAWZDTNXLSGCEK-UHFFFAOYSA-M
SP_000265,AAXMCYUUKFLUMJ-JSFHAIONSA-N
SP_000265,AAXMCYUUKFLUMJ-TWDRBPDCSA-N
SP_000265,AAXYAFFKOSNMEB-MHARETSRSA-N
SP_000265,AAZOMBJKSJQDHJ-ZBRBWIFHSA-N
SP_000265,AAZZVFONLHYNDZ-NVQRUNIKSA-J
SP_000265,ABBYYPGQJRBTGA-NESBLOORSA-N
SP_000265,ABCOOORLYAOBOZ-KQYNXXCUSA-N
SP_000265,ABFJWRKPWCFTQP-JKFVOKSPSA-N
SP_000265,ABFJWRKPWCFTQP-XSMLMOGHSA-N
SP_000265,ABIKEVIWOJTKQS-AARKOHAPSA-N
SP_000265,ABLZXFCXXLZCGV-UHFFFAOYSA-L
SP_000265,ABRHOUKZOUNSSK-FVEAQGRNSA-N
SP_000265,ABUKPIBHMMLQDI-RCOVLANCSA-N
SP_000265,ACGLCDJEASKGDO-JSYPMYMJSA-N
SP_000265,ACIVVGBVOVHFPQ-RPDRRWSUSA-N
SP_000265,ACLPCAOOWJUVLL-DZKYTWFZSA-N
SP_000265,ACLQSYLJAZRTAP-XAFBQJBNSA-N
SP_000265,ACSIRQPNAYTBRW-VZUYHUTRSA-N
SP_000265,ACTHNCRNFFCCAQ-PLKVWTDNSA-N
SP_000265,ACTHNCRNFFCCAQ-YNQDZHFMSA-N
SP_000265,ACZVSMNFVFBOTM-UHFFFAOYSA-N
SP_000265,ADCKHLSRWCXEIY-GGAPOBRUSA-N
SP_000265,ADHKIZQYPQGIRC-ACSKKKSPSA-N
SP_000265,ADHKIZQYPQGIRC-SOZVHHJESA-N
SP_000265,ADHNTNYEJYJUCU-ZSJFXSENSA-N
SP_000265,ADKNUXINKGBJMY-LDLOPFEMSA-N
SP_000265,ADMGMAPZAQUXIR-VRHMUEQPSA-N
SP_000265,ADNSYCXWAHUWTA-SYOMJGEJSA-N
SP_000265,ADSGHWJRPOXXTD-IHWYPQMZSA-M
SP_000265,ADYPMBBPSUQKED-VOLCNUBSSA-N
SP_000265,ADZPFIMEBZGRHB-ILJAMNOWSA-N
SP_000265,AEFNZGGBWOQYID-UHFFFAOYSA-N
SP_000265,AEIJGHDRIPTRQY-UBTAJKBJSA-N
SP_000265,AELFRHHZGTVYGJ-QMMMGPOBSA-N
SP_000265,AEMFNILZOJDQLW-QAGGRKNESA-N
SP_000265,AERBNCYCJBRYDG-UHFFFAOYSA-N
SP_000265,AESBAQNLQIQXNK-BMFSGJJHSA-N
SP_000265,AETXDQTWHNBCRO-QLKFWGTOSA-N
SP_000265,AEWHYWSPVRZHCT-NDZSKPAWSA-N
SP_000265,AEWHYWSPVRZHCT-UHFFFAOYSA-J
SP_000265,AEXNGRVFOMIYOW-ICFOKQHNSA-N
SP_000265,AFFQVAIMWFYJJS-DTHFMEMVSA-N
SP_000266,AABKSFWWBUPVNY-NVCPWDGJSA-N
SP_000266,AAFBEFOSCLMOTF-KXBCQOCRSA-N
SP_000266,AAFBEFOSCLMOTF-RRPFJGJLSA-N
SP_000266,AANMVENRNJYEMK-UHFFFAOYSA-N
SP_000266,AANZTOSGIRNZNM-LNOKNGNPSA-N
SP_000266,AAPGXBRKBIUCMQ-GWHBCOKCSA-N
SP_000266,AAWNBEJOCRYVJE-QNGWXLTQSA-N
SP_000266,AAWZDTNXLSGCEK-UHFFFAOYSA-M
SP_000266,AAXMCYUUKFLUMJ-JSFHAIONSA-N
SP_000266,AAXMCYUUKFLUMJ-TWDRBPDCSA-N
SP_000266,AAXYAFFKOSNMEB-MHARETSRSA-N
SP_000266,AAYIYWGTGAUKQY-AATRIKPKSA-N
SP_000266,AAZOMBJKSJQDHJ-ZBRBWIFHSA-N
SP_000266,AAZZVFONLHYNDZ-NVQRUNIKSA-J
SP_000266,ABBYYPGQJRBTGA-NESBLOORSA-N
SP_000266,ABCOOORLYAOBOZ-KQYNXXCUSA-N
SP_000266,ABFJWRKPWCFTQP-JKFVOKSPSA-N
SP_000266,ABFJWRKPWCFTQP-XSMLMOGHSA-N
SP_000266,ABIKEVIWOJTKQS-AARKOHAPSA-N
SP_000266,ABLZXFCXXLZCGV-UHFFFAOYSA-L
SP_000266,ABRHOUKZOUNSSK-FVEAQGRNSA-N
SP_000266,ABUKPIBHMMLQDI-RCOVLANCSA-N
SP_000266,ACGLCDJEASKGDO-JSYPMYMJSA-N
SP_000266,ACIVVGBVOVHFPQ-RPDRRWSUSA-N
SP_000266,ACLPCAOOWJUVLL-DZKYTWFZSA-N
SP_000266,ACLQSYLJAZRTAP-XAFBQJBNSA-N
SP_000266,ACSIRQPNAYTBRW-VZUYHUTRSA-N
SP_000266,ACTHNCRNFFCCAQ-PLKVWTDNSA-N
SP_000266,ACTHNCRNFFCCAQ-YNQDZHFMSA-N
SP_000266,ACZVSMNFVFBOTM-UHFFFAOYSA-N
SP_000266,ADCKHLSRWCXEIY-GGAPOBRUSA-N
SP_000266,ADHKIZQYPQGIRC-ACSKKKSPSA-N
SP_000266,ADHKIZQYPQGIRC-SOZVHHJESA-N
SP_000266,ADHNTNYEJYJUCU-ZSJFXSENSA-N
SP_000266,ADIDQIZBYUABQK-UHFFFAOYSA-N
SP_000266,ADKNUXINKGBJMY-LDLOPFEMSA-N
SP_000266,ADLXTJMPCFOTOO-FPLPWBNLSA-N
SP_000266,ADMGMAPZAQUXIR-VRHMUEQPSA-N
SP_000266,ADNSYCXWAHUWTA-SYOMJGEJSA-N
SP_000266,ADRVEZVEKSCRHP-XGGJEREUSA-N
SP_000266,ADSGHWJRPOXXTD-IHWYPQMZSA-M
SP_000266,ADYPMBBPSUQKED-VOLCNUBSSA-N
SP_000266,ADZPFIMEBZGRHB-ILJAMNOWSA-N
SP_000266,AEFNZGGBWOQYID-UHFFFAOYSA-N
SP_000266,AEIJGHDRIPTRQY-UBTAJKBJSA-N
SP_000266,AELFRHHZGTVYGJ-QMMMGPOBSA-N
SP_000266,AEMFNILZOJDQLW-QAGGRKNESA-N
SP_000266,AERBNCYCJBRYDG-UHFFFAOYSA-N
SP_000266,AESBAQNLQIQXNK-BMFSGJJHSA-N
SP_000266,AETXDQTWHNBCRO-QLKFWGTOSA-N
SP_000267,AABKSFWWBUPVNY-NVCPWDGJSA-N
SP_000267,AAFBEFOSCLMOTF-KXBCQOCRSA-N
SP_000267,AAFBEFOSCLMOTF-RRPFJGJLSA-N
SP_000267,AANMVENRNJYEMK-UHFFFAOYSA-N
SP_000267,AANZTOSGIRNZNM-LNOKNGNPSA-N
SP_000267,AAPGXBRKBIUCMQ-GWHBCOKCSA-N
SP_000267,AAWNBEJOCRYVJE-QNGWXLTQSA-N
SP_000267,AAWZDTNXLSGCEK-UHFFFAOYSA-M
SP_000267,AAXMCYUUKFLUMJ-JSFHAIONSA-N
SP_000267,AAXMCYUUKFLUMJ-TWDRBPDCSA-N
SP_000267,AAXYAFFKOSNMEB-MHARETSRSA-N
SP_000267,AAZOMBJKSJQDHJ-ZBRBWIFHSA-N
SP_000267,AAZZVFONLHYNDZ-NVQRUNIKSA-J
SP_000267,ABBYYPGQJRBTGA-NESBLOORSA-N
SP_000267,ABCOOORLYAOBOZ-KQYNXXCUSA-N
SP_000267,ABFJWRKPWCFTQP-JKFVOKSPSA-N
SP_000267,ABFJWRKPWCFTQP-XSMLMOGHSA-N
SP_000267,ABIKEVIWOJTKQS-AARKOHAPSA-N
SP_000267,ABLZXFCXXLZCGV-UHFFFAOYSA-L
SP_000267,ABRHOUKZOUNSSK-FVEAQGRNSA-N
SP_000267,ABUKPIBHMMLQDI-RCOVLANCSA-N
SP_000267,ACGLCDJEASKGDO-JSYPMYMJSA-N
SP_000267,ACIVVGBVOVHFPQ-RPDRRWSUSA-N
SP_000267,ACLPCAOOWJUVLL-DZKYTWFZSA-N
SP_000267,ACLQSYLJAZRTAP-XAFBQJBNSA-N
SP_000267,ACSIRQPNAYTBRW-VZUYHUTRSA-N
SP_000267,ACTHNCRNFFCCAQ-PLKVWTDNSA-N
SP_000267,ACTHNCRNFFCCAQ-YNQDZHFMSA-N
SP_000267,ACZVSMNFVFBOTM-UHFFFAOYSA-N
SP_000267,ADCKHLSRWCXEIY-GGAPOBRUSA-N
SP_000267,ADHKIZQYPQGIRC-ACSKKKSPSA-N
SP_000267,ADHKIZQYPQGIRC-SOZVHHJESA-N
SP_000267,ADHNTNYEJYJUCU-ZSJFXSENSA-N
SP_000267,ADKNUXINKGBJMY-LDLOPFEMSA-N
SP_000267,ADMGMAPZAQUXIR-VRHMUEQPSA-N
SP_000267,ADNSYCXWAHUWTA-SYOMJGEJSA-N
SP_000267,ADSGHWJRPOXXTD-IHWYPQMZSA-M
SP_000267,ADYPMBBPSUQKED-VOLCNUBSSA-N
SP_000267,ADZPFIMEBZGRHB-ILJAMNOWSA-N
SP_000267,AEFNZGGBWOQYID-UHFFFAOYSA-N
SP_000267,AEIJGHDRIPTRQY-UBTAJKBJSA-N
SP_000267,AELFRHHZGTVYGJ-QMMMGPOBSA-N
SP_000267,AEMFNILZOJDQLW-QAGGRKNESA-N
SP_000267,AERBNCYCJBRYDG-UHFFFAOYSA-N
SP_000267,AESBAQNLQIQXNK-BMFSGJJHSA-N
SP_000267,AETXDQTWHNBCRO-QLKFWGTOSA-N
SP_000267,AEWHYWSPVRZHCT-NDZSKPAWSA-N
SP_000267,AEWHYWSPVRZHCT-UHFFFAOYSA-J
SP_000267,AEXNGRVFOMIYOW-ICFOKQHNSA-N
SP_000267,AFFQVAIMWFYJJS-DTHFMEMVSA-N
SP_000268,AABKSFWWBUPVNY-NVCPWDGJSA-N
SP_000268,AAFBEFOSCLMOTF-KXBCQOCRSA-N
SP_000268,AAFBEFOSCLMOTF-RRPFJGJLSA-N
SP_000268,AANMVENRNJYEMK-UHFFFAOYSA-N
SP_000268,AANZTOSGIRNZNM-LNOKNGNPSA-N
SP_000268,AAPGXBRKBIUCMQ-GWHBCOKCSA-N
SP_000268,AAWNBEJOCRYVJE-QNGWXLTQSA-N
SP_000268,AAWZDTNXLSGCEK-UHFFFAOYSA-M
SP_000268,AAXMCYUUKFLUMJ-JSFHAIONSA-N
SP_000268,AAXMCYUUKFLUMJ-TWDRBPDCSA-N
SP_000268,AAXYAFFKOSNMEB-MHARETSRSA-N
SP_000268,AAZOMBJKSJQDHJ-ZBRBWIFHSA-N
SP_000268,AAZZVFONLHYNDZ-NVQRUNIKSA-J
SP_000268,ABBYYPGQJRBTGA-NESBLOORSA-N
SP_000268,ABCOOORLYAOBOZ-KQYNXXCUSA-N
SP_000268,ABFJWRKPWCFTQP-JKFVOKSPSA-N
SP_000268,ABFJWRKPWCFTQP-XSMLMOGHSA-N
SP_000268,ABIKEVIWOJTKQS-AARKOHAPSA-N
SP_000268,ABLZXFCXXLZCGV-UHFFFAOYSA-L
SP_000268,ABRHOUKZOUNSSK-FVEAQGRNSA-N
SP_000268,ABUKPIBHMMLQDI-RCOVLANCSA-N
SP_000268,ABVCUBUIXWJYSE-UHFFFAOYSA-O
SP_000268,ACGLCDJEASKGDO-JSYPMYMJSA-N
SP_000268,ACIVVGBVOVHFPQ-RPDRRWSUSA-N
SP_000268,ACLPCAOOWJUVLL-DZKYTWFZSA-N
SP_000268,ACLQSYLJAZRTAP-XAFBQJBNSA-N
SP_000268,ACSIRQPNAYTBRW-VZUYHUTRSA-N
SP_000268,ACTHNCRNFFCCAQ-PLKVWTDNSA-N
SP_000268,ACTHNCRNFFCCAQ-YNQDZHFMSA-N
SP_000268,ACZVSMNFVFBOTM-UHFFFAOYSA-N
SP_000268,ADACAMXIRQREOB-UHFFFAOYSA-N
SP_000268,ADCKHLSRWCXEIY-GGAPOBRUSA-N
SP_000268,ADHKIZQYPQGIRC-ACSKKKSPSA-N
SP_000268,ADHKIZQYPQGIRC-SOZVHHJESA-N
SP_000268,ADHNTNYEJYJUCU-ZSJFXSENSA-N
SP_000268,ADKNUXINKGBJMY-LDLOPFEMSA-N
SP_000268,ADMGMAPZAQUXIR-VRHMUEQPSA-N
SP_000268,ADNSYCXWAHUWTA-SYOMJGEJSA-N
SP_000268,ADSGHWJRPOXXTD-IHWYPQMZSA-M
SP_000268,ADYPMBBPSUQKED-VOLCNUBSSA-N
SP_000268,ADZPFIMEBZGRHB-ILJAMNOWSA-N
SP_000268,AEFNZGGBWOQYID-UHFFFAOYSA-N
SP_000268,AEIJGHDRIPTRQY-UBTAJKBJSA-N
SP_000268,AELFRHHZGTVYGJ-QMMMGPOBSA-N
SP_000268,AEMFNILZOJDQLW-QAGGRKNESA-N
SP_000268,AERBNCYCJBRYDG-UHFFFAOYSA-N
SP_000268,AESBAQNLQIQXNK-BMFSGJJHSA-N
SP_000268,AETXDQTWHNBCRO-QLKFWGTOSA-N
SP_000268,AEWHYWSPVRZHCT-NDZSKPAWSA-N
SP_000268,AEWHYWSPVRZHCT-UHFFFAOYSA-J
SP_000269,AABKSFWWBUPVNY-NVCPWDGJSA-N
SP_000269,AAFBEFOSCLMOTF-KXBCQOCRSA-N
SP_000269,AAFBEFOSCLMOTF-RRPFJGJLSA-N
SP_000269,AANMVENRNJYEMK-UHFFFAOYSA-N
SP_000269,AANZTOSGIRNZNM-LNOKNGNPSA-N
SP_000269,AAPGXBRKBIUCMQ-GWHBCOKCSA-N
SP_000269,AAWNBEJOCRYVJE-QNGWXLTQSA-N
SP_000269,AAWZDTNXLSGCEK-UHFFFAOYSA-M
SP_000269,AAXMCYUUKFLUMJ-JSFHAIONSA-N
SP_000269,AAXMCYUUKFLUMJ-TWDRBPDCSA-N
SP_000269,AAXYAFFKOSNMEB-MHARETSRSA-N
SP_000269,AAZOMBJKSJQDHJ-ZBRBWIFHSA-N
SP_000269,AAZZVFONLHYNDZ-NVQRUNIKSA-J
SP_000269,ABBYYPGQJRBTGA-NESBLOORSA-N
SP_000269,ABCOOORLYAOBOZ-KQYNXXCUSA-N
SP_000269,ABFJWRKPWCFTQP-JKFVOKSPSA-N
SP_000269,ABFJWRKPWCFTQP-XSMLMOGHSA-N
SP_000269,ABIKEVIWOJTKQS-AARKOHAPSA-N
SP_000269,ABLZXFCXXLZCGV-UHFFFAOYSA-L
SP_000269,ABRHOUKZOUNSSK-FVEAQGRNSA-N
SP_000269,ABUKPIBHMMLQDI-RCOVLANCSA-N
SP_000269,ACGLCDJEASKGDO-JSYPMYMJSA-N
SP_000269,ACIVVGBVOVHFPQ-RPDRRWSUSA-N
SP_000269,ACLPCAOOWJUVLL-DZKYTWFZSA-N
SP_000269,ACLQSYLJAZRTAP-XAFBQJBNSA-N
SP_000269,ACSIRQPNAYTBRW-VZUYHUTRSA-N
SP_000269,ACTHNCRNFFCCAQ-PLKVWTDNSA-N
SP_000269,ACTHNCRNFFCCAQ-YNQDZHFMSA-N
SP_000269,ACZVSMNFVFBOTM-UHFFFAOYSA-N
SP_000269,ADCKHLSRWCXEIY-GGAPOBRUSA-N
SP_000269,ADHKIZQYPQGIRC-ACSKKKSPSA-N
SP_000269,ADHKIZQYPQGIRC-SOZVHHJESA-N
SP_000269,ADHNTNYEJYJUCU-ZSJFXSENSA-N
SP_000269,ADKNUXINKGBJMY-LDLOPFEMSA-N
SP_000269,ADMGMAPZAQUXIR-VRHMUEQPSA-N
SP_000269,ADNSYCXWAHUWTA-SYOMJGEJSA-N
SP_000269,ADSGHWJRPOXXTD-IHWYPQMZSA-M
SP_000269,ADYPMBBPSUQKED-VOLCNUBSSA-N
SP_000269,ADZPFIMEBZGRHB-ILJAMNOWSA-N
SP_000269,AEFNZGGBWOQYID-UHFFFAOYSA-N
SP_000269,AEIJGHDRIPTRQY-UBTAJKBJSA-N
SP_000269,AELFRHHZGTVYGJ-QMMMGPOBSA-N
SP_000269,AEMFNILZOJDQLW-QAGGRKNESA-N
SP_000269,AERBNCYCJBRYDG-UHFFFAOYSA-N
SP_000269,AESBAQNLQIQXNK-BMFSGJJHSA-N
SP_000269,AETXDQTWHNBCRO-QLKFWGTOSA-N
SP_000269,AEWHYWSPVRZHCT-NDZSKPAWSA-N
SP_000269,AEWHYWSPVRZHCT-UHFFFAOYSA-J
SP_000269,AEXNGRVFOMIYOW-ICFOKQHNSA-N
SP_000269,AFFQVAIMWFYJJS-DTHFMEMVSA-N
SP_000270,ADHNTNYEJYJUCU-ZSJFXSENSA-N
SP_000270,BATOPAZDIZEVQF-IAROGAJJSA-N
SP_000270,BHPQYMZQTOCNFJ-UHFFFAOYSA-N
SP_000270,CIWBSHSKHKDKBQ-JLAZNSOCSA-N
SP_000270,CZMRCDWAGMRECN-UGDNZRGBSA-N
SP_000270,DOTJYWQAPHIAIF-UHFFFAOYSA-N
SP_000270,GDBJCCBRRCYCEG-UHFFFAOYSA-N
SP_000270,GVJHHUAWPYXKBD-IEOSBIPESA-N
SP_000270,HUTCYUJPLOTDMX-KEBDBYFISA-N
SP_000270,IIACRCGMVDHOTQ-UHFFFAOYSA-N
SP_000270,IMKHDCBNRDRUEB-UHFFFAOYSA-N
SP_000270,JEKGHHPMLRLCIW-VBVMRKNNSA-N
SP_000270,JGHZJRVDZXSNKQ-UHFFFAOYSA-N
SP_000270,JIWBIWFOSCKQMA-DFARDDQGSA-N
SP_000270,JLQNHALFVCURHW-UHFFFAOYSA-N
SP_000270,JZRWCGZRTZMZEH-UHFFFAOYSA-N
SP_000270,JZVFJDZBLUFKCA-CMDGGOBGSA-N
SP_000270,KEAYESYHFKHZAL-UHFFFAOYSA-N
SP_000270,KJDZDTDNIULJBE-VAWYXSNFSA-N
SP_000270,LFQSCWFLJHTTHZ-UHFFFAOYSA-N
SP_000270,LXNHXLLTXMVWPM-UHFFFAOYSA-N
SP_000270,NPYPAHLBTDXSSS-UHFFFAOYSA-N
SP_000270,OBVNUYXMOLOYPW-UHFFFAOYSA-N
SP_000270,OEYIOHPDSNJKLS-UHFFFAOYSA-N
SP_000270,OUMMPAFEQHTYIZ-UHFFFAOYSA-N
SP_000270,OVBPIULPVIDEAO-LBPRGKRZSA-N
SP_000270,PCBSXBYCASFXTM-UHFFFAOYSA-N
SP_000270,POWISKNFFRUCCW-UHFFFAOYSA-N
SP_000270,PVNIIMVLHYAWGP-UHFFFAOYSA-N
SP_000270,QYSXJUFSXHHAJI-YRZJJWOYSA-N
SP_000270,RYYVLZVUVIJVGH-UHFFFAOYSA-N
SP_000270,UQDUPQYQJKYHQI-UHFFFAOYSA-N
SP_000270,VYFYYTLLBUKUHU-UHFFFAOYSA-N
SP_000270,VYGQUTWHTHXGQB-UMNZIDCRSA-N
SP_000270,WEEGYLXZBRQIMU-UHFFFAOYSA-N
SP_000270,XWVDCVZOOVTJKF-RIYZIHGNSA-N
SP_000270,YAPQBXQYLJRXSA-UHFFFAOYSA-N
SP_000270,YHWNASRGLKJRJJ-UHFFFAOYSA-N
SP_000270,ZROGCCBNZBKLEL-MPRHSVQHSA-N
SP_000270,ZVKXPPXCNUMUOR-REWZIMNXSA-N
SP_000271,ADHNTNYEJYJUCU-ZSJFXSENSA-N
SP_000271,APFBWMGEGSELQP-AATRIKPKSA-N
SP_000271,BATOPAZDIZEVQF-IAROGAJJSA-N
SP_000271,BHPQYMZQTOCNFJ-UHFFFAOYSA-N
SP_000271,BHQCQFFYRZLCQQ-KRHHAYMPSA-N
SP_000271,BJBUEDPLEOHJGE-UHFFFAOYSA-N
SP_000271,BNBBFUJNMYQYLA-VQHVLOKHSA-N
SP_000271,CIWBSHSKHKDKBQ-JLAZNSOCSA-N
SP_000271,CKLJMWTZIZZHCS-UWTATZPHSA-N
SP_000271,CUPQSMZELNNSIR-LZRZFMTJSA-N
SP_000271,CZMRCDWAGMRECN-UGDNZRGBSA-N
SP_000271,CZMRCDWAGMRECN-UHFFFAOYSA-N
SP_000271,CZXLHIZQQUJTND-UHFFFAOYSA-N
SP_000271,DHMQDGOQFOQNFH-UHFFFAOYSA-N
SP_000271,DJLTZJGULPLVOA-UHFFFAOYSA-N
SP_000271,DNAYVNOVGHZZLH-UHFFFAOYSA-N
SP_000271,DOTJYWQAPHIAIF-UHFFFAOYSA-N
SP_000271,DPJRMOMPQZCRJU-UHFFFAOYSA-M
SP_000271,DSMWJDJWYGMEBO-UTCJRWHESA-N
SP_000271,FCGOBISRCUOUQH-UHFFFAOYSA-N
SP_000271,GDBJCCBRRCYCEG-UHFFFAOYSA-N
SP_000271,GUBGYTABKSRVRQ-PICCSMPSSA-N
SP_000271,GUBGYTABKSRVRQ-QKKXKWKRSA-N
SP_000271,GVJHHUAWPYXKBD-IEOSBIPESA-N
SP_000271,GWMMTXPUFREJAY-UHFFFAOYSA-N
SP_000271,HKSDVVJONLXYKL-ZFILXNNPSA-N
SP_000271,IDJXJAJYEFRBPY-UHFFFAOYSA-N
SP_000271,IIACRCGMVDHOTQ-UHFFFAOYSA-N
SP_000271,IMKHDCBNRDRUEB-UHFFFAOYSA-N
SP_000271,IYSZVOVZPVKXIJ-OFALOCIGSA-N
SP_000271,JBFOLLJCGUCDQP-UHFFFAOYSA-N
SP_000271,JGHZJRVDZXSNKQ-UHFFFAOYSA-N
SP_000271,JIWBIWFOSCKQMA-DFARDDQGSA-N
SP_000271,JLQNHALFVCURHW-UHFFFAOYSA-N
SP_000271,JZRWCGZRTZMZEH-UHFFFAOYSA-N
SP_000271,JZVFJDZBLUFKCA-CMDGGOBGSA-N
SP_000271,KBEBGUQPQBELIU-HJWRWDBZSA-N
SP_000271,KDXKERNSBIXSRK-YFKPBYRVSA-N
SP_000271,KEAYESYHFKHZAL-UHFFFAOYSA-N
SP_000271,KEMQGTRYUADPNZ-UHFFFAOYSA-N
SP_000271,KJDZDTDNIULJBE-VAWYXSNFSA-N
SP_000271,KQMVAGISDHMXJJ-UHFFFAOYSA-N
SP_000271,LBTABPSJONFLPO-UHFFFAOYSA-N
SP_000271,LFQSCWFLJHTTHZ-UHFFFAOYSA-N
SP_000271,LLCYNDRFWDIIQS-WQLSENKSSA-N
SP_000271,LOIYMIARKYCTBW-UPHRSURJSA-N
SP_000271,LQJBNNIYVWPHFW-QXMHVHEDSA-N
SP_000271,LXNHXLLTXMVWPM-UHFFFAOYSA-N
SP_000271,NPYPAHLBTDXSSS-UHFFFAOYSA-N
SP_000271,NSSALFVIQPAIQK-BQYQJAHWSA-N
SP_000272,AABKSFWWBUPVNY-NVCPWDGJSA-N
SP_000272,AAFBEFOSCLMOTF-KXBCQOCRSA-N
SP_000272,AAFBEFOSCLMOTF-RRPFJGJLSA-N
SP_000272,AANMVENRNJYEMK-UHFFFAOYSA-N
SP_000272,AANZTOSGIRNZNM-LNOKNGNPSA-N
SP_000272,AAPGXBRKBIUCMQ-GWHBCOKCSA-N
SP_000272,AAWNBEJOCRYVJE-QNGWXLTQSA-N
SP_000272,AAWZDTNXLSGCEK-UHFFFAOYSA-M
SP_000272,AAXMCYUUKFLUMJ-JSFHAIONSA-N
SP_000272,AAXMCYUUKFLUMJ-TWDRBPDCSA-N
SP_000272,AAXYAFFKOSNMEB-MHARETSRSA-N
SP_000272,AAZOMBJKSJQDHJ-ZBRBWIFHSA-N
SP_000272,AAZZVFONLHYNDZ-NVQRUNIKSA-J
SP_000272,ABBYYPGQJRBTGA-NESBLOORSA-N
SP_000272,ABCOOORLYAOBOZ-KQYNXXCUSA-N
SP_000272,ABFJWRKPWCFTQP-JKFVOKSPSA-N
SP_000272,ABFJWRKPWCFTQP-XSMLMOGHSA-N
SP_000272,ABIKEVIWOJTKQS-AARKOHAPSA-N
SP_000272,ABLZXFCXXLZCGV-UHFFFAOYSA-L
SP_000272,ABRHOUKZOUNSSK-FVEAQGRNSA-N
SP_000272,ABUKPIBHMMLQDI-RCOVLANCSA-N
SP_000272,ACGLCDJEASKGDO-JSYPMYMJSA-N
SP_000272,ACIVVGBVOVHFPQ-RPDRRWSUSA-N
SP_000272,ACLPCAOOWJUVLL-DZKYTWFZSA-N
SP_000272,ACLQSYLJAZRTAP-XAFBQJBNSA-N
SP_000272,ACSIRQPNAYTBRW-VZUYHUTRSA-N
SP_000272,ACTHNCRNFFCCAQ-PLKVWTDNSA-N
SP_000272,ACTHNCRNFFCCAQ-YNQDZHFMSA-N
SP_000272,ACZVSMNFVFBOTM-UHFFFAOYSA-N
SP_000272,ADCKHLSRWCXEIY-GGAPOBRUSA-N
SP_000272,ADHKIZQYPQGIRC-ACSKKKSPSA-N
SP_000272,ADHKIZQYPQGIRC-SOZVHHJESA-N
SP_000272,ADHNTNYEJYJUCU-ZSJFXSENSA-N
SP_000272,ADKNUXINKGBJMY-LDLOPFEMSA-N
SP_000272,ADMGMAPZAQUXIR-VRHMUEQPSA-N
SP_000272,ADNSYCXWAHUWTA-SYOMJGEJSA-N
SP_000272,ADSGHWJRPOXXTD-IHWYPQMZSA-M
SP_000272,ADYPMBBPSUQKED-VOLCNUBSSA-N
SP_000272,ADZPFIMEBZGRHB-ILJAMNOWSA-N
SP_000272,AEFNZGGBWOQYID-UHFFFAOYSA-N
SP_000272,AEIJGHDRIPTRQY-UBTAJKBJSA-N
SP_000272,AELFRHHZGTVYGJ-QMMMGPOBSA-N
SP_000272,AEMFNILZOJDQLW-QAGGRKNESA-N
SP_000272,AERBNCYCJBRYDG-UHFFFAOYSA-N
SP_000272,AESBAQNLQIQXNK-BMFSGJJHSA-N
SP_000272,AETXDQTWHNBCRO-QLKFWGTOSA-N
SP_000272,AEWHYWSPVRZHCT-NDZSKPAWSA-N
SP_000272,AEWHYWSPVRZHCT-UHFFFAOYSA-J
SP_000272,AEXNGRVFOMIYOW-ICFOKQHNSA-N
SP_000272,AFFQVAIMWFYJJS-DTHFMEMVSA-N
SP_000273,ADHNTNYEJYJUCU-ZSJFXSENSA-N
SP_000273,APFBWMGEGSELQP-AATRIKPKSA-N
SP_000273,BATOPAZDIZEVQF-IAROGAJJSA-N
SP_000273,BHPQYMZQTOCNFJ-UHFFFAOYSA-N
SP_000273,BHQCQFFYRZLCQQ-KRHHAYMPSA-N
SP_000273,BJBUEDPLEOHJGE-UHFFFAOYSA-N
SP_000273,BNBBFUJNMYQYLA-VQHVLOKHSA-N
SP_000273,CIWBSHSKHKDKBQ-JLAZNSOCSA-N
SP_000273,CKLJMWTZIZZHCS-UWTATZPHSA-N
SP_000273,CUPQSMZELNNSIR-LZRZFMTJSA-N
SP_000273,CZMRCDWAGMRECN-UGDNZRGBSA-N
SP_000273,CZMRCDWAGMRECN-UHFFFAOYSA-N
SP_000273,CZXLHIZQQUJTND-UHFFFAOYSA-N
SP_000273,DHMQDGOQFOQNFH-UHFFFAOYSA-N
SP_000273,DJLTZJGULPLVOA-UHFFFAOYSA-N
SP_000273,DNAYVNOVGHZZLH-UHFFFAOYSA-N
SP_000273,DOTJYWQAPHIAIF-UHFFFAOYSA-N
SP_000273,DPJRMOMPQZCRJU-UHFFFAOYSA-M
SP_000273,DSMWJDJWYGMEBO-UTCJRWHESA-N
SP_000273,FCGOBISRCUOUQH-UHFFFAOYSA-N
SP_000273,GDBJCCBRRCYCEG-UHFFFAOYSA-N
SP_000273,GUBGYTABKSRVRQ-PICCSMPSSA-N
SP_000273,GUBGYTABKSRVRQ-QKKXKWKRSA-N
SP_000273,GVJHHUAWPYXKBD-IEOSBIPESA-N
SP_000273,GWMMTXPUFREJAY-UHFFFAOYSA-N
SP_000273,HKSDVVJONLXYKL-ZFILXNNPSA-N
SP_000273,IDJXJAJYEFRBPY-UHFFFAOYSA-N
SP_000273,IIACRCGMVDHOTQ-UHFFFAOYSA-N
SP_000273,IMKHDCBNRDRUEB-UHFFFAOYSA-N
SP_000273,IYSZVOVZPVKXIJ-OFALOCIGSA-N
SP_000273,JBFOLLJCGUCDQP-UHFFFAOYSA-N
SP_000273,JGHZJRVDZXSNKQ-UHFFFAOYSA-N
SP_000273,JIWBIWFOSCKQMA-DFARDDQGSA-N
SP_000273,JLQNHALFVCURHW-UHFFFAOYSA-N
SP_000273,JZRWCGZRTZMZEH-UHFFFAOYSA-N
SP_000273,JZVFJDZBLUFKCA-CMDGGOBGSA-N
SP_000273,KBEBGUQPQBELIU-HJWRWDBZSA-N
SP_000273,KDXKERNSBIXSRK-YFKPBYRVSA-N
SP_000273,KEAYESYHFKHZAL-UHFFFAOYSA-N
SP_000273,KEMQGTRYUADPNZ-UHFFFAOYSA-N
SP_000273,KJDZDTDNIULJBE-VAWYXSNFSA-N
SP_000273,KQMVAGISDHMXJJ-UHFFFAOYSA-N
SP_000273,LBTABPSJONFLPO-UHFFFAOYSA-N
SP_000273,LFQSCWFLJHTTHZ-UHFFFAOYSA-N
SP_000273,LLCYNDRFWDIIQS-WQLSENKSSA-N
SP_000273,LOIYMIARKYCTBW-UPHRSURJSA-N
SP_000273,LQJBNNIYVWPHFW-QXMHVHEDSA-N
SP_000273,LXNHXLLTXMVWPM-UHFFFAOYSA-N
SP_000273,NPYPAHLBTDXSSS-UHFFFAOYSA-N
SP_000273,NSSALFVIQPAIQK-BQYQJAHWSA-N
SP_000274,AABKSFWWBUPVNY-NVCPWDGJSA-N
SP_000274,AAFBEFOSCLMOTF-KXBCQOCRSA-N
SP_000274,AAFBEFOSCLMOTF-RRPFJGJLSA-N
SP_000274,AANMVENRNJYEMK-UHFFFAOYSA-N
SP_000274,AANZTOSGIRNZNM-LNOKNGNPSA-N
SP_000274,AAPGXBRKBIUCMQ-GWHBCOKCSA-N
SP_000274,AAWNBEJOCRYVJE-QNGWXLTQSA-N
SP_000274,AAWZDTNXLSGCEK-UHFFFAOYSA-M
SP_000274,AAXMCYUUKFLUMJ-JSFHAIONSA-N
SP_000274,AAXMCYUUKFLUMJ-TWDRBPDCSA-N
SP_000274,AAXYAFFKOSNMEB-MHARETSRSA-N
SP_000274,AAZOMBJKSJQDHJ-ZBRBWIFHSA-N
SP_000274,AAZZVFONLHYNDZ-NVQRUNIKSA-J
SP_000274,ABBYYPGQJRBTGA-NESBLOORSA-N
SP_000274,ABCOOORLYAOBOZ-KQYNXXCUSA-N
SP_000274,ABFJWRKPWCFTQP-JKFVOKSPSA-N
SP_000274,ABFJWRKPWCFTQP-XSMLMOGHSA-N
SP_000274,ABIKEVIWOJTKQS-AARKOHAPSA-N
SP_000274,ABLZXFCXXLZCGV-UHFFFAOYSA-L
SP_000274,ABRHOUKZOUNSSK-FVEAQGRNSA-N
SP_000274,ABUKPIBHMMLQDI-RCOVLANCSA-N
SP_000274,ACGLCDJEASKGDO-JSYPMYMJSA-N
SP_000274,ACIVVGBVOVHFPQ-RPDRRWSUSA-N
SP_000274,ACLPCAOOWJUVLL-DZKYTWFZSA-N
SP_000274,ACLQSYLJAZRTAP-XAFBQJBNSA-N
SP_000274,ACSIRQPNAYTBRW-VZUYHUTRSA-N
SP_000274,ACTHNCRNFFCCAQ-PLKVWTDNSA-N
SP_000274,ACTHNCRNFFCCAQ-YNQDZHFMSA-N
SP_000274,ACZVSMNFVFBOTM-UHFFFAOYSA-N
SP_000274,ADCKHLSRWCXEIY-GGAPOBRUSA-N
SP_000274,ADHKIZQYPQGIRC-ACSKKKSPSA-N
SP_000274,ADHKIZQYPQGIRC-SOZVHHJESA-N
SP_000274,ADHNTNYEJYJUCU-ZSJFXSENSA-N
SP_000274,ADKNUXINKGBJMY-LDLOPFEMSA-N
SP_000274,ADMGMAPZAQUXIR-VRHMUEQPSA-N
SP_000274,ADNSYCXWAHUWTA-SYOMJGEJSA-N
SP_000274,ADSGHWJRPOXXTD-IHWYPQMZSA-M
SP_000274,ADYPMBBPSUQKED-VOLCNUBSSA-N
SP_000274,ADZPFIMEBZGRHB-ILJAMNOWSA-N
SP_000274,AEFNZGGBWOQYID-UHFFFAOYSA-N
SP_000274,AEIJGHDRIPTRQY-UBTAJKBJSA-N
SP_000274,AELFRHHZGTVYGJ-QMMMGPOBSA-N
SP_000274,AEMFNILZOJDQLW-QAGGRKNESA-N
SP_000274,AERBNCYCJBRYDG-UHFFFAOYSA-N
SP_000274,AESBAQNLQIQXNK-BMFSGJJHSA-N
SP_000274,AETXDQTWHNBCRO-QLKFWGTOSA-N
SP_000274,AEWHYWSPVRZHCT-NDZSKPAWSA-N
SP_000274,AEWHYWSPVRZHCT-UHFFFAOYSA-J
SP_000274,AEXNGRVFOMIYOW-ICFOKQHNSA-N
SP_000274,AFFQVAIMWFYJJS-DTHFMEMVSA-N
SP_000275,ADHNTNYEJYJUCU-ZSJFXSENSA-N
SP_000275,APFBWMGEGSELQP-AATRIKPKSA-N
SP_000275,BATOPAZDIZEVQF-IAROGAJJSA-N
SP_000275,BHPQYMZQTOCNFJ-UHFFFAOYSA-N
SP_000275,BHQCQFFYRZLCQQ-KRHHAYMPSA-N
SP_000275,BJBUEDPLEOHJGE-UHFFFAOYSA-N
SP_000275,BNBBFUJNMYQYLA-VQHVLOKHSA-N
SP_000275,CIWBSHSKHKDKBQ-JLAZNSOCSA-N
SP_000275,CKLJMWTZIZZHCS-UWTATZPHSA-N
SP_000275,CUPQSMZELNNSIR-LZRZFMTJSA-N
SP_000275,CZMRCDWAGMRECN-UGDNZRGBSA-N
SP_000275,CZMRCDWAGMRECN-UHFFFAOYSA-N
SP_000275,CZXLHIZQQUJTND-UHFFFAOYSA-N
SP_000275,DHMQDGOQFOQNFH-UHFFFAOYSA-N
SP_000275,DJLTZJGULPLVOA-UHFFFAOYSA-N
SP_000275,DNAYVNOVGHZZLH-UHFFFAOYSA-N
SP_000275,DOTJYWQAPHIAIF-UHFFFAOYSA-N
SP_000275,DPJRMOMPQZCRJU-UHFFFAOYSA-M
SP_000275,DSMWJDJWYGMEBO-UTCJRWHESA-N
SP_000275,FCGOBISRCUOUQH-UHFFFAOYSA-N
SP_000275,GDBJCCBRRCYCEG-UHFFFAOYSA-N
SP_000275,GUBGYTABKSRVRQ-PICCSMPSSA-N
SP_000275,GUBGYTABKSRVRQ-QKKXKWKRSA-N
SP_000275,GVJHHUAWPYXKBD-IEOSBIPESA-N
SP_000275,GWMMTXPUFREJAY-UHFFFAOYSA-N
SP_000275,HKSDVVJONLXYKL-ZFILXNNPSA-N
SP_000275,IDJXJAJYEFRBPY-UHFFFAOYSA-N
SP_000275,IIACRCGMVDHOTQ-UHFFFAOYSA-N
SP_000275,IMKHDCBNRDRUEB-UHFFFAOYSA-N
SP_000275,IYSZVOVZPVKXIJ-OFALOCIGSA-N
SP_000275,JBFOLLJCGUCDQP-UHFFFAOYSA-N
SP_000275,JGHZJRVDZXSNKQ-UHFFFAOYSA-N
SP_000275,JIWBIWFOSCKQMA-DFARDDQGSA-N
SP_000275,JLQNHALFVCURHW-UHFFFAOYSA-N
SP_000275,JZRWCGZRTZMZEH-UHFFFAOYSA-N
SP_000275,JZVFJDZBLUFKCA-CMDGGOBGSA-N
SP_000275,KBEBGUQPQBELIU-HJWRWDBZSA-N
SP_000275,KDXKERNSBIXSRK-YFKPBYRVSA-N
SP_000275,KEAYESYHFKHZAL-UHFFFAOYSA-N
SP_000275,KEMQGTRYUADPNZ-UHFFFAOYSA-N
SP_000275,KJDZDTDNIULJBE-VAWYXSNFSA-N
SP_000275,KQMVAGISDHMXJJ-UHFFFAOYSA-N
SP_000275,LBTABPSJONFLPO-UHFFFAOYSA-N
SP_000275,LFQSCWFLJHTTHZ-UHFFFAOYSA-N
SP_000275,LLCYNDRFWDIIQS-WQLSENKSSA-N
SP_000275,LOIYMIARKYCTBW-UPHRSURJSA-N
SP_000275,LQJBNNIYVWPHFW-QXMHVHEDSA-N
SP_000275,LXNHXLLTXMVWPM-UHFFFAOYSA-N
SP_000275,NPYPAHLBTDXSSS-UHFFFAOYSA-N
SP_000275,NSSALFVIQPAIQK-BQYQJAHWSA-N
SP_000276,ADHNTNYEJYJUCU-ZSJFXSENSA-N
SP_000276,APFBWMGEGSELQP-AATRIKPKSA-N
SP_000276,BATOPAZDIZEVQF-IAROGAJJSA-N
SP_000276,BHPQYMZQTOCNFJ-UHFFFAOYSA-N
SP_000276,BHQCQFFYRZLCQQ-KRHHAYMPSA-N
SP_000276,BJBUEDPLEOHJGE-UHFFFAOYSA-N
SP_000276,BNBBFUJNMYQYLA-VQHVLOKHSA-N
SP_000276,CIWBSHSKHKDKBQ-JLAZNSOCSA-N
SP_000276,CKLJMWTZIZZHCS-UWTATZPHSA-N
SP_000276,CUPQSMZELNNSIR-LZRZFMTJSA-N
SP_000276,CZMRCDWAGMRECN-UGDNZRGBSA-N
SP_000276,CZMRCDWAGMRECN-UHFFFAOYSA-N
SP_000276,CZXLHIZQQUJTND-UHFFFAOYSA-N
SP_000276,DHMQDGOQFOQNFH-UHFFFAOYSA-N
SP_000276,DJLTZJGULPLVOA-UHFFFAOYSA-N
SP_000276,DNAYVNOVGHZZLH-UHFFFAOYSA-N
SP_000276,DOTJYWQAPHIAIF-UHFFFAOYSA-N
SP_000276,DPJRMOMPQZCRJU-UHFFFAOYSA-M
SP_000276,DSMWJDJWYGMEBO-UTCJRWHESA-N
SP_000276,FCGOBISRCUOUQH-UHFFFAOYSA-N
SP_000276,GDBJCCBRRCYCEG-UHFFFAOYSA-N
SP_000276,GUBGYTABKSRVRQ-PICCSMPSSA-N
SP_000276,GUBGYTABKSRVRQ-QKKXKWKRSA-N
SP_000276,GVJHHUAWPYXKBD-IEOSBIPESA-N
SP_000276,GWMMTXPUFREJAY-UHFFFAOYSA-N
SP_000276,HKSDVVJONLXYKL-ZFILXNNPSA-N
SP_000276,IDJXJAJYEFRBPY-UHFFFAOYSA-N
SP_000276,IIACRCGMVDHOTQ-UHFFFAOYSA-N
SP_000276,IMKHDCBNRDRUEB-UHFFFAOYSA-N
SP_000276,IYSZVOVZPVKXIJ-OFALOCIGSA-N
SP_000276,JBFOLLJCGUCDQP-UHFFFAOYSA-N
SP_000276,JGHZJRVDZXSNKQ-UHFFFAOYSA-N
SP_000276,JIWBIWFOSCKQMA-DFARDDQGSA-N
SP_000276,JLQNHALFVCURHW-UHFFFAOYSA-N
SP_000276,JZRWCGZRTZMZEH-UHFFFAOYSA-N
SP_000276,JZVFJDZBLUFKCA-CMDGGOBGSA-N
SP_000276,KBEBGUQPQBELIU-HJWRWDBZSA-N
SP_000276,KDXKERNSBIXSRK-YFKPBYRVSA-N
SP_000276,KEAYESYHFKHZAL-UHFFFAOYSA-N
SP_000276,KEMQGTRYUADPNZ-UHFFFAOYSA-N
SP_000276,KJDZDTDNIULJBE-VAWYXSNFSA-N
SP_000276,KQMVAGISDHMXJJ-UHFFFAOYSA-N
SP_000276,LBTABPSJONFLPO-UHFFFAOYSA-N
SP_000276,LFQSCWFLJHTTHZ-UHFFFAOYSA-N
SP_000276,LLCYNDRFWDIIQS-WQLSENKSSA-N
SP_000276,LOIYMIARKYCTBW-UPHRSURJSA-N
SP_000276,LQJBNNIYVWPHFW-QXMHVHEDSA-N
SP_000276,LXNHXLLTXMVWPM-UHFFFAOYSA-N
SP_000276,NPYPAHLBTDXSSS-UHFFFAOYSA-N
SP_000276,NSSALFVIQPAIQK-BQYQJAHWSA-N
SP_000277,ADHNTNYEJYJUCU-ZSJFXSENSA-N
SP_000277,APFBWMGEGSELQP-AATRIKPKSA-N
SP_000277,BATOPAZDIZEVQF-IAROGAJJSA-N
SP_000277,BHPQYMZQTOCNFJ-UHFFFAOYSA-N
SP_000277,BHQCQFFYRZLCQQ-KRHHAYMPSA-N
SP_000277,BJBUEDPLEOHJGE-UHFFFAOYSA-N
SP_000277,BNBBFUJNMYQYLA-VQHVLOKHSA-N
SP_000277,CIWBSHSKHKDKBQ-JLAZNSOCSA-N
SP_000277,CKLJMWTZIZZHCS-UWTATZPHSA-N
SP_000277,CUPQSMZELNNSIR-LZRZFMTJSA-N
SP_000277,CZMRCDWAGMRECN-UGDNZRGBSA-N
SP_000277,CZMRCDWAGMRECN-UHFFFAOYSA-N
SP_000277,CZXLHIZQQUJTND-UHFFFAOYSA-N
SP_000277,DHMQDGOQFOQNFH-UHFFFAOYSA-N
SP_000277,DJLTZJGULPLVOA-UHFFFAOYSA-N
SP_000277,DNAYVNOVGHZZLH-UHFFFAOYSA-N
SP_000277,DOTJYWQAPHIAIF-UHFFFAOYSA-N
SP_000277,DPJRMOMPQZCRJU-UHFFFAOYSA-M
SP_000277,DSMWJDJWYGMEBO-UTCJRWHESA-N
SP_000277,FCGOBISRCUOUQH-UHFFFAOYSA-N
SP_000277,GDBJCCBRRCYCEG-UHFFFAOYSA-N
SP_000277,GUBGYTABKSRVRQ-PICCSMPSSA-N
SP_000277,GUBGYTABKSRVRQ-QKKXKWKRSA-N
SP_000277,GVJHHUAWPYXKBD-IEOSBIPESA-N
SP_000277,GWMMTXPUFREJAY-UHFFFAOYSA-N
SP_000277,HKSDVVJONLXYKL-ZFILXNNPSA-N
SP_000277,IDJXJAJYEFRBPY-UHFFFAOYSA-N
SP_000277,IIACRCGMVDHOTQ-UHFFFAOYSA-N
SP_000277,IMKHDCBNRDRUEB-UHFFFAOYSA-N
SP_000277,IYSZVOVZPVKXIJ-OFALOCIGSA-N
SP_000277,JBFOLLJCGUCDQP-UHFFFAOYSA-N
SP_000277,JGHZJRVDZXSNKQ-UHFFFAOYSA-N
SP_000277,JIWBIWFOSCKQMA-DFARDDQGSA-N
SP_000277,JLQNHALFVCURHW-UHFFFAOYSA-N
SP_000277,JZRWCGZRTZMZEH-UHFFFAOYSA-N
SP_000277,JZVFJDZBLUFKCA-CMDGGOBGSA-N
SP_000277,KBEBGUQPQBELIU-HJWRWDBZSA-N
SP_000277,KEAYESYHFKHZAL-UHFFFAOYSA-N
SP_000277,KEMQGTRYUADPNZ-UHFFFAOYSA-N
SP_000277,KJDZDTDNIULJBE-VAWYXSNFSA-N
SP_000277,LBTABPSJONFLPO-UHFFFAOYSA-N
SP_000277,LFQSCWFLJHTTHZ-UHFFFAOYSA-N
SP_000277,LLCYNDRFWDIIQS-WQLSENKSSA-N
SP_000277,LOIYMIARKYCTBW-UPHRSURJSA-N
SP_000277,LQJBNNIYVWPHFW-QXMHVHEDSA-N
SP_000277,LXNHXLLTXMVWPM-UHFFFAOYSA-N
SP_000277,NPYPAHLBTDXSSS-UHFFFAOYSA-N
SP_000277,NSSALFVIQPAIQK-BQYQJAHWSA-N
SP_000277,OBVNUYXMOLOYPW-UHFFFAOYSA-N
SP_000277,ODKSFYDXXFIFQN-BYPYZUCNSA-N
SP_000278,AABKSFWWBUPVNY-NVCPWDGJSA-N
SP_000278,AAFBEFOSCLMOTF-KXBCQOCRSA-N
SP_000278,AAFBEFOSCLMOTF-RRPFJGJLSA-N
SP_000278,AANMVENRNJYEMK-UHFFFAOYSA-N
SP_000278,AANZTOSGIRNZNM-LNOKNGNPSA-N
SP_000278,AAPGXBRKBIUCMQ-GWHBCOKCSA-N
SP_000278,AAWNBEJOCRYVJE-QNGWXLTQSA-N
SP_000278,AAWZDTNXLSGCEK-UHFFFAOYSA-M
SP_000278,AAXMCYUUKFLUMJ-JSFHAIONSA-N
SP_000278,AAXMCYUUKFLUMJ-TWDRBPDCSA-N
SP_000278,AAXYAFFKOSNMEB-MHARETSRSA-N
SP_000278,AAZOMBJKSJQDHJ-ZBRBWIFHSA-N
SP_000278,AAZZVFONLHYNDZ-NVQRUNIKSA-J
SP_000278,ABBYYPGQJRBTGA-NESBLOORSA-N
SP_000278,ABCOOORLYAOBOZ-KQYNXXCUSA-N
SP_000278,ABFJWRKPWCFTQP-JKFVOKSPSA-N
SP_000278,ABFJWRKPWCFTQP-XSMLMOGHSA-N
SP_000278,ABIKEVIWOJTKQS-AARKOHAPSA-N
SP_000278,ABLZXFCXXLZCGV-UHFFFAOYSA-L
SP_000278,ABRHOUKZOUNSSK-FVEAQGRNSA-N
SP_000278,ABUKPIBHMMLQDI-RCOVLANCSA-N
SP_000278,ACGLCDJEASKGDO-JSYPMYMJSA-N
SP_000278,ACIVVGBVOVHFPQ-RPDRRWSUSA-N
SP_000278,ACLPCAOOWJUVLL-DZKYTWFZSA-N
SP_000278,ACLQSYLJAZRTAP-XAFBQJBNSA-N
SP_000278,ACSIRQPNAYTBRW-VZUYHUTRSA-N
SP_000278,ACTHNCRNFFCCAQ-PLKVWTDNSA-N
SP_000278,ACTHNCRNFFCCAQ-YNQDZHFMSA-N
SP_000278,ACZVSMNFVFBOTM-UHFFFAOYSA-N
SP_000278,ADCKHLSRWCXEIY-GGAPOBRUSA-N
SP_000278,ADHKIZQYPQGIRC-ACSKKKSPSA-N
SP_000278,ADHKIZQYPQGIRC-SOZVHHJESA-N
SP_000278,ADHNTNYEJYJUCU-ZSJFXSENSA-N
SP_000278,ADKNUXINKGBJMY-LDLOPFEMSA-N
SP_000278,ADMGMAPZAQUXIR-VRHMUEQPSA-N
SP_000278,ADNSYCXWAHUWTA-SYOMJGEJSA-N
SP_000278,ADSGHWJRPOXXTD-IHWYPQMZSA-M
SP_000278,ADYPMBBPSUQKED-VOLCNUBSSA-N
SP_000278,ADZPFIMEBZGRHB-ILJAMNOWSA-N
SP_000278,AEFNZGGBWOQYID-UHFFFAOYSA-N
SP_000278,AEIJGHDRIPTRQY-UBTAJKBJSA-N
SP_000278,AELFRHHZGTVYGJ-QMMMGPOBSA-N
SP_000278,AEMFNILZOJDQLW-QAGGRKNESA-N
SP_000278,AERBNCYCJBRYDG-UHFFFAOYSA-N
SP_000278,AESBAQNLQIQXNK-BMFSGJJHSA-N
SP_000278,AETXDQTWHNBCRO-QLKFWGTOSA-N
SP_000278,AEWHYWSPVRZHCT-NDZSKPAWSA-N
SP_000278,AEWHYWSPVRZHCT-UHFFFAOYSA-J
SP_000278,AEXNGRVFOMIYOW-ICFOKQHNSA-N
SP_000278,AFFQVAIMWFYJJS-DTHFMEMVSA-N
SP_000279,AANMVENRNJYEMK-UHFFFAOYSA-N
SP_000279,AAWZDTNXLSGCEK-UHFFFAOYSA-M
SP_000279,AAXYAFFKOSNMEB-MHARETSRSA-N
SP_000279,AAZZVFONLHYNDZ-NVQRUNIKSA-J
SP_000279,ABCOOORLYAOBOZ-KQYNXXCUSA-N
SP_000279,ABIKEVIWOJTKQS-AARKOHAPSA-N
SP_000279,ABLZXFCXXLZCGV-UHFFFAOYSA-L
SP_000279,ACIVVGBVOVHFPQ-RPDRRWSUSA-N
SP_000279,ACSIRQPNAYTBRW-VZUYHUTRSA-N
SP_000279,ACZVSMNFVFBOTM-UHFFFAOYSA-N
SP_000279,ADHNTNYEJYJUCU-ZSJFXSENSA-N
SP_000279,ADSGHWJRPOXXTD-IHWYPQMZSA-M
SP_000279,AEFNZGGBWOQYID-UHFFFAOYSA-N
SP_000279,AELFRHHZGTVYGJ-QMMMGPOBSA-N
SP_000279,AEMFNILZOJDQLW-QAGGRKNESA-N
SP_000279,AERBNCYCJBRYDG-UHFFFAOYSA-N
SP_000279,AEWHYWSPVRZHCT-NDZSKPAWSA-N
SP_000279,AEWHYWSPVRZHCT-UHFFFAOYSA-J
SP_000279,AFGUVBVUFZMJMX-MDZDMXLPSA-N
SP_000279,AFNUZVCFKQUDBJ-ZZWDRFIYSA-N
SP_000279,AGQJQCFEPUVXNK-UHFFFAOYSA-K
SP_000279,AHCYMLUZIRLXAA-SHYZEUOFSA-N
SP_000279,AHJCDQGRYVBQQZ-NSCUHMNNSA-N
SP_000279,AHLPHDHHMVZTML-BYPYZUCNSA-N
SP_000279,AHMIDUVKSGCHAU-LURJTMIESA-N
SP_000279,AIBOHNYYKWYQMM-GELUXPMISA-N
SP_000279,AIJULSRZWUXGPQ-UHFFFAOYSA-N
SP_000279,AIQDYKMWENWVQJ-UHFFFAOYSA-K
SP_000279,AISVAXNALHBFPC-IOSLPCCCSA-N
SP_000279,AJONJFGFTGGKEX-UHFFFAOYSA-M
SP_000279,AKIHYQWCLCDMMI-VMPITWQZSA-N
SP_000279,ALEWCKXBHSDCCT-YFVJMOTDSA-L
SP_000279,ALLYVKRLOHDVKI-UHFFFAOYSA-N
SP_000279,ALRHLSYJTWAHJZ-UHFFFAOYSA-N
SP_000279,ALTAAUJNHYWOGS-UHFFFAOYSA-N
SP_000279,ALYNCZNDIQEVRV-UHFFFAOYSA-M
SP_000279,AMBQHHVBBHTQBF-UOUCRYGSSA-N
SP_000279,AMIMRNSIRUDHCM-UHFFFAOYSA-N
SP_000279,AMROMUFVHNPOEQ-UHFFFAOYSA-N
SP_000279,AOFQQLZNDSBFLN-UHFFFAOYSA-K
SP_000279,APBPHWLOGNJBLH-UHFFFAOYSA-N
SP_000279,APFBWMGEGSELQP-AATRIKPKSA-N
SP_000279,APIQNBNBIICCON-FKMSRSAHSA-N
SP_000279,APIZAZFFQBVSJA-UHFFFAOYSA-N
SP_000279,APJYDQYYACXCRM-UHFFFAOYSA-N
SP_000279,AQIXAKUUQRKLND-UHFFFAOYSA-N
SP_000279,AQJZOYUAIGQOPF-BCYGMIQCSA-N
SP_000279,ARJPPNFIEQKVBB-UHFFFAOYSA-N
SP_000279,ARLAWMCEVZUXEY-UHFFFAOYSA-N
SP_000279,ARYTXMNEANMLMU-UHFFFAOYSA-N
SP_000280,ADHNTNYEJYJUCU-ZSJFXSENSA-N
SP_000280,APFBWMGEGSELQP-AATRIKPKSA-N
SP_000280,BATOPAZDIZEVQF-IAROGAJJSA-N
SP_000280,BHPQYMZQTOCNFJ-UHFFFAOYSA-N
SP_000280,BHQCQFFYRZLCQQ-KRHHAYMPSA-N
SP_000280,BJBUEDPLEOHJGE-UHFFFAOYSA-N
SP_000280,BNBBFUJNMYQYLA-VQHVLOKHSA-N
SP_000280,CIWBSHSKHKDKBQ-JLAZNSOCSA-N
SP_000280,CKLJMWTZIZZHCS-UWTATZPHSA-N
SP_000280,CUPQSMZELNNSIR-LZRZFMTJSA-N
SP_000280,CZMRCDWAGMRECN-UGDNZRGBSA-N
SP_000280,CZMRCDWAGMRECN-UHFFFAOYSA-N
SP_000280,CZXLHIZQQUJTND-UHFFFAOYSA-N
SP_000280,DHMQDGOQFOQNFH-UHFFFAOYSA-N
SP_000280,DJLTZJGULPLVOA-UHFFFAOYSA-N
SP_000280,DNAYVNOVGHZZLH-UHFFFAOYSA-N
SP_000280,DOTJYWQAPHIAIF-UHFFFAOYSA-N
SP_000280,DPJRMOMPQZCRJU-UHFFFAOYSA-M
SP_000280,DSMWJDJWYGMEBO-UTCJRWHESA-N
SP_000280,FCGOBISRCUOUQH-UHFFFAOYSA-N
SP_000280,GDBJCCBRRCYCEG-UHFFFAOYSA-N
SP_000280,GUBGYTABKSRVRQ-PICCSMPSSA-N
SP_000280,GUBGYTABKSRVRQ-QKKXKWKRSA-N
SP_000280,GVJHHUAWPYXKBD-IEOSBIPESA-N
SP_000280,GWMMTXPUFREJAY-UHFFFAOYSA-N
SP_000280,HKSDVVJONLXYKL-ZFILXNNPSA-N
SP_000280,HUTCYUJPLOTDMX-KEBDBYFISA-N
SP_000280,IDJXJAJYEFRBPY-UHFFFAOYSA-N
SP_000280,IIACRCGMVDHOTQ-UHFFFAOYSA-N
SP_000280,IMKHDCBNRDRUEB-UHFFFAOYSA-N
SP_000280,IYSZVOVZPVKXIJ-OFALOCIGSA-N
SP_000280,JBFOLLJCGUCDQP-UHFFFAOYSA-N
SP_000280,JEKGHHPMLRLCIW-VBVMRKNNSA-N
SP_000280,JGHZJRVDZXSNKQ-UHFFFAOYSA-N
SP_000280,JIWBIWFOSCKQMA-DFARDDQGSA-N
SP_000280,JLQNHALFVCURHW-UHFFFAOYSA-N
SP_000280,JZRWCGZRTZMZEH-UHFFFAOYSA-N
SP_000280,JZVFJDZBLUFKCA-CMDGGOBGSA-N
SP_000280,KBEBGUQPQBELIU-HJWRWDBZSA-N
SP_000280,KEAYESYHFKHZAL-UHFFFAOYSA-N
SP_000280,KEMQGTRYUADPNZ-UHFFFAOYSA-N
SP_000280,KJDZDTDNIULJBE-VAWYXSNFSA-N
SP_000280,LBTABPSJONFLPO-UHFFFAOYSA-N
SP_000280,LFQSCWFLJHTTHZ-UHFFFAOYSA-N
SP_000280,LLCYNDRFWDIIQS-WQLSENKSSA-N
SP_000280,LOIYMIARKYCTBW-UPHRSURJSA-N
SP_000280,LQJBNNIYVWPHFW-QXMHVHEDSA-N
SP_000280,LXNHXLLTXMVWPM-UHFFFAOYSA-N
SP_000280,NPYPAHLBTDXSSS-UHFFFAOYSA-N
SP_000280,NSSALFVIQPAIQK-BQYQJAHWSA-N
SP_000281,ADHNTNYEJYJUCU-ZSJFXSENSA-N
SP_000281,APFBWMGEGSELQP-AATRIKPKSA-N
SP_000281,BATOPAZDIZEVQF-IAROGAJJSA-N
SP_000281,BHPQYMZQTOCNFJ-UHFFFAOYSA-N
SP_000281,BHQCQFFYRZLCQQ-KRHHAYMPSA-N
SP_000281,BJBUEDPLEOHJGE-UHFFFAOYSA-N
SP_000281,BNBBFUJNMYQYLA-VQHVLOKHSA-N
SP_000281,CIWBSHSKHKDKBQ-JLAZNSOCSA-N
SP_000281,CKLJMWTZIZZHCS-UWTATZPHSA-N
SP_000281,CUPQSMZELNNSIR-LZRZFMTJSA-N
SP_000281,CZMRCDWAGMRECN-UGDNZRGBSA-N
SP_000281,CZMRCDWAGMRECN-UHFFFAOYSA-N
SP_000281,CZXLHIZQQUJTND-UHFFFAOYSA-N
SP_000281,DHMQDGOQFOQNFH-UHFFFAOYSA-N
SP_000281,DJLTZJGULPLVOA-UHFFFAOYSA-N
SP_000281,DKHGMERMDICWDU-GHDNBGIDSA-N
SP_000281,DNAYVNOVGHZZLH-UHFFFAOYSA-N
SP_000281,DOTJYWQAPHIAIF-UHFFFAOYSA-N
SP_000281,DPJRMOMPQZCRJU-UHFFFAOYSA-M
SP_000281,DQGMPXYVZZCNDQ-KBPWROHVSA-N
SP_000281,DSMWJDJWYGMEBO-UTCJRWHESA-N
SP_000281,FCGOBISRCUOUQH-UHFFFAOYSA-N
SP_000281,GDBJCCBRRCYCEG-UHFFFAOYSA-N
SP_000281,GUBGYTABKSRVRQ-PICCSMPSSA-N
SP_000281,GUBGYTABKSRVRQ-QKKXKWKRSA-N
SP_000281,GVJHHUAWPYXKBD-IEOSBIPESA-N
SP_000281,GWMMTXPUFREJAY-UHFFFAOYSA-N
SP_000281,HKSDVVJONLXYKL-ZFILXNNPSA-N
SP_000281,IDJXJAJYEFRBPY-UHFFFAOYSA-N
SP_000281,IIACRCGMVDHOTQ-UHFFFAOYSA-N
SP_000281,IMKHDCBNRDRUEB-UHFFFAOYSA-N
SP_000281,IYSZVOVZPVKXIJ-OFALOCIGSA-N
SP_000281,JBFOLLJCGUCDQP-UHFFFAOYSA-N
SP_000281,JGHZJRVDZXSNKQ-UHFFFAOYSA-N
SP_000281,JIWBIWFOSCKQMA-DFARDDQGSA-N
SP_000281,JLQNHALFVCURHW-UHFFFAOYSA-N
SP_000281,JZRWCGZRTZMZEH-UHFFFAOYSA-N
SP_000281,JZVFJDZBLUFKCA-CMDGGOBGSA-N
SP_000281,KBEBGUQPQBELIU-HJWRWDBZSA-N
SP_000281,KDXKERNSBIXSRK-YFKPBYRVSA-N
SP_000281,KEAYESYHFKHZAL-UHFFFAOYSA-N
SP_000281,KEMQGTRYUADPNZ-UHFFFAOYSA-N
SP_000281,KJDZDTDNIULJBE-VAWYXSNFSA-N
SP_000281,KQMVAGISDHMXJJ-UHFFFAOYSA-N
SP_000281,LBTABPSJONFLPO-UHFFFAOYSA-N
SP_000281,LFQSCWFLJHTTHZ-UHFFFAOYSA-N
SP_000281,LLCYNDRFWDIIQS-WQLSENKSSA-N
SP_000281,LOIYMIARKYCTBW-UPHRSURJSA-N
SP_000281,LQJBNNIYVWPHFW-QXMHVHEDSA-N
SP_000281,LXNHXLLTXMVWPM-UHFFFAOYSA-N
SP_000282,AABKSFWWBUPVNY-NVCPWDGJSA-N
SP_000282,AAFBEFOSCLMOTF-KXBCQOCRSA-N
SP_000282,AAFBEFOSCLMOTF-RRPFJGJLSA-N
SP_000282,AANMVENRNJYEMK-UHFFFAOYSA-N
SP_000282,AANZTOSGIRNZNM-LNOKNGNPSA-N
SP_000282,AAPGXBRKBIUCMQ-GWHBCOKCSA-N
SP_000282,AAWNBEJOCRYVJE-QNGWXLTQSA-N
SP_000282,AAWZDTNXLSGCEK-UHFFFAOYSA-M
SP_000282,AAXMCYUUKFLUMJ-JSFHAIONSA-N
SP_000282,AAXMCYUUKFLUMJ-TWDRBPDCSA-N
SP_000282,AAXYAFFKOSNMEB-MHARETSRSA-N
SP_000282,AAZOMBJKSJQDHJ-ZBRBWIFHSA-N
SP_000282,AAZZVFONLHYNDZ-NVQRUNIKSA-J
SP_000282,ABBYYPGQJRBTGA-NESBLOORSA-N
SP_000282,ABCOOORLYAOBOZ-KQYNXXCUSA-N
SP_000282,ABFJWRKPWCFTQP-JKFVOKSPSA-N
SP_000282,ABFJWRKPWCFTQP-XSMLMOGHSA-N
SP_000282,ABIKEVIWOJTKQS-AARKOHAPSA-N
SP_000282,ABLZXFCXXLZCGV-UHFFFAOYSA-L
SP_000282,ABRHOUKZOUNSSK-FVEAQGRNSA-N
SP_000282,ABUKPIBHMMLQDI-RCOVLANCSA-N
SP_000282,ACGLCDJEASKGDO-JSYPMYMJSA-N
SP_000282,ACIVVGBVOVHFPQ-RPDRRWSUSA-N
SP_000282,ACLPCAOOWJUVLL-DZKYTWFZSA-N
SP_000282,ACLQSYLJAZRTAP-XAFBQJBNSA-N
SP_000282,ACSIRQPNAYTBRW-VZUYHUTRSA-N
SP_000282,ACTHNCRNFFCCAQ-PLKVWTDNSA-N
SP_000282,ACTHNCRNFFCCAQ-YNQDZHFMSA-N
SP_000282,ACZVSMNFVFBOTM-UHFFFAOYSA-N
SP_000282,ADCKHLSRWCXEIY-GGAPOBRUSA-N
SP_000282,ADHKIZQYPQGIRC-ACSKKKSPSA-N
SP_000282,ADHKIZQYPQGIRC-SOZVHHJESA-N
SP_000282,ADHNTNYEJYJUCU-ZSJFXSENSA-N
SP_000282,ADKNUXINKGBJMY-LDLOPFEMSA-N
SP_000282,ADMGMAPZAQUXIR-VRHMUEQPSA-N
SP_000282,ADNSYCXWAHUWTA-SYOMJGEJSA-N
SP_000282,ADSGHWJRPOXXTD-IHWYPQMZSA-M
SP_000282,ADYPMBBPSUQKED-VOLCNUBSSA-N
SP_000282,ADZPFIMEBZGRHB-ILJAMNOWSA-N
SP_000282,AEFNZGGBWOQYID-UHFFFAOYSA-N
SP_000282,AEIJGHDRIPTRQY-UBTAJKBJSA-N
SP_000282,AELFRHHZGTVYGJ-QMMMGPOBSA-N
SP_000282,AEMFNILZOJDQLW-QAGGRKNESA-N
SP_000282,AERBNCYCJBRYDG-UHFFFAOYSA-N
SP_000282,AESBAQNLQIQXNK-BMFSGJJHSA-N
SP_000282,AETXDQTWHNBCRO-QLKFWGTOSA-N
SP_000282,AEWHYWSPVRZHCT-NDZSKPAWSA-N
SP_000282,AEWHYWSPVRZHCT-UHFFFAOYSA-J
SP_000282,AEXNGRVFOMIYOW-ICFOKQHNSA-N
SP_000282,AFFQVAIMWFYJJS-DTHFMEMVSA-N
SP_000283,AANMVENRNJYEMK-UHFFFAOYSA-N
SP_000283,AAWZDTNXLSGCEK-UHFFFAOYSA-M
SP_000283,AAXYAFFKOSNMEB-MHARETSRSA-N
SP_000283,AAZZVFONLHYNDZ-NVQRUNIKSA-J
SP_000283,ABCOOORLYAOBOZ-KQYNXXCUSA-N
SP_000283,ABIKEVIWOJTKQS-AARKOHAPSA-N
SP_000283,ABLZXFCXXLZCGV-UHFFFAOYSA-L
SP_000283,ACIVVGBVOVHFPQ-RPDRRWSUSA-N
SP_000283,ACSIRQPNAYTBRW-VZUYHUTRSA-N
SP_000283,ACZVSMNFVFBOTM-UHFFFAOYSA-N
SP_000283,ADHNTNYEJYJUCU-ZSJFXSENSA-N
SP_000283,ADSGHWJRPOXXTD-IHWYPQMZSA-M
SP_000283,AEFNZGGBWOQYID-UHFFFAOYSA-N
SP_000283,AELFRHHZGTVYGJ-QMMMGPOBSA-N
SP_000283,AEMFNILZOJDQLW-QAGGRKNESA-N
SP_000283,AERBNCYCJBRYDG-UHFFFAOYSA-N
SP_000283,AEWHYWSPVRZHCT-NDZSKPAWSA-N
SP_000283,AEWHYWSPVRZHCT-UHFFFAOYSA-J
SP_000283,AFGUVBVUFZMJMX-MDZDMXLPSA-N
SP_000283,AFNUZVCFKQUDBJ-ZZWDRFIYSA-N
SP_000283,AGQJQCFEPUVXNK-UHFFFAOYSA-K
SP_000283,AHCYMLUZIRLXAA-SHYZEUOFSA-N
SP_000283,AHJCDQGRYVBQQZ-NSCUHMNNSA-N
SP_000283,AHLPHDHHMVZTML-BYPYZUCNSA-N
SP_000283,AHMIDUVKSGCHAU-LURJTMIESA-N
SP_000283,AIBOHNYYKWYQMM-GELUXPMISA-N
SP_000283,AIJULSRZWUXGPQ-UHFFFAOYSA-N
SP_000283,AIQDYKMWENWVQJ-UHFFFAOYSA-K
SP_000283,AISVAXNALHBFPC-IOSLPCCCSA-N
SP_000283,AJONJFGFTGGKEX-UHFFFAOYSA-M
SP_000283,AKIHYQWCLCDMMI-VMPITWQZSA-N
SP_000283,ALEWCKXBHSDCCT-YFVJMOTDSA-L
SP_000283,ALLYVKRLOHDVKI-UHFFFAOYSA-N
SP_000283,ALRHLSYJTWAHJZ-UHFFFAOYSA-N
SP_000283,ALTAAUJNHYWOGS-UHFFFAOYSA-N
SP_000283,ALYNCZNDIQEVRV-UHFFFAOYSA-M
SP_000283,AMBQHHVBBHTQBF-UOUCRYGSSA-N
SP_000283,AMIMRNSIRUDHCM-UHFFFAOYSA-N
SP_000283,AMROMUFVHNPOEQ-UHFFFAOYSA-N
SP_000283,AOFQQLZNDSBFLN-UHFFFAOYSA-K
SP_000283,APBPHWLOGNJBLH-UHFFFAOYSA-N
SP_000283,APIQNBNBIICCON-FKMSRSAHSA-N
SP_000283,APIZAZFFQBVSJA-UHFFFAOYSA-N
SP_000283,APJYDQYYACXCRM-UHFFFAOYSA-N
SP_000283,AQIXAKUUQRKLND-UHFFFAOYSA-N
SP_000283,AQJZOYUAIGQOPF-BCYGMIQCSA-N
SP_000283,ARJPPNFIEQKVBB-UHFFFAOYSA-N
SP_000283,ARLAWMCEVZUXEY-UHFFFAOYSA-N
SP_000283,ARYTXMNEANMLMU-UHFFFAOYSA-N
SP_000283,ASCFNMCAHFUBCO-UHFFFAOYSA-N
SP_000284,ABZIJOKCYYZWFJ-QWKKJKGWSA-N
SP_000284,ADHNTNYEJYJUCU-ZSJFXSENSA-N
SP_000284,AFKUAQRKQMVATG-UHFFFAOYSA-N
SP_000284,AFOLOMGWVXKIQL-UHFFFAOYSA-O
SP_000284,AIONOLUJZLIMTK-AWEZNQCLSA-N
SP_000284,AKTRFOPOAKDICT-UHFFFAOYSA-N
SP_000284,AMXYRHBJZOVHOL-KPDBFRNYSA-N
SP_000284,ANNNBEZJTNCXHY-NSCUHMNNSA-N
SP_000284,APFBWMGEGSELQP-AATRIKPKSA-N
SP_000284,BAPJBEWLBFYGME-UHFFFAOYSA-N
SP_000284,BATOPAZDIZEVQF-IAROGAJJSA-N
SP_000284,BDAGIHXWWSANSR-UHFFFAOYSA-N
SP_000284,BDCDNTVZSILEOY-UHFFFAOYSA-N
SP_000284,BFVOYECMMKLFQJ-UHFFFAOYSA-N
SP_000284,BHPQYMZQTOCNFJ-UHFFFAOYSA-N
SP_000284,BHQCQFFYRZLCQQ-KRHHAYMPSA-N
SP_000284,BJBUEDPLEOHJGE-UHFFFAOYSA-N
SP_000284,BLQBYZAEDJFOQJ-IJJKIVKYSA-N
SP_000284,BNBBFUJNMYQYLA-VQHVLOKHSA-N
SP_000284,BXEZTCOKOLHMKY-UHFFFAOYSA-O
SP_000284,CCEFMUBVSUDRLG-UHFFFAOYSA-N
SP_000284,CCEKPTFNQKNHKZ-XCVCLJGOSA-N
SP_000284,CFUWPZZLCJXNSQ-UHFFFAOYSA-N
SP_000284,CILLXFBAACIQNS-UHFFFAOYSA-O
SP_000284,CIWBSHSKHKDKBQ-JLAZNSOCSA-N
SP_000284,CIWBSHSKHKDKBQ-UHFFFAOYSA-N
SP_000284,CJBDUOMQLFKVQC-UHFFFAOYSA-N
SP_000284,CKLJMWTZIZZHCS-UWTATZPHSA-N
SP_000284,COVOPZQGJGUPEY-UHFFFAOYSA-N
SP_000284,CRZQGDNQQAALAY-UHFFFAOYSA-N
SP_000284,CUPQSMZELNNSIR-LZRZFMTJSA-N
SP_000284,CWVRJTMFETXNAD-NXLLHMKUSA-N
SP_000284,CZMRCDWAGMRECN-UGDNZRGBSA-N
SP_000284,CZMRCDWAGMRECN-UHFFFAOYSA-N
SP_000284,CZXLHIZQQUJTND-UHFFFAOYSA-N
SP_000284,DFYRUELUNQRZTB-UHFFFAOYSA-N
SP_000284,DHMQDGOQFOQNFH-UHFFFAOYSA-N
SP_000284,DJLTZJGULPLVOA-UHFFFAOYSA-N
SP_000284,DLFVBJFMPXGRIB-UHFFFAOYSA-N
SP_000284,DNAYVNOVGHZZLH-UHFFFAOYSA-N
SP_000284,DOIRQSBPFJWKBE-UHFFFAOYSA-N
SP_000284,DOTJYWQAPHIAIF-UHFFFAOYSA-N
SP_000284,DPJRMOMPQZCRJU-UHFFFAOYSA-M
SP_000284,DRAVOWXCEBXPTN-UHFFFAOYSA-N
SP_000284,DSCOHTVBTNDPQA-UHFFFAOYSA-N
SP_000284,DSMWJDJWYGMEBO-UTCJRWHESA-N
SP_000284,DUUSFCFZBREELS-WWBBCYQPSA-N
SP_000284,FBPFZTCFMRRESA-JGWLITMVSA-N
SP_000284,FBPFZTCFMRRESA-UHFFFAOYSA-N
SP_000284,FBSFWRHWHYMIOG-UHFFFAOYSA-N
SP_000285,AAWZDTNXLSGCEK-UHFFFAOYSA-N
SP_000285,BAPJBEWLBFYGME-UHFFFAOYSA-N
SP_000285,CWVRJTMFETXNAD-DUXPYHPUSA-N
SP_000285,DZAUWHJDUNRCTF-UHFFFAOYSA-N
SP_000285,GEPAYBXVXXBSKP-UHFFFAOYSA-L
SP_000285,KKSDGJDHHZEWEP-SNAWJCMRSA-N
SP_000285,LHJZSWVADJCBNI-ARJAWSKDSA-N
SP_000285,MOJZMWJRUKIQGL-GUZXBWELSA-N
SP_000285,MOJZMWJRUKIQGL-UHFFFAOYSA-N
SP_000285,MOJZMWJRUKIQGL-WNCKYJNFSA-N
SP_000285,MSVXRBNAPJJEDX-UHFFFAOYSA-N
SP_000285,NGSWKAQJJWESNS-ZZXKWVIFSA-N
SP_000285,OHIUVDQGXUITJQ-AARHSHDHSA-N
SP_000285,OHIUVDQGXUITJQ-VDKDFJRPSA-N
SP_000285,OPYWYTLAPWWTKW-UHFFFAOYSA-N
SP_000285,PFTAWBLQPZVEMU-DZGCQCFKSA-N
SP_000285,QAIPRVGONGVQAS-DUXPYHPUSA-N
SP_000285,QKXUXZSVOPLDOD-GCTHYFALSA-N
SP_000285,RGJAJCOCOZWPNI-UHFFFAOYSA-N
SP_000285,SNVFDPHQAOXWJZ-UHFFFAOYSA-N
SP_000285,UUOWTYGESRVWCF-WKWFDMPLSA-N
SP_000285,WEXDMQBFSBEMLP-UHFFFAOYSA-N
SP_000285,XFZJEEAOWLFHDH-UKWJTHFESA-N
SP_000285,XWRHBGVVCOSNKO-MDMPXHNCSA-N
SP_000285,ZPVXZDCYCDBKAJ-NCMRLHFPSA-N
SP_000286,ADHNTNYEJYJUCU-ZSJFXSENSA-N
SP_000286,APFBWMGEGSELQP-AATRIKPKSA-N
SP_000286,BATOPAZDIZEVQF-IAROGAJJSA-N
SP_000286,BHPQYMZQTOCNFJ-UHFFFAOYSA-N
SP_000286,BHQCQFFYRZLCQQ-KRHHAYMPSA-N
SP_000286,BJBUEDPLEOHJGE-UHFFFAOYSA-N
SP_000286,BNBBFUJNMYQYLA-VQHVLOKHSA-N
SP_000286,CIWBSHSKHKDKBQ-JLAZNSOCSA-N
SP_000286,CKLJMWTZIZZHCS-UWTATZPHSA-N
SP_000286,CRZQGDNQQAALAY-UHFFFAOYSA-N
SP_000286,CUPQSMZELNNSIR-LZRZFMTJSA-N
SP_000286,CZMRCDWAGMRECN-UGDNZRGBSA-N
SP_000286,CZMRCDWAGMRECN-UHFFFAOYSA-N
SP_000286,CZXLHIZQQUJTND-UHFFFAOYSA-N
SP_000286,DHMQDGOQFOQNFH-UHFFFAOYSA-N
SP_000286,DJLTZJGULPLVOA-UHFFFAOYSA-N
SP_000286,DNAYVNOVGHZZLH-UHFFFAOYSA-N
SP_000286,DOTJYWQAPHIAIF-UHFFFAOYSA-N
SP_000286,DPJRMOMPQZCRJU-UHFFFAOYSA-M
SP_000286,DSMWJDJWYGMEBO-UTCJRWHESA-N
SP_000286,FCGOBISRCUOUQH-UHFFFAOYSA-N
SP_000286,FRASJONUBLZVQX-UHFFFAOYSA-N
SP_000286,GDBJCCBRRCYCEG-UHFFFAOYSA-N
SP_000286,GUBGYTABKSRVRQ-PICCSMPSSA-N
SP_000286,GUBGYTABKSRVRQ-QKKXKWKRSA-N
SP_000286,GVJHHUAWPYXKBD-IEOSBIPESA-N
SP_000286,GWMMTXPUFREJAY-UHFFFAOYSA-N
SP_000286,HKSDVVJONLXYKL-ZFILXNNPSA-N
SP_000286,HUTCYUJPLOTDMX-KEBDBYFISA-N
SP_000286,IDJXJAJYEFRBPY-UHFFFAOYSA-N
SP_000286,IIACRCGMVDHOTQ-UHFFFAOYSA-N
SP_000286,IMKHDCBNRDRUEB-UHFFFAOYSA-N
SP_000286,IYSZVOVZPVKXIJ-OFALOCIGSA-N
SP_000286,JBFOLLJCGUCDQP-UHFFFAOYSA-N
SP_000286,JEKGHHPMLRLCIW-VBVMRKNNSA-N
SP_000286,JGHZJRVDZXSNKQ-UHFFFAOYSA-N
SP_000286,JIWBIWFOSCKQMA-DFARDDQGSA-N
SP_000286,JLQNHALFVCURHW-UHFFFAOYSA-N
SP_000286,JMSVCTWVEWCHDZ-UHFFFAOYSA-N
SP_000286,JZRWCGZRTZMZEH-UHFFFAOYSA-N
SP_000286,JZVFJDZBLUFKCA-CMDGGOBGSA-N
SP_000286,KBEBGUQPQBELIU-HJWRWDBZSA-N
SP_000286,KDXKERNSBIXSRK-YFKPBYRVSA-N
SP_000286,KEAYESYHFKHZAL-UHFFFAOYSA-N
SP_000286,KEMQGTRYUADPNZ-UHFFFAOYSA-N
SP_000286,KJDZDTDNIULJBE-VAWYXSNFSA-N
SP_000286,KQMVAGISDHMXJJ-UHFFFAOYSA-N
SP_000286,KQPYUDDGWXQXHS-UHFFFAOYSA-N
SP_000286,LBTABPSJONFLPO-UHFFFAOYSA-N
SP_000286,LFQSCWFLJHTTHZ-UHFFFAOYSA-N
SP_000287,ADHNTNYEJYJUCU-ZSJFXSENSA-N
SP_000287,APFBWMGEGSELQP-AATRIKPKSA-N
SP_000287,BATOPAZDIZEVQF-IAROGAJJSA-N
SP_000287,BFYWJELXORKNFO-UHFFFAOYSA-N
SP_000287,BHPQYMZQTOCNFJ-UHFFFAOYSA-N
SP_000287,BHQCQFFYRZLCQQ-KRHHAYMPSA-N
SP_000287,BJBUEDPLEOHJGE-UHFFFAOYSA-N
SP_000287,BLNSKVFNUJRUQY-NUJVEXSKSA-N
SP_000287,BNBBFUJNMYQYLA-VQHVLOKHSA-N
SP_000287,BQSLMQNYHVFRDT-LSDHHAIUSA-N
SP_000287,CIWBSHSKHKDKBQ-JLAZNSOCSA-N
SP_000287,CKLJMWTZIZZHCS-UWTATZPHSA-N
SP_000287,CUPQSMZELNNSIR-LZRZFMTJSA-N
SP_000287,CZMRCDWAGMRECN-UGDNZRGBSA-N
SP_000287,CZMRCDWAGMRECN-UHFFFAOYSA-N
SP_000287,CZXLHIZQQUJTND-UHFFFAOYSA-N
SP_000287,DHMQDGOQFOQNFH-UHFFFAOYSA-N
SP_000287,DJLTZJGULPLVOA-UHFFFAOYSA-N
SP_000287,DKHGMERMDICWDU-GHDNBGIDSA-N
SP_000287,DNAYVNOVGHZZLH-UHFFFAOYSA-N
SP_000287,DOTJYWQAPHIAIF-UHFFFAOYSA-N
SP_000287,DPJRMOMPQZCRJU-UHFFFAOYSA-M
SP_000287,DQGMPXYVZZCNDQ-KBPWROHVSA-N
SP_000287,DSMWJDJWYGMEBO-UTCJRWHESA-N
SP_000287,DSVMWGREWREVQQ-ODQHEUEKSA-N
SP_000287,FCGOBISRCUOUQH-UHFFFAOYSA-N
SP_000287,GDBJCCBRRCYCEG-UHFFFAOYSA-N
SP_000287,GUBGYTABKSRVRQ-PICCSMPSSA-N
SP_000287,GUBGYTABKSRVRQ-QKKXKWKRSA-N
SP_000287,GVJHHUAWPYXKBD-IEOSBIPESA-N
SP_000287,GWMMTXPUFREJAY-UHFFFAOYSA-N
SP_000287,GZIFEOYASATJEH-UHFFFAOYSA-N
SP_000287,HDVXJTYHXDVWQO-UHFFFAOYSA-N
SP_000287,HKSDVVJONLXYKL-ZFILXNNPSA-N
SP_000287,HUTCYUJPLOTDMX-KEBDBYFISA-N
SP_000287,HYCLWDHZALFLJV-UHFFFAOYSA-N
SP_000287,IDJXJAJYEFRBPY-UHFFFAOYSA-N
SP_000287,IIACRCGMVDHOTQ-UHFFFAOYSA-N
SP_000287,IIHBKTCHILXGOT-YBYGRFCBSA-N
SP_000287,IMKHDCBNRDRUEB-UHFFFAOYSA-N
SP_000287,IMNZDWZLEPDBAP-UHFFFAOYSA-N
SP_000287,IRCZVRWQUNZGSH-DKTYCGPESA-N
SP_000287,IYSZVOVZPVKXIJ-OFALOCIGSA-N
SP_000287,JBFOLLJCGUCDQP-UHFFFAOYSA-N
SP_000287,JEKGHHPMLRLCIW-VBVMRKNNSA-N
SP_000287,JGHZJRVDZXSNKQ-UHFFFAOYSA-N
SP_000287,JIWBIWFOSCKQMA-DFARDDQGSA-N
SP_000287,JLQNHALFVCURHW-UHFFFAOYSA-N
SP_000287,JZRWCGZRTZMZEH-UHFFFAOYSA-N
SP_000287,JZVFJDZBLUFKCA-CMDGGOBGSA-N
SP_000288,AAEVYOVXGOFMJO-UHFFFAOYSA-N
SP_000288,AANMVENRNJYEMK-UHFFFAOYSA-N
SP_000288,AAXYAFFKOSNMEB-MHARETSRSA-N
SP_000288,AAYOXXRTLLISDA-YACUFSJGSA-N
SP_000288,ABFJWRKPWCFTQP-JKFVOKSPSA-N
SP_000288,ABZIJOKCYYZWFJ-QWKKJKGWSA-N
SP_000288,ACLFOVVHBPFNAN-SPTSQDNOSA-N
SP_000288,ACQCATAWVAMHOW-XGJCFNBDSA-N
SP_000288,ACWQBUSCFPJUPN-HYXAFXHYSA-N
SP_000288,ADDMBQHEJRQEPO-XJAZUKOCSA-N
SP_000288,ADFCQWZHKCXPAJ-GFCCVEGCSA-N
SP_000288,ADHNTNYEJYJUCU-ZSJFXSENSA-N
SP_000288,ADIAWBPVWHYXNV-JSHIBXJCSA-N
SP_000288,AEAMHDRXCYEOCU-HUESYALOSA-N
SP_000288,AEMOLEFTQBMNLQ-AQKNRBDQSA-N
SP_000288,AEPVLLKGEBHLEJ-CRZTYIBISA-N
SP_000288,AEUCYCQYAUFAKH-YACUFSJGSA-N
SP_000288,AFBPXDLUPKBQFZ-IBUFINAASA-N
SP_000288,AFDXODALSZRGIH-QPJJXVBHSA-N
SP_000288,AFFQVAIMWFYJJS-DTHFMEMVSA-N
SP_000288,AFFSAIPAHKQBQB-MKUXWWROSA-N
SP_000288,AFOLAZWOEZYEBM-GEBSKTNXSA-N
SP_000288,AFRHTXSGJZBJEK-FKZFEJELSA-N
SP_000288,AFVFQIVMOAPDHO-UHFFFAOYSA-N
SP_000288,AGGMHSIJPOCJNC-RBDZZQPWSA-N
SP_000288,AGKCACWGAXVMPI-BVWWTNGZSA-N
SP_000288,AGRWQVDHBRTOBQ-VAFHPCRSSA-N
SP_000288,AHANXAKGNAKFSK-PDBXOOCHSA-N
SP_000288,AHAUBJRIXRHFSJ-HUESYALOSA-N
SP_000288,AHEPKIJTHGCAOA-HUESYALOSA-N
SP_000288,AHFFBXZSVOKSCA-SJQHUTKESA-N
SP_000288,AHJCDQGRYVBQQZ-NSCUHMNNSA-N
SP_000288,AHJKRLASYNVKDZ-UHFFFAOYSA-N
SP_000288,AHJWMSQZOWKKJQ-ZWNMCFTASA-N
SP_000288,AHLPHDHHMVZTML-UHFFFAOYSA-N
SP_000288,AHNDRCGVVOSSOL-NCTVWYLDSA-N
SP_000288,AHOMSZWEDIDNLL-USYZEHPZSA-N
SP_000288,AHUWPHLEHINDNR-MLFBNNMUSA-N
SP_000288,AHWNOAGNHSGYCM-XBMWPHDXSA-N
SP_000288,AHWXJDWBIIDPKS-YACUFSJGSA-N
SP_000288,AHYXNVIQMVRTEC-SQWFITPDSA-N
SP_000288,AIHWGPJJINPTRP-VSASKLEVSA-N
SP_000288,AJLMJIKELQBUTG-UJJXFSCMSA-N
SP_000288,AJNZABHWCGUHSJ-YACUFSJGSA-N
SP_000288,AJPADPZSRRUGHI-RFZPGFLSSA-N
SP_000288,AJWXNNCJHGLYAD-JDGSYGFWSA-N
SP_000288,AKDVWAHETIXOFY-FUAFPHNJSA-N
SP_000288,AKLWUKOTFBFPBC-USYZEHPZSA-N
SP_000288,AKRBLZKRYPEVIK-IACDPKRHSA-N
SP_000288,ALEWCKXBHSDCCT-YFVJMOTDSA-L
SP_000289,ADHNTNYEJYJUCU-ZSJFXSENSA-N
SP_000289,APFBWMGEGSELQP-AATRIKPKSA-N
SP_000289,BATOPAZDIZEVQF-IAROGAJJSA-N
SP_000289,BHPQYMZQTOCNFJ-UHFFFAOYSA-N
SP_000289,BHQCQFFYRZLCQQ-KRHHAYMPSA-N
SP_000289,BJBUEDPLEOHJGE-UHFFFAOYSA-N
SP_000289,BNBBFUJNMYQYLA-VQHVLOKHSA-N
SP_000289,CIWBSHSKHKDKBQ-JLAZNSOCSA-N
SP_000289,CKLJMWTZIZZHCS-UWTATZPHSA-N
SP_000289,CUPQSMZELNNSIR-LZRZFMTJSA-N
SP_000289,CZMRCDWAGMRECN-UGDNZRGBSA-N
SP_000289,CZMRCDWAGMRECN-UHFFFAOYSA-N
SP_000289,CZXLHIZQQUJTND-UHFFFAOYSA-N
SP_000289,DHMQDGOQFOQNFH-UHFFFAOYSA-N
SP_000289,DJLTZJGULPLVOA-UHFFFAOYSA-N
SP_000289,DKHGMERMDICWDU-GHDNBGIDSA-N
SP_000289,DNAYVNOVGHZZLH-UHFFFAOYSA-N
SP_000289,DOTJYWQAPHIAIF-UHFFFAOYSA-N
SP_000289,DPJRMOMPQZCRJU-UHFFFAOYSA-M
SP_000289,DQGMPXYVZZCNDQ-KBPWROHVSA-N
SP_000289,DSMWJDJWYGMEBO-UTCJRWHESA-N
SP_000289,DXYUAIFZCFRPTH-UHFFFAOYSA-N
SP_000289,FCGOBISRCUOUQH-UHFFFAOYSA-N
SP_000289,FQCPXIJRWHRHIP-UHFFFAOYSA-N
SP_000289,GDBJCCBRRCYCEG-UHFFFAOYSA-N
SP_000289,GEDRGVNPMIOGRX-UHFFFAOYSA-N
SP_000289,GGVUQGXIFKUXHY-RFXAPONZSA-N
SP_000289,GHGDPZHQDKPWOJ-UHFFFAOYSA-N
SP_000289,GUBGYTABKSRVRQ-PICCSMPSSA-N
SP_000289,GUBGYTABKSRVRQ-QKKXKWKRSA-N
SP_000289,GVJHHUAWPYXKBD-IEOSBIPESA-N
SP_000289,GWMMTXPUFREJAY-UHFFFAOYSA-N
SP_000289,GZIFEOYASATJEH-UHFFFAOYSA-N
SP_000289,HITWHALOZBMLHY-UHFFFAOYSA-N
SP_000289,HKSDVVJONLXYKL-ZFILXNNPSA-N
SP_000289,HUTCYUJPLOTDMX-KEBDBYFISA-N
SP_000289,HXYVTAGFYLMHSO-UHFFFAOYSA-N
SP_000289,HYCLWDHZALFLJV-UHFFFAOYSA-N
SP_000289,IDJXJAJYEFRBPY-UHFFFAOYSA-N
SP_000289,IIACRCGMVDHOTQ-UHFFFAOYSA-N
SP_000289,IMKHDCBNRDRUEB-UHFFFAOYSA-N
SP_000289,IMNZDWZLEPDBAP-UHFFFAOYSA-N
SP_000289,IYMKNYVCXUEFJE-PLNGDYQASA-N
SP_000289,IYSZVOVZPVKXIJ-OFALOCIGSA-N
SP_000289,JBFOLLJCGUCDQP-UHFFFAOYSA-N
SP_000289,JDLKFOPOAOFWQN-UHFFFAOYSA-N
SP_000289,JEKGHHPMLRLCIW-VBVMRKNNSA-N
SP_000289,JGHZJRVDZXSNKQ-UHFFFAOYSA-N
SP_000289,JIRNEODMTPGRGV-UHFFFAOYSA-N
SP_000289,JIWBIWFOSCKQMA-DFARDDQGSA-N
SP_000290,ADHNTNYEJYJUCU-ZSJFXSENSA-N
SP_000290,AMXYRHBJZOVHOL-KPDBFRNYSA-N
SP_000290,APFBWMGEGSELQP-AATRIKPKSA-N
SP_000290,BATOPAZDIZEVQF-IAROGAJJSA-N
SP_000290,BHPQYMZQTOCNFJ-UHFFFAOYSA-N
SP_000290,BHQCQFFYRZLCQQ-KRHHAYMPSA-N
SP_000290,BJBUEDPLEOHJGE-UHFFFAOYSA-N
SP_000290,BNBBFUJNMYQYLA-VQHVLOKHSA-N
SP_000290,CIWBSHSKHKDKBQ-JLAZNSOCSA-N
SP_000290,CKLJMWTZIZZHCS-UWTATZPHSA-N
SP_000290,CUPQSMZELNNSIR-LZRZFMTJSA-N
SP_000290,CZMRCDWAGMRECN-UGDNZRGBSA-N
SP_000290,CZMRCDWAGMRECN-UHFFFAOYSA-N
SP_000290,CZXLHIZQQUJTND-UHFFFAOYSA-N
SP_000290,DHMQDGOQFOQNFH-UHFFFAOYSA-N
SP_000290,DJLTZJGULPLVOA-UHFFFAOYSA-N
SP_000290,DNAYVNOVGHZZLH-UHFFFAOYSA-N
SP_000290,DOTJYWQAPHIAIF-UHFFFAOYSA-N
SP_000290,DPJRMOMPQZCRJU-UHFFFAOYSA-M
SP_000290,DSMWJDJWYGMEBO-UTCJRWHESA-N
SP_000290,DXWGBJJLEDQBKS-UHFFFAOYSA-N
SP_000290,DXYUAIFZCFRPTH-UHFFFAOYSA-N
SP_000290,FCGOBISRCUOUQH-UHFFFAOYSA-N
SP_000290,FRAUJUKWSKMNJY-UHFFFAOYSA-N
SP_000290,GDBJCCBRRCYCEG-UHFFFAOYSA-N
SP_000290,GLKCOBIIZKYKFN-UHFFFAOYSA-N
SP_000290,GUBGYTABKSRVRQ-PICCSMPSSA-N
SP_000290,GUBGYTABKSRVRQ-QKKXKWKRSA-N
SP_000290,GVJHHUAWPYXKBD-IEOSBIPESA-N
SP_000290,GWMMTXPUFREJAY-UHFFFAOYSA-N
SP_000290,HGXBRUKMWQGOIE-UHFFFAOYSA-N
SP_000290,HKSDVVJONLXYKL-ZFILXNNPSA-N
SP_000290,HUTCYUJPLOTDMX-KEBDBYFISA-N
SP_000290,HYCLWDHZALFLJV-UHFFFAOYSA-N
SP_000290,IDJXJAJYEFRBPY-UHFFFAOYSA-N
SP_000290,IETZAWFZIAOWQX-UHFFFAOYSA-N
SP_000290,IIACRCGMVDHOTQ-UHFFFAOYSA-N
SP_000290,IMKHDCBNRDRUEB-UHFFFAOYSA-N
SP_000290,IMNZDWZLEPDBAP-UHFFFAOYSA-N
SP_000290,IYSZVOVZPVKXIJ-OFALOCIGSA-N
SP_000290,JBFOLLJCGUCDQP-UHFFFAOYSA-N
SP_000290,JEKGHHPMLRLCIW-VBVMRKNNSA-N
SP_000290,JGHZJRVDZXSNKQ-UHFFFAOYSA-N
SP_000290,JIWBIWFOSCKQMA-DFARDDQGSA-N
SP_000290,JLQNHALFVCURHW-UHFFFAOYSA-N
SP_000290,JZRWCGZRTZMZEH-UHFFFAOYSA-N
SP_000290,JZVFJDZBLUFKCA-CMDGGOBGSA-N
SP_000290,KBEBGUQPQBELIU-HJWRWDBZSA-N
SP_000290,KDXKERNSBIXSRK-YFKPBYRVSA-N
SP_000290,KEAYESYHFKHZAL-UHFFFAOYSA-N
SP_000291,ADHNTNYEJYJUCU-ZSJFXSENSA-N
SP_000291,APFBWMGEGSELQP-AATRIKPKSA-N
SP_000291,BATOPAZDIZEVQF-IAROGAJJSA-N
SP_000291,BHPQYMZQTOCNFJ-UHFFFAOYSA-N
SP_000291,BJBUEDPLEOHJGE-UHFFFAOYSA-N
SP_000291,CIWBSHSKHKDKBQ-JLAZNSOCSA-N
SP_000291,CZMRCDWAGMRECN-UGDNZRGBSA-N
SP_000291,CZMRCDWAGMRECN-UHFFFAOYSA-N
SP_000291,CZXLHIZQQUJTND-UHFFFAOYSA-N
SP_000291,DHMQDGOQFOQNFH-UHFFFAOYSA-N
SP_000291,DJLTZJGULPLVOA-UHFFFAOYSA-N
SP_000291,DNAYVNOVGHZZLH-UHFFFAOYSA-N
SP_000291,DOTJYWQAPHIAIF-UHFFFAOYSA-N
SP_000291,DPJRMOMPQZCRJU-UHFFFAOYSA-M
SP_000291,FCGOBISRCUOUQH-UHFFFAOYSA-N
SP_000291,GDBJCCBRRCYCEG-UHFFFAOYSA-N
SP_000291,GUBGYTABKSRVRQ-PICCSMPSSA-N
SP_000291,GUBGYTABKSRVRQ-QKKXKWKRSA-N
SP_000291,GVJHHUAWPYXKBD-IEOSBIPESA-N
SP_000291,GWMMTXPUFREJAY-UHFFFAOYSA-N
SP_000291,HKSDVVJONLXYKL-ZFILXNNPSA-N
SP_000291,IDJXJAJYEFRBPY-UHFFFAOYSA-N
SP_000291,IIACRCGMVDHOTQ-UHFFFAOYSA-N
SP_000291,IMKHDCBNRDRUEB-UHFFFAOYSA-N
SP_000291,JBFOLLJCGUCDQP-UHFFFAOYSA-N
SP_000291,JGHZJRVDZXSNKQ-UHFFFAOYSA-N
SP_000291,JIWBIWFOSCKQMA-DFARDDQGSA-N
SP_000291,JLQNHALFVCURHW-UHFFFAOYSA-N
SP_000291,JZRWCGZRTZMZEH-UHFFFAOYSA-N
SP_000291,JZVFJDZBLUFKCA-CMDGGOBGSA-N
SP_000291,KBEBGUQPQBELIU-HJWRWDBZSA-N
SP_000291,KDXKERNSBIXSRK-YFKPBYRVSA-N
SP_000291,KEAYESYHFKHZAL-UHFFFAOYSA-N
SP_000291,KJDZDTDNIULJBE-VAWYXSNFSA-N
SP_000291,KQMVAGISDHMXJJ-UHFFFAOYSA-N
SP_000291,LFQSCWFLJHTTHZ-UHFFFAOYSA-N
SP_000291,LLCYNDRFWDIIQS-WQLSENKSSA-N
SP_000291,LOIYMIARKYCTBW-UPHRSURJSA-N
SP_000291,LQJBNNIYVWPHFW-QXMHVHEDSA-N
SP_000291,LXNHXLLTXMVWPM-UHFFFAOYSA-N
SP_000291,NPYPAHLBTDXSSS-UHFFFAOYSA-N
SP_000291,NSSALFVIQPAIQK-BQYQJAHWSA-N
SP_000291,OBVNUYXMOLOYPW-UHFFFAOYSA-N
SP_000291,ODKSFYDXXFIFQN-BYPYZUCNSA-N
SP_000291,ONIBWKKTOPOVIA-BYPYZUCNSA-N
SP_000291,ONYHYSLZNLJFHX-MDAAKZFYSA-N
SP_000291,OUYCCCASQSFEME-UHFFFAOYSA-N
SP_000291,OVBPIULPVIDEAO-LBPRGKRZSA-N
SP_000291,PCBSXBYCASFXTM-UHFFFAOYSA-N
SP_000291,PGMBAYKBYBXNNR-UHFFFAOYSA-N
SP_000292,ADHNTNYEJYJUCU-ZSJFXSENSA-N
SP_000292,APFBWMGEGSELQP-AATRIKPKSA-N
SP_000292,BATOPAZDIZEVQF-IAROGAJJSA-N
SP_000292,BHPQYMZQTOCNFJ-UHFFFAOYSA-N
SP_000292,BHQCQFFYRZLCQQ-KRHHAYMPSA-N
SP_000292,BJBUEDPLEOHJGE-UHFFFAOYSA-N
SP_000292,BNBBFUJNMYQYLA-VQHVLOKHSA-N
SP_000292,CIWBSHSKHKDKBQ-JLAZNSOCSA-N
SP_000292,CKLJMWTZIZZHCS-UWTATZPHSA-N
SP_000292,CUPQSMZELNNSIR-LZRZFMTJSA-N
SP_000292,CZMRCDWAGMRECN-UGDNZRGBSA-N
SP_000292,CZMRCDWAGMRECN-UHFFFAOYSA-N
SP_000292,CZXLHIZQQUJTND-UHFFFAOYSA-N
SP_000292,DHMQDGOQFOQNFH-UHFFFAOYSA-N
SP_000292,DJLTZJGULPLVOA-UHFFFAOYSA-N
SP_000292,DNAYVNOVGHZZLH-UHFFFAOYSA-N
SP_000292,DOTJYWQAPHIAIF-UHFFFAOYSA-N
SP_000292,DPJRMOMPQZCRJU-UHFFFAOYSA-M
SP_000292,DSMWJDJWYGMEBO-UTCJRWHESA-N
SP_000292,FCGOBISRCUOUQH-UHFFFAOYSA-N
SP_000292,GDBJCCBRRCYCEG-UHFFFAOYSA-N
SP_000292,GUBGYTABKSRVRQ-PICCSMPSSA-N
SP_000292,GUBGYTABKSRVRQ-QKKXKWKRSA-N
SP_000292,GVJHHUAWPYXKBD-IEOSBIPESA-N
SP_000292,GWMMTXPUFREJAY-UHFFFAOYSA-N
SP_000292,HKSDVVJONLXYKL-ZFILXNNPSA-N
SP_000292,HUTCYUJPLOTDMX-KEBDBYFISA-N
SP_000292,IDJXJAJYEFRBPY-UHFFFAOYSA-N
SP_000292,IIACRCGMVDHOTQ-UHFFFAOYSA-N
SP_000292,IMKHDCBNRDRUEB-UHFFFAOYSA-N
SP_000292,IYSZVOVZPVKXIJ-OFALOCIGSA-N
SP_000292,JBFOLLJCGUCDQP-UHFFFAOYSA-N
SP_000292,JEKGHHPMLRLCIW-VBVMRKNNSA-N
SP_000292,JGHZJRVDZXSNKQ-UHFFFAOYSA-N
SP_000292,JIWBIWFOSCKQMA-DFARDDQGSA-N
SP_000292,JLQNHALFVCURHW-UHFFFAOYSA-N
SP_000292,JMSVCTWVEWCHDZ-UHFFFAOYSA-N
SP_000292,JZRWCGZRTZMZEH-UHFFFAOYSA-N
SP_000292,JZVFJDZBLUFKCA-CMDGGOBGSA-N
SP_000292,KBEBGUQPQBELIU-HJWRWDBZSA-N
SP_000292,KCDXJAYRVLXPFO-UHFFFAOYSA-N
SP_000292,KDXKERNSBIXSRK-YFKPBYRVSA-N
SP_000292,KEAYESYHFKHZAL-UHFFFAOYSA-N
SP_000292,KEMQGTRYUADPNZ-UHFFFAOYSA-N
SP_000292,KJDZDTDNIULJBE-VAWYXSNFSA-N
SP_000292,KQMVAGISDHMXJJ-UHFFFAOYSA-N
SP_000292,LBTABPSJONFLPO-UHFFFAOYSA-N
SP_000292,LFQSCWFLJHTTHZ-UHFFFAOYSA-N
SP_000292,LLCYNDRFWDIIQS-WQLSENKSSA-N
SP_000292,LNTHITQWFMADLM-UHFFFAOYSA-N
SP_000293,ADHNTNYEJYJUCU-ZSJFXSENSA-N
SP_000293,APFBWMGEGSELQP-AATRIKPKSA-N
SP_000293,BATOPAZDIZEVQF-IAROGAJJSA-N
SP_000293,BHPQYMZQTOCNFJ-UHFFFAOYSA-N
SP_000293,BHQCQFFYRZLCQQ-KRHHAYMPSA-N
SP_000293,BJBUEDPLEOHJGE-UHFFFAOYSA-N
SP_000293,BNBBFUJNMYQYLA-VQHVLOKHSA-N
SP_000293,CIWBSHSKHKDKBQ-JLAZNSOCSA-N
SP_000293,CKLJMWTZIZZHCS-UWTATZPHSA-N
SP_000293,CUPQSMZELNNSIR-LZRZFMTJSA-N
SP_000293,CZMRCDWAGMRECN-UGDNZRGBSA-N
SP_000293,CZMRCDWAGMRECN-UHFFFAOYSA-N
SP_000293,CZXLHIZQQUJTND-UHFFFAOYSA-N
SP_000293,DHMQDGOQFOQNFH-UHFFFAOYSA-N
SP_000293,DJLTZJGULPLVOA-UHFFFAOYSA-N
SP_000293,DNAYVNOVGHZZLH-UHFFFAOYSA-N
SP_000293,DOTJYWQAPHIAIF-UHFFFAOYSA-N
SP_000293,DPJRMOMPQZCRJU-UHFFFAOYSA-M
SP_000293,DSMWJDJWYGMEBO-UTCJRWHESA-N
SP_000293,FCGOBISRCUOUQH-UHFFFAOYSA-N
SP_000293,GDBJCCBRRCYCEG-UHFFFAOYSA-N
SP_000293,GUBGYTABKSRVRQ-PICCSMPSSA-N
SP_000293,GUBGYTABKSRVRQ-QKKXKWKRSA-N
SP_000293,GVJHHUAWPYXKBD-IEOSBIPESA-N
SP_000293,GWMMTXPUFREJAY-UHFFFAOYSA-N
SP_000293,HKSDVVJONLXYKL-ZFILXNNPSA-N
SP_000293,HUTCYUJPLOTDMX-KEBDBYFISA-N
SP_000293,HYCLWDHZALFLJV-UHFFFAOYSA-N
SP_000293,IDJXJAJYEFRBPY-UHFFFAOYSA-N
SP_000293,IIACRCGMVDHOTQ-UHFFFAOYSA-N
SP_000293,IMKHDCBNRDRUEB-UHFFFAOYSA-N
SP_000293,IMNZDWZLEPDBAP-UHFFFAOYSA-N
SP_000293,IYSZVOVZPVKXIJ-OFALOCIGSA-N
SP_000293,JBFOLLJCGUCDQP-UHFFFAOYSA-N
SP_000293,JEKGHHPMLRLCIW-VBVMRKNNSA-N
SP_000293,JGHZJRVDZXSNKQ-UHFFFAOYSA-N
SP_000293,JIWBIWFOSCKQMA-DFARDDQGSA-N
SP_000293,JLQNHALFVCURHW-UHFFFAOYSA-N
SP_000293,JZRWCGZRTZMZEH-UHFFFAOYSA-N
SP_000293,JZVFJDZBLUFKCA-CMDGGOBGSA-N
SP_000293,KBEBGUQPQBELIU-HJWRWDBZSA-N
SP_000293,KDXKERNSBIXSRK-YFKPBYRVSA-N
SP_000293,KEAYESYHFKHZAL-UHFFFAOYSA-N
SP_000293,KEMQGTRYUADPNZ-UHFFFAOYSA-N
SP_000293,KJDZDTDNIULJBE-VAWYXSNFSA-N
SP_000293,KQMVAGISDHMXJJ-UHFFFAOYSA-N
SP_000293,KWIUHFFTVRNATP-UHFFFAOYSA-N
SP_000293,LBTABPSJONFLPO-UHFFFAOYSA-N
SP_000293,LFQSCWFLJHTTHZ-UHFFFAOYSA-N
SP_000293,LLCYNDRFWDIIQS-WQLSENKSSA-N
SP_000294,ADHNTNYEJYJUCU-ZSJFXSENSA-N
SP_000294,APFBWMGEGSELQP-AATRIKPKSA-N
SP_000294,BATOPAZDIZEVQF-IAROGAJJSA-N
SP_000294,BHPQYMZQTOCNFJ-UHFFFAOYSA-N
SP_000294,BJBUEDPLEOHJGE-UHFFFAOYSA-N
SP_000294,CIWBSHSKHKDKBQ-JLAZNSOCSA-N
SP_000294,CZMRCDWAGMRECN-UGDNZRGBSA-N
SP_000294,CZMRCDWAGMRECN-UHFFFAOYSA-N
SP_000294,CZXLHIZQQUJTND-UHFFFAOYSA-N
SP_000294,DHMQDGOQFOQNFH-UHFFFAOYSA-N
SP_000294,DJLTZJGULPLVOA-UHFFFAOYSA-N
SP_000294,DNAYVNOVGHZZLH-UHFFFAOYSA-N
SP_000294,DOTJYWQAPHIAIF-UHFFFAOYSA-N
SP_000294,DPJRMOMPQZCRJU-UHFFFAOYSA-M
SP_000294,FCGOBISRCUOUQH-UHFFFAOYSA-N
SP_000294,GDBJCCBRRCYCEG-UHFFFAOYSA-N
SP_000294,GUBGYTABKSRVRQ-PICCSMPSSA-N
SP_000294,GUBGYTABKSRVRQ-QKKXKWKRSA-N
SP_000294,GVJHHUAWPYXKBD-IEOSBIPESA-N
SP_000294,GWMMTXPUFREJAY-UHFFFAOYSA-N
SP_000294,HKSDVVJONLXYKL-ZFILXNNPSA-N
SP_000294,HUTCYUJPLOTDMX-KEBDBYFISA-N
SP_000294,IDJXJAJYEFRBPY-UHFFFAOYSA-N
SP_000294,IIACRCGMVDHOTQ-UHFFFAOYSA-N
SP_000294,IMKHDCBNRDRUEB-UHFFFAOYSA-N
SP_000294,JBFOLLJCGUCDQP-UHFFFAOYSA-N
SP_000294,JEKGHHPMLRLCIW-VBVMRKNNSA-N
SP_000294,JGHZJRVDZXSNKQ-UHFFFAOYSA-N
SP_000294,JIWBIWFOSCKQMA-DFARDDQGSA-N
SP_000294,JLQNHALFVCURHW-UHFFFAOYSA-N
SP_000294,JZRWCGZRTZMZEH-UHFFFAOYSA-N
SP_000294,JZVFJDZBLUFKCA-CMDGGOBGSA-N
SP_000294,KBEBGUQPQBELIU-HJWRWDBZSA-N
SP_000294,KDXKERNSBIXSRK-YFKPBYRVSA-N
SP_000294,KEAYESYHFKHZAL-UHFFFAOYSA-N
SP_000294,KJDZDTDNIULJBE-VAWYXSNFSA-N
SP_000294,KQMVAGISDHMXJJ-UHFFFAOYSA-N
SP_000294,LFQSCWFLJHTTHZ-UHFFFAOYSA-N
SP_000294,LLCYNDRFWDIIQS-WQLSENKSSA-N
SP_000294,LOIYMIARKYCTBW-UPHRSURJSA-N
SP_000294,LQJBNNIYVWPHFW-QXMHVHEDSA-N
SP_000294,LXNHXLLTXMVWPM-UHFFFAOYSA-N
SP_000294,NPYPAHLBTDXSSS-UHFFFAOYSA-N
SP_000294,NSSALFVIQPAIQK-BQYQJAHWSA-N
SP_000294,OBVNUYXMOLOYPW-UHFFFAOYSA-N
SP_000294,ODKSFYDXXFIFQN-BYPYZUCNSA-N
SP_000294,OEYIOHPDSNJKLS-UHFFFAOYSA-N
SP_000294,ONIBWKKTOPOVIA-BYPYZUCNSA-N
SP_000294,ONYHYSLZNLJFHX-MDAAKZFYSA-N
SP_000294,OUMMPAFEQHTYIZ-UHFFFAOYSA-N
SP_000295,ADHNTNYEJYJUCU-ZSJFXSENSA-N
SP_000295,APFBWMGEGSELQP-AATRIKPKSA-N
SP_000295,BATOPAZDIZEVQF-IAROGAJJSA-N
SP_000295,BHPQYMZQTOCNFJ-UHFFFAOYSA-N
SP_000295,BJBUEDPLEOHJGE-UHFFFAOYSA-N
SP_000295,CIWBSHSKHKDKBQ-JLAZNSOCSA-N
SP_000295,CZMRCDWAGMRECN-UGDNZRGBSA-N
SP_000295,CZMRCDWAGMRECN-UHFFFAOYSA-N
SP_000295,CZXLHIZQQUJTND-UHFFFAOYSA-N
SP_000295,DHMQDGOQFOQNFH-UHFFFAOYSA-N
SP_000295,DJLTZJGULPLVOA-UHFFFAOYSA-N
SP_000295,DNAYVNOVGHZZLH-UHFFFAOYSA-N
SP_000295,DOTJYWQAPHIAIF-UHFFFAOYSA-N
SP_000295,DPJRMOMPQZCRJU-UHFFFAOYSA-M
SP_000295,DQGMPXYVZZCNDQ-KBPWROHVSA-N
SP_000295,FCGOBISRCUOUQH-UHFFFAOYSA-N
SP_000295,GDBJCCBRRCYCEG-UHFFFAOYSA-N
SP_000295,GUBGYTABKSRVRQ-PICCSMPSSA-N
SP_000295,GUBGYTABKSRVRQ-QKKXKWKRSA-N
SP_000295,GVJHHUAWPYXKBD-IEOSBIPESA-N
SP_000295,GWMMTXPUFREJAY-UHFFFAOYSA-N
SP_000295,HKSDVVJONLXYKL-ZFILXNNPSA-N
SP_000295,HUTCYUJPLOTDMX-KEBDBYFISA-N
SP_000295,HYCLWDHZALFLJV-UHFFFAOYSA-N
SP_000295,IDJXJAJYEFRBPY-UHFFFAOYSA-N
SP_000295,IIACRCGMVDHOTQ-UHFFFAOYSA-N
SP_000295,IKMDFBPHZNJCSN-UHFFFAOYSA-N
SP_000295,IMKHDCBNRDRUEB-UHFFFAOYSA-N
SP_000295,IMNZDWZLEPDBAP-UHFFFAOYSA-N
SP_000295,IYRMWMYZSQPJKC-UHFFFAOYSA-N
SP_000295,IZQSVPBOUDKVDZ-UHFFFAOYSA-N
SP_000295,JBFOLLJCGUCDQP-UHFFFAOYSA-N
SP_000295,JEKGHHPMLRLCIW-VBVMRKNNSA-N
SP_000295,JGHZJRVDZXSNKQ-UHFFFAOYSA-N
SP_000295,JIWBIWFOSCKQMA-DFARDDQGSA-N
SP_000295,JLQNHALFVCURHW-UHFFFAOYSA-N
SP_000295,JZRWCGZRTZMZEH-UHFFFAOYSA-N
SP_000295,JZVFJDZBLUFKCA-CMDGGOBGSA-N
SP_000295,KBEBGUQPQBELIU-HJWRWDBZSA-N
SP_000295,KDXKERNSBIXSRK-YFKPBYRVSA-N
SP_000295,KEAYESYHFKHZAL-UHFFFAOYSA-N
SP_000295,KJDZDTDNIULJBE-VAWYXSNFSA-N
SP_000295,KQMVAGISDHMXJJ-UHFFFAOYSA-N
SP_000295,KWIUHFFTVRNATP-UHFFFAOYSA-N
SP_000295,KZNIFHPLKGYRTM-UHFFFAOYSA-N
SP_000295,LFQSCWFLJHTTHZ-UHFFFAOYSA-N
SP_000295,LLCYNDRFWDIIQS-WQLSENKSSA-N
SP_000295,LOIYMIARKYCTBW-UPHRSURJSA-N
SP_000295,LQJBNNIYVWPHFW-QXMHVHEDSA-N
SP_000295,LXNHXLLTXMVWPM-UHFFFAOYSA-N
SP_000296,ADHNTNYEJYJUCU-ZSJFXSENSA-N
SP_000296,AFOLOMGWVXKIQL-UHFFFAOYSA-O
SP_000296,APFBWMGEGSELQP-AATRIKPKSA-N
SP_000296,BATOPAZDIZEVQF-IAROGAJJSA-N
SP_000296,BDAGIHXWWSANSR-UHFFFAOYSA-N
SP_000296,BHPQYMZQTOCNFJ-UHFFFAOYSA-N
SP_000296,BJBUEDPLEOHJGE-UHFFFAOYSA-N
SP_000296,CIWBSHSKHKDKBQ-JLAZNSOCSA-N
SP_000296,CRZQGDNQQAALAY-UHFFFAOYSA-N
SP_000296,CZMRCDWAGMRECN-UGDNZRGBSA-N
SP_000296,CZMRCDWAGMRECN-UHFFFAOYSA-N
SP_000296,CZXLHIZQQUJTND-UHFFFAOYSA-N
SP_000296,DHMQDGOQFOQNFH-UHFFFAOYSA-N
SP_000296,DJLTZJGULPLVOA-UHFFFAOYSA-N
SP_000296,DNAYVNOVGHZZLH-UHFFFAOYSA-N
SP_000296,DOTJYWQAPHIAIF-UHFFFAOYSA-N
SP_000296,DPJRMOMPQZCRJU-UHFFFAOYSA-M
SP_000296,FCGOBISRCUOUQH-UHFFFAOYSA-N
SP_000296,FEWJPZIEWOKRBE-LWMBPPNESA-N
SP_000296,FJKROLUGYXJWQN-UHFFFAOYSA-N
SP_000296,FRUUTAANUZUTPG-QHHAFSJGSA-N
SP_000296,GDBJCCBRRCYCEG-UHFFFAOYSA-N
SP_000296,GSUGVJOUDSLEBL-UHFFFAOYSA-N
SP_000296,GUBGYTABKSRVRQ-PICCSMPSSA-N
SP_000296,GUBGYTABKSRVRQ-QKKXKWKRSA-N
SP_000296,GVJHHUAWPYXKBD-IEOSBIPESA-N
SP_000296,GWMMTXPUFREJAY-UHFFFAOYSA-N
SP_000296,HKSDVVJONLXYKL-ZFILXNNPSA-N
SP_000296,HUTCYUJPLOTDMX-KEBDBYFISA-N
SP_000296,HYCLWDHZALFLJV-UHFFFAOYSA-N
SP_000296,IDJXJAJYEFRBPY-UHFFFAOYSA-N
SP_000296,IIACRCGMVDHOTQ-UHFFFAOYSA-N
SP_000296,IMKHDCBNRDRUEB-UHFFFAOYSA-N
SP_000296,JBFOLLJCGUCDQP-UHFFFAOYSA-N
SP_000296,JEKGHHPMLRLCIW-VBVMRKNNSA-N
SP_000296,JGHZJRVDZXSNKQ-UHFFFAOYSA-N
SP_000296,JIWBIWFOSCKQMA-DFARDDQGSA-N
SP_000296,JKHRCGUTYDNCLE-UHFFFAOYSA-O
SP_000296,JLQNHALFVCURHW-UHFFFAOYSA-N
SP_000296,JMSVCTWVEWCHDZ-UHFFFAOYSA-N
SP_000296,JZRWCGZRTZMZEH-UHFFFAOYSA-N
SP_000296,JZVFJDZBLUFKCA-CMDGGOBGSA-N
SP_000296,KBEBGUQPQBELIU-HJWRWDBZSA-N
SP_000296,KCDXJAYRVLXPFO-UHFFFAOYSA-N
SP_000296,KCIQZCNOUZCRGH-UHFFFAOYSA-N
SP_000296,KDXKERNSBIXSRK-YFKPBYRVSA-N
SP_000296,KEAYESYHFKHZAL-UHFFFAOYSA-N
SP_000296,KJDZDTDNIULJBE-VAWYXSNFSA-N
SP_000296,KKRGPGRSBFMOKP-FPYGCLRLSA-N
SP_000296,KQMVAGISDHMXJJ-UHFFFAOYSA-N
SP_000297,ADHNTNYEJYJUCU-ZSJFXSENSA-N
SP_000297,APFBWMGEGSELQP-AATRIKPKSA-N
SP_000297,BATOPAZDIZEVQF-IAROGAJJSA-N
SP_000297,BHPQYMZQTOCNFJ-UHFFFAOYSA-N
SP_000297,BJBUEDPLEOHJGE-UHFFFAOYSA-N
SP_000297,CIWBSHSKHKDKBQ-JLAZNSOCSA-N
SP_000297,CZMRCDWAGMRECN-UGDNZRGBSA-N
SP_000297,CZMRCDWAGMRECN-UHFFFAOYSA-N
SP_000297,CZXLHIZQQUJTND-UHFFFAOYSA-N
SP_000297,DHMQDGOQFOQNFH-UHFFFAOYSA-N
SP_000297,DJLTZJGULPLVOA-UHFFFAOYSA-N
SP_000297,DNAYVNOVGHZZLH-UHFFFAOYSA-N
SP_000297,DOTJYWQAPHIAIF-UHFFFAOYSA-N
SP_000297,DPJRMOMPQZCRJU-UHFFFAOYSA-M
SP_000297,FCGOBISRCUOUQH-UHFFFAOYSA-N
SP_000297,GDBJCCBRRCYCEG-UHFFFAOYSA-N
SP_000297,GUBGYTABKSRVRQ-PICCSMPSSA-N
SP_000297,GUBGYTABKSRVRQ-QKKXKWKRSA-N
SP_000297,GVJHHUAWPYXKBD-IEOSBIPESA-N
SP_000297,GWMMTXPUFREJAY-UHFFFAOYSA-N
SP_000297,HKSDVVJONLXYKL-ZFILXNNPSA-N
SP_000297,HUTCYUJPLOTDMX-KEBDBYFISA-N
SP_000297,IDJXJAJYEFRBPY-UHFFFAOYSA-N
SP_000297,IIACRCGMVDHOTQ-UHFFFAOYSA-N
SP_000297,IMKHDCBNRDRUEB-UHFFFAOYSA-N
SP_000297,IMNZDWZLEPDBAP-UHFFFAOYSA-N
SP_000297,JBFOLLJCGUCDQP-UHFFFAOYSA-N
SP_000297,JEKGHHPMLRLCIW-VBVMRKNNSA-N
SP_000297,JGHZJRVDZXSNKQ-UHFFFAOYSA-N
SP_000297,JIWBIWFOSCKQMA-DFARDDQGSA-N
SP_000297,JLQNHALFVCURHW-UHFFFAOYSA-N
SP_000297,JMSVCTWVEWCHDZ-UHFFFAOYSA-N
SP_000297,JZRWCGZRTZMZEH-UHFFFAOYSA-N
SP_000297,JZVFJDZBLUFKCA-CMDGGOBGSA-N
SP_000297,KBEBGUQPQBELIU-HJWRWDBZSA-N
SP_000297,KCDXJAYRVLXPFO-UHFFFAOYSA-N
SP_000297,KDXKERNSBIXSRK-YFKPBYRVSA-N
SP_000297,KEAYESYHFKHZAL-UHFFFAOYSA-N
SP_000297,KJDZDTDNIULJBE-VAWYXSNFSA-N
SP_000297,KQMVAGISDHMXJJ-UHFFFAOYSA-N
SP_000297,LFQSCWFLJHTTHZ-UHFFFAOYSA-N
SP_000297,LLCYNDRFWDIIQS-WQLSENKSSA-N
SP_000297,LNTHITQWFMADLM-UHFFFAOYSA-N
SP_000297,LOIYMIARKYCTBW-UPHRSURJSA-N
SP_000297,LQJBNNIYVWPHFW-QXMHVHEDSA-N
SP_000297,LXNHXLLTXMVWPM-UHFFFAOYSA-N
SP_000297,MHXCIKYXNYCMHY-UHFFFAOYSA-N
SP_000297,MWOOGOJBHIARFG-UHFFFAOYSA-N
SP_000297,NPYPAHLBTDXSSS-UHFFFAOYSA-N
SP_000297,NSSALFVIQPAIQK-BQYQJAHWSA-N
SP_000298,ADHNTNYEJYJUCU-ZSJFXSENSA-N
SP_000298,APFBWMGEGSELQP-AATRIKPKSA-N
SP_000298,BATOPAZDIZEVQF-IAROGAJJSA-N
SP_000298,BHPQYMZQTOCNFJ-UHFFFAOYSA-N
SP_000298,BJBUEDPLEOHJGE-UHFFFAOYSA-N
SP_000298,BJEPYKJPYRNKOW-REOHCLBHSA-N
SP_000298,CIWBSHSKHKDKBQ-JLAZNSOCSA-N
SP_000298,CZMRCDWAGMRECN-UGDNZRGBSA-N
SP_000298,CZMRCDWAGMRECN-UHFFFAOYSA-N
SP_000298,DNAYVNOVGHZZLH-UHFFFAOYSA-N
SP_000298,DOTJYWQAPHIAIF-UHFFFAOYSA-N
SP_000298,DPJRMOMPQZCRJU-UHFFFAOYSA-M
SP_000298,DRTQHJPVMGBUCF-UHFFFAOYSA-N
SP_000298,DZKOKXZNCDGVRY-UHFFFAOYSA-N
SP_000298,FCSSPCOFDUKHPV-UHFFFAOYSA-N
SP_000298,FEWJPZIEWOKRBE-JCYAYHJZSA-N
SP_000298,FJKROLUGYXJWQN-UHFFFAOYSA-N
SP_000298,GDBJCCBRRCYCEG-UHFFFAOYSA-N
SP_000298,GUBGYTABKSRVRQ-PICCSMPSSA-N
SP_000298,GUBGYTABKSRVRQ-QKKXKWKRSA-N
SP_000298,GVJHHUAWPYXKBD-IEOSBIPESA-N
SP_000298,GWMMTXPUFREJAY-UHFFFAOYSA-N
SP_000298,HKSDVVJONLXYKL-ZFILXNNPSA-N
SP_000298,IDJXJAJYEFRBPY-UHFFFAOYSA-N
SP_000298,IIACRCGMVDHOTQ-UHFFFAOYSA-N
SP_000298,IMKHDCBNRDRUEB-UHFFFAOYSA-N
SP_000298,JBFOLLJCGUCDQP-UHFFFAOYSA-N
SP_000298,JGHZJRVDZXSNKQ-UHFFFAOYSA-N
SP_000298,JIWBIWFOSCKQMA-DFARDDQGSA-N
SP_000298,JLQNHALFVCURHW-UHFFFAOYSA-N
SP_000298,JZVFJDZBLUFKCA-CMDGGOBGSA-N
SP_000298,KEAYESYHFKHZAL-UHFFFAOYSA-N
SP_000298,KJDZDTDNIULJBE-VAWYXSNFSA-N
SP_000298,LFQSCWFLJHTTHZ-UHFFFAOYSA-N
SP_000298,LLCYNDRFWDIIQS-WQLSENKSSA-N
SP_000298,LNTHITQWFMADLM-UHFFFAOYSA-N
SP_000298,LOIYMIARKYCTBW-UPHRSURJSA-N
SP_000298,LQJBNNIYVWPHFW-QXMHVHEDSA-N
SP_000298,LXNHXLLTXMVWPM-UHFFFAOYSA-N
SP_000298,MLFHJEHSLIIPHL-UHFFFAOYSA-N
SP_000298,NPYPAHLBTDXSSS-UHFFFAOYSA-N
SP_000298,NSSALFVIQPAIQK-BQYQJAHWSA-N
SP_000298,OBVNUYXMOLOYPW-UHFFFAOYSA-N
SP_000298,ONYHYSLZNLJFHX-MDAAKZFYSA-N
SP_000298,OUYCCCASQSFEME-UHFFFAOYSA-N
SP_000298,OVBPIULPVIDEAO-LBPRGKRZSA-N
SP_000298,PCBSXBYCASFXTM-UHFFFAOYSA-N
SP_000298,PGMBAYKBYBXNNR-UHFFFAOYSA-N
SP_000298,POWISKNFFRUCCW-UHFFFAOYSA-N
SP_000298,PSYUBHDPOIZRST-UHFFFAOYSA-N
SP_000299,ADHNTNYEJYJUCU-ZSJFXSENSA-N
SP_000299,APFBWMGEGSELQP-AATRIKPKSA-N
SP_000299,BATOPAZDIZEVQF-IAROGAJJSA-N
SP_000299,BHPQYMZQTOCNFJ-UHFFFAOYSA-N
SP_000299,BHQCQFFYRZLCQQ-KRHHAYMPSA-N
SP_000299,BJBUEDPLEOHJGE-UHFFFAOYSA-N
SP_000299,BNBBFUJNMYQYLA-VQHVLOKHSA-N
SP_000299,CIWBSHSKHKDKBQ-JLAZNSOCSA-N
SP_000299,CKLJMWTZIZZHCS-UWTATZPHSA-N
SP_000299,CUPQSMZELNNSIR-LZRZFMTJSA-N
SP_000299,CZMRCDWAGMRECN-UGDNZRGBSA-N
SP_000299,CZMRCDWAGMRECN-UHFFFAOYSA-N
SP_000299,CZXLHIZQQUJTND-UHFFFAOYSA-N
SP_000299,DHMQDGOQFOQNFH-UHFFFAOYSA-N
SP_000299,DJLTZJGULPLVOA-UHFFFAOYSA-N
SP_000299,DNAYVNOVGHZZLH-UHFFFAOYSA-N
SP_000299,DOTJYWQAPHIAIF-UHFFFAOYSA-N
SP_000299,DPJRMOMPQZCRJU-UHFFFAOYSA-M
SP_000299,DSMWJDJWYGMEBO-UTCJRWHESA-N
SP_000299,FCGOBISRCUOUQH-UHFFFAOYSA-N
SP_000299,GDBJCCBRRCYCEG-UHFFFAOYSA-N
SP_000299,GUBGYTABKSRVRQ-PICCSMPSSA-N
SP_000299,GUBGYTABKSRVRQ-QKKXKWKRSA-N
SP_000299,GVJHHUAWPYXKBD-IEOSBIPESA-N
SP_000299,GWMMTXPUFREJAY-UHFFFAOYSA-N
SP_000299,HKSDVVJONLXYKL-ZFILXNNPSA-N
SP_000299,IDJXJAJYEFRBPY-UHFFFAOYSA-N
SP_000299,IIACRCGMVDHOTQ-UHFFFAOYSA-N
SP_000299,IMKHDCBNRDRUEB-UHFFFAOYSA-N
SP_000299,IYSZVOVZPVKXIJ-OFALOCIGSA-N
SP_000299,JBFOLLJCGUCDQP-UHFFFAOYSA-N
SP_000299,JGHZJRVDZXSNKQ-UHFFFAOYSA-N
SP_000299,JIWBIWFOSCKQMA-DFARDDQGSA-N
SP_000299,JLQNHALFVCURHW-UHFFFAOYSA-N
SP_000299,JZRWCGZRTZMZEH-UHFFFAOYSA-N
SP_000299,JZVFJDZBLUFKCA-CMDGGOBGSA-N
SP_000299,KBEBGUQPQBELIU-HJWRWDBZSA-N
SP_000299,KEAYESYHFKHZAL-UHFFFAOYSA-N
SP_000299,KEMQGTRYUADPNZ-UHFFFAOYSA-N
SP_000299,KJDZDTDNIULJBE-VAWYXSNFSA-N
SP_000299,LBTABPSJONFLPO-UHFFFAOYSA-N
SP_000299,LFQSCWFLJHTTHZ-UHFFFAOYSA-N
SP_000299,LLCYNDRFWDIIQS-WQLSENKSSA-N
SP_000299,LOIYMIARKYCTBW-UPHRSURJSA-N
SP_000299,LQJBNNIYVWPHFW-QXMHVHEDSA-N
SP_000299,LXNHXLLTXMVWPM-UHFFFAOYSA-N
SP_000299,MQPHVIPKLRXGDJ-RNJXMRFFSA-N
SP_000299,NPYPAHLBTDXSSS-UHFFFAOYSA-N
SP_000299,NSSALFVIQPAIQK-BQYQJAHWSA-N
SP_000299,OBVNUYXMOLOYPW-UHFFFAOYSA-N
SP_000300,ADHNTNYEJYJUCU-ZSJFXSENSA-N
SP_000300,APFBWMGEGSELQP-AATRIKPKSA-N
SP_000300,BAPJBEWLBFYGME-UHFFFAOYSA-N
SP_000300,BATOPAZDIZEVQF-IAROGAJJSA-N
SP_000300,BDAGIHXWWSANSR-UHFFFAOYSA-N
SP_000300,BHPQYMZQTOCNFJ-UHFFFAOYSA-N
SP_000300,BHQCQFFYRZLCQQ-KRHHAYMPSA-N
SP_000300,BJBUEDPLEOHJGE-UHFFFAOYSA-N
SP_000300,BNBBFUJNMYQYLA-VQHVLOKHSA-N
SP_000300,CDICDSOGTRCHMG-ONEGZZNKSA-N
SP_000300,CIWBSHSKHKDKBQ-JLAZNSOCSA-N
SP_000300,CKLJMWTZIZZHCS-UWTATZPHSA-N
SP_000300,CUPQSMZELNNSIR-LZRZFMTJSA-N
SP_000300,CZMRCDWAGMRECN-UGDNZRGBSA-N
SP_000300,CZMRCDWAGMRECN-UHFFFAOYSA-N
SP_000300,CZXLHIZQQUJTND-UHFFFAOYSA-N
SP_000300,DHMQDGOQFOQNFH-UHFFFAOYSA-N
SP_000300,DJLTZJGULPLVOA-UHFFFAOYSA-N
SP_000300,DKZBBWMURDFHNE-NSCUHMNNSA-N
SP_000300,DNAYVNOVGHZZLH-UHFFFAOYSA-N
SP_000300,DOTJYWQAPHIAIF-UHFFFAOYSA-N
SP_000300,DPJRMOMPQZCRJU-UHFFFAOYSA-M
SP_000300,DSMWJDJWYGMEBO-UTCJRWHESA-N
SP_000300,FCGOBISRCUOUQH-UHFFFAOYSA-N
SP_000300,FJKROLUGYXJWQN-UHFFFAOYSA-N
SP_000300,GDBJCCBRRCYCEG-UHFFFAOYSA-N
SP_000300,GUBGYTABKSRVRQ-PICCSMPSSA-N
SP_000300,GUBGYTABKSRVRQ-QKKXKWKRSA-N
SP_000300,GVJHHUAWPYXKBD-IEOSBIPESA-N
SP_000300,GWMMTXPUFREJAY-UHFFFAOYSA-N
SP_000300,HKSDVVJONLXYKL-ZFILXNNPSA-N
SP_000300,IDJXJAJYEFRBPY-UHFFFAOYSA-N
SP_000300,IIACRCGMVDHOTQ-UHFFFAOYSA-N
SP_000300,IKMDFBPHZNJCSN-UHFFFAOYSA-N
SP_000300,ILEDWLMCKZNDJK-UHFFFAOYSA-N
SP_000300,IMKHDCBNRDRUEB-UHFFFAOYSA-N
SP_000300,IYRMWMYZSQPJKC-UHFFFAOYSA-N
SP_000300,IYSZVOVZPVKXIJ-OFALOCIGSA-N
SP_000300,IZQSVPBOUDKVDZ-UHFFFAOYSA-N
SP_000300,JBFOLLJCGUCDQP-UHFFFAOYSA-N
SP_000300,JGHZJRVDZXSNKQ-UHFFFAOYSA-N
SP_000300,JIWBIWFOSCKQMA-DFARDDQGSA-N
SP_000300,JLQNHALFVCURHW-UHFFFAOYSA-N
SP_000300,JMSVCTWVEWCHDZ-UHFFFAOYSA-N
SP_000300,JZRWCGZRTZMZEH-UHFFFAOYSA-N
SP_000300,JZVFJDZBLUFKCA-CMDGGOBGSA-N
SP_000300,KBEBGUQPQBELIU-HJWRWDBZSA-N
SP_000300,KEAYESYHFKHZAL-UHFFFAOYSA-N
SP_000300,KEMQGTRYUADPNZ-UHFFFAOYSA-N
SP_000300,KJDZDTDNIULJBE-VAWYXSNFSA-N
SP_000301,ADHNTNYEJYJUCU-ZSJFXSENSA-N
SP_000301,BATOPAZDIZEVQF-IAROGAJJSA-N
SP_000301,BHPQYMZQTOCNFJ-UHFFFAOYSA-N
SP_000301,CIWBSHSKHKDKBQ-JLAZNSOCSA-N
SP_000301,CZMRCDWAGMRECN-UHFFFAOYSA-N
SP_000301,DOTJYWQAPHIAIF-UHFFFAOYSA-N
SP_000301,DPJRMOMPQZCRJU-UHFFFAOYSA-M
SP_000301,GVJHHUAWPYXKBD-IEOSBIPESA-N
SP_000301,GWMMTXPUFREJAY-UHFFFAOYSA-N
SP_000301,IDJXJAJYEFRBPY-UHFFFAOYSA-N
SP_000301,IIACRCGMVDHOTQ-UHFFFAOYSA-N
SP_000301,JLQNHALFVCURHW-UHFFFAOYSA-N
SP_000301,KEAYESYHFKHZAL-UHFFFAOYSA-N
SP_000301,LFQSCWFLJHTTHZ-UHFFFAOYSA-N
SP_000301,LLCYNDRFWDIIQS-WQLSENKSSA-N
SP_000301,LXNHXLLTXMVWPM-UHFFFAOYSA-N
SP_000301,NPYPAHLBTDXSSS-UHFFFAOYSA-N
SP_000301,NSSALFVIQPAIQK-BQYQJAHWSA-N
SP_000301,OBVNUYXMOLOYPW-UHFFFAOYSA-N
SP_000301,OVBPIULPVIDEAO-LBPRGKRZSA-N
SP_000301,PGMBAYKBYBXNNR-UHFFFAOYSA-N
SP_000301,PVNIIMVLHYAWGP-UHFFFAOYSA-N
SP_000301,PWHULOQIROXLJO-UHFFFAOYSA-N
SP_000301,QYSXJUFSXHHAJI-YRZJJWOYSA-N
SP_000301,VYFYYTLLBUKUHU-UHFFFAOYSA-N
SP_000301,VYGQUTWHTHXGQB-UMNZIDCRSA-N
SP_000301,VYZAMTAEIAYCRO-UHFFFAOYSA-N
SP_000301,WEEGYLXZBRQIMU-UHFFFAOYSA-N
SP_000301,XWVDCVZOOVTJKF-RIYZIHGNSA-N
SP_000301,YHWNASRGLKJRJJ-UHFFFAOYSA-N
SP_000301,ZIKZPLSIAVHITA-UHFFFAOYSA-N
SP_000301,ZVKXPPXCNUMUOR-REWZIMNXSA-N
SP_000302,ADHNTNYEJYJUCU-ZSJFXSENSA-N
SP_000302,BATOPAZDIZEVQF-IAROGAJJSA-N
SP_000302,BHPQYMZQTOCNFJ-UHFFFAOYSA-N
SP_000302,CIWBSHSKHKDKBQ-JLAZNSOCSA-N
SP_000302,CZMRCDWAGMRECN-UGDNZRGBSA-N
SP_000302,CZMRCDWAGMRECN-UHFFFAOYSA-N
SP_000302,DOTJYWQAPHIAIF-UHFFFAOYSA-N
SP_000302,DPJRMOMPQZCRJU-UHFFFAOYSA-M
SP_000302,GDBJCCBRRCYCEG-UHFFFAOYSA-N
SP_000302,GUBGYTABKSRVRQ-PICCSMPSSA-N
SP_000302,GUBGYTABKSRVRQ-QKKXKWKRSA-N
SP_000302,GVJHHUAWPYXKBD-IEOSBIPESA-N
SP_000302,GWMMTXPUFREJAY-UHFFFAOYSA-N
SP_000302,HKSDVVJONLXYKL-ZFILXNNPSA-N
SP_000302,HUTCYUJPLOTDMX-KEBDBYFISA-N
SP_000302,IDJXJAJYEFRBPY-UHFFFAOYSA-N
SP_000302,IIACRCGMVDHOTQ-UHFFFAOYSA-N
SP_000302,IMKHDCBNRDRUEB-UHFFFAOYSA-N
SP_000302,JEKGHHPMLRLCIW-VBVMRKNNSA-N
SP_000302,JGHZJRVDZXSNKQ-UHFFFAOYSA-N
SP_000302,JIWBIWFOSCKQMA-DFARDDQGSA-N
SP_000302,JLQNHALFVCURHW-UHFFFAOYSA-N
SP_000302,JZRWCGZRTZMZEH-UHFFFAOYSA-N
SP_000302,JZVFJDZBLUFKCA-CMDGGOBGSA-N
SP_000302,KEAYESYHFKHZAL-UHFFFAOYSA-N
SP_000302,KJDZDTDNIULJBE-VAWYXSNFSA-N
SP_000302,LFQSCWFLJHTTHZ-UHFFFAOYSA-N
SP_000302,LLCYNDRFWDIIQS-WQLSENKSSA-N
SP_000302,LXNHXLLTXMVWPM-UHFFFAOYSA-N
SP_000302,NPYPAHLBTDXSSS-UHFFFAOYSA-N
SP_000302,NSSALFVIQPAIQK-BQYQJAHWSA-N
SP_000302,OBVNUYXMOLOYPW-UHFFFAOYSA-N
SP_000302,OEYIOHPDSNJKLS-UHFFFAOYSA-N
SP_000302,OUMMPAFEQHTYIZ-UHFFFAOYSA-N
SP_000302,OVBPIULPVIDEAO-LBPRGKRZSA-N
SP_000302,PCBSXBYCASFXTM-UHFFFAOYSA-N
SP_000302,PGMBAYKBYBXNNR-UHFFFAOYSA-N
SP_000302,POWISKNFFRUCCW-UHFFFAOYSA-N
SP_000302,PVNIIMVLHYAWGP-UHFFFAOYSA-N
SP_000302,PWHULOQIROXLJO-UHFFFAOYSA-N
SP_000302,QYSXJUFSXHHAJI-YRZJJWOYSA-N
SP_000302,RUDATBOHQWOJDD-JGFDLHJZSA-N
SP_000302,RYYVLZVUVIJVGH-UHFFFAOYSA-N
SP_000302,SGNBVLSWZMBQTH-UHFFFAOYSA-N
SP_000302,UQDUPQYQJKYHQI-UHFFFAOYSA-N
SP_000302,VYFYYTLLBUKUHU-UHFFFAOYSA-N
SP_000302,VYGQUTWHTHXGQB-UMNZIDCRSA-N
SP_000302,VYZAMTAEIAYCRO-UHFFFAOYSA-N
SP_000302,WEEGYLXZBRQIMU-UHFFFAOYSA-N
SP_000302,WQEPLUUGTLDZJY-UHFFFAOYSA-N
SP_000303,ADHNTNYEJYJUCU-ZSJFXSENSA-N
SP_000303,APFBWMGEGSELQP-AATRIKPKSA-N
SP_000303,BATOPAZDIZEVQF-IAROGAJJSA-N
SP_000303,BHPQYMZQTOCNFJ-UHFFFAOYSA-N
SP_000303,BHQCQFFYRZLCQQ-KRHHAYMPSA-N
SP_000303,BJBUEDPLEOHJGE-UHFFFAOYSA-N
SP_000303,BNBBFUJNMYQYLA-VQHVLOKHSA-N
SP_000303,CIWBSHSKHKDKBQ-JLAZNSOCSA-N
SP_000303,CKLJMWTZIZZHCS-UWTATZPHSA-N
SP_000303,CUPQSMZELNNSIR-LZRZFMTJSA-N
SP_000303,CZMRCDWAGMRECN-UGDNZRGBSA-N
SP_000303,CZMRCDWAGMRECN-UHFFFAOYSA-N
SP_000303,CZXLHIZQQUJTND-UHFFFAOYSA-N
SP_000303,DHMQDGOQFOQNFH-UHFFFAOYSA-N
SP_000303,DJLTZJGULPLVOA-UHFFFAOYSA-N
SP_000303,DNAYVNOVGHZZLH-UHFFFAOYSA-N
SP_000303,DOTJYWQAPHIAIF-UHFFFAOYSA-N
SP_000303,DPJRMOMPQZCRJU-UHFFFAOYSA-M
SP_000303,DSMWJDJWYGMEBO-UTCJRWHESA-N
SP_000303,FCGOBISRCUOUQH-UHFFFAOYSA-N
SP_000303,GDBJCCBRRCYCEG-UHFFFAOYSA-N
SP_000303,GUBGYTABKSRVRQ-PICCSMPSSA-N
SP_000303,GUBGYTABKSRVRQ-QKKXKWKRSA-N
SP_000303,GVJHHUAWPYXKBD-IEOSBIPESA-N
SP_000303,GWMMTXPUFREJAY-UHFFFAOYSA-N
SP_000303,HKSDVVJONLXYKL-ZFILXNNPSA-N
SP_000303,IDJXJAJYEFRBPY-UHFFFAOYSA-N
SP_000303,IIACRCGMVDHOTQ-UHFFFAOYSA-N
SP_000303,IMKHDCBNRDRUEB-UHFFFAOYSA-N
SP_000303,IYSZVOVZPVKXIJ-OFALOCIGSA-N
SP_000303,JBFOLLJCGUCDQP-UHFFFAOYSA-N
SP_000303,JGHZJRVDZXSNKQ-UHFFFAOYSA-N
SP_000303,JIWBIWFOSCKQMA-DFARDDQGSA-N
SP_000303,JLQNHALFVCURHW-UHFFFAOYSA-N
SP_000303,JZRWCGZRTZMZEH-UHFFFAOYSA-N
SP_000303,JZVFJDZBLUFKCA-CMDGGOBGSA-N
SP_000303,KBEBGUQPQBELIU-HJWRWDBZSA-N
SP_000303,KDXKERNSBIXSRK-YFKPBYRVSA-N
SP_000303,KEAYESYHFKHZAL-UHFFFAOYSA-N
SP_000303,KEMQGTRYUADPNZ-UHFFFAOYSA-N
SP_000303,KJDZDTDNIULJBE-VAWYXSNFSA-N
SP_000303,KQMVAGISDHMXJJ-UHFFFAOYSA-N
SP_000303,LBTABPSJONFLPO-UHFFFAOYSA-N
SP_000303,LFQSCWFLJHTTHZ-UHFFFAOYSA-N
SP_000303,LLCYNDRFWDIIQS-WQLSENKSSA-N
SP_000303,LOIYMIARKYCTBW-UPHRSURJSA-N
SP_000303,LQJBNNIYVWPHFW-QXMHVHEDSA-N
SP_000303,LXNHXLLTXMVWPM-UHFFFAOYSA-N
SP_000303,NPYPAHLBTDXSSS-UHFFFAOYSA-N
SP_000303,NSSALFVIQPAIQK-BQYQJAHWSA-N
SP_000304,ADHNTNYEJYJUCU-ZSJFXSENSA-N
SP_000304,APFBWMGEGSELQP-AATRIKPKSA-N
SP_000304,BATOPAZDIZEVQF-IAROGAJJSA-N
SP_000304,BHPQYMZQTOCNFJ-UHFFFAOYSA-N
SP_000304,BHQCQFFYRZLCQQ-KRHHAYMPSA-N
SP_000304,BJBUEDPLEOHJGE-UHFFFAOYSA-N
SP_000304,BNBBFUJNMYQYLA-VQHVLOKHSA-N
SP_000304,CIWBSHSKHKDKBQ-JLAZNSOCSA-N
SP_000304,CKLJMWTZIZZHCS-UWTATZPHSA-N
SP_000304,CUPQSMZELNNSIR-LZRZFMTJSA-N
SP_000304,CZMRCDWAGMRECN-UGDNZRGBSA-N
SP_000304,CZMRCDWAGMRECN-UHFFFAOYSA-N
SP_000304,CZXLHIZQQUJTND-UHFFFAOYSA-N
SP_000304,DHMQDGOQFOQNFH-UHFFFAOYSA-N
SP_000304,DJLTZJGULPLVOA-UHFFFAOYSA-N
SP_000304,DKHGMERMDICWDU-GHDNBGIDSA-N
SP_000304,DNAYVNOVGHZZLH-UHFFFAOYSA-N
SP_000304,DOTJYWQAPHIAIF-UHFFFAOYSA-N
SP_000304,DPJRMOMPQZCRJU-UHFFFAOYSA-M
SP_000304,DQGMPXYVZZCNDQ-KBPWROHVSA-N
SP_000304,DSMWJDJWYGMEBO-UTCJRWHESA-N
SP_000304,DXYUAIFZCFRPTH-UHFFFAOYSA-N
SP_000304,FCGOBISRCUOUQH-UHFFFAOYSA-N
SP_000304,GDBJCCBRRCYCEG-UHFFFAOYSA-N
SP_000304,GLKCOBIIZKYKFN-UHFFFAOYSA-N
SP_000304,GUBGYTABKSRVRQ-PICCSMPSSA-N
SP_000304,GUBGYTABKSRVRQ-QKKXKWKRSA-N
SP_000304,GVJHHUAWPYXKBD-IEOSBIPESA-N
SP_000304,GWMMTXPUFREJAY-UHFFFAOYSA-N
SP_000304,GZIFEOYASATJEH-UHFFFAOYSA-N
SP_000304,HKSDVVJONLXYKL-ZFILXNNPSA-N
SP_000304,HUTCYUJPLOTDMX-KEBDBYFISA-N
SP_000304,HYCLWDHZALFLJV-UHFFFAOYSA-N
SP_000304,IDJXJAJYEFRBPY-UHFFFAOYSA-N
SP_000304,IIACRCGMVDHOTQ-UHFFFAOYSA-N
SP_000304,IMKHDCBNRDRUEB-UHFFFAOYSA-N
SP_000304,IMNZDWZLEPDBAP-UHFFFAOYSA-N
SP_000304,IYSZVOVZPVKXIJ-OFALOCIGSA-N
SP_000304,JBFOLLJCGUCDQP-UHFFFAOYSA-N
SP_000304,JEKGHHPMLRLCIW-VBVMRKNNSA-N
SP_000304,JGHZJRVDZXSNKQ-UHFFFAOYSA-N
SP_000304,JIWBIWFOSCKQMA-DFARDDQGSA-N
SP_000304,JLQNHALFVCURHW-UHFFFAOYSA-N
SP_000304,JZRWCGZRTZMZEH-UHFFFAOYSA-N
SP_000304,JZVFJDZBLUFKCA-CMDGGOBGSA-N
SP_000304,KBEBGUQPQBELIU-HJWRWDBZSA-N
SP_000304,KDXKERNSBIXSRK-YFKPBYRVSA-N
SP_000304,KEAYESYHFKHZAL-UHFFFAOYSA-N
SP_000304,KEMQGTRYUADPNZ-UHFFFAOYSA-N
SP_000304,KJDZDTDNIULJBE-VAWYXSNFSA-N
SP_000305,ADHNTNYEJYJUCU-ZSJFXSENSA-N
SP_000305,APFBWMGEGSELQP-AATRIKPKSA-N
SP_000305,BATOPAZDIZEVQF-IAROGAJJSA-N
SP_000305,BHPQYMZQTOCNFJ-UHFFFAOYSA-N
SP_000305,BHQCQFFYRZLCQQ-KRHHAYMPSA-N
SP_000305,BJBUEDPLEOHJGE-UHFFFAOYSA-N
SP_000305,BNBBFUJNMYQYLA-VQHVLOKHSA-N
SP_000305,CIWBSHSKHKDKBQ-JLAZNSOCSA-N
SP_000305,CKLJMWTZIZZHCS-UWTATZPHSA-N
SP_000305,CUPQSMZELNNSIR-LZRZFMTJSA-N
SP_000305,CZMRCDWAGMRECN-UGDNZRGBSA-N
SP_000305,CZMRCDWAGMRECN-UHFFFAOYSA-N
SP_000305,CZXLHIZQQUJTND-UHFFFAOYSA-N
SP_000305,DHMQDGOQFOQNFH-UHFFFAOYSA-N
SP_000305,DJLTZJGULPLVOA-UHFFFAOYSA-N
SP_000305,DKHGMERMDICWDU-GHDNBGIDSA-N
SP_000305,DNAYVNOVGHZZLH-UHFFFAOYSA-N
SP_000305,DOTJYWQAPHIAIF-UHFFFAOYSA-N
SP_000305,DPJRMOMPQZCRJU-UHFFFAOYSA-M
SP_000305,DQGMPXYVZZCNDQ-KBPWROHVSA-N
SP_000305,DSMWJDJWYGMEBO-UTCJRWHESA-N
SP_000305,DXYUAIFZCFRPTH-UHFFFAOYSA-N
SP_000305,FCGOBISRCUOUQH-UHFFFAOYSA-N
SP_000305,GDBJCCBRRCYCEG-UHFFFAOYSA-N
SP_000305,GLKCOBIIZKYKFN-UHFFFAOYSA-N
SP_000305,GUBGYTABKSRVRQ-PICCSMPSSA-N
SP_000305,GUBGYTABKSRVRQ-QKKXKWKRSA-N
SP_000305,GVJHHUAWPYXKBD-IEOSBIPESA-N
SP_000305,GWMMTXPUFREJAY-UHFFFAOYSA-N
SP_000305,GZIFEOYASATJEH-UHFFFAOYSA-N
SP_000305,HKSDVVJONLXYKL-ZFILXNNPSA-N
SP_000305,HUTCYUJPLOTDMX-KEBDBYFISA-N
SP_000305,HYCLWDHZALFLJV-UHFFFAOYSA-N
SP_000305,IDJXJAJYEFRBPY-UHFFFAOYSA-N
SP_000305,IIACRCGMVDHOTQ-UHFFFAOYSA-N
SP_000305,IMKHDCBNRDRUEB-UHFFFAOYSA-N
SP_000305,IMNZDWZLEPDBAP-UHFFFAOYSA-N
SP_000305,IYSZVOVZPVKXIJ-OFALOCIGSA-N
SP_000305,JBFOLLJCGUCDQP-UHFFFAOYSA-N
SP_000305,JEKGHHPMLRLCIW-VBVMRKNNSA-N
SP_000305,JGHZJRVDZXSNKQ-UHFFFAOYSA-N
SP_000305,JIWBIWFOSCKQMA-DFARDDQGSA-N
SP_000305,JLQNHALFVCURHW-UHFFFAOYSA-N
SP_000305,JZRWCGZRTZMZEH-UHFFFAOYSA-N
SP_000305,JZVFJDZBLUFKCA-CMDGGOBGSA-N
SP_000305,KBEBGUQPQBELIU-HJWRWDBZSA-N
SP_000305,KCIQZCNOUZCRGH-UHFFFAOYSA-N
SP_000305,KDXKERNSBIXSRK-YFKPBYRVSA-N
SP_000305,KEAYESYHFKHZAL-UHFFFAOYSA-N
SP_000305,KEMQGTRYUADPNZ-UHFFFAOYSA-N
SP_000306,ADHNTNYEJYJUCU-ZSJFXSENSA-N
SP_000306,APFBWMGEGSELQP-AATRIKPKSA-N
SP_000306,BATOPAZDIZEVQF-IAROGAJJSA-N
SP_000306,BHPQYMZQTOCNFJ-UHFFFAOYSA-N
SP_000306,BHQCQFFYRZLCQQ-KRHHAYMPSA-N
SP_000306,BJBUEDPLEOHJGE-UHFFFAOYSA-N
SP_000306,BNBBFUJNMYQYLA-VQHVLOKHSA-N
SP_000306,CIWBSHSKHKDKBQ-JLAZNSOCSA-N
SP_000306,CKLJMWTZIZZHCS-UWTATZPHSA-N
SP_000306,CUPQSMZELNNSIR-LZRZFMTJSA-N
SP_000306,CZMRCDWAGMRECN-UGDNZRGBSA-N
SP_000306,CZMRCDWAGMRECN-UHFFFAOYSA-N
SP_000306,CZXLHIZQQUJTND-UHFFFAOYSA-N
SP_000306,DHMQDGOQFOQNFH-UHFFFAOYSA-N
SP_000306,DJLTZJGULPLVOA-UHFFFAOYSA-N
SP_000306,DOTJYWQAPHIAIF-UHFFFAOYSA-N
SP_000306,DPJRMOMPQZCRJU-UHFFFAOYSA-M
SP_000306,DSMWJDJWYGMEBO-UTCJRWHESA-N
SP_000306,FCGOBISRCUOUQH-UHFFFAOYSA-N
SP_000306,GDBJCCBRRCYCEG-UHFFFAOYSA-N
SP_000306,GUBGYTABKSRVRQ-PICCSMPSSA-N
SP_000306,GUBGYTABKSRVRQ-QKKXKWKRSA-N
SP_000306,GVJHHUAWPYXKBD-IEOSBIPESA-N
SP_000306,GWMMTXPUFREJAY-UHFFFAOYSA-N
SP_000306,HKSDVVJONLXYKL-ZFILXNNPSA-N
SP_000306,HUTCYUJPLOTDMX-KEBDBYFISA-N
SP_000306,IDJXJAJYEFRBPY-UHFFFAOYSA-N
SP_000306,IIACRCGMVDHOTQ-UHFFFAOYSA-N
SP_000306,IMKHDCBNRDRUEB-UHFFFAOYSA-N
SP_000306,IMNZDWZLEPDBAP-UHFFFAOYSA-N
SP_000306,IYSZVOVZPVKXIJ-OFALOCIGSA-N
SP_000306,JEKGHHPMLRLCIW-VBVMRKNNSA-N
SP_000306,JGHZJRVDZXSNKQ-UHFFFAOYSA-N
SP_000306,JIWBIWFOSCKQMA-DFARDDQGSA-N
SP_000306,JLQNHALFVCURHW-UHFFFAOYSA-N
SP_000306,JZRWCGZRTZMZEH-UHFFFAOYSA-N
SP_000306,JZVFJDZBLUFKCA-CMDGGOBGSA-N
SP_000306,KBEBGUQPQBELIU-HJWRWDBZSA-N
SP_000306,KEAYESYHFKHZAL-UHFFFAOYSA-N
SP_000306,KEMQGTRYUADPNZ-UHFFFAOYSA-N
SP_000306,KJDZDTDNIULJBE-VAWYXSNFSA-N
SP_000306,LBTABPSJONFLPO-UHFFFAOYSA-N
SP_000306,LFQSCWFLJHTTHZ-UHFFFAOYSA-N
SP_000306,LLCYNDRFWDIIQS-WQLSENKSSA-N
SP_000306,LOIYMIARKYCTBW-UPHRSURJSA-N
SP_000306,LQJBNNIYVWPHFW-QXMHVHEDSA-N
SP_000306,LXNHXLLTXMVWPM-UHFFFAOYSA-N
SP_000306,NPYPAHLBTDXSSS-UHFFFAOYSA-N
SP_000306,NSSALFVIQPAIQK-BQYQJAHWSA-N
SP_000306,OBVNUYXMOLOYPW-UHFFFAOYSA-N
SP_000307,ADHNTNYEJYJUCU-ZSJFXSENSA-N
SP_000307,APFBWMGEGSELQP-AATRIKPKSA-N
SP_000307,BATOPAZDIZEVQF-IAROGAJJSA-N
SP_000307,BHPQYMZQTOCNFJ-UHFFFAOYSA-N
SP_000307,BHQCQFFYRZLCQQ-KRHHAYMPSA-N
SP_000307,BJBUEDPLEOHJGE-UHFFFAOYSA-N
SP_000307,BNBBFUJNMYQYLA-VQHVLOKHSA-N
SP_000307,CIWBSHSKHKDKBQ-JLAZNSOCSA-N
SP_000307,CKLJMWTZIZZHCS-UWTATZPHSA-N
SP_000307,CUPQSMZELNNSIR-LZRZFMTJSA-N
SP_000307,CZMRCDWAGMRECN-UGDNZRGBSA-N
SP_000307,CZMRCDWAGMRECN-UHFFFAOYSA-N
SP_000307,CZXLHIZQQUJTND-UHFFFAOYSA-N
SP_000307,DHMQDGOQFOQNFH-UHFFFAOYSA-N
SP_000307,DJLTZJGULPLVOA-UHFFFAOYSA-N
SP_000307,DNAYVNOVGHZZLH-UHFFFAOYSA-N
SP_000307,DOTJYWQAPHIAIF-UHFFFAOYSA-N
SP_000307,DPJRMOMPQZCRJU-UHFFFAOYSA-M
SP_000307,DSMWJDJWYGMEBO-UTCJRWHESA-N
SP_000307,FCGOBISRCUOUQH-UHFFFAOYSA-N
SP_000307,GDBJCCBRRCYCEG-UHFFFAOYSA-N
SP_000307,GUBGYTABKSRVRQ-PICCSMPSSA-N
SP_000307,GUBGYTABKSRVRQ-QKKXKWKRSA-N
SP_000307,GVJHHUAWPYXKBD-IEOSBIPESA-N
SP_000307,GWMMTXPUFREJAY-UHFFFAOYSA-N
SP_000307,HKSDVVJONLXYKL-ZFILXNNPSA-N
SP_000307,IDJXJAJYEFRBPY-UHFFFAOYSA-N
SP_000307,IIACRCGMVDHOTQ-UHFFFAOYSA-N
SP_000307,IMKHDCBNRDRUEB-UHFFFAOYSA-N
SP_000307,IYSZVOVZPVKXIJ-OFALOCIGSA-N
SP_000307,JBFOLLJCGUCDQP-UHFFFAOYSA-N
SP_000307,JGHZJRVDZXSNKQ-UHFFFAOYSA-N
SP_000307,JIWBIWFOSCKQMA-DFARDDQGSA-N
SP_000307,JLQNHALFVCURHW-UHFFFAOYSA-N
SP_000307,JZRWCGZRTZMZEH-UHFFFAOYSA-N
SP_000307,JZVFJDZBLUFKCA-CMDGGOBGSA-N
SP_000307,KBEBGUQPQBELIU-HJWRWDBZSA-N
SP_000307,KDXKERNSBIXSRK-YFKPBYRVSA-N
SP_000307,KEAYESYHFKHZAL-UHFFFAOYSA-N
SP_000307,KEMQGTRYUADPNZ-UHFFFAOYSA-N
SP_000307,KJDZDTDNIULJBE-VAWYXSNFSA-N
SP_000307,KQMVAGISDHMXJJ-UHFFFAOYSA-N
SP_000307,LBTABPSJONFLPO-UHFFFAOYSA-N
SP_000307,LFQSCWFLJHTTHZ-UHFFFAOYSA-N
SP_000307,LLCYNDRFWDIIQS-WQLSENKSSA-N
SP_000307,LOIYMIARKYCTBW-UPHRSURJSA-N
SP_000307,LQJBNNIYVWPHFW-QXMHVHEDSA-N
SP_000307,LXNHXLLTXMVWPM-UHFFFAOYSA-N
SP_000307,NPYPAHLBTDXSSS-UHFFFAOYSA-N
SP_000307,NSSALFVIQPAIQK-BQYQJAHWSA-N
SP_000308,ADHNTNYEJYJUCU-ZSJFXSENSA-N
SP_000308,APFBWMGEGSELQP-AATRIKPKSA-N
SP_000308,BATOPAZDIZEVQF-IAROGAJJSA-N
SP_000308,BHPQYMZQTOCNFJ-UHFFFAOYSA-N
SP_000308,BHQCQFFYRZLCQQ-KRHHAYMPSA-N
SP_000308,BJBUEDPLEOHJGE-UHFFFAOYSA-N
SP_000308,BNBBFUJNMYQYLA-VQHVLOKHSA-N
SP_000308,CIWBSHSKHKDKBQ-JLAZNSOCSA-N
SP_000308,CKLJMWTZIZZHCS-UWTATZPHSA-N
SP_000308,CUPQSMZELNNSIR-LZRZFMTJSA-N
SP_000308,CZMRCDWAGMRECN-UGDNZRGBSA-N
SP_000308,CZMRCDWAGMRECN-UHFFFAOYSA-N
SP_000308,CZXLHIZQQUJTND-UHFFFAOYSA-N
SP_000308,DHMQDGOQFOQNFH-UHFFFAOYSA-N
SP_000308,DJLTZJGULPLVOA-UHFFFAOYSA-N
SP_000308,DNAYVNOVGHZZLH-UHFFFAOYSA-N
SP_000308,DOTJYWQAPHIAIF-UHFFFAOYSA-N
SP_000308,DPJRMOMPQZCRJU-UHFFFAOYSA-M
SP_000308,DSMWJDJWYGMEBO-UTCJRWHESA-N
SP_000308,FCGOBISRCUOUQH-UHFFFAOYSA-N
SP_000308,GDBJCCBRRCYCEG-UHFFFAOYSA-N
SP_000308,GUBGYTABKSRVRQ-PICCSMPSSA-N
SP_000308,GUBGYTABKSRVRQ-QKKXKWKRSA-N
SP_000308,GVJHHUAWPYXKBD-IEOSBIPESA-N
SP_000308,GWMMTXPUFREJAY-UHFFFAOYSA-N
SP_000308,HKSDVVJONLXYKL-ZFILXNNPSA-N
SP_000308,HUTCYUJPLOTDMX-KEBDBYFISA-N
SP_000308,IDJXJAJYEFRBPY-UHFFFAOYSA-N
SP_000308,IIACRCGMVDHOTQ-UHFFFAOYSA-N
SP_000308,IMKHDCBNRDRUEB-UHFFFAOYSA-N
SP_000308,IMNZDWZLEPDBAP-UHFFFAOYSA-N
SP_000308,IYSZVOVZPVKXIJ-OFALOCIGSA-N
SP_000308,JBFOLLJCGUCDQP-UHFFFAOYSA-N
SP_000308,JEKGHHPMLRLCIW-VBVMRKNNSA-N
SP_000308,JGHZJRVDZXSNKQ-UHFFFAOYSA-N
SP_000308,JIWBIWFOSCKQMA-DFARDDQGSA-N
SP_000308,JLQNHALFVCURHW-UHFFFAOYSA-N
SP_000308,JZRWCGZRTZMZEH-UHFFFAOYSA-N
SP_000308,JZVFJDZBLUFKCA-CMDGGOBGSA-N
SP_000308,KBEBGUQPQBELIU-HJWRWDBZSA-N
SP_000308,KCIQZCNOUZCRGH-UHFFFAOYSA-N
SP_000308,KDXKERNSBIXSRK-YFKPBYRVSA-N
SP_000308,KEAYESYHFKHZAL-UHFFFAOYSA-N
SP_000308,KEMQGTRYUADPNZ-UHFFFAOYSA-N
SP_000308,KJDZDTDNIULJBE-VAWYXSNFSA-N
SP_000308,KQMVAGISDHMXJJ-UHFFFAOYSA-N
SP_000308,LBTABPSJONFLPO-UHFFFAOYSA-N
SP_000308,LFQSCWFLJHTTHZ-UHFFFAOYSA-N
SP_000308,LLCYNDRFWDIIQS-WQLSENKSSA-N
SP_000308,LOIYMIARKYCTBW-UPHRSURJSA-N
SP_000309,ADHNTNYEJYJUCU-ZSJFXSENSA-N
SP_000309,APFBWMGEGSELQP-AATRIKPKSA-N
SP_000309,BATOPAZDIZEVQF-IAROGAJJSA-N
SP_000309,BHPQYMZQTOCNFJ-UHFFFAOYSA-N
SP_000309,BHQCQFFYRZLCQQ-KRHHAYMPSA-N
SP_000309,BJBUEDPLEOHJGE-UHFFFAOYSA-N
SP_000309,BNBBFUJNMYQYLA-VQHVLOKHSA-N
SP_000309,CIWBSHSKHKDKBQ-JLAZNSOCSA-N
SP_000309,CKLJMWTZIZZHCS-UWTATZPHSA-N
SP_000309,CUPQSMZELNNSIR-LZRZFMTJSA-N
SP_000309,CZMRCDWAGMRECN-UGDNZRGBSA-N
SP_000309,CZMRCDWAGMRECN-UHFFFAOYSA-N
SP_000309,CZXLHIZQQUJTND-UHFFFAOYSA-N
SP_000309,DHMQDGOQFOQNFH-UHFFFAOYSA-N
SP_000309,DJLTZJGULPLVOA-UHFFFAOYSA-N
SP_000309,DNAYVNOVGHZZLH-UHFFFAOYSA-N
SP_000309,DOTJYWQAPHIAIF-UHFFFAOYSA-N
SP_000309,DPJRMOMPQZCRJU-UHFFFAOYSA-M
SP_000309,DSCFFEYYQKSRSV-KLJZZCKASA-N
SP_000309,DSMWJDJWYGMEBO-UTCJRWHESA-N
SP_000309,FCGOBISRCUOUQH-UHFFFAOYSA-N
SP_000309,GDBJCCBRRCYCEG-UHFFFAOYSA-N
SP_000309,GUBGYTABKSRVRQ-PICCSMPSSA-N
SP_000309,GUBGYTABKSRVRQ-QKKXKWKRSA-N
SP_000309,GVFKEVFAPIUOAI-MRCUWXFGSA-N
SP_000309,GVJHHUAWPYXKBD-IEOSBIPESA-N
SP_000309,GWMMTXPUFREJAY-UHFFFAOYSA-N
SP_000309,GZIFEOYASATJEH-UHFFFAOYSA-N
SP_000309,HCXVJBMSMIARIN-PHZDYDNGSA-N
SP_000309,HKSDVVJONLXYKL-ZFILXNNPSA-N
SP_000309,HUTCYUJPLOTDMX-KEBDBYFISA-N
SP_000309,IDJXJAJYEFRBPY-UHFFFAOYSA-N
SP_000309,IIACRCGMVDHOTQ-UHFFFAOYSA-N
SP_000309,IMKHDCBNRDRUEB-UHFFFAOYSA-N
SP_000309,IMNZDWZLEPDBAP-UHFFFAOYSA-N
SP_000309,IYSZVOVZPVKXIJ-OFALOCIGSA-N
SP_000309,JBFOLLJCGUCDQP-UHFFFAOYSA-N
SP_000309,JEKGHHPMLRLCIW-VBVMRKNNSA-N
SP_000309,JGHZJRVDZXSNKQ-UHFFFAOYSA-N
SP_000309,JIWBIWFOSCKQMA-DFARDDQGSA-N
SP_000309,JLQNHALFVCURHW-UHFFFAOYSA-N
SP_000309,JZRWCGZRTZMZEH-UHFFFAOYSA-N
SP_000309,JZVFJDZBLUFKCA-CMDGGOBGSA-N
SP_000309,KBEBGUQPQBELIU-HJWRWDBZSA-N
SP_000309,KDXKERNSBIXSRK-YFKPBYRVSA-N
SP_000309,KEAYESYHFKHZAL-UHFFFAOYSA-N
SP_000309,KEMQGTRYUADPNZ-UHFFFAOYSA-N
SP_000309,KJDZDTDNIULJBE-VAWYXSNFSA-N
SP_000309,KQMVAGISDHMXJJ-UHFFFAOYSA-N
SP_000309,KWIUHFFTVRNATP-UHFFFAOYSA-N
SP_000310,ADHNTNYEJYJUCU-ZSJFXSENSA-N
SP_000310,APFBWMGEGSELQP-AATRIKPKSA-N
SP_000310,BATOPAZDIZEVQF-IAROGAJJSA-N
SP_000310,BHPQYMZQTOCNFJ-UHFFFAOYSA-N
SP_000310,BHQCQFFYRZLCQQ-KRHHAYMPSA-N
SP_000310,BJBUEDPLEOHJGE-UHFFFAOYSA-N
SP_000310,BNBBFUJNMYQYLA-VQHVLOKHSA-N
SP_000310,CIWBSHSKHKDKBQ-JLAZNSOCSA-N
SP_000310,CKLJMWTZIZZHCS-UWTATZPHSA-N
SP_000310,CUPQSMZELNNSIR-LZRZFMTJSA-N
SP_000310,CZMRCDWAGMRECN-UGDNZRGBSA-N
SP_000310,CZMRCDWAGMRECN-UHFFFAOYSA-N
SP_000310,CZXLHIZQQUJTND-UHFFFAOYSA-N
SP_000310,DHMQDGOQFOQNFH-UHFFFAOYSA-N
SP_000310,DJLTZJGULPLVOA-UHFFFAOYSA-N
SP_000310,DNAYVNOVGHZZLH-UHFFFAOYSA-N
SP_000310,DOTJYWQAPHIAIF-UHFFFAOYSA-N
SP_000310,DPJRMOMPQZCRJU-UHFFFAOYSA-M
SP_000310,DQGMPXYVZZCNDQ-KBPWROHVSA-N
SP_000310,DSMWJDJWYGMEBO-UTCJRWHESA-N
SP_000310,FCGOBISRCUOUQH-UHFFFAOYSA-N
SP_000310,GDBJCCBRRCYCEG-UHFFFAOYSA-N
SP_000310,GUBGYTABKSRVRQ-PICCSMPSSA-N
SP_000310,GUBGYTABKSRVRQ-QKKXKWKRSA-N
SP_000310,GVJHHUAWPYXKBD-IEOSBIPESA-N
SP_000310,GWMMTXPUFREJAY-UHFFFAOYSA-N
SP_000310,GZIFEOYASATJEH-UHFFFAOYSA-N
SP_000310,HKSDVVJONLXYKL-ZFILXNNPSA-N
SP_000310,HUTCYUJPLOTDMX-KEBDBYFISA-N
SP_000310,HYCLWDHZALFLJV-UHFFFAOYSA-N
SP_000310,IDJXJAJYEFRBPY-UHFFFAOYSA-N
SP_000310,IIACRCGMVDHOTQ-UHFFFAOYSA-N
SP_000310,IMKHDCBNRDRUEB-UHFFFAOYSA-N
SP_000310,IMNZDWZLEPDBAP-UHFFFAOYSA-N
SP_000310,IYSZVOVZPVKXIJ-OFALOCIGSA-N
SP_000310,JBFOLLJCGUCDQP-UHFFFAOYSA-N
SP_000310,JEKGHHPMLRLCIW-VBVMRKNNSA-N
SP_000310,JGHZJRVDZXSNKQ-UHFFFAOYSA-N
SP_000310,JIWBIWFOSCKQMA-DFARDDQGSA-N
SP_000310,JLQNHALFVCURHW-UHFFFAOYSA-N
SP_000310,JZRWCGZRTZMZEH-UHFFFAOYSA-N
SP_000310,JZVFJDZBLUFKCA-CMDGGOBGSA-N
SP_000310,KBEBGUQPQBELIU-HJWRWDBZSA-N
SP_000310,KDXKERNSBIXSRK-YFKPBYRVSA-N
SP_000310,KEAYESYHFKHZAL-UHFFFAOYSA-N
SP_000310,KEMQGTRYUADPNZ-UHFFFAOYSA-N
SP_000310,KJDZDTDNIULJBE-VAWYXSNFSA-N
SP_000310,KQMVAGISDHMXJJ-UHFFFAOYSA-N
SP_000310,KWIUHFFTVRNATP-UHFFFAOYSA-N
SP_000310,LBTABPSJONFLPO-UHFFFAOYSA-N
SP_000311,ADHNTNYEJYJUCU-ZSJFXSENSA-N
SP_000311,APFBWMGEGSELQP-AATRIKPKSA-N
SP_000311,BATOPAZDIZEVQF-IAROGAJJSA-N
SP_000311,BHPQYMZQTOCNFJ-UHFFFAOYSA-N
SP_000311,BHQCQFFYRZLCQQ-KRHHAYMPSA-N
SP_000311,BJBUEDPLEOHJGE-UHFFFAOYSA-N
SP_000311,BNBBFUJNMYQYLA-VQHVLOKHSA-N
SP_000311,CIWBSHSKHKDKBQ-JLAZNSOCSA-N
SP_000311,CKLJMWTZIZZHCS-UWTATZPHSA-N
SP_000311,CUPQSMZELNNSIR-LZRZFMTJSA-N
SP_000311,CZMRCDWAGMRECN-UGDNZRGBSA-N
SP_000311,CZMRCDWAGMRECN-UHFFFAOYSA-N
SP_000311,CZXLHIZQQUJTND-UHFFFAOYSA-N
SP_000311,DHMQDGOQFOQNFH-UHFFFAOYSA-N
SP_000311,DJLTZJGULPLVOA-UHFFFAOYSA-N
SP_000311,DNAYVNOVGHZZLH-UHFFFAOYSA-N
SP_000311,DOTJYWQAPHIAIF-UHFFFAOYSA-N
SP_000311,DPJRMOMPQZCRJU-UHFFFAOYSA-M
SP_000311,DSMWJDJWYGMEBO-UTCJRWHESA-N
SP_000311,FCGOBISRCUOUQH-UHFFFAOYSA-N
SP_000311,GDBJCCBRRCYCEG-UHFFFAOYSA-N
SP_000311,GUBGYTABKSRVRQ-PICCSMPSSA-N
SP_000311,GUBGYTABKSRVRQ-QKKXKWKRSA-N
SP_000311,GVJHHUAWPYXKBD-IEOSBIPESA-N
SP_000311,GWMMTXPUFREJAY-UHFFFAOYSA-N
SP_000311,HKSDVVJONLXYKL-ZFILXNNPSA-N
SP_000311,HUTCYUJPLOTDMX-KEBDBYFISA-N
SP_000311,HYCLWDHZALFLJV-UHFFFAOYSA-N
SP_000311,IDJXJAJYEFRBPY-UHFFFAOYSA-N
SP_000311,IIACRCGMVDHOTQ-UHFFFAOYSA-N
SP_000311,IMKHDCBNRDRUEB-UHFFFAOYSA-N
SP_000311,IMNZDWZLEPDBAP-UHFFFAOYSA-N
SP_000311,IYSZVOVZPVKXIJ-OFALOCIGSA-N
SP_000311,JBFOLLJCGUCDQP-UHFFFAOYSA-N
SP_000311,JEKGHHPMLRLCIW-VBVMRKNNSA-N
SP_000311,JGHZJRVDZXSNKQ-UHFFFAOYSA-N
SP_000311,JIWBIWFOSCKQMA-DFARDDQGSA-N
SP_000311,JLQNHALFVCURHW-UHFFFAOYSA-N
SP_000311,JZRWCGZRTZMZEH-UHFFFAOYSA-N
SP_000311,JZVFJDZBLUFKCA-CMDGGOBGSA-N
SP_000311,KBEBGUQPQBELIU-HJWRWDBZSA-N
SP_000311,KDXKERNSBIXSRK-YFKPBYRVSA-N
SP_000311,KEAYESYHFKHZAL-UHFFFAOYSA-N
SP_000311,KEMQGTRYUADPNZ-UHFFFAOYSA-N
SP_000311,KJDZDTDNIULJBE-VAWYXSNFSA-N
SP_000311,KQMVAGISDHMXJJ-UHFFFAOYSA-N
SP_000311,KWIUHFFTVRNATP-UHFFFAOYSA-N
SP_000311,LBTABPSJONFLPO-UHFFFAOYSA-N
SP_000311,LFQSCWFLJHTTHZ-UHFFFAOYSA-N
SP_000311,LLCYNDRFWDIIQS-WQLSENKSSA-N
SP_000312,ADHNTNYEJYJUCU-ZSJFXSENSA-N
SP_000312,AIONOLUJZLIMTK-AWEZNQCLSA-N
SP_000312,APFBWMGEGSELQP-AATRIKPKSA-N
SP_000312,BATOPAZDIZEVQF-IAROGAJJSA-N
SP_000312,BHPQYMZQTOCNFJ-UHFFFAOYSA-N
SP_000312,BHQCQFFYRZLCQQ-KRHHAYMPSA-N
SP_000312,BJBUEDPLEOHJGE-UHFFFAOYSA-N
SP_000312,BNBBFUJNMYQYLA-VQHVLOKHSA-N
SP_000312,CIWBSHSKHKDKBQ-JLAZNSOCSA-N
SP_000312,CKLJMWTZIZZHCS-UWTATZPHSA-N
SP_000312,CUPQSMZELNNSIR-LZRZFMTJSA-N
SP_000312,CZMRCDWAGMRECN-UGDNZRGBSA-N
SP_000312,CZMRCDWAGMRECN-UHFFFAOYSA-N
SP_000312,CZXLHIZQQUJTND-UHFFFAOYSA-N
SP_000312,DHMQDGOQFOQNFH-UHFFFAOYSA-N
SP_000312,DJLTZJGULPLVOA-UHFFFAOYSA-N
SP_000312,DKHGMERMDICWDU-GHDNBGIDSA-N
SP_000312,DNAYVNOVGHZZLH-UHFFFAOYSA-N
SP_000312,DOTJYWQAPHIAIF-UHFFFAOYSA-N
SP_000312,DPJRMOMPQZCRJU-UHFFFAOYSA-M
SP_000312,DQGMPXYVZZCNDQ-KBPWROHVSA-N
SP_000312,DSMWJDJWYGMEBO-UTCJRWHESA-N
SP_000312,DXYUAIFZCFRPTH-UHFFFAOYSA-N
SP_000312,FCGOBISRCUOUQH-UHFFFAOYSA-N
SP_000312,FTVWIRXFELQLPI-ZDUSSCGKSA-N
SP_000312,GDBJCCBRRCYCEG-UHFFFAOYSA-N
SP_000312,GLKCOBIIZKYKFN-UHFFFAOYSA-N
SP_000312,GUBGYTABKSRVRQ-PICCSMPSSA-N
SP_000312,GUBGYTABKSRVRQ-QKKXKWKRSA-N
SP_000312,GVJHHUAWPYXKBD-IEOSBIPESA-N
SP_000312,GWMMTXPUFREJAY-UHFFFAOYSA-N
SP_000312,GZIFEOYASATJEH-UHFFFAOYSA-N
SP_000312,HKSDVVJONLXYKL-ZFILXNNPSA-N
SP_000312,HUTCYUJPLOTDMX-KEBDBYFISA-N
SP_000312,HYCLWDHZALFLJV-UHFFFAOYSA-N
SP_000312,IDJXJAJYEFRBPY-UHFFFAOYSA-N
SP_000312,IIACRCGMVDHOTQ-UHFFFAOYSA-N
SP_000312,IMKHDCBNRDRUEB-UHFFFAOYSA-N
SP_000312,IMNZDWZLEPDBAP-UHFFFAOYSA-N
SP_000312,IYRMWMYZSQPJKC-UHFFFAOYSA-N
SP_000312,IYSZVOVZPVKXIJ-OFALOCIGSA-N
SP_000312,IZQSVPBOUDKVDZ-UHFFFAOYSA-N
SP_000312,JBFOLLJCGUCDQP-UHFFFAOYSA-N
SP_000312,JEKGHHPMLRLCIW-VBVMRKNNSA-N
SP_000312,JGHZJRVDZXSNKQ-UHFFFAOYSA-N
SP_000312,JIWBIWFOSCKQMA-DFARDDQGSA-N
SP_000312,JLQNHALFVCURHW-UHFFFAOYSA-N
SP_000312,JZRWCGZRTZMZEH-UHFFFAOYSA-N
SP_000312,JZVFJDZBLUFKCA-CMDGGOBGSA-N
SP_000312,KBEBGUQPQBELIU-HJWRWDBZSA-N
SP_000313,ADHNTNYEJYJUCU-ZSJFXSENSA-N
SP_000313,APFBWMGEGSELQP-AATRIKPKSA-N
SP_000313,BATOPAZDIZEVQF-IAROGAJJSA-N
SP_000313,BHPQYMZQTOCNFJ-UHFFFAOYSA-N
SP_000313,BHQCQFFYRZLCQQ-KRHHAYMPSA-N
SP_000313,BJBUEDPLEOHJGE-UHFFFAOYSA-N
SP_000313,BNBBFUJNMYQYLA-VQHVLOKHSA-N
SP_000313,CIWBSHSKHKDKBQ-JLAZNSOCSA-N
SP_000313,CKLJMWTZIZZHCS-UWTATZPHSA-N
SP_000313,CUPQSMZELNNSIR-LZRZFMTJSA-N
SP_000313,CZMRCDWAGMRECN-UGDNZRGBSA-N
SP_000313,CZMRCDWAGMRECN-UHFFFAOYSA-N
SP_000313,CZXLHIZQQUJTND-UHFFFAOYSA-N
SP_000313,DHMQDGOQFOQNFH-UHFFFAOYSA-N
SP_000313,DJLTZJGULPLVOA-UHFFFAOYSA-N
SP_000313,DNAYVNOVGHZZLH-UHFFFAOYSA-N
SP_000313,DOTJYWQAPHIAIF-UHFFFAOYSA-N
SP_000313,DPJRMOMPQZCRJU-UHFFFAOYSA-M
SP_000313,DSMWJDJWYGMEBO-UTCJRWHESA-N
SP_000313,FCGOBISRCUOUQH-UHFFFAOYSA-N
SP_000313,GDBJCCBRRCYCEG-UHFFFAOYSA-N
SP_000313,GUBGYTABKSRVRQ-PICCSMPSSA-N
SP_000313,GUBGYTABKSRVRQ-QKKXKWKRSA-N
SP_000313,GVJHHUAWPYXKBD-IEOSBIPESA-N
SP_000313,GWMMTXPUFREJAY-UHFFFAOYSA-N
SP_000313,HKSDVVJONLXYKL-ZFILXNNPSA-N
SP_000313,IDJXJAJYEFRBPY-UHFFFAOYSA-N
SP_000313,IIACRCGMVDHOTQ-UHFFFAOYSA-N
SP_000313,IMKHDCBNRDRUEB-UHFFFAOYSA-N
SP_000313,IYSZVOVZPVKXIJ-OFALOCIGSA-N
SP_000313,JBFOLLJCGUCDQP-UHFFFAOYSA-N
SP_000313,JGHZJRVDZXSNKQ-UHFFFAOYSA-N
SP_000313,JIWBIWFOSCKQMA-DFARDDQGSA-N
SP_000313,JLQNHALFVCURHW-UHFFFAOYSA-N
SP_000313,JZRWCGZRTZMZEH-UHFFFAOYSA-N
SP_000313,JZVFJDZBLUFKCA-CMDGGOBGSA-N
SP_000313,KBEBGUQPQBELIU-HJWRWDBZSA-N
SP_000313,KEAYESYHFKHZAL-UHFFFAOYSA-N
SP_000313,KEMQGTRYUADPNZ-UHFFFAOYSA-N
SP_000313,KJDZDTDNIULJBE-VAWYXSNFSA-N
SP_000313,LBTABPSJONFLPO-UHFFFAOYSA-N
SP_000313,LFQSCWFLJHTTHZ-UHFFFAOYSA-N
SP_000313,LLCYNDRFWDIIQS-WQLSENKSSA-N
SP_000313,LOIYMIARKYCTBW-UPHRSURJSA-N
SP_000313,LQJBNNIYVWPHFW-QXMHVHEDSA-N
SP_000313,LXNHXLLTXMVWPM-UHFFFAOYSA-N
SP_000313,NPYPAHLBTDXSSS-UHFFFAOYSA-N
SP_000313,NSSALFVIQPAIQK-BQYQJAHWSA-N
SP_000313,OBVNUYXMOLOYPW-UHFFFAOYSA-N
SP_000313,ODKSFYDXXFIFQN-BYPYZUCNSA-N
SP_000314,ADHNTNYEJYJUCU-ZSJFXSENSA-N
SP_000314,AHJCDQGRYVBQQZ-NSCUHMNNSA-N
SP_000314,APFBWMGEGSELQP-AATRIKPKSA-N
SP_000314,BATOPAZDIZEVQF-IAROGAJJSA-N
SP_000314,BHPQYMZQTOCNFJ-UHFFFAOYSA-N
SP_000314,BHQCQFFYRZLCQQ-KRHHAYMPSA-N
SP_000314,BJBUEDPLEOHJGE-UHFFFAOYSA-N
SP_000314,BNBBFUJNMYQYLA-VQHVLOKHSA-N
SP_000314,CIWBSHSKHKDKBQ-JLAZNSOCSA-N
SP_000314,CKLJMWTZIZZHCS-UWTATZPHSA-N
SP_000314,CUPQSMZELNNSIR-LZRZFMTJSA-N
SP_000314,CZMRCDWAGMRECN-UGDNZRGBSA-N
SP_000314,CZMRCDWAGMRECN-UHFFFAOYSA-N
SP_000314,CZXLHIZQQUJTND-UHFFFAOYSA-N
SP_000314,DHMQDGOQFOQNFH-UHFFFAOYSA-N
SP_000314,DJLTZJGULPLVOA-UHFFFAOYSA-N
SP_000314,DNAYVNOVGHZZLH-UHFFFAOYSA-N
SP_000314,DNDNWOWHUWNBCK-LDADJPATSA-N
SP_000314,DOTJYWQAPHIAIF-UHFFFAOYSA-N
SP_000314,DPJRMOMPQZCRJU-UHFFFAOYSA-M
SP_000314,DSMWJDJWYGMEBO-UTCJRWHESA-N
SP_000314,FCGOBISRCUOUQH-UHFFFAOYSA-N
SP_000314,GDBJCCBRRCYCEG-UHFFFAOYSA-N
SP_000314,GUBGYTABKSRVRQ-PICCSMPSSA-N
SP_000314,GUBGYTABKSRVRQ-QKKXKWKRSA-N
SP_000314,GVJHHUAWPYXKBD-IEOSBIPESA-N
SP_000314,GWMMTXPUFREJAY-UHFFFAOYSA-N
SP_000314,HKSDVVJONLXYKL-ZFILXNNPSA-N
SP_000314,HUTCYUJPLOTDMX-KEBDBYFISA-N
SP_000314,IDJXJAJYEFRBPY-UHFFFAOYSA-N
SP_000314,IIACRCGMVDHOTQ-UHFFFAOYSA-N
SP_000314,IMKHDCBNRDRUEB-UHFFFAOYSA-N
SP_000314,IYSZVOVZPVKXIJ-OFALOCIGSA-N
SP_000314,JBFOLLJCGUCDQP-UHFFFAOYSA-N
SP_000314,JEKGHHPMLRLCIW-VBVMRKNNSA-N
SP_000314,JGHZJRVDZXSNKQ-UHFFFAOYSA-N
SP_000314,JIWBIWFOSCKQMA-DFARDDQGSA-N
SP_000314,JLQNHALFVCURHW-UHFFFAOYSA-N
SP_000314,JZRWCGZRTZMZEH-UHFFFAOYSA-N
SP_000314,JZVFJDZBLUFKCA-CMDGGOBGSA-N
SP_000314,KBEBGUQPQBELIU-HJWRWDBZSA-N
SP_000314,KDXKERNSBIXSRK-YFKPBYRVSA-N
SP_000314,KEAYESYHFKHZAL-UHFFFAOYSA-N
SP_000314,KEMQGTRYUADPNZ-UHFFFAOYSA-N
SP_000314,KJDZDTDNIULJBE-VAWYXSNFSA-N
SP_000314,KLIDCXVFHGNTTM-UHFFFAOYSA-N
SP_000314,KQMVAGISDHMXJJ-UHFFFAOYSA-N
SP_000314,LBTABPSJONFLPO-UHFFFAOYSA-N
SP_000314,LFQSCWFLJHTTHZ-UHFFFAOYSA-N
SP_000314,LLCYNDRFWDIIQS-WQLSENKSSA-N
SP_000315,ADHNTNYEJYJUCU-ZSJFXSENSA-N
SP_000315,APFBWMGEGSELQP-AATRIKPKSA-N
SP_000315,BATOPAZDIZEVQF-IAROGAJJSA-N
SP_000315,BHPQYMZQTOCNFJ-UHFFFAOYSA-N
SP_000315,BHQCQFFYRZLCQQ-KRHHAYMPSA-N
SP_000315,BJBUEDPLEOHJGE-UHFFFAOYSA-N
SP_000315,BNBBFUJNMYQYLA-VQHVLOKHSA-N
SP_000315,CIWBSHSKHKDKBQ-JLAZNSOCSA-N
SP_000315,CKLJMWTZIZZHCS-UWTATZPHSA-N
SP_000315,CUPQSMZELNNSIR-LZRZFMTJSA-N
SP_000315,CZMRCDWAGMRECN-UGDNZRGBSA-N
SP_000315,CZMRCDWAGMRECN-UHFFFAOYSA-N
SP_000315,CZXLHIZQQUJTND-UHFFFAOYSA-N
SP_000315,DHMQDGOQFOQNFH-UHFFFAOYSA-N
SP_000315,DJLTZJGULPLVOA-UHFFFAOYSA-N
SP_000315,DNAYVNOVGHZZLH-UHFFFAOYSA-N
SP_000315,DOTJYWQAPHIAIF-UHFFFAOYSA-N
SP_000315,DPJRMOMPQZCRJU-UHFFFAOYSA-M
SP_000315,DSMWJDJWYGMEBO-UTCJRWHESA-N
SP_000315,FCGOBISRCUOUQH-UHFFFAOYSA-N
SP_000315,GDBJCCBRRCYCEG-UHFFFAOYSA-N
SP_000315,GUBGYTABKSRVRQ-PICCSMPSSA-N
SP_000315,GUBGYTABKSRVRQ-QKKXKWKRSA-N
SP_000315,GVJHHUAWPYXKBD-IEOSBIPESA-N
SP_000315,GWMMTXPUFREJAY-UHFFFAOYSA-N
SP_000315,HKSDVVJONLXYKL-ZFILXNNPSA-N
SP_000315,HUTCYUJPLOTDMX-KEBDBYFISA-N
SP_000315,IDJXJAJYEFRBPY-UHFFFAOYSA-N
SP_000315,IIACRCGMVDHOTQ-UHFFFAOYSA-N
SP_000315,IMKHDCBNRDRUEB-UHFFFAOYSA-N
SP_000315,IYSZVOVZPVKXIJ-OFALOCIGSA-N
SP_000315,JBFOLLJCGUCDQP-UHFFFAOYSA-N
SP_000315,JEKGHHPMLRLCIW-VBVMRKNNSA-N
SP_000315,JGHZJRVDZXSNKQ-UHFFFAOYSA-N
SP_000315,JIWBIWFOSCKQMA-DFARDDQGSA-N
SP_000315,JLQNHALFVCURHW-UHFFFAOYSA-N
SP_000315,JZRWCGZRTZMZEH-UHFFFAOYSA-N
SP_000315,JZVFJDZBLUFKCA-CMDGGOBGSA-N
SP_000315,KBEBGUQPQBELIU-HJWRWDBZSA-N
SP_000315,KCIQZCNOUZCRGH-UHFFFAOYSA-N
SP_000315,KDXKERNSBIXSRK-YFKPBYRVSA-N
SP_000315,KEAYESYHFKHZAL-UHFFFAOYSA-N
SP_000315,KEMQGTRYUADPNZ-UHFFFAOYSA-N
SP_000315,KJDZDTDNIULJBE-VAWYXSNFSA-N
SP_000315,KQMVAGISDHMXJJ-UHFFFAOYSA-N
SP_000315,KWIUHFFTVRNATP-UHFFFAOYSA-N
SP_000315,LBTABPSJONFLPO-UHFFFAOYSA-N
SP_000315,LFQSCWFLJHTTHZ-UHFFFAOYSA-N
SP_000315,LLCYNDRFWDIIQS-WQLSENKSSA-N
SP_000315,LOIYMIARKYCTBW-UPHRSURJSA-N
SP_000316,ADHNTNYEJYJUCU-ZSJFXSENSA-N
SP_000316,APFBWMGEGSELQP-AATRIKPKSA-N
SP_000316,BATOPAZDIZEVQF-IAROGAJJSA-N
SP_000316,BHPQYMZQTOCNFJ-UHFFFAOYSA-N
SP_000316,BHQCQFFYRZLCQQ-KRHHAYMPSA-N
SP_000316,BJBUEDPLEOHJGE-UHFFFAOYSA-N
SP_000316,BNBBFUJNMYQYLA-VQHVLOKHSA-N
SP_000316,CIWBSHSKHKDKBQ-JLAZNSOCSA-N
SP_000316,CKLJMWTZIZZHCS-UWTATZPHSA-N
SP_000316,CUPQSMZELNNSIR-LZRZFMTJSA-N
SP_000316,CZMRCDWAGMRECN-UGDNZRGBSA-N
SP_000316,CZMRCDWAGMRECN-UHFFFAOYSA-N
SP_000316,CZXLHIZQQUJTND-UHFFFAOYSA-N
SP_000316,DHMQDGOQFOQNFH-UHFFFAOYSA-N
SP_000316,DJLTZJGULPLVOA-UHFFFAOYSA-N
SP_000316,DNAYVNOVGHZZLH-UHFFFAOYSA-N
SP_000316,DOTJYWQAPHIAIF-UHFFFAOYSA-N
SP_000316,DPJRMOMPQZCRJU-UHFFFAOYSA-M
SP_000316,DSMWJDJWYGMEBO-UTCJRWHESA-N
SP_000316,FCGOBISRCUOUQH-UHFFFAOYSA-N
SP_000316,GDBJCCBRRCYCEG-UHFFFAOYSA-N
SP_000316,GUBGYTABKSRVRQ-PICCSMPSSA-N
SP_000316,GUBGYTABKSRVRQ-QKKXKWKRSA-N
SP_000316,GVJHHUAWPYXKBD-IEOSBIPESA-N
SP_000316,GWMMTXPUFREJAY-UHFFFAOYSA-N
SP_000316,HKSDVVJONLXYKL-ZFILXNNPSA-N
SP_000316,HUTCYUJPLOTDMX-KEBDBYFISA-N
SP_000316,IDJXJAJYEFRBPY-UHFFFAOYSA-N
SP_000316,IIACRCGMVDHOTQ-UHFFFAOYSA-N
SP_000316,IMKHDCBNRDRUEB-UHFFFAOYSA-N
SP_000316,IYSZVOVZPVKXIJ-OFALOCIGSA-N
SP_000316,JBFOLLJCGUCDQP-UHFFFAOYSA-N
SP_000316,JEKGHHPMLRLCIW-VBVMRKNNSA-N
SP_000316,JGHZJRVDZXSNKQ-UHFFFAOYSA-N
SP_000316,JIWBIWFOSCKQMA-DFARDDQGSA-N
SP_000316,JLQNHALFVCURHW-UHFFFAOYSA-N
SP_000316,JZRWCGZRTZMZEH-UHFFFAOYSA-N
SP_000316,JZVFJDZBLUFKCA-CMDGGOBGSA-N
SP_000316,KBEBGUQPQBELIU-HJWRWDBZSA-N
SP_000316,KDXKERNSBIXSRK-YFKPBYRVSA-N
SP_000316,KEAYESYHFKHZAL-UHFFFAOYSA-N
SP_000316,KEMQGTRYUADPNZ-UHFFFAOYSA-N
SP_000316,KJDZDTDNIULJBE-VAWYXSNFSA-N
SP_000316,KQMVAGISDHMXJJ-UHFFFAOYSA-N
SP_000316,LBTABPSJONFLPO-UHFFFAOYSA-N
SP_000316,LFQSCWFLJHTTHZ-UHFFFAOYSA-N
SP_000316,LLCYNDRFWDIIQS-WQLSENKSSA-N
SP_000316,LOIYMIARKYCTBW-UPHRSURJSA-N
SP_000316,LQJBNNIYVWPHFW-QXMHVHEDSA-N
SP_000316,LXNHXLLTXMVWPM-UHFFFAOYSA-N
SP_000317,ADHNTNYEJYJUCU-ZSJFXSENSA-N
SP_000317,APFBWMGEGSELQP-AATRIKPKSA-N
SP_000317,BATOPAZDIZEVQF-IAROGAJJSA-N
SP_000317,BHPQYMZQTOCNFJ-UHFFFAOYSA-N
SP_000317,BHQCQFFYRZLCQQ-KRHHAYMPSA-N
SP_000317,BJBUEDPLEOHJGE-UHFFFAOYSA-N
SP_000317,BNBBFUJNMYQYLA-VQHVLOKHSA-N
SP_000317,CIWBSHSKHKDKBQ-JLAZNSOCSA-N
SP_000317,CKLJMWTZIZZHCS-UWTATZPHSA-N
SP_000317,CUPQSMZELNNSIR-LZRZFMTJSA-N
SP_000317,CZMRCDWAGMRECN-UGDNZRGBSA-N
SP_000317,CZMRCDWAGMRECN-UHFFFAOYSA-N
SP_000317,CZXLHIZQQUJTND-UHFFFAOYSA-N
SP_000317,DHMQDGOQFOQNFH-UHFFFAOYSA-N
SP_000317,DJLTZJGULPLVOA-UHFFFAOYSA-N
SP_000317,DOTJYWQAPHIAIF-UHFFFAOYSA-N
SP_000317,DPJRMOMPQZCRJU-UHFFFAOYSA-M
SP_000317,DSMWJDJWYGMEBO-UTCJRWHESA-N
SP_000317,FCGOBISRCUOUQH-UHFFFAOYSA-N
SP_000317,GDBJCCBRRCYCEG-UHFFFAOYSA-N
SP_000317,GUBGYTABKSRVRQ-PICCSMPSSA-N
SP_000317,GUBGYTABKSRVRQ-QKKXKWKRSA-N
SP_000317,GVJHHUAWPYXKBD-IEOSBIPESA-N
SP_000317,GWMMTXPUFREJAY-UHFFFAOYSA-N
SP_000317,HKSDVVJONLXYKL-ZFILXNNPSA-N
SP_000317,HUTCYUJPLOTDMX-KEBDBYFISA-N
SP_000317,IDJXJAJYEFRBPY-UHFFFAOYSA-N
SP_000317,IIACRCGMVDHOTQ-UHFFFAOYSA-N
SP_000317,IMKHDCBNRDRUEB-UHFFFAOYSA-N
SP_000317,IYSZVOVZPVKXIJ-OFALOCIGSA-N
SP_000317,JEKGHHPMLRLCIW-VBVMRKNNSA-N
SP_000317,JGHZJRVDZXSNKQ-UHFFFAOYSA-N
SP_000317,JIWBIWFOSCKQMA-DFARDDQGSA-N
SP_000317,JLQNHALFVCURHW-UHFFFAOYSA-N
SP_000317,JZRWCGZRTZMZEH-UHFFFAOYSA-N
SP_000317,JZVFJDZBLUFKCA-CMDGGOBGSA-N
SP_000317,KBEBGUQPQBELIU-HJWRWDBZSA-N
SP_000317,KDXKERNSBIXSRK-YFKPBYRVSA-N
SP_000317,KEAYESYHFKHZAL-UHFFFAOYSA-N
SP_000317,KEMQGTRYUADPNZ-UHFFFAOYSA-N
SP_000317,KJDZDTDNIULJBE-VAWYXSNFSA-N
SP_000317,KQMVAGISDHMXJJ-UHFFFAOYSA-N
SP_000317,LBTABPSJONFLPO-UHFFFAOYSA-N
SP_000317,LFQSCWFLJHTTHZ-UHFFFAOYSA-N
SP_000317,LLCYNDRFWDIIQS-WQLSENKSSA-N
SP_000317,LOIYMIARKYCTBW-UPHRSURJSA-N
SP_000317,LQJBNNIYVWPHFW-QXMHVHEDSA-N
SP_000317,LXNHXLLTXMVWPM-UHFFFAOYSA-N
SP_000317,NPYPAHLBTDXSSS-UHFFFAOYSA-N
SP_000317,NSSALFVIQPAIQK-BQYQJAHWSA-N
SP_000318,ADHNTNYEJYJUCU-ZSJFXSENSA-N
SP_000318,APFBWMGEGSELQP-AATRIKPKSA-N
SP_000318,BATOPAZDIZEVQF-IAROGAJJSA-N
SP_000318,BHPQYMZQTOCNFJ-UHFFFAOYSA-N
SP_000318,BHQCQFFYRZLCQQ-KRHHAYMPSA-N
SP_000318,BJBUEDPLEOHJGE-UHFFFAOYSA-N
SP_000318,BNBBFUJNMYQYLA-VQHVLOKHSA-N
SP_000318,CIWBSHSKHKDKBQ-JLAZNSOCSA-N
SP_000318,CKLJMWTZIZZHCS-UWTATZPHSA-N
SP_000318,CUPQSMZELNNSIR-LZRZFMTJSA-N
SP_000318,CZMRCDWAGMRECN-UGDNZRGBSA-N
SP_000318,CZMRCDWAGMRECN-UHFFFAOYSA-N
SP_000318,CZXLHIZQQUJTND-UHFFFAOYSA-N
SP_000318,DHMQDGOQFOQNFH-UHFFFAOYSA-N
SP_000318,DJLTZJGULPLVOA-UHFFFAOYSA-N
SP_000318,DNAYVNOVGHZZLH-UHFFFAOYSA-N
SP_000318,DOTJYWQAPHIAIF-UHFFFAOYSA-N
SP_000318,DPJRMOMPQZCRJU-UHFFFAOYSA-M
SP_000318,DSMWJDJWYGMEBO-UTCJRWHESA-N
SP_000318,FCGOBISRCUOUQH-UHFFFAOYSA-N
SP_000318,GDBJCCBRRCYCEG-UHFFFAOYSA-N
SP_000318,GUBGYTABKSRVRQ-PICCSMPSSA-N
SP_000318,GUBGYTABKSRVRQ-QKKXKWKRSA-N
SP_000318,GVJHHUAWPYXKBD-IEOSBIPESA-N
SP_000318,GWMMTXPUFREJAY-UHFFFAOYSA-N
SP_000318,HKSDVVJONLXYKL-ZFILXNNPSA-N
SP_000318,IDJXJAJYEFRBPY-UHFFFAOYSA-N
SP_000318,IIACRCGMVDHOTQ-UHFFFAOYSA-N
SP_000318,IMKHDCBNRDRUEB-UHFFFAOYSA-N
SP_000318,IYSZVOVZPVKXIJ-OFALOCIGSA-N
SP_000318,JBFOLLJCGUCDQP-UHFFFAOYSA-N
SP_000318,JGHZJRVDZXSNKQ-UHFFFAOYSA-N
SP_000318,JIWBIWFOSCKQMA-DFARDDQGSA-N
SP_000318,JLQNHALFVCURHW-UHFFFAOYSA-N
SP_000318,JZRWCGZRTZMZEH-UHFFFAOYSA-N
SP_000318,JZVFJDZBLUFKCA-CMDGGOBGSA-N
SP_000318,KBEBGUQPQBELIU-HJWRWDBZSA-N
SP_000318,KDXKERNSBIXSRK-YFKPBYRVSA-N
SP_000318,KEAYESYHFKHZAL-UHFFFAOYSA-N
SP_000318,KEMQGTRYUADPNZ-UHFFFAOYSA-N
SP_000318,KJDZDTDNIULJBE-VAWYXSNFSA-N
SP_000318,KQMVAGISDHMXJJ-UHFFFAOYSA-N
SP_000318,LBTABPSJONFLPO-UHFFFAOYSA-N
SP_000318,LFQSCWFLJHTTHZ-UHFFFAOYSA-N
SP_000318,LLCYNDRFWDIIQS-WQLSENKSSA-N
SP_000318,LOIYMIARKYCTBW-UPHRSURJSA-N
SP_000318,LQJBNNIYVWPHFW-QXMHVHEDSA-N
SP_000318,LXNHXLLTXMVWPM-UHFFFAOYSA-N
SP_000318,NPYPAHLBTDXSSS-UHFFFAOYSA-N
SP_000318,NSSALFVIQPAIQK-BQYQJAHWSA-N
SP_000319,ADHNTNYEJYJUCU-ZSJFXSENSA-N
SP_000319,APFBWMGEGSELQP-AATRIKPKSA-N
SP_000319,BATOPAZDIZEVQF-IAROGAJJSA-N
SP_000319,BHPQYMZQTOCNFJ-UHFFFAOYSA-N
SP_000319,BHQCQFFYRZLCQQ-KRHHAYMPSA-N
SP_000319,BJBUEDPLEOHJGE-UHFFFAOYSA-N
SP_000319,BNBBFUJNMYQYLA-VQHVLOKHSA-N
SP_000319,CIWBSHSKHKDKBQ-JLAZNSOCSA-N
SP_000319,CKLJMWTZIZZHCS-UWTATZPHSA-N
SP_000319,CUPQSMZELNNSIR-LZRZFMTJSA-N
SP_000319,CZMRCDWAGMRECN-UGDNZRGBSA-N
SP_000319,CZMRCDWAGMRECN-UHFFFAOYSA-N
SP_000319,CZXLHIZQQUJTND-UHFFFAOYSA-N
SP_000319,DHMQDGOQFOQNFH-UHFFFAOYSA-N
SP_000319,DJLTZJGULPLVOA-UHFFFAOYSA-N
SP_000319,DNAYVNOVGHZZLH-UHFFFAOYSA-N
SP_000319,DOTJYWQAPHIAIF-UHFFFAOYSA-N
SP_000319,DPJRMOMPQZCRJU-UHFFFAOYSA-M
SP_000319,DSMWJDJWYGMEBO-UTCJRWHESA-N
SP_000319,FCGOBISRCUOUQH-UHFFFAOYSA-N
SP_000319,GDBJCCBRRCYCEG-UHFFFAOYSA-N
SP_000319,GUBGYTABKSRVRQ-PICCSMPSSA-N
SP_000319,GUBGYTABKSRVRQ-QKKXKWKRSA-N
SP_000319,GVJHHUAWPYXKBD-IEOSBIPESA-N
SP_000319,GWMMTXPUFREJAY-UHFFFAOYSA-N
SP_000319,HKSDVVJONLXYKL-ZFILXNNPSA-N
SP_000319,HUTCYUJPLOTDMX-KEBDBYFISA-N
SP_000319,IDJXJAJYEFRBPY-UHFFFAOYSA-N
SP_000319,IIACRCGMVDHOTQ-UHFFFAOYSA-N
SP_000319,IMKHDCBNRDRUEB-UHFFFAOYSA-N
SP_000319,IMNZDWZLEPDBAP-UHFFFAOYSA-N
SP_000319,IYSZVOVZPVKXIJ-OFALOCIGSA-N
SP_000319,JBFOLLJCGUCDQP-UHFFFAOYSA-N
SP_000319,JEKGHHPMLRLCIW-VBVMRKNNSA-N
SP_000319,JGHZJRVDZXSNKQ-UHFFFAOYSA-N
SP_000319,JIWBIWFOSCKQMA-DFARDDQGSA-N
SP_000319,JLQNHALFVCURHW-UHFFFAOYSA-N
SP_000319,JZRWCGZRTZMZEH-UHFFFAOYSA-N
SP_000319,JZVFJDZBLUFKCA-CMDGGOBGSA-N
SP_000319,KBEBGUQPQBELIU-HJWRWDBZSA-N
SP_000319,KDXKERNSBIXSRK-YFKPBYRVSA-N
SP_000319,KEAYESYHFKHZAL-UHFFFAOYSA-N
SP_000319,KEMQGTRYUADPNZ-UHFFFAOYSA-N
SP_000319,KJDZDTDNIULJBE-VAWYXSNFSA-N
SP_000319,KQMVAGISDHMXJJ-UHFFFAOYSA-N
SP_000319,LBTABPSJONFLPO-UHFFFAOYSA-N
SP_000319,LFQSCWFLJHTTHZ-UHFFFAOYSA-N
SP_000319,LLCYNDRFWDIIQS-WQLSENKSSA-N
SP_000319,LOIYMIARKYCTBW-UPHRSURJSA-N
SP_000319,LQJBNNIYVWPHFW-QXMHVHEDSA-N
SP_000320,ADHNTNYEJYJUCU-ZSJFXSENSA-N
SP_000320,APFBWMGEGSELQP-AATRIKPKSA-N
SP_000320,BATOPAZDIZEVQF-IAROGAJJSA-N
SP_000320,BHPQYMZQTOCNFJ-UHFFFAOYSA-N
SP_000320,BHQCQFFYRZLCQQ-KRHHAYMPSA-N
SP_000320,BJBUEDPLEOHJGE-UHFFFAOYSA-N
SP_000320,BNBBFUJNMYQYLA-VQHVLOKHSA-N
SP_000320,CIWBSHSKHKDKBQ-JLAZNSOCSA-N
SP_000320,CKLJMWTZIZZHCS-UWTATZPHSA-N
SP_000320,CUPQSMZELNNSIR-LZRZFMTJSA-N
SP_000320,CZMRCDWAGMRECN-UGDNZRGBSA-N
SP_000320,CZMRCDWAGMRECN-UHFFFAOYSA-N
SP_000320,CZXLHIZQQUJTND-UHFFFAOYSA-N
SP_000320,DHMQDGOQFOQNFH-UHFFFAOYSA-N
SP_000320,DJLTZJGULPLVOA-UHFFFAOYSA-N
SP_000320,DKHGMERMDICWDU-GHDNBGIDSA-N
SP_000320,DNAYVNOVGHZZLH-UHFFFAOYSA-N
SP_000320,DOTJYWQAPHIAIF-UHFFFAOYSA-N
SP_000320,DPJRMOMPQZCRJU-UHFFFAOYSA-M
SP_000320,DSCFFEYYQKSRSV-KLJZZCKASA-N
SP_000320,DSMWJDJWYGMEBO-UTCJRWHESA-N
SP_000320,FCGOBISRCUOUQH-UHFFFAOYSA-N
SP_000320,GDBJCCBRRCYCEG-UHFFFAOYSA-N
SP_000320,GUBGYTABKSRVRQ-PICCSMPSSA-N
SP_000320,GUBGYTABKSRVRQ-QKKXKWKRSA-N
SP_000320,GVFKEVFAPIUOAI-MRCUWXFGSA-N
SP_000320,GVJHHUAWPYXKBD-IEOSBIPESA-N
SP_000320,GWMMTXPUFREJAY-UHFFFAOYSA-N
SP_000320,GZIFEOYASATJEH-UHFFFAOYSA-N
SP_000320,HCXVJBMSMIARIN-PHZDYDNGSA-N
SP_000320,HKSDVVJONLXYKL-ZFILXNNPSA-N
SP_000320,HUTCYUJPLOTDMX-KEBDBYFISA-N
SP_000320,HYCLWDHZALFLJV-UHFFFAOYSA-N
SP_000320,IDJXJAJYEFRBPY-UHFFFAOYSA-N
SP_000320,IIACRCGMVDHOTQ-UHFFFAOYSA-N
SP_000320,IMKHDCBNRDRUEB-UHFFFAOYSA-N
SP_000320,IMNZDWZLEPDBAP-UHFFFAOYSA-N
SP_000320,IYSZVOVZPVKXIJ-OFALOCIGSA-N
SP_000320,JBFOLLJCGUCDQP-UHFFFAOYSA-N
SP_000320,JEKGHHPMLRLCIW-VBVMRKNNSA-N
SP_000320,JGHZJRVDZXSNKQ-UHFFFAOYSA-N
SP_000320,JIWBIWFOSCKQMA-DFARDDQGSA-N
SP_000320,JLQNHALFVCURHW-UHFFFAOYSA-N
SP_000320,JZRWCGZRTZMZEH-UHFFFAOYSA-N
SP_000320,JZVFJDZBLUFKCA-CMDGGOBGSA-N
SP_000320,KBEBGUQPQBELIU-HJWRWDBZSA-N
SP_000320,KCIQZCNOUZCRGH-UHFFFAOYSA-N
SP_000320,KDXKERNSBIXSRK-YFKPBYRVSA-N
SP_000320,KEAYESYHFKHZAL-UHFFFAOYSA-N
SP_000320,KEMQGTRYUADPNZ-UHFFFAOYSA-N
SP_000321,ADHNTNYEJYJUCU-ZSJFXSENSA-N
SP_000321,APFBWMGEGSELQP-AATRIKPKSA-N
SP_000321,BATOPAZDIZEVQF-IAROGAJJSA-N
SP_000321,BHPQYMZQTOCNFJ-UHFFFAOYSA-N
SP_000321,BHQCQFFYRZLCQQ-KRHHAYMPSA-N
SP_000321,BJBUEDPLEOHJGE-UHFFFAOYSA-N
SP_000321,BNBBFUJNMYQYLA-VQHVLOKHSA-N
SP_000321,CIWBSHSKHKDKBQ-JLAZNSOCSA-N
SP_000321,CKLJMWTZIZZHCS-UWTATZPHSA-N
SP_000321,CUPQSMZELNNSIR-LZRZFMTJSA-N
SP_000321,CZMRCDWAGMRECN-UHFFFAOYSA-N
SP_000321,CZXLHIZQQUJTND-UHFFFAOYSA-N
SP_000321,DHMQDGOQFOQNFH-UHFFFAOYSA-N
SP_000321,DJLTZJGULPLVOA-UHFFFAOYSA-N
SP_000321,DOTJYWQAPHIAIF-UHFFFAOYSA-N
SP_000321,DPJRMOMPQZCRJU-UHFFFAOYSA-M
SP_000321,DSMWJDJWYGMEBO-UTCJRWHESA-N
SP_000321,FCGOBISRCUOUQH-UHFFFAOYSA-N
SP_000321,GDBJCCBRRCYCEG-UHFFFAOYSA-N
SP_000321,GVJHHUAWPYXKBD-IEOSBIPESA-N
SP_000321,GWMMTXPUFREJAY-UHFFFAOYSA-N
SP_000321,HKSDVVJONLXYKL-ZFILXNNPSA-N
SP_000321,IDJXJAJYEFRBPY-UHFFFAOYSA-N
SP_000321,IIACRCGMVDHOTQ-UHFFFAOYSA-N
SP_000321,IMKHDCBNRDRUEB-UHFFFAOYSA-N
SP_000321,IYSZVOVZPVKXIJ-OFALOCIGSA-N
SP_000321,JGHZJRVDZXSNKQ-UHFFFAOYSA-N
SP_000321,JIWBIWFOSCKQMA-DFARDDQGSA-N
SP_000321,JLQNHALFVCURHW-UHFFFAOYSA-N
SP_000321,JZRWCGZRTZMZEH-UHFFFAOYSA-N
SP_000321,JZVFJDZBLUFKCA-CMDGGOBGSA-N
SP_000321,KBEBGUQPQBELIU-HJWRWDBZSA-N
SP_000321,KEAYESYHFKHZAL-UHFFFAOYSA-N
SP_000321,KEMQGTRYUADPNZ-UHFFFAOYSA-N
SP_000321,KJDZDTDNIULJBE-VAWYXSNFSA-N
SP_000321,LBTABPSJONFLPO-UHFFFAOYSA-N
SP_000321,LFQSCWFLJHTTHZ-UHFFFAOYSA-N
SP_000321,LLCYNDRFWDIIQS-WQLSENKSSA-N
SP_000321,LOIYMIARKYCTBW-UPHRSURJSA-N
SP_000321,LQJBNNIYVWPHFW-QXMHVHEDSA-N
SP_000321,LXNHXLLTXMVWPM-UHFFFAOYSA-N
SP_000321,NPYPAHLBTDXSSS-UHFFFAOYSA-N
SP_000321,NSSALFVIQPAIQK-BQYQJAHWSA-N
SP_000321,OBVNUYXMOLOYPW-UHFFFAOYSA-N
SP_000321,ODKSFYDXXFIFQN-BYPYZUCNSA-N
SP_000321,ONIBWKKTOPOVIA-BYPYZUCNSA-N
SP_000321,OQYZCCKCJQWHIE-UHFFFAOYSA-N
SP_000321,ORLDMMKUTCCBSM-UHFFFAOYSA-N
SP_000321,OTTXIFWBPRRYOG-UHFFFAOYSA-N
SP_000321,OUYCCCASQSFEME-UHFFFAOYSA-N
SP_000322,ADHNTNYEJYJUCU-ZSJFXSENSA-N
SP_000322,APFBWMGEGSELQP-AATRIKPKSA-N
SP_000322,BATOPAZDIZEVQF-IAROGAJJSA-N
SP_000322,BHPQYMZQTOCNFJ-UHFFFAOYSA-N
SP_000322,BHQCQFFYRZLCQQ-KRHHAYMPSA-N
SP_000322,BJBUEDPLEOHJGE-UHFFFAOYSA-N
SP_000322,BNBBFUJNMYQYLA-VQHVLOKHSA-N
SP_000322,CIWBSHSKHKDKBQ-JLAZNSOCSA-N
SP_000322,CKLJMWTZIZZHCS-UWTATZPHSA-N
SP_000322,CUPQSMZELNNSIR-LZRZFMTJSA-N
SP_000322,CZMRCDWAGMRECN-UGDNZRGBSA-N
SP_000322,CZMRCDWAGMRECN-UHFFFAOYSA-N
SP_000322,CZXLHIZQQUJTND-UHFFFAOYSA-N
SP_000322,DHMQDGOQFOQNFH-UHFFFAOYSA-N
SP_000322,DJLTZJGULPLVOA-UHFFFAOYSA-N
SP_000322,DNAYVNOVGHZZLH-UHFFFAOYSA-N
SP_000322,DOTJYWQAPHIAIF-UHFFFAOYSA-N
SP_000322,DPJRMOMPQZCRJU-UHFFFAOYSA-M
SP_000322,DQGMPXYVZZCNDQ-KBPWROHVSA-N
SP_000322,DSMWJDJWYGMEBO-UTCJRWHESA-N
SP_000322,FCGOBISRCUOUQH-UHFFFAOYSA-N
SP_000322,GDBJCCBRRCYCEG-UHFFFAOYSA-N
SP_000322,GUBGYTABKSRVRQ-PICCSMPSSA-N
SP_000322,GUBGYTABKSRVRQ-QKKXKWKRSA-N
SP_000322,GVJHHUAWPYXKBD-IEOSBIPESA-N
SP_000322,GWMMTXPUFREJAY-UHFFFAOYSA-N
SP_000322,HKSDVVJONLXYKL-ZFILXNNPSA-N
SP_000322,HUTCYUJPLOTDMX-KEBDBYFISA-N
SP_000322,HYCLWDHZALFLJV-UHFFFAOYSA-N
SP_000322,IDJXJAJYEFRBPY-UHFFFAOYSA-N
SP_000322,IIACRCGMVDHOTQ-UHFFFAOYSA-N
SP_000322,IMKHDCBNRDRUEB-UHFFFAOYSA-N
SP_000322,IYSZVOVZPVKXIJ-OFALOCIGSA-N
SP_000322,JBFOLLJCGUCDQP-UHFFFAOYSA-N
SP_000322,JEKGHHPMLRLCIW-VBVMRKNNSA-N
SP_000322,JGHZJRVDZXSNKQ-UHFFFAOYSA-N
SP_000322,JIWBIWFOSCKQMA-DFARDDQGSA-N
SP_000322,JLQNHALFVCURHW-UHFFFAOYSA-N
SP_000322,JZRWCGZRTZMZEH-UHFFFAOYSA-N
SP_000322,JZVFJDZBLUFKCA-CMDGGOBGSA-N
SP_000322,KBEBGUQPQBELIU-HJWRWDBZSA-N
SP_000322,KDXKERNSBIXSRK-YFKPBYRVSA-N
SP_000322,KEAYESYHFKHZAL-UHFFFAOYSA-N
SP_000322,KEMQGTRYUADPNZ-UHFFFAOYSA-N
SP_000322,KJDZDTDNIULJBE-VAWYXSNFSA-N
SP_000322,KQMVAGISDHMXJJ-UHFFFAOYSA-N
SP_000322,LBTABPSJONFLPO-UHFFFAOYSA-N
SP_000322,LFQSCWFLJHTTHZ-UHFFFAOYSA-N
SP_000322,LLCYNDRFWDIIQS-WQLSENKSSA-N
SP_000322,LOIYMIARKYCTBW-UPHRSURJSA-N
SP_000323,ADHNTNYEJYJUCU-ZSJFXSENSA-N
SP_000323,APFBWMGEGSELQP-AATRIKPKSA-N
SP_000323,BATOPAZDIZEVQF-IAROGAJJSA-N
SP_000323,BHPQYMZQTOCNFJ-UHFFFAOYSA-N
SP_000323,BHQCQFFYRZLCQQ-KRHHAYMPSA-N
SP_000323,BJBUEDPLEOHJGE-UHFFFAOYSA-N
SP_000323,BNBBFUJNMYQYLA-VQHVLOKHSA-N
SP_000323,CIWBSHSKHKDKBQ-JLAZNSOCSA-N
SP_000323,CKLJMWTZIZZHCS-UWTATZPHSA-N
SP_000323,CUPQSMZELNNSIR-LZRZFMTJSA-N
SP_000323,CZMRCDWAGMRECN-UGDNZRGBSA-N
SP_000323,CZMRCDWAGMRECN-UHFFFAOYSA-N
SP_000323,CZXLHIZQQUJTND-UHFFFAOYSA-N
SP_000323,DHMQDGOQFOQNFH-UHFFFAOYSA-N
SP_000323,DJLTZJGULPLVOA-UHFFFAOYSA-N
SP_000323,DNAYVNOVGHZZLH-UHFFFAOYSA-N
SP_000323,DOTJYWQAPHIAIF-UHFFFAOYSA-N
SP_000323,DPJRMOMPQZCRJU-UHFFFAOYSA-M
SP_000323,DSMWJDJWYGMEBO-UTCJRWHESA-N
SP_000323,FCGOBISRCUOUQH-UHFFFAOYSA-N
SP_000323,GDBJCCBRRCYCEG-UHFFFAOYSA-N
SP_000323,GUBGYTABKSRVRQ-PICCSMPSSA-N
SP_000323,GUBGYTABKSRVRQ-QKKXKWKRSA-N
SP_000323,GVJHHUAWPYXKBD-IEOSBIPESA-N
SP_000323,GWMMTXPUFREJAY-UHFFFAOYSA-N
SP_000323,HKSDVVJONLXYKL-ZFILXNNPSA-N
SP_000323,HUTCYUJPLOTDMX-KEBDBYFISA-N
SP_000323,IDJXJAJYEFRBPY-UHFFFAOYSA-N
SP_000323,IIACRCGMVDHOTQ-UHFFFAOYSA-N
SP_000323,IMKHDCBNRDRUEB-UHFFFAOYSA-N
SP_000323,IYSZVOVZPVKXIJ-OFALOCIGSA-N
SP_000323,JBFOLLJCGUCDQP-UHFFFAOYSA-N
SP_000323,JEKGHHPMLRLCIW-VBVMRKNNSA-N
SP_000323,JGHZJRVDZXSNKQ-UHFFFAOYSA-N
SP_000323,JIWBIWFOSCKQMA-DFARDDQGSA-N
SP_000323,JLQNHALFVCURHW-UHFFFAOYSA-N
SP_000323,JZRWCGZRTZMZEH-UHFFFAOYSA-N
SP_000323,JZVFJDZBLUFKCA-CMDGGOBGSA-N
SP_000323,KBEBGUQPQBELIU-HJWRWDBZSA-N
SP_000323,KCIQZCNOUZCRGH-UHFFFAOYSA-N
SP_000323,KDXKERNSBIXSRK-YFKPBYRVSA-N
SP_000323,KEAYESYHFKHZAL-UHFFFAOYSA-N
SP_000323,KEMQGTRYUADPNZ-UHFFFAOYSA-N
SP_000323,KJDZDTDNIULJBE-VAWYXSNFSA-N
SP_000323,KQMVAGISDHMXJJ-UHFFFAOYSA-N
SP_000323,LBTABPSJONFLPO-UHFFFAOYSA-N
SP_000323,LFQSCWFLJHTTHZ-UHFFFAOYSA-N
SP_000323,LLCYNDRFWDIIQS-WQLSENKSSA-N
SP_000323,LOIYMIARKYCTBW-UPHRSURJSA-N
SP_000323,LQJBNNIYVWPHFW-QXMHVHEDSA-N
SP_000324,ADHNTNYEJYJUCU-ZSJFXSENSA-N
SP_000324,APFBWMGEGSELQP-AATRIKPKSA-N
SP_000324,BATOPAZDIZEVQF-IAROGAJJSA-N
SP_000324,BHPQYMZQTOCNFJ-UHFFFAOYSA-N
SP_000324,BHQCQFFYRZLCQQ-KRHHAYMPSA-N
SP_000324,BJBUEDPLEOHJGE-UHFFFAOYSA-N
SP_000324,BNBBFUJNMYQYLA-VQHVLOKHSA-N
SP_000324,CIWBSHSKHKDKBQ-JLAZNSOCSA-N
SP_000324,CKLJMWTZIZZHCS-UWTATZPHSA-N
SP_000324,CUPQSMZELNNSIR-LZRZFMTJSA-N
SP_000324,CZMRCDWAGMRECN-UGDNZRGBSA-N
SP_000324,CZMRCDWAGMRECN-UHFFFAOYSA-N
SP_000324,CZXLHIZQQUJTND-UHFFFAOYSA-N
SP_000324,DHMQDGOQFOQNFH-UHFFFAOYSA-N
SP_000324,DJLTZJGULPLVOA-UHFFFAOYSA-N
SP_000324,DNAYVNOVGHZZLH-UHFFFAOYSA-N
SP_000324,DOTJYWQAPHIAIF-UHFFFAOYSA-N
SP_000324,DPJRMOMPQZCRJU-UHFFFAOYSA-M
SP_000324,DSMWJDJWYGMEBO-UTCJRWHESA-N
SP_000324,FCGOBISRCUOUQH-UHFFFAOYSA-N
SP_000324,GDBJCCBRRCYCEG-UHFFFAOYSA-N
SP_000324,GUBGYTABKSRVRQ-PICCSMPSSA-N
SP_000324,GUBGYTABKSRVRQ-QKKXKWKRSA-N
SP_000324,GVJHHUAWPYXKBD-IEOSBIPESA-N
SP_000324,GWMMTXPUFREJAY-UHFFFAOYSA-N
SP_000324,HKSDVVJONLXYKL-ZFILXNNPSA-N
SP_000324,IDJXJAJYEFRBPY-UHFFFAOYSA-N
SP_000324,IIACRCGMVDHOTQ-UHFFFAOYSA-N
SP_000324,IMKHDCBNRDRUEB-UHFFFAOYSA-N
SP_000324,IYSZVOVZPVKXIJ-OFALOCIGSA-N
SP_000324,JBFOLLJCGUCDQP-UHFFFAOYSA-N
SP_000324,JGHZJRVDZXSNKQ-UHFFFAOYSA-N
SP_000324,JIWBIWFOSCKQMA-DFARDDQGSA-N
SP_000324,JLQNHALFVCURHW-UHFFFAOYSA-N
SP_000324,JZRWCGZRTZMZEH-UHFFFAOYSA-N
SP_000324,JZVFJDZBLUFKCA-CMDGGOBGSA-N
SP_000324,KBEBGUQPQBELIU-HJWRWDBZSA-N
SP_000324,KDXKERNSBIXSRK-YFKPBYRVSA-N
SP_000324,KEAYESYHFKHZAL-UHFFFAOYSA-N
SP_000324,KEMQGTRYUADPNZ-UHFFFAOYSA-N
SP_000324,KJDZDTDNIULJBE-VAWYXSNFSA-N
SP_000324,KQMVAGISDHMXJJ-UHFFFAOYSA-N
SP_000324,LBTABPSJONFLPO-UHFFFAOYSA-N
SP_000324,LFQSCWFLJHTTHZ-UHFFFAOYSA-N
SP_000324,LLCYNDRFWDIIQS-WQLSENKSSA-N
SP_000324,LOIYMIARKYCTBW-UPHRSURJSA-N
SP_000324,LQJBNNIYVWPHFW-QXMHVHEDSA-N
SP_000324,LXNHXLLTXMVWPM-UHFFFAOYSA-N
SP_000324,NPYPAHLBTDXSSS-UHFFFAOYSA-N
SP_000324,NSSALFVIQPAIQK-BQYQJAHWSA-N
SP_000325,AABKSFWWBUPVNY-NVCPWDGJSA-N
SP_000325,AAFBEFOSCLMOTF-KXBCQOCRSA-N
SP_000325,AAFBEFOSCLMOTF-RRPFJGJLSA-N
SP_000325,AANZTOSGIRNZNM-LNOKNGNPSA-N
SP_000325,AAPGXBRKBIUCMQ-GWHBCOKCSA-N
SP_000325,AAWNBEJOCRYVJE-QNGWXLTQSA-N
SP_000325,AAXMCYUUKFLUMJ-JSFHAIONSA-N
SP_000325,AAXMCYUUKFLUMJ-TWDRBPDCSA-N
SP_000325,AAZOMBJKSJQDHJ-ZBRBWIFHSA-N
SP_000325,ABBYYPGQJRBTGA-NESBLOORSA-N
SP_000325,ABFJWRKPWCFTQP-JKFVOKSPSA-N
SP_000325,ABFJWRKPWCFTQP-XSMLMOGHSA-N
SP_000325,ABRHOUKZOUNSSK-FVEAQGRNSA-N
SP_000325,ABUKPIBHMMLQDI-RCOVLANCSA-N
SP_000325,ACGLCDJEASKGDO-JSYPMYMJSA-N
SP_000325,ACLPCAOOWJUVLL-DZKYTWFZSA-N
SP_000325,ACLQSYLJAZRTAP-XAFBQJBNSA-N
SP_000325,ACTHNCRNFFCCAQ-PLKVWTDNSA-N
SP_000325,ACTHNCRNFFCCAQ-YNQDZHFMSA-N
SP_000325,ADCKHLSRWCXEIY-GGAPOBRUSA-N
SP_000325,ADHKIZQYPQGIRC-ACSKKKSPSA-N
SP_000325,ADHKIZQYPQGIRC-SOZVHHJESA-N
SP_000325,ADHNTNYEJYJUCU-ZSJFXSENSA-N
SP_000325,ADKNUXINKGBJMY-LDLOPFEMSA-N
SP_000325,ADMGMAPZAQUXIR-VRHMUEQPSA-N
SP_000325,ADNSYCXWAHUWTA-SYOMJGEJSA-N
SP_000325,ADYPMBBPSUQKED-VOLCNUBSSA-N
SP_000325,ADZPFIMEBZGRHB-ILJAMNOWSA-N
SP_000325,AEIJGHDRIPTRQY-UBTAJKBJSA-N
SP_000325,AESBAQNLQIQXNK-BMFSGJJHSA-N
SP_000325,AETXDQTWHNBCRO-QLKFWGTOSA-N
SP_000325,AEXNGRVFOMIYOW-ICFOKQHNSA-N
SP_000325,AFFQVAIMWFYJJS-DTHFMEMVSA-N
SP_000325,AFIGVZAQSPJHEE-ZZSOQTNOSA-N
SP_000325,AFMQYZXPYJFAPA-VXVUXWGWSA-N
SP_000325,AFMQYZXPYJFAPA-WOGGMIHASA-N
SP_000325,AFSGMNCJOAPJOR-GODAVPAZSA-N
SP_000325,AFSHUZFNMVJNKX-LLWMBOQKSA-N
SP_000325,AFWVVPIAVLFQOY-HNCVWURRSA-N
SP_000325,AFWVVPIAVLFQOY-QMNOEWNESA-N
SP_000325,AGBLBGGDMGJYFQ-FIACFBACSA-N
SP_000325,AGBLBGGDMGJYFQ-GKJJFOOMSA-N
SP_000325,AGEDXKMYUUORTP-QLKFWGTOSA-N
SP_000325,AGKVNKMBWJSNKY-ZZEZOPTASA-N
SP_000325,AGXFHKUZXQPREM-SWGBUSHLSA-N
SP_000325,AGXFHKUZXQPREM-VBDNUALRSA-N
SP_000325,AGZKWUAHBZQQNY-KYTQBJKTSA-N
SP_000325,AGZKWUAHBZQQNY-OSOYSHGCSA-N
SP_000325,AHAUBJRIXRHFSJ-HUESYALOSA-N
SP_000325,AHEPKIJTHGCAOA-HUESYALOSA-N
SP_000326,ADHNTNYEJYJUCU-ZSJFXSENSA-N
SP_000326,APFBWMGEGSELQP-AATRIKPKSA-N
SP_000326,BATOPAZDIZEVQF-IAROGAJJSA-N
SP_000326,BHPQYMZQTOCNFJ-UHFFFAOYSA-N
SP_000326,BHQCQFFYRZLCQQ-KRHHAYMPSA-N
SP_000326,BJBUEDPLEOHJGE-UHFFFAOYSA-N
SP_000326,BNBBFUJNMYQYLA-VQHVLOKHSA-N
SP_000326,CIWBSHSKHKDKBQ-JLAZNSOCSA-N
SP_000326,CKLJMWTZIZZHCS-UWTATZPHSA-N
SP_000326,CUPQSMZELNNSIR-LZRZFMTJSA-N
SP_000326,CZMRCDWAGMRECN-UGDNZRGBSA-N
SP_000326,CZMRCDWAGMRECN-UHFFFAOYSA-N
SP_000326,CZXLHIZQQUJTND-UHFFFAOYSA-N
SP_000326,DHMQDGOQFOQNFH-UHFFFAOYSA-N
SP_000326,DJLTZJGULPLVOA-UHFFFAOYSA-N
SP_000326,DKHGMERMDICWDU-GHDNBGIDSA-N
SP_000326,DNAYVNOVGHZZLH-UHFFFAOYSA-N
SP_000326,DOTJYWQAPHIAIF-UHFFFAOYSA-N
SP_000326,DPJRMOMPQZCRJU-UHFFFAOYSA-M
SP_000326,DQGMPXYVZZCNDQ-KBPWROHVSA-N
SP_000326,DSCFFEYYQKSRSV-KLJZZCKASA-N
SP_000326,DSMWJDJWYGMEBO-UTCJRWHESA-N
SP_000326,FCGOBISRCUOUQH-UHFFFAOYSA-N
SP_000326,GDBJCCBRRCYCEG-UHFFFAOYSA-N
SP_000326,GUBGYTABKSRVRQ-PICCSMPSSA-N
SP_000326,GUBGYTABKSRVRQ-QKKXKWKRSA-N
SP_000326,GVFKEVFAPIUOAI-MRCUWXFGSA-N
SP_000326,GVJHHUAWPYXKBD-IEOSBIPESA-N
SP_000326,GWMMTXPUFREJAY-UHFFFAOYSA-N
SP_000326,GZIFEOYASATJEH-UHFFFAOYSA-N
SP_000326,HCXVJBMSMIARIN-PHZDYDNGSA-N
SP_000326,HKSDVVJONLXYKL-ZFILXNNPSA-N
SP_000326,HUTCYUJPLOTDMX-KEBDBYFISA-N
SP_000326,HYCLWDHZALFLJV-UHFFFAOYSA-N
SP_000326,IDJXJAJYEFRBPY-UHFFFAOYSA-N
SP_000326,IIACRCGMVDHOTQ-UHFFFAOYSA-N
SP_000326,IMKHDCBNRDRUEB-UHFFFAOYSA-N
SP_000326,IMNZDWZLEPDBAP-UHFFFAOYSA-N
SP_000326,IYSZVOVZPVKXIJ-OFALOCIGSA-N
SP_000326,JBFOLLJCGUCDQP-UHFFFAOYSA-N
SP_000326,JEKGHHPMLRLCIW-VBVMRKNNSA-N
SP_000326,JGHZJRVDZXSNKQ-UHFFFAOYSA-N
SP_000326,JIWBIWFOSCKQMA-DFARDDQGSA-N
SP_000326,JLQNHALFVCURHW-UHFFFAOYSA-N
SP_000326,JZRWCGZRTZMZEH-UHFFFAOYSA-N
SP_000326,JZVFJDZBLUFKCA-CMDGGOBGSA-N
SP_000326,KBEBGUQPQBELIU-HJWRWDBZSA-N
SP_000326,KDXKERNSBIXSRK-YFKPBYRVSA-N
SP_000326,KEAYESYHFKHZAL-UHFFFAOYSA-N
SP_000326,KEMQGTRYUADPNZ-UHFFFAOYSA-N
SP_000327,ADHNTNYEJYJUCU-ZSJFXSENSA-N
SP_000327,APFBWMGEGSELQP-AATRIKPKSA-N
SP_000327,BATOPAZDIZEVQF-IAROGAJJSA-N
SP_000327,BHPQYMZQTOCNFJ-UHFFFAOYSA-N
SP_000327,BHQCQFFYRZLCQQ-KRHHAYMPSA-N
SP_000327,BJBUEDPLEOHJGE-UHFFFAOYSA-N
SP_000327,BNBBFUJNMYQYLA-VQHVLOKHSA-N
SP_000327,CIWBSHSKHKDKBQ-JLAZNSOCSA-N
SP_000327,CKLJMWTZIZZHCS-UWTATZPHSA-N
SP_000327,CUPQSMZELNNSIR-LZRZFMTJSA-N
SP_000327,CZMRCDWAGMRECN-UGDNZRGBSA-N
SP_000327,CZMRCDWAGMRECN-UHFFFAOYSA-N
SP_000327,CZXLHIZQQUJTND-UHFFFAOYSA-N
SP_000327,DHMQDGOQFOQNFH-UHFFFAOYSA-N
SP_000327,DJLTZJGULPLVOA-UHFFFAOYSA-N
SP_000327,DNAYVNOVGHZZLH-UHFFFAOYSA-N
SP_000327,DOTJYWQAPHIAIF-UHFFFAOYSA-N
SP_000327,DPJRMOMPQZCRJU-UHFFFAOYSA-M
SP_000327,DSMWJDJWYGMEBO-UTCJRWHESA-N
SP_000327,FCGOBISRCUOUQH-UHFFFAOYSA-N
SP_000327,GDBJCCBRRCYCEG-UHFFFAOYSA-N
SP_000327,GUBGYTABKSRVRQ-PICCSMPSSA-N
SP_000327,GUBGYTABKSRVRQ-QKKXKWKRSA-N
SP_000327,GVJHHUAWPYXKBD-IEOSBIPESA-N
SP_000327,GWMMTXPUFREJAY-UHFFFAOYSA-N
SP_000327,HKSDVVJONLXYKL-ZFILXNNPSA-N
SP_000327,IDJXJAJYEFRBPY-UHFFFAOYSA-N
SP_000327,IIACRCGMVDHOTQ-UHFFFAOYSA-N
SP_000327,IMKHDCBNRDRUEB-UHFFFAOYSA-N
SP_000327,IYSZVOVZPVKXIJ-OFALOCIGSA-N
SP_000327,JBFOLLJCGUCDQP-UHFFFAOYSA-N
SP_000327,JGHZJRVDZXSNKQ-UHFFFAOYSA-N
SP_000327,JIWBIWFOSCKQMA-DFARDDQGSA-N
SP_000327,JLQNHALFVCURHW-UHFFFAOYSA-N
SP_000327,JZRWCGZRTZMZEH-UHFFFAOYSA-N
SP_000327,JZVFJDZBLUFKCA-CMDGGOBGSA-N
SP_000327,KBEBGUQPQBELIU-HJWRWDBZSA-N
SP_000327,KEAYESYHFKHZAL-UHFFFAOYSA-N
SP_000327,KEMQGTRYUADPNZ-UHFFFAOYSA-N
SP_000327,KJDZDTDNIULJBE-VAWYXSNFSA-N
SP_000327,LBTABPSJONFLPO-UHFFFAOYSA-N
SP_000327,LFQSCWFLJHTTHZ-UHFFFAOYSA-N
SP_000327,LLCYNDRFWDIIQS-WQLSENKSSA-N
SP_000327,LOIYMIARKYCTBW-UPHRSURJSA-N
SP_000327,LQJBNNIYVWPHFW-QXMHVHEDSA-N
SP_000327,LXNHXLLTXMVWPM-UHFFFAOYSA-N
SP_000327,NPYPAHLBTDXSSS-UHFFFAOYSA-N
SP_000327,NSSALFVIQPAIQK-BQYQJAHWSA-N
SP_000327,OBVNUYXMOLOYPW-UHFFFAOYSA-N
SP_000327,ODKSFYDXXFIFQN-BYPYZUCNSA-N
SP_000328,ADHNTNYEJYJUCU-ZSJFXSENSA-N
SP_000328,APFBWMGEGSELQP-AATRIKPKSA-N
SP_000328,BATOPAZDIZEVQF-IAROGAJJSA-N
SP_000328,BHPQYMZQTOCNFJ-UHFFFAOYSA-N
SP_000328,BHQCQFFYRZLCQQ-KRHHAYMPSA-N
SP_000328,BJBUEDPLEOHJGE-UHFFFAOYSA-N
SP_000328,BNBBFUJNMYQYLA-VQHVLOKHSA-N
SP_000328,CIWBSHSKHKDKBQ-JLAZNSOCSA-N
SP_000328,CKLJMWTZIZZHCS-UWTATZPHSA-N
SP_000328,CUPQSMZELNNSIR-LZRZFMTJSA-N
SP_000328,CZMRCDWAGMRECN-UGDNZRGBSA-N
SP_000328,CZMRCDWAGMRECN-UHFFFAOYSA-N
SP_000328,CZXLHIZQQUJTND-UHFFFAOYSA-N
SP_000328,DHMQDGOQFOQNFH-UHFFFAOYSA-N
SP_000328,DJLTZJGULPLVOA-UHFFFAOYSA-N
SP_000328,DNAYVNOVGHZZLH-UHFFFAOYSA-N
SP_000328,DOTJYWQAPHIAIF-UHFFFAOYSA-N
SP_000328,DPJRMOMPQZCRJU-UHFFFAOYSA-M
SP_000328,DSMWJDJWYGMEBO-UTCJRWHESA-N
SP_000328,FCGOBISRCUOUQH-UHFFFAOYSA-N
SP_000328,GDBJCCBRRCYCEG-UHFFFAOYSA-N
SP_000328,GUBGYTABKSRVRQ-PICCSMPSSA-N
SP_000328,GUBGYTABKSRVRQ-QKKXKWKRSA-N
SP_000328,GVJHHUAWPYXKBD-IEOSBIPESA-N
SP_000328,GWMMTXPUFREJAY-UHFFFAOYSA-N
SP_000328,GZIFEOYASATJEH-UHFFFAOYSA-N
SP_000328,HKSDVVJONLXYKL-ZFILXNNPSA-N
SP_000328,HUTCYUJPLOTDMX-KEBDBYFISA-N
SP_000328,IDJXJAJYEFRBPY-UHFFFAOYSA-N
SP_000328,IIACRCGMVDHOTQ-UHFFFAOYSA-N
SP_000328,IMKHDCBNRDRUEB-UHFFFAOYSA-N
SP_000328,IYSZVOVZPVKXIJ-OFALOCIGSA-N
SP_000328,JBFOLLJCGUCDQP-UHFFFAOYSA-N
SP_000328,JEKGHHPMLRLCIW-VBVMRKNNSA-N
SP_000328,JGHZJRVDZXSNKQ-UHFFFAOYSA-N
SP_000328,JIWBIWFOSCKQMA-DFARDDQGSA-N
SP_000328,JLQNHALFVCURHW-UHFFFAOYSA-N
SP_000328,JZRWCGZRTZMZEH-UHFFFAOYSA-N
SP_000328,JZVFJDZBLUFKCA-CMDGGOBGSA-N
SP_000328,KBEBGUQPQBELIU-HJWRWDBZSA-N
SP_000328,KCIQZCNOUZCRGH-UHFFFAOYSA-N
SP_000328,KDXKERNSBIXSRK-YFKPBYRVSA-N
SP_000328,KEAYESYHFKHZAL-UHFFFAOYSA-N
SP_000328,KEMQGTRYUADPNZ-UHFFFAOYSA-N
SP_000328,KJDZDTDNIULJBE-VAWYXSNFSA-N
SP_000328,KQMVAGISDHMXJJ-UHFFFAOYSA-N
SP_000328,LBTABPSJONFLPO-UHFFFAOYSA-N
SP_000328,LFQSCWFLJHTTHZ-UHFFFAOYSA-N
SP_000328,LLCYNDRFWDIIQS-WQLSENKSSA-N
SP_000328,LOIYMIARKYCTBW-UPHRSURJSA-N
SP_000329,ADHNTNYEJYJUCU-ZSJFXSENSA-N
SP_000329,APFBWMGEGSELQP-AATRIKPKSA-N
SP_000329,BATOPAZDIZEVQF-IAROGAJJSA-N
SP_000329,BHPQYMZQTOCNFJ-UHFFFAOYSA-N
SP_000329,BHQCQFFYRZLCQQ-KRHHAYMPSA-N
SP_000329,BJBUEDPLEOHJGE-UHFFFAOYSA-N
SP_000329,BNBBFUJNMYQYLA-VQHVLOKHSA-N
SP_000329,CIWBSHSKHKDKBQ-JLAZNSOCSA-N
SP_000329,CKLJMWTZIZZHCS-UWTATZPHSA-N
SP_000329,CUPQSMZELNNSIR-LZRZFMTJSA-N
SP_000329,CZMRCDWAGMRECN-UGDNZRGBSA-N
SP_000329,CZMRCDWAGMRECN-UHFFFAOYSA-N
SP_000329,CZXLHIZQQUJTND-UHFFFAOYSA-N
SP_000329,DHMQDGOQFOQNFH-UHFFFAOYSA-N
SP_000329,DJLTZJGULPLVOA-UHFFFAOYSA-N
SP_000329,DNAYVNOVGHZZLH-UHFFFAOYSA-N
SP_000329,DOTJYWQAPHIAIF-UHFFFAOYSA-N
SP_000329,DPJRMOMPQZCRJU-UHFFFAOYSA-M
SP_000329,DSMWJDJWYGMEBO-UTCJRWHESA-N
SP_000329,FCGOBISRCUOUQH-UHFFFAOYSA-N
SP_000329,GDBJCCBRRCYCEG-UHFFFAOYSA-N
SP_000329,GUBGYTABKSRVRQ-PICCSMPSSA-N
SP_000329,GUBGYTABKSRVRQ-QKKXKWKRSA-N
SP_000329,GVJHHUAWPYXKBD-IEOSBIPESA-N
SP_000329,GWMMTXPUFREJAY-UHFFFAOYSA-N
SP_000329,HKSDVVJONLXYKL-ZFILXNNPSA-N
SP_000329,HUTCYUJPLOTDMX-KEBDBYFISA-N
SP_000329,IDJXJAJYEFRBPY-UHFFFAOYSA-N
SP_000329,IIACRCGMVDHOTQ-UHFFFAOYSA-N
SP_000329,IMKHDCBNRDRUEB-UHFFFAOYSA-N
SP_000329,IYSZVOVZPVKXIJ-OFALOCIGSA-N
SP_000329,JBFOLLJCGUCDQP-UHFFFAOYSA-N
SP_000329,JEKGHHPMLRLCIW-VBVMRKNNSA-N
SP_000329,JGHZJRVDZXSNKQ-UHFFFAOYSA-N
SP_000329,JIWBIWFOSCKQMA-DFARDDQGSA-N
SP_000329,JLQNHALFVCURHW-UHFFFAOYSA-N
SP_000329,JZRWCGZRTZMZEH-UHFFFAOYSA-N
SP_000329,JZVFJDZBLUFKCA-CMDGGOBGSA-N
SP_000329,KBEBGUQPQBELIU-HJWRWDBZSA-N
SP_000329,KCIQZCNOUZCRGH-UHFFFAOYSA-N
SP_000329,KDXKERNSBIXSRK-YFKPBYRVSA-N
SP_000329,KEAYESYHFKHZAL-UHFFFAOYSA-N
SP_000329,KEMQGTRYUADPNZ-UHFFFAOYSA-N
SP_000329,KJDZDTDNIULJBE-VAWYXSNFSA-N
SP_000329,KQMVAGISDHMXJJ-UHFFFAOYSA-N
SP_000329,LBTABPSJONFLPO-UHFFFAOYSA-N
SP_000329,LFQSCWFLJHTTHZ-UHFFFAOYSA-N
SP_000329,LLCYNDRFWDIIQS-WQLSENKSSA-N
SP_000329,LOIYMIARKYCTBW-UPHRSURJSA-N
SP_000329,LQJBNNIYVWPHFW-QXMHVHEDSA-N
SP_000330,ADHNTNYEJYJUCU-ZSJFXSENSA-N
SP_000330,APFBWMGEGSELQP-AATRIKPKSA-N
SP_000330,BATOPAZDIZEVQF-IAROGAJJSA-N
SP_000330,BDAGIHXWWSANSR-UHFFFAOYSA-N
SP_000330,BDCDNTVZSILEOY-UHFFFAOYSA-N
SP_000330,BHPQYMZQTOCNFJ-UHFFFAOYSA-N
SP_000330,BHQCQFFYRZLCQQ-KRHHAYMPSA-N
SP_000330,BJBUEDPLEOHJGE-UHFFFAOYSA-N
SP_000330,BNBBFUJNMYQYLA-VQHVLOKHSA-N
SP_000330,CIWBSHSKHKDKBQ-JLAZNSOCSA-N
SP_000330,CKLJMWTZIZZHCS-UWTATZPHSA-N
SP_000330,CRZQGDNQQAALAY-UHFFFAOYSA-N
SP_000330,CUPQSMZELNNSIR-LZRZFMTJSA-N
SP_000330,CZMRCDWAGMRECN-UGDNZRGBSA-N
SP_000330,CZMRCDWAGMRECN-UHFFFAOYSA-N
SP_000330,CZXLHIZQQUJTND-UHFFFAOYSA-N
SP_000330,DFYRUELUNQRZTB-UHFFFAOYSA-N
SP_000330,DHMQDGOQFOQNFH-UHFFFAOYSA-N
SP_000330,DJLTZJGULPLVOA-UHFFFAOYSA-N
SP_000330,DNAYVNOVGHZZLH-UHFFFAOYSA-N
SP_000330,DOTJYWQAPHIAIF-UHFFFAOYSA-N
SP_000330,DPJRMOMPQZCRJU-UHFFFAOYSA-M
SP_000330,DSMWJDJWYGMEBO-UTCJRWHESA-N
SP_000330,FCGOBISRCUOUQH-UHFFFAOYSA-N
SP_000330,FEXQDZTYJVXMOS-UHFFFAOYSA-N
SP_000330,FJKROLUGYXJWQN-UHFFFAOYSA-N
SP_000330,GDBJCCBRRCYCEG-UHFFFAOYSA-N
SP_000330,GUBGYTABKSRVRQ-PICCSMPSSA-N
SP_000330,GUBGYTABKSRVRQ-QKKXKWKRSA-N
SP_000330,GVJHHUAWPYXKBD-IEOSBIPESA-N
SP_000330,GWMMTXPUFREJAY-UHFFFAOYSA-N
SP_000330,HKSDVVJONLXYKL-ZFILXNNPSA-N
SP_000330,HUTCYUJPLOTDMX-KEBDBYFISA-N
SP_000330,IDJXJAJYEFRBPY-UHFFFAOYSA-N
SP_000330,IIACRCGMVDHOTQ-UHFFFAOYSA-N
SP_000330,IMKHDCBNRDRUEB-UHFFFAOYSA-N
SP_000330,ISWSIDIOOBJBQZ-UHFFFAOYSA-N
SP_000330,IYSZVOVZPVKXIJ-OFALOCIGSA-N
SP_000330,JBFOLLJCGUCDQP-UHFFFAOYSA-N
SP_000330,JEKGHHPMLRLCIW-VBVMRKNNSA-N
SP_000330,JGHZJRVDZXSNKQ-UHFFFAOYSA-N
SP_000330,JIWBIWFOSCKQMA-DFARDDQGSA-N
SP_000330,JLQNHALFVCURHW-UHFFFAOYSA-N
SP_000330,JMSVCTWVEWCHDZ-UHFFFAOYSA-N
SP_000330,JZRWCGZRTZMZEH-UHFFFAOYSA-N
SP_000330,JZVFJDZBLUFKCA-CMDGGOBGSA-N
SP_000330,KBEBGUQPQBELIU-HJWRWDBZSA-N
SP_000330,KDXKERNSBIXSRK-YFKPBYRVSA-N
SP_000330,KEAYESYHFKHZAL-UHFFFAOYSA-N
SP_000330,KEMQGTRYUADPNZ-UHFFFAOYSA-N
SP_000331,ADHNTNYEJYJUCU-ZSJFXSENSA-N
SP_000331,APFBWMGEGSELQP-AATRIKPKSA-N
SP_000331,BATOPAZDIZEVQF-IAROGAJJSA-N
SP_000331,BDAGIHXWWSANSR-UHFFFAOYSA-N
SP_000331,BHPQYMZQTOCNFJ-UHFFFAOYSA-N
SP_000331,BHQCQFFYRZLCQQ-KRHHAYMPSA-N
SP_000331,BJBUEDPLEOHJGE-UHFFFAOYSA-N
SP_000331,BNBBFUJNMYQYLA-VQHVLOKHSA-N
SP_000331,CIWBSHSKHKDKBQ-JLAZNSOCSA-N
SP_000331,CKLJMWTZIZZHCS-UWTATZPHSA-N
SP_000331,CUPQSMZELNNSIR-LZRZFMTJSA-N
SP_000331,CZMRCDWAGMRECN-UGDNZRGBSA-N
SP_000331,CZMRCDWAGMRECN-UHFFFAOYSA-N
SP_000331,CZXLHIZQQUJTND-UHFFFAOYSA-N
SP_000331,DHMQDGOQFOQNFH-UHFFFAOYSA-N
SP_000331,DJLTZJGULPLVOA-UHFFFAOYSA-N
SP_000331,DKHGMERMDICWDU-GHDNBGIDSA-N
SP_000331,DNAYVNOVGHZZLH-UHFFFAOYSA-N
SP_000331,DOTJYWQAPHIAIF-UHFFFAOYSA-N
SP_000331,DPJRMOMPQZCRJU-UHFFFAOYSA-M
SP_000331,DQGMPXYVZZCNDQ-KBPWROHVSA-N
SP_000331,DSCFFEYYQKSRSV-KLJZZCKASA-N
SP_000331,DSMWJDJWYGMEBO-UTCJRWHESA-N
SP_000331,FCGOBISRCUOUQH-UHFFFAOYSA-N
SP_000331,FPSPMXPRFYBHKR-UQXOTDKOSA-N
SP_000331,GDBJCCBRRCYCEG-UHFFFAOYSA-N
SP_000331,GUBGYTABKSRVRQ-PICCSMPSSA-N
SP_000331,GUBGYTABKSRVRQ-QKKXKWKRSA-N
SP_000331,GVFKEVFAPIUOAI-MRCUWXFGSA-N
SP_000331,GVJHHUAWPYXKBD-IEOSBIPESA-N
SP_000331,GWMMTXPUFREJAY-UHFFFAOYSA-N
SP_000331,GZIFEOYASATJEH-UHFFFAOYSA-N
SP_000331,HCXVJBMSMIARIN-PHZDYDNGSA-N
SP_000331,HKSDVVJONLXYKL-ZFILXNNPSA-N
SP_000331,HSTZMXCBWJGKHG-CUYWLFDKSA-N
SP_000331,HUTCYUJPLOTDMX-KEBDBYFISA-N
SP_000331,HYCLWDHZALFLJV-UHFFFAOYSA-N
SP_000331,IDJXJAJYEFRBPY-UHFFFAOYSA-N
SP_000331,IIACRCGMVDHOTQ-UHFFFAOYSA-N
SP_000331,IMKHDCBNRDRUEB-UHFFFAOYSA-N
SP_000331,IYSZVOVZPVKXIJ-OFALOCIGSA-N
SP_000331,JBFOLLJCGUCDQP-UHFFFAOYSA-N
SP_000331,JEKGHHPMLRLCIW-VBVMRKNNSA-N
SP_000331,JGHZJRVDZXSNKQ-UHFFFAOYSA-N
SP_000331,JIWBIWFOSCKQMA-DFARDDQGSA-N
SP_000331,JLQNHALFVCURHW-UHFFFAOYSA-N
SP_000331,JZRWCGZRTZMZEH-UHFFFAOYSA-N
SP_000331,JZVFJDZBLUFKCA-CMDGGOBGSA-N
SP_000331,KBEBGUQPQBELIU-HJWRWDBZSA-N
SP_000331,KDXKERNSBIXSRK-YFKPBYRVSA-N
SP_000332,ADHNTNYEJYJUCU-ZSJFXSENSA-N
SP_000332,APFBWMGEGSELQP-AATRIKPKSA-N
SP_000332,BATOPAZDIZEVQF-IAROGAJJSA-N
SP_000332,BHPQYMZQTOCNFJ-UHFFFAOYSA-N
SP_000332,BHQCQFFYRZLCQQ-KRHHAYMPSA-N
SP_000332,BJBUEDPLEOHJGE-UHFFFAOYSA-N
SP_000332,BNBBFUJNMYQYLA-VQHVLOKHSA-N
SP_000332,CIWBSHSKHKDKBQ-JLAZNSOCSA-N
SP_000332,CKLJMWTZIZZHCS-UWTATZPHSA-N
SP_000332,CUPQSMZELNNSIR-LZRZFMTJSA-N
SP_000332,CZMRCDWAGMRECN-UGDNZRGBSA-N
SP_000332,CZMRCDWAGMRECN-UHFFFAOYSA-N
SP_000332,CZXLHIZQQUJTND-UHFFFAOYSA-N
SP_000332,DHMQDGOQFOQNFH-UHFFFAOYSA-N
SP_000332,DJLTZJGULPLVOA-UHFFFAOYSA-N
SP_000332,DNAYVNOVGHZZLH-UHFFFAOYSA-N
SP_000332,DOTJYWQAPHIAIF-UHFFFAOYSA-N
SP_000332,DPJRMOMPQZCRJU-UHFFFAOYSA-M
SP_000332,DSCFFEYYQKSRSV-KLJZZCKASA-N
SP_000332,DSMWJDJWYGMEBO-UTCJRWHESA-N
SP_000332,FCGOBISRCUOUQH-UHFFFAOYSA-N
SP_000332,GDBJCCBRRCYCEG-UHFFFAOYSA-N
SP_000332,GUBGYTABKSRVRQ-PICCSMPSSA-N
SP_000332,GUBGYTABKSRVRQ-QKKXKWKRSA-N
SP_000332,GVFKEVFAPIUOAI-MRCUWXFGSA-N
SP_000332,GVJHHUAWPYXKBD-IEOSBIPESA-N
SP_000332,GWMMTXPUFREJAY-UHFFFAOYSA-N
SP_000332,GZIFEOYASATJEH-UHFFFAOYSA-N
SP_000332,HCXVJBMSMIARIN-PHZDYDNGSA-N
SP_000332,HKSDVVJONLXYKL-ZFILXNNPSA-N
SP_000332,HUTCYUJPLOTDMX-KEBDBYFISA-N
SP_000332,HYCLWDHZALFLJV-UHFFFAOYSA-N
SP_000332,IDJXJAJYEFRBPY-UHFFFAOYSA-N
SP_000332,IIACRCGMVDHOTQ-UHFFFAOYSA-N
SP_000332,IKMDFBPHZNJCSN-UHFFFAOYSA-N
SP_000332,IMKHDCBNRDRUEB-UHFFFAOYSA-N
SP_000332,IMNZDWZLEPDBAP-UHFFFAOYSA-N
SP_000332,IYRMWMYZSQPJKC-UHFFFAOYSA-N
SP_000332,IYSZVOVZPVKXIJ-OFALOCIGSA-N
SP_000332,JBFOLLJCGUCDQP-UHFFFAOYSA-N
SP_000332,JEKGHHPMLRLCIW-VBVMRKNNSA-N
SP_000332,JGHZJRVDZXSNKQ-UHFFFAOYSA-N
SP_000332,JIWBIWFOSCKQMA-DFARDDQGSA-N
SP_000332,JLQNHALFVCURHW-UHFFFAOYSA-N
SP_000332,JZRWCGZRTZMZEH-UHFFFAOYSA-N
SP_000332,JZVFJDZBLUFKCA-CMDGGOBGSA-N
SP_000332,KBEBGUQPQBELIU-HJWRWDBZSA-N
SP_000332,KDXKERNSBIXSRK-YFKPBYRVSA-N
SP_000332,KEAYESYHFKHZAL-UHFFFAOYSA-N
SP_000332,KEMQGTRYUADPNZ-UHFFFAOYSA-N
SP_000333,ADHNTNYEJYJUCU-ZSJFXSENSA-N
SP_000333,APFBWMGEGSELQP-AATRIKPKSA-N
SP_000333,BATOPAZDIZEVQF-IAROGAJJSA-N
SP_000333,BHPQYMZQTOCNFJ-UHFFFAOYSA-N
SP_000333,BHQCQFFYRZLCQQ-KRHHAYMPSA-N
SP_000333,BJBUEDPLEOHJGE-UHFFFAOYSA-N
SP_000333,BNBBFUJNMYQYLA-VQHVLOKHSA-N
SP_000333,CIWBSHSKHKDKBQ-JLAZNSOCSA-N
SP_000333,CKLJMWTZIZZHCS-UWTATZPHSA-N
SP_000333,CUPQSMZELNNSIR-LZRZFMTJSA-N
SP_000333,CZMRCDWAGMRECN-UGDNZRGBSA-N
SP_000333,CZMRCDWAGMRECN-UHFFFAOYSA-N
SP_000333,CZXLHIZQQUJTND-UHFFFAOYSA-N
SP_000333,DHMQDGOQFOQNFH-UHFFFAOYSA-N
SP_000333,DJLTZJGULPLVOA-UHFFFAOYSA-N
SP_000333,DNAYVNOVGHZZLH-UHFFFAOYSA-N
SP_000333,DOTJYWQAPHIAIF-UHFFFAOYSA-N
SP_000333,DPJRMOMPQZCRJU-UHFFFAOYSA-M
SP_000333,DSMWJDJWYGMEBO-UTCJRWHESA-N
SP_000333,FCGOBISRCUOUQH-UHFFFAOYSA-N
SP_000333,GDBJCCBRRCYCEG-UHFFFAOYSA-N
SP_000333,GUBGYTABKSRVRQ-PICCSMPSSA-N
SP_000333,GUBGYTABKSRVRQ-QKKXKWKRSA-N
SP_000333,GVJHHUAWPYXKBD-IEOSBIPESA-N
SP_000333,GWMMTXPUFREJAY-UHFFFAOYSA-N
SP_000333,HKSDVVJONLXYKL-ZFILXNNPSA-N
SP_000333,IDJXJAJYEFRBPY-UHFFFAOYSA-N
SP_000333,IIACRCGMVDHOTQ-UHFFFAOYSA-N
SP_000333,IMKHDCBNRDRUEB-UHFFFAOYSA-N
SP_000333,IYSZVOVZPVKXIJ-OFALOCIGSA-N
SP_000333,JBFOLLJCGUCDQP-UHFFFAOYSA-N
SP_000333,JGHZJRVDZXSNKQ-UHFFFAOYSA-N
SP_000333,JIWBIWFOSCKQMA-DFARDDQGSA-N
SP_000333,JLQNHALFVCURHW-UHFFFAOYSA-N
SP_000333,JZRWCGZRTZMZEH-UHFFFAOYSA-N
SP_000333,JZVFJDZBLUFKCA-CMDGGOBGSA-N
SP_000333,KBEBGUQPQBELIU-HJWRWDBZSA-N
SP_000333,KDXKERNSBIXSRK-YFKPBYRVSA-N
SP_000333,KEAYESYHFKHZAL-UHFFFAOYSA-N
SP_000333,KEMQGTRYUADPNZ-UHFFFAOYSA-N
SP_000333,KJDZDTDNIULJBE-VAWYXSNFSA-N
SP_000333,KQMVAGISDHMXJJ-UHFFFAOYSA-N
SP_000333,LBTABPSJONFLPO-UHFFFAOYSA-N
SP_000333,LFQSCWFLJHTTHZ-UHFFFAOYSA-N
SP_000333,LLCYNDRFWDIIQS-WQLSENKSSA-N
SP_000333,LOIYMIARKYCTBW-UPHRSURJSA-N
SP_000333,LQJBNNIYVWPHFW-QXMHVHEDSA-N
SP_000333,LXNHXLLTXMVWPM-UHFFFAOYSA-N
SP_000333,NPYPAHLBTDXSSS-UHFFFAOYSA-N
SP_000333,NSSALFVIQPAIQK-BQYQJAHWSA-N
SP_000334,ADHNTNYEJYJUCU-ZSJFXSENSA-N
SP_000334,APFBWMGEGSELQP-AATRIKPKSA-N
SP_000334,BATOPAZDIZEVQF-IAROGAJJSA-N
SP_000334,BHPQYMZQTOCNFJ-UHFFFAOYSA-N
SP_000334,BHQCQFFYRZLCQQ-KRHHAYMPSA-N
SP_000334,BJBUEDPLEOHJGE-UHFFFAOYSA-N
SP_000334,BNBBFUJNMYQYLA-VQHVLOKHSA-N
SP_000334,CIWBSHSKHKDKBQ-JLAZNSOCSA-N
SP_000334,CKLJMWTZIZZHCS-UWTATZPHSA-N
SP_000334,CUPQSMZELNNSIR-LZRZFMTJSA-N
SP_000334,CZMRCDWAGMRECN-UGDNZRGBSA-N
SP_000334,CZMRCDWAGMRECN-UHFFFAOYSA-N
SP_000334,CZXLHIZQQUJTND-UHFFFAOYSA-N
SP_000334,DHMQDGOQFOQNFH-UHFFFAOYSA-N
SP_000334,DJLTZJGULPLVOA-UHFFFAOYSA-N
SP_000334,DNAYVNOVGHZZLH-UHFFFAOYSA-N
SP_000334,DOTJYWQAPHIAIF-UHFFFAOYSA-N
SP_000334,DPJRMOMPQZCRJU-UHFFFAOYSA-M
SP_000334,DSMWJDJWYGMEBO-UTCJRWHESA-N
SP_000334,FCGOBISRCUOUQH-UHFFFAOYSA-N
SP_000334,GDBJCCBRRCYCEG-UHFFFAOYSA-N
SP_000334,GUBGYTABKSRVRQ-PICCSMPSSA-N
SP_000334,GUBGYTABKSRVRQ-QKKXKWKRSA-N
SP_000334,GVJHHUAWPYXKBD-IEOSBIPESA-N
SP_000334,GWMMTXPUFREJAY-UHFFFAOYSA-N
SP_000334,GZIFEOYASATJEH-UHFFFAOYSA-N
SP_000334,HKSDVVJONLXYKL-ZFILXNNPSA-N
SP_000334,HUTCYUJPLOTDMX-KEBDBYFISA-N
SP_000334,IDJXJAJYEFRBPY-UHFFFAOYSA-N
SP_000334,IIACRCGMVDHOTQ-UHFFFAOYSA-N
SP_000334,IMKHDCBNRDRUEB-UHFFFAOYSA-N
SP_000334,IMNZDWZLEPDBAP-UHFFFAOYSA-N
SP_000334,IYSZVOVZPVKXIJ-OFALOCIGSA-N
SP_000334,JBFOLLJCGUCDQP-UHFFFAOYSA-N
SP_000334,JEKGHHPMLRLCIW-VBVMRKNNSA-N
SP_000334,JGHZJRVDZXSNKQ-UHFFFAOYSA-N
SP_000334,JIWBIWFOSCKQMA-DFARDDQGSA-N
SP_000334,JLQNHALFVCURHW-UHFFFAOYSA-N
SP_000334,JZRWCGZRTZMZEH-UHFFFAOYSA-N
SP_000334,JZVFJDZBLUFKCA-CMDGGOBGSA-N
SP_000334,KBEBGUQPQBELIU-HJWRWDBZSA-N
SP_000334,KDXKERNSBIXSRK-YFKPBYRVSA-N
SP_000334,KEAYESYHFKHZAL-UHFFFAOYSA-N
SP_000334,KEMQGTRYUADPNZ-UHFFFAOYSA-N
SP_000334,KJDZDTDNIULJBE-VAWYXSNFSA-N
SP_000334,KQMVAGISDHMXJJ-UHFFFAOYSA-N
SP_000334,LBTABPSJONFLPO-UHFFFAOYSA-N
SP_000334,LFQSCWFLJHTTHZ-UHFFFAOYSA-N
SP_000334,LLCYNDRFWDIIQS-WQLSENKSSA-N
SP_000334,LOIYMIARKYCTBW-UPHRSURJSA-N
SP_000335,AABKSFWWBUPVNY-NVCPWDGJSA-N
SP_000335,AAFBEFOSCLMOTF-KXBCQOCRSA-N
SP_000335,AAFBEFOSCLMOTF-RRPFJGJLSA-N
SP_000335,AANZTOSGIRNZNM-LNOKNGNPSA-N
SP_000335,AAPGXBRKBIUCMQ-GWHBCOKCSA-N
SP_000335,AAWNBEJOCRYVJE-QNGWXLTQSA-N
SP_000335,AAXMCYUUKFLUMJ-JSFHAIONSA-N
SP_000335,AAXMCYUUKFLUMJ-TWDRBPDCSA-N
SP_000335,AAZOMBJKSJQDHJ-ZBRBWIFHSA-N
SP_000335,ABBYYPGQJRBTGA-NESBLOORSA-N
SP_000335,ABFJWRKPWCFTQP-JKFVOKSPSA-N
SP_000335,ABFJWRKPWCFTQP-XSMLMOGHSA-N
SP_000335,ABRHOUKZOUNSSK-FVEAQGRNSA-N
SP_000335,ABUKPIBHMMLQDI-RCOVLANCSA-N
SP_000335,ACGLCDJEASKGDO-JSYPMYMJSA-N
SP_000335,ACLPCAOOWJUVLL-DZKYTWFZSA-N
SP_000335,ACLQSYLJAZRTAP-XAFBQJBNSA-N
SP_000335,ACTHNCRNFFCCAQ-PLKVWTDNSA-N
SP_000335,ACTHNCRNFFCCAQ-YNQDZHFMSA-N
SP_000335,ADCKHLSRWCXEIY-GGAPOBRUSA-N
SP_000335,ADHKIZQYPQGIRC-ACSKKKSPSA-N
SP_000335,ADHKIZQYPQGIRC-SOZVHHJESA-N
SP_000335,ADHNTNYEJYJUCU-ZSJFXSENSA-N
SP_000335,ADKNUXINKGBJMY-LDLOPFEMSA-N
SP_000335,ADMGMAPZAQUXIR-VRHMUEQPSA-N
SP_000335,ADNSYCXWAHUWTA-SYOMJGEJSA-N
SP_000335,ADYPMBBPSUQKED-VOLCNUBSSA-N
SP_000335,ADZPFIMEBZGRHB-ILJAMNOWSA-N
SP_000335,AEIJGHDRIPTRQY-UBTAJKBJSA-N
SP_000335,AESBAQNLQIQXNK-BMFSGJJHSA-N
SP_000335,AETXDQTWHNBCRO-QLKFWGTOSA-N
SP_000335,AEXNGRVFOMIYOW-ICFOKQHNSA-N
SP_000335,AFFQVAIMWFYJJS-DTHFMEMVSA-N
SP_000335,AFIGVZAQSPJHEE-ZZSOQTNOSA-N
SP_000335,AFMQYZXPYJFAPA-VXVUXWGWSA-N
SP_000335,AFMQYZXPYJFAPA-WOGGMIHASA-N
SP_000335,AFSGMNCJOAPJOR-GODAVPAZSA-N
SP_000335,AFSHUZFNMVJNKX-LLWMBOQKSA-N
SP_000335,AFWVVPIAVLFQOY-HNCVWURRSA-N
SP_000335,AFWVVPIAVLFQOY-QMNOEWNESA-N
SP_000335,AGBLBGGDMGJYFQ-FIACFBACSA-N
SP_000335,AGBLBGGDMGJYFQ-GKJJFOOMSA-N
SP_000335,AGEDXKMYUUORTP-QLKFWGTOSA-N
SP_000335,AGKVNKMBWJSNKY-ZZEZOPTASA-N
SP_000335,AGXFHKUZXQPREM-SWGBUSHLSA-N
SP_000335,AGXFHKUZXQPREM-VBDNUALRSA-N
SP_000335,AGZKWUAHBZQQNY-KYTQBJKTSA-N
SP_000335,AGZKWUAHBZQQNY-OSOYSHGCSA-N
SP_000335,AHAUBJRIXRHFSJ-HUESYALOSA-N
SP_000335,AHEPKIJTHGCAOA-HUESYALOSA-N
SP_000336,AABKSFWWBUPVNY-NVCPWDGJSA-N
SP_000336,AAFBEFOSCLMOTF-KXBCQOCRSA-N
SP_000336,AAFBEFOSCLMOTF-RRPFJGJLSA-N
SP_000336,AANZTOSGIRNZNM-LNOKNGNPSA-N
SP_000336,AAPGXBRKBIUCMQ-GWHBCOKCSA-N
SP_000336,AAWNBEJOCRYVJE-QNGWXLTQSA-N
SP_000336,AAXMCYUUKFLUMJ-JSFHAIONSA-N
SP_000336,AAXMCYUUKFLUMJ-TWDRBPDCSA-N
SP_000336,AAZOMBJKSJQDHJ-ZBRBWIFHSA-N
SP_000336,ABBYYPGQJRBTGA-NESBLOORSA-N
SP_000336,ABFJWRKPWCFTQP-JKFVOKSPSA-N
SP_000336,ABFJWRKPWCFTQP-XSMLMOGHSA-N
SP_000336,ABRHOUKZOUNSSK-FVEAQGRNSA-N
SP_000336,ABUKPIBHMMLQDI-RCOVLANCSA-N
SP_000336,ACGLCDJEASKGDO-JSYPMYMJSA-N
SP_000336,ACLPCAOOWJUVLL-DZKYTWFZSA-N
SP_000336,ACLQSYLJAZRTAP-XAFBQJBNSA-N
SP_000336,ACTHNCRNFFCCAQ-PLKVWTDNSA-N
SP_000336,ACTHNCRNFFCCAQ-YNQDZHFMSA-N
SP_000336,ADCKHLSRWCXEIY-GGAPOBRUSA-N
SP_000336,ADHKIZQYPQGIRC-ACSKKKSPSA-N
SP_000336,ADHKIZQYPQGIRC-SOZVHHJESA-N
SP_000336,ADHNTNYEJYJUCU-ZSJFXSENSA-N
SP_000336,ADKNUXINKGBJMY-LDLOPFEMSA-N
SP_000336,ADMGMAPZAQUXIR-VRHMUEQPSA-N
SP_000336,ADNSYCXWAHUWTA-SYOMJGEJSA-N
SP_000336,ADYPMBBPSUQKED-VOLCNUBSSA-N
SP_000336,ADZPFIMEBZGRHB-ILJAMNOWSA-N
SP_000336,AEIJGHDRIPTRQY-UBTAJKBJSA-N
SP_000336,AESBAQNLQIQXNK-BMFSGJJHSA-N
SP_000336,AETXDQTWHNBCRO-QLKFWGTOSA-N
SP_000336,AEXNGRVFOMIYOW-ICFOKQHNSA-N
SP_000336,AFFQVAIMWFYJJS-DTHFMEMVSA-N
SP_000336,AFIGVZAQSPJHEE-ZZSOQTNOSA-N
SP_000336,AFMQYZXPYJFAPA-VXVUXWGWSA-N
SP_000336,AFMQYZXPYJFAPA-WOGGMIHASA-N
SP_000336,AFSGMNCJOAPJOR-GODAVPAZSA-N
SP_000336,AFSHUZFNMVJNKX-LLWMBOQKSA-N
SP_000336,AFWVVPIAVLFQOY-HNCVWURRSA-N
SP_000336,AFWVVPIAVLFQOY-QMNOEWNESA-N
SP_000336,AGBLBGGDMGJYFQ-FIACFBACSA-N
SP_000336,AGBLBGGDMGJYFQ-GKJJFOOMSA-N
SP_000336,AGEDXKMYUUORTP-QLKFWGTOSA-N
SP_000336,AGKVNKMBWJSNKY-ZZEZOPTASA-N
SP_000336,AGXFHKUZXQPREM-SWGBUSHLSA-N
SP_000336,AGXFHKUZXQPREM-VBDNUALRSA-N
SP_000336,AGZKWUAHBZQQNY-KYTQBJKTSA-N
SP_000336,AGZKWUAHBZQQNY-OSOYSHGCSA-N
SP_000336,AHAUBJRIXRHFSJ-HUESYALOSA-N
SP_000336,AHEPKIJTHGCAOA-HUESYALOSA-N
SP_000337,AABKSFWWBUPVNY-NVCPWDGJSA-N
SP_000337,AAFBEFOSCLMOTF-KXBCQOCRSA-N
SP_000337,AAFBEFOSCLMOTF-RRPFJGJLSA-N
SP_000337,AANZTOSGIRNZNM-LNOKNGNPSA-N
SP_000337,AAPGXBRKBIUCMQ-GWHBCOKCSA-N
SP_000337,AAWNBEJOCRYVJE-QNGWXLTQSA-N
SP_000337,AAXMCYUUKFLUMJ-JSFHAIONSA-N
SP_000337,AAXMCYUUKFLUMJ-TWDRBPDCSA-N
SP_000337,AAZOMBJKSJQDHJ-ZBRBWIFHSA-N
SP_000337,ABBYYPGQJRBTGA-NESBLOORSA-N
SP_000337,ABFJWRKPWCFTQP-JKFVOKSPSA-N
SP_000337,ABFJWRKPWCFTQP-XSMLMOGHSA-N
SP_000337,ABRHOUKZOUNSSK-FVEAQGRNSA-N
SP_000337,ABUKPIBHMMLQDI-RCOVLANCSA-N
SP_000337,ACGLCDJEASKGDO-JSYPMYMJSA-N
SP_000337,ACLPCAOOWJUVLL-DZKYTWFZSA-N
SP_000337,ACLQSYLJAZRTAP-XAFBQJBNSA-N
SP_000337,ACTHNCRNFFCCAQ-PLKVWTDNSA-N
SP_000337,ACTHNCRNFFCCAQ-YNQDZHFMSA-N
SP_000337,ADCKHLSRWCXEIY-GGAPOBRUSA-N
SP_000337,ADHKIZQYPQGIRC-ACSKKKSPSA-N
SP_000337,ADHKIZQYPQGIRC-SOZVHHJESA-N
SP_000337,ADHNTNYEJYJUCU-ZSJFXSENSA-N
SP_000337,ADKNUXINKGBJMY-LDLOPFEMSA-N
SP_000337,ADMGMAPZAQUXIR-VRHMUEQPSA-N
SP_000337,ADNSYCXWAHUWTA-SYOMJGEJSA-N
SP_000337,ADYPMBBPSUQKED-VOLCNUBSSA-N
SP_000337,ADZPFIMEBZGRHB-ILJAMNOWSA-N
SP_000337,AEIJGHDRIPTRQY-UBTAJKBJSA-N
SP_000337,AESBAQNLQIQXNK-BMFSGJJHSA-N
SP_000337,AETXDQTWHNBCRO-QLKFWGTOSA-N
SP_000337,AEXNGRVFOMIYOW-ICFOKQHNSA-N
SP_000337,AFFQVAIMWFYJJS-DTHFMEMVSA-N
SP_000337,AFIGVZAQSPJHEE-ZZSOQTNOSA-N
SP_000337,AFMQYZXPYJFAPA-VXVUXWGWSA-N
SP_000337,AFMQYZXPYJFAPA-WOGGMIHASA-N
SP_000337,AFSGMNCJOAPJOR-GODAVPAZSA-N
SP_000337,AFSHUZFNMVJNKX-LLWMBOQKSA-N
SP_000337,AFWVVPIAVLFQOY-HNCVWURRSA-N
SP_000337,AFWVVPIAVLFQOY-QMNOEWNESA-N
SP_000337,AGBLBGGDMGJYFQ-FIACFBACSA-N
SP_000337,AGBLBGGDMGJYFQ-GKJJFOOMSA-N
SP_000337,AGEDXKMYUUORTP-QLKFWGTOSA-N
SP_000337,AGKVNKMBWJSNKY-ZZEZOPTASA-N
SP_000337,AGXFHKUZXQPREM-SWGBUSHLSA-N
SP_000337,AGXFHKUZXQPREM-VBDNUALRSA-N
SP_000337,AGZKWUAHBZQQNY-KYTQBJKTSA-N
SP_000337,AGZKWUAHBZQQNY-OSOYSHGCSA-N
SP_000337,AHAUBJRIXRHFSJ-HUESYALOSA-N
SP_000337,AHEPKIJTHGCAOA-HUESYALOSA-N
SP_000338,ADHNTNYEJYJUCU-ZSJFXSENSA-N
SP_000338,BATOPAZDIZEVQF-IAROGAJJSA-N
SP_000338,BHPQYMZQTOCNFJ-UHFFFAOYSA-N
SP_000338,CIWBSHSKHKDKBQ-JLAZNSOCSA-N
SP_000338,CZMRCDWAGMRECN-UGDNZRGBSA-N
SP_000338,CZXLHIZQQUJTND-UHFFFAOYSA-N
SP_000338,DHMQDGOQFOQNFH-UHFFFAOYSA-N
SP_000338,DJLTZJGULPLVOA-UHFFFAOYSA-N
SP_000338,DOTJYWQAPHIAIF-UHFFFAOYSA-N
SP_000338,FCGOBISRCUOUQH-UHFFFAOYSA-N
SP_000338,GDBJCCBRRCYCEG-UHFFFAOYSA-N
SP_000338,GVJHHUAWPYXKBD-IEOSBIPESA-N
SP_000338,HUTCYUJPLOTDMX-KEBDBYFISA-N
SP_000338,IIACRCGMVDHOTQ-UHFFFAOYSA-N
SP_000338,IMKHDCBNRDRUEB-UHFFFAOYSA-N
SP_000338,JEKGHHPMLRLCIW-VBVMRKNNSA-N
SP_000338,JGHZJRVDZXSNKQ-UHFFFAOYSA-N
SP_000338,JIWBIWFOSCKQMA-DFARDDQGSA-N
SP_000338,JLQNHALFVCURHW-UHFFFAOYSA-N
SP_000338,JZRWCGZRTZMZEH-UHFFFAOYSA-N
SP_000338,JZVFJDZBLUFKCA-CMDGGOBGSA-N
SP_000338,KBEBGUQPQBELIU-HJWRWDBZSA-N
SP_000338,KDXKERNSBIXSRK-YFKPBYRVSA-N
SP_000338,KEAYESYHFKHZAL-UHFFFAOYSA-N
SP_000338,KJDZDTDNIULJBE-VAWYXSNFSA-N
SP_000338,KQMVAGISDHMXJJ-UHFFFAOYSA-N
SP_000338,LFQSCWFLJHTTHZ-UHFFFAOYSA-N
SP_000338,LLCYNDRFWDIIQS-WQLSENKSSA-N
SP_000338,LXNHXLLTXMVWPM-UHFFFAOYSA-N
SP_000338,NPYPAHLBTDXSSS-UHFFFAOYSA-N
SP_000338,OBVNUYXMOLOYPW-UHFFFAOYSA-N
SP_000338,ODKSFYDXXFIFQN-BYPYZUCNSA-N
SP_000338,OEYIOHPDSNJKLS-UHFFFAOYSA-N
SP_000338,ONIBWKKTOPOVIA-BYPYZUCNSA-N
SP_000338,OUMMPAFEQHTYIZ-UHFFFAOYSA-N
SP_000338,OUYCCCASQSFEME-UHFFFAOYSA-N
SP_000338,OVBPIULPVIDEAO-LBPRGKRZSA-N
SP_000338,PCBSXBYCASFXTM-UHFFFAOYSA-N
SP_000338,PGMBAYKBYBXNNR-UHFFFAOYSA-N
SP_000338,POWISKNFFRUCCW-UHFFFAOYSA-N
SP_000338,PVNIIMVLHYAWGP-UHFFFAOYSA-N
SP_000338,QIVBCDIJIAJPQS-VIFPVBQESA-N
SP_000338,QNAYBMKLOCPYGJ-REOHCLBHSA-N
SP_000338,QYSXJUFSXHHAJI-YRZJJWOYSA-N
SP_000338,ROHFNLRQFUQHCH-UHFFFAOYSA-N
SP_000338,RYYVLZVUVIJVGH-UHFFFAOYSA-N
SP_000338,UQDUPQYQJKYHQI-UHFFFAOYSA-N
SP_000338,VYFYYTLLBUKUHU-UHFFFAOYSA-N
SP_000338,VYGQUTWHTHXGQB-UMNZIDCRSA-N
SP_000338,WEDGVCZUPFZNDE-UHFFFAOYSA-N
SP_000339,ADHNTNYEJYJUCU-ZSJFXSENSA-N
SP_000339,BATOPAZDIZEVQF-IAROGAJJSA-N
SP_000339,BHPQYMZQTOCNFJ-UHFFFAOYSA-N
SP_000339,CIWBSHSKHKDKBQ-JLAZNSOCSA-N
SP_000339,CZMRCDWAGMRECN-UGDNZRGBSA-N
SP_000339,CZXLHIZQQUJTND-UHFFFAOYSA-N
SP_000339,DHMQDGOQFOQNFH-UHFFFAOYSA-N
SP_000339,DJLTZJGULPLVOA-UHFFFAOYSA-N
SP_000339,DOTJYWQAPHIAIF-UHFFFAOYSA-N
SP_000339,DSCFFEYYQKSRSV-KLJZZCKASA-N
SP_000339,FCGOBISRCUOUQH-UHFFFAOYSA-N
SP_000339,GDBJCCBRRCYCEG-UHFFFAOYSA-N
SP_000339,GVFKEVFAPIUOAI-MRCUWXFGSA-N
SP_000339,GVJHHUAWPYXKBD-IEOSBIPESA-N
SP_000339,GZIFEOYASATJEH-UHFFFAOYSA-N
SP_000339,HCXVJBMSMIARIN-PHZDYDNGSA-N
SP_000339,HKSDVVJONLXYKL-ZFILXNNPSA-N
SP_000339,HUTCYUJPLOTDMX-KEBDBYFISA-N
SP_000339,IIACRCGMVDHOTQ-UHFFFAOYSA-N
SP_000339,IMKHDCBNRDRUEB-UHFFFAOYSA-N
SP_000339,IMNZDWZLEPDBAP-UHFFFAOYSA-N
SP_000339,JEKGHHPMLRLCIW-VBVMRKNNSA-N
SP_000339,JGHZJRVDZXSNKQ-UHFFFAOYSA-N
SP_000339,JIWBIWFOSCKQMA-DFARDDQGSA-N
SP_000339,JLQNHALFVCURHW-UHFFFAOYSA-N
SP_000339,JZRWCGZRTZMZEH-UHFFFAOYSA-N
SP_000339,JZVFJDZBLUFKCA-CMDGGOBGSA-N
SP_000339,KBEBGUQPQBELIU-HJWRWDBZSA-N
SP_000339,KCIQZCNOUZCRGH-UHFFFAOYSA-N
SP_000339,KDXKERNSBIXSRK-YFKPBYRVSA-N
SP_000339,KEAYESYHFKHZAL-UHFFFAOYSA-N
SP_000339,KJDZDTDNIULJBE-VAWYXSNFSA-N
SP_000339,KQMVAGISDHMXJJ-UHFFFAOYSA-N
SP_000339,KWIUHFFTVRNATP-UHFFFAOYSA-N
SP_000339,LFQSCWFLJHTTHZ-UHFFFAOYSA-N
SP_000339,LLCYNDRFWDIIQS-WQLSENKSSA-N
SP_000339,LOIYMIARKYCTBW-UPHRSURJSA-N
SP_000339,LXNHXLLTXMVWPM-UHFFFAOYSA-N
SP_000339,NPYPAHLBTDXSSS-UHFFFAOYSA-N
SP_000339,OBVNUYXMOLOYPW-UHFFFAOYSA-N
SP_000339,ODKSFYDXXFIFQN-BYPYZUCNSA-N
SP_000339,OEYIOHPDSNJKLS-UHFFFAOYSA-N
SP_000339,ONIBWKKTOPOVIA-BYPYZUCNSA-N
SP_000339,ONYHYSLZNLJFHX-MDAAKZFYSA-N
SP_000339,OUMMPAFEQHTYIZ-UHFFFAOYSA-N
SP_000339,OUYCCCASQSFEME-UHFFFAOYSA-N
SP_000339,OVBPIULPVIDEAO-LBPRGKRZSA-N
SP_000339,PCBSXBYCASFXTM-UHFFFAOYSA-N
SP_000339,PGMBAYKBYBXNNR-UHFFFAOYSA-N
SP_000339,POWISKNFFRUCCW-UHFFFAOYSA-N
SP_000340,ADHNTNYEJYJUCU-ZSJFXSENSA-N
SP_000340,BATOPAZDIZEVQF-IAROGAJJSA-N
SP_000340,BHPQYMZQTOCNFJ-UHFFFAOYSA-N
SP_000340,CIWBSHSKHKDKBQ-JLAZNSOCSA-N
SP_000340,CZMRCDWAGMRECN-UGDNZRGBSA-N
SP_000340,CZMRCDWAGMRECN-UHFFFAOYSA-N
SP_000340,CZXLHIZQQUJTND-UHFFFAOYSA-N
SP_000340,DHMQDGOQFOQNFH-UHFFFAOYSA-N
SP_000340,DJLTZJGULPLVOA-UHFFFAOYSA-N
SP_000340,DOTJYWQAPHIAIF-UHFFFAOYSA-N
SP_000340,DQGMPXYVZZCNDQ-KBPWROHVSA-N
SP_000340,FCGOBISRCUOUQH-UHFFFAOYSA-N
SP_000340,GDBJCCBRRCYCEG-UHFFFAOYSA-N
SP_000340,GUBGYTABKSRVRQ-PICCSMPSSA-N
SP_000340,GUBGYTABKSRVRQ-QKKXKWKRSA-N
SP_000340,GVJHHUAWPYXKBD-IEOSBIPESA-N
SP_000340,GZIFEOYASATJEH-UHFFFAOYSA-N
SP_000340,HKSDVVJONLXYKL-ZFILXNNPSA-N
SP_000340,HUTCYUJPLOTDMX-KEBDBYFISA-N
SP_000340,HYCLWDHZALFLJV-UHFFFAOYSA-N
SP_000340,IIACRCGMVDHOTQ-UHFFFAOYSA-N
SP_000340,IMKHDCBNRDRUEB-UHFFFAOYSA-N
SP_000340,JEKGHHPMLRLCIW-VBVMRKNNSA-N
SP_000340,JGHZJRVDZXSNKQ-UHFFFAOYSA-N
SP_000340,JIWBIWFOSCKQMA-DFARDDQGSA-N
SP_000340,JLQNHALFVCURHW-UHFFFAOYSA-N
SP_000340,JZRWCGZRTZMZEH-UHFFFAOYSA-N
SP_000340,JZVFJDZBLUFKCA-CMDGGOBGSA-N
SP_000340,KBEBGUQPQBELIU-HJWRWDBZSA-N
SP_000340,KDXKERNSBIXSRK-YFKPBYRVSA-N
SP_000340,KEAYESYHFKHZAL-UHFFFAOYSA-N
SP_000340,KJDZDTDNIULJBE-VAWYXSNFSA-N
SP_000340,KQMVAGISDHMXJJ-UHFFFAOYSA-N
SP_000340,KWIUHFFTVRNATP-UHFFFAOYSA-N
SP_000340,LFQSCWFLJHTTHZ-UHFFFAOYSA-N
SP_000340,LLCYNDRFWDIIQS-WQLSENKSSA-N
SP_000340,LOIYMIARKYCTBW-UPHRSURJSA-N
SP_000340,LXNHXLLTXMVWPM-UHFFFAOYSA-N
SP_000340,NPYPAHLBTDXSSS-UHFFFAOYSA-N
SP_000340,ODKSFYDXXFIFQN-BYPYZUCNSA-N
SP_000340,OEYIOHPDSNJKLS-UHFFFAOYSA-N
SP_000340,ONIBWKKTOPOVIA-BYPYZUCNSA-N
SP_000340,ONYHYSLZNLJFHX-MDAAKZFYSA-N
SP_000340,OUMMPAFEQHTYIZ-UHFFFAOYSA-N
SP_000340,OUYCCCASQSFEME-UHFFFAOYSA-N
SP_000340,OVBPIULPVIDEAO-LBPRGKRZSA-N
SP_000340,PCBSXBYCASFXTM-UHFFFAOYSA-N
SP_000340,PGMBAYKBYBXNNR-UHFFFAOYSA-N
SP_000340,POWISKNFFRUCCW-UHFFFAOYSA-N
SP_000340,PVNIIMVLHYAWGP-UHFFFAOYSA-N
SP_000341,ADHNTNYEJYJUCU-ZSJFXSENSA-N
SP_000341,BATOPAZDIZEVQF-IAROGAJJSA-N
SP_000341,BHPQYMZQTOCNFJ-UHFFFAOYSA-N
SP_000341,BJBUEDPLEOHJGE-UHFFFAOYSA-N
SP_000341,CIWBSHSKHKDKBQ-JLAZNSOCSA-N
SP_000341,CZMRCDWAGMRECN-UGDNZRGBSA-N
SP_000341,CZMRCDWAGMRECN-UHFFFAOYSA-N
SP_000341,CZXLHIZQQUJTND-UHFFFAOYSA-N
SP_000341,DHMQDGOQFOQNFH-UHFFFAOYSA-N
SP_000341,DJLTZJGULPLVOA-UHFFFAOYSA-N
SP_000341,DOTJYWQAPHIAIF-UHFFFAOYSA-N
SP_000341,DQGMPXYVZZCNDQ-KBPWROHVSA-N
SP_000341,FCGOBISRCUOUQH-UHFFFAOYSA-N
SP_000341,GDBJCCBRRCYCEG-UHFFFAOYSA-N
SP_000341,GUBGYTABKSRVRQ-PICCSMPSSA-N
SP_000341,GUBGYTABKSRVRQ-QKKXKWKRSA-N
SP_000341,GVJHHUAWPYXKBD-IEOSBIPESA-N
SP_000341,GZIFEOYASATJEH-UHFFFAOYSA-N
SP_000341,HKSDVVJONLXYKL-ZFILXNNPSA-N
SP_000341,HUTCYUJPLOTDMX-KEBDBYFISA-N
SP_000341,HYCLWDHZALFLJV-UHFFFAOYSA-N
SP_000341,IIACRCGMVDHOTQ-UHFFFAOYSA-N
SP_000341,IMKHDCBNRDRUEB-UHFFFAOYSA-N
SP_000341,IMNZDWZLEPDBAP-UHFFFAOYSA-N
SP_000341,JEKGHHPMLRLCIW-VBVMRKNNSA-N
SP_000341,JGHZJRVDZXSNKQ-UHFFFAOYSA-N
SP_000341,JIWBIWFOSCKQMA-DFARDDQGSA-N
SP_000341,JLQNHALFVCURHW-UHFFFAOYSA-N
SP_000341,JZRWCGZRTZMZEH-UHFFFAOYSA-N
SP_000341,JZVFJDZBLUFKCA-CMDGGOBGSA-N
SP_000341,KBEBGUQPQBELIU-HJWRWDBZSA-N
SP_000341,KDXKERNSBIXSRK-YFKPBYRVSA-N
SP_000341,KEAYESYHFKHZAL-UHFFFAOYSA-N
SP_000341,KJDZDTDNIULJBE-VAWYXSNFSA-N
SP_000341,KQMVAGISDHMXJJ-UHFFFAOYSA-N
SP_000341,KWIUHFFTVRNATP-UHFFFAOYSA-N
SP_000341,LFQSCWFLJHTTHZ-UHFFFAOYSA-N
SP_000341,LLCYNDRFWDIIQS-WQLSENKSSA-N
SP_000341,LOIYMIARKYCTBW-UPHRSURJSA-N
SP_000341,LXNHXLLTXMVWPM-UHFFFAOYSA-N
SP_000341,NPYPAHLBTDXSSS-UHFFFAOYSA-N
SP_000341,OBVNUYXMOLOYPW-UHFFFAOYSA-N
SP_000341,ODKSFYDXXFIFQN-BYPYZUCNSA-N
SP_000341,OEYIOHPDSNJKLS-UHFFFAOYSA-N
SP_000341,ONIBWKKTOPOVIA-BYPYZUCNSA-N
SP_000341,ONYHYSLZNLJFHX-MDAAKZFYSA-N
SP_000341,OUMMPAFEQHTYIZ-UHFFFAOYSA-N
SP_000341,OUYCCCASQSFEME-UHFFFAOYSA-N
SP_000341,OVBPIULPVIDEAO-LBPRGKRZSA-N
SP_000341,PCBSXBYCASFXTM-UHFFFAOYSA-N
SP_000342,ADHNTNYEJYJUCU-ZSJFXSENSA-N
SP_000342,BATOPAZDIZEVQF-IAROGAJJSA-N
SP_000342,BHPQYMZQTOCNFJ-UHFFFAOYSA-N
SP_000342,CIWBSHSKHKDKBQ-JLAZNSOCSA-N
SP_000342,CZMRCDWAGMRECN-UGDNZRGBSA-N
SP_000342,CZMRCDWAGMRECN-UHFFFAOYSA-N
SP_000342,CZXLHIZQQUJTND-UHFFFAOYSA-N
SP_000342,DHMQDGOQFOQNFH-UHFFFAOYSA-N
SP_000342,DJLTZJGULPLVOA-UHFFFAOYSA-N
SP_000342,DOTJYWQAPHIAIF-UHFFFAOYSA-N
SP_000342,DQGMPXYVZZCNDQ-KBPWROHVSA-N
SP_000342,DXYUAIFZCFRPTH-UHFFFAOYSA-N
SP_000342,FCGOBISRCUOUQH-UHFFFAOYSA-N
SP_000342,GDBJCCBRRCYCEG-UHFFFAOYSA-N
SP_000342,GLKCOBIIZKYKFN-UHFFFAOYSA-N
SP_000342,GUBGYTABKSRVRQ-PICCSMPSSA-N
SP_000342,GUBGYTABKSRVRQ-QKKXKWKRSA-N
SP_000342,GVJHHUAWPYXKBD-IEOSBIPESA-N
SP_000342,GZIFEOYASATJEH-UHFFFAOYSA-N
SP_000342,HKSDVVJONLXYKL-ZFILXNNPSA-N
SP_000342,HUTCYUJPLOTDMX-KEBDBYFISA-N
SP_000342,HYCLWDHZALFLJV-UHFFFAOYSA-N
SP_000342,IIACRCGMVDHOTQ-UHFFFAOYSA-N
SP_000342,IMKHDCBNRDRUEB-UHFFFAOYSA-N
SP_000342,JEKGHHPMLRLCIW-VBVMRKNNSA-N
SP_000342,JGHZJRVDZXSNKQ-UHFFFAOYSA-N
SP_000342,JIWBIWFOSCKQMA-DFARDDQGSA-N
SP_000342,JLQNHALFVCURHW-UHFFFAOYSA-N
SP_000342,JZRWCGZRTZMZEH-UHFFFAOYSA-N
SP_000342,JZVFJDZBLUFKCA-CMDGGOBGSA-N
SP_000342,KBEBGUQPQBELIU-HJWRWDBZSA-N
SP_000342,KDXKERNSBIXSRK-YFKPBYRVSA-N
SP_000342,KEAYESYHFKHZAL-UHFFFAOYSA-N
SP_000342,KJDZDTDNIULJBE-VAWYXSNFSA-N
SP_000342,KQMVAGISDHMXJJ-UHFFFAOYSA-N
SP_000342,KYWIYKKSMDLRDC-UHFFFAOYSA-N
SP_000342,LFQSCWFLJHTTHZ-UHFFFAOYSA-N
SP_000342,LLCYNDRFWDIIQS-WQLSENKSSA-N
SP_000342,LOIYMIARKYCTBW-UPHRSURJSA-N
SP_000342,LXNHXLLTXMVWPM-UHFFFAOYSA-N
SP_000342,NPYPAHLBTDXSSS-UHFFFAOYSA-N
SP_000342,ODKSFYDXXFIFQN-BYPYZUCNSA-N
SP_000342,OEYIOHPDSNJKLS-UHFFFAOYSA-N
SP_000342,ONIBWKKTOPOVIA-BYPYZUCNSA-N
SP_000342,ONYHYSLZNLJFHX-MDAAKZFYSA-N
SP_000342,OUMMPAFEQHTYIZ-UHFFFAOYSA-N
SP_000342,OUYCCCASQSFEME-UHFFFAOYSA-N
SP_000342,OVBPIULPVIDEAO-LBPRGKRZSA-N
SP_000342,PCBSXBYCASFXTM-UHFFFAOYSA-N
SP_000342,PGMBAYKBYBXNNR-UHFFFAOYSA-N
SP_000343,ADHNTNYEJYJUCU-ZSJFXSENSA-N
SP_000343,AMQJEAYHLZJPGS-UHFFFAOYSA-N
SP_000343,BATOPAZDIZEVQF-IAROGAJJSA-N
SP_000343,BHPQYMZQTOCNFJ-UHFFFAOYSA-N
SP_000343,BXFOFFBJRFZBQZ-UHFFFAOYSA-N
SP_000343,BYGQBDHUGHBGMD-UHFFFAOYSA-N
SP_000343,CIWBSHSKHKDKBQ-JLAZNSOCSA-N
SP_000343,CZMRCDWAGMRECN-UGDNZRGBSA-N
SP_000343,CZMRCDWAGMRECN-UHFFFAOYSA-N
SP_000343,CZXLHIZQQUJTND-UHFFFAOYSA-N
SP_000343,DHMQDGOQFOQNFH-UHFFFAOYSA-N
SP_000343,DJLTZJGULPLVOA-UHFFFAOYSA-N
SP_000343,DOTJYWQAPHIAIF-UHFFFAOYSA-N
SP_000343,DQGMPXYVZZCNDQ-KBPWROHVSA-N
SP_000343,FCGOBISRCUOUQH-UHFFFAOYSA-N
SP_000343,FJPGAMCQJNLTJC-UHFFFAOYSA-N
SP_000343,FUGYGGDSWSUORM-UHFFFAOYSA-N
SP_000343,GDBJCCBRRCYCEG-UHFFFAOYSA-N
SP_000343,GMXMKSFJQLFOSO-UHFFFAOYSA-N
SP_000343,GUBGYTABKSRVRQ-PICCSMPSSA-N
SP_000343,GUBGYTABKSRVRQ-QKKXKWKRSA-N
SP_000343,GVJHHUAWPYXKBD-IEOSBIPESA-N
SP_000343,GYHFUZHODSMOHU-UHFFFAOYSA-N
SP_000343,GZIFEOYASATJEH-UHFFFAOYSA-N
SP_000343,HEQOJEGTZCTHCF-UHFFFAOYSA-N
SP_000343,HKSDVVJONLXYKL-ZFILXNNPSA-N
SP_000343,HUMNYLRZRPPJDN-UHFFFAOYSA-N
SP_000343,HUTCYUJPLOTDMX-KEBDBYFISA-N
SP_000343,HYCLWDHZALFLJV-UHFFFAOYSA-N
SP_000343,IIACRCGMVDHOTQ-UHFFFAOYSA-N
SP_000343,IMDVEXVWVKJLBU-UHFFFAOYSA-N
SP_000343,IMKHDCBNRDRUEB-UHFFFAOYSA-N
SP_000343,JEKGHHPMLRLCIW-VBVMRKNNSA-N
SP_000343,JGHZJRVDZXSNKQ-UHFFFAOYSA-N
SP_000343,JIWBIWFOSCKQMA-DFARDDQGSA-N
SP_000343,JLQNHALFVCURHW-UHFFFAOYSA-N
SP_000343,JRZJOMJEPLMPRA-UHFFFAOYSA-N
SP_000343,JZRWCGZRTZMZEH-UHFFFAOYSA-N
SP_000343,JZVFJDZBLUFKCA-CMDGGOBGSA-N
SP_000343,KBEBGUQPQBELIU-HJWRWDBZSA-N
SP_000343,KDXKERNSBIXSRK-YFKPBYRVSA-N
SP_000343,KEAYESYHFKHZAL-UHFFFAOYSA-N
SP_000343,KJDZDTDNIULJBE-VAWYXSNFSA-N
SP_000343,KLTVSWGXIAYTHO-UHFFFAOYSA-N
SP_000343,KQKZINUOFUEGEI-VXLYETTFSA-N
SP_000343,KQMVAGISDHMXJJ-UHFFFAOYSA-N
SP_000343,KWIUHFFTVRNATP-UHFFFAOYSA-N
SP_000343,LABTWGUMFABVFG-ARJAWSKDSA-N
SP_000343,LFQSCWFLJHTTHZ-UHFFFAOYSA-N
SP_000343,LLCYNDRFWDIIQS-WQLSENKSSA-N
SP_000344,AABKSFWWBUPVNY-NVCPWDGJSA-N
SP_000344,AAFBEFOSCLMOTF-KXBCQOCRSA-N
SP_000344,AAFBEFOSCLMOTF-RRPFJGJLSA-N
SP_000344,AANZTOSGIRNZNM-LNOKNGNPSA-N
SP_000344,AAPGXBRKBIUCMQ-GWHBCOKCSA-N
SP_000344,AAWNBEJOCRYVJE-QNGWXLTQSA-N
SP_000344,AAXMCYUUKFLUMJ-JSFHAIONSA-N
SP_000344,AAXMCYUUKFLUMJ-TWDRBPDCSA-N
SP_000344,AAZOMBJKSJQDHJ-ZBRBWIFHSA-N
SP_000344,ABBYYPGQJRBTGA-NESBLOORSA-N
SP_000344,ABFJWRKPWCFTQP-JKFVOKSPSA-N
SP_000344,ABFJWRKPWCFTQP-XSMLMOGHSA-N
SP_000344,ABRHOUKZOUNSSK-FVEAQGRNSA-N
SP_000344,ABUKPIBHMMLQDI-RCOVLANCSA-N
SP_000344,ACGLCDJEASKGDO-JSYPMYMJSA-N
SP_000344,ACLPCAOOWJUVLL-DZKYTWFZSA-N
SP_000344,ACLQSYLJAZRTAP-XAFBQJBNSA-N
SP_000344,ACTHNCRNFFCCAQ-PLKVWTDNSA-N
SP_000344,ACTHNCRNFFCCAQ-YNQDZHFMSA-N
SP_000344,ADCKHLSRWCXEIY-GGAPOBRUSA-N
SP_000344,ADHKIZQYPQGIRC-ACSKKKSPSA-N
SP_000344,ADHKIZQYPQGIRC-SOZVHHJESA-N
SP_000344,ADHNTNYEJYJUCU-ZSJFXSENSA-N
SP_000344,ADKNUXINKGBJMY-LDLOPFEMSA-N
SP_000344,ADMGMAPZAQUXIR-VRHMUEQPSA-N
SP_000344,ADNSYCXWAHUWTA-SYOMJGEJSA-N
SP_000344,ADYPMBBPSUQKED-VOLCNUBSSA-N
SP_000344,ADZPFIMEBZGRHB-ILJAMNOWSA-N
SP_000344,AEIJGHDRIPTRQY-UBTAJKBJSA-N
SP_000344,AESBAQNLQIQXNK-BMFSGJJHSA-N
SP_000344,AETXDQTWHNBCRO-QLKFWGTOSA-N
SP_000344,AEXNGRVFOMIYOW-ICFOKQHNSA-N
SP_000344,AFFQVAIMWFYJJS-DTHFMEMVSA-N
SP_000344,AFIGVZAQSPJHEE-ZZSOQTNOSA-N
SP_000344,AFMQYZXPYJFAPA-VXVUXWGWSA-N
SP_000344,AFMQYZXPYJFAPA-WOGGMIHASA-N
SP_000344,AFSGMNCJOAPJOR-GODAVPAZSA-N
SP_000344,AFSHUZFNMVJNKX-LLWMBOQKSA-N
SP_000344,AFWVVPIAVLFQOY-HNCVWURRSA-N
SP_000344,AFWVVPIAVLFQOY-QMNOEWNESA-N
SP_000344,AGBLBGGDMGJYFQ-FIACFBACSA-N
SP_000344,AGBLBGGDMGJYFQ-GKJJFOOMSA-N
SP_000344,AGEDXKMYUUORTP-QLKFWGTOSA-N
SP_000344,AGKVNKMBWJSNKY-ZZEZOPTASA-N
SP_000344,AGXFHKUZXQPREM-SWGBUSHLSA-N
SP_000344,AGXFHKUZXQPREM-VBDNUALRSA-N
SP_000344,AGZKWUAHBZQQNY-KYTQBJKTSA-N
SP_000344,AGZKWUAHBZQQNY-OSOYSHGCSA-N
SP_000344,AHAUBJRIXRHFSJ-HUESYALOSA-N
SP_000344,AHEPKIJTHGCAOA-HUESYALOSA-N
SP_000345,ADHNTNYEJYJUCU-ZSJFXSENSA-N
SP_000345,BATOPAZDIZEVQF-IAROGAJJSA-N
SP_000345,BHPQYMZQTOCNFJ-UHFFFAOYSA-N
SP_000345,CIWBSHSKHKDKBQ-JLAZNSOCSA-N
SP_000345,CZMRCDWAGMRECN-UHFFFAOYSA-N
SP_000345,CZXLHIZQQUJTND-UHFFFAOYSA-N
SP_000345,DHMQDGOQFOQNFH-UHFFFAOYSA-N
SP_000345,DJLTZJGULPLVOA-UHFFFAOYSA-N
SP_000345,DOTJYWQAPHIAIF-UHFFFAOYSA-N
SP_000345,FCGOBISRCUOUQH-UHFFFAOYSA-N
SP_000345,GDBJCCBRRCYCEG-UHFFFAOYSA-N
SP_000345,GUBGYTABKSRVRQ-PICCSMPSSA-N
SP_000345,GUBGYTABKSRVRQ-QKKXKWKRSA-N
SP_000345,GVJHHUAWPYXKBD-IEOSBIPESA-N
SP_000345,GZIFEOYASATJEH-UHFFFAOYSA-N
SP_000345,HKSDVVJONLXYKL-ZFILXNNPSA-N
SP_000345,HUTCYUJPLOTDMX-KEBDBYFISA-N
SP_000345,IIACRCGMVDHOTQ-UHFFFAOYSA-N
SP_000345,JGHZJRVDZXSNKQ-UHFFFAOYSA-N
SP_000345,JIWBIWFOSCKQMA-DFARDDQGSA-N
SP_000345,JLQNHALFVCURHW-UHFFFAOYSA-N
SP_000345,JZRWCGZRTZMZEH-UHFFFAOYSA-N
SP_000345,KBEBGUQPQBELIU-HJWRWDBZSA-N
SP_000345,KDXKERNSBIXSRK-YFKPBYRVSA-N
SP_000345,KEAYESYHFKHZAL-UHFFFAOYSA-N
SP_000345,KJDZDTDNIULJBE-VAWYXSNFSA-N
SP_000345,KQMVAGISDHMXJJ-UHFFFAOYSA-N
SP_000345,KWIUHFFTVRNATP-UHFFFAOYSA-N
SP_000345,LLCYNDRFWDIIQS-WQLSENKSSA-N
SP_000345,LXNHXLLTXMVWPM-UHFFFAOYSA-N
SP_000345,NPYPAHLBTDXSSS-UHFFFAOYSA-N
SP_000345,ODKSFYDXXFIFQN-BYPYZUCNSA-N
SP_000345,OEYIOHPDSNJKLS-UHFFFAOYSA-N
SP_000345,ONIBWKKTOPOVIA-BYPYZUCNSA-N
SP_000345,OUMMPAFEQHTYIZ-UHFFFAOYSA-N
SP_000345,OUYCCCASQSFEME-UHFFFAOYSA-N
SP_000345,OVBPIULPVIDEAO-LBPRGKRZSA-N
SP_000345,PCBSXBYCASFXTM-UHFFFAOYSA-N
SP_000345,PGMBAYKBYBXNNR-UHFFFAOYSA-N
SP_000345,POWISKNFFRUCCW-UHFFFAOYSA-N
SP_000345,PVNIIMVLHYAWGP-UHFFFAOYSA-N
SP_000345,QIVBCDIJIAJPQS-VIFPVBQESA-N
SP_000345,QNAYBMKLOCPYGJ-REOHCLBHSA-N
SP_000345,QUEDXNHFTDJVIY-UHFFFAOYSA-N
SP_000345,ROHFNLRQFUQHCH-UHFFFAOYSA-N
SP_000345,RUDATBOHQWOJDD-JGFDLHJZSA-N
SP_000345,SGNBVLSWZMBQTH-UHFFFAOYSA-N
SP_000345,TXBRTEQRWJPSKE-UHFFFAOYSA-N
SP_000345,UQDUPQYQJKYHQI-UHFFFAOYSA-N
SP_000345,VVPGAJNPGZZNBM-UHFFFAOYSA-N
SP_000346,ADHNTNYEJYJUCU-ZSJFXSENSA-N
SP_000346,BATOPAZDIZEVQF-IAROGAJJSA-N
SP_000346,BHPQYMZQTOCNFJ-UHFFFAOYSA-N
SP_000346,CIWBSHSKHKDKBQ-JLAZNSOCSA-N
SP_000346,CZMRCDWAGMRECN-UGDNZRGBSA-N
SP_000346,CZMRCDWAGMRECN-UHFFFAOYSA-N
SP_000346,CZXLHIZQQUJTND-UHFFFAOYSA-N
SP_000346,DHMQDGOQFOQNFH-UHFFFAOYSA-N
SP_000346,DJLTZJGULPLVOA-UHFFFAOYSA-N
SP_000346,DKHGMERMDICWDU-GHDNBGIDSA-N
SP_000346,DOTJYWQAPHIAIF-UHFFFAOYSA-N
SP_000346,DQGMPXYVZZCNDQ-KBPWROHVSA-N
SP_000346,FCGOBISRCUOUQH-UHFFFAOYSA-N
SP_000346,GDBJCCBRRCYCEG-UHFFFAOYSA-N
SP_000346,GUBGYTABKSRVRQ-PICCSMPSSA-N
SP_000346,GUBGYTABKSRVRQ-QKKXKWKRSA-N
SP_000346,GVJHHUAWPYXKBD-IEOSBIPESA-N
SP_000346,GZIFEOYASATJEH-UHFFFAOYSA-N
SP_000346,HKSDVVJONLXYKL-ZFILXNNPSA-N
SP_000346,HUTCYUJPLOTDMX-KEBDBYFISA-N
SP_000346,HYCLWDHZALFLJV-UHFFFAOYSA-N
SP_000346,IDJXJAJYEFRBPY-UHFFFAOYSA-N
SP_000346,IIACRCGMVDHOTQ-UHFFFAOYSA-N
SP_000346,IMKHDCBNRDRUEB-UHFFFAOYSA-N
SP_000346,IMNZDWZLEPDBAP-UHFFFAOYSA-N
SP_000346,JEKGHHPMLRLCIW-VBVMRKNNSA-N
SP_000346,JGHZJRVDZXSNKQ-UHFFFAOYSA-N
SP_000346,JIWBIWFOSCKQMA-DFARDDQGSA-N
SP_000346,JLQNHALFVCURHW-UHFFFAOYSA-N
SP_000346,JZRWCGZRTZMZEH-UHFFFAOYSA-N
SP_000346,JZVFJDZBLUFKCA-CMDGGOBGSA-N
SP_000346,KBEBGUQPQBELIU-HJWRWDBZSA-N
SP_000346,KDXKERNSBIXSRK-YFKPBYRVSA-N
SP_000346,KEAYESYHFKHZAL-UHFFFAOYSA-N
SP_000346,KJDZDTDNIULJBE-VAWYXSNFSA-N
SP_000346,KQMVAGISDHMXJJ-UHFFFAOYSA-N
SP_000346,KWIUHFFTVRNATP-UHFFFAOYSA-N
SP_000346,LFQSCWFLJHTTHZ-UHFFFAOYSA-N
SP_000346,LLCYNDRFWDIIQS-WQLSENKSSA-N
SP_000346,LOIYMIARKYCTBW-UPHRSURJSA-N
SP_000346,LXNHXLLTXMVWPM-UHFFFAOYSA-N
SP_000346,NPYPAHLBTDXSSS-UHFFFAOYSA-N
SP_000346,OBVNUYXMOLOYPW-UHFFFAOYSA-N
SP_000346,ODKSFYDXXFIFQN-BYPYZUCNSA-N
SP_000346,OEYIOHPDSNJKLS-UHFFFAOYSA-N
SP_000346,ONIBWKKTOPOVIA-BYPYZUCNSA-N
SP_000346,ONYHYSLZNLJFHX-MDAAKZFYSA-N
SP_000346,OUMMPAFEQHTYIZ-UHFFFAOYSA-N
SP_000346,OUYCCCASQSFEME-UHFFFAOYSA-N
SP_000346,OVBPIULPVIDEAO-LBPRGKRZSA-N
SP_000347,ADHNTNYEJYJUCU-ZSJFXSENSA-N
SP_000347,BATOPAZDIZEVQF-IAROGAJJSA-N
SP_000347,BHPQYMZQTOCNFJ-UHFFFAOYSA-N
SP_000347,CIWBSHSKHKDKBQ-JLAZNSOCSA-N
SP_000347,CZMRCDWAGMRECN-UGDNZRGBSA-N
SP_000347,CZMRCDWAGMRECN-UHFFFAOYSA-N
SP_000347,DKHGMERMDICWDU-GHDNBGIDSA-N
SP_000347,DOTJYWQAPHIAIF-UHFFFAOYSA-N
SP_000347,DQGMPXYVZZCNDQ-KBPWROHVSA-N
SP_000347,GDBJCCBRRCYCEG-UHFFFAOYSA-N
SP_000347,GUBGYTABKSRVRQ-PICCSMPSSA-N
SP_000347,GUBGYTABKSRVRQ-QKKXKWKRSA-N
SP_000347,GVJHHUAWPYXKBD-IEOSBIPESA-N
SP_000347,GZIFEOYASATJEH-UHFFFAOYSA-N
SP_000347,HKSDVVJONLXYKL-ZFILXNNPSA-N
SP_000347,HUTCYUJPLOTDMX-KEBDBYFISA-N
SP_000347,HYCLWDHZALFLJV-UHFFFAOYSA-N
SP_000347,IIACRCGMVDHOTQ-UHFFFAOYSA-N
SP_000347,IMKHDCBNRDRUEB-UHFFFAOYSA-N
SP_000347,JEKGHHPMLRLCIW-VBVMRKNNSA-N
SP_000347,JGHZJRVDZXSNKQ-UHFFFAOYSA-N
SP_000347,JIWBIWFOSCKQMA-DFARDDQGSA-N
SP_000347,JLQNHALFVCURHW-UHFFFAOYSA-N
SP_000347,JZRWCGZRTZMZEH-UHFFFAOYSA-N
SP_000347,JZVFJDZBLUFKCA-CMDGGOBGSA-N
SP_000347,KEAYESYHFKHZAL-UHFFFAOYSA-N
SP_000347,KJDZDTDNIULJBE-VAWYXSNFSA-N
SP_000347,LFQSCWFLJHTTHZ-UHFFFAOYSA-N
SP_000347,LLCYNDRFWDIIQS-WQLSENKSSA-N
SP_000347,LOIYMIARKYCTBW-UPHRSURJSA-N
SP_000347,LXNHXLLTXMVWPM-UHFFFAOYSA-N
SP_000347,NPYPAHLBTDXSSS-UHFFFAOYSA-N
SP_000347,OBVNUYXMOLOYPW-UHFFFAOYSA-N
SP_000347,OEYIOHPDSNJKLS-UHFFFAOYSA-N
SP_000347,ONYHYSLZNLJFHX-MDAAKZFYSA-N
SP_000347,OUMMPAFEQHTYIZ-UHFFFAOYSA-N
SP_000347,OVBPIULPVIDEAO-LBPRGKRZSA-N
SP_000347,PCBSXBYCASFXTM-UHFFFAOYSA-N
SP_000347,PGMBAYKBYBXNNR-UHFFFAOYSA-N
SP_000347,POWISKNFFRUCCW-UHFFFAOYSA-N
SP_000347,PVNIIMVLHYAWGP-UHFFFAOYSA-N
SP_000347,QUEDXNHFTDJVIY-UHFFFAOYSA-N
SP_000347,QYSXJUFSXHHAJI-YRZJJWOYSA-N
SP_000347,RUDATBOHQWOJDD-JGFDLHJZSA-N
SP_000347,RYYVLZVUVIJVGH-UHFFFAOYSA-N
SP_000347,SGNBVLSWZMBQTH-UHFFFAOYSA-N
SP_000347,TXBRTEQRWJPSKE-UHFFFAOYSA-N
SP_000347,UQDUPQYQJKYHQI-UHFFFAOYSA-N
SP_000347,VVPGAJNPGZZNBM-UHFFFAOYSA-N
SP_000347,VYFYYTLLBUKUHU-UHFFFAOYSA-N
SP_000348,ADHNTNYEJYJUCU-ZSJFXSENSA-N
SP_000348,BATOPAZDIZEVQF-IAROGAJJSA-N
SP_000348,BHPQYMZQTOCNFJ-UHFFFAOYSA-N
SP_000348,CIWBSHSKHKDKBQ-JLAZNSOCSA-N
SP_000348,CZMRCDWAGMRECN-UGDNZRGBSA-N
SP_000348,CZMRCDWAGMRECN-UHFFFAOYSA-N
SP_000348,CZXLHIZQQUJTND-UHFFFAOYSA-N
SP_000348,DHMQDGOQFOQNFH-UHFFFAOYSA-N
SP_000348,DJLTZJGULPLVOA-UHFFFAOYSA-N
SP_000348,DOTJYWQAPHIAIF-UHFFFAOYSA-N
SP_000348,FCGOBISRCUOUQH-UHFFFAOYSA-N
SP_000348,GDBJCCBRRCYCEG-UHFFFAOYSA-N
SP_000348,GUBGYTABKSRVRQ-PICCSMPSSA-N
SP_000348,GUBGYTABKSRVRQ-QKKXKWKRSA-N
SP_000348,GVJHHUAWPYXKBD-IEOSBIPESA-N
SP_000348,GZIFEOYASATJEH-UHFFFAOYSA-N
SP_000348,HKSDVVJONLXYKL-ZFILXNNPSA-N
SP_000348,HUTCYUJPLOTDMX-KEBDBYFISA-N
SP_000348,HYCLWDHZALFLJV-UHFFFAOYSA-N
SP_000348,IIACRCGMVDHOTQ-UHFFFAOYSA-N
SP_000348,IMKHDCBNRDRUEB-UHFFFAOYSA-N
SP_000348,JEKGHHPMLRLCIW-VBVMRKNNSA-N
SP_000348,JGHZJRVDZXSNKQ-UHFFFAOYSA-N
SP_000348,JIWBIWFOSCKQMA-DFARDDQGSA-N
SP_000348,JLQNHALFVCURHW-UHFFFAOYSA-N
SP_000348,JZRWCGZRTZMZEH-UHFFFAOYSA-N
SP_000348,JZVFJDZBLUFKCA-CMDGGOBGSA-N
SP_000348,KBEBGUQPQBELIU-HJWRWDBZSA-N
SP_000348,KCIQZCNOUZCRGH-UHFFFAOYSA-N
SP_000348,KDXKERNSBIXSRK-YFKPBYRVSA-N
SP_000348,KEAYESYHFKHZAL-UHFFFAOYSA-N
SP_000348,KJDZDTDNIULJBE-VAWYXSNFSA-N
SP_000348,KQMVAGISDHMXJJ-UHFFFAOYSA-N
SP_000348,KWIUHFFTVRNATP-UHFFFAOYSA-N
SP_000348,LFQSCWFLJHTTHZ-UHFFFAOYSA-N
SP_000348,LLCYNDRFWDIIQS-WQLSENKSSA-N
SP_000348,LXNHXLLTXMVWPM-UHFFFAOYSA-N
SP_000348,NPYPAHLBTDXSSS-UHFFFAOYSA-N
SP_000348,OBVNUYXMOLOYPW-UHFFFAOYSA-N
SP_000348,ODKSFYDXXFIFQN-BYPYZUCNSA-N
SP_000348,OEYIOHPDSNJKLS-UHFFFAOYSA-N
SP_000348,ONIBWKKTOPOVIA-BYPYZUCNSA-N
SP_000348,OUMMPAFEQHTYIZ-UHFFFAOYSA-N
SP_000348,OUYCCCASQSFEME-UHFFFAOYSA-N
SP_000348,OVBPIULPVIDEAO-LBPRGKRZSA-N
SP_000348,PCBSXBYCASFXTM-UHFFFAOYSA-N
SP_000348,PGMBAYKBYBXNNR-UHFFFAOYSA-N
SP_000348,POWISKNFFRUCCW-UHFFFAOYSA-N
SP_000348,PVNIIMVLHYAWGP-UHFFFAOYSA-N
SP_000348,QIVBCDIJIAJPQS-VIFPVBQESA-N
SP_000349,ADHNTNYEJYJUCU-ZSJFXSENSA-N
SP_000349,BATOPAZDIZEVQF-IAROGAJJSA-N
SP_000349,BHPQYMZQTOCNFJ-UHFFFAOYSA-N
SP_000349,CIWBSHSKHKDKBQ-JLAZNSOCSA-N
SP_000349,CZMRCDWAGMRECN-UGDNZRGBSA-N
SP_000349,CZMRCDWAGMRECN-UHFFFAOYSA-N
SP_000349,CZXLHIZQQUJTND-UHFFFAOYSA-N
SP_000349,DHMQDGOQFOQNFH-UHFFFAOYSA-N
SP_000349,DJLTZJGULPLVOA-UHFFFAOYSA-N
SP_000349,DKHGMERMDICWDU-GHDNBGIDSA-N
SP_000349,DOTJYWQAPHIAIF-UHFFFAOYSA-N
SP_000349,DQGMPXYVZZCNDQ-KBPWROHVSA-N
SP_000349,FCGOBISRCUOUQH-UHFFFAOYSA-N
SP_000349,GDBJCCBRRCYCEG-UHFFFAOYSA-N
SP_000349,GUBGYTABKSRVRQ-PICCSMPSSA-N
SP_000349,GUBGYTABKSRVRQ-QKKXKWKRSA-N
SP_000349,GVJHHUAWPYXKBD-IEOSBIPESA-N
SP_000349,GZIFEOYASATJEH-UHFFFAOYSA-N
SP_000349,HKSDVVJONLXYKL-ZFILXNNPSA-N
SP_000349,HUTCYUJPLOTDMX-KEBDBYFISA-N
SP_000349,HYCLWDHZALFLJV-UHFFFAOYSA-N
SP_000349,IIACRCGMVDHOTQ-UHFFFAOYSA-N
SP_000349,IMKHDCBNRDRUEB-UHFFFAOYSA-N
SP_000349,JEKGHHPMLRLCIW-VBVMRKNNSA-N
SP_000349,JGHZJRVDZXSNKQ-UHFFFAOYSA-N
SP_000349,JIWBIWFOSCKQMA-DFARDDQGSA-N
SP_000349,JLQNHALFVCURHW-UHFFFAOYSA-N
SP_000349,JZRWCGZRTZMZEH-UHFFFAOYSA-N
SP_000349,JZVFJDZBLUFKCA-CMDGGOBGSA-N
SP_000349,KBEBGUQPQBELIU-HJWRWDBZSA-N
SP_000349,KDXKERNSBIXSRK-YFKPBYRVSA-N
SP_000349,KEAYESYHFKHZAL-UHFFFAOYSA-N
SP_000349,KJDZDTDNIULJBE-VAWYXSNFSA-N
SP_000349,KQMVAGISDHMXJJ-UHFFFAOYSA-N
SP_000349,KWIUHFFTVRNATP-UHFFFAOYSA-N
SP_000349,LFQSCWFLJHTTHZ-UHFFFAOYSA-N
SP_000349,LLCYNDRFWDIIQS-WQLSENKSSA-N
SP_000349,LOIYMIARKYCTBW-UPHRSURJSA-N
SP_000349,LXNHXLLTXMVWPM-UHFFFAOYSA-N
SP_000349,NPYPAHLBTDXSSS-UHFFFAOYSA-N
SP_000349,ODKSFYDXXFIFQN-BYPYZUCNSA-N
SP_000349,OEYIOHPDSNJKLS-UHFFFAOYSA-N
SP_000349,ONIBWKKTOPOVIA-BYPYZUCNSA-N
SP_000349,ONYHYSLZNLJFHX-MDAAKZFYSA-N
SP_000349,OUMMPAFEQHTYIZ-UHFFFAOYSA-N
SP_000349,OUYCCCASQSFEME-UHFFFAOYSA-N
SP_000349,OVBPIULPVIDEAO-LBPRGKRZSA-N
SP_000349,PCBSXBYCASFXTM-UHFFFAOYSA-N
SP_000349,PGMBAYKBYBXNNR-UHFFFAOYSA-N
SP_000349,POWISKNFFRUCCW-UHFFFAOYSA-N
SP_000350,ADHNTNYEJYJUCU-ZSJFXSENSA-N
SP_000350,BATOPAZDIZEVQF-IAROGAJJSA-N
SP_000350,BHPQYMZQTOCNFJ-UHFFFAOYSA-N
SP_000350,CIWBSHSKHKDKBQ-JLAZNSOCSA-N
SP_000350,CZMRCDWAGMRECN-UGDNZRGBSA-N
SP_000350,CZMRCDWAGMRECN-UHFFFAOYSA-N
SP_000350,CZXLHIZQQUJTND-UHFFFAOYSA-N
SP_000350,DHMQDGOQFOQNFH-UHFFFAOYSA-N
SP_000350,DJLTZJGULPLVOA-UHFFFAOYSA-N
SP_000350,DOTJYWQAPHIAIF-UHFFFAOYSA-N
SP_000350,DQGMPXYVZZCNDQ-KBPWROHVSA-N
SP_000350,DSCFFEYYQKSRSV-KLJZZCKASA-N
SP_000350,FCGOBISRCUOUQH-UHFFFAOYSA-N
SP_000350,GDBJCCBRRCYCEG-UHFFFAOYSA-N
SP_000350,GUBGYTABKSRVRQ-PICCSMPSSA-N
SP_000350,GUBGYTABKSRVRQ-QKKXKWKRSA-N
SP_000350,GVFKEVFAPIUOAI-MRCUWXFGSA-N
SP_000350,GVJHHUAWPYXKBD-IEOSBIPESA-N
SP_000350,GZIFEOYASATJEH-UHFFFAOYSA-N
SP_000350,HCXVJBMSMIARIN-PHZDYDNGSA-N
SP_000350,HKSDVVJONLXYKL-ZFILXNNPSA-N
SP_000350,HUTCYUJPLOTDMX-KEBDBYFISA-N
SP_000350,HYCLWDHZALFLJV-UHFFFAOYSA-N
SP_000350,IIACRCGMVDHOTQ-UHFFFAOYSA-N
SP_000350,IMKHDCBNRDRUEB-UHFFFAOYSA-N
SP_000350,IMNZDWZLEPDBAP-UHFFFAOYSA-N
SP_000350,JEKGHHPMLRLCIW-VBVMRKNNSA-N
SP_000350,JGHZJRVDZXSNKQ-UHFFFAOYSA-N
SP_000350,JIWBIWFOSCKQMA-DFARDDQGSA-N
SP_000350,JLQNHALFVCURHW-UHFFFAOYSA-N
SP_000350,JZRWCGZRTZMZEH-UHFFFAOYSA-N
SP_000350,JZVFJDZBLUFKCA-CMDGGOBGSA-N
SP_000350,KBEBGUQPQBELIU-HJWRWDBZSA-N
SP_000350,KCIQZCNOUZCRGH-UHFFFAOYSA-N
SP_000350,KDXKERNSBIXSRK-YFKPBYRVSA-N
SP_000350,KEAYESYHFKHZAL-UHFFFAOYSA-N
SP_000350,KJDZDTDNIULJBE-VAWYXSNFSA-N
SP_000350,KQMVAGISDHMXJJ-UHFFFAOYSA-N
SP_000350,KWIUHFFTVRNATP-UHFFFAOYSA-N
SP_000350,LFQSCWFLJHTTHZ-UHFFFAOYSA-N
SP_000350,LLCYNDRFWDIIQS-WQLSENKSSA-N
SP_000350,LOIYMIARKYCTBW-UPHRSURJSA-N
SP_000350,LXNHXLLTXMVWPM-UHFFFAOYSA-N
SP_000350,NPYPAHLBTDXSSS-UHFFFAOYSA-N
SP_000350,OBVNUYXMOLOYPW-UHFFFAOYSA-N
SP_000350,ODKSFYDXXFIFQN-BYPYZUCNSA-N
SP_000350,OEYIOHPDSNJKLS-UHFFFAOYSA-N
SP_000350,ONIBWKKTOPOVIA-BYPYZUCNSA-N
SP_000350,ONYHYSLZNLJFHX-MDAAKZFYSA-N
SP_000350,OUMMPAFEQHTYIZ-UHFFFAOYSA-N
SP_000351,ADHNTNYEJYJUCU-ZSJFXSENSA-N
SP_000351,BATOPAZDIZEVQF-IAROGAJJSA-N
SP_000351,BHPQYMZQTOCNFJ-UHFFFAOYSA-N
SP_000351,CIWBSHSKHKDKBQ-JLAZNSOCSA-N
SP_000351,CZMRCDWAGMRECN-UGDNZRGBSA-N
SP_000351,CZMRCDWAGMRECN-UHFFFAOYSA-N
SP_000351,CZXLHIZQQUJTND-UHFFFAOYSA-N
SP_000351,DHMQDGOQFOQNFH-UHFFFAOYSA-N
SP_000351,DJLTZJGULPLVOA-UHFFFAOYSA-N
SP_000351,DOTJYWQAPHIAIF-UHFFFAOYSA-N
SP_000351,DQGMPXYVZZCNDQ-KBPWROHVSA-N
SP_000351,FCGOBISRCUOUQH-UHFFFAOYSA-N
SP_000351,GDBJCCBRRCYCEG-UHFFFAOYSA-N
SP_000351,GUBGYTABKSRVRQ-PICCSMPSSA-N
SP_000351,GUBGYTABKSRVRQ-QKKXKWKRSA-N
SP_000351,GVJHHUAWPYXKBD-IEOSBIPESA-N
SP_000351,GZIFEOYASATJEH-UHFFFAOYSA-N
SP_000351,HKSDVVJONLXYKL-ZFILXNNPSA-N
SP_000351,HUTCYUJPLOTDMX-KEBDBYFISA-N
SP_000351,HYCLWDHZALFLJV-UHFFFAOYSA-N
SP_000351,IIACRCGMVDHOTQ-UHFFFAOYSA-N
SP_000351,IMKHDCBNRDRUEB-UHFFFAOYSA-N
SP_000351,IMNZDWZLEPDBAP-UHFFFAOYSA-N
SP_000351,JEKGHHPMLRLCIW-VBVMRKNNSA-N
SP_000351,JGHZJRVDZXSNKQ-UHFFFAOYSA-N
SP_000351,JIWBIWFOSCKQMA-DFARDDQGSA-N
SP_000351,JLQNHALFVCURHW-UHFFFAOYSA-N
SP_000351,JZRWCGZRTZMZEH-UHFFFAOYSA-N
SP_000351,JZVFJDZBLUFKCA-CMDGGOBGSA-N
SP_000351,KBEBGUQPQBELIU-HJWRWDBZSA-N
SP_000351,KCIQZCNOUZCRGH-UHFFFAOYSA-N
SP_000351,KDXKERNSBIXSRK-YFKPBYRVSA-N
SP_000351,KEAYESYHFKHZAL-UHFFFAOYSA-N
SP_000351,KJDZDTDNIULJBE-VAWYXSNFSA-N
SP_000351,KQMVAGISDHMXJJ-UHFFFAOYSA-N
SP_000351,KWIUHFFTVRNATP-UHFFFAOYSA-N
SP_000351,LFQSCWFLJHTTHZ-UHFFFAOYSA-N
SP_000351,LLCYNDRFWDIIQS-WQLSENKSSA-N
SP_000351,LOIYMIARKYCTBW-UPHRSURJSA-N
SP_000351,LXNHXLLTXMVWPM-UHFFFAOYSA-N
SP_000351,NPYPAHLBTDXSSS-UHFFFAOYSA-N
SP_000351,ODKSFYDXXFIFQN-BYPYZUCNSA-N
SP_000351,OEYIOHPDSNJKLS-UHFFFAOYSA-N
SP_000351,ONIBWKKTOPOVIA-BYPYZUCNSA-N
SP_000351,ONYHYSLZNLJFHX-MDAAKZFYSA-N
SP_000351,OUMMPAFEQHTYIZ-UHFFFAOYSA-N
SP_000351,OUYCCCASQSFEME-UHFFFAOYSA-N
SP_000351,OVBPIULPVIDEAO-LBPRGKRZSA-N
SP_000351,PCBSXBYCASFXTM-UHFFFAOYSA-N
SP_000351,PGMBAYKBYBXNNR-UHFFFAOYSA-N
SP_000352,ADHNTNYEJYJUCU-ZSJFXSENSA-N
SP_000352,AMQJEAYHLZJPGS-UHFFFAOYSA-N
SP_000352,BATOPAZDIZEVQF-IAROGAJJSA-N
SP_000352,BHPQYMZQTOCNFJ-UHFFFAOYSA-N
SP_000352,BMZFZTMWBCFKSS-UHFFFAOYSA-N
SP_000352,BSDNZCQPDVTDET-HWKANZROSA-N
SP_000352,BWILYWWHXDGKQA-UHFFFAOYSA-M
SP_000352,BXFOFFBJRFZBQZ-UHFFFAOYSA-N
SP_000352,BYGQBDHUGHBGMD-UHFFFAOYSA-N
SP_000352,CIWBSHSKHKDKBQ-JLAZNSOCSA-N
SP_000352,CZMRCDWAGMRECN-UGDNZRGBSA-N
SP_000352,CZMRCDWAGMRECN-UHFFFAOYSA-N
SP_000352,CZXLHIZQQUJTND-UHFFFAOYSA-N
SP_000352,DHMQDGOQFOQNFH-UHFFFAOYSA-N
SP_000352,DJLTZJGULPLVOA-UHFFFAOYSA-N
SP_000352,DKHGMERMDICWDU-GHDNBGIDSA-N
SP_000352,DOTJYWQAPHIAIF-UHFFFAOYSA-N
SP_000352,DPWVNICGMWYCAP-UHFFFAOYSA-N
SP_000352,DQGMPXYVZZCNDQ-KBPWROHVSA-N
SP_000352,DSCFFEYYQKSRSV-KLJZZCKASA-N
SP_000352,DYSOIAQEKRDXRB-UHFFFAOYSA-N
SP_000352,FBPFZTCFMRRESA-JGWLITMVSA-N
SP_000352,FCEJNLVNFSUDTK-AATRIKPKSA-N
SP_000352,FCGOBISRCUOUQH-UHFFFAOYSA-N
SP_000352,FDCOHGHEADZEGF-OCEACIFDSA-N
SP_000352,FJPGAMCQJNLTJC-UHFFFAOYSA-N
SP_000352,FPIBENZMUTVCEK-JWPKELMXSA-N
SP_000352,FUGYGGDSWSUORM-UHFFFAOYSA-N
SP_000352,GDBJCCBRRCYCEG-UHFFFAOYSA-N
SP_000352,GMXMKSFJQLFOSO-UHFFFAOYSA-N
SP_000352,GUBGYTABKSRVRQ-PICCSMPSSA-N
SP_000352,GUBGYTABKSRVRQ-QKKXKWKRSA-N
SP_000352,GVFKEVFAPIUOAI-MRCUWXFGSA-N
SP_000352,GVJHHUAWPYXKBD-IEOSBIPESA-N
SP_000352,GWYFCOCPABKNJV-UHFFFAOYSA-N
SP_000352,GXANMBISFKBPEX-UHFFFAOYSA-N
SP_000352,GZIFEOYASATJEH-UHFFFAOYSA-N
SP_000352,HCXVJBMSMIARIN-PHZDYDNGSA-N
SP_000352,HEQOJEGTZCTHCF-UHFFFAOYSA-N
SP_000352,HKSDVVJONLXYKL-ZFILXNNPSA-N
SP_000352,HQTKNGJJNNTBLG-WAYWQWQTSA-N
SP_000352,HRAOWRVFLSYJKN-UHFFFAOYSA-N
SP_000352,HUMNYLRZRPPJDN-UHFFFAOYSA-N
SP_000352,HUTCYUJPLOTDMX-KEBDBYFISA-N
SP_000352,HYCLWDHZALFLJV-UHFFFAOYSA-N
SP_000352,IIACRCGMVDHOTQ-UHFFFAOYSA-N
SP_000352,IMKHDCBNRDRUEB-UHFFFAOYSA-N
SP_000352,IMNZDWZLEPDBAP-UHFFFAOYSA-N
SP_000352,IQOJTGSBENZIOL-UHFFFAOYSA-N
SP_000352,IZJDOKYDEWTZSO-UHFFFAOYSA-N
SP_000353,ADHNTNYEJYJUCU-ZSJFXSENSA-N
SP_000353,BATOPAZDIZEVQF-IAROGAJJSA-N
SP_000353,BHPQYMZQTOCNFJ-UHFFFAOYSA-N
SP_000353,CIWBSHSKHKDKBQ-JLAZNSOCSA-N
SP_000353,CZMRCDWAGMRECN-UGDNZRGBSA-N
SP_000353,CZMRCDWAGMRECN-UHFFFAOYSA-N
SP_000353,CZXLHIZQQUJTND-UHFFFAOYSA-N
SP_000353,DHMQDGOQFOQNFH-UHFFFAOYSA-N
SP_000353,DJLTZJGULPLVOA-UHFFFAOYSA-N
SP_000353,DKHGMERMDICWDU-GHDNBGIDSA-N
SP_000353,DOTJYWQAPHIAIF-UHFFFAOYSA-N
SP_000353,DQGMPXYVZZCNDQ-KBPWROHVSA-N
SP_000353,DSCFFEYYQKSRSV-KLJZZCKASA-N
SP_000353,FCGOBISRCUOUQH-UHFFFAOYSA-N
SP_000353,GDBJCCBRRCYCEG-UHFFFAOYSA-N
SP_000353,GUBGYTABKSRVRQ-PICCSMPSSA-N
SP_000353,GUBGYTABKSRVRQ-QKKXKWKRSA-N
SP_000353,GVFKEVFAPIUOAI-MRCUWXFGSA-N
SP_000353,GVJHHUAWPYXKBD-IEOSBIPESA-N
SP_000353,GZIFEOYASATJEH-UHFFFAOYSA-N
SP_000353,HCXVJBMSMIARIN-PHZDYDNGSA-N
SP_000353,HKSDVVJONLXYKL-ZFILXNNPSA-N
SP_000353,HUTCYUJPLOTDMX-KEBDBYFISA-N
SP_000353,HYCLWDHZALFLJV-UHFFFAOYSA-N
SP_000353,IIACRCGMVDHOTQ-UHFFFAOYSA-N
SP_000353,IMKHDCBNRDRUEB-UHFFFAOYSA-N
SP_000353,IMNZDWZLEPDBAP-UHFFFAOYSA-N
SP_000353,JEKGHHPMLRLCIW-VBVMRKNNSA-N
SP_000353,JGHZJRVDZXSNKQ-UHFFFAOYSA-N
SP_000353,JIWBIWFOSCKQMA-DFARDDQGSA-N
SP_000353,JLQNHALFVCURHW-UHFFFAOYSA-N
SP_000353,JZRWCGZRTZMZEH-UHFFFAOYSA-N
SP_000353,JZVFJDZBLUFKCA-CMDGGOBGSA-N
SP_000353,KBEBGUQPQBELIU-HJWRWDBZSA-N
SP_000353,KCIQZCNOUZCRGH-UHFFFAOYSA-N
SP_000353,KDXKERNSBIXSRK-YFKPBYRVSA-N
SP_000353,KEAYESYHFKHZAL-UHFFFAOYSA-N
SP_000353,KJDZDTDNIULJBE-VAWYXSNFSA-N
SP_000353,KQMVAGISDHMXJJ-UHFFFAOYSA-N
SP_000353,KWIUHFFTVRNATP-UHFFFAOYSA-N
SP_000353,LFQSCWFLJHTTHZ-UHFFFAOYSA-N
SP_000353,LLCYNDRFWDIIQS-WQLSENKSSA-N
SP_000353,LOIYMIARKYCTBW-UPHRSURJSA-N
SP_000353,LXNHXLLTXMVWPM-UHFFFAOYSA-N
SP_000353,NPYPAHLBTDXSSS-UHFFFAOYSA-N
SP_000353,ODKSFYDXXFIFQN-BYPYZUCNSA-N
SP_000353,OEYIOHPDSNJKLS-UHFFFAOYSA-N
SP_000353,ONIBWKKTOPOVIA-BYPYZUCNSA-N
SP_000353,ONYHYSLZNLJFHX-MDAAKZFYSA-N
SP_000353,OUMMPAFEQHTYIZ-UHFFFAOYSA-N
SP_000354,ADHNTNYEJYJUCU-ZSJFXSENSA-N
SP_000354,BATOPAZDIZEVQF-IAROGAJJSA-N
SP_000354,BHPQYMZQTOCNFJ-UHFFFAOYSA-N
SP_000354,CIWBSHSKHKDKBQ-JLAZNSOCSA-N
SP_000354,CZXLHIZQQUJTND-UHFFFAOYSA-N
SP_000354,DHMQDGOQFOQNFH-UHFFFAOYSA-N
SP_000354,DJLTZJGULPLVOA-UHFFFAOYSA-N
SP_000354,FCGOBISRCUOUQH-UHFFFAOYSA-N
SP_000354,GDBJCCBRRCYCEG-UHFFFAOYSA-N
SP_000354,IIACRCGMVDHOTQ-UHFFFAOYSA-N
SP_000354,IMKHDCBNRDRUEB-UHFFFAOYSA-N
SP_000354,JGHZJRVDZXSNKQ-UHFFFAOYSA-N
SP_000354,JIWBIWFOSCKQMA-DFARDDQGSA-N
SP_000354,JLQNHALFVCURHW-UHFFFAOYSA-N
SP_000354,JZRWCGZRTZMZEH-UHFFFAOYSA-N
SP_000354,JZVFJDZBLUFKCA-CMDGGOBGSA-N
SP_000354,KBEBGUQPQBELIU-HJWRWDBZSA-N
SP_000354,KCIQZCNOUZCRGH-UHFFFAOYSA-N
SP_000354,KDXKERNSBIXSRK-YFKPBYRVSA-N
SP_000354,KEAYESYHFKHZAL-UHFFFAOYSA-N
SP_000354,KJDZDTDNIULJBE-VAWYXSNFSA-N
SP_000354,KQMVAGISDHMXJJ-UHFFFAOYSA-N
SP_000354,LFQSCWFLJHTTHZ-UHFFFAOYSA-N
SP_000354,LLCYNDRFWDIIQS-WQLSENKSSA-N
SP_000354,LXNHXLLTXMVWPM-UHFFFAOYSA-N
SP_000354,NPYPAHLBTDXSSS-UHFFFAOYSA-N
SP_000354,ODKSFYDXXFIFQN-BYPYZUCNSA-N
SP_000354,ONIBWKKTOPOVIA-BYPYZUCNSA-N
SP_000354,OUYCCCASQSFEME-UHFFFAOYSA-N
SP_000354,OVBPIULPVIDEAO-LBPRGKRZSA-N
SP_000354,PCBSXBYCASFXTM-UHFFFAOYSA-N
SP_000354,PGMBAYKBYBXNNR-UHFFFAOYSA-N
SP_000354,POWISKNFFRUCCW-UHFFFAOYSA-N
SP_000354,PVNIIMVLHYAWGP-UHFFFAOYSA-N
SP_000354,QIVBCDIJIAJPQS-VIFPVBQESA-N
SP_000354,QNAYBMKLOCPYGJ-REOHCLBHSA-N
SP_000354,QYSXJUFSXHHAJI-YRZJJWOYSA-N
SP_000354,ROHFNLRQFUQHCH-UHFFFAOYSA-N
SP_000354,RYYVLZVUVIJVGH-UHFFFAOYSA-N
SP_000354,UQDUPQYQJKYHQI-UHFFFAOYSA-N
SP_000354,VYFYYTLLBUKUHU-UHFFFAOYSA-N
SP_000354,VYGQUTWHTHXGQB-UMNZIDCRSA-N
SP_000354,WEDGVCZUPFZNDE-UHFFFAOYSA-N
SP_000354,WEEGYLXZBRQIMU-UHFFFAOYSA-N
SP_000354,WZVWUSABZGIQJZ-UHFFFAOYSA-N
SP_000354,XWVDCVZOOVTJKF-RIYZIHGNSA-N
SP_000354,YAPQBXQYLJRXSA-UHFFFAOYSA-N
SP_000354,YHWNASRGLKJRJJ-UHFFFAOYSA-N
SP_000354,ZAKOWWREFLAJOT-UHFFFAOYSA-N
SP_000354,ZROGCCBNZBKLEL-MPRHSVQHSA-N
SP_000355,ADHNTNYEJYJUCU-ZSJFXSENSA-N
SP_000355,BATOPAZDIZEVQF-IAROGAJJSA-N
SP_000355,BHPQYMZQTOCNFJ-UHFFFAOYSA-N
SP_000355,CIWBSHSKHKDKBQ-JLAZNSOCSA-N
SP_000355,CZXLHIZQQUJTND-UHFFFAOYSA-N
SP_000355,DHMQDGOQFOQNFH-UHFFFAOYSA-N
SP_000355,DJLTZJGULPLVOA-UHFFFAOYSA-N
SP_000355,FCGOBISRCUOUQH-UHFFFAOYSA-N
SP_000355,IIACRCGMVDHOTQ-UHFFFAOYSA-N
SP_000355,JIWBIWFOSCKQMA-DFARDDQGSA-N
SP_000355,JLQNHALFVCURHW-UHFFFAOYSA-N
SP_000355,JZRWCGZRTZMZEH-UHFFFAOYSA-N
SP_000355,KBEBGUQPQBELIU-HJWRWDBZSA-N
SP_000355,KDXKERNSBIXSRK-YFKPBYRVSA-N
SP_000355,KEAYESYHFKHZAL-UHFFFAOYSA-N
SP_000355,KQMVAGISDHMXJJ-UHFFFAOYSA-N
SP_000355,LLCYNDRFWDIIQS-WQLSENKSSA-N
SP_000355,LXNHXLLTXMVWPM-UHFFFAOYSA-N
SP_000355,NPYPAHLBTDXSSS-UHFFFAOYSA-N
SP_000355,ODKSFYDXXFIFQN-BYPYZUCNSA-N
SP_000355,ONIBWKKTOPOVIA-BYPYZUCNSA-N
SP_000355,OUYCCCASQSFEME-UHFFFAOYSA-N
SP_000355,OVBPIULPVIDEAO-LBPRGKRZSA-N
SP_000355,PCBSXBYCASFXTM-UHFFFAOYSA-N
SP_000355,PGMBAYKBYBXNNR-UHFFFAOYSA-N
SP_000355,POWISKNFFRUCCW-UHFFFAOYSA-N
SP_000355,PVNIIMVLHYAWGP-UHFFFAOYSA-N
SP_000355,QIVBCDIJIAJPQS-VIFPVBQESA-N
SP_000355,QNAYBMKLOCPYGJ-REOHCLBHSA-N
SP_000355,QYSXJUFSXHHAJI-YRZJJWOYSA-N
SP_000355,ROHFNLRQFUQHCH-UHFFFAOYSA-N
SP_000355,VYFYYTLLBUKUHU-UHFFFAOYSA-N
SP_000355,VYGQUTWHTHXGQB-UMNZIDCRSA-N
SP_000355,WEDGVCZUPFZNDE-UHFFFAOYSA-N
SP_000355,WZVWUSABZGIQJZ-UHFFFAOYSA-N
SP_000355,XWVDCVZOOVTJKF-RIYZIHGNSA-N
SP_000355,YHWNASRGLKJRJJ-UHFFFAOYSA-N
SP_000355,ZAKOWWREFLAJOT-UHFFFAOYSA-N
SP_000355,ZVKXPPXCNUMUOR-REWZIMNXSA-N
SP_000356,ADHNTNYEJYJUCU-ZSJFXSENSA-N
SP_000356,BATOPAZDIZEVQF-IAROGAJJSA-N
SP_000356,BHPQYMZQTOCNFJ-UHFFFAOYSA-N
SP_000356,CIWBSHSKHKDKBQ-JLAZNSOCSA-N
SP_000356,CZMRCDWAGMRECN-UGDNZRGBSA-N
SP_000356,CZMRCDWAGMRECN-UHFFFAOYSA-N
SP_000356,CZXLHIZQQUJTND-UHFFFAOYSA-N
SP_000356,DHMQDGOQFOQNFH-UHFFFAOYSA-N
SP_000356,DJLTZJGULPLVOA-UHFFFAOYSA-N
SP_000356,DOTJYWQAPHIAIF-UHFFFAOYSA-N
SP_000356,DQGMPXYVZZCNDQ-KBPWROHVSA-N
SP_000356,FCGOBISRCUOUQH-UHFFFAOYSA-N
SP_000356,GDBJCCBRRCYCEG-UHFFFAOYSA-N
SP_000356,GUBGYTABKSRVRQ-PICCSMPSSA-N
SP_000356,GUBGYTABKSRVRQ-QKKXKWKRSA-N
SP_000356,GVJHHUAWPYXKBD-IEOSBIPESA-N
SP_000356,GZIFEOYASATJEH-UHFFFAOYSA-N
SP_000356,HKSDVVJONLXYKL-ZFILXNNPSA-N
SP_000356,HUTCYUJPLOTDMX-KEBDBYFISA-N
SP_000356,HYCLWDHZALFLJV-UHFFFAOYSA-N
SP_000356,IIACRCGMVDHOTQ-UHFFFAOYSA-N
SP_000356,IMKHDCBNRDRUEB-UHFFFAOYSA-N
SP_000356,IMNZDWZLEPDBAP-UHFFFAOYSA-N
SP_000356,JEKGHHPMLRLCIW-VBVMRKNNSA-N
SP_000356,JGHZJRVDZXSNKQ-UHFFFAOYSA-N
SP_000356,JIWBIWFOSCKQMA-DFARDDQGSA-N
SP_000356,JLQNHALFVCURHW-UHFFFAOYSA-N
SP_000356,JZRWCGZRTZMZEH-UHFFFAOYSA-N
SP_000356,JZVFJDZBLUFKCA-CMDGGOBGSA-N
SP_000356,KBEBGUQPQBELIU-HJWRWDBZSA-N
SP_000356,KCIQZCNOUZCRGH-UHFFFAOYSA-N
SP_000356,KDXKERNSBIXSRK-YFKPBYRVSA-N
SP_000356,KEAYESYHFKHZAL-UHFFFAOYSA-N
SP_000356,KJDZDTDNIULJBE-VAWYXSNFSA-N
SP_000356,KQMVAGISDHMXJJ-UHFFFAOYSA-N
SP_000356,KWIUHFFTVRNATP-UHFFFAOYSA-N
SP_000356,LFQSCWFLJHTTHZ-UHFFFAOYSA-N
SP_000356,LLCYNDRFWDIIQS-WQLSENKSSA-N
SP_000356,LOIYMIARKYCTBW-UPHRSURJSA-N
SP_000356,LXNHXLLTXMVWPM-UHFFFAOYSA-N
SP_000356,NPYPAHLBTDXSSS-UHFFFAOYSA-N
SP_000356,OBVNUYXMOLOYPW-UHFFFAOYSA-N
SP_000356,ODKSFYDXXFIFQN-BYPYZUCNSA-N
SP_000356,OEYIOHPDSNJKLS-UHFFFAOYSA-N
SP_000356,ONIBWKKTOPOVIA-BYPYZUCNSA-N
SP_000356,ONYHYSLZNLJFHX-MDAAKZFYSA-N
SP_000356,OUMMPAFEQHTYIZ-UHFFFAOYSA-N
SP_000356,OUYCCCASQSFEME-UHFFFAOYSA-N
SP_000356,OVBPIULPVIDEAO-LBPRGKRZSA-N
SP_000356,PCBSXBYCASFXTM-UHFFFAOYSA-N
SP_000357,ADHNTNYEJYJUCU-ZSJFXSENSA-N
SP_000357,BATOPAZDIZEVQF-IAROGAJJSA-N
SP_000357,BHPQYMZQTOCNFJ-UHFFFAOYSA-N
SP_000357,CIWBSHSKHKDKBQ-JLAZNSOCSA-N
SP_000357,CZMRCDWAGMRECN-UGDNZRGBSA-N
SP_000357,DOTJYWQAPHIAIF-UHFFFAOYSA-N
SP_000357,GDBJCCBRRCYCEG-UHFFFAOYSA-N
SP_000357,GVJHHUAWPYXKBD-IEOSBIPESA-N
SP_000357,HUTCYUJPLOTDMX-KEBDBYFISA-N
SP_000357,IIACRCGMVDHOTQ-UHFFFAOYSA-N
SP_000357,IMKHDCBNRDRUEB-UHFFFAOYSA-N
SP_000357,JEKGHHPMLRLCIW-VBVMRKNNSA-N
SP_000357,JGHZJRVDZXSNKQ-UHFFFAOYSA-N
SP_000357,JIWBIWFOSCKQMA-DFARDDQGSA-N
SP_000357,JLQNHALFVCURHW-UHFFFAOYSA-N
SP_000357,JZRWCGZRTZMZEH-UHFFFAOYSA-N
SP_000357,JZVFJDZBLUFKCA-CMDGGOBGSA-N
SP_000357,KEAYESYHFKHZAL-UHFFFAOYSA-N
SP_000357,KJDZDTDNIULJBE-VAWYXSNFSA-N
SP_000357,LFQSCWFLJHTTHZ-UHFFFAOYSA-N
SP_000357,LLCYNDRFWDIIQS-WQLSENKSSA-N
SP_000357,LXNHXLLTXMVWPM-UHFFFAOYSA-N
SP_000357,NPYPAHLBTDXSSS-UHFFFAOYSA-N
SP_000357,OEYIOHPDSNJKLS-UHFFFAOYSA-N
SP_000357,OUMMPAFEQHTYIZ-UHFFFAOYSA-N
SP_000357,OVBPIULPVIDEAO-LBPRGKRZSA-N
SP_000357,PCBSXBYCASFXTM-UHFFFAOYSA-N
SP_000357,PGMBAYKBYBXNNR-UHFFFAOYSA-N
SP_000357,POWISKNFFRUCCW-UHFFFAOYSA-N
SP_000357,PVNIIMVLHYAWGP-UHFFFAOYSA-N
SP_000357,QYSXJUFSXHHAJI-YRZJJWOYSA-N
SP_000357,RYYVLZVUVIJVGH-UHFFFAOYSA-N
SP_000357,UQDUPQYQJKYHQI-UHFFFAOYSA-N
SP_000357,VYFYYTLLBUKUHU-UHFFFAOYSA-N
SP_000357,VYGQUTWHTHXGQB-UMNZIDCRSA-N
SP_000357,WEEGYLXZBRQIMU-UHFFFAOYSA-N
SP_000357,XWVDCVZOOVTJKF-RIYZIHGNSA-N
SP_000357,YAPQBXQYLJRXSA-UHFFFAOYSA-N
SP_000357,YHWNASRGLKJRJJ-UHFFFAOYSA-N
SP_000357,ZROGCCBNZBKLEL-MPRHSVQHSA-N
SP_000357,ZVKXPPXCNUMUOR-REWZIMNXSA-N
SP_000358,ADHNTNYEJYJUCU-ZSJFXSENSA-N
SP_000358,BATOPAZDIZEVQF-IAROGAJJSA-N
SP_000358,BHPQYMZQTOCNFJ-UHFFFAOYSA-N
SP_000358,CIWBSHSKHKDKBQ-JLAZNSOCSA-N
SP_000358,CZMRCDWAGMRECN-UGDNZRGBSA-N
SP_000358,CZMRCDWAGMRECN-UHFFFAOYSA-N
SP_000358,CZXLHIZQQUJTND-UHFFFAOYSA-N
SP_000358,DHMQDGOQFOQNFH-UHFFFAOYSA-N
SP_000358,DJLTZJGULPLVOA-UHFFFAOYSA-N
SP_000358,DKHGMERMDICWDU-GHDNBGIDSA-N
SP_000358,DOTJYWQAPHIAIF-UHFFFAOYSA-N
SP_000358,DQGMPXYVZZCNDQ-KBPWROHVSA-N
SP_000358,DSCFFEYYQKSRSV-KLJZZCKASA-N
SP_000358,FCGOBISRCUOUQH-UHFFFAOYSA-N
SP_000358,GDBJCCBRRCYCEG-UHFFFAOYSA-N
SP_000358,GUBGYTABKSRVRQ-PICCSMPSSA-N
SP_000358,GUBGYTABKSRVRQ-QKKXKWKRSA-N
SP_000358,GVFKEVFAPIUOAI-MRCUWXFGSA-N
SP_000358,GVJHHUAWPYXKBD-IEOSBIPESA-N
SP_000358,GZIFEOYASATJEH-UHFFFAOYSA-N
SP_000358,HCXVJBMSMIARIN-PHZDYDNGSA-N
SP_000358,HKSDVVJONLXYKL-ZFILXNNPSA-N
SP_000358,HUTCYUJPLOTDMX-KEBDBYFISA-N
SP_000358,HYCLWDHZALFLJV-UHFFFAOYSA-N
SP_000358,IIACRCGMVDHOTQ-UHFFFAOYSA-N
SP_000358,IMKHDCBNRDRUEB-UHFFFAOYSA-N
SP_000358,IMNZDWZLEPDBAP-UHFFFAOYSA-N
SP_000358,JEKGHHPMLRLCIW-VBVMRKNNSA-N
SP_000358,JGHZJRVDZXSNKQ-UHFFFAOYSA-N
SP_000358,JIWBIWFOSCKQMA-DFARDDQGSA-N
SP_000358,JLQNHALFVCURHW-UHFFFAOYSA-N
SP_000358,JZRWCGZRTZMZEH-UHFFFAOYSA-N
SP_000358,JZVFJDZBLUFKCA-CMDGGOBGSA-N
SP_000358,KBEBGUQPQBELIU-HJWRWDBZSA-N
SP_000358,KCIQZCNOUZCRGH-UHFFFAOYSA-N
SP_000358,KDXKERNSBIXSRK-YFKPBYRVSA-N
SP_000358,KEAYESYHFKHZAL-UHFFFAOYSA-N
SP_000358,KJDZDTDNIULJBE-VAWYXSNFSA-N
SP_000358,KQMVAGISDHMXJJ-UHFFFAOYSA-N
SP_000358,KWIUHFFTVRNATP-UHFFFAOYSA-N
SP_000358,LFQSCWFLJHTTHZ-UHFFFAOYSA-N
SP_000358,LLCYNDRFWDIIQS-WQLSENKSSA-N
SP_000358,LOIYMIARKYCTBW-UPHRSURJSA-N
SP_000358,LXNHXLLTXMVWPM-UHFFFAOYSA-N
SP_000358,NPYPAHLBTDXSSS-UHFFFAOYSA-N
SP_000358,OBVNUYXMOLOYPW-UHFFFAOYSA-N
SP_000358,ODKSFYDXXFIFQN-BYPYZUCNSA-N
SP_000358,OEYIOHPDSNJKLS-UHFFFAOYSA-N
SP_000358,ONIBWKKTOPOVIA-BYPYZUCNSA-N
SP_000358,OUMMPAFEQHTYIZ-UHFFFAOYSA-N
SP_000359,ADHNTNYEJYJUCU-ZSJFXSENSA-N
SP_000359,BATOPAZDIZEVQF-IAROGAJJSA-N
SP_000359,BHPQYMZQTOCNFJ-UHFFFAOYSA-N
SP_000359,CIWBSHSKHKDKBQ-JLAZNSOCSA-N
SP_000359,CZMRCDWAGMRECN-UGDNZRGBSA-N
SP_000359,CZMRCDWAGMRECN-UHFFFAOYSA-N
SP_000359,CZXLHIZQQUJTND-UHFFFAOYSA-N
SP_000359,DHMQDGOQFOQNFH-UHFFFAOYSA-N
SP_000359,DJLTZJGULPLVOA-UHFFFAOYSA-N
SP_000359,DOTJYWQAPHIAIF-UHFFFAOYSA-N
SP_000359,DQGMPXYVZZCNDQ-KBPWROHVSA-N
SP_000359,FCGOBISRCUOUQH-UHFFFAOYSA-N
SP_000359,GDBJCCBRRCYCEG-UHFFFAOYSA-N
SP_000359,GUBGYTABKSRVRQ-PICCSMPSSA-N
SP_000359,GUBGYTABKSRVRQ-QKKXKWKRSA-N
SP_000359,GVJHHUAWPYXKBD-IEOSBIPESA-N
SP_000359,GZIFEOYASATJEH-UHFFFAOYSA-N
SP_000359,HKSDVVJONLXYKL-ZFILXNNPSA-N
SP_000359,HUTCYUJPLOTDMX-KEBDBYFISA-N
SP_000359,HYCLWDHZALFLJV-UHFFFAOYSA-N
SP_000359,IIACRCGMVDHOTQ-UHFFFAOYSA-N
SP_000359,IMKHDCBNRDRUEB-UHFFFAOYSA-N
SP_000359,JEKGHHPMLRLCIW-VBVMRKNNSA-N
SP_000359,JGHZJRVDZXSNKQ-UHFFFAOYSA-N
SP_000359,JIWBIWFOSCKQMA-DFARDDQGSA-N
SP_000359,JLQNHALFVCURHW-UHFFFAOYSA-N
SP_000359,JZRWCGZRTZMZEH-UHFFFAOYSA-N
SP_000359,JZVFJDZBLUFKCA-CMDGGOBGSA-N
SP_000359,KBEBGUQPQBELIU-HJWRWDBZSA-N
SP_000359,KDXKERNSBIXSRK-YFKPBYRVSA-N
SP_000359,KEAYESYHFKHZAL-UHFFFAOYSA-N
SP_000359,KJDZDTDNIULJBE-VAWYXSNFSA-N
SP_000359,KQMVAGISDHMXJJ-UHFFFAOYSA-N
SP_000359,LFQSCWFLJHTTHZ-UHFFFAOYSA-N
SP_000359,LLCYNDRFWDIIQS-WQLSENKSSA-N
SP_000359,LXNHXLLTXMVWPM-UHFFFAOYSA-N
SP_000359,NPYPAHLBTDXSSS-UHFFFAOYSA-N
SP_000359,ODKSFYDXXFIFQN-BYPYZUCNSA-N
SP_000359,OEYIOHPDSNJKLS-UHFFFAOYSA-N
SP_000359,ONIBWKKTOPOVIA-BYPYZUCNSA-N
SP_000359,OUMMPAFEQHTYIZ-UHFFFAOYSA-N
SP_000359,OUYCCCASQSFEME-UHFFFAOYSA-N
SP_000359,OVBPIULPVIDEAO-LBPRGKRZSA-N
SP_000359,PCBSXBYCASFXTM-UHFFFAOYSA-N
SP_000359,PGMBAYKBYBXNNR-UHFFFAOYSA-N
SP_000359,POWISKNFFRUCCW-UHFFFAOYSA-N
SP_000359,PVNIIMVLHYAWGP-UHFFFAOYSA-N
SP_000359,QIVBCDIJIAJPQS-VIFPVBQESA-N
SP_000359,QNAYBMKLOCPYGJ-REOHCLBHSA-N
SP_000359,QUEDXNHFTDJVIY-UHFFFAOYSA-N
SP_000360,AABKSFWWBUPVNY-NVCPWDGJSA-N
SP_000360,AAFBEFOSCLMOTF-KXBCQOCRSA-N
SP_000360,AAFBEFOSCLMOTF-RRPFJGJLSA-N
SP_000360,AANZTOSGIRNZNM-LNOKNGNPSA-N
SP_000360,AAPGXBRKBIUCMQ-GWHBCOKCSA-N
SP_000360,AAWNBEJOCRYVJE-QNGWXLTQSA-N
SP_000360,AAXMCYUUKFLUMJ-JSFHAIONSA-N
SP_000360,AAXMCYUUKFLUMJ-TWDRBPDCSA-N
SP_000360,AAZOMBJKSJQDHJ-ZBRBWIFHSA-N
SP_000360,ABBYYPGQJRBTGA-NESBLOORSA-N
SP_000360,ABFJWRKPWCFTQP-JKFVOKSPSA-N
SP_000360,ABFJWRKPWCFTQP-XSMLMOGHSA-N
SP_000360,ABRHOUKZOUNSSK-FVEAQGRNSA-N
SP_000360,ABUKPIBHMMLQDI-RCOVLANCSA-N
SP_000360,ACGLCDJEASKGDO-JSYPMYMJSA-N
SP_000360,ACLPCAOOWJUVLL-DZKYTWFZSA-N
SP_000360,ACLQSYLJAZRTAP-XAFBQJBNSA-N
SP_000360,ACTHNCRNFFCCAQ-PLKVWTDNSA-N
SP_000360,ACTHNCRNFFCCAQ-YNQDZHFMSA-N
SP_000360,ADCKHLSRWCXEIY-GGAPOBRUSA-N
SP_000360,ADHKIZQYPQGIRC-ACSKKKSPSA-N
SP_000360,ADHKIZQYPQGIRC-SOZVHHJESA-N
SP_000360,ADHNTNYEJYJUCU-ZSJFXSENSA-N
SP_000360,ADKNUXINKGBJMY-LDLOPFEMSA-N
SP_000360,ADMGMAPZAQUXIR-VRHMUEQPSA-N
SP_000360,ADNSYCXWAHUWTA-SYOMJGEJSA-N
SP_000360,ADYPMBBPSUQKED-VOLCNUBSSA-N
SP_000360,ADZPFIMEBZGRHB-ILJAMNOWSA-N
SP_000360,AEIJGHDRIPTRQY-UBTAJKBJSA-N
SP_000360,AESBAQNLQIQXNK-BMFSGJJHSA-N
SP_000360,AETXDQTWHNBCRO-QLKFWGTOSA-N
SP_000360,AEXNGRVFOMIYOW-ICFOKQHNSA-N
SP_000360,AFFQVAIMWFYJJS-DTHFMEMVSA-N
SP_000360,AFIGVZAQSPJHEE-ZZSOQTNOSA-N
SP_000360,AFMQYZXPYJFAPA-VXVUXWGWSA-N
SP_000360,AFMQYZXPYJFAPA-WOGGMIHASA-N
SP_000360,AFSGMNCJOAPJOR-GODAVPAZSA-N
SP_000360,AFSHUZFNMVJNKX-LLWMBOQKSA-N
SP_000360,AFWVVPIAVLFQOY-HNCVWURRSA-N
SP_000360,AFWVVPIAVLFQOY-QMNOEWNESA-N
SP_000360,AGBLBGGDMGJYFQ-FIACFBACSA-N
SP_000360,AGBLBGGDMGJYFQ-GKJJFOOMSA-N
SP_000360,AGEDXKMYUUORTP-QLKFWGTOSA-N
SP_000360,AGKVNKMBWJSNKY-ZZEZOPTASA-N
SP_000360,AGXFHKUZXQPREM-SWGBUSHLSA-N
SP_000360,AGXFHKUZXQPREM-VBDNUALRSA-N
SP_000360,AGZKWUAHBZQQNY-KYTQBJKTSA-N
SP_000360,AGZKWUAHBZQQNY-OSOYSHGCSA-N
SP_000360,AHAUBJRIXRHFSJ-HUESYALOSA-N
SP_000360,AHEPKIJTHGCAOA-HUESYALOSA-N
SP_000361,ADHNTNYEJYJUCU-ZSJFXSENSA-N
SP_000361,BATOPAZDIZEVQF-IAROGAJJSA-N
SP_000361,BHPQYMZQTOCNFJ-UHFFFAOYSA-N
SP_000361,CIWBSHSKHKDKBQ-JLAZNSOCSA-N
SP_000361,CZMRCDWAGMRECN-UGDNZRGBSA-N
SP_000361,CZMRCDWAGMRECN-UHFFFAOYSA-N
SP_000361,CZXLHIZQQUJTND-UHFFFAOYSA-N
SP_000361,DHMQDGOQFOQNFH-UHFFFAOYSA-N
SP_000361,DJLTZJGULPLVOA-UHFFFAOYSA-N
SP_000361,DKHGMERMDICWDU-GHDNBGIDSA-N
SP_000361,DOTJYWQAPHIAIF-UHFFFAOYSA-N
SP_000361,FCGOBISRCUOUQH-UHFFFAOYSA-N
SP_000361,GDBJCCBRRCYCEG-UHFFFAOYSA-N
SP_000361,GUBGYTABKSRVRQ-PICCSMPSSA-N
SP_000361,GUBGYTABKSRVRQ-QKKXKWKRSA-N
SP_000361,GVJHHUAWPYXKBD-IEOSBIPESA-N
SP_000361,GZIFEOYASATJEH-UHFFFAOYSA-N
SP_000361,HKSDVVJONLXYKL-ZFILXNNPSA-N
SP_000361,HUTCYUJPLOTDMX-KEBDBYFISA-N
SP_000361,HYCLWDHZALFLJV-UHFFFAOYSA-N
SP_000361,IIACRCGMVDHOTQ-UHFFFAOYSA-N
SP_000361,IMKHDCBNRDRUEB-UHFFFAOYSA-N
SP_000361,IMNZDWZLEPDBAP-UHFFFAOYSA-N
SP_000361,JEKGHHPMLRLCIW-VBVMRKNNSA-N
SP_000361,JGHZJRVDZXSNKQ-UHFFFAOYSA-N
SP_000361,JIWBIWFOSCKQMA-DFARDDQGSA-N
SP_000361,JLQNHALFVCURHW-UHFFFAOYSA-N
SP_000361,JZRWCGZRTZMZEH-UHFFFAOYSA-N
SP_000361,JZVFJDZBLUFKCA-CMDGGOBGSA-N
SP_000361,KBEBGUQPQBELIU-HJWRWDBZSA-N
SP_000361,KCIQZCNOUZCRGH-UHFFFAOYSA-N
SP_000361,KDXKERNSBIXSRK-YFKPBYRVSA-N
SP_000361,KEAYESYHFKHZAL-UHFFFAOYSA-N
SP_000361,KJDZDTDNIULJBE-VAWYXSNFSA-N
SP_000361,KQMVAGISDHMXJJ-UHFFFAOYSA-N
SP_000361,KWIUHFFTVRNATP-UHFFFAOYSA-N
SP_000361,LFQSCWFLJHTTHZ-UHFFFAOYSA-N
SP_000361,LLCYNDRFWDIIQS-WQLSENKSSA-N
SP_000361,LXNHXLLTXMVWPM-UHFFFAOYSA-N
SP_000361,NPYPAHLBTDXSSS-UHFFFAOYSA-N
SP_000361,ODKSFYDXXFIFQN-BYPYZUCNSA-N
SP_000361,OEYIOHPDSNJKLS-UHFFFAOYSA-N
SP_000361,ONIBWKKTOPOVIA-BYPYZUCNSA-N
SP_000361,OUMMPAFEQHTYIZ-UHFFFAOYSA-N
SP_000361,OUYCCCASQSFEME-UHFFFAOYSA-N
SP_000361,OVBPIULPVIDEAO-LBPRGKRZSA-N
SP_000361,PCBSXBYCASFXTM-UHFFFAOYSA-N
SP_000361,PGMBAYKBYBXNNR-UHFFFAOYSA-N
SP_000361,POWISKNFFRUCCW-UHFFFAOYSA-N
SP_000361,PVNIIMVLHYAWGP-UHFFFAOYSA-N
SP_000362,ADHNTNYEJYJUCU-ZSJFXSENSA-N
SP_000362,BATOPAZDIZEVQF-IAROGAJJSA-N
SP_000362,BHPQYMZQTOCNFJ-UHFFFAOYSA-N
SP_000362,CIWBSHSKHKDKBQ-JLAZNSOCSA-N
SP_000362,CZMRCDWAGMRECN-UGDNZRGBSA-N
SP_000362,DOTJYWQAPHIAIF-UHFFFAOYSA-N
SP_000362,GDBJCCBRRCYCEG-UHFFFAOYSA-N
SP_000362,GVJHHUAWPYXKBD-IEOSBIPESA-N
SP_000362,HUTCYUJPLOTDMX-KEBDBYFISA-N
SP_000362,IIACRCGMVDHOTQ-UHFFFAOYSA-N
SP_000362,IMKHDCBNRDRUEB-UHFFFAOYSA-N
SP_000362,JEKGHHPMLRLCIW-VBVMRKNNSA-N
SP_000362,JGHZJRVDZXSNKQ-UHFFFAOYSA-N
SP_000362,JIWBIWFOSCKQMA-DFARDDQGSA-N
SP_000362,JLQNHALFVCURHW-UHFFFAOYSA-N
SP_000362,JZRWCGZRTZMZEH-UHFFFAOYSA-N
SP_000362,JZVFJDZBLUFKCA-CMDGGOBGSA-N
SP_000362,KEAYESYHFKHZAL-UHFFFAOYSA-N
SP_000362,KJDZDTDNIULJBE-VAWYXSNFSA-N
SP_000362,LFQSCWFLJHTTHZ-UHFFFAOYSA-N
SP_000362,LXNHXLLTXMVWPM-UHFFFAOYSA-N
SP_000362,NPYPAHLBTDXSSS-UHFFFAOYSA-N
SP_000362,OEYIOHPDSNJKLS-UHFFFAOYSA-N
SP_000362,OUMMPAFEQHTYIZ-UHFFFAOYSA-N
SP_000362,OVBPIULPVIDEAO-LBPRGKRZSA-N
SP_000362,PCBSXBYCASFXTM-UHFFFAOYSA-N
SP_000362,POWISKNFFRUCCW-UHFFFAOYSA-N
SP_000362,PVNIIMVLHYAWGP-UHFFFAOYSA-N
SP_000362,QYSXJUFSXHHAJI-YRZJJWOYSA-N
SP_000362,RYYVLZVUVIJVGH-UHFFFAOYSA-N
SP_000362,UQDUPQYQJKYHQI-UHFFFAOYSA-N
SP_000362,VYFYYTLLBUKUHU-UHFFFAOYSA-N
SP_000362,VYGQUTWHTHXGQB-UMNZIDCRSA-N
SP_000362,WEEGYLXZBRQIMU-UHFFFAOYSA-N
SP_000362,XWVDCVZOOVTJKF-RIYZIHGNSA-N
SP_000362,YAPQBXQYLJRXSA-UHFFFAOYSA-N
SP_000362,YHWNASRGLKJRJJ-UHFFFAOYSA-N
SP_000362,ZROGCCBNZBKLEL-MPRHSVQHSA-N
SP_000362,ZVKXPPXCNUMUOR-REWZIMNXSA-N
SP_000363,ADHNTNYEJYJUCU-ZSJFXSENSA-N
SP_000363,BATOPAZDIZEVQF-IAROGAJJSA-N
SP_000363,BHPQYMZQTOCNFJ-UHFFFAOYSA-N
SP_000363,CIWBSHSKHKDKBQ-JLAZNSOCSA-N
SP_000363,CZMRCDWAGMRECN-UGDNZRGBSA-N
SP_000363,CZXLHIZQQUJTND-UHFFFAOYSA-N
SP_000363,DHMQDGOQFOQNFH-UHFFFAOYSA-N
SP_000363,DJLTZJGULPLVOA-UHFFFAOYSA-N
SP_000363,DOTJYWQAPHIAIF-UHFFFAOYSA-N
SP_000363,DXYUAIFZCFRPTH-UHFFFAOYSA-N
SP_000363,FCGOBISRCUOUQH-UHFFFAOYSA-N
SP_000363,GDBJCCBRRCYCEG-UHFFFAOYSA-N
SP_000363,GLKCOBIIZKYKFN-UHFFFAOYSA-N
SP_000363,GVJHHUAWPYXKBD-IEOSBIPESA-N
SP_000363,HUTCYUJPLOTDMX-KEBDBYFISA-N
SP_000363,IIACRCGMVDHOTQ-UHFFFAOYSA-N
SP_000363,IMKHDCBNRDRUEB-UHFFFAOYSA-N
SP_000363,JEKGHHPMLRLCIW-VBVMRKNNSA-N
SP_000363,JGHZJRVDZXSNKQ-UHFFFAOYSA-N
SP_000363,JIWBIWFOSCKQMA-DFARDDQGSA-N
SP_000363,JLQNHALFVCURHW-UHFFFAOYSA-N
SP_000363,JZRWCGZRTZMZEH-UHFFFAOYSA-N
SP_000363,JZVFJDZBLUFKCA-CMDGGOBGSA-N
SP_000363,KBEBGUQPQBELIU-HJWRWDBZSA-N
SP_000363,KDXKERNSBIXSRK-YFKPBYRVSA-N
SP_000363,KEAYESYHFKHZAL-UHFFFAOYSA-N
SP_000363,KJDZDTDNIULJBE-VAWYXSNFSA-N
SP_000363,KQMVAGISDHMXJJ-UHFFFAOYSA-N
SP_000363,KYWIYKKSMDLRDC-UHFFFAOYSA-N
SP_000363,LFQSCWFLJHTTHZ-UHFFFAOYSA-N
SP_000363,LLCYNDRFWDIIQS-WQLSENKSSA-N
SP_000363,LXNHXLLTXMVWPM-UHFFFAOYSA-N
SP_000363,NPYPAHLBTDXSSS-UHFFFAOYSA-N
SP_000363,ODKSFYDXXFIFQN-BYPYZUCNSA-N
SP_000363,OEYIOHPDSNJKLS-UHFFFAOYSA-N
SP_000363,ONIBWKKTOPOVIA-BYPYZUCNSA-N
SP_000363,OUMMPAFEQHTYIZ-UHFFFAOYSA-N
SP_000363,OUYCCCASQSFEME-UHFFFAOYSA-N
SP_000363,OVBPIULPVIDEAO-LBPRGKRZSA-N
SP_000363,PCBSXBYCASFXTM-UHFFFAOYSA-N
SP_000363,PGMBAYKBYBXNNR-UHFFFAOYSA-N
SP_000363,POWISKNFFRUCCW-UHFFFAOYSA-N
SP_000363,PVNIIMVLHYAWGP-UHFFFAOYSA-N
SP_000363,QIVBCDIJIAJPQS-VIFPVBQESA-N
SP_000363,QNAYBMKLOCPYGJ-REOHCLBHSA-N
SP_000363,QYSXJUFSXHHAJI-YRZJJWOYSA-N
SP_000363,ROHFNLRQFUQHCH-UHFFFAOYSA-N
SP_000363,RYYVLZVUVIJVGH-UHFFFAOYSA-N
SP_000363,UQDUPQYQJKYHQI-UHFFFAOYSA-N
SP_000363,VYFYYTLLBUKUHU-UHFFFAOYSA-N
SP_000364,AABKSFWWBUPVNY-NVCPWDGJSA-N
SP_000364,AAFBEFOSCLMOTF-KXBCQOCRSA-N
SP_000364,AAFBEFOSCLMOTF-RRPFJGJLSA-N
SP_000364,AANZTOSGIRNZNM-LNOKNGNPSA-N
SP_000364,AAPGXBRKBIUCMQ-GWHBCOKCSA-N
SP_000364,AAWNBEJOCRYVJE-QNGWXLTQSA-N
SP_000364,AAXMCYUUKFLUMJ-JSFHAIONSA-N
SP_000364,AAXMCYUUKFLUMJ-TWDRBPDCSA-N
SP_000364,AAZOMBJKSJQDHJ-ZBRBWIFHSA-N
SP_000364,ABBYYPGQJRBTGA-NESBLOORSA-N
SP_000364,ABFJWRKPWCFTQP-JKFVOKSPSA-N
SP_000364,ABFJWRKPWCFTQP-XSMLMOGHSA-N
SP_000364,ABRHOUKZOUNSSK-FVEAQGRNSA-N
SP_000364,ABUKPIBHMMLQDI-RCOVLANCSA-N
SP_000364,ABVCUBUIXWJYSE-UHFFFAOYSA-O
SP_000364,ACGLCDJEASKGDO-JSYPMYMJSA-N
SP_000364,ACLPCAOOWJUVLL-DZKYTWFZSA-N
SP_000364,ACLQSYLJAZRTAP-XAFBQJBNSA-N
SP_000364,ACTHNCRNFFCCAQ-PLKVWTDNSA-N
SP_000364,ACTHNCRNFFCCAQ-YNQDZHFMSA-N
SP_000364,ACZVSMNFVFBOTM-UHFFFAOYSA-N
SP_000364,ADCKHLSRWCXEIY-GGAPOBRUSA-N
SP_000364,ADHKIZQYPQGIRC-ACSKKKSPSA-N
SP_000364,ADHKIZQYPQGIRC-SOZVHHJESA-N
SP_000364,ADHNTNYEJYJUCU-ZSJFXSENSA-N
SP_000364,ADKNUXINKGBJMY-LDLOPFEMSA-N
SP_000364,ADMGMAPZAQUXIR-VRHMUEQPSA-N
SP_000364,ADNSYCXWAHUWTA-SYOMJGEJSA-N
SP_000364,ADYPMBBPSUQKED-VOLCNUBSSA-N
SP_000364,ADZPFIMEBZGRHB-ILJAMNOWSA-N
SP_000364,AEIJGHDRIPTRQY-UBTAJKBJSA-N
SP_000364,AESBAQNLQIQXNK-BMFSGJJHSA-N
SP_000364,AETXDQTWHNBCRO-QLKFWGTOSA-N
SP_000364,AEXNGRVFOMIYOW-ICFOKQHNSA-N
SP_000364,AFFQVAIMWFYJJS-DTHFMEMVSA-N
SP_000364,AFIGVZAQSPJHEE-ZZSOQTNOSA-N
SP_000364,AFMQYZXPYJFAPA-VXVUXWGWSA-N
SP_000364,AFMQYZXPYJFAPA-WOGGMIHASA-N
SP_000364,AFOLOMGWVXKIQL-UHFFFAOYSA-O
SP_000364,AFSGMNCJOAPJOR-GODAVPAZSA-N
SP_000364,AFSHUZFNMVJNKX-LLWMBOQKSA-N
SP_000364,AFWVVPIAVLFQOY-HNCVWURRSA-N
SP_000364,AFWVVPIAVLFQOY-QMNOEWNESA-N
SP_000364,AGBLBGGDMGJYFQ-FIACFBACSA-N
SP_000364,AGBLBGGDMGJYFQ-GKJJFOOMSA-N
SP_000364,AGEDXKMYUUORTP-QLKFWGTOSA-N
SP_000364,AGKVNKMBWJSNKY-ZZEZOPTASA-N
SP_000364,AGXFHKUZXQPREM-SWGBUSHLSA-N
SP_000364,AGXFHKUZXQPREM-VBDNUALRSA-N
SP_000364,AGZKWUAHBZQQNY-KYTQBJKTSA-N
SP_000365,AABKSFWWBUPVNY-NVCPWDGJSA-N
SP_000365,AAFBEFOSCLMOTF-KXBCQOCRSA-N
SP_000365,AAFBEFOSCLMOTF-RRPFJGJLSA-N
SP_000365,AANZTOSGIRNZNM-LNOKNGNPSA-N
SP_000365,AAPGXBRKBIUCMQ-GWHBCOKCSA-N
SP_000365,AAWNBEJOCRYVJE-QNGWXLTQSA-N
SP_000365,AAXMCYUUKFLUMJ-JSFHAIONSA-N
SP_000365,AAXMCYUUKFLUMJ-TWDRBPDCSA-N
SP_000365,AAZOMBJKSJQDHJ-ZBRBWIFHSA-N
SP_000365,ABBYYPGQJRBTGA-NESBLOORSA-N
SP_000365,ABFJWRKPWCFTQP-JKFVOKSPSA-N
SP_000365,ABFJWRKPWCFTQP-XSMLMOGHSA-N
SP_000365,ABRHOUKZOUNSSK-FVEAQGRNSA-N
SP_000365,ABUKPIBHMMLQDI-RCOVLANCSA-N
SP_000365,ACGLCDJEASKGDO-JSYPMYMJSA-N
SP_000365,ACLPCAOOWJUVLL-DZKYTWFZSA-N
SP_000365,ACLQSYLJAZRTAP-XAFBQJBNSA-N
SP_000365,ACTHNCRNFFCCAQ-PLKVWTDNSA-N
SP_000365,ACTHNCRNFFCCAQ-YNQDZHFMSA-N
SP_000365,ADCKHLSRWCXEIY-GGAPOBRUSA-N
SP_000365,ADHKIZQYPQGIRC-ACSKKKSPSA-N
SP_000365,ADHKIZQYPQGIRC-SOZVHHJESA-N
SP_000365,ADHNTNYEJYJUCU-ZSJFXSENSA-N
SP_000365,ADKNUXINKGBJMY-LDLOPFEMSA-N
SP_000365,ADMGMAPZAQUXIR-VRHMUEQPSA-N
SP_000365,ADNSYCXWAHUWTA-SYOMJGEJSA-N
SP_000365,ADYPMBBPSUQKED-VOLCNUBSSA-N
SP_000365,ADZPFIMEBZGRHB-ILJAMNOWSA-N
SP_000365,AEIJGHDRIPTRQY-UBTAJKBJSA-N
SP_000365,AESBAQNLQIQXNK-BMFSGJJHSA-N
SP_000365,AETXDQTWHNBCRO-QLKFWGTOSA-N
SP_000365,AEXNGRVFOMIYOW-ICFOKQHNSA-N
SP_000365,AFFQVAIMWFYJJS-DTHFMEMVSA-N
SP_000365,AFIGVZAQSPJHEE-ZZSOQTNOSA-N
SP_000365,AFMQYZXPYJFAPA-VXVUXWGWSA-N
SP_000365,AFMQYZXPYJFAPA-WOGGMIHASA-N
SP_000365,AFSGMNCJOAPJOR-GODAVPAZSA-N
SP_000365,AFSHUZFNMVJNKX-LLWMBOQKSA-N
SP_000365,AFWVVPIAVLFQOY-HNCVWURRSA-N
SP_000365,AFWVVPIAVLFQOY-QMNOEWNESA-N
SP_000365,AGBLBGGDMGJYFQ-FIACFBACSA-N
SP_000365,AGBLBGGDMGJYFQ-GKJJFOOMSA-N
SP_000365,AGEDXKMYUUORTP-QLKFWGTOSA-N
SP_000365,AGKVNKMBWJSNKY-ZZEZOPTASA-N
SP_000365,AGXFHKUZXQPREM-SWGBUSHLSA-N
SP_000365,AGXFHKUZXQPREM-VBDNUALRSA-N
SP_000365,AGZKWUAHBZQQNY-KYTQBJKTSA-N
SP_000365,AGZKWUAHBZQQNY-OSOYSHGCSA-N
SP_000365,AHAUBJRIXRHFSJ-HUESYALOSA-N
SP_000365,AHEPKIJTHGCAOA-HUESYALOSA-N
SP_000366,ADHNTNYEJYJUCU-ZSJFXSENSA-N
SP_000366,BATOPAZDIZEVQF-IAROGAJJSA-N
SP_000366,BHPQYMZQTOCNFJ-UHFFFAOYSA-N
SP_000366,CIWBSHSKHKDKBQ-JLAZNSOCSA-N
SP_000366,CZXLHIZQQUJTND-UHFFFAOYSA-N
SP_000366,DHMQDGOQFOQNFH-UHFFFAOYSA-N
SP_000366,DJLTZJGULPLVOA-UHFFFAOYSA-N
SP_000366,FCGOBISRCUOUQH-UHFFFAOYSA-N
SP_000366,IIACRCGMVDHOTQ-UHFFFAOYSA-N
SP_000366,JIWBIWFOSCKQMA-DFARDDQGSA-N
SP_000366,JLQNHALFVCURHW-UHFFFAOYSA-N
SP_000366,JZRWCGZRTZMZEH-UHFFFAOYSA-N
SP_000366,KBEBGUQPQBELIU-HJWRWDBZSA-N
SP_000366,KDXKERNSBIXSRK-YFKPBYRVSA-N
SP_000366,KEAYESYHFKHZAL-UHFFFAOYSA-N
SP_000366,KQMVAGISDHMXJJ-UHFFFAOYSA-N
SP_000366,LLCYNDRFWDIIQS-WQLSENKSSA-N
SP_000366,LXNHXLLTXMVWPM-UHFFFAOYSA-N
SP_000366,NPYPAHLBTDXSSS-UHFFFAOYSA-N
SP_000366,ODKSFYDXXFIFQN-BYPYZUCNSA-N
SP_000366,ONIBWKKTOPOVIA-BYPYZUCNSA-N
SP_000366,OUYCCCASQSFEME-UHFFFAOYSA-N
SP_000366,OVBPIULPVIDEAO-LBPRGKRZSA-N
SP_000366,PCBSXBYCASFXTM-UHFFFAOYSA-N
SP_000366,PGMBAYKBYBXNNR-UHFFFAOYSA-N
SP_000366,POWISKNFFRUCCW-UHFFFAOYSA-N
SP_000366,PVNIIMVLHYAWGP-UHFFFAOYSA-N
SP_000366,QIVBCDIJIAJPQS-VIFPVBQESA-N
SP_000366,QNAYBMKLOCPYGJ-REOHCLBHSA-N
SP_000366,ROHFNLRQFUQHCH-UHFFFAOYSA-N
SP_000366,UQDUPQYQJKYHQI-UHFFFAOYSA-N
SP_000366,VYFYYTLLBUKUHU-UHFFFAOYSA-N
SP_000366,VYGQUTWHTHXGQB-UMNZIDCRSA-N
SP_000366,WEDGVCZUPFZNDE-UHFFFAOYSA-N
SP_000366,WZVWUSABZGIQJZ-UHFFFAOYSA-N
SP_000366,XWVDCVZOOVTJKF-RIYZIHGNSA-N
SP_000366,YHWNASRGLKJRJJ-UHFFFAOYSA-N
SP_000366,ZAKOWWREFLAJOT-UHFFFAOYSA-N
SP_000366,ZROGCCBNZBKLEL-MPRHSVQHSA-N
SP_000366,ZVKXPPXCNUMUOR-REWZIMNXSA-N
SP_000367,ADHNTNYEJYJUCU-ZSJFXSENSA-N
SP_000367,BATOPAZDIZEVQF-IAROGAJJSA-N
SP_000367,BHPQYMZQTOCNFJ-UHFFFAOYSA-N
SP_000367,CIWBSHSKHKDKBQ-JLAZNSOCSA-N
SP_000367,CZXLHIZQQUJTND-UHFFFAOYSA-N
SP_000367,DHMQDGOQFOQNFH-UHFFFAOYSA-N
SP_000367,DJLTZJGULPLVOA-UHFFFAOYSA-N
SP_000367,FCGOBISRCUOUQH-UHFFFAOYSA-N
SP_000367,IIACRCGMVDHOTQ-UHFFFAOYSA-N
SP_000367,JLQNHALFVCURHW-UHFFFAOYSA-N
SP_000367,JZRWCGZRTZMZEH-UHFFFAOYSA-N
SP_000367,KBEBGUQPQBELIU-HJWRWDBZSA-N
SP_000367,KDXKERNSBIXSRK-YFKPBYRVSA-N
SP_000367,KEAYESYHFKHZAL-UHFFFAOYSA-N
SP_000367,KQMVAGISDHMXJJ-UHFFFAOYSA-N
SP_000367,LLCYNDRFWDIIQS-WQLSENKSSA-N
SP_000367,LXNHXLLTXMVWPM-UHFFFAOYSA-N
SP_000367,NPYPAHLBTDXSSS-UHFFFAOYSA-N
SP_000367,ODKSFYDXXFIFQN-BYPYZUCNSA-N
SP_000367,ONIBWKKTOPOVIA-BYPYZUCNSA-N
SP_000367,OUYCCCASQSFEME-UHFFFAOYSA-N
SP_000367,OVBPIULPVIDEAO-LBPRGKRZSA-N
SP_000367,PGMBAYKBYBXNNR-UHFFFAOYSA-N
SP_000367,POWISKNFFRUCCW-UHFFFAOYSA-N
SP_000367,PVNIIMVLHYAWGP-UHFFFAOYSA-N
SP_000367,QIVBCDIJIAJPQS-VIFPVBQESA-N
SP_000367,QNAYBMKLOCPYGJ-REOHCLBHSA-N
SP_000367,ROHFNLRQFUQHCH-UHFFFAOYSA-N
SP_000367,VYFYYTLLBUKUHU-UHFFFAOYSA-N
SP_000367,VYGQUTWHTHXGQB-UMNZIDCRSA-N
SP_000367,WEDGVCZUPFZNDE-UHFFFAOYSA-N
SP_000367,WZVWUSABZGIQJZ-UHFFFAOYSA-N
SP_000367,XWVDCVZOOVTJKF-RIYZIHGNSA-N
SP_000367,YHWNASRGLKJRJJ-UHFFFAOYSA-N
SP_000367,ZAKOWWREFLAJOT-UHFFFAOYSA-N
SP_000367,ZVKXPPXCNUMUOR-REWZIMNXSA-N
SP_000368,ADHNTNYEJYJUCU-ZSJFXSENSA-N
SP_000368,BATOPAZDIZEVQF-IAROGAJJSA-N
SP_000368,BHPQYMZQTOCNFJ-UHFFFAOYSA-N
SP_000368,CIWBSHSKHKDKBQ-JLAZNSOCSA-N
SP_000368,CZXLHIZQQUJTND-UHFFFAOYSA-N
SP_000368,DHMQDGOQFOQNFH-UHFFFAOYSA-N
SP_000368,DJLTZJGULPLVOA-UHFFFAOYSA-N
SP_000368,FCGOBISRCUOUQH-UHFFFAOYSA-N
SP_000368,IIACRCGMVDHOTQ-UHFFFAOYSA-N
SP_000368,JIWBIWFOSCKQMA-DFARDDQGSA-N
SP_000368,JLQNHALFVCURHW-UHFFFAOYSA-N
SP_000368,JZRWCGZRTZMZEH-UHFFFAOYSA-N
SP_000368,KBEBGUQPQBELIU-HJWRWDBZSA-N
SP_000368,KDXKERNSBIXSRK-YFKPBYRVSA-N
SP_000368,KEAYESYHFKHZAL-UHFFFAOYSA-N
SP_000368,KQMVAGISDHMXJJ-UHFFFAOYSA-N
SP_000368,LLCYNDRFWDIIQS-WQLSENKSSA-N
SP_000368,LXNHXLLTXMVWPM-UHFFFAOYSA-N
SP_000368,NPYPAHLBTDXSSS-UHFFFAOYSA-N
SP_000368,ODKSFYDXXFIFQN-BYPYZUCNSA-N
SP_000368,ONIBWKKTOPOVIA-BYPYZUCNSA-N
SP_000368,OUYCCCASQSFEME-UHFFFAOYSA-N
SP_000368,OVBPIULPVIDEAO-LBPRGKRZSA-N
SP_000368,PCBSXBYCASFXTM-UHFFFAOYSA-N
SP_000368,PGMBAYKBYBXNNR-UHFFFAOYSA-N
SP_000368,POWISKNFFRUCCW-UHFFFAOYSA-N
SP_000368,PVNIIMVLHYAWGP-UHFFFAOYSA-N
SP_000368,QIVBCDIJIAJPQS-VIFPVBQESA-N
SP_000368,QNAYBMKLOCPYGJ-REOHCLBHSA-N
SP_000368,ROHFNLRQFUQHCH-UHFFFAOYSA-N
SP_000368,UQDUPQYQJKYHQI-UHFFFAOYSA-N
SP_000368,VYFYYTLLBUKUHU-UHFFFAOYSA-N
SP_000368,VYGQUTWHTHXGQB-UMNZIDCRSA-N
SP_000368,WEDGVCZUPFZNDE-UHFFFAOYSA-N
SP_000368,WZVWUSABZGIQJZ-UHFFFAOYSA-N
SP_000368,XWVDCVZOOVTJKF-RIYZIHGNSA-N
SP_000368,YHWNASRGLKJRJJ-UHFFFAOYSA-N
SP_000368,ZAKOWWREFLAJOT-UHFFFAOYSA-N
SP_000368,ZROGCCBNZBKLEL-MPRHSVQHSA-N
SP_000368,ZVKXPPXCNUMUOR-REWZIMNXSA-N
SP_000369,ADHNTNYEJYJUCU-ZSJFXSENSA-N
SP_000369,BATOPAZDIZEVQF-IAROGAJJSA-N
SP_000369,BHPQYMZQTOCNFJ-UHFFFAOYSA-N
SP_000369,CIWBSHSKHKDKBQ-JLAZNSOCSA-N
SP_000369,CZXLHIZQQUJTND-UHFFFAOYSA-N
SP_000369,DHMQDGOQFOQNFH-UHFFFAOYSA-N
SP_000369,DJLTZJGULPLVOA-UHFFFAOYSA-N
SP_000369,FCGOBISRCUOUQH-UHFFFAOYSA-N
SP_000369,IIACRCGMVDHOTQ-UHFFFAOYSA-N
SP_000369,JGHZJRVDZXSNKQ-UHFFFAOYSA-N
SP_000369,JIWBIWFOSCKQMA-DFARDDQGSA-N
SP_000369,JLQNHALFVCURHW-UHFFFAOYSA-N
SP_000369,JZRWCGZRTZMZEH-UHFFFAOYSA-N
SP_000369,KBEBGUQPQBELIU-HJWRWDBZSA-N
SP_000369,KDXKERNSBIXSRK-YFKPBYRVSA-N
SP_000369,KEAYESYHFKHZAL-UHFFFAOYSA-N
SP_000369,KQMVAGISDHMXJJ-UHFFFAOYSA-N
SP_000369,LLCYNDRFWDIIQS-WQLSENKSSA-N
SP_000369,LXNHXLLTXMVWPM-UHFFFAOYSA-N
SP_000369,NPYPAHLBTDXSSS-UHFFFAOYSA-N
SP_000369,ODKSFYDXXFIFQN-BYPYZUCNSA-N
SP_000369,ONIBWKKTOPOVIA-BYPYZUCNSA-N
SP_000369,OUYCCCASQSFEME-UHFFFAOYSA-N
SP_000369,OVBPIULPVIDEAO-LBPRGKRZSA-N
SP_000369,PCBSXBYCASFXTM-UHFFFAOYSA-N
SP_000369,PGMBAYKBYBXNNR-UHFFFAOYSA-N
SP_000369,POWISKNFFRUCCW-UHFFFAOYSA-N
SP_000369,PVNIIMVLHYAWGP-UHFFFAOYSA-N
SP_000369,QIVBCDIJIAJPQS-VIFPVBQESA-N
SP_000369,QNAYBMKLOCPYGJ-REOHCLBHSA-N
SP_000369,ROHFNLRQFUQHCH-UHFFFAOYSA-N
SP_000369,UQDUPQYQJKYHQI-UHFFFAOYSA-N
SP_000369,VYFYYTLLBUKUHU-UHFFFAOYSA-N
SP_000369,VYGQUTWHTHXGQB-UMNZIDCRSA-N
SP_000369,WEDGVCZUPFZNDE-UHFFFAOYSA-N
SP_000369,WZVWUSABZGIQJZ-UHFFFAOYSA-N
SP_000369,XWVDCVZOOVTJKF-RIYZIHGNSA-N
SP_000369,YHWNASRGLKJRJJ-UHFFFAOYSA-N
SP_000369,ZAKOWWREFLAJOT-UHFFFAOYSA-N
SP_000369,ZROGCCBNZBKLEL-MPRHSVQHSA-N
SP_000369,ZVKXPPXCNUMUOR-REWZIMNXSA-N
SP_000370,ADHNTNYEJYJUCU-ZSJFXSENSA-N
SP_000370,BATOPAZDIZEVQF-IAROGAJJSA-N
SP_000370,BHPQYMZQTOCNFJ-UHFFFAOYSA-N
SP_000370,CIWBSHSKHKDKBQ-JLAZNSOCSA-N
SP_000370,CZMRCDWAGMRECN-UGDNZRGBSA-N
SP_000370,CZMRCDWAGMRECN-UHFFFAOYSA-N
SP_000370,CZXLHIZQQUJTND-UHFFFAOYSA-N
SP_000370,DHMQDGOQFOQNFH-UHFFFAOYSA-N
SP_000370,DJLTZJGULPLVOA-UHFFFAOYSA-N
SP_000370,DOTJYWQAPHIAIF-UHFFFAOYSA-N
SP_000370,DQGMPXYVZZCNDQ-KBPWROHVSA-N
SP_000370,FCGOBISRCUOUQH-UHFFFAOYSA-N
SP_000370,GDBJCCBRRCYCEG-UHFFFAOYSA-N
SP_000370,GUBGYTABKSRVRQ-PICCSMPSSA-N
SP_000370,GUBGYTABKSRVRQ-QKKXKWKRSA-N
SP_000370,GVJHHUAWPYXKBD-IEOSBIPESA-N
SP_000370,HKSDVVJONLXYKL-ZFILXNNPSA-N
SP_000370,HUTCYUJPLOTDMX-KEBDBYFISA-N
SP_000370,HYCLWDHZALFLJV-UHFFFAOYSA-N
SP_000370,IIACRCGMVDHOTQ-UHFFFAOYSA-N
SP_000370,IMKHDCBNRDRUEB-UHFFFAOYSA-N
SP_000370,JEKGHHPMLRLCIW-VBVMRKNNSA-N
SP_000370,JGHZJRVDZXSNKQ-UHFFFAOYSA-N
SP_000370,JIWBIWFOSCKQMA-DFARDDQGSA-N
SP_000370,JLQNHALFVCURHW-UHFFFAOYSA-N
SP_000370,JZRWCGZRTZMZEH-UHFFFAOYSA-N
SP_000370,JZVFJDZBLUFKCA-CMDGGOBGSA-N
SP_000370,KBEBGUQPQBELIU-HJWRWDBZSA-N
SP_000370,KDXKERNSBIXSRK-YFKPBYRVSA-N
SP_000370,KEAYESYHFKHZAL-UHFFFAOYSA-N
SP_000370,KJDZDTDNIULJBE-VAWYXSNFSA-N
SP_000370,KQMVAGISDHMXJJ-UHFFFAOYSA-N
SP_000370,LFQSCWFLJHTTHZ-UHFFFAOYSA-N
SP_000370,LLCYNDRFWDIIQS-WQLSENKSSA-N
SP_000370,LOIYMIARKYCTBW-UPHRSURJSA-N
SP_000370,LXNHXLLTXMVWPM-UHFFFAOYSA-N
SP_000370,NPYPAHLBTDXSSS-UHFFFAOYSA-N
SP_000370,ODKSFYDXXFIFQN-BYPYZUCNSA-N
SP_000370,OEYIOHPDSNJKLS-UHFFFAOYSA-N
SP_000370,ONIBWKKTOPOVIA-BYPYZUCNSA-N
SP_000370,ONYHYSLZNLJFHX-MDAAKZFYSA-N
SP_000370,OUMMPAFEQHTYIZ-UHFFFAOYSA-N
SP_000370,OUYCCCASQSFEME-UHFFFAOYSA-N
SP_000370,OVBPIULPVIDEAO-LBPRGKRZSA-N
SP_000370,PCBSXBYCASFXTM-UHFFFAOYSA-N
SP_000370,PGMBAYKBYBXNNR-UHFFFAOYSA-N
SP_000370,POWISKNFFRUCCW-UHFFFAOYSA-N
SP_000370,PVNIIMVLHYAWGP-UHFFFAOYSA-N
SP_000370,QIVBCDIJIAJPQS-VIFPVBQESA-N
SP_000370,QNAYBMKLOCPYGJ-REOHCLBHSA-N
SP_000371,ADHNTNYEJYJUCU-ZSJFXSENSA-N
SP_000371,AMXYRHBJZOVHOL-KPDBFRNYSA-N
SP_000371,BATOPAZDIZEVQF-IAROGAJJSA-N
SP_000371,BHPQYMZQTOCNFJ-UHFFFAOYSA-N
SP_000371,CIWBSHSKHKDKBQ-JLAZNSOCSA-N
SP_000371,CZMRCDWAGMRECN-UGDNZRGBSA-N
SP_000371,DOTJYWQAPHIAIF-UHFFFAOYSA-N
SP_000371,DXWGBJJLEDQBKS-UHFFFAOYSA-N
SP_000371,DXYUAIFZCFRPTH-UHFFFAOYSA-N
SP_000371,FRAUJUKWSKMNJY-UHFFFAOYSA-N
SP_000371,GDBJCCBRRCYCEG-UHFFFAOYSA-N
SP_000371,GLKCOBIIZKYKFN-UHFFFAOYSA-N
SP_000371,GVJHHUAWPYXKBD-IEOSBIPESA-N
SP_000371,HGXBRUKMWQGOIE-UHFFFAOYSA-N
SP_000371,HUTCYUJPLOTDMX-KEBDBYFISA-N
SP_000371,IETZAWFZIAOWQX-UHFFFAOYSA-N
SP_000371,IIACRCGMVDHOTQ-UHFFFAOYSA-N
SP_000371,IMKHDCBNRDRUEB-UHFFFAOYSA-N
SP_000371,JEKGHHPMLRLCIW-VBVMRKNNSA-N
SP_000371,JGHZJRVDZXSNKQ-UHFFFAOYSA-N
SP_000371,JIWBIWFOSCKQMA-DFARDDQGSA-N
SP_000371,JLQNHALFVCURHW-UHFFFAOYSA-N
SP_000371,JZRWCGZRTZMZEH-UHFFFAOYSA-N
SP_000371,JZVFJDZBLUFKCA-CMDGGOBGSA-N
SP_000371,KEAYESYHFKHZAL-UHFFFAOYSA-N
SP_000371,KJDZDTDNIULJBE-VAWYXSNFSA-N
SP_000371,KYWIYKKSMDLRDC-UHFFFAOYSA-N
SP_000371,LFEUICHQZGNOHD-UHFFFAOYSA-N
SP_000371,LFQSCWFLJHTTHZ-UHFFFAOYSA-N
SP_000371,LNIQZRIHAMVRJA-UHFFFAOYSA-N
SP_000371,LXNHXLLTXMVWPM-UHFFFAOYSA-N
SP_000371,NMQZMHHAWZDJOJ-UHFFFAOYSA-N
SP_000371,NPYPAHLBTDXSSS-UHFFFAOYSA-N
SP_000371,OEYIOHPDSNJKLS-UHFFFAOYSA-N
SP_000371,OGFXBIXJCWAUCH-UHFFFAOYSA-N
SP_000371,OGJALRFDUFLIDX-UHFFFAOYSA-N
SP_000371,OUMMPAFEQHTYIZ-UHFFFAOYSA-N
SP_000371,OVBPIULPVIDEAO-LBPRGKRZSA-N
SP_000371,PANKHBYNKQNAHN-AWVVJTJESA-N
SP_000371,PCBSXBYCASFXTM-UHFFFAOYSA-N
SP_000371,POWISKNFFRUCCW-UHFFFAOYSA-N
SP_000371,PVNIIMVLHYAWGP-UHFFFAOYSA-N
SP_000371,QYSXJUFSXHHAJI-YRZJJWOYSA-N
SP_000371,RYYVLZVUVIJVGH-UHFFFAOYSA-N
SP_000371,RZEVGLVRLUDYEA-GGFCQLCOSA-N
SP_000371,TWLLPUMZVVGILS-UHFFFAOYSA-N
SP_000371,UQDUPQYQJKYHQI-UHFFFAOYSA-N
SP_000371,VYFYYTLLBUKUHU-UHFFFAOYSA-N
SP_000371,VYGQUTWHTHXGQB-UMNZIDCRSA-N
SP_000371,WEEGYLXZBRQIMU-UHFFFAOYSA-N
SP_000372,AANMVENRNJYEMK-UHFFFAOYSA-N
SP_000372,AAWZDTNXLSGCEK-UHFFFAOYSA-M
SP_000372,AAXYAFFKOSNMEB-MHARETSRSA-N
SP_000372,AAZZVFONLHYNDZ-NVQRUNIKSA-J
SP_000372,ABCOOORLYAOBOZ-KQYNXXCUSA-N
SP_000372,ABIKEVIWOJTKQS-AARKOHAPSA-N
SP_000372,ABLZXFCXXLZCGV-UHFFFAOYSA-L
SP_000372,ACIVVGBVOVHFPQ-RPDRRWSUSA-N
SP_000372,ACSIRQPNAYTBRW-VZUYHUTRSA-N
SP_000372,ACZVSMNFVFBOTM-UHFFFAOYSA-N
SP_000372,ADHNTNYEJYJUCU-ZSJFXSENSA-N
SP_000372,ADSGHWJRPOXXTD-IHWYPQMZSA-M
SP_000372,AEFNZGGBWOQYID-UHFFFAOYSA-N
SP_000372,AELFRHHZGTVYGJ-QMMMGPOBSA-N
SP_000372,AEMFNILZOJDQLW-QAGGRKNESA-N
SP_000372,AERBNCYCJBRYDG-UHFFFAOYSA-N
SP_000372,AEWHYWSPVRZHCT-NDZSKPAWSA-N
SP_000372,AEWHYWSPVRZHCT-UHFFFAOYSA-J
SP_000372,AFGUVBVUFZMJMX-MDZDMXLPSA-N
SP_000372,AFNUZVCFKQUDBJ-ZZWDRFIYSA-N
SP_000372,AGQJQCFEPUVXNK-UHFFFAOYSA-K
SP_000372,AHCYMLUZIRLXAA-SHYZEUOFSA-N
SP_000372,AHJCDQGRYVBQQZ-NSCUHMNNSA-N
SP_000372,AHLPHDHHMVZTML-BYPYZUCNSA-N
SP_000372,AHMIDUVKSGCHAU-LURJTMIESA-N
SP_000372,AIBOHNYYKWYQMM-GELUXPMISA-N
SP_000372,AIJULSRZWUXGPQ-UHFFFAOYSA-N
SP_000372,AIQDYKMWENWVQJ-UHFFFAOYSA-K
SP_000372,AISVAXNALHBFPC-IOSLPCCCSA-N
SP_000372,AJONJFGFTGGKEX-UHFFFAOYSA-M
SP_000372,AKIHYQWCLCDMMI-VMPITWQZSA-N
SP_000372,ALEWCKXBHSDCCT-YFVJMOTDSA-L
SP_000372,ALLYVKRLOHDVKI-UHFFFAOYSA-N
SP_000372,ALRHLSYJTWAHJZ-UHFFFAOYSA-N
SP_000372,ALTAAUJNHYWOGS-UHFFFAOYSA-N
SP_000372,ALYNCZNDIQEVRV-UHFFFAOYSA-M
SP_000372,AMBQHHVBBHTQBF-UOUCRYGSSA-N
SP_000372,AMIMRNSIRUDHCM-UHFFFAOYSA-N
SP_000372,AMROMUFVHNPOEQ-UHFFFAOYSA-N
SP_000372,AOFQQLZNDSBFLN-UHFFFAOYSA-K
SP_000372,APBPHWLOGNJBLH-UHFFFAOYSA-N
SP_000372,APIQNBNBIICCON-FKMSRSAHSA-N
SP_000372,APIZAZFFQBVSJA-UHFFFAOYSA-N
SP_000372,APJYDQYYACXCRM-UHFFFAOYSA-N
SP_000372,AQIXAKUUQRKLND-UHFFFAOYSA-N
SP_000372,AQJZOYUAIGQOPF-BCYGMIQCSA-N
SP_000372,ARJPPNFIEQKVBB-UHFFFAOYSA-N
SP_000372,ARLAWMCEVZUXEY-UHFFFAOYSA-N
SP_000372,ARYTXMNEANMLMU-UHFFFAOYSA-N
SP_000372,ASCFNMCAHFUBCO-UHFFFAOYSA-N
SP_000373,AABKSFWWBUPVNY-NVCPWDGJSA-N
SP_000373,AAFBEFOSCLMOTF-KXBCQOCRSA-N
SP_000373,AAFBEFOSCLMOTF-RRPFJGJLSA-N
SP_000373,AANMVENRNJYEMK-UHFFFAOYSA-N
SP_000373,AANZTOSGIRNZNM-LNOKNGNPSA-N
SP_000373,AAPGXBRKBIUCMQ-GWHBCOKCSA-N
SP_000373,AAWNBEJOCRYVJE-QNGWXLTQSA-N
SP_000373,AAWZDTNXLSGCEK-UHFFFAOYSA-M
SP_000373,AAXMCYUUKFLUMJ-JSFHAIONSA-N
SP_000373,AAXMCYUUKFLUMJ-TWDRBPDCSA-N
SP_000373,AAXYAFFKOSNMEB-MHARETSRSA-N
SP_000373,AAZOMBJKSJQDHJ-ZBRBWIFHSA-N
SP_000373,AAZZVFONLHYNDZ-NVQRUNIKSA-J
SP_000373,ABBYYPGQJRBTGA-NESBLOORSA-N
SP_000373,ABCOOORLYAOBOZ-KQYNXXCUSA-N
SP_000373,ABFJWRKPWCFTQP-JKFVOKSPSA-N
SP_000373,ABFJWRKPWCFTQP-XSMLMOGHSA-N
SP_000373,ABIKEVIWOJTKQS-AARKOHAPSA-N
SP_000373,ABLZXFCXXLZCGV-UHFFFAOYSA-L
SP_000373,ABRHOUKZOUNSSK-FVEAQGRNSA-N
SP_000373,ABUKPIBHMMLQDI-RCOVLANCSA-N
SP_000373,ACGLCDJEASKGDO-JSYPMYMJSA-N
SP_000373,ACIVVGBVOVHFPQ-RPDRRWSUSA-N
SP_000373,ACLPCAOOWJUVLL-DZKYTWFZSA-N
SP_000373,ACLQSYLJAZRTAP-XAFBQJBNSA-N
SP_000373,ACSIRQPNAYTBRW-VZUYHUTRSA-N
SP_000373,ACTHNCRNFFCCAQ-PLKVWTDNSA-N
SP_000373,ACTHNCRNFFCCAQ-YNQDZHFMSA-N
SP_000373,ACZVSMNFVFBOTM-UHFFFAOYSA-N
SP_000373,ADCKHLSRWCXEIY-GGAPOBRUSA-N
SP_000373,ADHKIZQYPQGIRC-ACSKKKSPSA-N
SP_000373,ADHKIZQYPQGIRC-SOZVHHJESA-N
SP_000373,ADHNTNYEJYJUCU-ZSJFXSENSA-N
SP_000373,ADKNUXINKGBJMY-LDLOPFEMSA-N
SP_000373,ADMGMAPZAQUXIR-VRHMUEQPSA-N
SP_000373,ADNSYCXWAHUWTA-SYOMJGEJSA-N
SP_000373,ADSGHWJRPOXXTD-IHWYPQMZSA-M
SP_000373,ADYPMBBPSUQKED-VOLCNUBSSA-N
SP_000373,ADZPFIMEBZGRHB-ILJAMNOWSA-N
SP_000373,AEFNZGGBWOQYID-UHFFFAOYSA-N
SP_000373,AEIJGHDRIPTRQY-UBTAJKBJSA-N
SP_000373,AELFRHHZGTVYGJ-QMMMGPOBSA-N
SP_000373,AEMFNILZOJDQLW-QAGGRKNESA-N
SP_000373,AERBNCYCJBRYDG-UHFFFAOYSA-N
SP_000373,AESBAQNLQIQXNK-BMFSGJJHSA-N
SP_000373,AETXDQTWHNBCRO-QLKFWGTOSA-N
SP_000373,AEWHYWSPVRZHCT-NDZSKPAWSA-N
SP_000373,AEWHYWSPVRZHCT-UHFFFAOYSA-J
SP_000373,AEXNGRVFOMIYOW-ICFOKQHNSA-N
SP_000373,AFFQVAIMWFYJJS-DTHFMEMVSA-N
SP_000374,ADHNTNYEJYJUCU-ZSJFXSENSA-N
SP_000374,BATOPAZDIZEVQF-IAROGAJJSA-N
SP_000374,BHPQYMZQTOCNFJ-UHFFFAOYSA-N
SP_000374,CIWBSHSKHKDKBQ-JLAZNSOCSA-N
SP_000374,CZMRCDWAGMRECN-UGDNZRGBSA-N
SP_000374,CZXLHIZQQUJTND-UHFFFAOYSA-N
SP_000374,DHMQDGOQFOQNFH-UHFFFAOYSA-N
SP_000374,DJLTZJGULPLVOA-UHFFFAOYSA-N
SP_000374,DKHGMERMDICWDU-GHDNBGIDSA-N
SP_000374,DOTJYWQAPHIAIF-UHFFFAOYSA-N
SP_000374,DQGMPXYVZZCNDQ-KBPWROHVSA-N
SP_000374,DSCFFEYYQKSRSV-KLJZZCKASA-N
SP_000374,FCGOBISRCUOUQH-UHFFFAOYSA-N
SP_000374,GDBJCCBRRCYCEG-UHFFFAOYSA-N
SP_000374,GVFKEVFAPIUOAI-MRCUWXFGSA-N
SP_000374,GVJHHUAWPYXKBD-IEOSBIPESA-N
SP_000374,GZIFEOYASATJEH-UHFFFAOYSA-N
SP_000374,HCXVJBMSMIARIN-PHZDYDNGSA-N
SP_000374,HKSDVVJONLXYKL-ZFILXNNPSA-N
SP_000374,HUTCYUJPLOTDMX-KEBDBYFISA-N
SP_000374,IIACRCGMVDHOTQ-UHFFFAOYSA-N
SP_000374,IMKHDCBNRDRUEB-UHFFFAOYSA-N
SP_000374,JEKGHHPMLRLCIW-VBVMRKNNSA-N
SP_000374,JGHZJRVDZXSNKQ-UHFFFAOYSA-N
SP_000374,JIWBIWFOSCKQMA-DFARDDQGSA-N
SP_000374,JLQNHALFVCURHW-UHFFFAOYSA-N
SP_000374,JZRWCGZRTZMZEH-UHFFFAOYSA-N
SP_000374,JZVFJDZBLUFKCA-CMDGGOBGSA-N
SP_000374,KBEBGUQPQBELIU-HJWRWDBZSA-N
SP_000374,KCIQZCNOUZCRGH-UHFFFAOYSA-N
SP_000374,KDXKERNSBIXSRK-YFKPBYRVSA-N
SP_000374,KEAYESYHFKHZAL-UHFFFAOYSA-N
SP_000374,KJDZDTDNIULJBE-VAWYXSNFSA-N
SP_000374,KQMVAGISDHMXJJ-UHFFFAOYSA-N
SP_000374,KWIUHFFTVRNATP-UHFFFAOYSA-N
SP_000374,LFQSCWFLJHTTHZ-UHFFFAOYSA-N
SP_000374,LLCYNDRFWDIIQS-WQLSENKSSA-N
SP_000374,LOIYMIARKYCTBW-UPHRSURJSA-N
SP_000374,LXNHXLLTXMVWPM-UHFFFAOYSA-N
SP_000374,NPYPAHLBTDXSSS-UHFFFAOYSA-N
SP_000374,ODKSFYDXXFIFQN-BYPYZUCNSA-N
SP_000374,OEYIOHPDSNJKLS-UHFFFAOYSA-N
SP_000374,ONIBWKKTOPOVIA-BYPYZUCNSA-N
SP_000374,ONYHYSLZNLJFHX-MDAAKZFYSA-N
SP_000374,OUMMPAFEQHTYIZ-UHFFFAOYSA-N
SP_000374,OUYCCCASQSFEME-UHFFFAOYSA-N
SP_000374,OVBPIULPVIDEAO-LBPRGKRZSA-N
SP_000374,PCBSXBYCASFXTM-UHFFFAOYSA-N
SP_000374,PGMBAYKBYBXNNR-UHFFFAOYSA-N
SP_000374,POWISKNFFRUCCW-UHFFFAOYSA-N
SP_000375,ADHNTNYEJYJUCU-ZSJFXSENSA-N
SP_000375,BATOPAZDIZEVQF-IAROGAJJSA-N
SP_000375,BHPQYMZQTOCNFJ-UHFFFAOYSA-N
SP_000375,CIWBSHSKHKDKBQ-JLAZNSOCSA-N
SP_000375,CZMRCDWAGMRECN-UGDNZRGBSA-N
SP_000375,CZXLHIZQQUJTND-UHFFFAOYSA-N
SP_000375,DHMQDGOQFOQNFH-UHFFFAOYSA-N
SP_000375,DJLTZJGULPLVOA-UHFFFAOYSA-N
SP_000375,DOTJYWQAPHIAIF-UHFFFAOYSA-N
SP_000375,DSCFFEYYQKSRSV-KLJZZCKASA-N
SP_000375,FCGOBISRCUOUQH-UHFFFAOYSA-N
SP_000375,GDBJCCBRRCYCEG-UHFFFAOYSA-N
SP_000375,GVFKEVFAPIUOAI-MRCUWXFGSA-N
SP_000375,GVJHHUAWPYXKBD-IEOSBIPESA-N
SP_000375,GZIFEOYASATJEH-UHFFFAOYSA-N
SP_000375,HCXVJBMSMIARIN-PHZDYDNGSA-N
SP_000375,HKSDVVJONLXYKL-ZFILXNNPSA-N
SP_000375,HUTCYUJPLOTDMX-KEBDBYFISA-N
SP_000375,IIACRCGMVDHOTQ-UHFFFAOYSA-N
SP_000375,IMKHDCBNRDRUEB-UHFFFAOYSA-N
SP_000375,JEKGHHPMLRLCIW-VBVMRKNNSA-N
SP_000375,JGHZJRVDZXSNKQ-UHFFFAOYSA-N
SP_000375,JIWBIWFOSCKQMA-DFARDDQGSA-N
SP_000375,JLQNHALFVCURHW-UHFFFAOYSA-N
SP_000375,JZRWCGZRTZMZEH-UHFFFAOYSA-N
SP_000375,JZVFJDZBLUFKCA-CMDGGOBGSA-N
SP_000375,KBEBGUQPQBELIU-HJWRWDBZSA-N
SP_000375,KCIQZCNOUZCRGH-UHFFFAOYSA-N
SP_000375,KDXKERNSBIXSRK-YFKPBYRVSA-N
SP_000375,KEAYESYHFKHZAL-UHFFFAOYSA-N
SP_000375,KJDZDTDNIULJBE-VAWYXSNFSA-N
SP_000375,KQMVAGISDHMXJJ-UHFFFAOYSA-N
SP_000375,LFQSCWFLJHTTHZ-UHFFFAOYSA-N
SP_000375,LLCYNDRFWDIIQS-WQLSENKSSA-N
SP_000375,LOIYMIARKYCTBW-UPHRSURJSA-N
SP_000375,LXNHXLLTXMVWPM-UHFFFAOYSA-N
SP_000375,NPYPAHLBTDXSSS-UHFFFAOYSA-N
SP_000375,ODKSFYDXXFIFQN-BYPYZUCNSA-N
SP_000375,OEYIOHPDSNJKLS-UHFFFAOYSA-N
SP_000375,ONIBWKKTOPOVIA-BYPYZUCNSA-N
SP_000375,ONYHYSLZNLJFHX-MDAAKZFYSA-N
SP_000375,OUMMPAFEQHTYIZ-UHFFFAOYSA-N
SP_000375,OUYCCCASQSFEME-UHFFFAOYSA-N
SP_000375,OVBPIULPVIDEAO-LBPRGKRZSA-N
SP_000375,PCBSXBYCASFXTM-UHFFFAOYSA-N
SP_000375,PGMBAYKBYBXNNR-UHFFFAOYSA-N
SP_000375,POWISKNFFRUCCW-UHFFFAOYSA-N
SP_000375,PVNIIMVLHYAWGP-UHFFFAOYSA-N
SP_000375,QIVBCDIJIAJPQS-VIFPVBQESA-N
SP_000375,QNAYBMKLOCPYGJ-REOHCLBHSA-N
SP_000376,AABKSFWWBUPVNY-NVCPWDGJSA-N
SP_000376,AAFBEFOSCLMOTF-KXBCQOCRSA-N
SP_000376,AAFBEFOSCLMOTF-RRPFJGJLSA-N
SP_000376,AANZTOSGIRNZNM-LNOKNGNPSA-N
SP_000376,AAPGXBRKBIUCMQ-GWHBCOKCSA-N
SP_000376,AAWNBEJOCRYVJE-QNGWXLTQSA-N
SP_000376,AAXMCYUUKFLUMJ-JSFHAIONSA-N
SP_000376,AAXMCYUUKFLUMJ-TWDRBPDCSA-N
SP_000376,AAZOMBJKSJQDHJ-ZBRBWIFHSA-N
SP_000376,ABBYYPGQJRBTGA-NESBLOORSA-N
SP_000376,ABFJWRKPWCFTQP-JKFVOKSPSA-N
SP_000376,ABFJWRKPWCFTQP-XSMLMOGHSA-N
SP_000376,ABRHOUKZOUNSSK-FVEAQGRNSA-N
SP_000376,ABUKPIBHMMLQDI-RCOVLANCSA-N
SP_000376,ACGLCDJEASKGDO-JSYPMYMJSA-N
SP_000376,ACLPCAOOWJUVLL-DZKYTWFZSA-N
SP_000376,ACLQSYLJAZRTAP-XAFBQJBNSA-N
SP_000376,ACTHNCRNFFCCAQ-PLKVWTDNSA-N
SP_000376,ACTHNCRNFFCCAQ-YNQDZHFMSA-N
SP_000376,ADCKHLSRWCXEIY-GGAPOBRUSA-N
SP_000376,ADHKIZQYPQGIRC-ACSKKKSPSA-N
SP_000376,ADHKIZQYPQGIRC-SOZVHHJESA-N
SP_000376,ADKNUXINKGBJMY-LDLOPFEMSA-N
SP_000376,ADMGMAPZAQUXIR-VRHMUEQPSA-N
SP_000376,ADNSYCXWAHUWTA-SYOMJGEJSA-N
SP_000376,ADYPMBBPSUQKED-VOLCNUBSSA-N
SP_000376,ADZPFIMEBZGRHB-ILJAMNOWSA-N
SP_000376,AEIJGHDRIPTRQY-UBTAJKBJSA-N
SP_000376,AESBAQNLQIQXNK-BMFSGJJHSA-N
SP_000376,AETXDQTWHNBCRO-QLKFWGTOSA-N
SP_000376,AEXNGRVFOMIYOW-ICFOKQHNSA-N
SP_000376,AFFQVAIMWFYJJS-DTHFMEMVSA-N
SP_000376,AFIGVZAQSPJHEE-ZZSOQTNOSA-N
SP_000376,AFMQYZXPYJFAPA-VXVUXWGWSA-N
SP_000376,AFMQYZXPYJFAPA-WOGGMIHASA-N
SP_000376,AFSGMNCJOAPJOR-GODAVPAZSA-N
SP_000376,AFSHUZFNMVJNKX-LLWMBOQKSA-N
SP_000376,AFWVVPIAVLFQOY-HNCVWURRSA-N
SP_000376,AFWVVPIAVLFQOY-QMNOEWNESA-N
SP_000376,AGBLBGGDMGJYFQ-FIACFBACSA-N
SP_000376,AGBLBGGDMGJYFQ-GKJJFOOMSA-N
SP_000376,AGEDXKMYUUORTP-QLKFWGTOSA-N
SP_000376,AGKVNKMBWJSNKY-ZZEZOPTASA-N
SP_000376,AGXFHKUZXQPREM-SWGBUSHLSA-N
SP_000376,AGXFHKUZXQPREM-VBDNUALRSA-N
SP_000376,AGZKWUAHBZQQNY-KYTQBJKTSA-N
SP_000376,AGZKWUAHBZQQNY-OSOYSHGCSA-N
SP_000376,AHAUBJRIXRHFSJ-HUESYALOSA-N
SP_000376,AHEPKIJTHGCAOA-HUESYALOSA-N
SP_000376,AHJRMOMBERFRTM-FKRAWKRWSA-N
SP_000377,ADHNTNYEJYJUCU-ZSJFXSENSA-N
SP_000377,BATOPAZDIZEVQF-IAROGAJJSA-N
SP_000377,BHPQYMZQTOCNFJ-UHFFFAOYSA-N
SP_000377,CIWBSHSKHKDKBQ-JLAZNSOCSA-N
SP_000377,CZMRCDWAGMRECN-UGDNZRGBSA-N
SP_000377,CZMRCDWAGMRECN-UHFFFAOYSA-N
SP_000377,DOTJYWQAPHIAIF-UHFFFAOYSA-N
SP_000377,GDBJCCBRRCYCEG-UHFFFAOYSA-N
SP_000377,GVJHHUAWPYXKBD-IEOSBIPESA-N
SP_000377,HUTCYUJPLOTDMX-KEBDBYFISA-N
SP_000377,IIACRCGMVDHOTQ-UHFFFAOYSA-N
SP_000377,IMKHDCBNRDRUEB-UHFFFAOYSA-N
SP_000377,JEKGHHPMLRLCIW-VBVMRKNNSA-N
SP_000377,JGHZJRVDZXSNKQ-UHFFFAOYSA-N
SP_000377,JIWBIWFOSCKQMA-DFARDDQGSA-N
SP_000377,JLQNHALFVCURHW-UHFFFAOYSA-N
SP_000377,JZRWCGZRTZMZEH-UHFFFAOYSA-N
SP_000377,JZVFJDZBLUFKCA-CMDGGOBGSA-N
SP_000377,KEAYESYHFKHZAL-UHFFFAOYSA-N
SP_000377,KJDZDTDNIULJBE-VAWYXSNFSA-N
SP_000377,LFQSCWFLJHTTHZ-UHFFFAOYSA-N
SP_000377,LLCYNDRFWDIIQS-WQLSENKSSA-N
SP_000377,LXNHXLLTXMVWPM-UHFFFAOYSA-N
SP_000377,NPYPAHLBTDXSSS-UHFFFAOYSA-N
SP_000377,OEYIOHPDSNJKLS-UHFFFAOYSA-N
SP_000377,OUMMPAFEQHTYIZ-UHFFFAOYSA-N
SP_000377,OVBPIULPVIDEAO-LBPRGKRZSA-N
SP_000377,PCBSXBYCASFXTM-UHFFFAOYSA-N
SP_000377,PGMBAYKBYBXNNR-UHFFFAOYSA-N
SP_000377,POWISKNFFRUCCW-UHFFFAOYSA-N
SP_000377,PVNIIMVLHYAWGP-UHFFFAOYSA-N
SP_000377,QYSXJUFSXHHAJI-YRZJJWOYSA-N
SP_000377,RYYVLZVUVIJVGH-UHFFFAOYSA-N
SP_000377,SGNBVLSWZMBQTH-UHFFFAOYSA-N
SP_000377,UQDUPQYQJKYHQI-UHFFFAOYSA-N
SP_000377,VYFYYTLLBUKUHU-UHFFFAOYSA-N
SP_000377,VYGQUTWHTHXGQB-UMNZIDCRSA-N
SP_000377,WEEGYLXZBRQIMU-UHFFFAOYSA-N
SP_000377,XWVDCVZOOVTJKF-RIYZIHGNSA-N
SP_000377,YAPQBXQYLJRXSA-UHFFFAOYSA-N
SP_000377,YHWNASRGLKJRJJ-UHFFFAOYSA-N
SP_000377,ZROGCCBNZBKLEL-MPRHSVQHSA-N
SP_000377,ZVKXPPXCNUMUOR-REWZIMNXSA-N
SP_000378,ADHNTNYEJYJUCU-ZSJFXSENSA-N
SP_000378,APFBWMGEGSELQP-AATRIKPKSA-N
SP_000378,BATOPAZDIZEVQF-IAROGAJJSA-N
SP_000378,BHPQYMZQTOCNFJ-UHFFFAOYSA-N
SP_000378,BHQCQFFYRZLCQQ-KRHHAYMPSA-N
SP_000378,BJBUEDPLEOHJGE-UHFFFAOYSA-N
SP_000378,BNBBFUJNMYQYLA-VQHVLOKHSA-N
SP_000378,CIWBSHSKHKDKBQ-JLAZNSOCSA-N
SP_000378,CKLJMWTZIZZHCS-UWTATZPHSA-N
SP_000378,CUPQSMZELNNSIR-LZRZFMTJSA-N
SP_000378,CZMRCDWAGMRECN-UGDNZRGBSA-N
SP_000378,CZMRCDWAGMRECN-UHFFFAOYSA-N
SP_000378,CZXLHIZQQUJTND-UHFFFAOYSA-N
SP_000378,DHMQDGOQFOQNFH-UHFFFAOYSA-N
SP_000378,DJLTZJGULPLVOA-UHFFFAOYSA-N
SP_000378,DKHGMERMDICWDU-GHDNBGIDSA-N
SP_000378,DNAYVNOVGHZZLH-UHFFFAOYSA-N
SP_000378,DOTJYWQAPHIAIF-UHFFFAOYSA-N
SP_000378,DPJRMOMPQZCRJU-UHFFFAOYSA-M
SP_000378,DQGMPXYVZZCNDQ-KBPWROHVSA-N
SP_000378,DSCFFEYYQKSRSV-KLJZZCKASA-N
SP_000378,DSMWJDJWYGMEBO-UTCJRWHESA-N
SP_000378,FCGOBISRCUOUQH-UHFFFAOYSA-N
SP_000378,GDBJCCBRRCYCEG-UHFFFAOYSA-N
SP_000378,GLKCOBIIZKYKFN-UHFFFAOYSA-N
SP_000378,GUBGYTABKSRVRQ-PICCSMPSSA-N
SP_000378,GUBGYTABKSRVRQ-QKKXKWKRSA-N
SP_000378,GVFKEVFAPIUOAI-MRCUWXFGSA-N
SP_000378,GVJHHUAWPYXKBD-IEOSBIPESA-N
SP_000378,GWMMTXPUFREJAY-UHFFFAOYSA-N
SP_000378,GZIFEOYASATJEH-UHFFFAOYSA-N
SP_000378,HCXVJBMSMIARIN-PHZDYDNGSA-N
SP_000378,HKSDVVJONLXYKL-ZFILXNNPSA-N
SP_000378,HUTCYUJPLOTDMX-KEBDBYFISA-N
SP_000378,HYCLWDHZALFLJV-UHFFFAOYSA-N
SP_000378,IDJXJAJYEFRBPY-UHFFFAOYSA-N
SP_000378,IIACRCGMVDHOTQ-UHFFFAOYSA-N
SP_000378,IMKHDCBNRDRUEB-UHFFFAOYSA-N
SP_000378,IYSZVOVZPVKXIJ-OFALOCIGSA-N
SP_000378,JBFOLLJCGUCDQP-UHFFFAOYSA-N
SP_000378,JEKGHHPMLRLCIW-VBVMRKNNSA-N
SP_000378,JGHZJRVDZXSNKQ-UHFFFAOYSA-N
SP_000378,JIWBIWFOSCKQMA-DFARDDQGSA-N
SP_000378,JLQNHALFVCURHW-UHFFFAOYSA-N
SP_000378,JZRWCGZRTZMZEH-UHFFFAOYSA-N
SP_000378,JZVFJDZBLUFKCA-CMDGGOBGSA-N
SP_000378,KBEBGUQPQBELIU-HJWRWDBZSA-N
SP_000378,KCIQZCNOUZCRGH-UHFFFAOYSA-N
SP_000378,KDXKERNSBIXSRK-YFKPBYRVSA-N
SP_000378,KEAYESYHFKHZAL-UHFFFAOYSA-N
SP_000379,ADHNTNYEJYJUCU-ZSJFXSENSA-N
SP_000379,BATOPAZDIZEVQF-IAROGAJJSA-N
SP_000379,BHPQYMZQTOCNFJ-UHFFFAOYSA-N
SP_000379,CIWBSHSKHKDKBQ-JLAZNSOCSA-N
SP_000379,CZMRCDWAGMRECN-UGDNZRGBSA-N
SP_000379,CZMRCDWAGMRECN-UHFFFAOYSA-N
SP_000379,CZXLHIZQQUJTND-UHFFFAOYSA-N
SP_000379,DHMQDGOQFOQNFH-UHFFFAOYSA-N
SP_000379,DJLTZJGULPLVOA-UHFFFAOYSA-N
SP_000379,DKHGMERMDICWDU-GHDNBGIDSA-N
SP_000379,DOTJYWQAPHIAIF-UHFFFAOYSA-N
SP_000379,DQGMPXYVZZCNDQ-KBPWROHVSA-N
SP_000379,FCGOBISRCUOUQH-UHFFFAOYSA-N
SP_000379,GDBJCCBRRCYCEG-UHFFFAOYSA-N
SP_000379,GUBGYTABKSRVRQ-PICCSMPSSA-N
SP_000379,GUBGYTABKSRVRQ-QKKXKWKRSA-N
SP_000379,GVJHHUAWPYXKBD-IEOSBIPESA-N
SP_000379,GZIFEOYASATJEH-UHFFFAOYSA-N
SP_000379,HKSDVVJONLXYKL-ZFILXNNPSA-N
SP_000379,HUTCYUJPLOTDMX-KEBDBYFISA-N
SP_000379,HYCLWDHZALFLJV-UHFFFAOYSA-N
SP_000379,IIACRCGMVDHOTQ-UHFFFAOYSA-N
SP_000379,IMKHDCBNRDRUEB-UHFFFAOYSA-N
SP_000379,JEKGHHPMLRLCIW-VBVMRKNNSA-N
SP_000379,JGHZJRVDZXSNKQ-UHFFFAOYSA-N
SP_000379,JIWBIWFOSCKQMA-DFARDDQGSA-N
SP_000379,JLQNHALFVCURHW-UHFFFAOYSA-N
SP_000379,JZRWCGZRTZMZEH-UHFFFAOYSA-N
SP_000379,JZVFJDZBLUFKCA-CMDGGOBGSA-N
SP_000379,KBEBGUQPQBELIU-HJWRWDBZSA-N
SP_000379,KDXKERNSBIXSRK-YFKPBYRVSA-N
SP_000379,KEAYESYHFKHZAL-UHFFFAOYSA-N
SP_000379,KJDZDTDNIULJBE-VAWYXSNFSA-N
SP_000379,KQMVAGISDHMXJJ-UHFFFAOYSA-N
SP_000379,LFQSCWFLJHTTHZ-UHFFFAOYSA-N
SP_000379,LLCYNDRFWDIIQS-WQLSENKSSA-N
SP_000379,LOIYMIARKYCTBW-UPHRSURJSA-N
SP_000379,LXNHXLLTXMVWPM-UHFFFAOYSA-N
SP_000379,NPYPAHLBTDXSSS-UHFFFAOYSA-N
SP_000379,ODKSFYDXXFIFQN-BYPYZUCNSA-N
SP_000379,OEYIOHPDSNJKLS-UHFFFAOYSA-N
SP_000379,ONIBWKKTOPOVIA-BYPYZUCNSA-N
SP_000379,ONYHYSLZNLJFHX-MDAAKZFYSA-N
SP_000379,OUMMPAFEQHTYIZ-UHFFFAOYSA-N
SP_000379,OUYCCCASQSFEME-UHFFFAOYSA-N
SP_000379,OVBPIULPVIDEAO-LBPRGKRZSA-N
SP_000379,PCBSXBYCASFXTM-UHFFFAOYSA-N
SP_000379,PGMBAYKBYBXNNR-UHFFFAOYSA-N
SP_000379,POWISKNFFRUCCW-UHFFFAOYSA-N
SP_000379,PVNIIMVLHYAWGP-UHFFFAOYSA-N
SP_000380,ADHNTNYEJYJUCU-ZSJFXSENSA-N
SP_000380,BATOPAZDIZEVQF-IAROGAJJSA-N
SP_000380,BHPQYMZQTOCNFJ-UHFFFAOYSA-N
SP_000380,CIWBSHSKHKDKBQ-JLAZNSOCSA-N
SP_000380,CZMRCDWAGMRECN-UGDNZRGBSA-N
SP_000380,CZMRCDWAGMRECN-UHFFFAOYSA-N
SP_000380,DOTJYWQAPHIAIF-UHFFFAOYSA-N
SP_000380,GDBJCCBRRCYCEG-UHFFFAOYSA-N
SP_000380,GUBGYTABKSRVRQ-PICCSMPSSA-N
SP_000380,GUBGYTABKSRVRQ-QKKXKWKRSA-N
SP_000380,GVJHHUAWPYXKBD-IEOSBIPESA-N
SP_000380,HUTCYUJPLOTDMX-KEBDBYFISA-N
SP_000380,IIACRCGMVDHOTQ-UHFFFAOYSA-N
SP_000380,IMKHDCBNRDRUEB-UHFFFAOYSA-N
SP_000380,JEKGHHPMLRLCIW-VBVMRKNNSA-N
SP_000380,JGHZJRVDZXSNKQ-UHFFFAOYSA-N
SP_000380,JIWBIWFOSCKQMA-DFARDDQGSA-N
SP_000380,JLQNHALFVCURHW-UHFFFAOYSA-N
SP_000380,JZRWCGZRTZMZEH-UHFFFAOYSA-N
SP_000380,JZVFJDZBLUFKCA-CMDGGOBGSA-N
SP_000380,KEAYESYHFKHZAL-UHFFFAOYSA-N
SP_000380,KJDZDTDNIULJBE-VAWYXSNFSA-N
SP_000380,KWIUHFFTVRNATP-UHFFFAOYSA-N
SP_000380,LFQSCWFLJHTTHZ-UHFFFAOYSA-N
SP_000380,LXNHXLLTXMVWPM-UHFFFAOYSA-N
SP_000380,NPYPAHLBTDXSSS-UHFFFAOYSA-N
SP_000380,OBVNUYXMOLOYPW-UHFFFAOYSA-N
SP_000380,OEYIOHPDSNJKLS-UHFFFAOYSA-N
SP_000380,OUMMPAFEQHTYIZ-UHFFFAOYSA-N
SP_000380,OVBPIULPVIDEAO-LBPRGKRZSA-N
SP_000380,PCBSXBYCASFXTM-UHFFFAOYSA-N
SP_000380,POWISKNFFRUCCW-UHFFFAOYSA-N
SP_000380,PVNIIMVLHYAWGP-UHFFFAOYSA-N
SP_000380,QYSXJUFSXHHAJI-YRZJJWOYSA-N
SP_000380,RYYVLZVUVIJVGH-UHFFFAOYSA-N
SP_000380,SGNBVLSWZMBQTH-UHFFFAOYSA-N
SP_000380,UQDUPQYQJKYHQI-UHFFFAOYSA-N
SP_000380,VYFYYTLLBUKUHU-UHFFFAOYSA-N
SP_000380,VYGQUTWHTHXGQB-UMNZIDCRSA-N
SP_000380,WEEGYLXZBRQIMU-UHFFFAOYSA-N
SP_000380,XWVDCVZOOVTJKF-RIYZIHGNSA-N
SP_000380,YAPQBXQYLJRXSA-UHFFFAOYSA-N
SP_000380,YHWNASRGLKJRJJ-UHFFFAOYSA-N
SP_000380,ZROGCCBNZBKLEL-MPRHSVQHSA-N
SP_000380,ZVKXPPXCNUMUOR-REWZIMNXSA-N
SP_000381,ADHNTNYEJYJUCU-ZSJFXSENSA-N
SP_000381,BATOPAZDIZEVQF-IAROGAJJSA-N
SP_000381,BHPQYMZQTOCNFJ-UHFFFAOYSA-N
SP_000381,CIWBSHSKHKDKBQ-JLAZNSOCSA-N
SP_000381,CZMRCDWAGMRECN-UGDNZRGBSA-N
SP_000381,CZXLHIZQQUJTND-UHFFFAOYSA-N
SP_000381,DHMQDGOQFOQNFH-UHFFFAOYSA-N
SP_000381,DJLTZJGULPLVOA-UHFFFAOYSA-N
SP_000381,DOTJYWQAPHIAIF-UHFFFAOYSA-N
SP_000381,FCGOBISRCUOUQH-UHFFFAOYSA-N
SP_000381,GDBJCCBRRCYCEG-UHFFFAOYSA-N
SP_000381,GVJHHUAWPYXKBD-IEOSBIPESA-N
SP_000381,HUTCYUJPLOTDMX-KEBDBYFISA-N
SP_000381,IIACRCGMVDHOTQ-UHFFFAOYSA-N
SP_000381,IMKHDCBNRDRUEB-UHFFFAOYSA-N
SP_000381,JEKGHHPMLRLCIW-VBVMRKNNSA-N
SP_000381,JGHZJRVDZXSNKQ-UHFFFAOYSA-N
SP_000381,JIWBIWFOSCKQMA-DFARDDQGSA-N
SP_000381,JLQNHALFVCURHW-UHFFFAOYSA-N
SP_000381,JZRWCGZRTZMZEH-UHFFFAOYSA-N
SP_000381,JZVFJDZBLUFKCA-CMDGGOBGSA-N
SP_000381,KBEBGUQPQBELIU-HJWRWDBZSA-N
SP_000381,KDXKERNSBIXSRK-YFKPBYRVSA-N
SP_000381,KEAYESYHFKHZAL-UHFFFAOYSA-N
SP_000381,KJDZDTDNIULJBE-VAWYXSNFSA-N
SP_000381,KQMVAGISDHMXJJ-UHFFFAOYSA-N
SP_000381,LFQSCWFLJHTTHZ-UHFFFAOYSA-N
SP_000381,LLCYNDRFWDIIQS-WQLSENKSSA-N
SP_000381,LXNHXLLTXMVWPM-UHFFFAOYSA-N
SP_000381,NPYPAHLBTDXSSS-UHFFFAOYSA-N
SP_000381,ODKSFYDXXFIFQN-BYPYZUCNSA-N
SP_000381,OEYIOHPDSNJKLS-UHFFFAOYSA-N
SP_000381,ONIBWKKTOPOVIA-BYPYZUCNSA-N
SP_000381,OUMMPAFEQHTYIZ-UHFFFAOYSA-N
SP_000381,OUYCCCASQSFEME-UHFFFAOYSA-N
SP_000381,OVBPIULPVIDEAO-LBPRGKRZSA-N
SP_000381,PCBSXBYCASFXTM-UHFFFAOYSA-N
SP_000381,PGMBAYKBYBXNNR-UHFFFAOYSA-N
SP_000381,POWISKNFFRUCCW-UHFFFAOYSA-N
SP_000381,PVNIIMVLHYAWGP-UHFFFAOYSA-N
SP_000381,QIVBCDIJIAJPQS-VIFPVBQESA-N
SP_000381,QNAYBMKLOCPYGJ-REOHCLBHSA-N
SP_000381,QYSXJUFSXHHAJI-YRZJJWOYSA-N
SP_000381,ROHFNLRQFUQHCH-UHFFFAOYSA-N
SP_000381,RYYVLZVUVIJVGH-UHFFFAOYSA-N
SP_000381,UQDUPQYQJKYHQI-UHFFFAOYSA-N
SP_000381,VYFYYTLLBUKUHU-UHFFFAOYSA-N
SP_000381,VYGQUTWHTHXGQB-UMNZIDCRSA-N
SP_000381,WEDGVCZUPFZNDE-UHFFFAOYSA-N
SP_000381,WEEGYLXZBRQIMU-UHFFFAOYSA-N
SP_000382,ADHNTNYEJYJUCU-ZSJFXSENSA-N
SP_000382,BATOPAZDIZEVQF-IAROGAJJSA-N
SP_000382,BHPQYMZQTOCNFJ-UHFFFAOYSA-N
SP_000382,CIWBSHSKHKDKBQ-JLAZNSOCSA-N
SP_000382,CZMRCDWAGMRECN-UGDNZRGBSA-N
SP_000382,CZMRCDWAGMRECN-UHFFFAOYSA-N
SP_000382,CZXLHIZQQUJTND-UHFFFAOYSA-N
SP_000382,DHMQDGOQFOQNFH-UHFFFAOYSA-N
SP_000382,DJLTZJGULPLVOA-UHFFFAOYSA-N
SP_000382,DKHGMERMDICWDU-GHDNBGIDSA-N
SP_000382,DOTJYWQAPHIAIF-UHFFFAOYSA-N
SP_000382,DQGMPXYVZZCNDQ-KBPWROHVSA-N
SP_000382,FCGOBISRCUOUQH-UHFFFAOYSA-N
SP_000382,GDBJCCBRRCYCEG-UHFFFAOYSA-N
SP_000382,GUBGYTABKSRVRQ-PICCSMPSSA-N
SP_000382,GUBGYTABKSRVRQ-QKKXKWKRSA-N
SP_000382,GVJHHUAWPYXKBD-IEOSBIPESA-N
SP_000382,GZIFEOYASATJEH-UHFFFAOYSA-N
SP_000382,HKSDVVJONLXYKL-ZFILXNNPSA-N
SP_000382,HUTCYUJPLOTDMX-KEBDBYFISA-N
SP_000382,HYCLWDHZALFLJV-UHFFFAOYSA-N
SP_000382,IIACRCGMVDHOTQ-UHFFFAOYSA-N
SP_000382,IMKHDCBNRDRUEB-UHFFFAOYSA-N
SP_000382,JEKGHHPMLRLCIW-VBVMRKNNSA-N
SP_000382,JGHZJRVDZXSNKQ-UHFFFAOYSA-N
SP_000382,JIWBIWFOSCKQMA-DFARDDQGSA-N
SP_000382,JLQNHALFVCURHW-UHFFFAOYSA-N
SP_000382,JZRWCGZRTZMZEH-UHFFFAOYSA-N
SP_000382,JZVFJDZBLUFKCA-CMDGGOBGSA-N
SP_000382,KBEBGUQPQBELIU-HJWRWDBZSA-N
SP_000382,KDXKERNSBIXSRK-YFKPBYRVSA-N
SP_000382,KEAYESYHFKHZAL-UHFFFAOYSA-N
SP_000382,KJDZDTDNIULJBE-VAWYXSNFSA-N
SP_000382,KQMVAGISDHMXJJ-UHFFFAOYSA-N
SP_000382,KWIUHFFTVRNATP-UHFFFAOYSA-N
SP_000382,LLCYNDRFWDIIQS-WQLSENKSSA-N
SP_000382,LOIYMIARKYCTBW-UPHRSURJSA-N
SP_000382,LXNHXLLTXMVWPM-UHFFFAOYSA-N
SP_000382,NPYPAHLBTDXSSS-UHFFFAOYSA-N
SP_000382,ODKSFYDXXFIFQN-BYPYZUCNSA-N
SP_000382,OEYIOHPDSNJKLS-UHFFFAOYSA-N
SP_000382,ONIBWKKTOPOVIA-BYPYZUCNSA-N
SP_000382,ONYHYSLZNLJFHX-MDAAKZFYSA-N
SP_000382,OUMMPAFEQHTYIZ-UHFFFAOYSA-N
SP_000382,OUYCCCASQSFEME-UHFFFAOYSA-N
SP_000382,OVBPIULPVIDEAO-LBPRGKRZSA-N
SP_000382,PCBSXBYCASFXTM-UHFFFAOYSA-N
SP_000382,PGMBAYKBYBXNNR-UHFFFAOYSA-N
SP_000382,POWISKNFFRUCCW-UHFFFAOYSA-N
SP_000382,PVNIIMVLHYAWGP-UHFFFAOYSA-N
SP_000383,AABKSFWWBUPVNY-NVCPWDGJSA-N
SP_000383,AAFBEFOSCLMOTF-KXBCQOCRSA-N
SP_000383,AAFBEFOSCLMOTF-RRPFJGJLSA-N
SP_000383,AANZTOSGIRNZNM-LNOKNGNPSA-N
SP_000383,AAPGXBRKBIUCMQ-GWHBCOKCSA-N
SP_000383,AAWNBEJOCRYVJE-QNGWXLTQSA-N
SP_000383,AAXMCYUUKFLUMJ-JSFHAIONSA-N
SP_000383,AAXMCYUUKFLUMJ-TWDRBPDCSA-N
SP_000383,AAZOMBJKSJQDHJ-ZBRBWIFHSA-N
SP_000383,ABBYYPGQJRBTGA-NESBLOORSA-N
SP_000383,ABFJWRKPWCFTQP-JKFVOKSPSA-N
SP_000383,ABFJWRKPWCFTQP-XSMLMOGHSA-N
SP_000383,ABRHOUKZOUNSSK-FVEAQGRNSA-N
SP_000383,ABUKPIBHMMLQDI-RCOVLANCSA-N
SP_000383,ABVCUBUIXWJYSE-UHFFFAOYSA-O
SP_000383,ACGLCDJEASKGDO-JSYPMYMJSA-N
SP_000383,ACLPCAOOWJUVLL-DZKYTWFZSA-N
SP_000383,ACLQSYLJAZRTAP-XAFBQJBNSA-N
SP_000383,ACTHNCRNFFCCAQ-PLKVWTDNSA-N
SP_000383,ACTHNCRNFFCCAQ-YNQDZHFMSA-N
SP_000383,ACZVSMNFVFBOTM-UHFFFAOYSA-N
SP_000383,ADCKHLSRWCXEIY-GGAPOBRUSA-N
SP_000383,ADHKIZQYPQGIRC-ACSKKKSPSA-N
SP_000383,ADHKIZQYPQGIRC-SOZVHHJESA-N
SP_000383,ADHNTNYEJYJUCU-ZSJFXSENSA-N
SP_000383,ADKNUXINKGBJMY-LDLOPFEMSA-N
SP_000383,ADMGMAPZAQUXIR-VRHMUEQPSA-N
SP_000383,ADNSYCXWAHUWTA-SYOMJGEJSA-N
SP_000383,ADYPMBBPSUQKED-VOLCNUBSSA-N
SP_000383,ADZPFIMEBZGRHB-ILJAMNOWSA-N
SP_000383,AEIJGHDRIPTRQY-UBTAJKBJSA-N
SP_000383,AESBAQNLQIQXNK-BMFSGJJHSA-N
SP_000383,AETXDQTWHNBCRO-QLKFWGTOSA-N
SP_000383,AEXNGRVFOMIYOW-ICFOKQHNSA-N
SP_000383,AFFQVAIMWFYJJS-DTHFMEMVSA-N
SP_000383,AFIGVZAQSPJHEE-ZZSOQTNOSA-N
SP_000383,AFMQYZXPYJFAPA-VXVUXWGWSA-N
SP_000383,AFMQYZXPYJFAPA-WOGGMIHASA-N
SP_000383,AFOLOMGWVXKIQL-UHFFFAOYSA-O
SP_000383,AFSGMNCJOAPJOR-GODAVPAZSA-N
SP_000383,AFSHUZFNMVJNKX-LLWMBOQKSA-N
SP_000383,AFWVVPIAVLFQOY-HNCVWURRSA-N
SP_000383,AFWVVPIAVLFQOY-QMNOEWNESA-N
SP_000383,AGBLBGGDMGJYFQ-FIACFBACSA-N
SP_000383,AGBLBGGDMGJYFQ-GKJJFOOMSA-N
SP_000383,AGEDXKMYUUORTP-QLKFWGTOSA-N
SP_000383,AGKVNKMBWJSNKY-ZZEZOPTASA-N
SP_000383,AGXFHKUZXQPREM-SWGBUSHLSA-N
SP_000383,AGXFHKUZXQPREM-VBDNUALRSA-N
SP_000383,AGZKWUAHBZQQNY-KYTQBJKTSA-N
SP_000384,AABKSFWWBUPVNY-NVCPWDGJSA-N
SP_000384,AAFBEFOSCLMOTF-KXBCQOCRSA-N
SP_000384,AAFBEFOSCLMOTF-RRPFJGJLSA-N
SP_000384,AANZTOSGIRNZNM-LNOKNGNPSA-N
SP_000384,AAPGXBRKBIUCMQ-GWHBCOKCSA-N
SP_000384,AAWNBEJOCRYVJE-QNGWXLTQSA-N
SP_000384,AAXMCYUUKFLUMJ-JSFHAIONSA-N
SP_000384,AAXMCYUUKFLUMJ-TWDRBPDCSA-N
SP_000384,AAZOMBJKSJQDHJ-ZBRBWIFHSA-N
SP_000384,ABBYYPGQJRBTGA-NESBLOORSA-N
SP_000384,ABFJWRKPWCFTQP-JKFVOKSPSA-N
SP_000384,ABFJWRKPWCFTQP-XSMLMOGHSA-N
SP_000384,ABRHOUKZOUNSSK-FVEAQGRNSA-N
SP_000384,ABUKPIBHMMLQDI-RCOVLANCSA-N
SP_000384,ACGLCDJEASKGDO-JSYPMYMJSA-N
SP_000384,ACLPCAOOWJUVLL-DZKYTWFZSA-N
SP_000384,ACLQSYLJAZRTAP-XAFBQJBNSA-N
SP_000384,ACTHNCRNFFCCAQ-PLKVWTDNSA-N
SP_000384,ACTHNCRNFFCCAQ-YNQDZHFMSA-N
SP_000384,ADCKHLSRWCXEIY-GGAPOBRUSA-N
SP_000384,ADHKIZQYPQGIRC-ACSKKKSPSA-N
SP_000384,ADHKIZQYPQGIRC-SOZVHHJESA-N
SP_000384,ADHNTNYEJYJUCU-ZSJFXSENSA-N
SP_000384,ADKNUXINKGBJMY-LDLOPFEMSA-N
SP_000384,ADMGMAPZAQUXIR-VRHMUEQPSA-N
SP_000384,ADNSYCXWAHUWTA-SYOMJGEJSA-N
SP_000384,ADYPMBBPSUQKED-VOLCNUBSSA-N
SP_000384,ADZPFIMEBZGRHB-ILJAMNOWSA-N
SP_000384,AEIJGHDRIPTRQY-UBTAJKBJSA-N
SP_000384,AESBAQNLQIQXNK-BMFSGJJHSA-N
SP_000384,AETXDQTWHNBCRO-QLKFWGTOSA-N
SP_000384,AEXNGRVFOMIYOW-ICFOKQHNSA-N
SP_000384,AFFQVAIMWFYJJS-DTHFMEMVSA-N
SP_000384,AFIGVZAQSPJHEE-ZZSOQTNOSA-N
SP_000384,AFMQYZXPYJFAPA-VXVUXWGWSA-N
SP_000384,AFMQYZXPYJFAPA-WOGGMIHASA-N
SP_000384,AFSGMNCJOAPJOR-GODAVPAZSA-N
SP_000384,AFSHUZFNMVJNKX-LLWMBOQKSA-N
SP_000384,AFWVVPIAVLFQOY-HNCVWURRSA-N
SP_000384,AFWVVPIAVLFQOY-QMNOEWNESA-N
SP_000384,AGBLBGGDMGJYFQ-FIACFBACSA-N
SP_000384,AGBLBGGDMGJYFQ-GKJJFOOMSA-N
SP_000384,AGEDXKMYUUORTP-QLKFWGTOSA-N
SP_000384,AGKVNKMBWJSNKY-ZZEZOPTASA-N
SP_000384,AGXFHKUZXQPREM-SWGBUSHLSA-N
SP_000384,AGXFHKUZXQPREM-VBDNUALRSA-N
SP_000384,AGZKWUAHBZQQNY-KYTQBJKTSA-N
SP_000384,AGZKWUAHBZQQNY-OSOYSHGCSA-N
SP_000384,AHAUBJRIXRHFSJ-HUESYALOSA-N
SP_000384,AHEPKIJTHGCAOA-HUESYALOSA-N
SP_000385,ADHNTNYEJYJUCU-ZSJFXSENSA-N
SP_000385,BATOPAZDIZEVQF-IAROGAJJSA-N
SP_000385,BHPQYMZQTOCNFJ-UHFFFAOYSA-N
SP_000385,CIWBSHSKHKDKBQ-JLAZNSOCSA-N
SP_000385,CZMRCDWAGMRECN-UGDNZRGBSA-N
SP_000385,DOTJYWQAPHIAIF-UHFFFAOYSA-N
SP_000385,GDBJCCBRRCYCEG-UHFFFAOYSA-N
SP_000385,GVJHHUAWPYXKBD-IEOSBIPESA-N
SP_000385,HKSDVVJONLXYKL-ZFILXNNPSA-N
SP_000385,HUTCYUJPLOTDMX-KEBDBYFISA-N
SP_000385,IIACRCGMVDHOTQ-UHFFFAOYSA-N
SP_000385,IMKHDCBNRDRUEB-UHFFFAOYSA-N
SP_000385,JEKGHHPMLRLCIW-VBVMRKNNSA-N
SP_000385,JGHZJRVDZXSNKQ-UHFFFAOYSA-N
SP_000385,JIWBIWFOSCKQMA-DFARDDQGSA-N
SP_000385,JLQNHALFVCURHW-UHFFFAOYSA-N
SP_000385,JZRWCGZRTZMZEH-UHFFFAOYSA-N
SP_000385,JZVFJDZBLUFKCA-CMDGGOBGSA-N
SP_000385,KEAYESYHFKHZAL-UHFFFAOYSA-N
SP_000385,KJDZDTDNIULJBE-VAWYXSNFSA-N
SP_000385,KWIUHFFTVRNATP-UHFFFAOYSA-N
SP_000385,LFQSCWFLJHTTHZ-UHFFFAOYSA-N
SP_000385,LLCYNDRFWDIIQS-WQLSENKSSA-N
SP_000385,LXNHXLLTXMVWPM-UHFFFAOYSA-N
SP_000385,NPYPAHLBTDXSSS-UHFFFAOYSA-N
SP_000385,OEYIOHPDSNJKLS-UHFFFAOYSA-N
SP_000385,OUMMPAFEQHTYIZ-UHFFFAOYSA-N
SP_000385,OVBPIULPVIDEAO-LBPRGKRZSA-N
SP_000385,PCBSXBYCASFXTM-UHFFFAOYSA-N
SP_000385,PGMBAYKBYBXNNR-UHFFFAOYSA-N
SP_000385,POWISKNFFRUCCW-UHFFFAOYSA-N
SP_000385,PVNIIMVLHYAWGP-UHFFFAOYSA-N
SP_000385,QYSXJUFSXHHAJI-YRZJJWOYSA-N
SP_000385,RUDATBOHQWOJDD-JGFDLHJZSA-N
SP_000385,RYYVLZVUVIJVGH-UHFFFAOYSA-N
SP_000385,UQDUPQYQJKYHQI-UHFFFAOYSA-N
SP_000385,VYFYYTLLBUKUHU-UHFFFAOYSA-N
SP_000385,VYGQUTWHTHXGQB-UMNZIDCRSA-N
SP_000385,WEEGYLXZBRQIMU-UHFFFAOYSA-N
SP_000385,XNCNNDVCAUWAIT-UHFFFAOYSA-N
SP_000385,XWVDCVZOOVTJKF-RIYZIHGNSA-N
SP_000385,YAPQBXQYLJRXSA-UHFFFAOYSA-N
SP_000385,YHWNASRGLKJRJJ-UHFFFAOYSA-N
SP_000385,ZROGCCBNZBKLEL-MPRHSVQHSA-N
SP_000385,ZVKXPPXCNUMUOR-REWZIMNXSA-N
SP_000386,AABKSFWWBUPVNY-NVCPWDGJSA-N
SP_000386,AAFBEFOSCLMOTF-KXBCQOCRSA-N
SP_000386,AAFBEFOSCLMOTF-RRPFJGJLSA-N
SP_000386,AANZTOSGIRNZNM-LNOKNGNPSA-N
SP_000386,AAPGXBRKBIUCMQ-GWHBCOKCSA-N
SP_000386,AAWNBEJOCRYVJE-QNGWXLTQSA-N
SP_000386,AAXMCYUUKFLUMJ-JSFHAIONSA-N
SP_000386,AAXMCYUUKFLUMJ-TWDRBPDCSA-N
SP_000386,AAZOMBJKSJQDHJ-ZBRBWIFHSA-N
SP_000386,ABBYYPGQJRBTGA-NESBLOORSA-N
SP_000386,ABFJWRKPWCFTQP-JKFVOKSPSA-N
SP_000386,ABFJWRKPWCFTQP-XSMLMOGHSA-N
SP_000386,ABRHOUKZOUNSSK-FVEAQGRNSA-N
SP_000386,ABUKPIBHMMLQDI-RCOVLANCSA-N
SP_000386,ACGLCDJEASKGDO-JSYPMYMJSA-N
SP_000386,ACLPCAOOWJUVLL-DZKYTWFZSA-N
SP_000386,ACLQSYLJAZRTAP-XAFBQJBNSA-N
SP_000386,ACTHNCRNFFCCAQ-PLKVWTDNSA-N
SP_000386,ACTHNCRNFFCCAQ-YNQDZHFMSA-N
SP_000386,ADCKHLSRWCXEIY-GGAPOBRUSA-N
SP_000386,ADHKIZQYPQGIRC-ACSKKKSPSA-N
SP_000386,ADHKIZQYPQGIRC-SOZVHHJESA-N
SP_000386,ADHNTNYEJYJUCU-ZSJFXSENSA-N
SP_000386,ADKNUXINKGBJMY-LDLOPFEMSA-N
SP_000386,ADMGMAPZAQUXIR-VRHMUEQPSA-N
SP_000386,ADNSYCXWAHUWTA-SYOMJGEJSA-N
SP_000386,ADYPMBBPSUQKED-VOLCNUBSSA-N
SP_000386,ADZPFIMEBZGRHB-ILJAMNOWSA-N
SP_000386,AEIJGHDRIPTRQY-UBTAJKBJSA-N
SP_000386,AESBAQNLQIQXNK-BMFSGJJHSA-N
SP_000386,AETXDQTWHNBCRO-QLKFWGTOSA-N
SP_000386,AEXNGRVFOMIYOW-ICFOKQHNSA-N
SP_000386,AFFQVAIMWFYJJS-DTHFMEMVSA-N
SP_000386,AFIGVZAQSPJHEE-ZZSOQTNOSA-N
SP_000386,AFMQYZXPYJFAPA-VXVUXWGWSA-N
SP_000386,AFMQYZXPYJFAPA-WOGGMIHASA-N
SP_000386,AFSGMNCJOAPJOR-GODAVPAZSA-N
SP_000386,AFSHUZFNMVJNKX-LLWMBOQKSA-N
SP_000386,AFWVVPIAVLFQOY-HNCVWURRSA-N
SP_000386,AFWVVPIAVLFQOY-QMNOEWNESA-N
SP_000386,AGBLBGGDMGJYFQ-FIACFBACSA-N
SP_000386,AGBLBGGDMGJYFQ-GKJJFOOMSA-N
SP_000386,AGEDXKMYUUORTP-QLKFWGTOSA-N
SP_000386,AGKVNKMBWJSNKY-ZZEZOPTASA-N
SP_000386,AGXFHKUZXQPREM-SWGBUSHLSA-N
SP_000386,AGXFHKUZXQPREM-VBDNUALRSA-N
SP_000386,AGZKWUAHBZQQNY-KYTQBJKTSA-N
SP_000386,AGZKWUAHBZQQNY-OSOYSHGCSA-N
SP_000386,AHAUBJRIXRHFSJ-HUESYALOSA-N
SP_000386,AHEPKIJTHGCAOA-HUESYALOSA-N
SP_000387,AABKSFWWBUPVNY-NVCPWDGJSA-N
SP_000387,AAFBEFOSCLMOTF-KXBCQOCRSA-N
SP_000387,AAFBEFOSCLMOTF-RRPFJGJLSA-N
SP_000387,AANZTOSGIRNZNM-LNOKNGNPSA-N
SP_000387,AAPGXBRKBIUCMQ-GWHBCOKCSA-N
SP_000387,AAWNBEJOCRYVJE-QNGWXLTQSA-N
SP_000387,AAXMCYUUKFLUMJ-JSFHAIONSA-N
SP_000387,AAXMCYUUKFLUMJ-TWDRBPDCSA-N
SP_000387,AAZOMBJKSJQDHJ-ZBRBWIFHSA-N
SP_000387,ABBYYPGQJRBTGA-NESBLOORSA-N
SP_000387,ABFJWRKPWCFTQP-JKFVOKSPSA-N
SP_000387,ABFJWRKPWCFTQP-XSMLMOGHSA-N
SP_000387,ABRHOUKZOUNSSK-FVEAQGRNSA-N
SP_000387,ABUKPIBHMMLQDI-RCOVLANCSA-N
SP_000387,ACGLCDJEASKGDO-JSYPMYMJSA-N
SP_000387,ACLPCAOOWJUVLL-DZKYTWFZSA-N
SP_000387,ACLQSYLJAZRTAP-XAFBQJBNSA-N
SP_000387,ACTHNCRNFFCCAQ-PLKVWTDNSA-N
SP_000387,ACTHNCRNFFCCAQ-YNQDZHFMSA-N
SP_000387,ADCKHLSRWCXEIY-GGAPOBRUSA-N
SP_000387,ADHKIZQYPQGIRC-ACSKKKSPSA-N
SP_000387,ADHKIZQYPQGIRC-SOZVHHJESA-N
SP_000387,ADHNTNYEJYJUCU-ZSJFXSENSA-N
SP_000387,ADKNUXINKGBJMY-LDLOPFEMSA-N
SP_000387,ADMGMAPZAQUXIR-VRHMUEQPSA-N
SP_000387,ADNSYCXWAHUWTA-SYOMJGEJSA-N
SP_000387,ADYPMBBPSUQKED-VOLCNUBSSA-N
SP_000387,ADZPFIMEBZGRHB-ILJAMNOWSA-N
SP_000387,AEIJGHDRIPTRQY-UBTAJKBJSA-N
SP_000387,AESBAQNLQIQXNK-BMFSGJJHSA-N
SP_000387,AETXDQTWHNBCRO-QLKFWGTOSA-N
SP_000387,AEXNGRVFOMIYOW-ICFOKQHNSA-N
SP_000387,AFFQVAIMWFYJJS-DTHFMEMVSA-N
SP_000387,AFIGVZAQSPJHEE-ZZSOQTNOSA-N
SP_000387,AFMQYZXPYJFAPA-VXVUXWGWSA-N
SP_000387,AFMQYZXPYJFAPA-WOGGMIHASA-N
SP_000387,AFSGMNCJOAPJOR-GODAVPAZSA-N
SP_000387,AFSHUZFNMVJNKX-LLWMBOQKSA-N
SP_000387,AFWVVPIAVLFQOY-HNCVWURRSA-N
SP_000387,AFWVVPIAVLFQOY-QMNOEWNESA-N
SP_000387,AGBLBGGDMGJYFQ-FIACFBACSA-N
SP_000387,AGBLBGGDMGJYFQ-GKJJFOOMSA-N
SP_000387,AGEDXKMYUUORTP-QLKFWGTOSA-N
SP_000387,AGKVNKMBWJSNKY-ZZEZOPTASA-N
SP_000387,AGXFHKUZXQPREM-SWGBUSHLSA-N
SP_000387,AGXFHKUZXQPREM-VBDNUALRSA-N
SP_000387,AGZKWUAHBZQQNY-KYTQBJKTSA-N
SP_000387,AGZKWUAHBZQQNY-OSOYSHGCSA-N
SP_000387,AHAUBJRIXRHFSJ-HUESYALOSA-N
SP_000387,AHEPKIJTHGCAOA-HUESYALOSA-N
SP_000388,ADHNTNYEJYJUCU-ZSJFXSENSA-N
SP_000388,BATOPAZDIZEVQF-IAROGAJJSA-N
SP_000388,BHPQYMZQTOCNFJ-UHFFFAOYSA-N
SP_000388,CIWBSHSKHKDKBQ-JLAZNSOCSA-N
SP_000388,CZMRCDWAGMRECN-UGDNZRGBSA-N
SP_000388,CZMRCDWAGMRECN-UHFFFAOYSA-N
SP_000388,CZXLHIZQQUJTND-UHFFFAOYSA-N
SP_000388,DHMQDGOQFOQNFH-UHFFFAOYSA-N
SP_000388,DJLTZJGULPLVOA-UHFFFAOYSA-N
SP_000388,DKHGMERMDICWDU-GHDNBGIDSA-N
SP_000388,DOTJYWQAPHIAIF-UHFFFAOYSA-N
SP_000388,FCGOBISRCUOUQH-UHFFFAOYSA-N
SP_000388,GDBJCCBRRCYCEG-UHFFFAOYSA-N
SP_000388,GUBGYTABKSRVRQ-PICCSMPSSA-N
SP_000388,GUBGYTABKSRVRQ-QKKXKWKRSA-N
SP_000388,GVJHHUAWPYXKBD-IEOSBIPESA-N
SP_000388,GZIFEOYASATJEH-UHFFFAOYSA-N
SP_000388,HKSDVVJONLXYKL-ZFILXNNPSA-N
SP_000388,HUTCYUJPLOTDMX-KEBDBYFISA-N
SP_000388,HYCLWDHZALFLJV-UHFFFAOYSA-N
SP_000388,IIACRCGMVDHOTQ-UHFFFAOYSA-N
SP_000388,IMKHDCBNRDRUEB-UHFFFAOYSA-N
SP_000388,IMNZDWZLEPDBAP-UHFFFAOYSA-N
SP_000388,JEKGHHPMLRLCIW-VBVMRKNNSA-N
SP_000388,JGHZJRVDZXSNKQ-UHFFFAOYSA-N
SP_000388,JIWBIWFOSCKQMA-DFARDDQGSA-N
SP_000388,JLQNHALFVCURHW-UHFFFAOYSA-N
SP_000388,JZRWCGZRTZMZEH-UHFFFAOYSA-N
SP_000388,JZVFJDZBLUFKCA-CMDGGOBGSA-N
SP_000388,KBEBGUQPQBELIU-HJWRWDBZSA-N
SP_000388,KDXKERNSBIXSRK-YFKPBYRVSA-N
SP_000388,KEAYESYHFKHZAL-UHFFFAOYSA-N
SP_000388,KJDZDTDNIULJBE-VAWYXSNFSA-N
SP_000388,KQMVAGISDHMXJJ-UHFFFAOYSA-N
SP_000388,KWIUHFFTVRNATP-UHFFFAOYSA-N
SP_000388,LFQSCWFLJHTTHZ-UHFFFAOYSA-N
SP_000388,LLCYNDRFWDIIQS-WQLSENKSSA-N
SP_000388,LXNHXLLTXMVWPM-UHFFFAOYSA-N
SP_000388,NPYPAHLBTDXSSS-UHFFFAOYSA-N
SP_000388,ODKSFYDXXFIFQN-BYPYZUCNSA-N
SP_000388,OEYIOHPDSNJKLS-UHFFFAOYSA-N
SP_000388,ONIBWKKTOPOVIA-BYPYZUCNSA-N
SP_000388,OUMMPAFEQHTYIZ-UHFFFAOYSA-N
SP_000388,OUYCCCASQSFEME-UHFFFAOYSA-N
SP_000388,OVBPIULPVIDEAO-LBPRGKRZSA-N
SP_000388,PCBSXBYCASFXTM-UHFFFAOYSA-N
SP_000388,PGMBAYKBYBXNNR-UHFFFAOYSA-N
SP_000388,POWISKNFFRUCCW-UHFFFAOYSA-N
SP_000388,PVNIIMVLHYAWGP-UHFFFAOYSA-N
SP_000388,QIVBCDIJIAJPQS-VIFPVBQESA-N
SP_000389,AABKSFWWBUPVNY-NVCPWDGJSA-N
SP_000389,AAFBEFOSCLMOTF-KXBCQOCRSA-N
SP_000389,AAFBEFOSCLMOTF-RRPFJGJLSA-N
SP_000389,AANZTOSGIRNZNM-LNOKNGNPSA-N
SP_000389,AAPGXBRKBIUCMQ-GWHBCOKCSA-N
SP_000389,AAWNBEJOCRYVJE-QNGWXLTQSA-N
SP_000389,AAXMCYUUKFLUMJ-JSFHAIONSA-N
SP_000389,AAXMCYUUKFLUMJ-TWDRBPDCSA-N
SP_000389,AAZOMBJKSJQDHJ-ZBRBWIFHSA-N
SP_000389,ABBYYPGQJRBTGA-NESBLOORSA-N
SP_000389,ABFJWRKPWCFTQP-JKFVOKSPSA-N
SP_000389,ABFJWRKPWCFTQP-XSMLMOGHSA-N
SP_000389,ABRHOUKZOUNSSK-FVEAQGRNSA-N
SP_000389,ABUKPIBHMMLQDI-RCOVLANCSA-N
SP_000389,ACGLCDJEASKGDO-JSYPMYMJSA-N
SP_000389,ACLPCAOOWJUVLL-DZKYTWFZSA-N
SP_000389,ACLQSYLJAZRTAP-XAFBQJBNSA-N
SP_000389,ACTHNCRNFFCCAQ-PLKVWTDNSA-N
SP_000389,ACTHNCRNFFCCAQ-YNQDZHFMSA-N
SP_000389,ADCKHLSRWCXEIY-GGAPOBRUSA-N
SP_000389,ADHKIZQYPQGIRC-ACSKKKSPSA-N
SP_000389,ADHKIZQYPQGIRC-SOZVHHJESA-N
SP_000389,ADHNTNYEJYJUCU-ZSJFXSENSA-N
SP_000389,ADKNUXINKGBJMY-LDLOPFEMSA-N
SP_000389,ADMGMAPZAQUXIR-VRHMUEQPSA-N
SP_000389,ADNSYCXWAHUWTA-SYOMJGEJSA-N
SP_000389,ADYPMBBPSUQKED-VOLCNUBSSA-N
SP_000389,ADZPFIMEBZGRHB-ILJAMNOWSA-N
SP_000389,AEIJGHDRIPTRQY-UBTAJKBJSA-N
SP_000389,AESBAQNLQIQXNK-BMFSGJJHSA-N
SP_000389,AETXDQTWHNBCRO-QLKFWGTOSA-N
SP_000389,AEXNGRVFOMIYOW-ICFOKQHNSA-N
SP_000389,AFFQVAIMWFYJJS-DTHFMEMVSA-N
SP_000389,AFIGVZAQSPJHEE-ZZSOQTNOSA-N
SP_000389,AFMQYZXPYJFAPA-VXVUXWGWSA-N
SP_000389,AFMQYZXPYJFAPA-WOGGMIHASA-N
SP_000389,AFSGMNCJOAPJOR-GODAVPAZSA-N
SP_000389,AFSHUZFNMVJNKX-LLWMBOQKSA-N
SP_000389,AFWVVPIAVLFQOY-HNCVWURRSA-N
SP_000389,AFWVVPIAVLFQOY-QMNOEWNESA-N
SP_000389,AGBLBGGDMGJYFQ-FIACFBACSA-N
SP_000389,AGBLBGGDMGJYFQ-GKJJFOOMSA-N
SP_000389,AGEDXKMYUUORTP-QLKFWGTOSA-N
SP_000389,AGKVNKMBWJSNKY-ZZEZOPTASA-N
SP_000389,AGXFHKUZXQPREM-SWGBUSHLSA-N
SP_000389,AGXFHKUZXQPREM-VBDNUALRSA-N
SP_000389,AGZKWUAHBZQQNY-KYTQBJKTSA-N
SP_000389,AGZKWUAHBZQQNY-OSOYSHGCSA-N
SP_000389,AHAUBJRIXRHFSJ-HUESYALOSA-N
SP_000389,AHEPKIJTHGCAOA-HUESYALOSA-N
SP_000390,ADHNTNYEJYJUCU-ZSJFXSENSA-N
SP_000390,BATOPAZDIZEVQF-IAROGAJJSA-N
SP_000390,BHPQYMZQTOCNFJ-UHFFFAOYSA-N
SP_000390,CIWBSHSKHKDKBQ-JLAZNSOCSA-N
SP_000390,CZMRCDWAGMRECN-UGDNZRGBSA-N
SP_000390,DOTJYWQAPHIAIF-UHFFFAOYSA-N
SP_000390,GDBJCCBRRCYCEG-UHFFFAOYSA-N
SP_000390,GVJHHUAWPYXKBD-IEOSBIPESA-N
SP_000390,HKSDVVJONLXYKL-ZFILXNNPSA-N
SP_000390,HUTCYUJPLOTDMX-KEBDBYFISA-N
SP_000390,IIACRCGMVDHOTQ-UHFFFAOYSA-N
SP_000390,IMKHDCBNRDRUEB-UHFFFAOYSA-N
SP_000390,JEKGHHPMLRLCIW-VBVMRKNNSA-N
SP_000390,JGHZJRVDZXSNKQ-UHFFFAOYSA-N
SP_000390,JIWBIWFOSCKQMA-DFARDDQGSA-N
SP_000390,JLQNHALFVCURHW-UHFFFAOYSA-N
SP_000390,JZRWCGZRTZMZEH-UHFFFAOYSA-N
SP_000390,JZVFJDZBLUFKCA-CMDGGOBGSA-N
SP_000390,KEAYESYHFKHZAL-UHFFFAOYSA-N
SP_000390,KJDZDTDNIULJBE-VAWYXSNFSA-N
SP_000390,LFQSCWFLJHTTHZ-UHFFFAOYSA-N
SP_000390,LLCYNDRFWDIIQS-WQLSENKSSA-N
SP_000390,LXNHXLLTXMVWPM-UHFFFAOYSA-N
SP_000390,NPYPAHLBTDXSSS-UHFFFAOYSA-N
SP_000390,OUMMPAFEQHTYIZ-UHFFFAOYSA-N
SP_000390,OVBPIULPVIDEAO-LBPRGKRZSA-N
SP_000390,PCBSXBYCASFXTM-UHFFFAOYSA-N
SP_000390,PGMBAYKBYBXNNR-UHFFFAOYSA-N
SP_000390,POWISKNFFRUCCW-UHFFFAOYSA-N
SP_000390,PVNIIMVLHYAWGP-UHFFFAOYSA-N
SP_000390,RUDATBOHQWOJDD-JGFDLHJZSA-N
SP_000390,RYYVLZVUVIJVGH-UHFFFAOYSA-N
SP_000390,UQDUPQYQJKYHQI-UHFFFAOYSA-N
SP_000390,VYFYYTLLBUKUHU-UHFFFAOYSA-N
SP_000390,VYGQUTWHTHXGQB-UMNZIDCRSA-N
SP_000390,WEEGYLXZBRQIMU-UHFFFAOYSA-N
SP_000390,WQEPLUUGTLDZJY-UHFFFAOYSA-N
SP_000390,XNCNNDVCAUWAIT-UHFFFAOYSA-N
SP_000390,XWVDCVZOOVTJKF-RIYZIHGNSA-N
SP_000390,YAPQBXQYLJRXSA-UHFFFAOYSA-N
SP_000390,YHWNASRGLKJRJJ-UHFFFAOYSA-N
SP_000390,ZROGCCBNZBKLEL-MPRHSVQHSA-N
SP_000390,ZVKXPPXCNUMUOR-REWZIMNXSA-N
SP_000391,ADHNTNYEJYJUCU-ZSJFXSENSA-N
SP_000391,BATOPAZDIZEVQF-IAROGAJJSA-N
SP_000391,BHPQYMZQTOCNFJ-UHFFFAOYSA-N
SP_000391,CIWBSHSKHKDKBQ-JLAZNSOCSA-N
SP_000391,CZMRCDWAGMRECN-UGDNZRGBSA-N
SP_000391,DOTJYWQAPHIAIF-UHFFFAOYSA-N
SP_000391,GDBJCCBRRCYCEG-UHFFFAOYSA-N
SP_000391,GVJHHUAWPYXKBD-IEOSBIPESA-N
SP_000391,HUTCYUJPLOTDMX-KEBDBYFISA-N
SP_000391,IIACRCGMVDHOTQ-UHFFFAOYSA-N
SP_000391,IMKHDCBNRDRUEB-UHFFFAOYSA-N
SP_000391,JEKGHHPMLRLCIW-VBVMRKNNSA-N
SP_000391,JGHZJRVDZXSNKQ-UHFFFAOYSA-N
SP_000391,JIWBIWFOSCKQMA-DFARDDQGSA-N
SP_000391,JLQNHALFVCURHW-UHFFFAOYSA-N
SP_000391,JZRWCGZRTZMZEH-UHFFFAOYSA-N
SP_000391,JZVFJDZBLUFKCA-CMDGGOBGSA-N
SP_000391,KEAYESYHFKHZAL-UHFFFAOYSA-N
SP_000391,KJDZDTDNIULJBE-VAWYXSNFSA-N
SP_000391,LFQSCWFLJHTTHZ-UHFFFAOYSA-N
SP_000391,LXNHXLLTXMVWPM-UHFFFAOYSA-N
SP_000391,NPYPAHLBTDXSSS-UHFFFAOYSA-N
SP_000391,OBVNUYXMOLOYPW-UHFFFAOYSA-N
SP_000391,OEYIOHPDSNJKLS-UHFFFAOYSA-N
SP_000391,OUMMPAFEQHTYIZ-UHFFFAOYSA-N
SP_000391,OVBPIULPVIDEAO-LBPRGKRZSA-N
SP_000391,PCBSXBYCASFXTM-UHFFFAOYSA-N
SP_000391,POWISKNFFRUCCW-UHFFFAOYSA-N
SP_000391,PVNIIMVLHYAWGP-UHFFFAOYSA-N
SP_000391,QYSXJUFSXHHAJI-YRZJJWOYSA-N
SP_000391,RYYVLZVUVIJVGH-UHFFFAOYSA-N
SP_000391,UQDUPQYQJKYHQI-UHFFFAOYSA-N
SP_000391,VYFYYTLLBUKUHU-UHFFFAOYSA-N
SP_000391,VYGQUTWHTHXGQB-UMNZIDCRSA-N
SP_000391,WEEGYLXZBRQIMU-UHFFFAOYSA-N
SP_000391,XWVDCVZOOVTJKF-RIYZIHGNSA-N
SP_000391,YAPQBXQYLJRXSA-UHFFFAOYSA-N
SP_000391,YHWNASRGLKJRJJ-UHFFFAOYSA-N
SP_000391,ZROGCCBNZBKLEL-MPRHSVQHSA-N
SP_000391,ZVKXPPXCNUMUOR-REWZIMNXSA-N
SP_000392,ADHNTNYEJYJUCU-ZSJFXSENSA-N
SP_000392,BATOPAZDIZEVQF-IAROGAJJSA-N
SP_000392,BHPQYMZQTOCNFJ-UHFFFAOYSA-N
SP_000392,CZMRCDWAGMRECN-UGDNZRGBSA-N
SP_000392,CZMRCDWAGMRECN-UHFFFAOYSA-N
SP_000392,CZXLHIZQQUJTND-UHFFFAOYSA-N
SP_000392,DHMQDGOQFOQNFH-UHFFFAOYSA-N
SP_000392,DJLTZJGULPLVOA-UHFFFAOYSA-N
SP_000392,DKHGMERMDICWDU-GHDNBGIDSA-N
SP_000392,DOTJYWQAPHIAIF-UHFFFAOYSA-N
SP_000392,DQGMPXYVZZCNDQ-KBPWROHVSA-N
SP_000392,FCGOBISRCUOUQH-UHFFFAOYSA-N
SP_000392,GDBJCCBRRCYCEG-UHFFFAOYSA-N
SP_000392,GUBGYTABKSRVRQ-PICCSMPSSA-N
SP_000392,GUBGYTABKSRVRQ-QKKXKWKRSA-N
SP_000392,GVJHHUAWPYXKBD-IEOSBIPESA-N
SP_000392,GZIFEOYASATJEH-UHFFFAOYSA-N
SP_000392,HKSDVVJONLXYKL-ZFILXNNPSA-N
SP_000392,HUTCYUJPLOTDMX-KEBDBYFISA-N
SP_000392,HYCLWDHZALFLJV-UHFFFAOYSA-N
SP_000392,IIACRCGMVDHOTQ-UHFFFAOYSA-N
SP_000392,IMKHDCBNRDRUEB-UHFFFAOYSA-N
SP_000392,JEKGHHPMLRLCIW-VBVMRKNNSA-N
SP_000392,JIWBIWFOSCKQMA-DFARDDQGSA-N
SP_000392,JLQNHALFVCURHW-UHFFFAOYSA-N
SP_000392,JZRWCGZRTZMZEH-UHFFFAOYSA-N
SP_000392,KBEBGUQPQBELIU-HJWRWDBZSA-N
SP_000392,KDXKERNSBIXSRK-YFKPBYRVSA-N
SP_000392,KEAYESYHFKHZAL-UHFFFAOYSA-N
SP_000392,KJDZDTDNIULJBE-VAWYXSNFSA-N
SP_000392,KQMVAGISDHMXJJ-UHFFFAOYSA-N
SP_000392,LLCYNDRFWDIIQS-WQLSENKSSA-N
SP_000392,LOIYMIARKYCTBW-UPHRSURJSA-N
SP_000392,LXNHXLLTXMVWPM-UHFFFAOYSA-N
SP_000392,NPYPAHLBTDXSSS-UHFFFAOYSA-N
SP_000392,ODKSFYDXXFIFQN-BYPYZUCNSA-N
SP_000392,ONIBWKKTOPOVIA-BYPYZUCNSA-N
SP_000392,ONYHYSLZNLJFHX-MDAAKZFYSA-N
SP_000392,OUMMPAFEQHTYIZ-UHFFFAOYSA-N
SP_000392,OUYCCCASQSFEME-UHFFFAOYSA-N
SP_000392,PCBSXBYCASFXTM-UHFFFAOYSA-N
SP_000392,PGMBAYKBYBXNNR-UHFFFAOYSA-N
SP_000392,POWISKNFFRUCCW-UHFFFAOYSA-N
SP_000392,PVNIIMVLHYAWGP-UHFFFAOYSA-N
SP_000392,QIVBCDIJIAJPQS-VIFPVBQESA-N
SP_000392,QNAYBMKLOCPYGJ-REOHCLBHSA-N
SP_000392,QUEDXNHFTDJVIY-UHFFFAOYSA-N
SP_000392,ROHFNLRQFUQHCH-UHFFFAOYSA-N
SP_000392,RUDATBOHQWOJDD-JGFDLHJZSA-N
SP_000392,SGNBVLSWZMBQTH-UHFFFAOYSA-N
SP_000393,ADHNTNYEJYJUCU-ZSJFXSENSA-N
SP_000393,BATOPAZDIZEVQF-IAROGAJJSA-N
SP_000393,BHPQYMZQTOCNFJ-UHFFFAOYSA-N
SP_000393,CIWBSHSKHKDKBQ-JLAZNSOCSA-N
SP_000393,CZMRCDWAGMRECN-UGDNZRGBSA-N
SP_000393,DOTJYWQAPHIAIF-UHFFFAOYSA-N
SP_000393,GDBJCCBRRCYCEG-UHFFFAOYSA-N
SP_000393,GVJHHUAWPYXKBD-IEOSBIPESA-N
SP_000393,HKSDVVJONLXYKL-ZFILXNNPSA-N
SP_000393,HUTCYUJPLOTDMX-KEBDBYFISA-N
SP_000393,IIACRCGMVDHOTQ-UHFFFAOYSA-N
SP_000393,IMKHDCBNRDRUEB-UHFFFAOYSA-N
SP_000393,JEKGHHPMLRLCIW-VBVMRKNNSA-N
SP_000393,JGHZJRVDZXSNKQ-UHFFFAOYSA-N
SP_000393,JIWBIWFOSCKQMA-DFARDDQGSA-N
SP_000393,JLQNHALFVCURHW-UHFFFAOYSA-N
SP_000393,JZRWCGZRTZMZEH-UHFFFAOYSA-N
SP_000393,JZVFJDZBLUFKCA-CMDGGOBGSA-N
SP_000393,KEAYESYHFKHZAL-UHFFFAOYSA-N
SP_000393,KJDZDTDNIULJBE-VAWYXSNFSA-N
SP_000393,LFQSCWFLJHTTHZ-UHFFFAOYSA-N
SP_000393,LLCYNDRFWDIIQS-WQLSENKSSA-N
SP_000393,LOIYMIARKYCTBW-UPHRSURJSA-N
SP_000393,LXNHXLLTXMVWPM-UHFFFAOYSA-N
SP_000393,NPYPAHLBTDXSSS-UHFFFAOYSA-N
SP_000393,OEYIOHPDSNJKLS-UHFFFAOYSA-N
SP_000393,ONYHYSLZNLJFHX-MDAAKZFYSA-N
SP_000393,OUMMPAFEQHTYIZ-UHFFFAOYSA-N
SP_000393,OVBPIULPVIDEAO-LBPRGKRZSA-N
SP_000393,PCBSXBYCASFXTM-UHFFFAOYSA-N
SP_000393,PGMBAYKBYBXNNR-UHFFFAOYSA-N
SP_000393,POWISKNFFRUCCW-UHFFFAOYSA-N
SP_000393,PVNIIMVLHYAWGP-UHFFFAOYSA-N
SP_000393,QYSXJUFSXHHAJI-YRZJJWOYSA-N
SP_000393,RUDATBOHQWOJDD-JGFDLHJZSA-N
SP_000393,RYYVLZVUVIJVGH-UHFFFAOYSA-N
SP_000393,UQDUPQYQJKYHQI-UHFFFAOYSA-N
SP_000393,VYFYYTLLBUKUHU-UHFFFAOYSA-N
SP_000393,VYGQUTWHTHXGQB-UMNZIDCRSA-N
SP_000393,WEEGYLXZBRQIMU-UHFFFAOYSA-N
SP_000393,WQEPLUUGTLDZJY-UHFFFAOYSA-N
SP_000393,XNCNNDVCAUWAIT-UHFFFAOYSA-N
SP_000393,XWVDCVZOOVTJKF-RIYZIHGNSA-N
SP_000393,YAPQBXQYLJRXSA-UHFFFAOYSA-N
SP_000393,YHWNASRGLKJRJJ-UHFFFAOYSA-N
SP_000393,ZROGCCBNZBKLEL-MPRHSVQHSA-N
SP_000393,ZVKXPPXCNUMUOR-REWZIMNXSA-N
SP_000394,ADHNTNYEJYJUCU-ZSJFXSENSA-N
SP_000394,BATOPAZDIZEVQF-IAROGAJJSA-N
SP_000394,BHPQYMZQTOCNFJ-UHFFFAOYSA-N
SP_000394,CIWBSHSKHKDKBQ-JLAZNSOCSA-N
SP_000394,CZMRCDWAGMRECN-UGDNZRGBSA-N
SP_000394,DOTJYWQAPHIAIF-UHFFFAOYSA-N
SP_000394,DQGMPXYVZZCNDQ-KBPWROHVSA-N
SP_000394,GDBJCCBRRCYCEG-UHFFFAOYSA-N
SP_000394,GVJHHUAWPYXKBD-IEOSBIPESA-N
SP_000394,GZIFEOYASATJEH-UHFFFAOYSA-N
SP_000394,HKSDVVJONLXYKL-ZFILXNNPSA-N
SP_000394,HUTCYUJPLOTDMX-KEBDBYFISA-N
SP_000394,IIACRCGMVDHOTQ-UHFFFAOYSA-N
SP_000394,IMKHDCBNRDRUEB-UHFFFAOYSA-N
SP_000394,IMNZDWZLEPDBAP-UHFFFAOYSA-N
SP_000394,JEKGHHPMLRLCIW-VBVMRKNNSA-N
SP_000394,JGHZJRVDZXSNKQ-UHFFFAOYSA-N
SP_000394,JIWBIWFOSCKQMA-DFARDDQGSA-N
SP_000394,JLQNHALFVCURHW-UHFFFAOYSA-N
SP_000394,JZRWCGZRTZMZEH-UHFFFAOYSA-N
SP_000394,JZVFJDZBLUFKCA-CMDGGOBGSA-N
SP_000394,KEAYESYHFKHZAL-UHFFFAOYSA-N
SP_000394,KJDZDTDNIULJBE-VAWYXSNFSA-N
SP_000394,KWIUHFFTVRNATP-UHFFFAOYSA-N
SP_000394,LFQSCWFLJHTTHZ-UHFFFAOYSA-N
SP_000394,LLCYNDRFWDIIQS-WQLSENKSSA-N
SP_000394,LXNHXLLTXMVWPM-UHFFFAOYSA-N
SP_000394,NPYPAHLBTDXSSS-UHFFFAOYSA-N
SP_000394,OEYIOHPDSNJKLS-UHFFFAOYSA-N
SP_000394,OUMMPAFEQHTYIZ-UHFFFAOYSA-N
SP_000394,OVBPIULPVIDEAO-LBPRGKRZSA-N
SP_000394,PCBSXBYCASFXTM-UHFFFAOYSA-N
SP_000394,PGMBAYKBYBXNNR-UHFFFAOYSA-N
SP_000394,POWISKNFFRUCCW-UHFFFAOYSA-N
SP_000394,PVNIIMVLHYAWGP-UHFFFAOYSA-N
SP_000394,QUEDXNHFTDJVIY-UHFFFAOYSA-N
SP_000394,QYSXJUFSXHHAJI-YRZJJWOYSA-N
SP_000394,RUDATBOHQWOJDD-JGFDLHJZSA-N
SP_000394,RYYVLZVUVIJVGH-UHFFFAOYSA-N
SP_000394,UQDUPQYQJKYHQI-UHFFFAOYSA-N
SP_000394,VVPGAJNPGZZNBM-UHFFFAOYSA-N
SP_000394,VYFYYTLLBUKUHU-UHFFFAOYSA-N
SP_000394,VYGQUTWHTHXGQB-UMNZIDCRSA-N
SP_000394,WEEGYLXZBRQIMU-UHFFFAOYSA-N
SP_000394,WQEPLUUGTLDZJY-UHFFFAOYSA-N
SP_000394,XNCNNDVCAUWAIT-UHFFFAOYSA-N
SP_000394,XWVDCVZOOVTJKF-RIYZIHGNSA-N
SP_000394,YAPQBXQYLJRXSA-UHFFFAOYSA-N
SP_000394,YHWNASRGLKJRJJ-UHFFFAOYSA-N
SP_000394,ZROGCCBNZBKLEL-MPRHSVQHSA-N
SP_000395,ADHNTNYEJYJUCU-ZSJFXSENSA-N
SP_000395,APFBWMGEGSELQP-AATRIKPKSA-N
SP_000395,BATOPAZDIZEVQF-IAROGAJJSA-N
SP_000395,BHPQYMZQTOCNFJ-UHFFFAOYSA-N
SP_000395,BHQCQFFYRZLCQQ-KRHHAYMPSA-N
SP_000395,BJBUEDPLEOHJGE-UHFFFAOYSA-N
SP_000395,BNBBFUJNMYQYLA-VQHVLOKHSA-N
SP_000395,CIWBSHSKHKDKBQ-JLAZNSOCSA-N
SP_000395,CKLJMWTZIZZHCS-UWTATZPHSA-N
SP_000395,CUPQSMZELNNSIR-LZRZFMTJSA-N
SP_000395,CZMRCDWAGMRECN-UGDNZRGBSA-N
SP_000395,CZMRCDWAGMRECN-UHFFFAOYSA-N
SP_000395,CZXLHIZQQUJTND-UHFFFAOYSA-N
SP_000395,DHMQDGOQFOQNFH-UHFFFAOYSA-N
SP_000395,DJLTZJGULPLVOA-UHFFFAOYSA-N
SP_000395,DKHGMERMDICWDU-GHDNBGIDSA-N
SP_000395,DNAYVNOVGHZZLH-UHFFFAOYSA-N
SP_000395,DOTJYWQAPHIAIF-UHFFFAOYSA-N
SP_000395,DPJRMOMPQZCRJU-UHFFFAOYSA-M
SP_000395,DQGMPXYVZZCNDQ-KBPWROHVSA-N
SP_000395,DSCFFEYYQKSRSV-KLJZZCKASA-N
SP_000395,DSMWJDJWYGMEBO-UTCJRWHESA-N
SP_000395,FCGOBISRCUOUQH-UHFFFAOYSA-N
SP_000395,GDBJCCBRRCYCEG-UHFFFAOYSA-N
SP_000395,GUBGYTABKSRVRQ-PICCSMPSSA-N
SP_000395,GUBGYTABKSRVRQ-QKKXKWKRSA-N
SP_000395,GVFKEVFAPIUOAI-MRCUWXFGSA-N
SP_000395,GVJHHUAWPYXKBD-IEOSBIPESA-N
SP_000395,GWMMTXPUFREJAY-UHFFFAOYSA-N
SP_000395,GZIFEOYASATJEH-UHFFFAOYSA-N
SP_000395,HCXVJBMSMIARIN-PHZDYDNGSA-N
SP_000395,HKSDVVJONLXYKL-ZFILXNNPSA-N
SP_000395,HUTCYUJPLOTDMX-KEBDBYFISA-N
SP_000395,IDJXJAJYEFRBPY-UHFFFAOYSA-N
SP_000395,IIACRCGMVDHOTQ-UHFFFAOYSA-N
SP_000395,IMKHDCBNRDRUEB-UHFFFAOYSA-N
SP_000395,IYSZVOVZPVKXIJ-OFALOCIGSA-N
SP_000395,JBFOLLJCGUCDQP-UHFFFAOYSA-N
SP_000395,JEKGHHPMLRLCIW-VBVMRKNNSA-N
SP_000395,JGHZJRVDZXSNKQ-UHFFFAOYSA-N
SP_000395,JIWBIWFOSCKQMA-DFARDDQGSA-N
SP_000395,JLQNHALFVCURHW-UHFFFAOYSA-N
SP_000395,JZRWCGZRTZMZEH-UHFFFAOYSA-N
SP_000395,JZVFJDZBLUFKCA-CMDGGOBGSA-N
SP_000395,KBEBGUQPQBELIU-HJWRWDBZSA-N
SP_000395,KCIQZCNOUZCRGH-UHFFFAOYSA-N
SP_000395,KDXKERNSBIXSRK-YFKPBYRVSA-N
SP_000395,KEAYESYHFKHZAL-UHFFFAOYSA-N
SP_000395,KEMQGTRYUADPNZ-UHFFFAOYSA-N
SP_000395,KJDZDTDNIULJBE-VAWYXSNFSA-N
SP_000396,ADHNTNYEJYJUCU-ZSJFXSENSA-N
SP_000396,BATOPAZDIZEVQF-IAROGAJJSA-N
SP_000396,BHPQYMZQTOCNFJ-UHFFFAOYSA-N
SP_000396,CIWBSHSKHKDKBQ-JLAZNSOCSA-N
SP_000396,CZMRCDWAGMRECN-UGDNZRGBSA-N
SP_000396,CZXLHIZQQUJTND-UHFFFAOYSA-N
SP_000396,DHMQDGOQFOQNFH-UHFFFAOYSA-N
SP_000396,DJLTZJGULPLVOA-UHFFFAOYSA-N
SP_000396,DOTJYWQAPHIAIF-UHFFFAOYSA-N
SP_000396,DXYUAIFZCFRPTH-UHFFFAOYSA-N
SP_000396,FCGOBISRCUOUQH-UHFFFAOYSA-N
SP_000396,GDBJCCBRRCYCEG-UHFFFAOYSA-N
SP_000396,GLKCOBIIZKYKFN-UHFFFAOYSA-N
SP_000396,GVJHHUAWPYXKBD-IEOSBIPESA-N
SP_000396,GZIFEOYASATJEH-UHFFFAOYSA-N
SP_000396,HKSDVVJONLXYKL-ZFILXNNPSA-N
SP_000396,HUTCYUJPLOTDMX-KEBDBYFISA-N
SP_000396,IIACRCGMVDHOTQ-UHFFFAOYSA-N
SP_000396,IMKHDCBNRDRUEB-UHFFFAOYSA-N
SP_000396,JEKGHHPMLRLCIW-VBVMRKNNSA-N
SP_000396,JGHZJRVDZXSNKQ-UHFFFAOYSA-N
SP_000396,JIWBIWFOSCKQMA-DFARDDQGSA-N
SP_000396,JLQNHALFVCURHW-UHFFFAOYSA-N
SP_000396,JZRWCGZRTZMZEH-UHFFFAOYSA-N
SP_000396,JZVFJDZBLUFKCA-CMDGGOBGSA-N
SP_000396,KBEBGUQPQBELIU-HJWRWDBZSA-N
SP_000396,KCIQZCNOUZCRGH-UHFFFAOYSA-N
SP_000396,KDXKERNSBIXSRK-YFKPBYRVSA-N
SP_000396,KEAYESYHFKHZAL-UHFFFAOYSA-N
SP_000396,KJDZDTDNIULJBE-VAWYXSNFSA-N
SP_000396,KQMVAGISDHMXJJ-UHFFFAOYSA-N
SP_000396,KYWIYKKSMDLRDC-UHFFFAOYSA-N
SP_000396,LFQSCWFLJHTTHZ-UHFFFAOYSA-N
SP_000396,LLCYNDRFWDIIQS-WQLSENKSSA-N
SP_000396,LXNHXLLTXMVWPM-UHFFFAOYSA-N
SP_000396,NPYPAHLBTDXSSS-UHFFFAOYSA-N
SP_000396,ODKSFYDXXFIFQN-BYPYZUCNSA-N
SP_000396,OEYIOHPDSNJKLS-UHFFFAOYSA-N
SP_000396,ONIBWKKTOPOVIA-BYPYZUCNSA-N
SP_000396,OUMMPAFEQHTYIZ-UHFFFAOYSA-N
SP_000396,OUYCCCASQSFEME-UHFFFAOYSA-N
SP_000396,OVBPIULPVIDEAO-LBPRGKRZSA-N
SP_000396,PCBSXBYCASFXTM-UHFFFAOYSA-N
SP_000396,PGMBAYKBYBXNNR-UHFFFAOYSA-N
SP_000396,POWISKNFFRUCCW-UHFFFAOYSA-N
SP_000396,PVNIIMVLHYAWGP-UHFFFAOYSA-N
SP_000396,QIVBCDIJIAJPQS-VIFPVBQESA-N
SP_000396,QNAYBMKLOCPYGJ-REOHCLBHSA-N
SP_000396,QUEDXNHFTDJVIY-UHFFFAOYSA-N
SP_000396,QYSXJUFSXHHAJI-YRZJJWOYSA-N
SP_000397,AABKSFWWBUPVNY-NVCPWDGJSA-N
SP_000397,AAFBEFOSCLMOTF-KXBCQOCRSA-N
SP_000397,AAFBEFOSCLMOTF-RRPFJGJLSA-N
SP_000397,AANMVENRNJYEMK-UHFFFAOYSA-N
SP_000397,AANZTOSGIRNZNM-LNOKNGNPSA-N
SP_000397,AAPGXBRKBIUCMQ-GWHBCOKCSA-N
SP_000397,AAWNBEJOCRYVJE-QNGWXLTQSA-N
SP_000397,AAWZDTNXLSGCEK-UHFFFAOYSA-M
SP_000397,AAWZDTNXLSGCEK-UHFFFAOYSA-N
SP_000397,AAXMCYUUKFLUMJ-JSFHAIONSA-N
SP_000397,AAXMCYUUKFLUMJ-TWDRBPDCSA-N
SP_000397,AAXYAFFKOSNMEB-MHARETSRSA-N
SP_000397,AAZOMBJKSJQDHJ-ZBRBWIFHSA-N
SP_000397,AAZZVFONLHYNDZ-NVQRUNIKSA-J
SP_000397,ABBYYPGQJRBTGA-NESBLOORSA-N
SP_000397,ABCOOORLYAOBOZ-KQYNXXCUSA-N
SP_000397,ABFJWRKPWCFTQP-JKFVOKSPSA-N
SP_000397,ABFJWRKPWCFTQP-XSMLMOGHSA-N
SP_000397,ABIKEVIWOJTKQS-AARKOHAPSA-N
SP_000397,ABLZXFCXXLZCGV-UHFFFAOYSA-L
SP_000397,ABRHOUKZOUNSSK-FVEAQGRNSA-N
SP_000397,ABUKPIBHMMLQDI-RCOVLANCSA-N
SP_000397,ACGLCDJEASKGDO-JSYPMYMJSA-N
SP_000397,ACIVVGBVOVHFPQ-RPDRRWSUSA-N
SP_000397,ACLPCAOOWJUVLL-DZKYTWFZSA-N
SP_000397,ACLQSYLJAZRTAP-XAFBQJBNSA-N
SP_000397,ACSIRQPNAYTBRW-VZUYHUTRSA-N
SP_000397,ACTHNCRNFFCCAQ-PLKVWTDNSA-N
SP_000397,ACTHNCRNFFCCAQ-YNQDZHFMSA-N
SP_000397,ACZVSMNFVFBOTM-UHFFFAOYSA-N
SP_000397,ADCKHLSRWCXEIY-GGAPOBRUSA-N
SP_000397,ADHKIZQYPQGIRC-ACSKKKSPSA-N
SP_000397,ADHKIZQYPQGIRC-SOZVHHJESA-N
SP_000397,ADHNTNYEJYJUCU-ZSJFXSENSA-N
SP_000397,ADKNUXINKGBJMY-LDLOPFEMSA-N
SP_000397,ADMGMAPZAQUXIR-VRHMUEQPSA-N
SP_000397,ADNSYCXWAHUWTA-SYOMJGEJSA-N
SP_000397,ADSGHWJRPOXXTD-IHWYPQMZSA-M
SP_000397,ADYPMBBPSUQKED-VOLCNUBSSA-N
SP_000397,ADZPFIMEBZGRHB-ILJAMNOWSA-N
SP_000397,AEFNZGGBWOQYID-UHFFFAOYSA-N
SP_000397,AEIJGHDRIPTRQY-UBTAJKBJSA-N
SP_000397,AELFRHHZGTVYGJ-QMMMGPOBSA-N
SP_000397,AEMFNILZOJDQLW-QAGGRKNESA-N
SP_000397,AERBNCYCJBRYDG-UHFFFAOYSA-N
SP_000397,AESBAQNLQIQXNK-BMFSGJJHSA-N
SP_000397,AETXDQTWHNBCRO-QLKFWGTOSA-N
SP_000397,AEWHYWSPVRZHCT-NDZSKPAWSA-N
SP_000397,AEWHYWSPVRZHCT-UHFFFAOYSA-J
SP_000397,AEXNGRVFOMIYOW-ICFOKQHNSA-N
SP_000398,AAGCATAPYOEULE-UHFFFAOYSA-N
SP_000398,AAIXZDBTEWDLSG-UHFFFAOYSA-N
SP_000398,AANMVENRNJYEMK-UHFFFAOYSA-N
SP_000398,AAWZDTNXLSGCEK-UHFFFAOYSA-M
SP_000398,AAWZDTNXLSGCEK-UHFFFAOYSA-N
SP_000398,AAXYAFFKOSNMEB-MHARETSRSA-N
SP_000398,AAZZVFONLHYNDZ-NVQRUNIKSA-J
SP_000398,ABCOOORLYAOBOZ-KQYNXXCUSA-N
SP_000398,ABIKEVIWOJTKQS-AARKOHAPSA-N
SP_000398,ABLZXFCXXLZCGV-UHFFFAOYSA-L
SP_000398,ACIVVGBVOVHFPQ-RPDRRWSUSA-N
SP_000398,ACSIRQPNAYTBRW-VZUYHUTRSA-N
SP_000398,ACTIUHUUMQJHFO-KIEOEACUSA-N
SP_000398,ACWQBUSCFPJUPN-HYXAFXHYSA-N
SP_000398,ACZVSMNFVFBOTM-UHFFFAOYSA-N
SP_000398,ADHJMNNFIWLSBG-UHFFFAOYSA-N
SP_000398,ADSGHWJRPOXXTD-IHWYPQMZSA-M
SP_000398,AEDBOXCTQDATMF-UHFFFAOYSA-N
SP_000398,AEFNZGGBWOQYID-UHFFFAOYSA-N
SP_000398,AELFRHHZGTVYGJ-QMMMGPOBSA-N
SP_000398,AEMFNILZOJDQLW-QAGGRKNESA-N
SP_000398,AERBNCYCJBRYDG-UHFFFAOYSA-N
SP_000398,AEVLWICMAHGAMS-UHFFFAOYSA-N
SP_000398,AEWHYWSPVRZHCT-NDZSKPAWSA-N
SP_000398,AEWHYWSPVRZHCT-UHFFFAOYSA-J
SP_000398,AFGUVBVUFZMJMX-MDZDMXLPSA-N
SP_000398,AFNUZVCFKQUDBJ-ZZWDRFIYSA-N
SP_000398,AFSDNFLWKVMVRB-UHFFFAOYSA-N
SP_000398,AGQJQCFEPUVXNK-UHFFFAOYSA-K
SP_000398,AHCYMLUZIRLXAA-SHYZEUOFSA-N
SP_000398,AHJCDQGRYVBQQZ-NSCUHMNNSA-N
SP_000398,AHLPHDHHMVZTML-BYPYZUCNSA-N
SP_000398,AHMIDUVKSGCHAU-LURJTMIESA-N
SP_000398,AIBOHNYYKWYQMM-GELUXPMISA-N
SP_000398,AIJULSRZWUXGPQ-UHFFFAOYSA-N
SP_000398,AIONOLUJZLIMTK-AWEZNQCLSA-N
SP_000398,AIQDYKMWENWVQJ-UHFFFAOYSA-K
SP_000398,AISVAXNALHBFPC-IOSLPCCCSA-N
SP_000398,AJONJFGFTGGKEX-UHFFFAOYSA-M
SP_000398,AKIHYQWCLCDMMI-VMPITWQZSA-N
SP_000398,ALEWCKXBHSDCCT-YFVJMOTDSA-L
SP_000398,ALLYVKRLOHDVKI-UHFFFAOYSA-N
SP_000398,ALRHLSYJTWAHJZ-UHFFFAOYSA-N
SP_000398,ALTAAUJNHYWOGS-UHFFFAOYSA-N
SP_000398,ALYNCZNDIQEVRV-UHFFFAOYSA-M
SP_000398,AMBQHHVBBHTQBF-UOUCRYGSSA-N
SP_000398,AMIMRNSIRUDHCM-UHFFFAOYSA-N
SP_000398,AMROMUFVHNPOEQ-UHFFFAOYSA-N
SP_000398,ANVAOWXLWRTKGA-NTXLUARGSA-N
SP_000398,AOFQQLZNDSBFLN-UHFFFAOYSA-K
SP_000399,AANMVENRNJYEMK-UHFFFAOYSA-N
SP_000399,AAWZDTNXLSGCEK-UHFFFAOYSA-M
SP_000399,AAXYAFFKOSNMEB-MHARETSRSA-N
SP_000399,AAZZVFONLHYNDZ-NVQRUNIKSA-J
SP_000399,ABCOOORLYAOBOZ-KQYNXXCUSA-N
SP_000399,ABIKEVIWOJTKQS-AARKOHAPSA-N
SP_000399,ABLZXFCXXLZCGV-UHFFFAOYSA-L
SP_000399,ACCYCJOHUMRMMV-UHFFFAOYSA-N
SP_000399,ACIVVGBVOVHFPQ-RPDRRWSUSA-N
SP_000399,ACSIRQPNAYTBRW-VZUYHUTRSA-N
SP_000399,ACZVSMNFVFBOTM-UHFFFAOYSA-N
SP_000399,ADSGHWJRPOXXTD-IHWYPQMZSA-M
SP_000399,AEFNZGGBWOQYID-UHFFFAOYSA-N
SP_000399,AELFRHHZGTVYGJ-QMMMGPOBSA-N
SP_000399,AEMFNILZOJDQLW-QAGGRKNESA-N
SP_000399,AERBNCYCJBRYDG-UHFFFAOYSA-N
SP_000399,AEWHYWSPVRZHCT-NDZSKPAWSA-N
SP_000399,AEWHYWSPVRZHCT-UHFFFAOYSA-J
SP_000399,AFGUVBVUFZMJMX-MDZDMXLPSA-N
SP_000399,AFNUZVCFKQUDBJ-ZZWDRFIYSA-N
SP_000399,AGQJQCFEPUVXNK-UHFFFAOYSA-K
SP_000399,AHCYMLUZIRLXAA-SHYZEUOFSA-N
SP_000399,AHJCDQGRYVBQQZ-NSCUHMNNSA-N
SP_000399,AHLPHDHHMVZTML-BYPYZUCNSA-N
SP_000399,AHMIDUVKSGCHAU-LURJTMIESA-N
SP_000399,AIBOHNYYKWYQMM-GELUXPMISA-N
SP_000399,AIJULSRZWUXGPQ-UHFFFAOYSA-N
SP_000399,AIQDYKMWENWVQJ-UHFFFAOYSA-K
SP_000399,AISVAXNALHBFPC-IOSLPCCCSA-N
SP_000399,AJONJFGFTGGKEX-UHFFFAOYSA-M
SP_000399,AKIHYQWCLCDMMI-VMPITWQZSA-N
SP_000399,ALEWCKXBHSDCCT-YFVJMOTDSA-L
SP_000399,ALLYVKRLOHDVKI-UHFFFAOYSA-N
SP_000399,ALRHLSYJTWAHJZ-UHFFFAOYSA-N
SP_000399,ALTAAUJNHYWOGS-UHFFFAOYSA-N
SP_000399,ALYNCZNDIQEVRV-UHFFFAOYSA-M
SP_000399,AMBQHHVBBHTQBF-UOUCRYGSSA-N
SP_000399,AMIMRNSIRUDHCM-UHFFFAOYSA-N
SP_000399,AMQJEAYHLZJPGS-UHFFFAOYSA-N
SP_000399,AMROMUFVHNPOEQ-UHFFFAOYSA-N
SP_000399,ANBFRLKBEIFNQU-UHFFFAOYSA-M
SP_000399,AOFQQLZNDSBFLN-UHFFFAOYSA-K
SP_000399,APBPHWLOGNJBLH-UHFFFAOYSA-N
SP_000399,APIQNBNBIICCON-FKMSRSAHSA-N
SP_000399,APIZAZFFQBVSJA-UHFFFAOYSA-N
SP_000399,APJYDQYYACXCRM-UHFFFAOYSA-N
SP_000399,AQIXAKUUQRKLND-UHFFFAOYSA-N
SP_000399,AQJZOYUAIGQOPF-BCYGMIQCSA-N
SP_000399,ARJPPNFIEQKVBB-UHFFFAOYSA-N
SP_000399,ARLAWMCEVZUXEY-UHFFFAOYSA-N
SP_000400,AANMVENRNJYEMK-UHFFFAOYSA-N
SP_000400,AAOFJKLTRKOQTQ-UHFFFAOYSA-N
SP_000400,AAOPKIFUFWCDQZ-UHFFFAOYSA-N
SP_000400,AASAENAURCLYSI-UHFFFAOYSA-N
SP_000400,AATISISCRVORPT-UHFFFAOYSA-N
SP_000400,AAUWBAWSKVOBFL-UHFFFAOYSA-N
SP_000400,AAWZDTNXLSGCEK-UHFFFAOYSA-M
SP_000400,AAWZDTNXLSGCEK-UHFFFAOYSA-N
SP_000400,AAXKOSGKHIOTGK-UHFFFAOYSA-N
SP_000400,AAXYAFFKOSNMEB-MHARETSRSA-N
SP_000400,AAZZVFONLHYNDZ-NVQRUNIKSA-J
SP_000400,ABCOOORLYAOBOZ-KQYNXXCUSA-N
SP_000400,ABDKAPXRBAPSQN-UHFFFAOYSA-N
SP_000400,ABIKEVIWOJTKQS-AARKOHAPSA-N
SP_000400,ABLZXFCXXLZCGV-UHFFFAOYSA-L
SP_000400,ABQUGMVYQWOOLF-UHFFFAOYSA-N
SP_000400,ABROBCBIIWHVNS-UHFFFAOYSA-N
SP_000400,ABXKUABLJLHDAO-UHFFFAOYSA-N
SP_000400,ACDSUMGMZHXCRO-UHFFFAOYSA-N
SP_000400,ACIVVGBVOVHFPQ-RPDRRWSUSA-N
SP_000400,ACRIYYKEWCXQOS-UHFFFAOYSA-N
SP_000400,ACSIRQPNAYTBRW-VZUYHUTRSA-N
SP_000400,ACSWAJLDOHJFNA-VMPITWQZSA-N
SP_000400,ACWQBUSCFPJUPN-HYXAFXHYSA-N
SP_000400,ACZVSMNFVFBOTM-UHFFFAOYSA-N
SP_000400,ADDZHRRCUWNSCS-UHFFFAOYSA-N
SP_000400,ADLXTJMPCFOTOO-FPLPWBNLSA-N
SP_000400,ADONHDUDLSXBIZ-UHFFFAOYSA-N
SP_000400,ADQOAYRZNAECHD-UHFFFAOYSA-N
SP_000400,ADSGHWJRPOXXTD-IHWYPQMZSA-M
SP_000400,AEFNZGGBWOQYID-UHFFFAOYSA-N
SP_000400,AELFRHHZGTVYGJ-QMMMGPOBSA-N
SP_000400,AEMFNILZOJDQLW-QAGGRKNESA-N
SP_000400,AEMOLEFTQBMNLQ-ODNOERHMSA-N
SP_000400,AERBNCYCJBRYDG-UHFFFAOYSA-N
SP_000400,AEVLWICMAHGAMS-UHFFFAOYSA-N
SP_000400,AEWHYWSPVRZHCT-NDZSKPAWSA-N
SP_000400,AEWHYWSPVRZHCT-UHFFFAOYSA-J
SP_000400,AFGUVBVUFZMJMX-MDZDMXLPSA-N
SP_000400,AFJYQKPCJLMHCC-UHFFFAOYSA-N
SP_000400,AFKUAQRKQMVATG-UHFFFAOYSA-N
SP_000400,AFNUZVCFKQUDBJ-ZZWDRFIYSA-N
SP_000400,AFOLOMGWVXKIQL-UHFFFAOYSA-O
SP_000400,AFPPVJHFFGBKOB-UHFFFAOYSA-N
SP_000400,AFSHUZFNMVJNKX-XPWSMXQVSA-N
SP_000400,AFXUNCBGZGFPOZ-UHFFFAOYSA-N
SP_000400,AFZHQMQGUKDWSJ-UHFFFAOYSA-N
SP_000400,AGABNGOXUSXQDD-WZUFQYTHSA-N
SP_000400,AGQJQCFEPUVXNK-UHFFFAOYSA-K
SP_000400,AGUISGUERLMHFF-UHFFFAOYSA-N
SP_000401,AANMVENRNJYEMK-UHFFFAOYSA-N
SP_000401,AAPBYIVJOWCMGH-HYXAFXHYSA-N
SP_000401,AAWZDTNXLSGCEK-UHFFFAOYSA-M
SP_000401,AAXYAFFKOSNMEB-MHARETSRSA-N
SP_000401,AAZZVFONLHYNDZ-NVQRUNIKSA-J
SP_000401,ABCOOORLYAOBOZ-KQYNXXCUSA-N
SP_000401,ABIKEVIWOJTKQS-AARKOHAPSA-N
SP_000401,ABLZXFCXXLZCGV-UHFFFAOYSA-L
SP_000401,ABTRFGSPYXCGMR-AXXBKCDFSA-N
SP_000401,ACIVVGBVOVHFPQ-RPDRRWSUSA-N
SP_000401,ACSIRQPNAYTBRW-VZUYHUTRSA-N
SP_000401,ACTIUHUUMQJHFO-UPTCCGCDSA-N
SP_000401,ACZVSMNFVFBOTM-UHFFFAOYSA-N
SP_000401,ADNPLDHMAVUMIW-CUZNLEPHSA-N
SP_000401,ADSGHWJRPOXXTD-IHWYPQMZSA-M
SP_000401,ADSYMQORONDIDD-UHFFFAOYSA-N
SP_000401,AEDDIBAIWPIIBD-UHFFFAOYSA-N
SP_000401,AEFNZGGBWOQYID-UHFFFAOYSA-N
SP_000401,AELFRHHZGTVYGJ-QMMMGPOBSA-N
SP_000401,AEMFNILZOJDQLW-QAGGRKNESA-N
SP_000401,AERBNCYCJBRYDG-UHFFFAOYSA-N
SP_000401,AEWHYWSPVRZHCT-NDZSKPAWSA-N
SP_000401,AEWHYWSPVRZHCT-UHFFFAOYSA-J
SP_000401,AEXJMQYVIPHZDJ-UHFFFAOYSA-N
SP_000401,AFDQDPIWXNGUOF-UHFFFAOYSA-N
SP_000401,AFGUVBVUFZMJMX-MDZDMXLPSA-N
SP_000401,AFLNGLSTOJPKJJ-UHFFFAOYSA-N
SP_000401,AFNUZVCFKQUDBJ-ZZWDRFIYSA-N
SP_000401,AGPIOXWTGKGPPK-UHFFFAOYSA-N
SP_000401,AGQJQCFEPUVXNK-UHFFFAOYSA-K
SP_000401,AGUISGUERLMHFF-UHFFFAOYSA-N
SP_000401,AHCYMLUZIRLXAA-SHYZEUOFSA-N
SP_000401,AHIONNAGCSGVAB-UHFFFAOYSA-N
SP_000401,AHJCDQGRYVBQQZ-NSCUHMNNSA-N
SP_000401,AHLBWJHZDLMJOJ-SDNWHVSQSA-N
SP_000401,AHLPHDHHMVZTML-BYPYZUCNSA-N
SP_000401,AHMIDUVKSGCHAU-LURJTMIESA-N
SP_000401,AIBMPOJXBGZIPQ-UHFFFAOYSA-N
SP_000401,AIBOHNYYKWYQMM-GELUXPMISA-N
SP_000401,AIJULSRZWUXGPQ-UHFFFAOYSA-N
SP_000401,AIONOLUJZLIMTK-AWEZNQCLSA-N
SP_000401,AIQCDEJOKQHKMO-UHFFFAOYSA-N
SP_000401,AIQDYKMWENWVQJ-UHFFFAOYSA-K
SP_000401,AISVAXNALHBFPC-IOSLPCCCSA-N
SP_000401,AIVVNNYXOSPRCW-UHFFFAOYSA-N
SP_000401,AJONJFGFTGGKEX-UHFFFAOYSA-M
SP_000401,AKIHYQWCLCDMMI-VMPITWQZSA-N
SP_000401,AKNPMCISDQNRFC-UHFFFAOYSA-N
SP_000401,AKVFHSQBKRFJIZ-MDZDMXLPSA-N
SP_000401,ALEWCKXBHSDCCT-YFVJMOTDSA-L
SP_000402,AANMVENRNJYEMK-UHFFFAOYSA-N
SP_000402,AAOWDCXVOOKARC-UHFFFAOYSA-N
SP_000402,AAWZDTNXLSGCEK-UHFFFAOYSA-M
SP_000402,AAXYAFFKOSNMEB-MHARETSRSA-N
SP_000402,AAZZVFONLHYNDZ-NVQRUNIKSA-J
SP_000402,ABCOOORLYAOBOZ-KQYNXXCUSA-N
SP_000402,ABFOJGYAILKEJB-UHFFFAOYSA-N
SP_000402,ABIKEVIWOJTKQS-AARKOHAPSA-N
SP_000402,ABLZXFCXXLZCGV-UHFFFAOYSA-L
SP_000402,ABTNJGAZZKYLLD-UHFFFAOYSA-N
SP_000402,ACIVVGBVOVHFPQ-RPDRRWSUSA-N
SP_000402,ACSIRQPNAYTBRW-VZUYHUTRSA-N
SP_000402,ACZVSMNFVFBOTM-UHFFFAOYSA-N
SP_000402,ADSGHWJRPOXXTD-IHWYPQMZSA-M
SP_000402,AEFNZGGBWOQYID-UHFFFAOYSA-N
SP_000402,AELFRHHZGTVYGJ-QMMMGPOBSA-N
SP_000402,AELNFENJKQXLPW-UHFFFAOYSA-N
SP_000402,AEMFNILZOJDQLW-QAGGRKNESA-N
SP_000402,AERBNCYCJBRYDG-UHFFFAOYSA-N
SP_000402,AEWHYWSPVRZHCT-NDZSKPAWSA-N
SP_000402,AEWHYWSPVRZHCT-UHFFFAOYSA-J
SP_000402,AFGUVBVUFZMJMX-MDZDMXLPSA-N
SP_000402,AFNUZVCFKQUDBJ-ZZWDRFIYSA-N
SP_000402,AFRWRFLTMADQHJ-UHFFFAOYSA-O
SP_000402,AFWKBSMFXWNGRE-ARJAWSKDSA-N
SP_000402,AGCLYKVLFZSTJI-UHFFFAOYSA-N
SP_000402,AGQJQCFEPUVXNK-UHFFFAOYSA-K
SP_000402,AHCYMLUZIRLXAA-SHYZEUOFSA-N
SP_000402,AHJCDQGRYVBQQZ-NSCUHMNNSA-N
SP_000402,AHLPHDHHMVZTML-BYPYZUCNSA-N
SP_000402,AHMIDUVKSGCHAU-LURJTMIESA-N
SP_000402,AIBOHNYYKWYQMM-GELUXPMISA-N
SP_000402,AIJULSRZWUXGPQ-UHFFFAOYSA-N
SP_000402,AIQDYKMWENWVQJ-UHFFFAOYSA-K
SP_000402,AISVAXNALHBFPC-IOSLPCCCSA-N
SP_000402,AJONJFGFTGGKEX-UHFFFAOYSA-M
SP_000402,AJWIFVNLXHFTFD-NSCUHMNNSA-N
SP_000402,AJWQQZIFWOFRRM-UHFFFAOYSA-N
SP_000402,AKIHYQWCLCDMMI-VMPITWQZSA-N
SP_000402,ALEWCKXBHSDCCT-YFVJMOTDSA-L
SP_000402,ALLYVKRLOHDVKI-UHFFFAOYSA-N
SP_000402,ALRHLSYJTWAHJZ-UHFFFAOYSA-N
SP_000402,ALTAAUJNHYWOGS-UHFFFAOYSA-N
SP_000402,ALYNCZNDIQEVRV-UHFFFAOYSA-M
SP_000402,AMBQHHVBBHTQBF-UOUCRYGSSA-N
SP_000402,AMIMRNSIRUDHCM-UHFFFAOYSA-N
SP_000402,AMROMUFVHNPOEQ-UHFFFAOYSA-N
SP_000402,ANVQPXYQHSOZNE-UMDUJLOZSA-N
SP_000402,AOFQQLZNDSBFLN-UHFFFAOYSA-K
SP_000402,APBPHWLOGNJBLH-UHFFFAOYSA-N
SP_000403,AABKSFWWBUPVNY-NVCPWDGJSA-N
SP_000403,AAFBEFOSCLMOTF-KXBCQOCRSA-N
SP_000403,AAFBEFOSCLMOTF-RRPFJGJLSA-N
SP_000403,AANMVENRNJYEMK-UHFFFAOYSA-N
SP_000403,AANZTOSGIRNZNM-LNOKNGNPSA-N
SP_000403,AAPGXBRKBIUCMQ-GWHBCOKCSA-N
SP_000403,AAWNBEJOCRYVJE-QNGWXLTQSA-N
SP_000403,AAWZDTNXLSGCEK-UHFFFAOYSA-M
SP_000403,AAXMCYUUKFLUMJ-JSFHAIONSA-N
SP_000403,AAXMCYUUKFLUMJ-TWDRBPDCSA-N
SP_000403,AAXYAFFKOSNMEB-MHARETSRSA-N
SP_000403,AAZOMBJKSJQDHJ-ZBRBWIFHSA-N
SP_000403,AAZZVFONLHYNDZ-NVQRUNIKSA-J
SP_000403,ABBYYPGQJRBTGA-NESBLOORSA-N
SP_000403,ABCOOORLYAOBOZ-KQYNXXCUSA-N
SP_000403,ABFJWRKPWCFTQP-JKFVOKSPSA-N
SP_000403,ABFJWRKPWCFTQP-XSMLMOGHSA-N
SP_000403,ABIKEVIWOJTKQS-AARKOHAPSA-N
SP_000403,ABLZXFCXXLZCGV-UHFFFAOYSA-L
SP_000403,ABRHOUKZOUNSSK-FVEAQGRNSA-N
SP_000403,ABUKPIBHMMLQDI-RCOVLANCSA-N
SP_000403,ACGLCDJEASKGDO-JSYPMYMJSA-N
SP_000403,ACIVVGBVOVHFPQ-RPDRRWSUSA-N
SP_000403,ACLPCAOOWJUVLL-DZKYTWFZSA-N
SP_000403,ACLQSYLJAZRTAP-XAFBQJBNSA-N
SP_000403,ACSIRQPNAYTBRW-VZUYHUTRSA-N
SP_000403,ACTHNCRNFFCCAQ-PLKVWTDNSA-N
SP_000403,ACTHNCRNFFCCAQ-YNQDZHFMSA-N
SP_000403,ACZVSMNFVFBOTM-UHFFFAOYSA-N
SP_000403,ADACAMXIRQREOB-UHFFFAOYSA-N
SP_000403,ADCKHLSRWCXEIY-GGAPOBRUSA-N
SP_000403,ADHKIZQYPQGIRC-ACSKKKSPSA-N
SP_000403,ADHKIZQYPQGIRC-SOZVHHJESA-N
SP_000403,ADHNTNYEJYJUCU-ZSJFXSENSA-N
SP_000403,ADKNUXINKGBJMY-LDLOPFEMSA-N
SP_000403,ADMGMAPZAQUXIR-VRHMUEQPSA-N
SP_000403,ADNSYCXWAHUWTA-SYOMJGEJSA-N
SP_000403,ADSGHWJRPOXXTD-IHWYPQMZSA-M
SP_000403,ADYPMBBPSUQKED-VOLCNUBSSA-N
SP_000403,ADZPFIMEBZGRHB-ILJAMNOWSA-N
SP_000403,AEFNZGGBWOQYID-UHFFFAOYSA-N
SP_000403,AEIJGHDRIPTRQY-UBTAJKBJSA-N
SP_000403,AELFRHHZGTVYGJ-QMMMGPOBSA-N
SP_000403,AEMFNILZOJDQLW-QAGGRKNESA-N
SP_000403,AERBNCYCJBRYDG-UHFFFAOYSA-N
SP_000403,AESBAQNLQIQXNK-BMFSGJJHSA-N
SP_000403,AETXDQTWHNBCRO-QLKFWGTOSA-N
SP_000403,AEWHYWSPVRZHCT-NDZSKPAWSA-N
SP_000403,AEWHYWSPVRZHCT-UHFFFAOYSA-J
SP_000403,AEXNGRVFOMIYOW-ICFOKQHNSA-N
SP_000404,AABKSFWWBUPVNY-NVCPWDGJSA-N
SP_000404,AAFBEFOSCLMOTF-KXBCQOCRSA-N
SP_000404,AAFBEFOSCLMOTF-RRPFJGJLSA-N
SP_000404,AANMVENRNJYEMK-UHFFFAOYSA-N
SP_000404,AANZTOSGIRNZNM-LNOKNGNPSA-N
SP_000404,AAPGXBRKBIUCMQ-GWHBCOKCSA-N
SP_000404,AAWNBEJOCRYVJE-QNGWXLTQSA-N
SP_000404,AAWZDTNXLSGCEK-UHFFFAOYSA-M
SP_000404,AAXMCYUUKFLUMJ-JSFHAIONSA-N
SP_000404,AAXMCYUUKFLUMJ-TWDRBPDCSA-N
SP_000404,AAXYAFFKOSNMEB-MHARETSRSA-N
SP_000404,AAZOMBJKSJQDHJ-ZBRBWIFHSA-N
SP_000404,AAZZVFONLHYNDZ-NVQRUNIKSA-J
SP_000404,ABBYYPGQJRBTGA-NESBLOORSA-N
SP_000404,ABCOOORLYAOBOZ-KQYNXXCUSA-N
SP_000404,ABFJWRKPWCFTQP-JKFVOKSPSA-N
SP_000404,ABFJWRKPWCFTQP-XSMLMOGHSA-N
SP_000404,ABIKEVIWOJTKQS-AARKOHAPSA-N
SP_000404,ABLZXFCXXLZCGV-UHFFFAOYSA-L
SP_000404,ABRHOUKZOUNSSK-FVEAQGRNSA-N
SP_000404,ABUKPIBHMMLQDI-RCOVLANCSA-N
SP_000404,ACGLCDJEASKGDO-JSYPMYMJSA-N
SP_000404,ACIVVGBVOVHFPQ-RPDRRWSUSA-N
SP_000404,ACLPCAOOWJUVLL-DZKYTWFZSA-N
SP_000404,ACLQSYLJAZRTAP-XAFBQJBNSA-N
SP_000404,ACSIRQPNAYTBRW-VZUYHUTRSA-N
SP_000404,ACTHNCRNFFCCAQ-PLKVWTDNSA-N
SP_000404,ACTHNCRNFFCCAQ-YNQDZHFMSA-N
SP_000404,ACZVSMNFVFBOTM-UHFFFAOYSA-N
SP_000404,ADACAMXIRQREOB-UHFFFAOYSA-N
SP_000404,ADCKHLSRWCXEIY-GGAPOBRUSA-N
SP_000404,ADHKIZQYPQGIRC-ACSKKKSPSA-N
SP_000404,ADHKIZQYPQGIRC-SOZVHHJESA-N
SP_000404,ADHNTNYEJYJUCU-ZSJFXSENSA-N
SP_000404,ADKNUXINKGBJMY-LDLOPFEMSA-N
SP_000404,ADMGMAPZAQUXIR-VRHMUEQPSA-N
SP_000404,ADNSYCXWAHUWTA-SYOMJGEJSA-N
SP_000404,ADSGHWJRPOXXTD-IHWYPQMZSA-M
SP_000404,ADYPMBBPSUQKED-VOLCNUBSSA-N
SP_000404,ADZPFIMEBZGRHB-ILJAMNOWSA-N
SP_000404,AEFNZGGBWOQYID-UHFFFAOYSA-N
SP_000404,AEIJGHDRIPTRQY-UBTAJKBJSA-N
SP_000404,AELFRHHZGTVYGJ-QMMMGPOBSA-N
SP_000404,AEMFNILZOJDQLW-QAGGRKNESA-N
SP_000404,AERBNCYCJBRYDG-UHFFFAOYSA-N
SP_000404,AESBAQNLQIQXNK-BMFSGJJHSA-N
SP_000404,AETXDQTWHNBCRO-QLKFWGTOSA-N
SP_000404,AEWHYWSPVRZHCT-NDZSKPAWSA-N
SP_000404,AEWHYWSPVRZHCT-UHFFFAOYSA-J
SP_000404,AEXNGRVFOMIYOW-ICFOKQHNSA-N
SP_000405,AABKSFWWBUPVNY-NVCPWDGJSA-N
SP_000405,AAFBEFOSCLMOTF-KXBCQOCRSA-N
SP_000405,AAFBEFOSCLMOTF-RRPFJGJLSA-N
SP_000405,AANMVENRNJYEMK-UHFFFAOYSA-N
SP_000405,AANZTOSGIRNZNM-LNOKNGNPSA-N
SP_000405,AAOFJKLTRKOQTQ-UHFFFAOYSA-N
SP_000405,AAPGXBRKBIUCMQ-GWHBCOKCSA-N
SP_000405,AAWNBEJOCRYVJE-QNGWXLTQSA-N
SP_000405,AAWZDTNXLSGCEK-UHFFFAOYSA-M
SP_000405,AAWZDTNXLSGCEK-UHFFFAOYSA-N
SP_000405,AAXMCYUUKFLUMJ-JSFHAIONSA-N
SP_000405,AAXMCYUUKFLUMJ-TWDRBPDCSA-N
SP_000405,AAXYAFFKOSNMEB-MHARETSRSA-N
SP_000405,AAZOMBJKSJQDHJ-ZBRBWIFHSA-N
SP_000405,AAZZVFONLHYNDZ-NVQRUNIKSA-J
SP_000405,ABBYYPGQJRBTGA-NESBLOORSA-N
SP_000405,ABCOOORLYAOBOZ-KQYNXXCUSA-N
SP_000405,ABFJWRKPWCFTQP-JKFVOKSPSA-N
SP_000405,ABFJWRKPWCFTQP-XSMLMOGHSA-N
SP_000405,ABIKEVIWOJTKQS-AARKOHAPSA-N
SP_000405,ABLZXFCXXLZCGV-UHFFFAOYSA-L
SP_000405,ABRHOUKZOUNSSK-FVEAQGRNSA-N
SP_000405,ABUKPIBHMMLQDI-RCOVLANCSA-N
SP_000405,ACGLCDJEASKGDO-JSYPMYMJSA-N
SP_000405,ACIVVGBVOVHFPQ-RPDRRWSUSA-N
SP_000405,ACLPCAOOWJUVLL-DZKYTWFZSA-N
SP_000405,ACLQSYLJAZRTAP-XAFBQJBNSA-N
SP_000405,ACSIRQPNAYTBRW-VZUYHUTRSA-N
SP_000405,ACTHNCRNFFCCAQ-PLKVWTDNSA-N
SP_000405,ACTHNCRNFFCCAQ-YNQDZHFMSA-N
SP_000405,ACZVSMNFVFBOTM-UHFFFAOYSA-N
SP_000405,ADACAMXIRQREOB-UHFFFAOYSA-N
SP_000405,ADCKHLSRWCXEIY-GGAPOBRUSA-N
SP_000405,ADHKIZQYPQGIRC-ACSKKKSPSA-N
SP_000405,ADHKIZQYPQGIRC-SOZVHHJESA-N
SP_000405,ADHNTNYEJYJUCU-ZSJFXSENSA-N
SP_000405,ADKNUXINKGBJMY-LDLOPFEMSA-N
SP_000405,ADMGMAPZAQUXIR-VRHMUEQPSA-N
SP_000405,ADNSYCXWAHUWTA-SYOMJGEJSA-N
SP_000405,ADSGHWJRPOXXTD-IHWYPQMZSA-M
SP_000405,ADYPMBBPSUQKED-VOLCNUBSSA-N
SP_000405,ADZPFIMEBZGRHB-ILJAMNOWSA-N
SP_000405,AEFNZGGBWOQYID-UHFFFAOYSA-N
SP_000405,AEIJGHDRIPTRQY-UBTAJKBJSA-N
SP_000405,AELFRHHZGTVYGJ-QMMMGPOBSA-N
SP_000405,AEMFNILZOJDQLW-QAGGRKNESA-N
SP_000405,AERBNCYCJBRYDG-UHFFFAOYSA-N
SP_000405,AESBAQNLQIQXNK-BMFSGJJHSA-N
SP_000405,AETXDQTWHNBCRO-QLKFWGTOSA-N
SP_000405,AEWHYWSPVRZHCT-NDZSKPAWSA-N
SP_000406,AABKSFWWBUPVNY-NVCPWDGJSA-N
SP_000406,AAFBEFOSCLMOTF-KXBCQOCRSA-N
SP_000406,AAFBEFOSCLMOTF-RRPFJGJLSA-N
SP_000406,AANMVENRNJYEMK-UHFFFAOYSA-N
SP_000406,AANZTOSGIRNZNM-LNOKNGNPSA-N
SP_000406,AAOFJKLTRKOQTQ-UHFFFAOYSA-N
SP_000406,AAPGXBRKBIUCMQ-GWHBCOKCSA-N
SP_000406,AAWNBEJOCRYVJE-QNGWXLTQSA-N
SP_000406,AAWZDTNXLSGCEK-UHFFFAOYSA-M
SP_000406,AAWZDTNXLSGCEK-UHFFFAOYSA-N
SP_000406,AAXMCYUUKFLUMJ-JSFHAIONSA-N
SP_000406,AAXMCYUUKFLUMJ-TWDRBPDCSA-N
SP_000406,AAXYAFFKOSNMEB-MHARETSRSA-N
SP_000406,AAZOMBJKSJQDHJ-ZBRBWIFHSA-N
SP_000406,AAZZVFONLHYNDZ-NVQRUNIKSA-J
SP_000406,ABBYYPGQJRBTGA-NESBLOORSA-N
SP_000406,ABCOOORLYAOBOZ-KQYNXXCUSA-N
SP_000406,ABFJWRKPWCFTQP-JKFVOKSPSA-N
SP_000406,ABFJWRKPWCFTQP-XSMLMOGHSA-N
SP_000406,ABIKEVIWOJTKQS-AARKOHAPSA-N
SP_000406,ABLZXFCXXLZCGV-UHFFFAOYSA-L
SP_000406,ABRHOUKZOUNSSK-FVEAQGRNSA-N
SP_000406,ABUKPIBHMMLQDI-RCOVLANCSA-N
SP_000406,ACGLCDJEASKGDO-JSYPMYMJSA-N
SP_000406,ACIVVGBVOVHFPQ-RPDRRWSUSA-N
SP_000406,ACLPCAOOWJUVLL-DZKYTWFZSA-N
SP_000406,ACLQSYLJAZRTAP-XAFBQJBNSA-N
SP_000406,ACSIRQPNAYTBRW-VZUYHUTRSA-N
SP_000406,ACTHNCRNFFCCAQ-PLKVWTDNSA-N
SP_000406,ACTHNCRNFFCCAQ-YNQDZHFMSA-N
SP_000406,ACZVSMNFVFBOTM-UHFFFAOYSA-N
SP_000406,ADACAMXIRQREOB-UHFFFAOYSA-N
SP_000406,ADCKHLSRWCXEIY-GGAPOBRUSA-N
SP_000406,ADHKIZQYPQGIRC-ACSKKKSPSA-N
SP_000406,ADHKIZQYPQGIRC-SOZVHHJESA-N
SP_000406,ADHNTNYEJYJUCU-ZSJFXSENSA-N
SP_000406,ADKNUXINKGBJMY-LDLOPFEMSA-N
SP_000406,ADMGMAPZAQUXIR-VRHMUEQPSA-N
SP_000406,ADNSYCXWAHUWTA-SYOMJGEJSA-N
SP_000406,ADSGHWJRPOXXTD-IHWYPQMZSA-M
SP_000406,ADYPMBBPSUQKED-VOLCNUBSSA-N
SP_000406,ADZPFIMEBZGRHB-ILJAMNOWSA-N
SP_000406,AEFNZGGBWOQYID-UHFFFAOYSA-N
SP_000406,AEIJGHDRIPTRQY-UBTAJKBJSA-N
SP_000406,AELFRHHZGTVYGJ-QMMMGPOBSA-N
SP_000406,AEMFNILZOJDQLW-QAGGRKNESA-N
SP_000406,AERBNCYCJBRYDG-UHFFFAOYSA-N
SP_000406,AESBAQNLQIQXNK-BMFSGJJHSA-N
SP_000406,AETXDQTWHNBCRO-QLKFWGTOSA-N
SP_000406,AEWHYWSPVRZHCT-NDZSKPAWSA-N
SP_000407,AABKSFWWBUPVNY-NVCPWDGJSA-N
SP_000407,AAFBEFOSCLMOTF-KXBCQOCRSA-N
SP_000407,AAFBEFOSCLMOTF-RRPFJGJLSA-N
SP_000407,AANMVENRNJYEMK-UHFFFAOYSA-N
SP_000407,AANZTOSGIRNZNM-LNOKNGNPSA-N
SP_000407,AAOFJKLTRKOQTQ-UHFFFAOYSA-N
SP_000407,AAPGXBRKBIUCMQ-GWHBCOKCSA-N
SP_000407,AAWNBEJOCRYVJE-QNGWXLTQSA-N
SP_000407,AAWZDTNXLSGCEK-UHFFFAOYSA-M
SP_000407,AAWZDTNXLSGCEK-UHFFFAOYSA-N
SP_000407,AAXMCYUUKFLUMJ-JSFHAIONSA-N
SP_000407,AAXMCYUUKFLUMJ-TWDRBPDCSA-N
SP_000407,AAXYAFFKOSNMEB-MHARETSRSA-N
SP_000407,AAZOMBJKSJQDHJ-ZBRBWIFHSA-N
SP_000407,AAZZVFONLHYNDZ-NVQRUNIKSA-J
SP_000407,ABBYYPGQJRBTGA-NESBLOORSA-N
SP_000407,ABCOOORLYAOBOZ-KQYNXXCUSA-N
SP_000407,ABFJWRKPWCFTQP-JKFVOKSPSA-N
SP_000407,ABFJWRKPWCFTQP-XSMLMOGHSA-N
SP_000407,ABIKEVIWOJTKQS-AARKOHAPSA-N
SP_000407,ABLZXFCXXLZCGV-UHFFFAOYSA-L
SP_000407,ABRHOUKZOUNSSK-FVEAQGRNSA-N
SP_000407,ABUKPIBHMMLQDI-RCOVLANCSA-N
SP_000407,ACGLCDJEASKGDO-JSYPMYMJSA-N
SP_000407,ACIVVGBVOVHFPQ-RPDRRWSUSA-N
SP_000407,ACLPCAOOWJUVLL-DZKYTWFZSA-N
SP_000407,ACLQSYLJAZRTAP-XAFBQJBNSA-N
SP_000407,ACSIRQPNAYTBRW-VZUYHUTRSA-N
SP_000407,ACTHNCRNFFCCAQ-PLKVWTDNSA-N
SP_000407,ACTHNCRNFFCCAQ-YNQDZHFMSA-N
SP_000407,ACZVSMNFVFBOTM-UHFFFAOYSA-N
SP_000407,ADACAMXIRQREOB-UHFFFAOYSA-N
SP_000407,ADCKHLSRWCXEIY-GGAPOBRUSA-N
SP_000407,ADHKIZQYPQGIRC-ACSKKKSPSA-N
SP_000407,ADHKIZQYPQGIRC-SOZVHHJESA-N
SP_000407,ADHNTNYEJYJUCU-ZSJFXSENSA-N
SP_000407,ADKNUXINKGBJMY-LDLOPFEMSA-N
SP_000407,ADMGMAPZAQUXIR-VRHMUEQPSA-N
SP_000407,ADNSYCXWAHUWTA-SYOMJGEJSA-N
SP_000407,ADSGHWJRPOXXTD-IHWYPQMZSA-M
SP_000407,ADYPMBBPSUQKED-VOLCNUBSSA-N
SP_000407,ADZPFIMEBZGRHB-ILJAMNOWSA-N
SP_000407,AEFNZGGBWOQYID-UHFFFAOYSA-N
SP_000407,AEIJGHDRIPTRQY-UBTAJKBJSA-N
SP_000407,AELFRHHZGTVYGJ-QMMMGPOBSA-N
SP_000407,AEMFNILZOJDQLW-QAGGRKNESA-N
SP_000407,AERBNCYCJBRYDG-UHFFFAOYSA-N
SP_000407,AESBAQNLQIQXNK-BMFSGJJHSA-N
SP_000407,AETXDQTWHNBCRO-QLKFWGTOSA-N
SP_000407,AEWHYWSPVRZHCT-NDZSKPAWSA-N
SP_000408,AABKSFWWBUPVNY-NVCPWDGJSA-N
SP_000408,AAFBEFOSCLMOTF-KXBCQOCRSA-N
SP_000408,AAFBEFOSCLMOTF-RRPFJGJLSA-N
SP_000408,AANMVENRNJYEMK-UHFFFAOYSA-N
SP_000408,AANZTOSGIRNZNM-LNOKNGNPSA-N
SP_000408,AAOFJKLTRKOQTQ-UHFFFAOYSA-N
SP_000408,AAPGXBRKBIUCMQ-GWHBCOKCSA-N
SP_000408,AAWNBEJOCRYVJE-QNGWXLTQSA-N
SP_000408,AAWZDTNXLSGCEK-UHFFFAOYSA-M
SP_000408,AAWZDTNXLSGCEK-UHFFFAOYSA-N
SP_000408,AAXMCYUUKFLUMJ-JSFHAIONSA-N
SP_000408,AAXMCYUUKFLUMJ-TWDRBPDCSA-N
SP_000408,AAXYAFFKOSNMEB-MHARETSRSA-N
SP_000408,AAZOMBJKSJQDHJ-ZBRBWIFHSA-N
SP_000408,AAZZVFONLHYNDZ-NVQRUNIKSA-J
SP_000408,ABBYYPGQJRBTGA-NESBLOORSA-N
SP_000408,ABCOOORLYAOBOZ-KQYNXXCUSA-N
SP_000408,ABFJWRKPWCFTQP-JKFVOKSPSA-N
SP_000408,ABFJWRKPWCFTQP-XSMLMOGHSA-N
SP_000408,ABIKEVIWOJTKQS-AARKOHAPSA-N
SP_000408,ABLZXFCXXLZCGV-UHFFFAOYSA-L
SP_000408,ABRHOUKZOUNSSK-FVEAQGRNSA-N
SP_000408,ABUKPIBHMMLQDI-RCOVLANCSA-N
SP_000408,ACGLCDJEASKGDO-JSYPMYMJSA-N
SP_000408,ACIVVGBVOVHFPQ-RPDRRWSUSA-N
SP_000408,ACLPCAOOWJUVLL-DZKYTWFZSA-N
SP_000408,ACLQSYLJAZRTAP-XAFBQJBNSA-N
SP_000408,ACSIRQPNAYTBRW-VZUYHUTRSA-N
SP_000408,ACTHNCRNFFCCAQ-PLKVWTDNSA-N
SP_000408,ACTHNCRNFFCCAQ-YNQDZHFMSA-N
SP_000408,ACZVSMNFVFBOTM-UHFFFAOYSA-N
SP_000408,ADACAMXIRQREOB-UHFFFAOYSA-N
SP_000408,ADCKHLSRWCXEIY-GGAPOBRUSA-N
SP_000408,ADHKIZQYPQGIRC-ACSKKKSPSA-N
SP_000408,ADHKIZQYPQGIRC-SOZVHHJESA-N
SP_000408,ADHNTNYEJYJUCU-ZSJFXSENSA-N
SP_000408,ADKNUXINKGBJMY-LDLOPFEMSA-N
SP_000408,ADMGMAPZAQUXIR-VRHMUEQPSA-N
SP_000408,ADNSYCXWAHUWTA-SYOMJGEJSA-N
SP_000408,ADSGHWJRPOXXTD-IHWYPQMZSA-M
SP_000408,ADYPMBBPSUQKED-VOLCNUBSSA-N
SP_000408,ADZPFIMEBZGRHB-ILJAMNOWSA-N
SP_000408,AEFNZGGBWOQYID-UHFFFAOYSA-N
SP_000408,AEIJGHDRIPTRQY-UBTAJKBJSA-N
SP_000408,AELFRHHZGTVYGJ-QMMMGPOBSA-N
SP_000408,AEMFNILZOJDQLW-QAGGRKNESA-N
SP_000408,AERBNCYCJBRYDG-UHFFFAOYSA-N
SP_000408,AESBAQNLQIQXNK-BMFSGJJHSA-N
SP_000408,AETXDQTWHNBCRO-QLKFWGTOSA-N
SP_000408,AEWHYWSPVRZHCT-NDZSKPAWSA-N
SP_000409,AABKSFWWBUPVNY-NVCPWDGJSA-N
SP_000409,AAFBEFOSCLMOTF-KXBCQOCRSA-N
SP_000409,AAFBEFOSCLMOTF-RRPFJGJLSA-N
SP_000409,AANMVENRNJYEMK-UHFFFAOYSA-N
SP_000409,AANZTOSGIRNZNM-LNOKNGNPSA-N
SP_000409,AAPGXBRKBIUCMQ-GWHBCOKCSA-N
SP_000409,AAWNBEJOCRYVJE-QNGWXLTQSA-N
SP_000409,AAWZDTNXLSGCEK-UHFFFAOYSA-M
SP_000409,AAXMCYUUKFLUMJ-JSFHAIONSA-N
SP_000409,AAXMCYUUKFLUMJ-TWDRBPDCSA-N
SP_000409,AAXYAFFKOSNMEB-MHARETSRSA-N
SP_000409,AAZOMBJKSJQDHJ-ZBRBWIFHSA-N
SP_000409,AAZZVFONLHYNDZ-NVQRUNIKSA-J
SP_000409,ABBYYPGQJRBTGA-NESBLOORSA-N
SP_000409,ABCOOORLYAOBOZ-KQYNXXCUSA-N
SP_000409,ABFJWRKPWCFTQP-JKFVOKSPSA-N
SP_000409,ABFJWRKPWCFTQP-XSMLMOGHSA-N
SP_000409,ABIKEVIWOJTKQS-AARKOHAPSA-N
SP_000409,ABLZXFCXXLZCGV-UHFFFAOYSA-L
SP_000409,ABRHOUKZOUNSSK-FVEAQGRNSA-N
SP_000409,ABUKPIBHMMLQDI-RCOVLANCSA-N
SP_000409,ABVCUBUIXWJYSE-UHFFFAOYSA-O
SP_000409,ACGLCDJEASKGDO-JSYPMYMJSA-N
SP_000409,ACIVVGBVOVHFPQ-RPDRRWSUSA-N
SP_000409,ACLPCAOOWJUVLL-DZKYTWFZSA-N
SP_000409,ACLQSYLJAZRTAP-XAFBQJBNSA-N
SP_000409,ACSIRQPNAYTBRW-VZUYHUTRSA-N
SP_000409,ACTHNCRNFFCCAQ-PLKVWTDNSA-N
SP_000409,ACTHNCRNFFCCAQ-YNQDZHFMSA-N
SP_000409,ACZVSMNFVFBOTM-UHFFFAOYSA-N
SP_000409,ADACAMXIRQREOB-UHFFFAOYSA-N
SP_000409,ADCKHLSRWCXEIY-GGAPOBRUSA-N
SP_000409,ADHKIZQYPQGIRC-ACSKKKSPSA-N
SP_000409,ADHKIZQYPQGIRC-SOZVHHJESA-N
SP_000409,ADHNTNYEJYJUCU-ZSJFXSENSA-N
SP_000409,ADKNUXINKGBJMY-LDLOPFEMSA-N
SP_000409,ADMGMAPZAQUXIR-VRHMUEQPSA-N
SP_000409,ADNSYCXWAHUWTA-SYOMJGEJSA-N
SP_000409,ADSGHWJRPOXXTD-IHWYPQMZSA-M
SP_000409,ADYPMBBPSUQKED-VOLCNUBSSA-N
SP_000409,ADZPFIMEBZGRHB-ILJAMNOWSA-N
SP_000409,AEFNZGGBWOQYID-UHFFFAOYSA-N
SP_000409,AEIJGHDRIPTRQY-UBTAJKBJSA-N
SP_000409,AELFRHHZGTVYGJ-QMMMGPOBSA-N
SP_000409,AEMFNILZOJDQLW-QAGGRKNESA-N
SP_000409,AERBNCYCJBRYDG-UHFFFAOYSA-N
SP_000409,AESBAQNLQIQXNK-BMFSGJJHSA-N
SP_000409,AETXDQTWHNBCRO-QLKFWGTOSA-N
SP_000409,AEWHYWSPVRZHCT-NDZSKPAWSA-N
SP_000409,AEWHYWSPVRZHCT-UHFFFAOYSA-J
SP_000410,AABKSFWWBUPVNY-NVCPWDGJSA-N
SP_000410,AAFBEFOSCLMOTF-KXBCQOCRSA-N
SP_000410,AAFBEFOSCLMOTF-RRPFJGJLSA-N
SP_000410,AANMVENRNJYEMK-UHFFFAOYSA-N
SP_000410,AANZTOSGIRNZNM-LNOKNGNPSA-N
SP_000410,AAPGXBRKBIUCMQ-GWHBCOKCSA-N
SP_000410,AAWNBEJOCRYVJE-QNGWXLTQSA-N
SP_000410,AAWZDTNXLSGCEK-UHFFFAOYSA-M
SP_000410,AAXMCYUUKFLUMJ-JSFHAIONSA-N
SP_000410,AAXMCYUUKFLUMJ-TWDRBPDCSA-N
SP_000410,AAXYAFFKOSNMEB-MHARETSRSA-N
SP_000410,AAZOMBJKSJQDHJ-ZBRBWIFHSA-N
SP_000410,AAZZVFONLHYNDZ-NVQRUNIKSA-J
SP_000410,ABBYYPGQJRBTGA-NESBLOORSA-N
SP_000410,ABCOOORLYAOBOZ-KQYNXXCUSA-N
SP_000410,ABFJWRKPWCFTQP-JKFVOKSPSA-N
SP_000410,ABFJWRKPWCFTQP-XSMLMOGHSA-N
SP_000410,ABIKEVIWOJTKQS-AARKOHAPSA-N
SP_000410,ABLZXFCXXLZCGV-UHFFFAOYSA-L
SP_000410,ABRHOUKZOUNSSK-FVEAQGRNSA-N
SP_000410,ABUKPIBHMMLQDI-RCOVLANCSA-N
SP_000410,ABVCUBUIXWJYSE-UHFFFAOYSA-O
SP_000410,ACGLCDJEASKGDO-JSYPMYMJSA-N
SP_000410,ACIVVGBVOVHFPQ-RPDRRWSUSA-N
SP_000410,ACLPCAOOWJUVLL-DZKYTWFZSA-N
SP_000410,ACLQSYLJAZRTAP-XAFBQJBNSA-N
SP_000410,ACSIRQPNAYTBRW-VZUYHUTRSA-N
SP_000410,ACTHNCRNFFCCAQ-PLKVWTDNSA-N
SP_000410,ACTHNCRNFFCCAQ-YNQDZHFMSA-N
SP_000410,ACZVSMNFVFBOTM-UHFFFAOYSA-N
SP_000410,ADACAMXIRQREOB-UHFFFAOYSA-N
SP_000410,ADCKHLSRWCXEIY-GGAPOBRUSA-N
SP_000410,ADHKIZQYPQGIRC-ACSKKKSPSA-N
SP_000410,ADHKIZQYPQGIRC-SOZVHHJESA-N
SP_000410,ADHNTNYEJYJUCU-ZSJFXSENSA-N
SP_000410,ADKNUXINKGBJMY-LDLOPFEMSA-N
SP_000410,ADMGMAPZAQUXIR-VRHMUEQPSA-N
SP_000410,ADNSYCXWAHUWTA-SYOMJGEJSA-N
SP_000410,ADSGHWJRPOXXTD-IHWYPQMZSA-M
SP_000410,ADYPMBBPSUQKED-VOLCNUBSSA-N
SP_000410,ADZPFIMEBZGRHB-ILJAMNOWSA-N
SP_000410,AEFNZGGBWOQYID-UHFFFAOYSA-N
SP_000410,AEIJGHDRIPTRQY-UBTAJKBJSA-N
SP_000410,AELFRHHZGTVYGJ-QMMMGPOBSA-N
SP_000410,AEMFNILZOJDQLW-QAGGRKNESA-N
SP_000410,AERBNCYCJBRYDG-UHFFFAOYSA-N
SP_000410,AESBAQNLQIQXNK-BMFSGJJHSA-N
SP_000410,AETXDQTWHNBCRO-QLKFWGTOSA-N
SP_000410,AEWHYWSPVRZHCT-NDZSKPAWSA-N
SP_000410,AEWHYWSPVRZHCT-UHFFFAOYSA-J
SP_000411,AABKSFWWBUPVNY-NVCPWDGJSA-N
SP_000411,AAFBEFOSCLMOTF-KXBCQOCRSA-N
SP_000411,AAFBEFOSCLMOTF-RRPFJGJLSA-N
SP_000411,AANMVENRNJYEMK-UHFFFAOYSA-N
SP_000411,AANZTOSGIRNZNM-LNOKNGNPSA-N
SP_000411,AAPGXBRKBIUCMQ-GWHBCOKCSA-N
SP_000411,AAWNBEJOCRYVJE-QNGWXLTQSA-N
SP_000411,AAWZDTNXLSGCEK-UHFFFAOYSA-M
SP_000411,AAXMCYUUKFLUMJ-JSFHAIONSA-N
SP_000411,AAXMCYUUKFLUMJ-TWDRBPDCSA-N
SP_000411,AAXYAFFKOSNMEB-MHARETSRSA-N
SP_000411,AAZOMBJKSJQDHJ-ZBRBWIFHSA-N
SP_000411,AAZZVFONLHYNDZ-NVQRUNIKSA-J
SP_000411,ABBYYPGQJRBTGA-NESBLOORSA-N
SP_000411,ABCOOORLYAOBOZ-KQYNXXCUSA-N
SP_000411,ABFJWRKPWCFTQP-JKFVOKSPSA-N
SP_000411,ABFJWRKPWCFTQP-XSMLMOGHSA-N
SP_000411,ABIKEVIWOJTKQS-AARKOHAPSA-N
SP_000411,ABLZXFCXXLZCGV-UHFFFAOYSA-L
SP_000411,ABRHOUKZOUNSSK-FVEAQGRNSA-N
SP_000411,ABUKPIBHMMLQDI-RCOVLANCSA-N
SP_000411,ACGLCDJEASKGDO-JSYPMYMJSA-N
SP_000411,ACIVVGBVOVHFPQ-RPDRRWSUSA-N
SP_000411,ACLPCAOOWJUVLL-DZKYTWFZSA-N
SP_000411,ACLQSYLJAZRTAP-XAFBQJBNSA-N
SP_000411,ACSIRQPNAYTBRW-VZUYHUTRSA-N
SP_000411,ACTHNCRNFFCCAQ-PLKVWTDNSA-N
SP_000411,ACTHNCRNFFCCAQ-YNQDZHFMSA-N
SP_000411,ACZVSMNFVFBOTM-UHFFFAOYSA-N
SP_000411,ADACAMXIRQREOB-UHFFFAOYSA-N
SP_000411,ADCKHLSRWCXEIY-GGAPOBRUSA-N
SP_000411,ADHKIZQYPQGIRC-ACSKKKSPSA-N
SP_000411,ADHKIZQYPQGIRC-SOZVHHJESA-N
SP_000411,ADHNTNYEJYJUCU-ZSJFXSENSA-N
SP_000411,ADKNUXINKGBJMY-LDLOPFEMSA-N
SP_000411,ADMGMAPZAQUXIR-VRHMUEQPSA-N
SP_000411,ADNSYCXWAHUWTA-SYOMJGEJSA-N
SP_000411,ADSGHWJRPOXXTD-IHWYPQMZSA-M
SP_000411,ADYPMBBPSUQKED-VOLCNUBSSA-N
SP_000411,ADZPFIMEBZGRHB-ILJAMNOWSA-N
SP_000411,AEFNZGGBWOQYID-UHFFFAOYSA-N
SP_000411,AEIJGHDRIPTRQY-UBTAJKBJSA-N
SP_000411,AELFRHHZGTVYGJ-QMMMGPOBSA-N
SP_000411,AEMFNILZOJDQLW-QAGGRKNESA-N
SP_000411,AERBNCYCJBRYDG-UHFFFAOYSA-N
SP_000411,AESBAQNLQIQXNK-BMFSGJJHSA-N
SP_000411,AETXDQTWHNBCRO-QLKFWGTOSA-N
SP_000411,AEWHYWSPVRZHCT-NDZSKPAWSA-N
SP_000411,AEWHYWSPVRZHCT-UHFFFAOYSA-J
SP_000411,AEXNGRVFOMIYOW-ICFOKQHNSA-N
SP_000412,AABKSFWWBUPVNY-NVCPWDGJSA-N
SP_000412,AAFBEFOSCLMOTF-KXBCQOCRSA-N
SP_000412,AAFBEFOSCLMOTF-RRPFJGJLSA-N
SP_000412,AANMVENRNJYEMK-UHFFFAOYSA-N
SP_000412,AANZTOSGIRNZNM-LNOKNGNPSA-N
SP_000412,AAPGXBRKBIUCMQ-GWHBCOKCSA-N
SP_000412,AAWNBEJOCRYVJE-QNGWXLTQSA-N
SP_000412,AAWZDTNXLSGCEK-UHFFFAOYSA-M
SP_000412,AAWZDTNXLSGCEK-UHFFFAOYSA-N
SP_000412,AAXMCYUUKFLUMJ-JSFHAIONSA-N
SP_000412,AAXMCYUUKFLUMJ-TWDRBPDCSA-N
SP_000412,AAXYAFFKOSNMEB-MHARETSRSA-N
SP_000412,AAZOMBJKSJQDHJ-ZBRBWIFHSA-N
SP_000412,AAZZVFONLHYNDZ-NVQRUNIKSA-J
SP_000412,ABBYYPGQJRBTGA-NESBLOORSA-N
SP_000412,ABCOOORLYAOBOZ-KQYNXXCUSA-N
SP_000412,ABFJWRKPWCFTQP-JKFVOKSPSA-N
SP_000412,ABFJWRKPWCFTQP-XSMLMOGHSA-N
SP_000412,ABIKEVIWOJTKQS-AARKOHAPSA-N
SP_000412,ABLZXFCXXLZCGV-UHFFFAOYSA-L
SP_000412,ABRHOUKZOUNSSK-FVEAQGRNSA-N
SP_000412,ABUKPIBHMMLQDI-RCOVLANCSA-N
SP_000412,ACGLCDJEASKGDO-JSYPMYMJSA-N
SP_000412,ACIVVGBVOVHFPQ-RPDRRWSUSA-N
SP_000412,ACLPCAOOWJUVLL-DZKYTWFZSA-N
SP_000412,ACLQSYLJAZRTAP-XAFBQJBNSA-N
SP_000412,ACSIRQPNAYTBRW-VZUYHUTRSA-N
SP_000412,ACTHNCRNFFCCAQ-PLKVWTDNSA-N
SP_000412,ACTHNCRNFFCCAQ-YNQDZHFMSA-N
SP_000412,ACZVSMNFVFBOTM-UHFFFAOYSA-N
SP_000412,ADACAMXIRQREOB-UHFFFAOYSA-N
SP_000412,ADCKHLSRWCXEIY-GGAPOBRUSA-N
SP_000412,ADHKIZQYPQGIRC-ACSKKKSPSA-N
SP_000412,ADHKIZQYPQGIRC-SOZVHHJESA-N
SP_000412,ADHNTNYEJYJUCU-ZSJFXSENSA-N
SP_000412,ADKNUXINKGBJMY-LDLOPFEMSA-N
SP_000412,ADMGMAPZAQUXIR-VRHMUEQPSA-N
SP_000412,ADNSYCXWAHUWTA-SYOMJGEJSA-N
SP_000412,ADSGHWJRPOXXTD-IHWYPQMZSA-M
SP_000412,ADYPMBBPSUQKED-VOLCNUBSSA-N
SP_000412,ADZPFIMEBZGRHB-ILJAMNOWSA-N
SP_000412,AEFNZGGBWOQYID-UHFFFAOYSA-N
SP_000412,AEIJGHDRIPTRQY-UBTAJKBJSA-N
SP_000412,AELFRHHZGTVYGJ-QMMMGPOBSA-N
SP_000412,AEMFNILZOJDQLW-QAGGRKNESA-N
SP_000412,AERBNCYCJBRYDG-UHFFFAOYSA-N
SP_000412,AESBAQNLQIQXNK-BMFSGJJHSA-N
SP_000412,AETXDQTWHNBCRO-QLKFWGTOSA-N
SP_000412,AEWHYWSPVRZHCT-NDZSKPAWSA-N
SP_000412,AEWHYWSPVRZHCT-UHFFFAOYSA-J
SP_000413,AABKSFWWBUPVNY-NVCPWDGJSA-N
SP_000413,AAFBEFOSCLMOTF-KXBCQOCRSA-N
SP_000413,AAFBEFOSCLMOTF-RRPFJGJLSA-N
SP_000413,AANMVENRNJYEMK-UHFFFAOYSA-N
SP_000413,AANZTOSGIRNZNM-LNOKNGNPSA-N
SP_000413,AAPGXBRKBIUCMQ-GWHBCOKCSA-N
SP_000413,AAWNBEJOCRYVJE-QNGWXLTQSA-N
SP_000413,AAWZDTNXLSGCEK-UHFFFAOYSA-M
SP_000413,AAXMCYUUKFLUMJ-JSFHAIONSA-N
SP_000413,AAXMCYUUKFLUMJ-TWDRBPDCSA-N
SP_000413,AAXYAFFKOSNMEB-MHARETSRSA-N
SP_000413,AAZOMBJKSJQDHJ-ZBRBWIFHSA-N
SP_000413,AAZZVFONLHYNDZ-NVQRUNIKSA-J
SP_000413,ABBYYPGQJRBTGA-NESBLOORSA-N
SP_000413,ABCOOORLYAOBOZ-KQYNXXCUSA-N
SP_000413,ABFJWRKPWCFTQP-JKFVOKSPSA-N
SP_000413,ABFJWRKPWCFTQP-XSMLMOGHSA-N
SP_000413,ABIKEVIWOJTKQS-AARKOHAPSA-N
SP_000413,ABLZXFCXXLZCGV-UHFFFAOYSA-L
SP_000413,ABRHOUKZOUNSSK-FVEAQGRNSA-N
SP_000413,ABUKPIBHMMLQDI-RCOVLANCSA-N
SP_000413,ACGLCDJEASKGDO-JSYPMYMJSA-N
SP_000413,ACIVVGBVOVHFPQ-RPDRRWSUSA-N
SP_000413,ACLPCAOOWJUVLL-DZKYTWFZSA-N
SP_000413,ACLQSYLJAZRTAP-XAFBQJBNSA-N
SP_000413,ACSIRQPNAYTBRW-VZUYHUTRSA-N
SP_000413,ACTHNCRNFFCCAQ-PLKVWTDNSA-N
SP_000413,ACTHNCRNFFCCAQ-YNQDZHFMSA-N
SP_000413,ACZVSMNFVFBOTM-UHFFFAOYSA-N
SP_000413,ADACAMXIRQREOB-UHFFFAOYSA-N
SP_000413,ADCKHLSRWCXEIY-GGAPOBRUSA-N
SP_000413,ADHKIZQYPQGIRC-ACSKKKSPSA-N
SP_000413,ADHKIZQYPQGIRC-SOZVHHJESA-N
SP_000413,ADHNTNYEJYJUCU-ZSJFXSENSA-N
SP_000413,ADKNUXINKGBJMY-LDLOPFEMSA-N
SP_000413,ADMGMAPZAQUXIR-VRHMUEQPSA-N
SP_000413,ADNSYCXWAHUWTA-SYOMJGEJSA-N
SP_000413,ADSGHWJRPOXXTD-IHWYPQMZSA-M
SP_000413,ADYPMBBPSUQKED-VOLCNUBSSA-N
SP_000413,ADZPFIMEBZGRHB-ILJAMNOWSA-N
SP_000413,AEFNZGGBWOQYID-UHFFFAOYSA-N
SP_000413,AEIJGHDRIPTRQY-UBTAJKBJSA-N
SP_000413,AELFRHHZGTVYGJ-QMMMGPOBSA-N
SP_000413,AEMFNILZOJDQLW-QAGGRKNESA-N
SP_000413,AERBNCYCJBRYDG-UHFFFAOYSA-N
SP_000413,AESBAQNLQIQXNK-BMFSGJJHSA-N
SP_000413,AETXDQTWHNBCRO-QLKFWGTOSA-N
SP_000413,AEWHYWSPVRZHCT-NDZSKPAWSA-N
SP_000413,AEWHYWSPVRZHCT-UHFFFAOYSA-J
SP_000413,AEXNGRVFOMIYOW-ICFOKQHNSA-N
SP_000414,AABKSFWWBUPVNY-NVCPWDGJSA-N
SP_000414,AAFBEFOSCLMOTF-KXBCQOCRSA-N
SP_000414,AAFBEFOSCLMOTF-RRPFJGJLSA-N
SP_000414,AANZTOSGIRNZNM-LNOKNGNPSA-N
SP_000414,AAPGXBRKBIUCMQ-GWHBCOKCSA-N
SP_000414,AAWNBEJOCRYVJE-QNGWXLTQSA-N
SP_000414,AAWZDTNXLSGCEK-UHFFFAOYSA-M
SP_000414,AAXMCYUUKFLUMJ-JSFHAIONSA-N
SP_000414,AAXMCYUUKFLUMJ-TWDRBPDCSA-N
SP_000414,AAZOMBJKSJQDHJ-ZBRBWIFHSA-N
SP_000414,ABBYYPGQJRBTGA-NESBLOORSA-N
SP_000414,ABFJWRKPWCFTQP-JKFVOKSPSA-N
SP_000414,ABFJWRKPWCFTQP-XSMLMOGHSA-N
SP_000414,ABRHOUKZOUNSSK-FVEAQGRNSA-N
SP_000414,ABUKPIBHMMLQDI-RCOVLANCSA-N
SP_000414,ACGLCDJEASKGDO-JSYPMYMJSA-N
SP_000414,ACLPCAOOWJUVLL-DZKYTWFZSA-N
SP_000414,ACLQSYLJAZRTAP-XAFBQJBNSA-N
SP_000414,ACTHNCRNFFCCAQ-PLKVWTDNSA-N
SP_000414,ACTHNCRNFFCCAQ-YNQDZHFMSA-N
SP_000414,ACWQBUSCFPJUPN-HYXAFXHYSA-N
SP_000414,ADCKHLSRWCXEIY-GGAPOBRUSA-N
SP_000414,ADHKIZQYPQGIRC-ACSKKKSPSA-N
SP_000414,ADHKIZQYPQGIRC-SOZVHHJESA-N
SP_000414,ADKNUXINKGBJMY-LDLOPFEMSA-N
SP_000414,ADMGMAPZAQUXIR-VRHMUEQPSA-N
SP_000414,ADNSYCXWAHUWTA-SYOMJGEJSA-N
SP_000414,ADYPMBBPSUQKED-VOLCNUBSSA-N
SP_000414,ADZPFIMEBZGRHB-ILJAMNOWSA-N
SP_000414,AEDBOXCTQDATMF-UHFFFAOYSA-N
SP_000414,AEIJGHDRIPTRQY-UBTAJKBJSA-N
SP_000414,AESBAQNLQIQXNK-BMFSGJJHSA-N
SP_000414,AETXDQTWHNBCRO-QLKFWGTOSA-N
SP_000414,AEXNGRVFOMIYOW-ICFOKQHNSA-N
SP_000414,AFFQVAIMWFYJJS-DTHFMEMVSA-N
SP_000414,AFIGVZAQSPJHEE-ZZSOQTNOSA-N
SP_000414,AFMQYZXPYJFAPA-VXVUXWGWSA-N
SP_000414,AFMQYZXPYJFAPA-WOGGMIHASA-N
SP_000414,AFSGMNCJOAPJOR-GODAVPAZSA-N
SP_000414,AFSHUZFNMVJNKX-LLWMBOQKSA-N
SP_000414,AFWVVPIAVLFQOY-HNCVWURRSA-N
SP_000414,AFWVVPIAVLFQOY-QMNOEWNESA-N
SP_000414,AGBLBGGDMGJYFQ-FIACFBACSA-N
SP_000414,AGBLBGGDMGJYFQ-GKJJFOOMSA-N
SP_000414,AGEDXKMYUUORTP-QLKFWGTOSA-N
SP_000414,AGKVNKMBWJSNKY-ZZEZOPTASA-N
SP_000414,AGXFHKUZXQPREM-SWGBUSHLSA-N
SP_000414,AGXFHKUZXQPREM-VBDNUALRSA-N
SP_000414,AGZKWUAHBZQQNY-KYTQBJKTSA-N
SP_000414,AGZKWUAHBZQQNY-OSOYSHGCSA-N
SP_000415,AAANZTDKTFGJLZ-UHFFFAOYSA-N
SP_000415,AABKSFWWBUPVNY-NVCPWDGJSA-N
SP_000415,AAFBEFOSCLMOTF-KXBCQOCRSA-N
SP_000415,AAFBEFOSCLMOTF-RRPFJGJLSA-N
SP_000415,AAKDPDFZMNYDLR-UHFFFAOYSA-N
SP_000415,AALVUUMVCUHIRJ-UHFFFAOYSA-N
SP_000415,AANMVENRNJYEMK-UHFFFAOYSA-N
SP_000415,AANZTOSGIRNZNM-LNOKNGNPSA-N
SP_000415,AAPBYIVJOWCMGH-HYXAFXHYSA-N
SP_000415,AAPGXBRKBIUCMQ-GWHBCOKCSA-N
SP_000415,AAWNBEJOCRYVJE-QNGWXLTQSA-N
SP_000415,AAWZDTNXLSGCEK-UHFFFAOYSA-M
SP_000415,AAWZDTNXLSGCEK-UHFFFAOYSA-N
SP_000415,AAXMCYUUKFLUMJ-JSFHAIONSA-N
SP_000415,AAXMCYUUKFLUMJ-TWDRBPDCSA-N
SP_000415,AAXYAFFKOSNMEB-MHARETSRSA-N
SP_000415,AAZOMBJKSJQDHJ-ZBRBWIFHSA-N
SP_000415,AAZZVFONLHYNDZ-NVQRUNIKSA-J
SP_000415,ABBYYPGQJRBTGA-NESBLOORSA-N
SP_000415,ABCOOORLYAOBOZ-KQYNXXCUSA-N
SP_000415,ABFJWRKPWCFTQP-JKFVOKSPSA-N
SP_000415,ABFJWRKPWCFTQP-XSMLMOGHSA-N
SP_000415,ABIKEVIWOJTKQS-AARKOHAPSA-N
SP_000415,ABLZXFCXXLZCGV-UHFFFAOYSA-L
SP_000415,ABMDIECEEGFXNC-UHFFFAOYSA-N
SP_000415,ABNDFSOIUFLJAH-UHFFFAOYSA-N
SP_000415,ABRHOUKZOUNSSK-FVEAQGRNSA-N
SP_000415,ABUKPIBHMMLQDI-RCOVLANCSA-N
SP_000415,ACGLCDJEASKGDO-JSYPMYMJSA-N
SP_000415,ACIVVGBVOVHFPQ-RPDRRWSUSA-N
SP_000415,ACLPCAOOWJUVLL-DZKYTWFZSA-N
SP_000415,ACLQSYLJAZRTAP-XAFBQJBNSA-N
SP_000415,ACSIRQPNAYTBRW-VZUYHUTRSA-N
SP_000415,ACTHNCRNFFCCAQ-PLKVWTDNSA-N
SP_000415,ACTHNCRNFFCCAQ-YNQDZHFMSA-N
SP_000415,ACWQBUSCFPJUPN-HYXAFXHYSA-N
SP_000415,ACZVSMNFVFBOTM-UHFFFAOYSA-N
SP_000415,ADCKHLSRWCXEIY-GGAPOBRUSA-N
SP_000415,ADHKIZQYPQGIRC-ACSKKKSPSA-N
SP_000415,ADHKIZQYPQGIRC-SOZVHHJESA-N
SP_000415,ADHNTNYEJYJUCU-ZSJFXSENSA-N
SP_000415,ADKNUXINKGBJMY-LDLOPFEMSA-N
SP_000415,ADMGMAPZAQUXIR-VRHMUEQPSA-N
SP_000415,ADNSYCXWAHUWTA-SYOMJGEJSA-N
SP_000415,ADSGHWJRPOXXTD-IHWYPQMZSA-M
SP_000415,ADUXEKGZLYFWEG-PUJVNBGESA-N
SP_000415,ADYPMBBPSUQKED-VOLCNUBSSA-N
SP_000415,ADZPFIMEBZGRHB-ILJAMNOWSA-N
SP_000415,AEFNZGGBWOQYID-UHFFFAOYSA-N
SP_000415,AEIJGHDRIPTRQY-UBTAJKBJSA-N
SP_000416,AAANZTDKTFGJLZ-UHFFFAOYSA-N
SP_000416,AABKSFWWBUPVNY-NVCPWDGJSA-N
SP_000416,AAFBEFOSCLMOTF-KXBCQOCRSA-N
SP_000416,AAFBEFOSCLMOTF-RRPFJGJLSA-N
SP_000416,AAKDPDFZMNYDLR-UHFFFAOYSA-N
SP_000416,AALVUUMVCUHIRJ-UHFFFAOYSA-N
SP_000416,AANMVENRNJYEMK-UHFFFAOYSA-N
SP_000416,AANZTOSGIRNZNM-LNOKNGNPSA-N
SP_000416,AAPBYIVJOWCMGH-HYXAFXHYSA-N
SP_000416,AAPGXBRKBIUCMQ-GWHBCOKCSA-N
SP_000416,AAWNBEJOCRYVJE-QNGWXLTQSA-N
SP_000416,AAWZDTNXLSGCEK-UHFFFAOYSA-M
SP_000416,AAWZDTNXLSGCEK-UHFFFAOYSA-N
SP_000416,AAXMCYUUKFLUMJ-JSFHAIONSA-N
SP_000416,AAXMCYUUKFLUMJ-TWDRBPDCSA-N
SP_000416,AAXYAFFKOSNMEB-MHARETSRSA-N
SP_000416,AAZOMBJKSJQDHJ-ZBRBWIFHSA-N
SP_000416,AAZZVFONLHYNDZ-NVQRUNIKSA-J
SP_000416,ABBYYPGQJRBTGA-NESBLOORSA-N
SP_000416,ABCOOORLYAOBOZ-KQYNXXCUSA-N
SP_000416,ABFJWRKPWCFTQP-JKFVOKSPSA-N
SP_000416,ABFJWRKPWCFTQP-XSMLMOGHSA-N
SP_000416,ABIKEVIWOJTKQS-AARKOHAPSA-N
SP_000416,ABLZXFCXXLZCGV-UHFFFAOYSA-L
SP_000416,ABMDIECEEGFXNC-UHFFFAOYSA-N
SP_000416,ABNDFSOIUFLJAH-UHFFFAOYSA-N
SP_000416,ABRHOUKZOUNSSK-FVEAQGRNSA-N
SP_000416,ABUKPIBHMMLQDI-RCOVLANCSA-N
SP_000416,ACGLCDJEASKGDO-JSYPMYMJSA-N
SP_000416,ACIVVGBVOVHFPQ-RPDRRWSUSA-N
SP_000416,ACLPCAOOWJUVLL-DZKYTWFZSA-N
SP_000416,ACLQSYLJAZRTAP-XAFBQJBNSA-N
SP_000416,ACSIRQPNAYTBRW-VZUYHUTRSA-N
SP_000416,ACTHNCRNFFCCAQ-PLKVWTDNSA-N
SP_000416,ACTHNCRNFFCCAQ-YNQDZHFMSA-N
SP_000416,ACWQBUSCFPJUPN-HYXAFXHYSA-N
SP_000416,ACZVSMNFVFBOTM-UHFFFAOYSA-N
SP_000416,ADCKHLSRWCXEIY-GGAPOBRUSA-N
SP_000416,ADHKIZQYPQGIRC-ACSKKKSPSA-N
SP_000416,ADHKIZQYPQGIRC-SOZVHHJESA-N
SP_000416,ADHNTNYEJYJUCU-ZSJFXSENSA-N
SP_000416,ADKNUXINKGBJMY-LDLOPFEMSA-N
SP_000416,ADMGMAPZAQUXIR-VRHMUEQPSA-N
SP_000416,ADNSYCXWAHUWTA-SYOMJGEJSA-N
SP_000416,ADSGHWJRPOXXTD-IHWYPQMZSA-M
SP_000416,ADUXEKGZLYFWEG-PUJVNBGESA-N
SP_000416,ADYPMBBPSUQKED-VOLCNUBSSA-N
SP_000416,ADZPFIMEBZGRHB-ILJAMNOWSA-N
SP_000416,AEFNZGGBWOQYID-UHFFFAOYSA-N
SP_000416,AEIJGHDRIPTRQY-UBTAJKBJSA-N
SP_000417,AAEVYOVXGOFMJO-UHFFFAOYSA-N
SP_000417,BIWKXNFEOZXNLX-BBHIFXBUSA-N
SP_000417,BIWKXNFEOZXNLX-SQOYHTLWSA-N
SP_000417,BSQZWSGAKJSBOZ-UHFFFAOYSA-N
SP_000417,CRJHBQFJDHZHGO-QTKXVCRCSA-N
SP_000417,DYOKDAQBNHPJFD-UHFFFAOYSA-N
SP_000417,DYZRQRYBGTXIBN-LXIBMNCBSA-N
SP_000417,GKBLNJXQDMHILB-WBWYXKPPSA-N
SP_000417,HGXBRUKMWQGOIE-UHFFFAOYSA-N
SP_000417,HJALBBWEPPAQQG-AAINFDRGSA-N
SP_000417,IDXHCFMUKBIJQY-HYHKMVTFSA-N
SP_000417,IGABZIVJSNQMPZ-UHFFFAOYSA-N
SP_000417,IPYLQIQMGUZFCK-UHFFFAOYSA-N
SP_000417,KZNIFHPLKGYRTM-UHFFFAOYSA-N
SP_000417,LBAIIYXJLFVTRA-UHFFFAOYSA-N
SP_000417,LVNITLZCNUEXQK-UTJQPWESSA-N
SP_000417,LVYZAJNLNYSPIX-UHFFFAOYSA-N
SP_000417,VPOVFCBNUOUZGG-VVHNFQOZSA-N
SP_000417,WCERJEZPIONOJU-UHFFFAOYSA-N
SP_000417,WJSAFQZKYVRPGM-PABFRNLHSA-N
SP_000417,YAXFVDUJDAQPTJ-UHFFFAOYSA-N
SP_000417,YZBNXQLCEJJXSC-UHFFFAOYSA-N
SP_000417,ZJRZKUMVZLKDPM-HARHXEFRSA-N
SP_000418,AAEVYOVXGOFMJO-UHFFFAOYSA-N
SP_000418,GKBLNJXQDMHILB-WBWYXKPPSA-N
SP_000418,IGABZIVJSNQMPZ-UHFFFAOYSA-N
SP_000419,AAEVYOVXGOFMJO-UHFFFAOYSA-N
SP_000419,GKBLNJXQDMHILB-WBWYXKPPSA-N
SP_000419,IDXHCFMUKBIJQY-HYHKMVTFSA-N
SP_000420,AABKSFWWBUPVNY-NVCPWDGJSA-N
SP_000420,AAFBEFOSCLMOTF-KXBCQOCRSA-N
SP_000420,AAFBEFOSCLMOTF-RRPFJGJLSA-N
SP_000420,AANZTOSGIRNZNM-LNOKNGNPSA-N
SP_000420,AAPGXBRKBIUCMQ-GWHBCOKCSA-N
SP_000420,AAWNBEJOCRYVJE-QNGWXLTQSA-N
SP_000420,AAXMCYUUKFLUMJ-JSFHAIONSA-N
SP_000420,AAXMCYUUKFLUMJ-TWDRBPDCSA-N
SP_000420,AAZOMBJKSJQDHJ-ZBRBWIFHSA-N
SP_000420,ABBYYPGQJRBTGA-NESBLOORSA-N
SP_000420,ABFJWRKPWCFTQP-JKFVOKSPSA-N
SP_000420,ABFJWRKPWCFTQP-XSMLMOGHSA-N
SP_000420,ABRHOUKZOUNSSK-FVEAQGRNSA-N
SP_000420,ABUKPIBHMMLQDI-RCOVLANCSA-N
SP_000420,ACGLCDJEASKGDO-JSYPMYMJSA-N
SP_000420,ACLPCAOOWJUVLL-DZKYTWFZSA-N
SP_000420,ACLQSYLJAZRTAP-XAFBQJBNSA-N
SP_000420,ACTHNCRNFFCCAQ-PLKVWTDNSA-N
SP_000420,ACTHNCRNFFCCAQ-YNQDZHFMSA-N
SP_000420,ADCKHLSRWCXEIY-GGAPOBRUSA-N
SP_000420,ADHKIZQYPQGIRC-ACSKKKSPSA-N
SP_000420,ADHKIZQYPQGIRC-SOZVHHJESA-N
SP_000420,ADKNUXINKGBJMY-LDLOPFEMSA-N
SP_000420,ADMGMAPZAQUXIR-VRHMUEQPSA-N
SP_000420,ADNSYCXWAHUWTA-SYOMJGEJSA-N
SP_000420,ADYPMBBPSUQKED-VOLCNUBSSA-N
SP_000420,ADZPFIMEBZGRHB-ILJAMNOWSA-N
SP_000420,AEIJGHDRIPTRQY-UBTAJKBJSA-N
SP_000420,AESBAQNLQIQXNK-BMFSGJJHSA-N
SP_000420,AETXDQTWHNBCRO-QLKFWGTOSA-N
SP_000420,AEXNGRVFOMIYOW-ICFOKQHNSA-N
SP_000420,AFFQVAIMWFYJJS-DTHFMEMVSA-N
SP_000420,AFIGVZAQSPJHEE-ZZSOQTNOSA-N
SP_000420,AFMQYZXPYJFAPA-VXVUXWGWSA-N
SP_000420,AFMQYZXPYJFAPA-WOGGMIHASA-N
SP_000420,AFSGMNCJOAPJOR-GODAVPAZSA-N
SP_000420,AFSHUZFNMVJNKX-LLWMBOQKSA-N
SP_000420,AFWVVPIAVLFQOY-HNCVWURRSA-N
SP_000420,AFWVVPIAVLFQOY-QMNOEWNESA-N
SP_000420,AGBLBGGDMGJYFQ-FIACFBACSA-N
SP_000420,AGBLBGGDMGJYFQ-GKJJFOOMSA-N
SP_000420,AGEDXKMYUUORTP-QLKFWGTOSA-N
SP_000420,AGKVNKMBWJSNKY-ZZEZOPTASA-N
SP_000420,AGXFHKUZXQPREM-SWGBUSHLSA-N
SP_000420,AGXFHKUZXQPREM-VBDNUALRSA-N
SP_000420,AGZKWUAHBZQQNY-KYTQBJKTSA-N
SP_000420,AGZKWUAHBZQQNY-OSOYSHGCSA-N
SP_000420,AHAUBJRIXRHFSJ-HUESYALOSA-N
SP_000420,AHEPKIJTHGCAOA-HUESYALOSA-N
SP_000420,AHJRMOMBERFRTM-FKRAWKRWSA-N
SP_000421,IUMXYENFRLYSPF-NULKIEFASA-N
SP_000421,LUKBXSAWLPMMSZ-OWOJBTEDSA-N
SP_000421,UJBOOUHRTQVGRU-UHFFFAOYSA-N
SP_000422,AAANZTDKTFGJLZ-UHFFFAOYSA-N
SP_000422,AABKSFWWBUPVNY-NVCPWDGJSA-N
SP_000422,AAFBEFOSCLMOTF-KXBCQOCRSA-N
SP_000422,AAFBEFOSCLMOTF-RRPFJGJLSA-N
SP_000422,AAKDPDFZMNYDLR-UHFFFAOYSA-N
SP_000422,AALVUUMVCUHIRJ-UHFFFAOYSA-N
SP_000422,AANMVENRNJYEMK-UHFFFAOYSA-N
SP_000422,AANZTOSGIRNZNM-LNOKNGNPSA-N
SP_000422,AAPBYIVJOWCMGH-HYXAFXHYSA-N
SP_000422,AAPGXBRKBIUCMQ-GWHBCOKCSA-N
SP_000422,AAWNBEJOCRYVJE-QNGWXLTQSA-N
SP_000422,AAWZDTNXLSGCEK-UHFFFAOYSA-M
SP_000422,AAWZDTNXLSGCEK-UHFFFAOYSA-N
SP_000422,AAXMCYUUKFLUMJ-JSFHAIONSA-N
SP_000422,AAXMCYUUKFLUMJ-TWDRBPDCSA-N
SP_000422,AAXYAFFKOSNMEB-MHARETSRSA-N
SP_000422,AAZOMBJKSJQDHJ-ZBRBWIFHSA-N
SP_000422,AAZZVFONLHYNDZ-NVQRUNIKSA-J
SP_000422,ABBYYPGQJRBTGA-NESBLOORSA-N
SP_000422,ABCOOORLYAOBOZ-KQYNXXCUSA-N
SP_000422,ABFJWRKPWCFTQP-JKFVOKSPSA-N
SP_000422,ABFJWRKPWCFTQP-XSMLMOGHSA-N
SP_000422,ABIKEVIWOJTKQS-AARKOHAPSA-N
SP_000422,ABLZXFCXXLZCGV-UHFFFAOYSA-L
SP_000422,ABMDIECEEGFXNC-UHFFFAOYSA-N
SP_000422,ABNDFSOIUFLJAH-UHFFFAOYSA-N
SP_000422,ABRHOUKZOUNSSK-FVEAQGRNSA-N
SP_000422,ABUKPIBHMMLQDI-RCOVLANCSA-N
SP_000422,ACGLCDJEASKGDO-JSYPMYMJSA-N
SP_000422,ACIVVGBVOVHFPQ-RPDRRWSUSA-N
SP_000422,ACLPCAOOWJUVLL-DZKYTWFZSA-N
SP_000422,ACLQSYLJAZRTAP-XAFBQJBNSA-N
SP_000422,ACSIRQPNAYTBRW-VZUYHUTRSA-N
SP_000422,ACTHNCRNFFCCAQ-PLKVWTDNSA-N
SP_000422,ACTHNCRNFFCCAQ-YNQDZHFMSA-N
SP_000422,ACWQBUSCFPJUPN-HYXAFXHYSA-N
SP_000422,ACZVSMNFVFBOTM-UHFFFAOYSA-N
SP_000422,ADCKHLSRWCXEIY-GGAPOBRUSA-N
SP_000422,ADHKIZQYPQGIRC-ACSKKKSPSA-N
SP_000422,ADHKIZQYPQGIRC-SOZVHHJESA-N
SP_000422,ADHNTNYEJYJUCU-ZSJFXSENSA-N
SP_000422,ADKNUXINKGBJMY-LDLOPFEMSA-N
SP_000422,ADMGMAPZAQUXIR-VRHMUEQPSA-N
SP_000422,ADNSYCXWAHUWTA-SYOMJGEJSA-N
SP_000422,ADSGHWJRPOXXTD-IHWYPQMZSA-M
SP_000422,ADUXEKGZLYFWEG-PUJVNBGESA-N
SP_000422,ADYPMBBPSUQKED-VOLCNUBSSA-N
SP_000422,ADZPFIMEBZGRHB-ILJAMNOWSA-N
SP_000422,AEFNZGGBWOQYID-UHFFFAOYSA-N
SP_000422,AEIJGHDRIPTRQY-UBTAJKBJSA-N
SP_000439,ADHNTNYEJYJUCU-ZSJFXSENSA-N
SP_000439,BATOPAZDIZEVQF-IAROGAJJSA-N
SP_000439,BHPQYMZQTOCNFJ-UHFFFAOYSA-N
SP_000439,CIWBSHSKHKDKBQ-JLAZNSOCSA-N
SP_000439,CZMRCDWAGMRECN-UGDNZRGBSA-N
SP_000439,CZXLHIZQQUJTND-UHFFFAOYSA-N
SP_000439,DHMQDGOQFOQNFH-UHFFFAOYSA-N
SP_000439,DJLTZJGULPLVOA-UHFFFAOYSA-N
SP_000439,DOTJYWQAPHIAIF-UHFFFAOYSA-N
SP_000439,FCGOBISRCUOUQH-UHFFFAOYSA-N
SP_000439,GDBJCCBRRCYCEG-UHFFFAOYSA-N
SP_000439,GVJHHUAWPYXKBD-IEOSBIPESA-N
SP_000439,HUTCYUJPLOTDMX-KEBDBYFISA-N
SP_000439,IIACRCGMVDHOTQ-UHFFFAOYSA-N
SP_000439,IMKHDCBNRDRUEB-UHFFFAOYSA-N
SP_000439,JEKGHHPMLRLCIW-VBVMRKNNSA-N
SP_000439,JGHZJRVDZXSNKQ-UHFFFAOYSA-N
SP_000439,JIWBIWFOSCKQMA-DFARDDQGSA-N
SP_000439,JLQNHALFVCURHW-UHFFFAOYSA-N
SP_000439,JZRWCGZRTZMZEH-UHFFFAOYSA-N
SP_000439,JZVFJDZBLUFKCA-CMDGGOBGSA-N
SP_000439,KBEBGUQPQBELIU-HJWRWDBZSA-N
SP_000439,KCIQZCNOUZCRGH-UHFFFAOYSA-N
SP_000439,KDXKERNSBIXSRK-YFKPBYRVSA-N
SP_000439,KEAYESYHFKHZAL-UHFFFAOYSA-N
SP_000439,KJDZDTDNIULJBE-VAWYXSNFSA-N
SP_000439,KQMVAGISDHMXJJ-UHFFFAOYSA-N
SP_000439,LFQSCWFLJHTTHZ-UHFFFAOYSA-N
SP_000439,LLCYNDRFWDIIQS-WQLSENKSSA-N
SP_000439,LXNHXLLTXMVWPM-UHFFFAOYSA-N
SP_000439,NPYPAHLBTDXSSS-UHFFFAOYSA-N
SP_000439,ODKSFYDXXFIFQN-BYPYZUCNSA-N
SP_000439,OEYIOHPDSNJKLS-UHFFFAOYSA-N
SP_000439,ONIBWKKTOPOVIA-BYPYZUCNSA-N
SP_000439,OUMMPAFEQHTYIZ-UHFFFAOYSA-N
SP_000439,OUYCCCASQSFEME-UHFFFAOYSA-N
SP_000439,OVBPIULPVIDEAO-LBPRGKRZSA-N
SP_000439,PCBSXBYCASFXTM-UHFFFAOYSA-N
SP_000439,PGMBAYKBYBXNNR-UHFFFAOYSA-N
SP_000439,POWISKNFFRUCCW-UHFFFAOYSA-N
SP_000439,PVNIIMVLHYAWGP-UHFFFAOYSA-N
SP_000439,QIVBCDIJIAJPQS-VIFPVBQESA-N
SP_000439,QNAYBMKLOCPYGJ-REOHCLBHSA-N
SP_000439,QYSXJUFSXHHAJI-YRZJJWOYSA-N
SP_000439,ROHFNLRQFUQHCH-UHFFFAOYSA-N
SP_000439,RYYVLZVUVIJVGH-UHFFFAOYSA-N
SP_000439,UQDUPQYQJKYHQI-UHFFFAOYSA-N
SP_000439,VYFYYTLLBUKUHU-UHFFFAOYSA-N
SP_000439,VYGQUTWHTHXGQB-UMNZIDCRSA-N
SP_000439,WEDGVCZUPFZNDE-UHFFFAOYSA-N
SP_000440,AABKSFWWBUPVNY-NVCPWDGJSA-N
SP_000440,AAFBEFOSCLMOTF-KXBCQOCRSA-N
SP_000440,AAFBEFOSCLMOTF-RRPFJGJLSA-N
SP_000440,AANZTOSGIRNZNM-LNOKNGNPSA-N
SP_000440,AAPGXBRKBIUCMQ-GWHBCOKCSA-N
SP_000440,AAWNBEJOCRYVJE-QNGWXLTQSA-N
SP_000440,AAXMCYUUKFLUMJ-JSFHAIONSA-N
SP_000440,AAXMCYUUKFLUMJ-TWDRBPDCSA-N
SP_000440,AAZOMBJKSJQDHJ-ZBRBWIFHSA-N
SP_000440,ABBYYPGQJRBTGA-NESBLOORSA-N
SP_000440,ABFJWRKPWCFTQP-JKFVOKSPSA-N
SP_000440,ABFJWRKPWCFTQP-XSMLMOGHSA-N
SP_000440,ABRHOUKZOUNSSK-FVEAQGRNSA-N
SP_000440,ABUKPIBHMMLQDI-RCOVLANCSA-N
SP_000440,ACGLCDJEASKGDO-JSYPMYMJSA-N
SP_000440,ACLPCAOOWJUVLL-DZKYTWFZSA-N
SP_000440,ACLQSYLJAZRTAP-XAFBQJBNSA-N
SP_000440,ACTHNCRNFFCCAQ-PLKVWTDNSA-N
SP_000440,ACTHNCRNFFCCAQ-YNQDZHFMSA-N
SP_000440,ADCKHLSRWCXEIY-GGAPOBRUSA-N
SP_000440,ADHKIZQYPQGIRC-ACSKKKSPSA-N
SP_000440,ADHKIZQYPQGIRC-SOZVHHJESA-N
SP_000440,ADKNUXINKGBJMY-LDLOPFEMSA-N
SP_000440,ADMGMAPZAQUXIR-VRHMUEQPSA-N
SP_000440,ADNSYCXWAHUWTA-SYOMJGEJSA-N
SP_000440,ADYPMBBPSUQKED-VOLCNUBSSA-N
SP_000440,ADZPFIMEBZGRHB-ILJAMNOWSA-N
SP_000440,AEIJGHDRIPTRQY-UBTAJKBJSA-N
SP_000440,AESBAQNLQIQXNK-BMFSGJJHSA-N
SP_000440,AETXDQTWHNBCRO-QLKFWGTOSA-N
SP_000440,AEXNGRVFOMIYOW-ICFOKQHNSA-N
SP_000440,AFFQVAIMWFYJJS-DTHFMEMVSA-N
SP_000440,AFIGVZAQSPJHEE-ZZSOQTNOSA-N
SP_000440,AFMQYZXPYJFAPA-VXVUXWGWSA-N
SP_000440,AFMQYZXPYJFAPA-WOGGMIHASA-N
SP_000440,AFSGMNCJOAPJOR-GODAVPAZSA-N
SP_000440,AFSHUZFNMVJNKX-LLWMBOQKSA-N
SP_000440,AFWVVPIAVLFQOY-HNCVWURRSA-N
SP_000440,AFWVVPIAVLFQOY-QMNOEWNESA-N
SP_000440,AGBLBGGDMGJYFQ-FIACFBACSA-N
SP_000440,AGBLBGGDMGJYFQ-GKJJFOOMSA-N
SP_000440,AGEDXKMYUUORTP-QLKFWGTOSA-N
SP_000440,AGKVNKMBWJSNKY-ZZEZOPTASA-N
SP_000440,AGXFHKUZXQPREM-SWGBUSHLSA-N
SP_000440,AGXFHKUZXQPREM-VBDNUALRSA-N
SP_000440,AGZKWUAHBZQQNY-KYTQBJKTSA-N
SP_000440,AGZKWUAHBZQQNY-OSOYSHGCSA-N
SP_000440,AHAUBJRIXRHFSJ-HUESYALOSA-N
SP_000440,AHEPKIJTHGCAOA-HUESYALOSA-N
SP_000440,AHJRMOMBERFRTM-FKRAWKRWSA-N
SP_000442,AABKSFWWBUPVNY-NVCPWDGJSA-N
SP_000442,AAFBEFOSCLMOTF-KXBCQOCRSA-N
SP_000442,AAFBEFOSCLMOTF-RRPFJGJLSA-N
SP_000442,AANZTOSGIRNZNM-LNOKNGNPSA-N
SP_000442,AAPGXBRKBIUCMQ-GWHBCOKCSA-N
SP_000442,AAWNBEJOCRYVJE-QNGWXLTQSA-N
SP_000442,AAXMCYUUKFLUMJ-JSFHAIONSA-N
SP_000442,AAXMCYUUKFLUMJ-TWDRBPDCSA-N
SP_000442,AAZOMBJKSJQDHJ-ZBRBWIFHSA-N
SP_000442,ABBYYPGQJRBTGA-NESBLOORSA-N
SP_000442,ABFJWRKPWCFTQP-JKFVOKSPSA-N
SP_000442,ABFJWRKPWCFTQP-XSMLMOGHSA-N
SP_000442,ABRHOUKZOUNSSK-FVEAQGRNSA-N
SP_000442,ABUKPIBHMMLQDI-RCOVLANCSA-N
SP_000442,ACGLCDJEASKGDO-JSYPMYMJSA-N
SP_000442,ACLPCAOOWJUVLL-DZKYTWFZSA-N
SP_000442,ACLQSYLJAZRTAP-XAFBQJBNSA-N
SP_000442,ACTHNCRNFFCCAQ-PLKVWTDNSA-N
SP_000442,ACTHNCRNFFCCAQ-YNQDZHFMSA-N
SP_000442,ADCKHLSRWCXEIY-GGAPOBRUSA-N
SP_000442,ADHKIZQYPQGIRC-ACSKKKSPSA-N
SP_000442,ADHKIZQYPQGIRC-SOZVHHJESA-N
SP_000442,ADKNUXINKGBJMY-LDLOPFEMSA-N
SP_000442,ADMGMAPZAQUXIR-VRHMUEQPSA-N
SP_000442,ADNSYCXWAHUWTA-SYOMJGEJSA-N
SP_000442,ADYPMBBPSUQKED-VOLCNUBSSA-N
SP_000442,ADZPFIMEBZGRHB-ILJAMNOWSA-N
SP_000442,AEIJGHDRIPTRQY-UBTAJKBJSA-N
SP_000442,AESBAQNLQIQXNK-BMFSGJJHSA-N
SP_000442,AETXDQTWHNBCRO-QLKFWGTOSA-N
SP_000442,AEXNGRVFOMIYOW-ICFOKQHNSA-N
SP_000442,AFFQVAIMWFYJJS-DTHFMEMVSA-N
SP_000442,AFIGVZAQSPJHEE-ZZSOQTNOSA-N
SP_000442,AFMQYZXPYJFAPA-VXVUXWGWSA-N
SP_000442,AFMQYZXPYJFAPA-WOGGMIHASA-N
SP_000442,AFSGMNCJOAPJOR-GODAVPAZSA-N
SP_000442,AFSHUZFNMVJNKX-LLWMBOQKSA-N
SP_000442,AFWVVPIAVLFQOY-HNCVWURRSA-N
SP_000442,AFWVVPIAVLFQOY-QMNOEWNESA-N
SP_000442,AGBLBGGDMGJYFQ-FIACFBACSA-N
SP_000442,AGBLBGGDMGJYFQ-GKJJFOOMSA-N
SP_000442,AGEDXKMYUUORTP-QLKFWGTOSA-N
SP_000442,AGKVNKMBWJSNKY-ZZEZOPTASA-N
SP_000442,AGXFHKUZXQPREM-SWGBUSHLSA-N
SP_000442,AGXFHKUZXQPREM-VBDNUALRSA-N
SP_000442,AGZKWUAHBZQQNY-KYTQBJKTSA-N
SP_000442,AGZKWUAHBZQQNY-OSOYSHGCSA-N
SP_000442,AHAUBJRIXRHFSJ-HUESYALOSA-N
SP_000442,AHEPKIJTHGCAOA-HUESYALOSA-N
SP_000442,AHJRMOMBERFRTM-FKRAWKRWSA-N
SP_000443,AABKSFWWBUPVNY-NVCPWDGJSA-N
SP_000443,AAFBEFOSCLMOTF-KXBCQOCRSA-N
SP_000443,AAFBEFOSCLMOTF-RRPFJGJLSA-N
SP_000443,AANZTOSGIRNZNM-LNOKNGNPSA-N
SP_000443,AAPGXBRKBIUCMQ-GWHBCOKCSA-N
SP_000443,AAWNBEJOCRYVJE-QNGWXLTQSA-N
SP_000443,AAXMCYUUKFLUMJ-JSFHAIONSA-N
SP_000443,AAXMCYUUKFLUMJ-TWDRBPDCSA-N
SP_000443,AAZOMBJKSJQDHJ-ZBRBWIFHSA-N
SP_000443,ABBYYPGQJRBTGA-NESBLOORSA-N
SP_000443,ABFJWRKPWCFTQP-JKFVOKSPSA-N
SP_000443,ABFJWRKPWCFTQP-XSMLMOGHSA-N
SP_000443,ABRHOUKZOUNSSK-FVEAQGRNSA-N
SP_000443,ABUKPIBHMMLQDI-RCOVLANCSA-N
SP_000443,ACGLCDJEASKGDO-JSYPMYMJSA-N
SP_000443,ACLPCAOOWJUVLL-DZKYTWFZSA-N
SP_000443,ACLQSYLJAZRTAP-XAFBQJBNSA-N
SP_000443,ACTHNCRNFFCCAQ-PLKVWTDNSA-N
SP_000443,ACTHNCRNFFCCAQ-YNQDZHFMSA-N
SP_000443,ADCKHLSRWCXEIY-GGAPOBRUSA-N
SP_000443,ADHKIZQYPQGIRC-ACSKKKSPSA-N
SP_000443,ADHKIZQYPQGIRC-SOZVHHJESA-N
SP_000443,ADKNUXINKGBJMY-LDLOPFEMSA-N
SP_000443,ADMGMAPZAQUXIR-VRHMUEQPSA-N
SP_000443,ADNSYCXWAHUWTA-SYOMJGEJSA-N
SP_000443,ADYPMBBPSUQKED-VOLCNUBSSA-N
SP_000443,ADZPFIMEBZGRHB-ILJAMNOWSA-N
SP_000443,AEIJGHDRIPTRQY-UBTAJKBJSA-N
SP_000443,AESBAQNLQIQXNK-BMFSGJJHSA-N
SP_000443,AETXDQTWHNBCRO-QLKFWGTOSA-N
SP_000443,AEXNGRVFOMIYOW-ICFOKQHNSA-N
SP_000443,AFFQVAIMWFYJJS-DTHFMEMVSA-N
SP_000443,AFIGVZAQSPJHEE-ZZSOQTNOSA-N
SP_000443,AFMQYZXPYJFAPA-VXVUXWGWSA-N
SP_000443,AFMQYZXPYJFAPA-WOGGMIHASA-N
SP_000443,AFSGMNCJOAPJOR-GODAVPAZSA-N
SP_000443,AFSHUZFNMVJNKX-LLWMBOQKSA-N
SP_000443,AFWVVPIAVLFQOY-HNCVWURRSA-N
SP_000443,AFWVVPIAVLFQOY-QMNOEWNESA-N
SP_000443,AGBLBGGDMGJYFQ-FIACFBACSA-N
SP_000443,AGBLBGGDMGJYFQ-GKJJFOOMSA-N
SP_000443,AGEDXKMYUUORTP-QLKFWGTOSA-N
SP_000443,AGKVNKMBWJSNKY-ZZEZOPTASA-N
SP_000443,AGXFHKUZXQPREM-SWGBUSHLSA-N
SP_000443,AGXFHKUZXQPREM-VBDNUALRSA-N
SP_000443,AGZKWUAHBZQQNY-KYTQBJKTSA-N
SP_000443,AGZKWUAHBZQQNY-OSOYSHGCSA-N
SP_000443,AHAUBJRIXRHFSJ-HUESYALOSA-N
SP_000443,AHEPKIJTHGCAOA-HUESYALOSA-N
SP_000443,AHJRMOMBERFRTM-FKRAWKRWSA-N
SP_000444,AABKSFWWBUPVNY-NVCPWDGJSA-N
SP_000444,AAFBEFOSCLMOTF-KXBCQOCRSA-N
SP_000444,AAFBEFOSCLMOTF-RRPFJGJLSA-N
SP_000444,AANZTOSGIRNZNM-LNOKNGNPSA-N
SP_000444,AAPGXBRKBIUCMQ-GWHBCOKCSA-N
SP_000444,AAWNBEJOCRYVJE-QNGWXLTQSA-N
SP_000444,AAXMCYUUKFLUMJ-JSFHAIONSA-N
SP_000444,AAXMCYUUKFLUMJ-TWDRBPDCSA-N
SP_000444,AAZOMBJKSJQDHJ-ZBRBWIFHSA-N
SP_000444,ABBYYPGQJRBTGA-NESBLOORSA-N
SP_000444,ABFJWRKPWCFTQP-JKFVOKSPSA-N
SP_000444,ABFJWRKPWCFTQP-XSMLMOGHSA-N
SP_000444,ABRHOUKZOUNSSK-FVEAQGRNSA-N
SP_000444,ABUKPIBHMMLQDI-RCOVLANCSA-N
SP_000444,ACGLCDJEASKGDO-JSYPMYMJSA-N
SP_000444,ACLPCAOOWJUVLL-DZKYTWFZSA-N
SP_000444,ACLQSYLJAZRTAP-XAFBQJBNSA-N
SP_000444,ACTHNCRNFFCCAQ-PLKVWTDNSA-N
SP_000444,ACTHNCRNFFCCAQ-YNQDZHFMSA-N
SP_000444,ADCKHLSRWCXEIY-GGAPOBRUSA-N
SP_000444,ADHKIZQYPQGIRC-ACSKKKSPSA-N
SP_000444,ADHKIZQYPQGIRC-SOZVHHJESA-N
SP_000444,ADKNUXINKGBJMY-LDLOPFEMSA-N
SP_000444,ADMGMAPZAQUXIR-VRHMUEQPSA-N
SP_000444,ADNSYCXWAHUWTA-SYOMJGEJSA-N
SP_000444,ADYPMBBPSUQKED-VOLCNUBSSA-N
SP_000444,ADZPFIMEBZGRHB-ILJAMNOWSA-N
SP_000444,AEIJGHDRIPTRQY-UBTAJKBJSA-N
SP_000444,AESBAQNLQIQXNK-BMFSGJJHSA-N
SP_000444,AETXDQTWHNBCRO-QLKFWGTOSA-N
SP_000444,AEXNGRVFOMIYOW-ICFOKQHNSA-N
SP_000444,AFFQVAIMWFYJJS-DTHFMEMVSA-N
SP_000444,AFIGVZAQSPJHEE-ZZSOQTNOSA-N
SP_000444,AFMQYZXPYJFAPA-VXVUXWGWSA-N
SP_000444,AFMQYZXPYJFAPA-WOGGMIHASA-N
SP_000444,AFSGMNCJOAPJOR-GODAVPAZSA-N
SP_000444,AFSHUZFNMVJNKX-LLWMBOQKSA-N
SP_000444,AFWVVPIAVLFQOY-HNCVWURRSA-N
SP_000444,AFWVVPIAVLFQOY-QMNOEWNESA-N
SP_000444,AGBLBGGDMGJYFQ-FIACFBACSA-N
SP_000444,AGBLBGGDMGJYFQ-GKJJFOOMSA-N
SP_000444,AGEDXKMYUUORTP-QLKFWGTOSA-N
SP_000444,AGKVNKMBWJSNKY-ZZEZOPTASA-N
SP_000444,AGXFHKUZXQPREM-SWGBUSHLSA-N
SP_000444,AGXFHKUZXQPREM-VBDNUALRSA-N
SP_000444,AGZKWUAHBZQQNY-KYTQBJKTSA-N
SP_000444,AGZKWUAHBZQQNY-OSOYSHGCSA-N
SP_000444,AHAUBJRIXRHFSJ-HUESYALOSA-N
SP_000444,AHEPKIJTHGCAOA-HUESYALOSA-N
SP_000444,AHJRMOMBERFRTM-FKRAWKRWSA-N
SP_000446,AABKSFWWBUPVNY-NVCPWDGJSA-N
SP_000446,AAFBEFOSCLMOTF-KXBCQOCRSA-N
SP_000446,AAFBEFOSCLMOTF-RRPFJGJLSA-N
SP_000446,AANMVENRNJYEMK-UHFFFAOYSA-N
SP_000446,AANZTOSGIRNZNM-LNOKNGNPSA-N
SP_000446,AAPGXBRKBIUCMQ-GWHBCOKCSA-N
SP_000446,AAWNBEJOCRYVJE-QNGWXLTQSA-N
SP_000446,AAWZDTNXLSGCEK-UHFFFAOYSA-M
SP_000446,AAXMCYUUKFLUMJ-JSFHAIONSA-N
SP_000446,AAXMCYUUKFLUMJ-TWDRBPDCSA-N
SP_000446,AAXYAFFKOSNMEB-MHARETSRSA-N
SP_000446,AAZOMBJKSJQDHJ-ZBRBWIFHSA-N
SP_000446,AAZZVFONLHYNDZ-NVQRUNIKSA-J
SP_000446,ABBYYPGQJRBTGA-NESBLOORSA-N
SP_000446,ABCOOORLYAOBOZ-KQYNXXCUSA-N
SP_000446,ABFHVQPVDSMGNR-UHFFFAOYSA-N
SP_000446,ABFJWRKPWCFTQP-JKFVOKSPSA-N
SP_000446,ABFJWRKPWCFTQP-XSMLMOGHSA-N
SP_000446,ABIKEVIWOJTKQS-AARKOHAPSA-N
SP_000446,ABLZXFCXXLZCGV-UHFFFAOYSA-L
SP_000446,ABRHOUKZOUNSSK-FVEAQGRNSA-N
SP_000446,ABUKPIBHMMLQDI-RCOVLANCSA-N
SP_000446,ACGLCDJEASKGDO-JSYPMYMJSA-N
SP_000446,ACIVVGBVOVHFPQ-RPDRRWSUSA-N
SP_000446,ACLPCAOOWJUVLL-DZKYTWFZSA-N
SP_000446,ACLQSYLJAZRTAP-XAFBQJBNSA-N
SP_000446,ACSIRQPNAYTBRW-VZUYHUTRSA-N
SP_000446,ACTHNCRNFFCCAQ-PLKVWTDNSA-N
SP_000446,ACTHNCRNFFCCAQ-YNQDZHFMSA-N
SP_000446,ACTVOSXZOZQENN-UHFFFAOYSA-N
SP_000446,ACWQBUSCFPJUPN-HYXAFXHYSA-N
SP_000446,ACZVSMNFVFBOTM-UHFFFAOYSA-N
SP_000446,ADCKHLSRWCXEIY-GGAPOBRUSA-N
SP_000446,ADHKIZQYPQGIRC-ACSKKKSPSA-N
SP_000446,ADHKIZQYPQGIRC-SOZVHHJESA-N
SP_000446,ADKNUXINKGBJMY-LDLOPFEMSA-N
SP_000446,ADMGMAPZAQUXIR-VRHMUEQPSA-N
SP_000446,ADNSYCXWAHUWTA-SYOMJGEJSA-N
SP_000446,ADSGHWJRPOXXTD-IHWYPQMZSA-M
SP_000446,ADYPMBBPSUQKED-VOLCNUBSSA-N
SP_000446,ADZPFIMEBZGRHB-ILJAMNOWSA-N
SP_000446,AEDBOXCTQDATMF-UHFFFAOYSA-N
SP_000446,AEFNZGGBWOQYID-UHFFFAOYSA-N
SP_000446,AEIJGHDRIPTRQY-UBTAJKBJSA-N
SP_000446,AELFRHHZGTVYGJ-QMMMGPOBSA-N
SP_000446,AEMFNILZOJDQLW-QAGGRKNESA-N
SP_000446,AERBNCYCJBRYDG-UHFFFAOYSA-N
SP_000446,AESBAQNLQIQXNK-BMFSGJJHSA-N
SP_000446,AETXDQTWHNBCRO-QLKFWGTOSA-N
SP_000446,AEWHYWSPVRZHCT-NDZSKPAWSA-N
SP_000447,AABKSFWWBUPVNY-NVCPWDGJSA-N
SP_000447,AAFBEFOSCLMOTF-KXBCQOCRSA-N
SP_000447,AAFBEFOSCLMOTF-RRPFJGJLSA-N
SP_000447,AANMVENRNJYEMK-UHFFFAOYSA-N
SP_000447,AANZTOSGIRNZNM-LNOKNGNPSA-N
SP_000447,AAPGXBRKBIUCMQ-GWHBCOKCSA-N
SP_000447,AAWNBEJOCRYVJE-QNGWXLTQSA-N
SP_000447,AAWZDTNXLSGCEK-UHFFFAOYSA-M
SP_000447,AAXMCYUUKFLUMJ-JSFHAIONSA-N
SP_000447,AAXMCYUUKFLUMJ-TWDRBPDCSA-N
SP_000447,AAXYAFFKOSNMEB-MHARETSRSA-N
SP_000447,AAZOMBJKSJQDHJ-ZBRBWIFHSA-N
SP_000447,AAZZVFONLHYNDZ-NVQRUNIKSA-J
SP_000447,ABBYYPGQJRBTGA-NESBLOORSA-N
SP_000447,ABCOOORLYAOBOZ-KQYNXXCUSA-N
SP_000447,ABFHVQPVDSMGNR-UHFFFAOYSA-N
SP_000447,ABFJWRKPWCFTQP-JKFVOKSPSA-N
SP_000447,ABFJWRKPWCFTQP-XSMLMOGHSA-N
SP_000447,ABIKEVIWOJTKQS-AARKOHAPSA-N
SP_000447,ABLZXFCXXLZCGV-UHFFFAOYSA-L
SP_000447,ABRHOUKZOUNSSK-FVEAQGRNSA-N
SP_000447,ABUKPIBHMMLQDI-RCOVLANCSA-N
SP_000447,ACGLCDJEASKGDO-JSYPMYMJSA-N
SP_000447,ACIVVGBVOVHFPQ-RPDRRWSUSA-N
SP_000447,ACLPCAOOWJUVLL-DZKYTWFZSA-N
SP_000447,ACLQSYLJAZRTAP-XAFBQJBNSA-N
SP_000447,ACSIRQPNAYTBRW-VZUYHUTRSA-N
SP_000447,ACTHNCRNFFCCAQ-PLKVWTDNSA-N
SP_000447,ACTHNCRNFFCCAQ-YNQDZHFMSA-N
SP_000447,ACTVOSXZOZQENN-UHFFFAOYSA-N
SP_000447,ACWQBUSCFPJUPN-HYXAFXHYSA-N
SP_000447,ACZVSMNFVFBOTM-UHFFFAOYSA-N
SP_000447,ADCKHLSRWCXEIY-GGAPOBRUSA-N
SP_000447,ADHKIZQYPQGIRC-ACSKKKSPSA-N
SP_000447,ADHKIZQYPQGIRC-SOZVHHJESA-N
SP_000447,ADKNUXINKGBJMY-LDLOPFEMSA-N
SP_000447,ADMGMAPZAQUXIR-VRHMUEQPSA-N
SP_000447,ADNSYCXWAHUWTA-SYOMJGEJSA-N
SP_000447,ADSGHWJRPOXXTD-IHWYPQMZSA-M
SP_000447,ADYPMBBPSUQKED-VOLCNUBSSA-N
SP_000447,ADZPFIMEBZGRHB-ILJAMNOWSA-N
SP_000447,AEDBOXCTQDATMF-UHFFFAOYSA-N
SP_000447,AEFNZGGBWOQYID-UHFFFAOYSA-N
SP_000447,AEIJGHDRIPTRQY-UBTAJKBJSA-N
SP_000447,AELFRHHZGTVYGJ-QMMMGPOBSA-N
SP_000447,AEMFNILZOJDQLW-QAGGRKNESA-N
SP_000447,AERBNCYCJBRYDG-UHFFFAOYSA-N
SP_000447,AESBAQNLQIQXNK-BMFSGJJHSA-N
SP_000447,AETXDQTWHNBCRO-QLKFWGTOSA-N
SP_000447,AEWHYWSPVRZHCT-NDZSKPAWSA-N
SP_000448,AABKSFWWBUPVNY-NVCPWDGJSA-N
SP_000448,AAFBEFOSCLMOTF-KXBCQOCRSA-N
SP_000448,AAFBEFOSCLMOTF-RRPFJGJLSA-N
SP_000448,AANZTOSGIRNZNM-LNOKNGNPSA-N
SP_000448,AAPGXBRKBIUCMQ-GWHBCOKCSA-N
SP_000448,AAWNBEJOCRYVJE-QNGWXLTQSA-N
SP_000448,AAXMCYUUKFLUMJ-JSFHAIONSA-N
SP_000448,AAXMCYUUKFLUMJ-TWDRBPDCSA-N
SP_000448,AAZOMBJKSJQDHJ-ZBRBWIFHSA-N
SP_000448,ABBYYPGQJRBTGA-NESBLOORSA-N
SP_000448,ABFJWRKPWCFTQP-JKFVOKSPSA-N
SP_000448,ABFJWRKPWCFTQP-XSMLMOGHSA-N
SP_000448,ABRHOUKZOUNSSK-FVEAQGRNSA-N
SP_000448,ABUKPIBHMMLQDI-RCOVLANCSA-N
SP_000448,ACGLCDJEASKGDO-JSYPMYMJSA-N
SP_000448,ACLPCAOOWJUVLL-DZKYTWFZSA-N
SP_000448,ACLQSYLJAZRTAP-XAFBQJBNSA-N
SP_000448,ACTHNCRNFFCCAQ-PLKVWTDNSA-N
SP_000448,ACTHNCRNFFCCAQ-YNQDZHFMSA-N
SP_000448,ADCKHLSRWCXEIY-GGAPOBRUSA-N
SP_000448,ADHKIZQYPQGIRC-ACSKKKSPSA-N
SP_000448,ADHKIZQYPQGIRC-SOZVHHJESA-N
SP_000448,ADKNUXINKGBJMY-LDLOPFEMSA-N
SP_000448,ADMGMAPZAQUXIR-VRHMUEQPSA-N
SP_000448,ADNSYCXWAHUWTA-SYOMJGEJSA-N
SP_000448,ADYPMBBPSUQKED-VOLCNUBSSA-N
SP_000448,ADZPFIMEBZGRHB-ILJAMNOWSA-N
SP_000448,AEIJGHDRIPTRQY-UBTAJKBJSA-N
SP_000448,AESBAQNLQIQXNK-BMFSGJJHSA-N
SP_000448,AETXDQTWHNBCRO-QLKFWGTOSA-N
SP_000448,AEXNGRVFOMIYOW-ICFOKQHNSA-N
SP_000448,AFFQVAIMWFYJJS-DTHFMEMVSA-N
SP_000448,AFIGVZAQSPJHEE-ZZSOQTNOSA-N
SP_000448,AFMQYZXPYJFAPA-VXVUXWGWSA-N
SP_000448,AFMQYZXPYJFAPA-WOGGMIHASA-N
SP_000448,AFSGMNCJOAPJOR-GODAVPAZSA-N
SP_000448,AFSHUZFNMVJNKX-LLWMBOQKSA-N
SP_000448,AFWVVPIAVLFQOY-HNCVWURRSA-N
SP_000448,AFWVVPIAVLFQOY-QMNOEWNESA-N
SP_000448,AGBLBGGDMGJYFQ-FIACFBACSA-N
SP_000448,AGBLBGGDMGJYFQ-GKJJFOOMSA-N
SP_000448,AGEDXKMYUUORTP-QLKFWGTOSA-N
SP_000448,AGKVNKMBWJSNKY-ZZEZOPTASA-N
SP_000448,AGXFHKUZXQPREM-SWGBUSHLSA-N
SP_000448,AGXFHKUZXQPREM-VBDNUALRSA-N
SP_000448,AGZKWUAHBZQQNY-KYTQBJKTSA-N
SP_000448,AGZKWUAHBZQQNY-OSOYSHGCSA-N
SP_000448,AHAUBJRIXRHFSJ-HUESYALOSA-N
SP_000448,AHEPKIJTHGCAOA-HUESYALOSA-N
SP_000448,AHJRMOMBERFRTM-FKRAWKRWSA-N
SP_000449,AABKSFWWBUPVNY-NVCPWDGJSA-N
SP_000449,AAFBEFOSCLMOTF-KXBCQOCRSA-N
SP_000449,AAFBEFOSCLMOTF-RRPFJGJLSA-N
SP_000449,AANZTOSGIRNZNM-LNOKNGNPSA-N
SP_000449,AAPGXBRKBIUCMQ-GWHBCOKCSA-N
SP_000449,AAWNBEJOCRYVJE-QNGWXLTQSA-N
SP_000449,AAXMCYUUKFLUMJ-JSFHAIONSA-N
SP_000449,AAXMCYUUKFLUMJ-TWDRBPDCSA-N
SP_000449,AAZOMBJKSJQDHJ-ZBRBWIFHSA-N
SP_000449,ABBYYPGQJRBTGA-NESBLOORSA-N
SP_000449,ABFJWRKPWCFTQP-JKFVOKSPSA-N
SP_000449,ABFJWRKPWCFTQP-XSMLMOGHSA-N
SP_000449,ABRHOUKZOUNSSK-FVEAQGRNSA-N
SP_000449,ABUKPIBHMMLQDI-RCOVLANCSA-N
SP_000449,ACGLCDJEASKGDO-JSYPMYMJSA-N
SP_000449,ACLPCAOOWJUVLL-DZKYTWFZSA-N
SP_000449,ACLQSYLJAZRTAP-XAFBQJBNSA-N
SP_000449,ACTHNCRNFFCCAQ-PLKVWTDNSA-N
SP_000449,ACTHNCRNFFCCAQ-YNQDZHFMSA-N
SP_000449,ADCKHLSRWCXEIY-GGAPOBRUSA-N
SP_000449,ADHKIZQYPQGIRC-ACSKKKSPSA-N
SP_000449,ADHKIZQYPQGIRC-SOZVHHJESA-N
SP_000449,ADKNUXINKGBJMY-LDLOPFEMSA-N
SP_000449,ADMGMAPZAQUXIR-VRHMUEQPSA-N
SP_000449,ADNSYCXWAHUWTA-SYOMJGEJSA-N
SP_000449,ADYPMBBPSUQKED-VOLCNUBSSA-N
SP_000449,ADZPFIMEBZGRHB-ILJAMNOWSA-N
SP_000449,AEIJGHDRIPTRQY-UBTAJKBJSA-N
SP_000449,AESBAQNLQIQXNK-BMFSGJJHSA-N
SP_000449,AETXDQTWHNBCRO-QLKFWGTOSA-N
SP_000449,AEXNGRVFOMIYOW-ICFOKQHNSA-N
SP_000449,AFFQVAIMWFYJJS-DTHFMEMVSA-N
SP_000449,AFIGVZAQSPJHEE-ZZSOQTNOSA-N
SP_000449,AFMQYZXPYJFAPA-VXVUXWGWSA-N
SP_000449,AFMQYZXPYJFAPA-WOGGMIHASA-N
SP_000449,AFSGMNCJOAPJOR-GODAVPAZSA-N
SP_000449,AFSHUZFNMVJNKX-LLWMBOQKSA-N
SP_000449,AFWVVPIAVLFQOY-HNCVWURRSA-N
SP_000449,AFWVVPIAVLFQOY-QMNOEWNESA-N
SP_000449,AGBLBGGDMGJYFQ-FIACFBACSA-N
SP_000449,AGBLBGGDMGJYFQ-GKJJFOOMSA-N
SP_000449,AGEDXKMYUUORTP-QLKFWGTOSA-N
SP_000449,AGKVNKMBWJSNKY-ZZEZOPTASA-N
SP_000449,AGXFHKUZXQPREM-SWGBUSHLSA-N
SP_000449,AGXFHKUZXQPREM-VBDNUALRSA-N
SP_000449,AGZKWUAHBZQQNY-KYTQBJKTSA-N
SP_000449,AGZKWUAHBZQQNY-OSOYSHGCSA-N
SP_000449,AHAUBJRIXRHFSJ-HUESYALOSA-N
SP_000449,AHEPKIJTHGCAOA-HUESYALOSA-N
SP_000449,AHJRMOMBERFRTM-FKRAWKRWSA-N
SP_000450,AABKSFWWBUPVNY-NVCPWDGJSA-N
SP_000450,AAFBEFOSCLMOTF-KXBCQOCRSA-N
SP_000450,AAFBEFOSCLMOTF-RRPFJGJLSA-N
SP_000450,AANZTOSGIRNZNM-LNOKNGNPSA-N
SP_000450,AAPGXBRKBIUCMQ-GWHBCOKCSA-N
SP_000450,AAWNBEJOCRYVJE-QNGWXLTQSA-N
SP_000450,AAXMCYUUKFLUMJ-JSFHAIONSA-N
SP_000450,AAXMCYUUKFLUMJ-TWDRBPDCSA-N
SP_000450,AAZOMBJKSJQDHJ-ZBRBWIFHSA-N
SP_000450,ABBYYPGQJRBTGA-NESBLOORSA-N
SP_000450,ABFJWRKPWCFTQP-JKFVOKSPSA-N
SP_000450,ABFJWRKPWCFTQP-XSMLMOGHSA-N
SP_000450,ABRHOUKZOUNSSK-FVEAQGRNSA-N
SP_000450,ABUKPIBHMMLQDI-RCOVLANCSA-N
SP_000450,ACGLCDJEASKGDO-JSYPMYMJSA-N
SP_000450,ACLPCAOOWJUVLL-DZKYTWFZSA-N
SP_000450,ACLQSYLJAZRTAP-XAFBQJBNSA-N
SP_000450,ACTHNCRNFFCCAQ-PLKVWTDNSA-N
SP_000450,ACTHNCRNFFCCAQ-YNQDZHFMSA-N
SP_000450,ADCKHLSRWCXEIY-GGAPOBRUSA-N
SP_000450,ADHKIZQYPQGIRC-ACSKKKSPSA-N
SP_000450,ADHKIZQYPQGIRC-SOZVHHJESA-N
SP_000450,ADKNUXINKGBJMY-LDLOPFEMSA-N
SP_000450,ADMGMAPZAQUXIR-VRHMUEQPSA-N
SP_000450,ADNSYCXWAHUWTA-SYOMJGEJSA-N
SP_000450,ADYPMBBPSUQKED-VOLCNUBSSA-N
SP_000450,ADZPFIMEBZGRHB-ILJAMNOWSA-N
SP_000450,AEIJGHDRIPTRQY-UBTAJKBJSA-N
SP_000450,AESBAQNLQIQXNK-BMFSGJJHSA-N
SP_000450,AETXDQTWHNBCRO-QLKFWGTOSA-N
SP_000450,AEXNGRVFOMIYOW-ICFOKQHNSA-N
SP_000450,AFFQVAIMWFYJJS-DTHFMEMVSA-N
SP_000450,AFIGVZAQSPJHEE-ZZSOQTNOSA-N
SP_000450,AFMQYZXPYJFAPA-VXVUXWGWSA-N
SP_000450,AFMQYZXPYJFAPA-WOGGMIHASA-N
SP_000450,AFSGMNCJOAPJOR-GODAVPAZSA-N
SP_000450,AFSHUZFNMVJNKX-LLWMBOQKSA-N
SP_000450,AFWVVPIAVLFQOY-HNCVWURRSA-N
SP_000450,AFWVVPIAVLFQOY-QMNOEWNESA-N
SP_000450,AGBLBGGDMGJYFQ-FIACFBACSA-N
SP_000450,AGBLBGGDMGJYFQ-GKJJFOOMSA-N
SP_000450,AGEDXKMYUUORTP-QLKFWGTOSA-N
SP_000450,AGKVNKMBWJSNKY-ZZEZOPTASA-N
SP_000450,AGXFHKUZXQPREM-SWGBUSHLSA-N
SP_000450,AGXFHKUZXQPREM-VBDNUALRSA-N
SP_000450,AGZKWUAHBZQQNY-KYTQBJKTSA-N
SP_000450,AGZKWUAHBZQQNY-OSOYSHGCSA-N
SP_000450,AHAUBJRIXRHFSJ-HUESYALOSA-N
SP_000450,AHEPKIJTHGCAOA-HUESYALOSA-N
SP_000450,AHJRMOMBERFRTM-FKRAWKRWSA-N
SP_000451,AABKSFWWBUPVNY-NVCPWDGJSA-N
SP_000451,AAFBEFOSCLMOTF-KXBCQOCRSA-N
SP_000451,AAFBEFOSCLMOTF-RRPFJGJLSA-N
SP_000451,AANZTOSGIRNZNM-LNOKNGNPSA-N
SP_000451,AAPGXBRKBIUCMQ-GWHBCOKCSA-N
SP_000451,AAWNBEJOCRYVJE-QNGWXLTQSA-N
SP_000451,AAXMCYUUKFLUMJ-JSFHAIONSA-N
SP_000451,AAXMCYUUKFLUMJ-TWDRBPDCSA-N
SP_000451,AAZOMBJKSJQDHJ-ZBRBWIFHSA-N
SP_000451,ABBYYPGQJRBTGA-NESBLOORSA-N
SP_000451,ABFJWRKPWCFTQP-JKFVOKSPSA-N
SP_000451,ABFJWRKPWCFTQP-XSMLMOGHSA-N
SP_000451,ABRHOUKZOUNSSK-FVEAQGRNSA-N
SP_000451,ABUKPIBHMMLQDI-RCOVLANCSA-N
SP_000451,ACGLCDJEASKGDO-JSYPMYMJSA-N
SP_000451,ACLPCAOOWJUVLL-DZKYTWFZSA-N
SP_000451,ACLQSYLJAZRTAP-XAFBQJBNSA-N
SP_000451,ACTHNCRNFFCCAQ-PLKVWTDNSA-N
SP_000451,ACTHNCRNFFCCAQ-YNQDZHFMSA-N
SP_000451,ADCKHLSRWCXEIY-GGAPOBRUSA-N
SP_000451,ADHKIZQYPQGIRC-ACSKKKSPSA-N
SP_000451,ADHKIZQYPQGIRC-SOZVHHJESA-N
SP_000451,ADKNUXINKGBJMY-LDLOPFEMSA-N
SP_000451,ADMGMAPZAQUXIR-VRHMUEQPSA-N
SP_000451,ADNSYCXWAHUWTA-SYOMJGEJSA-N
SP_000451,ADYPMBBPSUQKED-VOLCNUBSSA-N
SP_000451,ADZPFIMEBZGRHB-ILJAMNOWSA-N
SP_000451,AEIJGHDRIPTRQY-UBTAJKBJSA-N
SP_000451,AESBAQNLQIQXNK-BMFSGJJHSA-N
SP_000451,AETXDQTWHNBCRO-QLKFWGTOSA-N
SP_000451,AEXNGRVFOMIYOW-ICFOKQHNSA-N
SP_000451,AFFQVAIMWFYJJS-DTHFMEMVSA-N
SP_000451,AFIGVZAQSPJHEE-ZZSOQTNOSA-N
SP_000451,AFMQYZXPYJFAPA-VXVUXWGWSA-N
SP_000451,AFMQYZXPYJFAPA-WOGGMIHASA-N
SP_000451,AFSGMNCJOAPJOR-GODAVPAZSA-N
SP_000451,AFSHUZFNMVJNKX-LLWMBOQKSA-N
SP_000451,AFWVVPIAVLFQOY-HNCVWURRSA-N
SP_000451,AFWVVPIAVLFQOY-QMNOEWNESA-N
SP_000451,AGBLBGGDMGJYFQ-FIACFBACSA-N
SP_000451,AGBLBGGDMGJYFQ-GKJJFOOMSA-N
SP_000451,AGEDXKMYUUORTP-QLKFWGTOSA-N
SP_000451,AGKVNKMBWJSNKY-ZZEZOPTASA-N
SP_000451,AGXFHKUZXQPREM-SWGBUSHLSA-N
SP_000451,AGXFHKUZXQPREM-VBDNUALRSA-N
SP_000451,AGZKWUAHBZQQNY-KYTQBJKTSA-N
SP_000451,AGZKWUAHBZQQNY-OSOYSHGCSA-N
SP_000451,AHAUBJRIXRHFSJ-HUESYALOSA-N
SP_000451,AHEPKIJTHGCAOA-HUESYALOSA-N
SP_000451,AHJRMOMBERFRTM-FKRAWKRWSA-N
SP_000452,AABKSFWWBUPVNY-NVCPWDGJSA-N
SP_000452,AAFBEFOSCLMOTF-KXBCQOCRSA-N
SP_000452,AAFBEFOSCLMOTF-RRPFJGJLSA-N
SP_000452,AANZTOSGIRNZNM-LNOKNGNPSA-N
SP_000452,AAPGXBRKBIUCMQ-GWHBCOKCSA-N
SP_000452,AAWNBEJOCRYVJE-QNGWXLTQSA-N
SP_000452,AAXMCYUUKFLUMJ-JSFHAIONSA-N
SP_000452,AAXMCYUUKFLUMJ-TWDRBPDCSA-N
SP_000452,AAZOMBJKSJQDHJ-ZBRBWIFHSA-N
SP_000452,ABBYYPGQJRBTGA-NESBLOORSA-N
SP_000452,ABFJWRKPWCFTQP-JKFVOKSPSA-N
SP_000452,ABFJWRKPWCFTQP-XSMLMOGHSA-N
SP_000452,ABRHOUKZOUNSSK-FVEAQGRNSA-N
SP_000452,ABUKPIBHMMLQDI-RCOVLANCSA-N
SP_000452,ACGLCDJEASKGDO-JSYPMYMJSA-N
SP_000452,ACLPCAOOWJUVLL-DZKYTWFZSA-N
SP_000452,ACLQSYLJAZRTAP-XAFBQJBNSA-N
SP_000452,ACTHNCRNFFCCAQ-PLKVWTDNSA-N
SP_000452,ACTHNCRNFFCCAQ-YNQDZHFMSA-N
SP_000452,ADCKHLSRWCXEIY-GGAPOBRUSA-N
SP_000452,ADHKIZQYPQGIRC-ACSKKKSPSA-N
SP_000452,ADHKIZQYPQGIRC-SOZVHHJESA-N
SP_000452,ADKNUXINKGBJMY-LDLOPFEMSA-N
SP_000452,ADMGMAPZAQUXIR-VRHMUEQPSA-N
SP_000452,ADNSYCXWAHUWTA-SYOMJGEJSA-N
SP_000452,ADYPMBBPSUQKED-VOLCNUBSSA-N
SP_000452,ADZPFIMEBZGRHB-ILJAMNOWSA-N
SP_000452,AEIJGHDRIPTRQY-UBTAJKBJSA-N
SP_000452,AESBAQNLQIQXNK-BMFSGJJHSA-N
SP_000452,AETXDQTWHNBCRO-QLKFWGTOSA-N
SP_000452,AEXNGRVFOMIYOW-ICFOKQHNSA-N
SP_000452,AFFQVAIMWFYJJS-DTHFMEMVSA-N
SP_000452,AFIGVZAQSPJHEE-ZZSOQTNOSA-N
SP_000452,AFMQYZXPYJFAPA-VXVUXWGWSA-N
SP_000452,AFMQYZXPYJFAPA-WOGGMIHASA-N
SP_000452,AFSGMNCJOAPJOR-GODAVPAZSA-N
SP_000452,AFSHUZFNMVJNKX-LLWMBOQKSA-N
SP_000452,AFWVVPIAVLFQOY-HNCVWURRSA-N
SP_000452,AFWVVPIAVLFQOY-QMNOEWNESA-N
SP_000452,AGBLBGGDMGJYFQ-FIACFBACSA-N
SP_000452,AGBLBGGDMGJYFQ-GKJJFOOMSA-N
SP_000452,AGEDXKMYUUORTP-QLKFWGTOSA-N
SP_000452,AGKVNKMBWJSNKY-ZZEZOPTASA-N
SP_000452,AGXFHKUZXQPREM-SWGBUSHLSA-N
SP_000452,AGXFHKUZXQPREM-VBDNUALRSA-N
SP_000452,AGZKWUAHBZQQNY-KYTQBJKTSA-N
SP_000452,AGZKWUAHBZQQNY-OSOYSHGCSA-N
SP_000452,AHAUBJRIXRHFSJ-HUESYALOSA-N
SP_000452,AHEPKIJTHGCAOA-HUESYALOSA-N
SP_000452,AHJRMOMBERFRTM-FKRAWKRWSA-N
SP_000453,AABKSFWWBUPVNY-NVCPWDGJSA-N
SP_000453,AAFBEFOSCLMOTF-KXBCQOCRSA-N
SP_000453,AAFBEFOSCLMOTF-RRPFJGJLSA-N
SP_000453,AANZTOSGIRNZNM-LNOKNGNPSA-N
SP_000453,AAPGXBRKBIUCMQ-GWHBCOKCSA-N
SP_000453,AAWNBEJOCRYVJE-QNGWXLTQSA-N
SP_000453,AAXMCYUUKFLUMJ-JSFHAIONSA-N
SP_000453,AAXMCYUUKFLUMJ-TWDRBPDCSA-N
SP_000453,AAZOMBJKSJQDHJ-ZBRBWIFHSA-N
SP_000453,ABBYYPGQJRBTGA-NESBLOORSA-N
SP_000453,ABFJWRKPWCFTQP-JKFVOKSPSA-N
SP_000453,ABFJWRKPWCFTQP-XSMLMOGHSA-N
SP_000453,ABRHOUKZOUNSSK-FVEAQGRNSA-N
SP_000453,ABUKPIBHMMLQDI-RCOVLANCSA-N
SP_000453,ACGLCDJEASKGDO-JSYPMYMJSA-N
SP_000453,ACLPCAOOWJUVLL-DZKYTWFZSA-N
SP_000453,ACLQSYLJAZRTAP-XAFBQJBNSA-N
SP_000453,ACTHNCRNFFCCAQ-PLKVWTDNSA-N
SP_000453,ACTHNCRNFFCCAQ-YNQDZHFMSA-N
SP_000453,ADCKHLSRWCXEIY-GGAPOBRUSA-N
SP_000453,ADHKIZQYPQGIRC-ACSKKKSPSA-N
SP_000453,ADHKIZQYPQGIRC-SOZVHHJESA-N
SP_000453,ADKNUXINKGBJMY-LDLOPFEMSA-N
SP_000453,ADMGMAPZAQUXIR-VRHMUEQPSA-N
SP_000453,ADNSYCXWAHUWTA-SYOMJGEJSA-N
SP_000453,ADYPMBBPSUQKED-VOLCNUBSSA-N
SP_000453,ADZPFIMEBZGRHB-ILJAMNOWSA-N
SP_000453,AEIJGHDRIPTRQY-UBTAJKBJSA-N
SP_000453,AESBAQNLQIQXNK-BMFSGJJHSA-N
SP_000453,AETXDQTWHNBCRO-QLKFWGTOSA-N
SP_000453,AEXNGRVFOMIYOW-ICFOKQHNSA-N
SP_000453,AFFQVAIMWFYJJS-DTHFMEMVSA-N
SP_000453,AFIGVZAQSPJHEE-ZZSOQTNOSA-N
SP_000453,AFMQYZXPYJFAPA-VXVUXWGWSA-N
SP_000453,AFMQYZXPYJFAPA-WOGGMIHASA-N
SP_000453,AFSGMNCJOAPJOR-GODAVPAZSA-N
SP_000453,AFSHUZFNMVJNKX-LLWMBOQKSA-N
SP_000453,AFWVVPIAVLFQOY-HNCVWURRSA-N
SP_000453,AFWVVPIAVLFQOY-QMNOEWNESA-N
SP_000453,AGBLBGGDMGJYFQ-FIACFBACSA-N
SP_000453,AGBLBGGDMGJYFQ-GKJJFOOMSA-N
SP_000453,AGEDXKMYUUORTP-QLKFWGTOSA-N
SP_000453,AGKVNKMBWJSNKY-ZZEZOPTASA-N
SP_000453,AGXFHKUZXQPREM-SWGBUSHLSA-N
SP_000453,AGXFHKUZXQPREM-VBDNUALRSA-N
SP_000453,AGZKWUAHBZQQNY-KYTQBJKTSA-N
SP_000453,AGZKWUAHBZQQNY-OSOYSHGCSA-N
SP_000453,AHAUBJRIXRHFSJ-HUESYALOSA-N
SP_000453,AHEPKIJTHGCAOA-HUESYALOSA-N
SP_000453,AHJRMOMBERFRTM-FKRAWKRWSA-N
SP_000454,AABKSFWWBUPVNY-NVCPWDGJSA-N
SP_000454,AAFBEFOSCLMOTF-KXBCQOCRSA-N
SP_000454,AAFBEFOSCLMOTF-RRPFJGJLSA-N
SP_000454,AANZTOSGIRNZNM-LNOKNGNPSA-N
SP_000454,AAPGXBRKBIUCMQ-GWHBCOKCSA-N
SP_000454,AAWNBEJOCRYVJE-QNGWXLTQSA-N
SP_000454,AAXMCYUUKFLUMJ-JSFHAIONSA-N
SP_000454,AAXMCYUUKFLUMJ-TWDRBPDCSA-N
SP_000454,AAZOMBJKSJQDHJ-ZBRBWIFHSA-N
SP_000454,ABBYYPGQJRBTGA-NESBLOORSA-N
SP_000454,ABFJWRKPWCFTQP-JKFVOKSPSA-N
SP_000454,ABFJWRKPWCFTQP-XSMLMOGHSA-N
SP_000454,ABRHOUKZOUNSSK-FVEAQGRNSA-N
SP_000454,ABUKPIBHMMLQDI-RCOVLANCSA-N
SP_000454,ACGLCDJEASKGDO-JSYPMYMJSA-N
SP_000454,ACLPCAOOWJUVLL-DZKYTWFZSA-N
SP_000454,ACLQSYLJAZRTAP-XAFBQJBNSA-N
SP_000454,ACTHNCRNFFCCAQ-PLKVWTDNSA-N
SP_000454,ACTHNCRNFFCCAQ-YNQDZHFMSA-N
SP_000454,ADCKHLSRWCXEIY-GGAPOBRUSA-N
SP_000454,ADHKIZQYPQGIRC-ACSKKKSPSA-N
SP_000454,ADHKIZQYPQGIRC-SOZVHHJESA-N
SP_000454,ADKNUXINKGBJMY-LDLOPFEMSA-N
SP_000454,ADMGMAPZAQUXIR-VRHMUEQPSA-N
SP_000454,ADNSYCXWAHUWTA-SYOMJGEJSA-N
SP_000454,ADYPMBBPSUQKED-VOLCNUBSSA-N
SP_000454,ADZPFIMEBZGRHB-ILJAMNOWSA-N
SP_000454,AEIJGHDRIPTRQY-UBTAJKBJSA-N
SP_000454,AESBAQNLQIQXNK-BMFSGJJHSA-N
SP_000454,AETXDQTWHNBCRO-QLKFWGTOSA-N
SP_000454,AEXNGRVFOMIYOW-ICFOKQHNSA-N
SP_000454,AFFQVAIMWFYJJS-DTHFMEMVSA-N
SP_000454,AFIGVZAQSPJHEE-ZZSOQTNOSA-N
SP_000454,AFMQYZXPYJFAPA-VXVUXWGWSA-N
SP_000454,AFMQYZXPYJFAPA-WOGGMIHASA-N
SP_000454,AFSGMNCJOAPJOR-GODAVPAZSA-N
SP_000454,AFSHUZFNMVJNKX-LLWMBOQKSA-N
SP_000454,AFWVVPIAVLFQOY-HNCVWURRSA-N
SP_000454,AFWVVPIAVLFQOY-QMNOEWNESA-N
SP_000454,AGBLBGGDMGJYFQ-FIACFBACSA-N
SP_000454,AGBLBGGDMGJYFQ-GKJJFOOMSA-N
SP_000454,AGEDXKMYUUORTP-QLKFWGTOSA-N
SP_000454,AGKVNKMBWJSNKY-ZZEZOPTASA-N
SP_000454,AGXFHKUZXQPREM-SWGBUSHLSA-N
SP_000454,AGXFHKUZXQPREM-VBDNUALRSA-N
SP_000454,AGZKWUAHBZQQNY-KYTQBJKTSA-N
SP_000454,AGZKWUAHBZQQNY-OSOYSHGCSA-N
SP_000454,AHAUBJRIXRHFSJ-HUESYALOSA-N
SP_000454,AHEPKIJTHGCAOA-HUESYALOSA-N
SP_000454,AHJRMOMBERFRTM-FKRAWKRWSA-N
SP_000455,AABKSFWWBUPVNY-NVCPWDGJSA-N
SP_000455,AAFBEFOSCLMOTF-KXBCQOCRSA-N
SP_000455,AAFBEFOSCLMOTF-RRPFJGJLSA-N
SP_000455,AANZTOSGIRNZNM-LNOKNGNPSA-N
SP_000455,AAPGXBRKBIUCMQ-GWHBCOKCSA-N
SP_000455,AAWNBEJOCRYVJE-QNGWXLTQSA-N
SP_000455,AAXMCYUUKFLUMJ-JSFHAIONSA-N
SP_000455,AAXMCYUUKFLUMJ-TWDRBPDCSA-N
SP_000455,AAZOMBJKSJQDHJ-ZBRBWIFHSA-N
SP_000455,ABBYYPGQJRBTGA-NESBLOORSA-N
SP_000455,ABFJWRKPWCFTQP-JKFVOKSPSA-N
SP_000455,ABFJWRKPWCFTQP-XSMLMOGHSA-N
SP_000455,ABRHOUKZOUNSSK-FVEAQGRNSA-N
SP_000455,ABUKPIBHMMLQDI-RCOVLANCSA-N
SP_000455,ACGLCDJEASKGDO-JSYPMYMJSA-N
SP_000455,ACLPCAOOWJUVLL-DZKYTWFZSA-N
SP_000455,ACLQSYLJAZRTAP-XAFBQJBNSA-N
SP_000455,ACTHNCRNFFCCAQ-PLKVWTDNSA-N
SP_000455,ACTHNCRNFFCCAQ-YNQDZHFMSA-N
SP_000455,ADCKHLSRWCXEIY-GGAPOBRUSA-N
SP_000455,ADHKIZQYPQGIRC-ACSKKKSPSA-N
SP_000455,ADHKIZQYPQGIRC-SOZVHHJESA-N
SP_000455,ADKNUXINKGBJMY-LDLOPFEMSA-N
SP_000455,ADMGMAPZAQUXIR-VRHMUEQPSA-N
SP_000455,ADNSYCXWAHUWTA-SYOMJGEJSA-N
SP_000455,ADYPMBBPSUQKED-VOLCNUBSSA-N
SP_000455,ADZPFIMEBZGRHB-ILJAMNOWSA-N
SP_000455,AEIJGHDRIPTRQY-UBTAJKBJSA-N
SP_000455,AESBAQNLQIQXNK-BMFSGJJHSA-N
SP_000455,AETXDQTWHNBCRO-QLKFWGTOSA-N
SP_000455,AEXNGRVFOMIYOW-ICFOKQHNSA-N
SP_000455,AFFQVAIMWFYJJS-DTHFMEMVSA-N
SP_000455,AFIGVZAQSPJHEE-ZZSOQTNOSA-N
SP_000455,AFMQYZXPYJFAPA-VXVUXWGWSA-N
SP_000455,AFMQYZXPYJFAPA-WOGGMIHASA-N
SP_000455,AFSGMNCJOAPJOR-GODAVPAZSA-N
SP_000455,AFSHUZFNMVJNKX-LLWMBOQKSA-N
SP_000455,AFWVVPIAVLFQOY-HNCVWURRSA-N
SP_000455,AFWVVPIAVLFQOY-QMNOEWNESA-N
SP_000455,AGBLBGGDMGJYFQ-FIACFBACSA-N
SP_000455,AGBLBGGDMGJYFQ-GKJJFOOMSA-N
SP_000455,AGEDXKMYUUORTP-QLKFWGTOSA-N
SP_000455,AGKVNKMBWJSNKY-ZZEZOPTASA-N
SP_000455,AGXFHKUZXQPREM-SWGBUSHLSA-N
SP_000455,AGXFHKUZXQPREM-VBDNUALRSA-N
SP_000455,AGZKWUAHBZQQNY-KYTQBJKTSA-N
SP_000455,AGZKWUAHBZQQNY-OSOYSHGCSA-N
SP_000455,AHAUBJRIXRHFSJ-HUESYALOSA-N
SP_000455,AHEPKIJTHGCAOA-HUESYALOSA-N
SP_000455,AHJRMOMBERFRTM-FKRAWKRWSA-N
SP_000456,AABKSFWWBUPVNY-NVCPWDGJSA-N
SP_000456,AAFBEFOSCLMOTF-KXBCQOCRSA-N
SP_000456,AAFBEFOSCLMOTF-RRPFJGJLSA-N
SP_000456,AANZTOSGIRNZNM-LNOKNGNPSA-N
SP_000456,AAPGXBRKBIUCMQ-GWHBCOKCSA-N
SP_000456,AAWNBEJOCRYVJE-QNGWXLTQSA-N
SP_000456,AAXMCYUUKFLUMJ-JSFHAIONSA-N
SP_000456,AAXMCYUUKFLUMJ-TWDRBPDCSA-N
SP_000456,AAZOMBJKSJQDHJ-ZBRBWIFHSA-N
SP_000456,ABBYYPGQJRBTGA-NESBLOORSA-N
SP_000456,ABFJWRKPWCFTQP-JKFVOKSPSA-N
SP_000456,ABFJWRKPWCFTQP-XSMLMOGHSA-N
SP_000456,ABRHOUKZOUNSSK-FVEAQGRNSA-N
SP_000456,ABUKPIBHMMLQDI-RCOVLANCSA-N
SP_000456,ACGLCDJEASKGDO-JSYPMYMJSA-N
SP_000456,ACLPCAOOWJUVLL-DZKYTWFZSA-N
SP_000456,ACLQSYLJAZRTAP-XAFBQJBNSA-N
SP_000456,ACTHNCRNFFCCAQ-PLKVWTDNSA-N
SP_000456,ACTHNCRNFFCCAQ-YNQDZHFMSA-N
SP_000456,ADCKHLSRWCXEIY-GGAPOBRUSA-N
SP_000456,ADHKIZQYPQGIRC-ACSKKKSPSA-N
SP_000456,ADHKIZQYPQGIRC-SOZVHHJESA-N
SP_000456,ADKNUXINKGBJMY-LDLOPFEMSA-N
SP_000456,ADMGMAPZAQUXIR-VRHMUEQPSA-N
SP_000456,ADNSYCXWAHUWTA-SYOMJGEJSA-N
SP_000456,ADYPMBBPSUQKED-VOLCNUBSSA-N
SP_000456,ADZPFIMEBZGRHB-ILJAMNOWSA-N
SP_000456,AEIJGHDRIPTRQY-UBTAJKBJSA-N
SP_000456,AESBAQNLQIQXNK-BMFSGJJHSA-N
SP_000456,AETXDQTWHNBCRO-QLKFWGTOSA-N
SP_000456,AEXNGRVFOMIYOW-ICFOKQHNSA-N
SP_000456,AFFQVAIMWFYJJS-DTHFMEMVSA-N
SP_000456,AFIGVZAQSPJHEE-ZZSOQTNOSA-N
SP_000456,AFMQYZXPYJFAPA-VXVUXWGWSA-N
SP_000456,AFMQYZXPYJFAPA-WOGGMIHASA-N
SP_000456,AFSGMNCJOAPJOR-GODAVPAZSA-N
SP_000456,AFSHUZFNMVJNKX-LLWMBOQKSA-N
SP_000456,AFWVVPIAVLFQOY-HNCVWURRSA-N
SP_000456,AFWVVPIAVLFQOY-QMNOEWNESA-N
SP_000456,AGBLBGGDMGJYFQ-FIACFBACSA-N
SP_000456,AGBLBGGDMGJYFQ-GKJJFOOMSA-N
SP_000456,AGEDXKMYUUORTP-QLKFWGTOSA-N
SP_000456,AGKVNKMBWJSNKY-ZZEZOPTASA-N
SP_000456,AGXFHKUZXQPREM-SWGBUSHLSA-N
SP_000456,AGXFHKUZXQPREM-VBDNUALRSA-N
SP_000456,AGZKWUAHBZQQNY-KYTQBJKTSA-N
SP_000456,AGZKWUAHBZQQNY-OSOYSHGCSA-N
SP_000456,AHAUBJRIXRHFSJ-HUESYALOSA-N
SP_000456,AHEPKIJTHGCAOA-HUESYALOSA-N
SP_000456,AHJRMOMBERFRTM-FKRAWKRWSA-N
SP_000457,AABKSFWWBUPVNY-NVCPWDGJSA-N
SP_000457,AAFBEFOSCLMOTF-KXBCQOCRSA-N
SP_000457,AAFBEFOSCLMOTF-RRPFJGJLSA-N
SP_000457,AANZTOSGIRNZNM-LNOKNGNPSA-N
SP_000457,AAPGXBRKBIUCMQ-GWHBCOKCSA-N
SP_000457,AAWNBEJOCRYVJE-QNGWXLTQSA-N
SP_000457,AAXMCYUUKFLUMJ-JSFHAIONSA-N
SP_000457,AAXMCYUUKFLUMJ-TWDRBPDCSA-N
SP_000457,AAZOMBJKSJQDHJ-ZBRBWIFHSA-N
SP_000457,ABBYYPGQJRBTGA-NESBLOORSA-N
SP_000457,ABFJWRKPWCFTQP-JKFVOKSPSA-N
SP_000457,ABFJWRKPWCFTQP-XSMLMOGHSA-N
SP_000457,ABRHOUKZOUNSSK-FVEAQGRNSA-N
SP_000457,ABUKPIBHMMLQDI-RCOVLANCSA-N
SP_000457,ACGLCDJEASKGDO-JSYPMYMJSA-N
SP_000457,ACLPCAOOWJUVLL-DZKYTWFZSA-N
SP_000457,ACLQSYLJAZRTAP-XAFBQJBNSA-N
SP_000457,ACTHNCRNFFCCAQ-PLKVWTDNSA-N
SP_000457,ACTHNCRNFFCCAQ-YNQDZHFMSA-N
SP_000457,ADCKHLSRWCXEIY-GGAPOBRUSA-N
SP_000457,ADHKIZQYPQGIRC-ACSKKKSPSA-N
SP_000457,ADHKIZQYPQGIRC-SOZVHHJESA-N
SP_000457,ADKNUXINKGBJMY-LDLOPFEMSA-N
SP_000457,ADMGMAPZAQUXIR-VRHMUEQPSA-N
SP_000457,ADNSYCXWAHUWTA-SYOMJGEJSA-N
SP_000457,ADYPMBBPSUQKED-VOLCNUBSSA-N
SP_000457,ADZPFIMEBZGRHB-ILJAMNOWSA-N
SP_000457,AEIJGHDRIPTRQY-UBTAJKBJSA-N
SP_000457,AESBAQNLQIQXNK-BMFSGJJHSA-N
SP_000457,AETXDQTWHNBCRO-QLKFWGTOSA-N
SP_000457,AEXNGRVFOMIYOW-ICFOKQHNSA-N
SP_000457,AFFQVAIMWFYJJS-DTHFMEMVSA-N
SP_000457,AFIGVZAQSPJHEE-ZZSOQTNOSA-N
SP_000457,AFMQYZXPYJFAPA-VXVUXWGWSA-N
SP_000457,AFMQYZXPYJFAPA-WOGGMIHASA-N
SP_000457,AFSGMNCJOAPJOR-GODAVPAZSA-N
SP_000457,AFSHUZFNMVJNKX-LLWMBOQKSA-N
SP_000457,AFWVVPIAVLFQOY-HNCVWURRSA-N
SP_000457,AFWVVPIAVLFQOY-QMNOEWNESA-N
SP_000457,AGBLBGGDMGJYFQ-FIACFBACSA-N
SP_000457,AGBLBGGDMGJYFQ-GKJJFOOMSA-N
SP_000457,AGEDXKMYUUORTP-QLKFWGTOSA-N
SP_000457,AGKVNKMBWJSNKY-ZZEZOPTASA-N
SP_000457,AGXFHKUZXQPREM-SWGBUSHLSA-N
SP_000457,AGXFHKUZXQPREM-VBDNUALRSA-N
SP_000457,AGZKWUAHBZQQNY-KYTQBJKTSA-N
SP_000457,AGZKWUAHBZQQNY-OSOYSHGCSA-N
SP_000457,AHAUBJRIXRHFSJ-HUESYALOSA-N
SP_000457,AHEPKIJTHGCAOA-HUESYALOSA-N
SP_000457,AHJRMOMBERFRTM-FKRAWKRWSA-N
SP_000458,AABKSFWWBUPVNY-NVCPWDGJSA-N
SP_000458,AAFBEFOSCLMOTF-KXBCQOCRSA-N
SP_000458,AAFBEFOSCLMOTF-RRPFJGJLSA-N
SP_000458,AANZTOSGIRNZNM-LNOKNGNPSA-N
SP_000458,AAPGXBRKBIUCMQ-GWHBCOKCSA-N
SP_000458,AAWNBEJOCRYVJE-QNGWXLTQSA-N
SP_000458,AAXMCYUUKFLUMJ-JSFHAIONSA-N
SP_000458,AAXMCYUUKFLUMJ-TWDRBPDCSA-N
SP_000458,AAZOMBJKSJQDHJ-ZBRBWIFHSA-N
SP_000458,ABBYYPGQJRBTGA-NESBLOORSA-N
SP_000458,ABFJWRKPWCFTQP-JKFVOKSPSA-N
SP_000458,ABFJWRKPWCFTQP-XSMLMOGHSA-N
SP_000458,ABRHOUKZOUNSSK-FVEAQGRNSA-N
SP_000458,ABUKPIBHMMLQDI-RCOVLANCSA-N
SP_000458,ACGLCDJEASKGDO-JSYPMYMJSA-N
SP_000458,ACLPCAOOWJUVLL-DZKYTWFZSA-N
SP_000458,ACLQSYLJAZRTAP-XAFBQJBNSA-N
SP_000458,ACTHNCRNFFCCAQ-PLKVWTDNSA-N
SP_000458,ACTHNCRNFFCCAQ-YNQDZHFMSA-N
SP_000458,ADCKHLSRWCXEIY-GGAPOBRUSA-N
SP_000458,ADHKIZQYPQGIRC-ACSKKKSPSA-N
SP_000458,ADHKIZQYPQGIRC-SOZVHHJESA-N
SP_000458,ADKNUXINKGBJMY-LDLOPFEMSA-N
SP_000458,ADMGMAPZAQUXIR-VRHMUEQPSA-N
SP_000458,ADNSYCXWAHUWTA-SYOMJGEJSA-N
SP_000458,ADYPMBBPSUQKED-VOLCNUBSSA-N
SP_000458,ADZPFIMEBZGRHB-ILJAMNOWSA-N
SP_000458,AEIJGHDRIPTRQY-UBTAJKBJSA-N
SP_000458,AESBAQNLQIQXNK-BMFSGJJHSA-N
SP_000458,AETXDQTWHNBCRO-QLKFWGTOSA-N
SP_000458,AEXNGRVFOMIYOW-ICFOKQHNSA-N
SP_000458,AFFQVAIMWFYJJS-DTHFMEMVSA-N
SP_000458,AFIGVZAQSPJHEE-ZZSOQTNOSA-N
SP_000458,AFMQYZXPYJFAPA-VXVUXWGWSA-N
SP_000458,AFMQYZXPYJFAPA-WOGGMIHASA-N
SP_000458,AFSGMNCJOAPJOR-GODAVPAZSA-N
SP_000458,AFSHUZFNMVJNKX-LLWMBOQKSA-N
SP_000458,AFWVVPIAVLFQOY-HNCVWURRSA-N
SP_000458,AFWVVPIAVLFQOY-QMNOEWNESA-N
SP_000458,AGBLBGGDMGJYFQ-FIACFBACSA-N
SP_000458,AGBLBGGDMGJYFQ-GKJJFOOMSA-N
SP_000458,AGEDXKMYUUORTP-QLKFWGTOSA-N
SP_000458,AGKVNKMBWJSNKY-ZZEZOPTASA-N
SP_000458,AGXFHKUZXQPREM-SWGBUSHLSA-N
SP_000458,AGXFHKUZXQPREM-VBDNUALRSA-N
SP_000458,AGZKWUAHBZQQNY-KYTQBJKTSA-N
SP_000458,AGZKWUAHBZQQNY-OSOYSHGCSA-N
SP_000458,AHAUBJRIXRHFSJ-HUESYALOSA-N
SP_000458,AHEPKIJTHGCAOA-HUESYALOSA-N
SP_000458,AHJRMOMBERFRTM-FKRAWKRWSA-N
SP_000459,AABKSFWWBUPVNY-NVCPWDGJSA-N
SP_000459,AAFBEFOSCLMOTF-KXBCQOCRSA-N
SP_000459,AAFBEFOSCLMOTF-RRPFJGJLSA-N
SP_000459,AANZTOSGIRNZNM-LNOKNGNPSA-N
SP_000459,AAPGXBRKBIUCMQ-GWHBCOKCSA-N
SP_000459,AAWNBEJOCRYVJE-QNGWXLTQSA-N
SP_000459,AAXMCYUUKFLUMJ-JSFHAIONSA-N
SP_000459,AAXMCYUUKFLUMJ-TWDRBPDCSA-N
SP_000459,AAZOMBJKSJQDHJ-ZBRBWIFHSA-N
SP_000459,ABBYYPGQJRBTGA-NESBLOORSA-N
SP_000459,ABFJWRKPWCFTQP-JKFVOKSPSA-N
SP_000459,ABFJWRKPWCFTQP-XSMLMOGHSA-N
SP_000459,ABRHOUKZOUNSSK-FVEAQGRNSA-N
SP_000459,ABUKPIBHMMLQDI-RCOVLANCSA-N
SP_000459,ACGLCDJEASKGDO-JSYPMYMJSA-N
SP_000459,ACLPCAOOWJUVLL-DZKYTWFZSA-N
SP_000459,ACLQSYLJAZRTAP-XAFBQJBNSA-N
SP_000459,ACTHNCRNFFCCAQ-PLKVWTDNSA-N
SP_000459,ACTHNCRNFFCCAQ-YNQDZHFMSA-N
SP_000459,ADCKHLSRWCXEIY-GGAPOBRUSA-N
SP_000459,ADHKIZQYPQGIRC-ACSKKKSPSA-N
SP_000459,ADHKIZQYPQGIRC-SOZVHHJESA-N
SP_000459,ADKNUXINKGBJMY-LDLOPFEMSA-N
SP_000459,ADMGMAPZAQUXIR-VRHMUEQPSA-N
SP_000459,ADNSYCXWAHUWTA-SYOMJGEJSA-N
SP_000459,ADYPMBBPSUQKED-VOLCNUBSSA-N
SP_000459,ADZPFIMEBZGRHB-ILJAMNOWSA-N
SP_000459,AEIJGHDRIPTRQY-UBTAJKBJSA-N
SP_000459,AESBAQNLQIQXNK-BMFSGJJHSA-N
SP_000459,AETXDQTWHNBCRO-QLKFWGTOSA-N
SP_000459,AEXNGRVFOMIYOW-ICFOKQHNSA-N
SP_000459,AFFQVAIMWFYJJS-DTHFMEMVSA-N
SP_000459,AFIGVZAQSPJHEE-ZZSOQTNOSA-N
SP_000459,AFMQYZXPYJFAPA-VXVUXWGWSA-N
SP_000459,AFMQYZXPYJFAPA-WOGGMIHASA-N
SP_000459,AFSGMNCJOAPJOR-GODAVPAZSA-N
SP_000459,AFSHUZFNMVJNKX-LLWMBOQKSA-N
SP_000459,AFWVVPIAVLFQOY-HNCVWURRSA-N
SP_000459,AFWVVPIAVLFQOY-QMNOEWNESA-N
SP_000459,AGBLBGGDMGJYFQ-FIACFBACSA-N
SP_000459,AGBLBGGDMGJYFQ-GKJJFOOMSA-N
SP_000459,AGEDXKMYUUORTP-QLKFWGTOSA-N
SP_000459,AGKVNKMBWJSNKY-ZZEZOPTASA-N
SP_000459,AGXFHKUZXQPREM-SWGBUSHLSA-N
SP_000459,AGXFHKUZXQPREM-VBDNUALRSA-N
SP_000459,AGZKWUAHBZQQNY-KYTQBJKTSA-N
SP_000459,AGZKWUAHBZQQNY-OSOYSHGCSA-N
SP_000459,AHAUBJRIXRHFSJ-HUESYALOSA-N
SP_000459,AHEPKIJTHGCAOA-HUESYALOSA-N
SP_000459,AHJRMOMBERFRTM-FKRAWKRWSA-N
SP_000460,AAANZTDKTFGJLZ-UHFFFAOYSA-N
SP_000460,AABKSFWWBUPVNY-NVCPWDGJSA-N
SP_000460,AAFBEFOSCLMOTF-KXBCQOCRSA-N
SP_000460,AAFBEFOSCLMOTF-RRPFJGJLSA-N
SP_000460,AAKDPDFZMNYDLR-UHFFFAOYSA-N
SP_000460,AALVUUMVCUHIRJ-UHFFFAOYSA-N
SP_000460,AANMVENRNJYEMK-UHFFFAOYSA-N
SP_000460,AANZTOSGIRNZNM-LNOKNGNPSA-N
SP_000460,AAPBYIVJOWCMGH-HYXAFXHYSA-N
SP_000460,AAPGXBRKBIUCMQ-GWHBCOKCSA-N
SP_000460,AAWNBEJOCRYVJE-QNGWXLTQSA-N
SP_000460,AAWZDTNXLSGCEK-UHFFFAOYSA-M
SP_000460,AAWZDTNXLSGCEK-UHFFFAOYSA-N
SP_000460,AAXMCYUUKFLUMJ-JSFHAIONSA-N
SP_000460,AAXMCYUUKFLUMJ-TWDRBPDCSA-N
SP_000460,AAXYAFFKOSNMEB-MHARETSRSA-N
SP_000460,AAZOMBJKSJQDHJ-ZBRBWIFHSA-N
SP_000460,AAZZVFONLHYNDZ-NVQRUNIKSA-J
SP_000460,ABBYYPGQJRBTGA-NESBLOORSA-N
SP_000460,ABCOOORLYAOBOZ-KQYNXXCUSA-N
SP_000460,ABFJWRKPWCFTQP-JKFVOKSPSA-N
SP_000460,ABFJWRKPWCFTQP-XSMLMOGHSA-N
SP_000460,ABIKEVIWOJTKQS-AARKOHAPSA-N
SP_000460,ABLZXFCXXLZCGV-UHFFFAOYSA-L
SP_000460,ABMDIECEEGFXNC-UHFFFAOYSA-N
SP_000460,ABNDFSOIUFLJAH-UHFFFAOYSA-N
SP_000460,ABRHOUKZOUNSSK-FVEAQGRNSA-N
SP_000460,ABUKPIBHMMLQDI-RCOVLANCSA-N
SP_000460,ACGLCDJEASKGDO-JSYPMYMJSA-N
SP_000460,ACIVVGBVOVHFPQ-RPDRRWSUSA-N
SP_000460,ACLPCAOOWJUVLL-DZKYTWFZSA-N
SP_000460,ACLQSYLJAZRTAP-XAFBQJBNSA-N
SP_000460,ACSIRQPNAYTBRW-VZUYHUTRSA-N
SP_000460,ACTHNCRNFFCCAQ-PLKVWTDNSA-N
SP_000460,ACTHNCRNFFCCAQ-YNQDZHFMSA-N
SP_000460,ACWQBUSCFPJUPN-HYXAFXHYSA-N
SP_000460,ACZVSMNFVFBOTM-UHFFFAOYSA-N
SP_000460,ADCKHLSRWCXEIY-GGAPOBRUSA-N
SP_000460,ADHKIZQYPQGIRC-ACSKKKSPSA-N
SP_000460,ADHKIZQYPQGIRC-SOZVHHJESA-N
SP_000460,ADHNTNYEJYJUCU-ZSJFXSENSA-N
SP_000460,ADKNUXINKGBJMY-LDLOPFEMSA-N
SP_000460,ADMGMAPZAQUXIR-VRHMUEQPSA-N
SP_000460,ADNSYCXWAHUWTA-SYOMJGEJSA-N
SP_000460,ADSGHWJRPOXXTD-IHWYPQMZSA-M
SP_000460,ADUXEKGZLYFWEG-PUJVNBGESA-N
SP_000460,ADYPMBBPSUQKED-VOLCNUBSSA-N
SP_000460,ADZPFIMEBZGRHB-ILJAMNOWSA-N
SP_000460,AEFNZGGBWOQYID-UHFFFAOYSA-N
SP_000460,AEIJGHDRIPTRQY-UBTAJKBJSA-N
SP_000461,ADHNTNYEJYJUCU-ZSJFXSENSA-N
SP_000461,APFBWMGEGSELQP-AATRIKPKSA-N
SP_000461,BATOPAZDIZEVQF-IAROGAJJSA-N
SP_000461,BHPQYMZQTOCNFJ-UHFFFAOYSA-N
SP_000461,BHQCQFFYRZLCQQ-KRHHAYMPSA-N
SP_000461,BJBUEDPLEOHJGE-UHFFFAOYSA-N
SP_000461,BNBBFUJNMYQYLA-VQHVLOKHSA-N
SP_000461,CIWBSHSKHKDKBQ-JLAZNSOCSA-N
SP_000461,CKLJMWTZIZZHCS-UWTATZPHSA-N
SP_000461,CUPQSMZELNNSIR-LZRZFMTJSA-N
SP_000461,CZMRCDWAGMRECN-UGDNZRGBSA-N
SP_000461,CZMRCDWAGMRECN-UHFFFAOYSA-N
SP_000461,CZXLHIZQQUJTND-UHFFFAOYSA-N
SP_000461,DHMQDGOQFOQNFH-UHFFFAOYSA-N
SP_000461,DJLTZJGULPLVOA-UHFFFAOYSA-N
SP_000461,DNAYVNOVGHZZLH-UHFFFAOYSA-N
SP_000461,DOTJYWQAPHIAIF-UHFFFAOYSA-N
SP_000461,DPJRMOMPQZCRJU-UHFFFAOYSA-M
SP_000461,DSMWJDJWYGMEBO-UTCJRWHESA-N
SP_000461,FCGOBISRCUOUQH-UHFFFAOYSA-N
SP_000461,GDBJCCBRRCYCEG-UHFFFAOYSA-N
SP_000461,GUBGYTABKSRVRQ-PICCSMPSSA-N
SP_000461,GUBGYTABKSRVRQ-QKKXKWKRSA-N
SP_000461,GVJHHUAWPYXKBD-IEOSBIPESA-N
SP_000461,GWMMTXPUFREJAY-UHFFFAOYSA-N
SP_000461,HKSDVVJONLXYKL-ZFILXNNPSA-N
SP_000461,IDJXJAJYEFRBPY-UHFFFAOYSA-N
SP_000461,IIACRCGMVDHOTQ-UHFFFAOYSA-N
SP_000461,IMKHDCBNRDRUEB-UHFFFAOYSA-N
SP_000461,IYSZVOVZPVKXIJ-OFALOCIGSA-N
SP_000461,JBFOLLJCGUCDQP-UHFFFAOYSA-N
SP_000461,JGHZJRVDZXSNKQ-UHFFFAOYSA-N
SP_000461,JIWBIWFOSCKQMA-DFARDDQGSA-N
SP_000461,JLQNHALFVCURHW-UHFFFAOYSA-N
SP_000461,JZRWCGZRTZMZEH-UHFFFAOYSA-N
SP_000461,JZVFJDZBLUFKCA-CMDGGOBGSA-N
SP_000461,KBEBGUQPQBELIU-HJWRWDBZSA-N
SP_000461,KEAYESYHFKHZAL-UHFFFAOYSA-N
SP_000461,KEMQGTRYUADPNZ-UHFFFAOYSA-N
SP_000461,KJDZDTDNIULJBE-VAWYXSNFSA-N
SP_000461,LBTABPSJONFLPO-UHFFFAOYSA-N
SP_000461,LFQSCWFLJHTTHZ-UHFFFAOYSA-N
SP_000461,LLCYNDRFWDIIQS-WQLSENKSSA-N
SP_000461,LOIYMIARKYCTBW-UPHRSURJSA-N
SP_000461,LQJBNNIYVWPHFW-QXMHVHEDSA-N
SP_000461,LXNHXLLTXMVWPM-UHFFFAOYSA-N
SP_000461,NPYPAHLBTDXSSS-UHFFFAOYSA-N
SP_000461,NSSALFVIQPAIQK-BQYQJAHWSA-N
SP_000461,OBVNUYXMOLOYPW-UHFFFAOYSA-N
SP_000461,ODKSFYDXXFIFQN-BYPYZUCNSA-N
SP_000462,AABKSFWWBUPVNY-NVCPWDGJSA-N
SP_000462,AAFBEFOSCLMOTF-KXBCQOCRSA-N
SP_000462,AAFBEFOSCLMOTF-RRPFJGJLSA-N
SP_000462,AANZTOSGIRNZNM-LNOKNGNPSA-N
SP_000462,AAPGXBRKBIUCMQ-GWHBCOKCSA-N
SP_000462,AAWNBEJOCRYVJE-QNGWXLTQSA-N
SP_000462,AAXMCYUUKFLUMJ-JSFHAIONSA-N
SP_000462,AAXMCYUUKFLUMJ-TWDRBPDCSA-N
SP_000462,AAZOMBJKSJQDHJ-ZBRBWIFHSA-N
SP_000462,ABBYYPGQJRBTGA-NESBLOORSA-N
SP_000462,ABFJWRKPWCFTQP-JKFVOKSPSA-N
SP_000462,ABFJWRKPWCFTQP-XSMLMOGHSA-N
SP_000462,ABRHOUKZOUNSSK-FVEAQGRNSA-N
SP_000462,ABUKPIBHMMLQDI-RCOVLANCSA-N
SP_000462,ACGLCDJEASKGDO-JSYPMYMJSA-N
SP_000462,ACLPCAOOWJUVLL-DZKYTWFZSA-N
SP_000462,ACLQSYLJAZRTAP-XAFBQJBNSA-N
SP_000462,ACTHNCRNFFCCAQ-PLKVWTDNSA-N
SP_000462,ACTHNCRNFFCCAQ-YNQDZHFMSA-N
SP_000462,ADCKHLSRWCXEIY-GGAPOBRUSA-N
SP_000462,ADHKIZQYPQGIRC-ACSKKKSPSA-N
SP_000462,ADHKIZQYPQGIRC-SOZVHHJESA-N
SP_000462,ADHNTNYEJYJUCU-ZSJFXSENSA-N
SP_000462,ADKNUXINKGBJMY-LDLOPFEMSA-N
SP_000462,ADMGMAPZAQUXIR-VRHMUEQPSA-N
SP_000462,ADNSYCXWAHUWTA-SYOMJGEJSA-N
SP_000462,ADYPMBBPSUQKED-VOLCNUBSSA-N
SP_000462,ADZPFIMEBZGRHB-ILJAMNOWSA-N
SP_000462,AEIJGHDRIPTRQY-UBTAJKBJSA-N
SP_000462,AESBAQNLQIQXNK-BMFSGJJHSA-N
SP_000462,AETXDQTWHNBCRO-QLKFWGTOSA-N
SP_000462,AEXNGRVFOMIYOW-ICFOKQHNSA-N
SP_000462,AFFQVAIMWFYJJS-DTHFMEMVSA-N
SP_000462,AFIGVZAQSPJHEE-ZZSOQTNOSA-N
SP_000462,AFMQYZXPYJFAPA-VXVUXWGWSA-N
SP_000462,AFMQYZXPYJFAPA-WOGGMIHASA-N
SP_000462,AFSGMNCJOAPJOR-GODAVPAZSA-N
SP_000462,AFSHUZFNMVJNKX-LLWMBOQKSA-N
SP_000462,AFWVVPIAVLFQOY-HNCVWURRSA-N
SP_000462,AFWVVPIAVLFQOY-QMNOEWNESA-N
SP_000462,AGBLBGGDMGJYFQ-FIACFBACSA-N
SP_000462,AGBLBGGDMGJYFQ-GKJJFOOMSA-N
SP_000462,AGEDXKMYUUORTP-QLKFWGTOSA-N
SP_000462,AGKVNKMBWJSNKY-ZZEZOPTASA-N
SP_000462,AGXFHKUZXQPREM-SWGBUSHLSA-N
SP_000462,AGXFHKUZXQPREM-VBDNUALRSA-N
SP_000462,AGZKWUAHBZQQNY-KYTQBJKTSA-N
SP_000462,AGZKWUAHBZQQNY-OSOYSHGCSA-N
SP_000462,AHAUBJRIXRHFSJ-HUESYALOSA-N
SP_000462,AHEPKIJTHGCAOA-HUESYALOSA-N
SP_000463,AABKSFWWBUPVNY-NVCPWDGJSA-N
SP_000463,AAFBEFOSCLMOTF-KXBCQOCRSA-N
SP_000463,AAFBEFOSCLMOTF-RRPFJGJLSA-N
SP_000463,AANZTOSGIRNZNM-LNOKNGNPSA-N
SP_000463,AAPGXBRKBIUCMQ-GWHBCOKCSA-N
SP_000463,AAWNBEJOCRYVJE-QNGWXLTQSA-N
SP_000463,AAXMCYUUKFLUMJ-JSFHAIONSA-N
SP_000463,AAXMCYUUKFLUMJ-TWDRBPDCSA-N
SP_000463,AAZOMBJKSJQDHJ-ZBRBWIFHSA-N
SP_000463,ABBYYPGQJRBTGA-NESBLOORSA-N
SP_000463,ABFJWRKPWCFTQP-JKFVOKSPSA-N
SP_000463,ABFJWRKPWCFTQP-XSMLMOGHSA-N
SP_000463,ABRHOUKZOUNSSK-FVEAQGRNSA-N
SP_000463,ABUKPIBHMMLQDI-RCOVLANCSA-N
SP_000463,ACGLCDJEASKGDO-JSYPMYMJSA-N
SP_000463,ACLPCAOOWJUVLL-DZKYTWFZSA-N
SP_000463,ACLQSYLJAZRTAP-XAFBQJBNSA-N
SP_000463,ACTHNCRNFFCCAQ-PLKVWTDNSA-N
SP_000463,ACTHNCRNFFCCAQ-YNQDZHFMSA-N
SP_000463,ADCKHLSRWCXEIY-GGAPOBRUSA-N
SP_000463,ADHKIZQYPQGIRC-ACSKKKSPSA-N
SP_000463,ADHKIZQYPQGIRC-SOZVHHJESA-N
SP_000463,ADHNTNYEJYJUCU-ZSJFXSENSA-N
SP_000463,ADKNUXINKGBJMY-LDLOPFEMSA-N
SP_000463,ADMGMAPZAQUXIR-VRHMUEQPSA-N
SP_000463,ADNSYCXWAHUWTA-SYOMJGEJSA-N
SP_000463,ADYPMBBPSUQKED-VOLCNUBSSA-N
SP_000463,ADZPFIMEBZGRHB-ILJAMNOWSA-N
SP_000463,AEIJGHDRIPTRQY-UBTAJKBJSA-N
SP_000463,AESBAQNLQIQXNK-BMFSGJJHSA-N
SP_000463,AETXDQTWHNBCRO-QLKFWGTOSA-N
SP_000463,AEXNGRVFOMIYOW-ICFOKQHNSA-N
SP_000463,AFFQVAIMWFYJJS-DTHFMEMVSA-N
SP_000463,AFIGVZAQSPJHEE-ZZSOQTNOSA-N
SP_000463,AFMQYZXPYJFAPA-VXVUXWGWSA-N
SP_000463,AFMQYZXPYJFAPA-WOGGMIHASA-N
SP_000463,AFSGMNCJOAPJOR-GODAVPAZSA-N
SP_000463,AFSHUZFNMVJNKX-LLWMBOQKSA-N
SP_000463,AFWVVPIAVLFQOY-HNCVWURRSA-N
SP_000463,AFWVVPIAVLFQOY-QMNOEWNESA-N
SP_000463,AGBLBGGDMGJYFQ-FIACFBACSA-N
SP_000463,AGBLBGGDMGJYFQ-GKJJFOOMSA-N
SP_000463,AGEDXKMYUUORTP-QLKFWGTOSA-N
SP_000463,AGKVNKMBWJSNKY-ZZEZOPTASA-N
SP_000463,AGXFHKUZXQPREM-SWGBUSHLSA-N
SP_000463,AGXFHKUZXQPREM-VBDNUALRSA-N
SP_000463,AGZKWUAHBZQQNY-KYTQBJKTSA-N
SP_000463,AGZKWUAHBZQQNY-OSOYSHGCSA-N
SP_000463,AHAUBJRIXRHFSJ-HUESYALOSA-N
SP_000463,AHEPKIJTHGCAOA-HUESYALOSA-N
