gene_symbol,pathway_id
ADRA1D,R-HSA-390696
ADRA1D,R-HSA-416476
ADRA1D,R-HSA-416482
ADRA1D,GO:0071880
ADRA1D,GO:0007188
ADRA1D,GO:0007267
ADRA1D,GO:0007186
ADRA1D,GO:0150099
ADRA1D,GO:0007200
ADRA1D,GO:0008284
ADRA1D,GO:0007204
ADRA1D,GO:0043410
ADRA1D,GO:0045907
ADH1A,R-HSA-2161541
ADH1A,R-HSA-5365859
ADH1A,R-HSA-71384
ADH1A,GO:0006066
ADH1A,GO:0042573
ADH1A,GO:0042572
ADH1B,R-HSA-71384
ADH1B,GO:0042573
ADH1B,GO:0001523
ADH1B,GO:0042572
ADRA1B,R-HSA-390696
ADRA1B,R-HSA-416476
ADRA1B,R-HSA-416482
ADRA1B,GO:0071880
ADRA1B,GO:0007188
ADRA1B,GO:0007267
ADRA1B,GO:0007186
ADRA1B,GO:0035556
ADRA1B,GO:0150099
ADRA1B,GO:0007200
ADRA1B,GO:0010613
ADRA1B,GO:0007204
ADRA1B,GO:0043410
ADRA1B,GO:0055117
ADRA1B,GO:0019229
ADORA2B,R-HSA-417973
ADORA2B,R-HSA-418555
ADORA2B,R-HSA-5683826
ADORA2B,R-HSA-9660821
ADORA2B,GO:0007190
ADORA2B,GO:0007189
ADORA2B,GO:0007186
ADORA2B,GO:0099171
ADORA2B,GO:0042311
ADORA1,R-HSA-417973
ADORA1,R-HSA-418594
ADORA1,GO:0007193
ADORA1,GO:0097190
ADORA1,GO:0007267
ADORA1,GO:0050890
ADORA1,GO:0050965
ADORA1,GO:0007173
ADORA1,GO:0060079
ADORA1,GO:0055089
ADORA1,GO:0035589
ADORA1,GO:0007186
ADORA1,GO:0006954
ADORA1,GO:0016042
ADORA1,GO:0002674
ADORA1,GO:0043066
ADORA1,GO:0008285
ADORA1,GO:0042323
ADORA1,GO:0014050
ADORA1,GO:0046888
ADORA1,GO:0050995
ADORA1,GO:1900272
ADORA1,GO:0032900
ADORA1,GO:0032229
ADORA1,GO:0051967
ADORA1,GO:0003085
ADORA1,GO:0007399
ADORA1,GO:0006909
ADORA1,GO:0035306
ADORA1,GO:0045745
ADORA1,GO:0050996
ADORA1,GO:0043410
ADORA1,GO:0032244
ADORA1,GO:0002793
ADORA1,GO:0051897
ADORA1,GO:0043268
ADORA1,GO:0003084
ADORA1,GO:0006612
ADORA1,GO:0086004
ADORA1,GO:0099509
ADORA1,GO:0002087
ADORA1,GO:0051930
ADORA1,GO:0001666
ADORA1,GO:0014074
ADORA1,GO:0007165
ADORA1,GO:0001659
ADORA1,GO:0070328
ADORA1,GO:0042311
ADORA3,R-HSA-417973
ADORA3,R-HSA-418594
ADORA3,GO:0007190
ADORA3,GO:0007193
ADORA3,GO:0001973
ADORA3,GO:0006954
ADORA3,GO:0030336
ADORA3,GO:0008285
ADORA3,GO:0043306
ADORA3,GO:0099171
ADORA3,GO:0008016
ADORA3,GO:0014061
ADORA3,GO:0009611
ADORA3,GO:0007165
ADORA2A,R-HSA-187024
ADORA2A,R-HSA-417973
ADORA2A,R-HSA-418555
ADORA2A,R-HSA-5683826
ADORA2A,GO:0007189
ADORA2A,GO:0007188
ADORA2A,GO:0006915
ADORA2A,GO:0048143
ADORA2A,GO:0008015
ADORA2A,GO:0007596
ADORA2A,GO:0007267
ADORA2A,GO:0006968
ADORA2A,GO:0007417
ADORA2A,GO:0042755
ADORA2A,GO:0060079
ADORA2A,GO:0001973
ADORA2A,GO:0006954
ADORA2A,GO:0007626
ADORA2A,GO:0051899
ADORA2A,GO:0008285
ADORA2A,GO:0043524
ADORA2A,GO:0043116
ADORA2A,GO:0048812
ADORA2A,GO:0006909
ADORA2A,GO:0007200
ADORA2A,GO:0014057
ADORA2A,GO:0045938
ADORA2A,GO:0070374
ADORA2A,GO:0014049
ADORA2A,GO:1900273
ADORA2A,GO:0050714
ADORA2A,GO:0051968
ADORA2A,GO:0035810
ADORA2A,GO:0060134
ADORA2A,GO:0099171
ADORA2A,GO:0051924
ADORA2A,GO:0006355
ADORA2A,GO:0051881
ADORA2A,GO:0014061
ADORA2A,GO:0031000
ADORA2A,GO:0014074
ADORA2A,GO:0009410
ADORA2A,GO:0007600
ADORA2A,GO:0007271
ADORA2A,GO:0001963
ADORA2A,GO:0035249
ADORA2A,GO:0042311
ADRA1A,R-HSA-390696
ADRA1A,R-HSA-416476
ADRA1A,R-HSA-416482
ADRA1A,GO:0071880
ADRA1A,GO:0006915
ADRA1A,GO:0007267
ADRA1A,GO:0007186
ADRA1A,GO:0035556
ADRA1A,GO:0008285
ADRA1A,GO:0150099
ADRA1A,GO:0001994
ADRA1A,GO:0071882
ADRA1A,GO:0007200
ADRA1A,GO:0097195
ADRA1A,GO:0045760
ADRA1A,GO:0060452
ADRA1A,GO:0010613
ADRA1A,GO:0007204
ADRA1A,GO:0070374
ADRA1A,GO:0043410
ADRA1A,GO:0045987
ADRA1A,GO:0032230
ADRA1A,GO:0045907
ADRA1A,GO:0009725
ADRA1A,GO:0009410
ADRA1A,GO:0007165
ADRA1A,GO:0006939
ABCB11,R-HSA-159418
ABCB11,R-HSA-193368
ABCB11,R-HSA-5678520
ABCB11,GO:0015721
ABCB11,GO:0006699
ABCB11,GO:0008206
ABCB11,GO:0015722
ABCB11,GO:0042632
ABCB11,GO:0006631
ABCB11,GO:0055088
ABCB11,GO:0055091
ABCB11,GO:0120189
ABCB11,GO:0016567
ABCB11,GO:0031998
ABCB11,GO:0055085
ABCB11,GO:0046618
ABCB11,GO:0006805
ABCB11,GO:0006855
ADRA2B,R-HSA-390696
ADRA2B,R-HSA-392023
ADRA2B,R-HSA-418594
ADRA2B,R-HSA-418597
ADRA2B,GO:0071881
ADRA2B,GO:0007193
ADRA2B,GO:0071875
ADRA2B,GO:0007267
ADRA2B,GO:0007173
ADRA2B,GO:0007565
ADRA2B,GO:0007186
ADRA2B,GO:0032811
ADRA2B,GO:0010700
ADRA2B,GO:0030168
ADRA2B,GO:0045777
ADRA2B,GO:0043410
ADRA2B,GO:0045666
ADRA2B,GO:0051897
ADRA2B,GO:0070474
ADRA2B,GO:0003056
ADRB1,R-HSA-390696
ADRB1,R-HSA-418555
ADRB1,GO:0071880
ADRB1,GO:0007189
ADRB1,GO:0002025
ADRB1,GO:0010666
ADRB1,GO:0120162
ADRB1,GO:0001996
ADRB1,GO:0043410
ADRB1,GO:0045187
ADRA2C,R-HSA-390696
ADRA2C,R-HSA-392023
ADRA2C,R-HSA-400042
ADRA2C,R-HSA-418594
ADRA2C,R-HSA-418597
ADRA2C,R-HSA-5683826
ADRA2C,GO:0071881
ADRA2C,GO:0071875
ADRA2C,GO:0007267
ADRA2C,GO:0007173
ADRA2C,GO:0007186
ADRA2C,GO:0032811
ADRA2C,GO:0046676
ADRA2C,GO:0010700
ADRA2C,GO:0030168
ADRA2C,GO:0043410
ADRA2C,GO:0045666
ADRA2C,GO:0051897
ADRA2C,GO:0006940
ADRA2C,GO:0019229
ADAMTS5,R-HSA-1474228
ADAMTS5,R-HSA-5083635
ADAMTS5,R-HSA-5173214
ADAMTS5,GO:0003180
ADAMTS5,GO:0003203
ADAMTS5,GO:0022617
ADAMTS5,GO:0030198
ADAMTS5,GO:0007520
ADAMTS5,GO:0120163
ADAMTS5,GO:0006508
ADAMTS5,GO:0003184
ADRA2A,R-HSA-390696
ADRA2A,R-HSA-392023
ADRA2A,R-HSA-400042
ADRA2A,R-HSA-418594
ADRA2A,R-HSA-418597
ADRA2A,R-HSA-5683826
ADRA2A,GO:0030036
ADRA2A,GO:0071880
ADRA2A,GO:0007189
ADRA2A,GO:0071881
ADRA2A,GO:0007193
ADRA2A,GO:0071875
ADRA2A,GO:0032870
ADRA2A,GO:0006260
ADRA2A,GO:0007173
ADRA2A,GO:0007565
ADRA2A,GO:0007186
ADRA2A,GO:0042593
ADRA2A,GO:0050892
ADRA2A,GO:0051926
ADRA2A,GO:0045955
ADRA2A,GO:0032811
ADRA2A,GO:0046676
ADRA2A,GO:0061179
ADRA2A,GO:0050995
ADRA2A,GO:0010700
ADRA2A,GO:0070473
ADRA2A,GO:0071882
ADRA2A,GO:0030168
ADRA2A,GO:0030335
ADRA2A,GO:0008284
ADRA2A,GO:0001819
ADRA2A,GO:0045742
ADRA2A,GO:0043410
ADRA2A,GO:0051044
ADRA2A,GO:0051897
ADRA2A,GO:0043268
ADRA2A,GO:0090303
ADRA2A,GO:0099171
ADRA2A,GO:0007265
ADRA2A,GO:0019229
ADRA2A,GO:0097305
ADRA2A,GO:0043278
ADRA2A,GO:0007266
ADRA2A,GO:0050955
ADRA2A,GO:0042311
ADAMTS4,R-HSA-1474228
ADAMTS4,R-HSA-5083635
ADAMTS4,R-HSA-5173214
ADAMTS4,GO:0022617
ADAMTS4,GO:0030198
ADAMTS4,GO:0030167
ADAMTS4,GO:0006508
ADAMTS4,GO:0001501
ACE2,R-HSA-2022377
ACE2,R-HSA-9678110
ACE2,R-HSA-9679191
ACE2,R-HSA-9694614
ACE2,R-HSA-9733458
ACE2,GO:0089718
ACE2,GO:0002003
ACE2,GO:0003051
ACE2,GO:0097746
ACE2,GO:0098670
ACE2,GO:0060135
ACE2,GO:0061025
ACE2,GO:0070373
ACE2,GO:0048662
ACE2,GO:0000122
ACE2,GO:0051957
ACE2,GO:0060452
ACE2,GO:1903598
ACE2,GO:1905737
ACE2,GO:2000379
ACE2,GO:0019065
ACE2,GO:0046813
ACE2,GO:1903779
ACE2,GO:0042127
ACE2,GO:0001817
ACE2,GO:0050727
ACE2,GO:0003081
ACE2,GO:0019229
ACE2,GO:0046718
ACE2,GO:0015827
ACE2,GO:0019058
ABCB1,R-HSA-2161517
ABCB1,R-HSA-382556
ABCB1,R-HSA-9754706
ABCB1,R-HSA-9757110
ABCB1,GO:1905039
ABCB1,GO:0099040
ABCB1,GO:0140115
ABCB1,GO:0000086
ABCB1,GO:0045332
ABCB1,GO:2001225
ABCB1,GO:0009410
ABCB1,GO:0072089
ABCB1,GO:0046865
ABCB1,GO:0070633
ABCB1,GO:0055085
ABCB1,GO:0150104
ABCB1,GO:1990961
ABCB1,GO:0006805
ABCB1,GO:1990962
ACE,R-HSA-2022377
ACE,GO:0050435
ACE,GO:0002003
ACE,GO:0038166
ACE,GO:0002474
ACE,GO:0050482
ACE,GO:0097746
ACE,GO:0001974
ACE,GO:0010815
ACE,GO:0071838
ACE,GO:0060047
ACE,GO:0060218
ACE,GO:0042447
ACE,GO:0042445
ACE,GO:0001822
ACE,GO:0008584
ACE,GO:0032943
ACE,GO:1903597
ACE,GO:0010629
ACE,GO:0002446
ACE,GO:0043171
ACE,GO:0003084
ACE,GO:0010608
ACE,GO:0006508
ACE,GO:0060177
ACE,GO:0008217
ACE,GO:0086091
ACE,GO:1902033
ACE,GO:0002019
ACE,GO:0014910
ACE,GO:0048167
ACE,GO:0003081
ACE,GO:0019229
ACE,GO:0007283
ACE,GO:0010814
ACHE,R-HSA-112311
ACHE,R-HSA-1483191
ACHE,R-HSA-422085
ACHE,GO:0006581
ACHE,GO:0001507
ACHE,GO:0042982
ACHE,GO:0007155
ACHE,GO:0032223
ACHE,GO:0007399
ACHE,GO:0002076
ACHE,GO:0120162
ACHE,GO:0050714
ACHE,GO:0007416
ABCC4,R-HSA-114608
ABCC4,R-HSA-382556
ABCC4,R-HSA-9748787
ABCC4,R-HSA-9753281
ABCC4,GO:0015721
ABCC4,GO:0070730
ABCC4,GO:0060271
ABCC4,GO:0140115
ABCC4,GO:0071716
ABCC4,GO:0002576
ABCC4,GO:0032310
ABCC4,GO:0015732
ABCC4,GO:0055085
ABCC4,GO:0150104
ABCC4,GO:0015747
ABCC4,GO:0006805
ABCC4,GO:0006855
ABCC1,R-HSA-1660661
ABCC1,R-HSA-189483
ABCC1,R-HSA-2142691
ABCC1,R-HSA-382556
ABCC1,R-HSA-9707564
ABCC1,R-HSA-9753281
ABCC1,R-HSA-9758890
ABCC1,R-HSA-9818032
ABCC1,GO:1905039
ABCC1,GO:0060326
ABCC1,GO:1904646
ABCC1,GO:0034599
ABCC1,GO:0015889
ABCC1,GO:0070729
ABCC1,GO:0140115
ABCC1,GO:0034775
ABCC1,GO:0042167
ABCC1,GO:0006691
ABCC1,GO:0071716
ABCC1,GO:0045332
ABCC1,GO:0050729
ABCC1,GO:0009410
ABCC1,GO:0030148
ABCC1,GO:0099039
ABCC1,GO:0070633
ABCC1,GO:0055085
ABCC1,GO:0150104
ABCC1,GO:0006805
ABCC1,GO:0042908
ABCC1,GO:1990962
ADK,R-HSA-74217
ADK,R-HSA-9755088
ADK,GO:0044209
ADK,GO:0006144
ADK,GO:0006166
ADK,GO:0009156
ADK,GO:0110052
ABCC2,R-HSA-189483
ABCC2,R-HSA-382556
ABCC2,R-HSA-5679001
ABCC2,R-HSA-9749641
ABCC2,R-HSA-9753281
ABCC2,R-HSA-9754706
ABCC2,GO:0015721
ABCC2,GO:0015723
ABCC2,GO:0042167
ABCC2,GO:0071716
ABCC2,GO:0010629
ABCC2,GO:0070633
ABCC2,GO:0055085
ABCC2,GO:0150104
ABCC2,GO:0046618
ABCC2,GO:0006805
ABCC2,GO:0006855
ABCC2,GO:1990962
ABCG2,R-HSA-1660661
ABCG2,R-HSA-189451
ABCG2,R-HSA-189483
ABCG2,R-HSA-2161517
ABCG2,R-HSA-917937
ABCG2,R-HSA-9725554
ABCG2,R-HSA-9753281
ABCG2,R-HSA-9793528
ABCG2,R-HSA-9818032
ABCG2,GO:0015878
ABCG2,GO:1990748
ABCG2,GO:0140115
ABCG2,GO:0015711
ABCG2,GO:0097744
ABCG2,GO:0032218
ABCG2,GO:0030148
ABCG2,GO:0070633
ABCG2,GO:0055085
ABCG2,GO:0150104
ABCG2,GO:0046415
ABCG2,GO:1990961
ABCG2,GO:1990962
ACE2,GO:0006508
ABCC1,GO:0046942
ABCC1,GO:0006869
ADRA1A,GO:0055117
ADRA1A,GO:0019229
ADK,GO:0006169
ABCG2,GO:0006869
AKR1C2,R-HSA-193368
AKR1C2,R-HSA-193775
AKR1C2,R-HSA-193807
AKR1C2,GO:0071395
AKR1C2,GO:0071799
AKR1C2,GO:0044597
AKR1C2,GO:0007586
AKR1C2,GO:0044598
AKR1C2,GO:0030855
AKR1C2,GO:0007186
AKR1C2,GO:0008284
AKR1C2,GO:0051897
AKR1C2,GO:0042448
AKR1C2,GO:0006693
AKR1C2,GO:0008202
ALOX15,R-HSA-2142691
ALOX15,R-HSA-2142712
ALOX15,R-HSA-2142770
ALOX15,R-HSA-6785807
ALOX15,R-HSA-9018677
ALOX15,R-HSA-9018681
ALOX15,R-HSA-9018896
ALOX15,R-HSA-9023661
ALOX15,R-HSA-9025106
ALOX15,R-HSA-9026286
ALOX15,GO:0043277
ALOX15,GO:0019369
ALOX15,GO:0030282
ALOX15,GO:0071277
ALOX15,GO:0035963
ALOX15,GO:0019395
ALOX15,GO:0051122
ALOX15,GO:0006954
ALOX15,GO:0043651
ALOX15,GO:0006629
ALOX15,GO:0034440
ALOX15,GO:2001303
ALOX15,GO:0019372
ALOX15,GO:0042759
ALOX15,GO:0002820
ALOX15,GO:0001503
ALOX15,GO:0006646
ALOX15,GO:0030838
ALOX15,GO:0010811
ALOX15,GO:0070374
ALOX15,GO:1901074
ALOX15,GO:0050727
ALOX15,GO:0035358
ALOX15,GO:0034976
ALOX15,GO:0042060
APOE,R-HSA-1251985
APOE,R-HSA-3000480
APOE,R-HSA-381426
APOE,R-HSA-8864260
APOE,R-HSA-8957275
APOE,R-HSA-8963888
APOE,R-HSA-8963901
APOE,R-HSA-8964026
APOE,R-HSA-8964058
APOE,R-HSA-9029569
APOE,R-HSA-975634
APOE,R-HSA-977225
APOE,GO:0055090
APOE,GO:0097113
APOE,GO:0042982
APOE,GO:0071402
APOE,GO:0033344
APOE,GO:0042632
APOE,GO:0008203
APOE,GO:0034382
APOE,GO:0007010
APOE,GO:0055089
APOE,GO:0007186
APOE,GO:0034380
APOE,GO:0034384
APOE,GO:0034375
APOE,GO:0044794
APOE,GO:0071831
APOE,GO:0046907
APOE,GO:0010877
APOE,GO:0042158
APOE,GO:0035641
APOE,GO:0015909
APOE,GO:0007616
APOE,GO:0034374
APOE,GO:0032438
APOE,GO:1905907
APOE,GO:1902430
APOE,GO:0030195
APOE,GO:0043537
APOE,GO:0090090
APOE,GO:0045541
APOE,GO:0010596
APOE,GO:0001937
APOE,GO:0010629
APOE,GO:0050728
APOE,GO:1900272
APOE,GO:0043409
APOE,GO:0010977
APOE,GO:0010544
APOE,GO:0010642
APOE,GO:0051248
APOE,GO:0050709
APOE,GO:0048662
APOE,GO:0031175
APOE,GO:0038060
APOE,GO:0097114
APOE,GO:0033700
APOE,GO:1905908
APOE,GO:1900223
APOE,GO:0010875
APOE,GO:0090205
APOE,GO:0060999
APOE,GO:1902952
APOE,GO:0045893
APOE,GO:0045807
APOE,GO:0070374
APOE,GO:0046889
APOE,GO:1903002
APOE,GO:0140077
APOE,GO:0032805
APOE,GO:0051044
APOE,GO:0010976
APOE,GO:0045429
APOE,GO:1902995
APOE,GO:0017038
APOE,GO:0006898
APOE,GO:1905906
APOE,GO:1902991
APOE,GO:1900221
APOE,GO:0042981
APOE,GO:0030516
APOE,GO:2000822
APOE,GO:0032489
APOE,GO:1905890
APOE,GO:0090181
APOE,GO:0045088
APOE,GO:0048168
APOE,GO:0061136
APOE,GO:0051246
APOE,GO:0043254
APOE,GO:0061771
APOE,GO:0000302
APOE,GO:0001523
APOE,GO:0043691
APOE,GO:0007271
APOE,GO:0070328
APOE,GO:0006641
APOE,GO:0071830
APOE,GO:0034447
APOE,GO:0034372
APOE,GO:0019068
ARG1,R-HSA-6798695
ARG1,R-HSA-70635
ARG1,R-HSA-9956514
ARG1,GO:0002250
ARG1,GO:0042832
ARG1,GO:0045087
ARG1,GO:0006527
ARG1,GO:0046007
ARG1,GO:0042130
ARG1,GO:2000552
ARG1,GO:0060336
ARG1,GO:0070965
ARG1,GO:0000050
AGER,R-HSA-445989
AGER,R-HSA-879415
AGER,R-HSA-933542
AGER,GO:0048143
AGER,GO:0007166
AGER,GO:1904646
AGER,GO:0006281
AGER,GO:0006260
AGER,GO:0010255
AGER,GO:0006954
AGER,GO:0035556
AGER,GO:0007611
AGER,GO:0001774
AGER,GO:1903523
AGER,GO:0032693
AGER,GO:1900453
AGER,GO:1900272
AGER,GO:0031175
AGER,GO:0006909
AGER,GO:0042104
AGER,GO:1902993
AGER,GO:0032722
AGER,GO:2001200
AGER,GO:2000105
AGER,GO:2000781
AGER,GO:1904472
AGER,GO:0070374
AGER,GO:0034116
AGER,GO:0032731
AGER,GO:0032735
AGER,GO:0032755
AGER,GO:0046330
AGER,GO:2000439
AGER,GO:1901224
AGER,GO:1900745
AGER,GO:0032760
AGER,GO:2000514
AGER,GO:0050727
AGER,GO:1900271
AGER,GO:1901222
AGER,GO:1900744
AGER,GO:0150003
AGER,GO:0048167
AGER,GO:0001914
AGER,GO:1904645
AGER,GO:0009611
AGER,GO:0045056
AGER,GO:0150104
ADRB3,R-HSA-390696
ADRB3,R-HSA-418555
ADRB3,GO:0071880
ADRB3,GO:0071881
ADRB3,GO:0007193
ADRB3,GO:0007188
ADRB3,GO:0005975
ADRB3,GO:0042755
ADRB3,GO:0006112
ADRB3,GO:0007187
ADRB3,GO:0006091
ADRB3,GO:0055118
ADRB3,GO:0045986
ADRB3,GO:0002025
ADRB3,GO:0120162
ADRB3,GO:0070374
ADRB3,GO:0050996
ADRB3,GO:0043410
ALOX12,R-HSA-2142696
ALOX12,R-HSA-2142700
ALOX12,R-HSA-2142712
ALOX12,R-HSA-9018677
ALOX12,R-HSA-9025106
ALOX12,R-HSA-9026290
ALOX12,GO:0019369
ALOX12,GO:0061436
ALOX12,GO:0019395
ALOX12,GO:0051122
ALOX12,GO:1901751
ALOX12,GO:0043651
ALOX12,GO:0006629
ALOX12,GO:0034440
ALOX12,GO:2001303
ALOX12,GO:2001306
ALOX12,GO:0019372
ALOX12,GO:0010656
ALOX12,GO:0090331
ALOX12,GO:0042554
ALOX12,GO:0033559
ALOX5,R-HSA-2142688
ALOX5,R-HSA-2142691
ALOX5,R-HSA-2142700
ALOX5,R-HSA-6785807
ALOX5,R-HSA-6798695
ALOX5,R-HSA-9012546
ALOX5,R-HSA-9018676
ALOX5,R-HSA-9018682
ALOX5,R-HSA-9018896
ALOX5,R-HSA-9020265
ALOX5,R-HSA-9023661
ALOX5,R-HSA-9026286
ALOX5,R-HSA-9026290
ALOX5,R-HSA-9026403
ALOX5,R-HSA-9027604
ALOX5,GO:0019369
ALOX5,GO:0036336
ALOX5,GO:0042593
ALOX5,GO:0006959
ALOX5,GO:0002232
ALOX5,GO:0002523
ALOX5,GO:1901753
ALOX5,GO:0019370
ALOX5,GO:0006691
ALOX5,GO:0034440
ALOX5,GO:2001301
ALOX5,GO:0019372
ALOX5,GO:0042759
ALOX5,GO:0016525
ALOX5,GO:0001937
ALOX5,GO:0050728
ALOX5,GO:1903573
ALOX5,GO:1903671
ALOX5,GO:0061044
ALOX5,GO:0061045
ALOX5,GO:0030501
ALOX5,GO:1904999
ALOX5,GO:1900407
ALOX5,GO:1900015
ALOX5,GO:0045598
ALOX5,GO:0050727
ALOX5,GO:0106014
ALOX5,GO:0050796
ALOX5,GO:1903426
ALDH2,R-HSA-380612
ALDH2,R-HSA-445355
ALDH2,R-HSA-71384
ALDH2,R-HSA-9837999
ALDH2,GO:0006066
ALDH2,GO:0046185
ALDH2,GO:0005975
ALDH2,GO:0110095
ALDH2,GO:0006068
ALDH2,GO:0006067
ALDH2,GO:0018937
ALDH2,GO:1903179
ALDH2,GO:1905627
AOX1,R-HSA-964975
AOX1,GO:0006629
AOX1,GO:0006805
AHR,R-HSA-1989781
AHR,R-HSA-211945
AHR,R-HSA-211976
AHR,R-HSA-211981
AHR,R-HSA-8937144
AHR,GO:0006915
AHR,GO:0001568
AHR,GO:1904613
AHR,GO:0071320
AHR,GO:1904322
AHR,GO:0071219
AHR,GO:0032922
AHR,GO:0006351
AHR,GO:0045892
AHR,GO:0050728
AHR,GO:0002841
AHR,GO:0045893
AHR,GO:0045944
AHR,GO:0002819
AHR,GO:0030888
AHR,GO:0006355
AHR,GO:0010468
AHR,GO:0006357
AHR,GO:0009636
AHR,GO:0009410
AHR,GO:0006805
AKR1C3,R-HSA-193368
AKR1C3,R-HSA-193775
AKR1C3,R-HSA-193807
AKR1C3,R-HSA-2162123
AKR1C3,R-HSA-5365859
AKR1C3,R-HSA-975634
AKR1C3,GO:0071277
AKR1C3,GO:0071384
AKR1C3,GO:0071395
AKR1C3,GO:0071799
AKR1C3,GO:0071379
AKR1C3,GO:0009267
AKR1C3,GO:0044597
AKR1C3,GO:0044598
AKR1C3,GO:0016488
AKR1C3,GO:0007186
AKR1C3,GO:0030216
AKR1C3,GO:0043170
AKR1C3,GO:0008584
AKR1C3,GO:1900053
AKR1C3,GO:0008284
AKR1C3,GO:2000353
AKR1C3,GO:0051897
AKR1C3,GO:2000379
AKR1C3,GO:0042448
AKR1C3,GO:0006693
AKR1C3,GO:0046457
AKR1C3,GO:0048385
AKR1C3,GO:2000224
AKR1C3,GO:0070293
AKR1C3,GO:0007584
AKR1C3,GO:0042574
AKR1C3,GO:0001523
AKR1C3,GO:0008202
AKR1C3,GO:0061370
AKR1B10,R-HSA-975634
AKR1B10,GO:0110095
AKR1B10,GO:0044597
AKR1B10,GO:0044598
AKR1B10,GO:0016488
AKR1B10,GO:0001523
AKR1B1,R-HSA-196108
AKR1B1,R-HSA-5652227
AKR1B1,R-HSA-70370
AKR1B1,GO:0006700
AKR1B1,GO:0005975
AKR1B1,GO:0071475
AKR1B1,GO:0044597
AKR1B1,GO:0044598
AKR1B1,GO:0046370
AKR1B1,GO:0001523
AKR1B1,GO:0006060
APLNR,R-HSA-375276
APLNR,R-HSA-418594
APLNR,GO:0007193
APLNR,GO:0007512
APLNR,GO:0001525
APLNR,GO:0035904
APLNR,GO:0060183
APLNR,GO:0003171
APLNR,GO:0001568
APLNR,GO:0060976
APLNR,GO:0003272
APLNR,GO:0007186
APLNR,GO:0007369
APLNR,GO:0007507
APLNR,GO:0001947
APLNR,GO:1903243
APLNR,GO:0010629
APLNR,GO:0045766
APLNR,GO:1903589
APLNR,GO:1903244
APLNR,GO:1904022
APLNR,GO:0051281
APLNR,GO:0050878
APLNR,GO:1903596
APLNR,GO:0010468
APLNR,GO:0035886
APLNR,GO:0001944
APLNR,GO:0001570
APLNR,GO:0060841
APLNR,GO:0060412
ASPH,R-HSA-2672351
ASPH,R-HSA-5578775
ASPH,R-HSA-9629569
ASPH,GO:0032237
ASPH,GO:0055074
ASPH,GO:0070588
ASPH,GO:0071277
ASPH,GO:0005513
ASPH,GO:0006936
ASPH,GO:0048015
ASPH,GO:0010524
ASPH,GO:0045893
ASPH,GO:0090316
ASPH,GO:0045862
ASPH,GO:0010881
ASPH,GO:0010649
ASPH,GO:0051480
ASPH,GO:1901879
ASPH,GO:0031647
ASPH,GO:0010880
ASPH,GO:0033198
ADRB2,R-HSA-390696
ADRB2,R-HSA-418555
ADRB2,R-HSA-5689880
ADRB2,R-HSA-8856825
ADRB2,R-HSA-8856828
ADRB2,GO:0071880
ADRB2,GO:0071881
ADRB2,GO:0007188
ADRB2,GO:0071875
ADRB2,GO:0098990
ADRB2,GO:0007166
ADRB2,GO:1904646
ADRB2,GO:0008333
ADRB2,GO:0010667
ADRB2,GO:0045744
ADRB2,GO:0002025
ADRB2,GO:1901098
ADRB2,GO:0010666
ADRB2,GO:0106134
ADRB2,GO:0120162
ADRB2,GO:1900451
ADRB2,GO:1904504
ADRB2,GO:0043410
ADRB2,GO:0061885
ADRB2,GO:0006898
ADRB2,GO:0006940
ADRB2,GO:1990911
AR,R-HSA-3371497
AR,R-HSA-383280
AR,R-HSA-4090294
AR,R-HSA-5625886
AR,R-HSA-5689880
AR,R-HSA-8940973
AR,GO:0030521
AR,GO:0007267
AR,GO:0071391
AR,GO:0071383
AR,GO:0071394
AR,GO:0006351
AR,GO:0030520
AR,GO:0030522
AR,GO:0008584
AR,GO:0140694
AR,GO:0008285
AR,GO:2001237
AR,GO:0000122
AR,GO:0045597
AR,GO:0008284
AR,GO:0045893
AR,GO:0010628
AR,GO:0045726
AR,GO:1902895
AR,GO:0045944
AR,GO:0045945
AR,GO:1903076
AR,GO:0007165
AR,GO:0007283
AKT1,R-HSA-111447
AKT1,R-HSA-1257604
AKT1,R-HSA-1358803
AKT1,R-HSA-1445148
AKT1,R-HSA-1474151
AKT1,R-HSA-165159
AKT1,R-HSA-198323
AKT1,R-HSA-198693
AKT1,R-HSA-199418
AKT1,R-HSA-203615
AKT1,R-HSA-211163
AKT1,R-HSA-354192
AKT1,R-HSA-3769402
AKT1,R-HSA-389357
AKT1,R-HSA-389513
AKT1,R-HSA-392451
AKT1,R-HSA-450385
AKT1,R-HSA-450604
AKT1,R-HSA-5218920
AKT1,R-HSA-5628897
AKT1,R-HSA-5674400
AKT1,R-HSA-6785807
AKT1,R-HSA-6804757
AKT1,R-HSA-6804758
AKT1,R-HSA-6804759
AKT1,R-HSA-6811558
AKT1,R-HSA-69202
AKT1,R-HSA-69656
AKT1,R-HSA-8849469
AKT1,R-HSA-8876198
AKT1,R-HSA-8941332
AKT1,R-HSA-8948751
AKT1,R-HSA-9009391
AKT1,R-HSA-9604323
AKT1,R-HSA-9607240
AKT1,R-HSA-9614399
AKT1,R-HSA-9634638
AKT1,R-HSA-9755511
AKT1,R-HSA-9755779
AKT1,R-HSA-9841251
AKT1,R-HSA-9856530
AKT1,R-HSA-9856532
AKT1,GO:0006924
AKT1,GO:0043276
AKT1,GO:0048266
AKT1,GO:0160213
AKT1,GO:0030154
AKT1,GO:0002042
AKT1,GO:0008283
AKT1,GO:0071364
AKT1,GO:0032869
AKT1,GO:1990090
AKT1,GO:0140052
AKT1,GO:0072752
AKT1,GO:0033554
AKT1,GO:0002430
AKT1,GO:0019221
AKT1,GO:0007173
AKT1,GO:0072655
AKT1,GO:0060079
AKT1,GO:0010761
AKT1,GO:0007186
AKT1,GO:0006006
AKT1,GO:0005978
AKT1,GO:0008286
AKT1,GO:0048009
AKT1,GO:0035655
AKT1,GO:0035556
AKT1,GO:0072656
AKT1,GO:0060644
AKT1,GO:0043066
AKT1,GO:0010507
AKT1,GO:0160049
AKT1,GO:1902018
AKT1,GO:2001240
AKT1,GO:0031999
AKT1,GO:1903384
AKT1,GO:1903038
AKT1,GO:0010748
AKT1,GO:2000402
AKT1,GO:0016242
AKT1,GO:0045746
AKT1,GO:1902176
AKT1,GO:1903898
AKT1,GO:0150033
AKT1,GO:1903318
AKT1,GO:0031397
AKT1,GO:0045861
AKT1,GO:0090201
AKT1,GO:0007399
AKT1,GO:0006809
AKT1,GO:0046209
AKT1,GO:0001649
AKT1,GO:0018105
AKT1,GO:0018107
AKT1,GO:0043491
AKT1,GO:1905786
AKT1,GO:0043536
AKT1,GO:0030307
AKT1,GO:0030335
AKT1,GO:0046326
AKT1,GO:0032079
AKT1,GO:0010595
AKT1,GO:0001938
AKT1,GO:0045600
AKT1,GO:1900087
AKT1,GO:0010628
AKT1,GO:0010907
AKT1,GO:0045725
AKT1,GO:0046889
AKT1,GO:0045429
AKT1,GO:0033138
AKT1,GO:0051897
AKT1,GO:0032436
AKT1,GO:0042307
AKT1,GO:2000010
AKT1,GO:1905552
AKT1,GO:1900182
AKT1,GO:1903078
AKT1,GO:0051247
AKT1,GO:0048661
AKT1,GO:1904263
AKT1,GO:1904515
AKT1,GO:0045944
AKT1,GO:0006468
AKT1,GO:0042981
AKT1,GO:0030334
AKT1,GO:0005979
AKT1,GO:0043488
AKT1,GO:0010975
AKT1,GO:0099175
AKT1,GO:1901796
AKT1,GO:0006417
AKT1,GO:0110002
AKT1,GO:2000074
AKT1,GO:0034405
AKT1,GO:0070848
AKT1,GO:0060416
AKT1,GO:0009408
AKT1,GO:1990418
AKT1,GO:0006979
AKT1,GO:0070141
AKT1,GO:0007165
AKT1,GO:0003376
AKT1,GO:0031295
AKT1,GO:0031929
AKT1,GO:0097700
APP,R-HSA-114608
APP,R-HSA-3000178
APP,R-HSA-381426
APP,R-HSA-416476
APP,R-HSA-418594
APP,R-HSA-432720
APP,R-HSA-444473
APP,R-HSA-445989
APP,R-HSA-844456
APP,R-HSA-879415
APP,R-HSA-8862803
APP,R-HSA-8957275
APP,R-HSA-933542
APP,R-HSA-9609523
APP,R-HSA-9660826
APP,R-HSA-977225
APP,R-HSA-9837999 [P05067-4]
APP,GO:0008344
APP,GO:1990000
APP,GO:0048143
APP,GO:0002265
APP,GO:0008088
APP,GO:0016199
APP,GO:0007409
APP,GO:0006816
APP,GO:0007155
APP,GO:1904646
APP,GO:0071320
APP,GO:0071280
APP,GO:0071287
APP,GO:1990090
APP,GO:0071874
APP,GO:0007417
APP,GO:0050890
APP,GO:0048669
APP,GO:0016358
APP,GO:0006897
APP,GO:0030198
APP,GO:0110088
APP,GO:0006878
APP,GO:0035235
APP,GO:0007612
APP,GO:0007611
APP,GO:0007626
APP,GO:0007617
APP,GO:0014005
APP,GO:0001774
APP,GO:0098815
APP,GO:0008285
APP,GO:0010629
APP,GO:1900272
APP,GO:0031175
APP,GO:1990535
APP,GO:0016322
APP,GO:0098989
APP,GO:0007219
APP,GO:1905908
APP,GO:0050850
APP,GO:0032722
APP,GO:0070374
APP,GO:0010628
APP,GO:0045821
APP,GO:0050729
APP,GO:0032731
APP,GO:0032755
APP,GO:0046330
APP,GO:1900273
APP,GO:0045931
APP,GO:1901224
APP,GO:0051247
APP,GO:0032224
APP,GO:2000406
APP,GO:0045944
APP,GO:0032760
APP,GO:0010468
APP,GO:0048169
APP,GO:0040014
APP,GO:0043523
APP,GO:1905606
APP,GO:0150003
APP,GO:0050803
APP,GO:0006417
APP,GO:0030111
APP,GO:0045471
APP,GO:1990418
APP,GO:0070555
APP,GO:0010288
APP,GO:0036269
APP,GO:0050808
APP,GO:0008542
ANPEP,R-HSA-2022377
ANPEP,R-HSA-6798695
ANPEP,GO:0001525
ANPEP,GO:0002003
ANPEP,GO:0030154
ANPEP,GO:0043171
AGTR1,R-HSA-375276
AGTR1,R-HSA-416476
AGTR1,R-HSA-8856825
AGTR1,R-HSA-8856828
AGTR1,GO:0038166
AGTR1,GO:0097746
AGTR1,GO:0019722
AGTR1,GO:0060326
AGTR1,GO:0007186
AGTR1,GO:0006954
AGTR1,GO:0001822
AGTR1,GO:0034374
AGTR1,GO:0002034
AGTR1,GO:0086097
AGTR1,GO:0007200
AGTR1,GO:1903589
AGTR1,GO:0090205
AGTR1,GO:0007204
AGTR1,GO:0050729
AGTR1,GO:0010744
AGTR1,GO:2000379
AGTR1,GO:0008217
AGTR1,GO:0001558
AGTR1,GO:0042127
AGTR1,GO:0050727
AGTR1,GO:0035813
AGTR1,GO:0003081
AGTR1,GO:0019229
AGTR1,GO:0002018
AGTR1,GO:0007266
AGTR1,GO:0046718
ATIC,R-HSA-73817
ATIC,R-HSA-9725370
ATIC,GO:0044208
ATIC,GO:0006189
ATIC,GO:0097294
ATIC,GO:0031100
ATIC,GO:0003360
ATIC,GO:0021549
ATIC,GO:0021987
ATIC,GO:0046452
ATIC,GO:0006177
ATIC,GO:0006139
ATIC,GO:0046654
ALB,R-HSA-114608
ALB,R-HSA-159418
ALB,R-HSA-189451
ALB,R-HSA-189483
ALB,R-HSA-2168880
ALB,R-HSA-381426
ALB,R-HSA-8957275
ALB,R-HSA-8964058
ALB,R-HSA-9707564
ALB,R-HSA-9749641
ALB,R-HSA-9757110
ALB,R-HSA-9793528
ALB,GO:0015723
ALB,GO:0072732
ALB,GO:0034599
ALB,GO:0009267
ALB,GO:0006783
ALB,GO:0042167
ALB,GO:0051902
ALB,GO:0031667
APOE,GO:0042157
APOE,GO:0050807
AGER,GO:0014002
AGER,GO:0071333
AGER,GO:0009890
AGER,GO:0051241
AGER,GO:0045597
AGER,GO:0030335
AGER,GO:0008284
AGER,GO:0001819
AGER,GO:0051054
AGER,GO:0030155
APP,GO:0006915
APP,GO:0010604
APP,GO:0051246
AKT1,GO:0010629
AKT1,GO:2001243
AGER,GO:0010628
AGER,GO:0051240
AGER,GO:1901701
AGER,GO:0040017
ADRB2,GO:0097746
APOE,GO:0006869
AR,GO:0033574
AHR,GO:0048511
AKR1C3,GO:0006066
AKR1C3,GO:0042445
AKR1C3,GO:0032787
ADRB3,GO:0007189
ALOX12,GO:0006690
ALOX12,GO:0001676
ARG1,GO:0006525
ARG1,GO:0042127
ATIC,GO:0006164
AR,GO:1901654
BTN3A1,R-HSA-8851680
BTN3A1,GO:0050798
BTN3A1,GO:0002250
BTN3A1,GO:0001819
BTN3A1,GO:0032729
BTN3A1,GO:0001817
BTN3A1,GO:0050852
CA1,R-HSA-1237044
CA1,R-HSA-1247673
CA1,R-HSA-1475029
CA1,R-HSA-8950505
CA1,GO:0009750
ATP4A,R-HSA-936837
ATP4A,GO:0030007
ATP4A,GO:0006883
ATP4A,GO:0034220
ATP4A,GO:1990573
ATP4A,GO:1902600
ATP4A,GO:0036376
BCL2,R-HSA-111447
BCL2,R-HSA-111453
BCL2,R-HSA-6785807
BCL2,R-HSA-844455
BCL2,R-HSA-9018519
BCL2,R-HSA-9634638
BCL2,R-HSA-9818030
BCL2,R-HSA-9824594
BCL2,GO:0006915
BCL2,GO:0006914
BCL2,GO:0042100
BCL2,GO:0050853
BCL2,GO:0051607
BCL2,GO:0006974
BCL2,GO:0032469
BCL2,GO:0097192
BCL2,GO:0008625
BCL2,GO:0007565
BCL2,GO:0031069
BCL2,GO:0006959
BCL2,GO:0008630
BCL2,GO:0070059
BCL2,GO:2000811
BCL2,GO:0043066
BCL2,GO:2001234
BCL2,GO:0010507
BCL2,GO:0032848
BCL2,GO:2001240
BCL2,GO:2001243
BCL2,GO:1902166
BCL2,GO:0051902
BCL2,GO:0043524
BCL2,GO:0051402
BCL2,GO:0043473
BCL2,GO:0043065
BCL2,GO:0030890
BCL2,GO:0030307
BCL2,GO:0008284
BCL2,GO:0000209
BCL2,GO:0051924
BCL2,GO:0046902
BCL2,GO:0051881
BCL2,GO:0045069
BCL2,GO:0001836
BCL2,GO:0034097
BCL2,GO:0010039
BCL2,GO:0035094
BCL2,GO:0009314
BCL2,GO:0009636
BCL2,GO:0009410
ATM,R-HSA-2559586
ATM,R-HSA-3371453
ATM,R-HSA-349425
ATM,R-HSA-5685938
ATM,R-HSA-5685942
ATM,R-HSA-5693548
ATM,R-HSA-5693554
ATM,R-HSA-5693565
ATM,R-HSA-5693568
ATM,R-HSA-5693571
ATM,R-HSA-5693579
ATM,R-HSA-5693607
ATM,R-HSA-5693616
ATM,R-HSA-6796648
ATM,R-HSA-6803204
ATM,R-HSA-6803207
ATM,R-HSA-6804756
ATM,R-HSA-6804757
ATM,R-HSA-6804760
ATM,R-HSA-69473
ATM,R-HSA-69541
ATM,R-HSA-912446
ATM,R-HSA-9664873
ATM,R-HSA-9701192
ATM,R-HSA-9704331
ATM,R-HSA-9704646
ATM,R-HSA-9709570
ATM,R-HSA-9709603
ATM,GO:0071480
ATM,GO:0071500
ATM,GO:0034614
ATM,GO:0071300
ATM,GO:0033554
ATM,GO:0071481
ATM,GO:0090398
ATM,GO:0000077
ATM,GO:0006974
ATM,GO:0030330
ATM,GO:0000729
ATM,GO:0006302
ATM,GO:0000724
ATM,GO:0006303
ATM,GO:0097695
ATM,GO:0097694
ATM,GO:0071044
ATM,GO:0008630
ATM,GO:0007095
ATM,GO:0007094
ATM,GO:0030889
ATM,GO:1904354
ATM,GO:1904262
ATM,GO:0036289
ATM,GO:0000425
ATM,GO:0043065
ATM,GO:0045785
ATM,GO:0030335
ATM,GO:0043517
ATM,GO:2000781
ATM,GO:0010628
ATM,GO:1904884
ATM,GO:0032212
ATM,GO:1904358
ATM,GO:0045944
ATM,GO:0002331
ATM,GO:0046777
ATM,GO:0050821
ATM,GO:0007131
ATM,GO:0042981
ATM,GO:2000785
ATM,GO:0010506
ATM,GO:0051726
ATM,GO:1900034
ATM,GO:1901796
ATM,GO:0032210
ATM,GO:0090399
ATM,GO:0010212
ATM,GO:0007165
ATM,GO:0042770
ATM,GO:0000723
BRD4,R-HSA-9679191
BRD4,R-HSA-9909649
BRD4,GO:0006338
BRD4,GO:0006974
BRD4,GO:0006351
BRD4,GO:0043922
BRD4,GO:2000002
BRD4,GO:0043123
BRD4,GO:0045893
BRD4,GO:0010971
BRD4,GO:2000330
BRD4,GO:0045944
BRD4,GO:0032968
BRD4,GO:0050727
BRD4,GO:0006357
AXL,R-HSA-4420097
AXL,R-HSA-9918485
AXL,GO:0048469
AXL,GO:0016477
AXL,GO:0007169
AXL,GO:0035457
AXL,GO:0071222
AXL,GO:0097028
AXL,GO:0045087
AXL,GO:0001779
AXL,GO:0043066
AXL,GO:2000669
AXL,GO:0032689
AXL,GO:0007399
AXL,GO:0006909
AXL,GO:0030168
AXL,GO:0001961
AXL,GO:0032825
AXL,GO:0051897
AXL,GO:0048549
AXL,GO:1903902
AXL,GO:0007165
AXL,GO:0046718
AXL,GO:0048010
AVPR1A,R-HSA-388479
AVPR1A,R-HSA-416476
AVPR1A,R-HSA-5619099
AVPR1A,GO:0008015
AVPR1A,GO:0019722
AVPR1A,GO:0032870
AVPR1A,GO:0042631
AVPR1A,GO:0007186
AVPR1A,GO:0006091
AVPR1A,GO:0007625
AVPR1A,GO:0002125
AVPR1A,GO:0042711
AVPR1A,GO:0014902
AVPR1A,GO:0007621
AVPR1A,GO:0051970
AVPR1A,GO:0030307
AVPR1A,GO:0008284
AVPR1A,GO:0032849
AVPR1A,GO:0007204
AVPR1A,GO:0014049
AVPR1A,GO:0010460
AVPR1A,GO:0031394
AVPR1A,GO:0003084
AVPR1A,GO:0045907
AVPR1A,GO:0001992
AVPR1A,GO:0051412
AVPR1A,GO:0035176
AVPR1A,GO:0042713
AVPR1A,GO:0021537
AVPR1A,GO:0150104
ATR,R-HSA-1221632
ATR,R-HSA-176187
ATR,R-HSA-3371453
ATR,R-HSA-5685938
ATR,R-HSA-5693607
ATR,R-HSA-5693616
ATR,R-HSA-6783310
ATR,R-HSA-6796648
ATR,R-HSA-6804756
ATR,R-HSA-69473
ATR,R-HSA-9709570
ATR,GO:0071480
ATR,GO:0034644
ATR,GO:0000077
ATR,GO:0006974
ATR,GO:0006281
ATR,GO:0006260
ATR,GO:0006302
ATR,GO:0097695
ATR,GO:0097694
ATR,GO:0036297
ATR,GO:0044818
ATR,GO:0008156
ATR,GO:0051081
ATR,GO:0006139
ATR,GO:0043517
ATR,GO:1904884
ATR,GO:0032212
ATR,GO:0070198
ATR,GO:1900034
ATR,GO:2000779
ATR,GO:0031297
ATR,GO:0090399
ATR,GO:0046685
ATR,GO:0009612
ATR,GO:0009410
ATR,GO:0000723
BCHE,R-HSA-112311
BCHE,R-HSA-1483191
BCHE,R-HSA-422085
BCHE,R-HSA-9749641
BCHE,GO:0006581
BCHE,GO:0019695
BCHE,GO:0050784
BCHE,GO:0007612
BCHE,GO:0008285
BCHE,GO:0050805
BCHE,GO:0014016
BCHE,GO:0016486
BCHE,GO:0043279
BCHE,GO:0051593
BCHE,GO:0051384
BCHE,GO:0006805
AVPR1B,R-HSA-388479
AVPR1B,R-HSA-416476
AVPR1B,R-HSA-5619099
AVPR1B,GO:0032870
AVPR1B,GO:0007186
AVPR1B,GO:0007200
AVPR1B,GO:0090238
AVPR1B,GO:0007204
AVPR1B,GO:0060732
AVPR1B,GO:0043410
AVPR1B,GO:0045907
AVPR1B,GO:0042127
AVPR1B,GO:0001992
AVPR1B,GO:0046718
AVPR1B,GO:0150104
CA14,R-HSA-1475029
BCL2L1,R-HSA-111453
BCL2L1,R-HSA-6785807
BCL2L1,R-HSA-844455
BCL2L1,R-HSA-9648002
BCL2L1,R-HSA-9692913
BCL2L1,R-HSA-9702518
BCL2L1,R-HSA-9818030
BCL2L1,GO:0008637
BCL2L1,GO:0051607
BCL2L1,GO:0006897
BCL2L1,GO:0097192
BCL2L1,GO:0008630
BCL2L1,GO:2000811
BCL2L1,GO:0043066
BCL2L1,GO:0010507
BCL2L1,GO:1902236
BCL2L1,GO:1900118
BCL2L1,GO:2001240
BCL2L1,GO:1902042
BCL2L1,GO:2001243
BCL2L1,GO:1902230
BCL2L1,GO:1901029
BCL2L1,GO:1903077
BCL2L1,GO:0090201
BCL2L1,GO:0043065
BCL2L1,GO:0032465
BCL2L1,GO:0046902
BCL2L1,GO:0051881
BCL2L1,GO:0001836
BCL2L1,GO:0034097
CA12,R-HSA-1475029
CA12,GO:0055064
CA12,GO:0044849
BACE1,R-HSA-977225
BACE1,GO:1990000
BACE1,GO:0042987
BACE1,GO:0034205
BACE1,GO:0050435
BACE1,GO:1904646
BACE1,GO:0071280
BACE1,GO:0071287
BACE1,GO:0050966
BACE1,GO:0006509
BACE1,GO:0043525
BACE1,GO:0060134
BACE1,GO:0099171
BACE1,GO:0016485
BACE1,GO:0006508
BACE1,GO:1990418
BACE1,GO:0010288
BACE1,GO:0140448
BACE1,GO:0036269
BRD3,GO:0006338
BRD3,GO:0006351
BRD3,GO:0035987
BRD3,GO:0045944
BRD3,GO:0071168
BRD3,GO:0006357
CA13,R-HSA-1475029
BAD,R-HSA-111447
BAD,R-HSA-111453
BAD,R-HSA-193648
BAD,R-HSA-198323
BAD,R-HSA-5674400
BAD,GO:0046031
BAD,GO:0006915
BAD,GO:0046034
BAD,GO:0071456
BAD,GO:0071396
BAD,GO:0071260
BAD,GO:0071316
BAD,GO:0097191
BAD,GO:0042593
BAD,GO:0097193
BAD,GO:0043066
BAD,GO:0046931
BAD,GO:0043065
BAD,GO:0010508
BAD,GO:0050679
BAD,GO:0032024
BAD,GO:0035774
BAD,GO:1902220
BAD,GO:0010918
BAD,GO:0045862
BAD,GO:0090200
BAD,GO:2000078
BAD,GO:0046902
BAD,GO:0044342
AVPR2,R-HSA-388479
AVPR2,R-HSA-418555
AVPR2,R-HSA-432040
AVPR2,R-HSA-8856825
AVPR2,R-HSA-8856828
AVPR2,R-HSA-9036092
AVPR2,GO:0007190
AVPR2,GO:0007189
AVPR2,GO:0007188
AVPR2,GO:0032870
AVPR2,GO:0007186
AVPR2,GO:0007599
AVPR2,GO:0008285
AVPR2,GO:0008284
AVPR2,GO:0010628
AVPR2,GO:1902533
AVPR2,GO:0003084
AVPR2,GO:0045907
AVPR2,GO:0001992
AVPR2,GO:0070295
AVPR2,GO:0003092
AVPR2,GO:0021537
AURKB,R-HSA-141444
AURKB,R-HSA-174178
AURKB,R-HSA-2467813
AURKB,R-HSA-2500257
AURKB,R-HSA-4615885
AURKB,R-HSA-5663220
AURKB,R-HSA-6804756
AURKB,R-HSA-68877
AURKB,R-HSA-9022692
AURKB,R-HSA-9648025
AURKB,GO:0044839
AURKB,GO:0034644
AURKB,GO:0036089
AURKB,GO:0061952
AURKB,GO:0000278
AURKB,GO:0000281
AURKB,GO:0044878
AURKB,GO:1990758
AURKB,GO:0090307
AURKB,GO:0051256
AURKB,GO:0007052
AURKB,GO:0002903
AURKB,GO:0160049
AURKB,GO:0032466
AURKB,GO:0045824
AURKB,GO:0120186
AURKB,GO:0000122
AURKB,GO:1902425
AURKB,GO:0032467
AURKB,GO:1905116
AURKB,GO:0031117
AURKB,GO:0090267
AURKB,GO:1903490
AURKB,GO:0062033
AURKB,GO:1901970
AURKB,GO:0032206
AURKB,GO:0043687
AURKB,GO:0034501
AURKB,GO:0051983
AURKB,GO:0032465
AURKB,GO:1901796
AURKB,GO:0140273
AURKB,GO:0007051
AURKA,R-HSA-174178
AURKA,R-HSA-2565942
AURKA,R-HSA-4615885
AURKA,R-HSA-6804114
AURKA,R-HSA-6804756
AURKA,R-HSA-8854050
AURKA,R-HSA-8854518
AURKA,R-HSA-8854521
AURKA,GO:0051301
AURKA,GO:0061523
AURKA,GO:0000086
AURKA,GO:0097421
AURKA,GO:0000212
AURKA,GO:0000278
AURKA,GO:0007100
AURKA,GO:0007052
AURKA,GO:0010629
AURKA,GO:0032091
AURKA,GO:0018105
AURKA,GO:0090141
AURKA,GO:0045931
AURKA,GO:0045840
AURKA,GO:0046777
AURKA,GO:0006468
AURKA,GO:0046605
AURKA,GO:0032465
AURKA,GO:0010389
AURKA,GO:0031647
AURKA,GO:1901796
AURKA,GO:0009611
AURKA,GO:0007051
AURKB,GO:0051301
AURKB,GO:0090068
AURKB,GO:0032886
BCL2L1,GO:0006915
BCL2L1,GO:2001233
BCL2L1,GO:1902531
BCL2L1,GO:0051707
BCL2L1,GO:0006950
AURKA,GO:0044839
AURKA,GO:0090068
AURKA,GO:0032886
BCL2,GO:2001233
BCL2,GO:1902531
ATR,GO:0080135
BCL2L1,GO:0042981
ATM,GO:0006281
ATM,GO:0080135
CASP5,R-HSA-5620971
CASP5,R-HSA-9948011
CASP5,R-HSA-9960525
CASP5,GO:0006915
CASP5,GO:0071260
CASP5,GO:0160075
CASP5,GO:0050729
CASP5,GO:0043525
CASP5,GO:0051604
CASP5,GO:0006508
CASP5,GO:0021762
CASP4,R-HSA-168638
CASP4,R-HSA-5620971
CASP4,R-HSA-9948001
CASP4,R-HSA-9956593
CASP4,R-HSA-9960519
CASP4,GO:0006915
CASP4,GO:1904646
CASP4,GO:0042742
CASP4,GO:0050830
CASP4,GO:0045087
CASP4,GO:0097193
CASP4,GO:0070059
CASP4,GO:0160075
CASP4,GO:0050729
CASP4,GO:2000494
CASP4,GO:0043525
CASP4,GO:1903265
CASP4,GO:0016540
CASP4,GO:0051604
CASP4,GO:0006508
CASP4,GO:0070269
CASP4,GO:0050727
CA5B,R-HSA-1475029
CA4,R-HSA-1237044
CA4,R-HSA-1247673
CA4,R-HSA-1475029
CA4,GO:0015701
CA6,R-HSA-1475029
CA6,GO:0001580
CA2,R-HSA-1237044
CA2,R-HSA-1247673
CA2,R-HSA-1475029
CA2,R-HSA-9925563
CA2,GO:0038166
CA2,GO:0015670
CA2,GO:2001150
CA2,GO:0051453
CA2,GO:0044070
CA7,R-HSA-1475029
CA7,GO:0051453
CA3,R-HSA-1475029
CA3,GO:0071456
CA3,GO:0032869
CA3,GO:0044320
CA3,GO:0097421
CA3,GO:1903751
CA3,GO:1903427
CA3,GO:0008284
CA3,GO:0045471
CA3,GO:0033993
CA3,GO:0006979
CA3,GO:0003009
CCKBR,R-HSA-375276
CCKBR,R-HSA-416476
CCKBR,R-HSA-881907
CCKBR,GO:0007166
CCKBR,GO:0038188
CCKBR,GO:0007186
CCKBR,GO:0007218
CCKBR,GO:0007200
CCKBR,GO:0008284
CCKBR,GO:0007204
CACNA1H,R-HSA-419037
CACNA1H,R-HSA-445355
CACNA1H,R-HSA-9856532
CACNA1H,GO:0032342
CACNA1H,GO:0070509
CACNA1H,GO:0098703
CACNA1H,GO:0032870
CACNA1H,GO:0035865
CACNA1H,GO:0034651
CACNA1H,GO:0006936
CACNA1H,GO:0007517
CACNA1H,GO:0007520
CACNA1H,GO:2000344
CACNA1H,GO:0008016
CACNA1H,GO:0042391
CACNA1H,GO:0055085
CA5A,R-HSA-1475029
CASP9,R-HSA-111458
CASP9,R-HSA-111459
CASP9,R-HSA-111463
CASP9,R-HSA-111464
CASP9,R-HSA-168638
CASP9,R-HSA-198323
CASP9,R-HSA-418889
CASP9,R-HSA-5674400
CASP9,R-HSA-9627069
CASP9,GO:0006915
CASP9,GO:0071549
CASP9,GO:0034644
CASP9,GO:0006974
CASP9,GO:0034349
CASP9,GO:0097193
CASP9,GO:0008630
CASP9,GO:0001822
CASP9,GO:0071887
CASP9,GO:0030220
CASP9,GO:0043065
CASP9,GO:1900119
CASP9,GO:0043525
CASP9,GO:0051604
CASP9,GO:0016485
CASP9,GO:0072347
CASP9,GO:0032025
CASP9,GO:0032355
CASP9,GO:0045471
CASP9,GO:0001666
CASP9,GO:0071680
CASP9,GO:0002931
CASP9,GO:0032496
CASP9,GO:0042770
CASP7,R-HSA-111459
CASP7,R-HSA-111463
CASP7,R-HSA-111464
CASP7,R-HSA-111465
CASP7,R-HSA-111469
CASP7,R-HSA-264870
CASP7,GO:0006915
CASP7,GO:0071222
CASP7,GO:0072734
CASP7,GO:0097194
CASP7,GO:0070227
CASP7,GO:0043525
CASP7,GO:0030163
CASP7,GO:0051604
CASP7,GO:0006508
CASP7,GO:0051146
CARM1,R-HSA-1368108
CARM1,R-HSA-1989781
CARM1,R-HSA-2151201
CARM1,R-HSA-2426168
CARM1,R-HSA-3214858
CARM1,R-HSA-381340
CARM1,R-HSA-400206
CARM1,R-HSA-6804114
CARM1,R-HSA-9018519
CARM1,R-HSA-9707564
CARM1,R-HSA-9707616
CARM1,R-HSA-9931509
CARM1,R-HSA-9933387
CARM1,GO:0006338
CARM1,GO:0006351
CARM1,GO:0032259
CARM1,GO:2000171
CARM1,GO:0008284
CARM1,GO:1904037
CARM1,GO:0045600
CARM1,GO:0045943
CARM1,GO:0006355
CARM1,GO:0033146
CARM1,GO:0071932
CARM1,GO:0051591
CASP3,R-HSA-111459
CASP3,R-HSA-111463
CASP3,R-HSA-111464
CASP3,R-HSA-111465
CASP3,R-HSA-111469
CASP3,R-HSA-140342
CASP3,R-HSA-1474228
CASP3,R-HSA-2028269
CASP3,R-HSA-205025
CASP3,R-HSA-211736
CASP3,R-HSA-264870
CASP3,R-HSA-351906
CASP3,R-HSA-418889
CASP3,R-HSA-449836
CASP3,R-HSA-5620971
CASP3,R-HSA-9960519
CASP3,R-HSA-9960525
CASP3,GO:0006915
CASP3,GO:0097190
CASP3,GO:0007413
CASP3,GO:0072734
CASP3,GO:0030218
CASP3,GO:0097194
CASP3,GO:0034349
CASP3,GO:0021766
CASP3,GO:0097193
CASP3,GO:0008627
CASP3,GO:0030216
CASP3,GO:0007611
CASP3,GO:0071887
CASP3,GO:0001554
CASP3,GO:0001818
CASP3,GO:0030182
CASP3,GO:0048011
CASP3,GO:0030220
CASP3,GO:1902004
CASP3,GO:0043525
CASP3,GO:0140639
CASP3,GO:0030163
CASP3,GO:0051604
CASP3,GO:0016485
CASP3,GO:0006508
CASP3,GO:0070269
CASP3,GO:0016241
CASP3,GO:0031647
CASP3,GO:0098693
CASP3,GO:0043200
CASP3,GO:0072347
CASP3,GO:0032025
CASP3,GO:0032355
CASP3,GO:0045471
CASP3,GO:0051384
CASP3,GO:0009749
CASP3,GO:0042542
CASP3,GO:0001666
CASP3,GO:1990418
CASP3,GO:0032496
CASP3,GO:0035094
CASP3,GO:0034612
CASP3,GO:0010165
CASP3,GO:0009410
CASP3,GO:0051146
CASP3,GO:0036269
CASP3,GO:0098883
CASP1,R-HSA-168638
CASP1,R-HSA-448706
CASP1,R-HSA-5620971
CASP1,R-HSA-6803207
CASP1,R-HSA-844456
CASP1,R-HSA-844615
CASP1,R-HSA-844623
CASP1,R-HSA-9008059
CASP1,R-HSA-9660826
CASP1,R-HSA-9692916
CASP1,R-HSA-9968551
CASP1,GO:0140970
CASP1,GO:0006915
CASP1,GO:0071222
CASP1,GO:0071260
CASP1,GO:0071346
CASP1,GO:0140447
CASP1,GO:0042742
CASP1,GO:0051607
CASP1,GO:0046456
CASP1,GO:0007231
CASP1,GO:0002221
CASP1,GO:0043065
CASP1,GO:0043123
CASP1,GO:0050729
CASP1,GO:0032731
CASP1,GO:0032741
CASP1,GO:1903265
CASP1,GO:0016540
CASP1,GO:0051604
CASP1,GO:0016485
CASP1,GO:0006508
CASP1,GO:0070269
CASP1,GO:0050727
CASP1,GO:0007165
CASP1,GO:0140448
CASP8,R-HSA-111465
CASP8,R-HSA-140534
CASP8,R-HSA-168638
CASP8,R-HSA-2562578
CASP8,R-HSA-264870
CASP8,R-HSA-3371378
CASP8,R-HSA-5213460
CASP8,R-HSA-5218900
CASP8,R-HSA-5357786
CASP8,R-HSA-5357905
CASP8,R-HSA-5660668
CASP8,R-HSA-5675482
CASP8,R-HSA-69416
CASP8,R-HSA-75108
CASP8,R-HSA-75153
CASP8,R-HSA-75157
CASP8,R-HSA-75158
CASP8,R-HSA-9013957
CASP8,R-HSA-933543
CASP8,R-HSA-9686347
CASP8,R-HSA-9693928
CASP8,R-HSA-9758274
CASP8,GO:0001525
CASP8,GO:0006915
CASP8,GO:0097190
CASP8,GO:0042113
CASP8,GO:0071260
CASP8,GO:0097194
CASP8,GO:0097191
CASP8,GO:0008625
CASP8,GO:0007507
CASP8,GO:0030225
CASP8,GO:0030101
CASP8,GO:0043124
CASP8,GO:0060546
CASP8,GO:0043065
CASP8,GO:0043123
CASP8,GO:0030335
CASP8,GO:1900119
CASP8,GO:0032731
CASP8,GO:0045651
CASP8,GO:0043525
CASP8,GO:0045862
CASP8,GO:0051604
CASP8,GO:0016485
CASP8,GO:0006508
CASP8,GO:0051603
CASP8,GO:0070269
CASP8,GO:0001817
CASP8,GO:0045088
CASP8,GO:0010803
CASP8,GO:0072347
CASP8,GO:0032025
CASP8,GO:0032355
CASP8,GO:0045471
CASP8,GO:0032496
CASP8,GO:0034612
CASP8,GO:0097264
CASP8,GO:0060715
CASP8,GO:0042110
CASP8,GO:0036462
CA9,R-HSA-1234158
CA9,R-HSA-1475029
CA9,GO:0001666
CA9,GO:0033574
CA9,GO:0009410
CACNA1G,R-HSA-419037
CACNA1G,R-HSA-445355
CACNA1G,GO:0086016
CACNA1G,GO:0086027
CACNA1G,GO:0070509
CACNA1G,GO:0098703
CACNA1G,GO:0070588
CACNA1G,GO:0086002
CACNA1G,GO:0086045
CACNA1G,GO:0086046
CACNA1G,GO:0086091
CACNA1G,GO:0042391
CACNA1G,GO:0086015
CACNA1G,GO:0086018
CACNA1G,GO:0003163
CASP2,R-HSA-168638
CASP2,R-HSA-205025
CASP2,R-HSA-6803207
CASP2,GO:0006915
CASP2,GO:0097190
CASP2,GO:0071260
CASP2,GO:0006974
CASP2,GO:0030330
CASP2,GO:0097194
CASP2,GO:0097192
CASP2,GO:0008630
CASP2,GO:0001554
CASP2,GO:0043066
CASP2,GO:0003407
CASP2,GO:0043065
CASP2,GO:0043525
CASP2,GO:0016485
CAPN1,R-HSA-1474228
CAPN1,R-HSA-6798695
CAPN1,R-HSA-6809371
CAPN1,R-HSA-8862803
CAPN1,GO:0098989
CAPN1,GO:0008284
CAPN1,GO:0006508
CAPN1,GO:0050790
CAPN1,GO:0016241
CAPN1,GO:0097264
CBR1,R-HSA-2162123
CBR1,GO:0030855
CBR1,GO:0008211
CBR1,GO:2000379
CBR1,GO:0046457
CBR1,GO:0042373
CBR1,GO:0006805
CACNA2D1,R-HSA-9856532
CACNA2D1,GO:0098703
CACNA2D1,GO:0061577
CACNA2D1,GO:0006816
CACNA2D1,GO:0060402
CACNA2D1,GO:0086002
CACNA2D1,GO:1904646
CACNA2D1,GO:0086048
CACNA2D1,GO:0035774
CACNA2D1,GO:1902514
CACNA2D1,GO:0051924
CACNA2D1,GO:0086091
CACNA2D1,GO:0098903
CACNA2D1,GO:0060307
CACNA1C,R-HSA-400042
CACNA1C,R-HSA-419037
CACNA1C,R-HSA-422356
CACNA1C,R-HSA-5576892
CACNA1C,R-HSA-5576893
CACNA1C,GO:0098703
CACNA1C,GO:0070588
CACNA1C,GO:0061577
CACNA1C,GO:0060402
CACNA1C,GO:0043010
CACNA1C,GO:0061337
CACNA1C,GO:0086002
CACNA1C,GO:0086064
CACNA1C,GO:0035115
CACNA1C,GO:0007507
CACNA1C,GO:0002520
CACNA1C,GO:0098912
CACNA1C,GO:0086045
CACNA1C,GO:0086012
CACNA1C,GO:0045762
CACNA1C,GO:0007204
CACNA1C,GO:0045933
CACNA1C,GO:0010881
CACNA1C,GO:0086091
CACNA1C,GO:0098911
CASP1,GO:0006954
CASP1,GO:0042981
CASP1,GO:0032496
CACNA1C,GO:0097553
CACNA1C,GO:0007154
CACNA1C,GO:0006936
CACNA1C,GO:0008016
CACNA1C,GO:0042391
CACNA1C,GO:0023052
CACNA1C,GO:0003008
CASP9,GO:0006508
CASP9,GO:0009411
CASP2,GO:0051604
CASP2,GO:0006508
CASP8,GO:0048513
CASP8,GO:0030154
CASP8,GO:0043009
CASP8,GO:0009967
CASP8,GO:0002682
CARM1,GO:0006325
CASP8,GO:0042981
CASP5,GO:0042981
CASP4,GO:0042981
CASP1,GO:0032651
CASP9,GO:0042981
CASP2,GO:0042981
CACNA2D1,R-HSA-112308
CES1,R-HSA-2022377
CES1,R-HSA-211945
CES1,R-HSA-5578768
CES1,R-HSA-9749641
CES1,GO:0071397
CES1,GO:0071404
CES1,GO:0006695
CES1,GO:0090122
CES1,GO:0042632
CES1,GO:0008203
CES1,GO:0030855
CES1,GO:0051791
CES1,GO:0010887
CES1,GO:0010875
CES1,GO:0090205
CES1,GO:0070857
CES1,GO:0120188
CES1,GO:0009636
CES1,GO:0043691
CES1,GO:0019626
CHRM1,R-HSA-390648
CHRM1,R-HSA-416476
CHRM1,GO:0007197
CHRM1,GO:0007268
CHRM1,GO:0050890
CHRM1,GO:0007213
CHRM1,GO:0007186
CHRM1,GO:0007187
CHRM1,GO:0007399
CHRM1,GO:0007274
CHRM1,GO:0007207
CHRM1,GO:0007200
CHRM1,GO:0090316
CHRM1,GO:0043270
CHRM1,GO:0099170
CHRM1,GO:0060251
CHRM1,GO:0040012
CHRM1,GO:0060078
CHRM1,GO:0046541
CHRM1,GO:0007165
CETP,R-HSA-8964041
CETP,R-HSA-8964058
CETP,R-HSA-9029569
CETP,GO:0042632
CETP,GO:0008203
CETP,GO:0030301
CETP,GO:0034375
CETP,GO:0055088
CETP,GO:0006869
CETP,GO:0034374
CETP,GO:0010745
CETP,GO:0046470
CETP,GO:0055091
CETP,GO:0032376
CETP,GO:2001140
CETP,GO:0010874
CETP,GO:0043691
CETP,GO:0070328
CETP,GO:0006641
CETP,GO:0034197
CETP,GO:0034372
CHRM3,R-HSA-390648
CHRM3,R-HSA-399997
CHRM3,R-HSA-416476
CHRM3,GO:0095500
CHRM3,GO:0007197
CHRM3,GO:0019722
CHRM3,GO:0007268
CHRM3,GO:0007213
CHRM3,GO:0007186
CHRM3,GO:0007187
CHRM3,GO:0007399
CHRM3,GO:0007207
CHRM3,GO:0045987
CHRM3,GO:0036211
CHRM3,GO:0006940
CHRM3,GO:0046541
CHRM3,GO:0007165
CHRM2,R-HSA-390648
CHRM2,R-HSA-418594
CHRM2,R-HSA-8856825
CHRM2,R-HSA-8856828
CHRM2,GO:0007197
CHRM2,GO:0007193
CHRM2,GO:0007188
CHRM2,GO:0007268
CHRM2,GO:0007213
CHRM2,GO:0007186
CHRM2,GO:0007187
CHRM2,GO:0007399
CHRM2,GO:0007207
CHRM2,GO:0099171
CHRM2,GO:0008016
CHRM2,GO:0006940
CHRM2,GO:0009615
CHRM4,R-HSA-390648
CHRM4,R-HSA-418594
CHRM4,GO:0007197
CHRM4,GO:0007166
CHRM4,GO:0007268
CHRM4,GO:0007213
CHRM4,GO:0007187
CHRM4,GO:0040012
CHRM4,GO:0007165
CHRM5,R-HSA-390648
CHRM5,R-HSA-416476
CHRM5,GO:0007197
CHRM5,GO:0007268
CHRM5,GO:0007213
CHRM5,GO:0007187
CHRM5,GO:0001696
CHRM5,GO:0060304
CHRNB4,R-HSA-629587
CHRNB4,R-HSA-629594
CHRNB4,R-HSA-629597
CHRNB4,R-HSA-6798695
CHRNB4,GO:0095500
CHRNB4,GO:0051899
CHRNB4,GO:0034220
CHRNB4,GO:0006811
CHRNB4,GO:0051971
CHRNB4,GO:0032098
CHRNB4,GO:0046928
CHRNB4,GO:1905144
CHRNB4,GO:0007165
CHRNB4,GO:0060084
CHRNB4,GO:0007271
CES2,R-HSA-211945
CES2,R-HSA-9749641
CES2,GO:0050784
CES2,GO:0098754
CES2,GO:0071273
CES2,GO:0006693
CES2,GO:0006805
CDC25A,R-HSA-1362277
CDC25A,R-HSA-156711
CDC25A,R-HSA-176187
CDC25A,R-HSA-5689880
CDC25A,R-HSA-69202
CDC25A,R-HSA-69273
CDC25A,R-HSA-69601
CDC25A,R-HSA-69656
CDC25A,R-HSA-8862803
CDC25A,GO:0051301
CDC25A,GO:0008283
CDC25A,GO:0000082
CDC25A,GO:0000086
CDC25A,GO:0045740
CDC25A,GO:0010971
CDC25A,GO:0110032
CDC25A,GO:0000079
CDC25A,GO:0009314
CLK4,GO:0043484
CCNC,R-HSA-1989781
CCNC,R-HSA-2122947
CCNC,R-HSA-212436
CCNC,R-HSA-2173796
CCNC,R-HSA-2644606
CCNC,R-HSA-2894862
CCNC,R-HSA-381340
CCNC,R-HSA-9833110
CCNC,R-HSA-9841922
CCNC,GO:0006351
CCNC,GO:0045023
CCNC,GO:0045746
CCNC,GO:0045944
CDK8,R-HSA-1989781
CDK8,R-HSA-2122947
CDK8,R-HSA-212436
CDK8,R-HSA-2173796
CDK8,R-HSA-2644606
CDK8,R-HSA-2894862
CDK8,R-HSA-381340
CDK8,R-HSA-9833110
CDK8,R-HSA-9841922
CDK8,GO:0006351
CDK8,GO:0045944
CLK1,GO:0043484
CDK6,R-HSA-2559580
CDK6,R-HSA-2559582
CDK6,R-HSA-2559585
CDK6,R-HSA-69231
CDK6,R-HSA-8934593
CDK6,R-HSA-9630794
CDK6,R-HSA-9632700
CDK6,R-HSA-9661069
CDK6,R-HSA-9754119
CDK6,GO:0014002
CDK6,GO:0043697
CDK6,GO:0051301
CDK6,GO:0021542
CDK6,GO:0006974
CDK6,GO:0000082
CDK6,GO:0000086
CDK6,GO:0048699
CDK6,GO:0042063
CDK6,GO:0030097
CDK6,GO:0021670
CDK6,GO:0045786
CDK6,GO:0045596
CDK6,GO:0008285
CDK6,GO:2000773
CDK6,GO:0050680
CDK6,GO:0045656
CDK6,GO:0045638
CDK6,GO:0045668
CDK6,GO:0001954
CDK6,GO:0048146
CDK6,GO:0051726
CDK6,GO:2000145
CDK6,GO:0045646
CDK6,GO:0010468
CDK6,GO:0009615
CDK6,GO:0007165
CDK6,GO:0003323
CHRNA3,R-HSA-629587
CHRNA3,R-HSA-629594
CHRNA3,R-HSA-629597
CHRNA3,GO:0095500
CHRNA3,GO:0035095
CHRNA3,GO:0060079
CHRNA3,GO:0007626
CHRNA3,GO:0051899
CHRNA3,GO:0034220
CHRNA3,GO:0006811
CHRNA3,GO:0007399
CHRNA3,GO:0007274
CHRNA3,GO:0099171
CHRNA3,GO:0014056
CHRNA3,GO:0032098
CHRNA3,GO:0048814
CHRNA3,GO:0042391
CHRNA3,GO:0006940
CHRNA3,GO:1905144
CHRNA3,GO:0035094
CHRNA3,GO:0007165
CHRNA3,GO:0060084
CHRNA3,GO:0007271
CDC25B,R-HSA-69273
CDC25B,R-HSA-69656
CDC25B,R-HSA-8862803
CDC25B,R-HSA-9825892
CDC25B,GO:0051301
CDC25B,GO:0000086
CDC25B,GO:0000278
CDC25B,GO:0008284
CDC25B,GO:0032467
CDC25B,GO:0010971
CDC25B,GO:0110032
CDC25B,GO:0045931
CDC25B,GO:0006468
MT2A,R-HSA-5661231
MT2A,R-HSA-877300
MT2A,GO:0071276
MT2A,GO:0071280
MT2A,GO:0036018
MT2A,GO:0036016
MT2A,GO:0071294
MT2A,GO:0010273
MT2A,GO:0006878
MT2A,GO:0006882
MT2A,GO:0045926
CHRNA7,R-HSA-629594
CHRNA7,GO:0095500
CHRNA7,GO:0006816
CHRNA7,GO:0007268
CHRNA7,GO:0050890
CHRNA7,GO:0140059
CHRNA7,GO:0097061
CHRNA7,GO:0060079
CHRNA7,GO:0006874
CHRNA7,GO:0007611
CHRNA7,GO:0007613
CHRNA7,GO:0098815
CHRNA7,GO:0034220
CHRNA7,GO:0006811
CHRNA7,GO:1902430
CHRNA7,GO:0043124
CHRNA7,GO:1900016
CHRNA7,GO:0032720
CHRNA7,GO:1902004
CHRNA7,GO:0045766
CHRNA7,GO:0008284
CHRNA7,GO:0070374
CHRNA7,GO:2000463
CHRNA7,GO:1900273
CHRNA7,GO:0043410
CHRNA7,GO:0051247
CHRNA7,GO:1905906
CHRNA7,GO:1902991
CHRNA7,GO:0042391
CHRNA7,GO:1905144
CHRNA7,GO:1904645
CHRNA7,GO:0001666
CHRNA7,GO:0035094
CHRNA7,GO:0050893
CHRNA7,GO:0007614
CHRNA7,GO:0007165
CHRNA7,GO:0050808
CHRNA7,GO:0060084
CHRNA7,GO:0007271
CGAS,R-HSA-1834941
CGAS,R-HSA-9920588
CGAS,GO:0002218
CGAS,GO:0071360
CGAS,GO:0140896
CGAS,GO:0002753
CGAS,GO:0051607
CGAS,GO:0006974
CGAS,GO:0006281
CGAS,GO:0045087
CGAS,GO:0160049
CGAS,GO:2000042
CGAS,GO:0038001
CGAS,GO:0002221
CGAS,GO:2000774
CGAS,GO:0002230
CGAS,GO:0032481
CDK5,R-HSA-180024
CDK5,R-HSA-399956
CDK5,R-HSA-6804756
CDK5,R-HSA-8862803
CDK5,R-HSA-9031628
CDK5,R-HSA-9032845
CDK5,R-HSA-9768919
CDK5,R-HSA-983231
CDK5,R-HSA-9841922
CDK5,R-HSA-9931529
CDK5,R-HSA-9931530
CDK5,GO:0030036
CDK5,GO:0048675
CDK5,GO:0007409
CDK5,GO:0051301
CDK5,GO:1904646
CDK5,GO:0007268
CDK5,GO:0000226
CDK5,GO:1903234
CDK5,GO:0045892
CDK5,GO:0045861
CDK5,GO:0051402
CDK5,GO:0030182
CDK5,GO:0001764
CDK5,GO:0031175
CDK5,GO:0048709
CDK5,GO:0043525
CDK5,GO:0099533
CDK5,GO:0042981
CDK5,GO:0051726
CDK5,GO:1901987
CDK5,GO:0061001
CDK5,GO:0016241
CDK5,GO:1903076
CDK5,GO:0048167
CDK5,GO:0051966
CDK5,GO:1903421
CDK5,GO:0048511
CDK5,GO:0007416
CDK5,GO:0048488
CDK5,GO:0016079
CDK5,GO:0048489
CISD1,GO:0006879
CISD1,GO:0051604
CISD1,GO:0010506
CDK1,R-HSA-110056
CDK1,R-HSA-113507
CDK1,R-HSA-1362300
CDK1,R-HSA-162658
CDK1,R-HSA-174048
CDK1,R-HSA-174184
CDK1,R-HSA-176408
CDK1,R-HSA-176412
CDK1,R-HSA-176417
CDK1,R-HSA-2299718
CDK1,R-HSA-2465910
CDK1,R-HSA-2500257
CDK1,R-HSA-2514853
CDK1,R-HSA-2565942
CDK1,R-HSA-2980767
CDK1,R-HSA-2995383
CDK1,R-HSA-3301854
CDK1,R-HSA-380259
CDK1,R-HSA-380270
CDK1,R-HSA-380284
CDK1,R-HSA-380320
CDK1,R-HSA-4419969
CDK1,R-HSA-5620912
CDK1,R-HSA-5687128
CDK1,R-HSA-5689896
CDK1,R-HSA-6804114
CDK1,R-HSA-6804757
CDK1,R-HSA-68875
CDK1,R-HSA-69205
CDK1,R-HSA-69273
CDK1,R-HSA-69478
CDK1,R-HSA-75035
CDK1,R-HSA-8852276
CDK1,R-HSA-8854518
CDK1,R-HSA-8878166
CDK1,R-HSA-9833482
CDK1,GO:0006915
CDK1,GO:0051301
CDK1,GO:0016477
CDK1,GO:0070301
CDK1,GO:0007098
CDK1,GO:0030261
CDK1,GO:0006974
CDK1,GO:0006281
CDK1,GO:0006260
CDK1,GO:0030855
CDK1,GO:0070371
CDK1,GO:0000082
CDK1,GO:0000086
CDK1,GO:0090166
CDK1,GO:0000226
CDK1,GO:1902850
CDK1,GO:0007095
CDK1,GO:0007077
CDK1,GO:0043066
CDK1,GO:0031397
CDK1,GO:0018107
CDK1,GO:0060045
CDK1,GO:0045740
CDK1,GO:0010971
CDK1,GO:0010628
CDK1,GO:1905448
CDK1,GO:0062033
CDK1,GO:0042307
CDK1,GO:1900182
CDK1,GO:2000060
CDK1,GO:0007344
CDK1,GO:0016579
CDK1,GO:0034501
CDK1,GO:0065003
CDK1,GO:1902423
CDK1,GO:0042752
CDK1,GO:0045995
CDK1,GO:0120261
CDK1,GO:0014038
CDK1,GO:0014823
CDK1,GO:0014075
CDK1,GO:0048678
CDK1,GO:0046686
CDK1,GO:0046688
CDK1,GO:0045471
CDK1,GO:0009636
CDK1,GO:0048511
CDK1,GO:0055015
CDK5,GO:0051649
CDC25B,GO:1902751
CDC25A,GO:1902751
CCNC,GO:0006357
CYP2A13,R-HSA-211935
CYP2A13,R-HSA-211981
CYP2A13,R-HSA-211999
CYP2A13,R-HSA-5423646
CYP2A13,GO:0046222
CYP2A13,GO:0009804
CYP2A13,GO:0019373
CYP2A13,GO:0006805
CYP2C19,R-HSA-211981
CYP2C19,R-HSA-211999
CYP2C19,R-HSA-2142670
CYP2C19,R-HSA-2142816
CYP2C19,R-HSA-9749641
CYP2C19,GO:0019373
CYP2C19,GO:0001676
CYP2C19,GO:0016098
CYP2C19,GO:0097267
CYP2C19,GO:0008202
CYP2C19,GO:0042178
CYP2C19,GO:0006805
CYP2B6,R-HSA-211935
CYP2B6,R-HSA-211945
CYP2B6,R-HSA-211981
CYP2B6,R-HSA-211999
CYP2B6,GO:0019373
CYP2B6,GO:0042180
CYP2B6,GO:0008202
CYP2B6,GO:0042178
CYP2B6,GO:0006805
CYP1A2,R-HSA-156581
CYP1A2,R-HSA-211957
CYP1A2,R-HSA-2142670
CYP1A2,R-HSA-2142816
CYP1A2,R-HSA-5423646
CYP1A2,R-HSA-9018681
CYP1A2,R-HSA-9027307
CYP1A2,GO:0046222
CYP1A2,GO:0009820
CYP1A2,GO:0008203
CYP1A2,GO:0019373
CYP1A2,GO:0008210
CYP1A2,GO:0042759
CYP1A2,GO:0032259
CYP1A2,GO:0032787
CYP1A2,GO:0016098
CYP1A2,GO:0097267
CYP1A2,GO:0070989
CYP1A2,GO:0042572
CYP1A2,GO:0006706
CYP1A2,GO:0009403
CYP1A2,GO:0009404
CYP1A2,GO:0042178
CYP1A2,GO:0006805
CYP1A1,R-HSA-1989781
CYP1A1,R-HSA-211981
CYP1A1,R-HSA-2142670
CYP1A1,R-HSA-2142816
CYP1A1,R-HSA-9018681
CYP1A1,GO:0042904
CYP1A1,GO:0043010
CYP1A1,GO:0071280
CYP1A1,GO:0009804
CYP1A1,GO:0019341
CYP1A1,GO:0048565
CYP1A1,GO:0019373
CYP1A1,GO:0008210
CYP1A1,GO:0009692
CYP1A1,GO:0006631
CYP1A1,GO:0009812
CYP1A1,GO:0070365
CYP1A1,GO:0017143
CYP1A1,GO:0002933
CYP1A1,GO:0042759
CYP1A1,GO:0001676
CYP1A1,GO:0060137
CYP1A1,GO:0046209
CYP1A1,GO:0097267
CYP1A1,GO:0006778
CYP1A1,GO:1900087
CYP1A1,GO:1904612
CYP1A1,GO:1904681
CYP1A1,GO:1904010
CYP1A1,GO:0046685
CYP1A1,GO:1901497
CYP1A1,GO:0032094
CYP1A1,GO:0033595
CYP1A1,GO:0009635
CYP1A1,GO:0055093
CYP1A1,GO:0001666
CYP1A1,GO:0035902
CYP1A1,GO:0010041
CYP1A1,GO:0032496
CYP1A1,GO:0009624
CYP1A1,GO:0033189
CYP1A1,GO:0042572
CYP1A1,GO:0006694
CYP1A1,GO:0006706
CYP1A1,GO:0008202
CYP1A1,GO:0048771
CYP1A1,GO:0009404
CYP1A1,GO:0042359
CYP1A1,GO:0042178
CYP1A1,GO:0006805
CYP2A6,R-HSA-211981
CYP2A6,R-HSA-211999
CYP2A6,GO:0046226
CYP2A6,GO:0009804
CYP2A6,GO:0019373
CYP2A6,GO:0008202
CYP2A6,GO:0042178
CYP2A6,GO:0006805
CYP1B1,R-HSA-211976
CYP1B1,R-HSA-2142670
CYP1B1,R-HSA-2142816
CYP1B1,R-HSA-5579000
CYP1B1,GO:0019369
CYP1B1,GO:0048514
CYP1B1,GO:0007155
CYP1B1,GO:0070301
CYP1B1,GO:0030199
CYP1B1,GO:0043542
CYP1B1,GO:0019373
CYP1B1,GO:0008210
CYP1B1,GO:0008631
CYP1B1,GO:0046466
CYP1B1,GO:0033629
CYP1B1,GO:0030336
CYP1B1,GO:0008285
CYP1B1,GO:0006809
CYP1B1,GO:0097267
CYP1B1,GO:0045766
CYP1B1,GO:0043065
CYP1B1,GO:0046427
CYP1B1,GO:0010575
CYP1B1,GO:2000377
CYP1B1,GO:0061304
CYP1B1,GO:0042574
CYP1B1,GO:0042572
CYP1B1,GO:0006706
CYP1B1,GO:0008202
CYP1B1,GO:0016125
CYP1B1,GO:0009404
CYP1B1,GO:0002930
CYP1B1,GO:0042178
CYP1B1,GO:0006805
CSNK1E,R-HSA-201688
CSNK1E,R-HSA-2565942
CSNK1E,R-HSA-380259
CSNK1E,R-HSA-380270
CSNK1E,R-HSA-380284
CSNK1E,R-HSA-380320
CSNK1E,R-HSA-5620912
CSNK1E,R-HSA-6791226
CSNK1E,R-HSA-69601
CSNK1E,R-HSA-8854518
CSNK1E,R-HSA-9931521
CSNK1E,R-HSA-9931530
CSNK1E,GO:0060070
CSNK1E,GO:1990090
CSNK1E,GO:0048512
CSNK1E,GO:0032922
CSNK1E,GO:0006281
CSNK1E,GO:0006897
CSNK1E,GO:0051058
CSNK1E,GO:0035567
CSNK1E,GO:1902004
CSNK1E,GO:0090263
CSNK1E,GO:2000052
CSNK1E,GO:0032436
CSNK1E,GO:0006468
CSNK1E,GO:0042752
CSNK1E,GO:0032880
CSNK1E,GO:0007165
CMA1,R-HSA-1433557
CMA1,R-HSA-1592389
CMA1,R-HSA-2022377
CMA1,GO:0002003
CMA1,GO:0034769
CMA1,GO:0071333
CMA1,GO:0140447
CMA1,GO:0022617
CMA1,GO:0030901
CMA1,GO:0006518
CMA1,GO:0045766
CMA1,GO:0030163
CMA1,GO:0051604
CMA1,GO:0050727
CNR1,R-HSA-373076
CNR1,R-HSA-418594
CNR1,GO:0007189
CNR1,GO:0007188
CNR1,GO:0038171
CNR1,GO:0007187
CNR1,GO:0099509
CNR1,GO:0098921
CSNK2A1,R-HSA-1483191
CSNK2A1,R-HSA-201688
CSNK2A1,R-HSA-2514853
CSNK2A1,R-HSA-445144
CSNK2A1,R-HSA-6804756
CSNK2A1,R-HSA-6814122
CSNK2A1,R-HSA-8934903
CSNK2A1,R-HSA-8939243
CSNK2A1,R-HSA-8948751
CSNK2A1,R-HSA-9755511
CSNK2A1,R-HSA-9768727
CSNK2A1,R-HSA-9828806
CSNK2A1,R-HSA-9929491
CSNK2A1,R-HSA-9931529
CSNK2A1,R-HSA-9931530
CSNK2A1,GO:0006915
CSNK2A1,GO:0006974
CSNK2A1,GO:0006351
CSNK2A1,GO:0006302
CSNK2A1,GO:0031507
CSNK2A1,GO:2001234
CSNK2A1,GO:2000042
CSNK2A1,GO:0032435
CSNK2A1,GO:1901797
CSNK2A1,GO:0017148
CSNK2A1,GO:0018105
CSNK2A1,GO:1905337
CSNK2A1,GO:0030307
CSNK2A1,GO:0008284
CSNK2A1,GO:0045893
CSNK2A1,GO:0045732
CSNK2A1,GO:0030177
CSNK2A1,GO:0006457
CSNK2A1,GO:0050821
CSNK2A1,GO:0051726
CSNK2A1,GO:1905818
CSNK2A1,GO:0048511
CSNK2A1,GO:0007165
CSNK2A1,GO:0075342
CSNK2A1,GO:0016055
CMKLR1,R-HSA-373076
CMKLR1,GO:0006935
CMKLR1,GO:0002430
CMKLR1,GO:0007186
CMKLR1,GO:0006955
CMKLR1,GO:0006954
CMKLR1,GO:0032695
CMKLR1,GO:0007200
CMKLR1,GO:0120162
CMKLR1,GO:0007204
CMKLR1,GO:0045600
CMKLR1,GO:0010759
CMKLR1,GO:0050848
CMKLR1,GO:0050727
CMKLR1,GO:0001501
CPA1,R-HSA-9925561
CPA1,GO:0006691
CPA1,GO:0006508
CPA1,GO:0051603
CPA1,GO:0046686
CNR2,R-HSA-373076
CNR2,R-HSA-418594
CNR2,GO:0007189
CNR2,GO:0007187
CNR2,GO:0006955
CNR2,GO:0006954
CNR2,GO:0045759
CNR2,GO:0033004
CNR2,GO:0032229
CNR2,GO:0001975
CNR2,GO:0045471
CNR2,GO:0032496
CNR2,GO:0099553
CYP17A1,R-HSA-193048
CYP17A1,R-HSA-194002
CYP17A1,R-HSA-5579028
CYP17A1,GO:0006702
CYP17A1,GO:0034651
CYP17A1,GO:0006704
CYP17A1,GO:0042446
CYP17A1,GO:0042448
CYP17A1,GO:0007548
CYP17A1,GO:0006694
CYP17A1,GO:0008202
CTSK,R-HSA-1442490
CTSK,R-HSA-1474228
CTSK,R-HSA-1592389
CTSK,R-HSA-1679131
CTSK,R-HSA-2132295
CTSK,R-HSA-8939242
CTSK,GO:0030574
CTSK,GO:0022617
CTSK,GO:0000423
CTSK,GO:0006508
CTSK,GO:0051603
CTSK,GO:0006590
CRBN,R-HSA-9679191
CRBN,GO:0060173
CRBN,GO:0035641
CRBN,GO:0034766
CRBN,GO:0031333
CRBN,GO:0031334
CRBN,GO:0030177
CRBN,GO:0043161
CRBN,GO:0016567
CTSV,R-HSA-1236977
CTSV,R-HSA-1474228
CTSV,R-HSA-1592389
CTSV,R-HSA-1679131
CTSV,R-HSA-2022090
CTSV,R-HSA-2132295
CTSV,R-HSA-8939242
CTSV,GO:0019886
CTSV,GO:0022617
CTSV,GO:0051603
CYP19A1,R-HSA-193144
CYP19A1,R-HSA-211976
CYP19A1,R-HSA-5579030
CYP19A1,GO:0006710
CYP19A1,GO:0006703
CYP19A1,GO:0008585
CYP19A1,GO:2000866
CYP19A1,GO:0032355
CYP19A1,GO:0006694
CYP19A1,GO:0016125
CYP19A1,GO:0006949
CPA3,R-HSA-2022377
CPA3,GO:0002003
CPA3,GO:0006508
CYP17A1,GO:0042445
CYP17A1,GO:0120254
CSNK2A1,GO:0042176
CYP19A1,GO:0008209
CYP2B6,GO:0044281
CTSV,GO:0006508
CYP1B1,GO:0042445
CSNK1E,GO:0030111
CTSK,GO:0019886
CYP1B1,GO:0120254
CMA1,GO:0006508
CYP3A5,R-HSA-211981
CYP3A5,R-HSA-5423646
CYP3A5,GO:0046222
CYP3A5,GO:0009822
CYP3A5,GO:0008210
CYP3A5,GO:0002933
CYP3A5,GO:0070989
CYP3A5,GO:0042573
CYP3A5,GO:0042572
CYP3A5,GO:0008202
CYP3A5,GO:0042178
CYP3A5,GO:0006805
CYP2C9,R-HSA-211981
CYP2C9,R-HSA-211999
CYP2C9,R-HSA-2142670
CYP2C9,R-HSA-2142816
CYP2C9,R-HSA-9027307
CYP2C9,R-HSA-9749641
CYP2C9,GO:0008203
CYP2C9,GO:0019373
CYP2C9,GO:0008210
CYP2C9,GO:0046456
CYP2C9,GO:0042759
CYP2C9,GO:0032787
CYP2C9,GO:0016098
CYP2C9,GO:0097267
CYP2C9,GO:0090346
CYP2C9,GO:0070989
CYP2C9,GO:0008202
CYP2C9,GO:0019627
CYP2C9,GO:0042178
CYP2C9,GO:0006805
CYP2C8,R-HSA-211981
CYP2C8,R-HSA-211999
CYP2C8,R-HSA-2142670
CYP2C8,R-HSA-2142816
CYP2C8,R-HSA-9027307
CYP2C8,R-HSA-9749641
CYP2C8,GO:0019373
CYP2C8,GO:0008210
CYP2C8,GO:0046456
CYP2C8,GO:0002933
CYP2C8,GO:0042759
CYP2C8,GO:0097267
CYP2C8,GO:0006082
CYP2C8,GO:0070989
CYP2C8,GO:0042573
CYP2C8,GO:0042572
CYP2C8,GO:0008202
CYP2C8,GO:0042178
CYP2C8,GO:0006805
CYP3A4,R-HSA-211945
CYP3A4,R-HSA-211981
CYP3A4,R-HSA-5423646
CYP3A4,R-HSA-9027307
CYP3A4,R-HSA-9749641
CYP3A4,R-HSA-9754706
CYP3A4,R-HSA-9757110
CYP3A4,GO:0046222
CYP3A4,GO:0009822
CYP3A4,GO:0008209
CYP3A4,GO:0008203
CYP3A4,GO:0008210
CYP3A4,GO:0002933
CYP3A4,GO:0006629
CYP3A4,GO:0042759
CYP3A4,GO:0016098
CYP3A4,GO:0070989
CYP3A4,GO:0042573
CYP3A4,GO:0042572
CYP3A4,GO:0006706
CYP3A4,GO:0008202
CYP3A4,GO:0042369
CYP3A4,GO:0042359
CYP3A4,GO:0042178
CYP3A4,GO:0006805
DRD2,R-HSA-390651
DRD2,GO:0046717
DRD2,GO:0021984
DRD2,GO:0007195
DRD2,GO:0007628
DRD2,GO:0050482
DRD2,GO:0008306
DRD2,GO:0031223
DRD2,GO:0006914
DRD2,GO:0007409
DRD2,GO:0048148
DRD2,GO:0048149
DRD2,GO:0160213
DRD2,GO:0048755
DRD2,GO:0071361
DRD2,GO:0071300
DRD2,GO:0021853
DRD2,GO:0032922
DRD2,GO:0042417
DRD2,GO:0042756
DRD2,GO:0060079
DRD2,GO:0002031
DRD2,GO:1990384
DRD2,GO:0006874
DRD2,GO:0008104
DRD2,GO:0035556
DRD2,GO:0007626
DRD2,GO:0007616
DRD2,GO:0045776
DRD2,GO:0030336
DRD2,GO:0008285
DRD2,GO:1900038
DRD2,GO:0042321
DRD2,GO:0051481
DRD2,GO:0035305
DRD2,GO:0060160
DRD2,GO:0033602
DRD2,GO:0045824
DRD2,GO:0046676
DRD2,GO:0051898
DRD2,GO:0050709
DRD2,GO:0051967
DRD2,GO:0001976
DRD2,GO:0007270
DRD2,GO:0021769
DRD2,GO:0030432
DRD2,GO:0060158
DRD2,GO:0007200
DRD2,GO:0032467
DRD2,GO:0051586
DRD2,GO:0070374
DRD2,GO:0045745
DRD2,GO:1900168
DRD2,GO:0060124
DRD2,GO:1900273
DRD2,GO:0002052
DRD2,GO:0002092
DRD2,GO:0045944
DRD2,GO:0099170
DRD2,GO:0060134
DRD2,GO:0099171
DRD2,GO:0014059
DRD2,GO:0051584
DRD2,GO:0002027
DRD2,GO:0090325
DRD2,GO:0048169
DRD2,GO:0043266
DRD2,GO:0002028
DRD2,GO:0051823
DRD2,GO:0032228
DRD2,GO:0051209
DRD2,GO:0001975
DRD2,GO:0048678
DRD2,GO:0042220
DRD2,GO:0032355
DRD2,GO:0034776
DRD2,GO:0001666
DRD2,GO:0014854
DRD2,GO:0010039
DRD2,GO:0009416
DRD2,GO:0043278
DRD2,GO:0035094
DRD2,GO:0009636
DRD2,GO:0009410
DRD2,GO:0007608
DRD2,GO:0021756
DRD2,GO:0007416
DRD2,GO:0001659
DRD2,GO:0008542
DRD2,GO:0016055
CYP2E1,R-HSA-211981
CYP2E1,R-HSA-211999
CYP2E1,R-HSA-9027307
CYP2E1,R-HSA-9749641
CYP2E1,R-HSA-9753281
CYP2E1,GO:0018960
CYP2E1,GO:0018910
CYP2E1,GO:0018885
CYP2E1,GO:0019373
CYP2E1,GO:0042197
CYP2E1,GO:0002933
CYP2E1,GO:0042759
CYP2E1,GO:0001676
CYP2E1,GO:0016098
CYP2E1,GO:0008202
CYP2E1,GO:0006805
DYRK2,R-HSA-6804756
DYRK2,GO:0006974
DYRK2,GO:0042771
DYRK2,GO:0070885
DYRK2,GO:0045725
DYRK2,GO:0006468
DYRK2,GO:1901796
DYRK2,GO:0007224
CYP2D6,R-HSA-211935
CYP2D6,R-HSA-211958
CYP2D6,R-HSA-211981
CYP2D6,R-HSA-211999
CYP2D6,R-HSA-9027307
CYP2D6,R-HSA-9749641
CYP2D6,GO:0009822
CYP2D6,GO:0009820
CYP2D6,GO:0019369
CYP2D6,GO:0008203
CYP2D6,GO:0009804
CYP2D6,GO:0008210
CYP2D6,GO:0033076
CYP2D6,GO:0042759
CYP2D6,GO:0016098
CYP2D6,GO:0090350
CYP2D6,GO:0070989
CYP2D6,GO:0042572
CYP2D6,GO:0008202
CYP2D6,GO:0042178
CYP2D6,GO:0006805
DHODH,R-HSA-500753
DHODH,GO:0006207
DHODH,GO:0044205
DHODH,GO:0009220
DHODH,GO:0006225
DNMT3B,R-HSA-212300
DNMT3B,R-HSA-427413
DNMT3B,R-HSA-4655427
DNMT3B,R-HSA-5334118
DNMT3B,R-HSA-9710421
DNMT3B,GO:0032259
DNMT3B,GO:0000122
DNMT3B,GO:0010628
DHFR,R-HSA-1474151
DHFR,R-HSA-196757
DHFR,R-HSA-69205
DHFR,GO:0006207
DHFR,GO:0031103
DHFR,GO:0046452
DHFR,GO:0006260
DHFR,GO:0046655
DHFR,GO:0017148
DHFR,GO:0006730
DHFR,GO:2000121
DHFR,GO:0031427
DHFR,GO:0006729
DHFR,GO:0046654
DHFR,GO:0046653
CYP2J2,R-HSA-211935
CYP2J2,R-HSA-211981
CYP2J2,R-HSA-2142670
CYP2J2,GO:0019373
CYP2J2,GO:0006631
CYP2J2,GO:0006690
CYP2J2,GO:0043651
CYP2J2,GO:0006082
CYP2J2,GO:0008016
CYP2J2,GO:0006805
CYSLTR1,R-HSA-391906
CYSLTR1,R-HSA-416476
CYSLTR1,R-HSA-9664535
CYSLTR1,R-HSA-9679191
CYSLTR1,GO:0006952
CYSLTR1,GO:0007218
CYSLTR1,GO:0007204
CYSLTR1,GO:0007585
DYRK1B,GO:0060612
DYRK1B,GO:0006281
DYRK1B,GO:0045893
DYRK1B,GO:0006468
CYP46A1,R-HSA-193775
CYP46A1,R-HSA-211976
CYP46A1,GO:0006699
CYP46A1,GO:0006707
CYP46A1,GO:0007399
CYP46A1,GO:0042448
CYP46A1,GO:1903044
CYP46A1,GO:1900271
CYP46A1,GO:0016125
CYP46A1,GO:0006805
DAO,R-HSA-389661
DAO,R-HSA-9033241
DAO,GO:0055130
DAO,GO:0019478
DAO,GO:0036088
DAO,GO:0070178
DAO,GO:0007586
DAO,GO:0042416
DAO,GO:0006562
DAO,GO:0070945
DNM1,R-HSA-166016
DNM1,R-HSA-177504
DNM1,R-HSA-190873
DNM1,R-HSA-196025
DNM1,R-HSA-2132295
DNM1,R-HSA-3928665
DNM1,R-HSA-437239
DNM1,R-HSA-8856828
DNM1,GO:0099049
DNM1,GO:0006897
DNM1,GO:0007032
DNM1,GO:0051260
DNM1,GO:0051289
DNM1,GO:0006898
DNM1,GO:0097494
DNM1,GO:0016185
DNM1,GO:0099050
DPP4,R-HSA-381771
DPP4,R-HSA-400511
DPP4,GO:0007155
DPP4,GO:0043542
DPP4,GO:0120116
DPP4,GO:0061025
DPP4,GO:0010716
DPP4,GO:0090024
DPP4,GO:0016486
DPP4,GO:0008284
DPP4,GO:0006508
DPP4,GO:0019065
DPP4,GO:0046813
DPP4,GO:0033632
DPP4,GO:0001666
DPP4,GO:0046718
DPP4,GO:0042110
DPP4,GO:0031295
DOT1L,R-HSA-3214841
DOT1L,GO:0000077
DOT1L,GO:0006281
DOT1L,GO:0032259
DOT1L,GO:0045944
DOT1L,GO:0046425
DOT1L,GO:2000677
DOT1L,GO:0031509
DOT1L,GO:0032200
CYSLTR2,R-HSA-391906
CYSLTR2,R-HSA-416476
CYSLTR2,R-HSA-418555
CYSLTR2,R-HSA-9664535
CYSLTR2,GO:0006955
CYSLTR2,GO:0007218
DYRK1A,R-HSA-1538133
DYRK1A,GO:0007623
DYRK1A,GO:0006351
DYRK1A,GO:0043518
DYRK1A,GO:0031452
DYRK1A,GO:0031115
DYRK1A,GO:0007399
DYRK1A,GO:0018108
DYRK1A,GO:0045893
DYRK1A,GO:2000781
DYRK1A,GO:0033120
DYRK1A,GO:0046777
DYRK1A,GO:0006468
DYRK1A,GO:0000381
DYRK1A,GO:1902003
DYRK1A,GO:1902996
DNMT1,R-HSA-212300
DNMT1,R-HSA-427413
DNMT1,R-HSA-4655427
DNMT1,R-HSA-5334118
DNMT1,R-HSA-9701898
DNMT1,R-HSA-9710421
DNMT1,R-HSA-9725371
DNMT1,GO:0141119
DNMT1,GO:0006346
DNMT1,GO:0006351
DNMT1,GO:0032259
DNMT1,GO:0010629
DNMT1,GO:0044027
DNMT1,GO:0000122
DNMT1,GO:1905460
DNMT1,GO:1905931
DNMT1,GO:0010628
DNMT1,GO:1904707
DAO,GO:0170035
DAO,GO:0170040
CYP2E1,GO:0006631
DAO,GO:0046416
DRD2,GO:0051240
DRD2,GO:0051952
DRD2,GO:1903530
DOT1L,GO:0031507
CYP2C8,GO:0032787
CYP2C8,GO:0006721
CYP2D6,GO:0042445
DNMT3B,GO:0010468
DOT1L,GO:0051726
ELANE,R-HSA-1442490
ELANE,R-HSA-1474228
ELANE,R-HSA-1592389
ELANE,R-HSA-5620971
ELANE,R-HSA-6798695
ELANE,R-HSA-6803157
ELANE,R-HSA-977606
ELANE,R-HSA-9911233
ELANE,GO:0002438
ELANE,GO:0002812
ELANE,GO:0042742
ELANE,GO:0022617
ELANE,GO:0006874
ELANE,GO:0002523
ELANE,GO:0032682
ELANE,GO:0050922
ELANE,GO:0031452
ELANE,GO:0050728
ELANE,GO:0032717
ELANE,GO:0000122
ELANE,GO:0140645
ELANE,GO:0070944
ELANE,GO:0070947
ELANE,GO:0070945
ELANE,GO:0006909
ELANE,GO:0032757
ELANE,GO:1903238
ELANE,GO:0043406
ELANE,GO:0048661
ELANE,GO:0030163
ELANE,GO:0006508
ELANE,GO:0070269
ELANE,GO:0009411
FABP4,R-HSA-163560
FABP4,R-HSA-381340
FABP4,R-HSA-9841922
FABP4,GO:0015908
FABP4,GO:0015909
FABP4,GO:0120162
FABP4,GO:0019433
FABP4,GO:0070343
EBP,R-HSA-6807047
EBP,R-HSA-9969901
EBP,GO:0006695
EBP,GO:0033489
EBP,GO:0033490
EBP,GO:0008203
EBP,GO:0043931
EPHX2,R-HSA-2142670
EPHX2,R-HSA-9018682
EPHX2,R-HSA-9033241
EPHX2,GO:0042632
EPHX2,GO:0016311
EPHX2,GO:0097176
EPHX2,GO:0046839
EPHX2,GO:0010628
EPHX2,GO:0001558
EPHX2,GO:0090181
EPHX2,GO:0009636
EPHX2,GO:0046272
F10,R-HSA-140834
F10,R-HSA-140837
F10,R-HSA-140875
F10,R-HSA-159740
F10,R-HSA-159763
F10,R-HSA-159782
F10,R-HSA-9672383
F10,R-HSA-9672396
F10,R-HSA-9673202
F10,GO:0007596
F10,GO:0030335
F10,GO:0032008
F10,GO:0006508
F3,R-HSA-140834
F3,R-HSA-9031628
F3,GO:0002543
F3,GO:0002541
F3,GO:0007596
F3,GO:0019221
F3,GO:0045766
F3,GO:0030335
F3,GO:2000353
F3,GO:0001938
F3,GO:0010628
F3,GO:0032757
F3,GO:0010641
F3,GO:0050927
F3,GO:0032008
F3,GO:0016485
F2,R-HSA-140837
F2,R-HSA-140875
F2,R-HSA-159740
F2,R-HSA-159763
F2,R-HSA-159782
F2,R-HSA-202733
F2,R-HSA-375276
F2,R-HSA-381426
F2,R-HSA-416476
F2,R-HSA-456926
F2,R-HSA-76009
F2,R-HSA-9657688
F2,R-HSA-9672391
F2,R-HSA-977606
F2,R-HSA-9918481
F2,GO:0006953
F2,GO:0061844
F2,GO:0007596
F2,GO:0007166
F2,GO:0051838
F2,GO:0042730
F2,GO:0048712
F2,GO:0030195
F2,GO:1900016
F2,GO:0051918
F2,GO:0010544
F2,GO:0045861
F2,GO:0070945
F2,GO:0030168
F2,GO:0030194
F2,GO:0032967
F2,GO:1900738
F2,GO:1900182
F2,GO:2000379
F2,GO:0046427
F2,GO:0051281
F2,GO:0006508
F2,GO:0030193
F2,GO:0051480
F2,GO:0009611
F2,GO:0070493
ELOC,R-HSA-112382
ELOC,R-HSA-1234176
ELOC,R-HSA-167152
ELOC,R-HSA-167200
ELOC,R-HSA-167238
ELOC,R-HSA-167243
ELOC,R-HSA-167246
ELOC,R-HSA-167287
ELOC,R-HSA-167290
ELOC,R-HSA-180585
ELOC,R-HSA-674695
ELOC,R-HSA-6796648
ELOC,R-HSA-75955
ELOC,R-HSA-8951664
ELOC,R-HSA-9010553
ELOC,R-HSA-9705462
ELOC,R-HSA-983168
ELOC,R-HSA-9833109
ELOC,R-HSA-9954709
ELOC,GO:2000104
ELOC,GO:0000122
ELOC,GO:0043161
ELOC,GO:0016567
ELOC,GO:0006357
ELOC,GO:1990116
ELOC,GO:0140958
ELOC,GO:0006367
ELOC,GO:0006511
ELOC,GO:0140627
EP300,R-HSA-1234158
EP300,R-HSA-156711
EP300,R-HSA-1912408
EP300,R-HSA-1989781
EP300,R-HSA-201722
EP300,R-HSA-210744
EP300,R-HSA-2122947
EP300,R-HSA-2173796
EP300,R-HSA-2197563
EP300,R-HSA-2644606
EP300,R-HSA-2894862
EP300,R-HSA-3134973
EP300,R-HSA-3214847
EP300,R-HSA-3371568
EP300,R-HSA-381340
EP300,R-HSA-3899300
EP300,R-HSA-5250924
EP300,R-HSA-5617472
EP300,R-HSA-5621575
EP300,R-HSA-5689901
EP300,R-HSA-6804114
EP300,R-HSA-6804758
EP300,R-HSA-6804760
EP300,R-HSA-6811555
EP300,R-HSA-8866907
EP300,R-HSA-8936459
EP300,R-HSA-8939243
EP300,R-HSA-8941856
EP300,R-HSA-8941858
EP300,R-HSA-8951936
EP300,R-HSA-9013508
EP300,R-HSA-9013695
EP300,R-HSA-9018519
EP300,R-HSA-9029569
EP300,R-HSA-9031628
EP300,R-HSA-918233
EP300,R-HSA-933541
EP300,R-HSA-9614657
EP300,R-HSA-9616222
EP300,R-HSA-9617629
EP300,R-HSA-9701898
EP300,R-HSA-9707616
EP300,R-HSA-9735871
EP300,R-HSA-9759194
EP300,R-HSA-9793380
EP300,R-HSA-9818026
EP300,R-HSA-9818027
EP300,R-HSA-9818028
EP300,R-HSA-9818030
EP300,R-HSA-9818032
EP300,R-HSA-9818035
EP300,R-HSA-9818749
EP300,R-HSA-9819196
EP300,R-HSA-9833109
EP300,R-HSA-9839394
EP300,R-HSA-9841922
EP300,R-HSA-9856649
EP300,R-HSA-9909649
EP300,R-HSA-9931509
EP300,R-HSA-9933387
EP300,GO:0006915
EP300,GO:0002209
EP300,GO:0007249
EP300,GO:0060070
EP300,GO:0071233
EP300,GO:0031669
EP300,GO:0034644
EP300,GO:0007623
EP300,GO:0140861
EP300,GO:0060325
EP300,GO:0045444
EP300,GO:0043923
EP300,GO:0018393
EP300,GO:0006475
EP300,GO:0042771
EP300,GO:0007611
EP300,GO:0035264
EP300,GO:0010507
EP300,GO:1903444
EP300,GO:1902340
EP300,GO:0045721
EP300,GO:0032460
EP300,GO:0031333
EP300,GO:0000122
EP300,GO:0007399
EP300,GO:0140067
EP300,GO:0140066
EP300,GO:0061921
EP300,GO:0045893
EP300,GO:0010976
EP300,GO:0042307
EP300,GO:0046427
EP300,GO:2000330
EP300,GO:1904263
EP300,GO:1904515
EP300,GO:0045944
EP300,GO:0030511
EP300,GO:0006473
EP300,GO:0031648
EP300,GO:0050821
EP300,GO:0060765
EP300,GO:0010506
EP300,GO:1900034
EP300,GO:0006110
EP300,GO:0010821
EP300,GO:2000819
EP300,GO:1901796
EP300,GO:0090043
EP300,GO:0043627
EP300,GO:0001666
EP300,GO:0002223
EP300,GO:0036268
EP300,GO:0001966
EP300,GO:0045815
FABP1,R-HSA-163560
FABP1,R-HSA-189483
FABP1,R-HSA-1989781
FABP1,R-HSA-400206
FABP1,R-HSA-9707564
FABP1,GO:1990748
FABP1,GO:0070301
FABP1,GO:0071456
FABP1,GO:0015908
FABP1,GO:0042167
FABP1,GO:0019216
FABP1,GO:0019433
EZH2,R-HSA-212300
EZH2,R-HSA-2559580
EZH2,R-HSA-3214841
EZH2,R-HSA-5617472
EZH2,R-HSA-8943724
EZH2,R-HSA-8953750
EZH2,R-HSA-9609690
EZH2,R-HSA-9710421
EZH2,R-HSA-9764725
EZH2,R-HSA-9909649
EZH2,GO:0030183
EZH2,GO:0006325
EZH2,GO:0006351
EZH2,GO:0140718
EZH2,GO:0031507
EZH2,GO:0021766
EZH2,GO:0032259
EZH2,GO:1900016
EZH2,GO:0045892
EZH2,GO:0045814
EZH2,GO:0048387
EZH2,GO:0000122
EZH2,GO:1902808
EZH2,GO:0030335
EZH2,GO:0008284
EZH2,GO:1900006
EZH2,GO:0010718
EZH2,GO:0043547
EZH2,GO:0043406
EZH2,GO:0071902
EZH2,GO:0042752
EZH2,GO:0006355
EZH2,GO:0090183
EZH2,GO:0031048
EZH2,GO:0032355
EZH2,GO:0048511
EZH2,GO:0031509
EZH2,GO:0051932
FAAH,R-HSA-2142753
FAAH,GO:0019369
FAAH,GO:0009062
FAAH,GO:0052651
FAAH,GO:0045907
FAAH,GO:0150036
FAAH,GO:0045471
FAAH,GO:0035902
FABP3,R-HSA-163560
FABP3,GO:0042632
FABP3,GO:0006631
FABP3,GO:0032365
FABP3,GO:0015909
FABP3,GO:0008285
FABP3,GO:0055091
FABP3,GO:0140214
FABP3,GO:0071073
FABP3,GO:0046320
FABP3,GO:0070542
FABP3,GO:0032868
FABP3,GO:0009410
FABP3,GO:0019433
ESR2,R-HSA-1257604
ESR2,R-HSA-2219530
ESR2,R-HSA-383280
ESR2,R-HSA-6811558
ESR2,R-HSA-8939211
ESR2,R-HSA-9009391
ESR2,GO:0007267
ESR2,GO:0071392
ESR2,GO:0006351
ESR2,GO:0030520
ESR2,GO:0030308
ESR2,GO:0000122
ESR2,GO:0045893
ESR2,GO:0045944
ESR2,GO:0006355
ESR2,GO:0006357
ESR2,GO:0007165
ESRRA,R-HSA-1989781
ESRRA,R-HSA-2151201
ESRRA,R-HSA-383280
ESRRA,R-HSA-8939902
ESRRA,GO:0006351
ESRRA,GO:0045944
ESRRA,GO:0006355
ESRRA,GO:0006357
ESRRB,R-HSA-383280
ESRRB,GO:0043697
ESRRB,GO:0008283
ESRRB,GO:0006351
ESRRB,GO:0048839
ESRRB,GO:0140001
ESRRB,GO:2000737
ESRRB,GO:0045494
ESRRB,GO:0045893
ESRRB,GO:1902459
ESRRB,GO:0045944
ESRRB,GO:0006355
ESRRB,GO:2000035
ESRRB,GO:0006357
ESRRB,GO:0035019
ESRRB,GO:0017145
ESRRB,GO:0019827
EGFR,R-HSA-1227986
EGFR,R-HSA-1236382
EGFR,R-HSA-1236394
EGFR,R-HSA-1250196
EGFR,R-HSA-1251932
EGFR,R-HSA-1257604
EGFR,R-HSA-177929
EGFR,R-HSA-179812
EGFR,R-HSA-180292
EGFR,R-HSA-180336
EGFR,R-HSA-182971
EGFR,R-HSA-1963640
EGFR,R-HSA-1963642
EGFR,R-HSA-212718
EGFR,R-HSA-2179392
EGFR,R-HSA-2219530
EGFR,R-HSA-445144
EGFR,R-HSA-5637810
EGFR,R-HSA-5638303
EGFR,R-HSA-5673001
EGFR,R-HSA-6785631
EGFR,R-HSA-6811558
EGFR,R-HSA-8847993
EGFR,R-HSA-8856825
EGFR,R-HSA-8856828
EGFR,R-HSA-8857538
EGFR,R-HSA-8863795
EGFR,R-HSA-8866910
EGFR,R-HSA-9009391
EGFR,R-HSA-9013507
EGFR,R-HSA-9609690
EGFR,R-HSA-9634638
EGFR,R-HSA-9664565
EGFR,R-HSA-9665348
EGFR,R-HSA-9665686
EGFR,R-HSA-9820960
EGFR,R-HSA-9927432
EGFR,GO:0007166
EGFR,GO:0098609
EGFR,GO:0071230
EGFR,GO:0071364
EGFR,GO:0071392
EGFR,GO:0007173
EGFR,GO:0038134
EGFR,GO:0007611
EGFR,GO:0043066
EGFR,GO:1905208
EGFR,GO:0042059
EGFR,GO:0042177
EGFR,GO:0030182
EGFR,GO:0001503
EGFR,GO:0043491
EGFR,GO:0090263
EGFR,GO:0030307
EGFR,GO:0030335
EGFR,GO:0008284
EGFR,GO:0045739
EGFR,GO:0045740
EGFR,GO:0050679
EGFR,GO:0070374
EGFR,GO:0048146
EGFR,GO:1900087
EGFR,GO:0043410
EGFR,GO:1902895
EGFR,GO:0033138
EGFR,GO:0051897
EGFR,GO:0042327
EGFR,GO:0090037
EGFR,GO:1903078
EGFR,GO:0001934
EGFR,GO:0045944
EGFR,GO:0051205
EGFR,GO:0050730
EGFR,GO:0070141
EGFR,GO:0007165
ENPP1,R-HSA-196843
ENPP1,R-HSA-199220
ENPP1,GO:0050427
ENPP1,GO:0046034
ENPP1,GO:0030282
ENPP1,GO:0032869
ENPP1,GO:0010467
ENPP1,GO:0006091
ENPP1,GO:0006955
ENPP1,GO:0030505
ENPP1,GO:0030643
ENPP1,GO:0030318
ENPP1,GO:0030502
ENPP1,GO:0030308
ENPP1,GO:0046325
ENPP1,GO:0045599
ENPP1,GO:0045719
ENPP1,GO:0046627
ENPP1,GO:0090304
ENPP1,GO:0009143
ENPP1,GO:0055062
ENPP1,GO:0006796
ENPP1,GO:0030500
ENPP1,GO:0033198
ESRRG,R-HSA-383280
ESRRG,GO:0006351
ESRRG,GO:0120162
ESRRG,GO:0045944
ESRRG,GO:0006355
ESRRG,GO:0006357
ESRRG,GO:0048384
EHMT1,R-HSA-2559582
EHMT1,R-HSA-3214841
EHMT1,R-HSA-6804760
EHMT1,R-HSA-8853884
EHMT1,R-HSA-8953750
EHMT1,R-HSA-9843970
EHMT1,GO:0160274
EHMT1,GO:0050873
EHMT1,GO:0006325
EHMT1,GO:0006346
EHMT1,GO:0040029
EHMT1,GO:0140718
EHMT1,GO:0045892
EHMT1,GO:0051148
EHMT1,GO:0000122
EHMT1,GO:0160275
EHMT1,GO:0018027
EHMT1,GO:0018026
EHMT1,GO:0120162
EHMT1,GO:0050821
EHMT1,GO:0045995
EHMT1,GO:0060992
EGLN1,R-HSA-1234176
EGLN1,GO:0071456
EGLN1,GO:0006879
EGLN1,GO:0032364
EGLN1,GO:1902072
EGLN1,GO:0045944
EGLN1,GO:0045765
EGLN1,GO:0099159
EGLN1,GO:0043523
EGLN1,GO:0140252
EGLN1,GO:0001666
EGLN1,GO:0071731
EHMT2,R-HSA-2559582
EHMT2,R-HSA-3214841
EHMT2,R-HSA-427389
EHMT2,R-HSA-6804760
EHMT2,R-HSA-73762
EHMT2,R-HSA-8853884
EHMT2,R-HSA-8953750
EHMT2,R-HSA-9843970
EHMT2,GO:0009267
EHMT2,GO:0030261
EHMT2,GO:0006346
EHMT2,GO:0040029
EHMT2,GO:0000122
EHMT2,GO:0018027
EHMT2,GO:0006275
ELAVL3,GO:0030154
ELAVL3,GO:0007399
EP300,GO:0006351
EP300,GO:1900182
EP300,GO:0048511
EHMT2,GO:0032259
EPHX2,GO:0006629
EGFR,GO:0006898
EHMT1,GO:0032259
ESRRA,GO:0010468
EBP,GO:0016126
EP300,GO:0006355
ESR2,GO:1901701
EGFR,GO:0007169
FFAR1,R-HSA-381771
FFAR1,R-HSA-400511
FFAR1,R-HSA-416476
FFAR1,R-HSA-434316
FFAR1,R-HSA-444209
FFAR1,GO:0007186
FFAR1,GO:0032691
FFAR1,GO:0007200
FFAR1,GO:0051928
FFAR1,GO:0007204
FFAR1,GO:0032024
FFAR1,GO:0070542
FUT7,R-HSA-9037629
FUT7,GO:0006672
FUT7,GO:0007566
FUT7,GO:0009101
FUT7,GO:0006954
FUT7,GO:0042355
FUT7,GO:0002523
FUT7,GO:0097022
FUT7,GO:0009312
FUT7,GO:0045785
FUT7,GO:0022409
FUT7,GO:1904996
FUT7,GO:1903238
FUT7,GO:1902624
FUT7,GO:0060353
FUT7,GO:0022407
FUT7,GO:0046626
FUT7,GO:1903037
FUT7,GO:1903236
FUT7,GO:2000389
FUT7,GO:0001807
FABP5,R-HSA-163560
FABP5,R-HSA-5362517
FABP5,R-HSA-6798695
FABP5,R-HSA-9725554
FABP5,GO:0008544
FABP5,GO:0015908
FABP5,GO:0006629
FABP5,GO:1990379
FABP5,GO:0015909
FABP5,GO:0120162
FABP5,GO:0035360
FABP5,GO:0031392
FABP5,GO:0099178
FABP5,GO:0051930
FABP5,GO:0098921
FABP5,GO:0019433
GABRA3,R-HSA-977443
GABRA3,GO:1902476
GABRA3,GO:0007214
GABRA3,GO:1904862
GABRA3,GO:0051932
FUT2,R-HSA-9033807
FUT2,R-HSA-9037629
FUT2,R-HSA-9840309
FUT2,GO:0005975
FUT2,GO:0009101
FUT2,GO:0006688
FUT2,GO:0042355
FUT2,GO:0009312
GABRR1,R-HSA-977443
GABRR1,GO:0007268
GABRR1,GO:1902476
GABRR1,GO:0007214
GABRR1,GO:0050804
GABRR1,GO:0051932
GABRA1,R-HSA-1236394
GABRA1,R-HSA-977443
GABRA1,GO:1902476
GABRA1,GO:0160001
GABRA1,GO:0007214
GABRA1,GO:1904862
GABRA1,GO:0051932
FNTA,R-HSA-111465
FNTA,R-HSA-2514859
FNTA,R-HSA-9648002
FNTA,R-HSA-9679191
FNTA,R-HSA-9953170
FNTA,GO:0080120
FNTA,GO:0007323
FNTA,GO:0035022
FNTA,GO:0018343
FNTA,GO:0018344
FNTA,GO:0060632
FNTA,GO:0071340
FNTA,GO:0007179
GABRB2,R-HSA-1236394
GABRB2,R-HSA-977443
GABRB2,GO:0071420
GABRB2,GO:0007268
GABRB2,GO:1902476
GABRB2,GO:0090102
GABRB2,GO:0160001
GABRB2,GO:0007214
GABRB2,GO:1904862
GABRB2,GO:0060119
GABRB2,GO:0060384
GABRB2,GO:0032229
GABRB2,GO:0051932
GABRA2,R-HSA-977443
GABRA2,GO:1902476
GABRA2,GO:0007214
GABRA2,GO:1904862
GABRA2,GO:0051932
GABRA5,R-HSA-977443
GABRA5,GO:1902476
GABRA5,GO:0090102
GABRA5,GO:0007214
GABRA5,GO:1904862
GABRA5,GO:0060119
GABRA5,GO:0060384
GABRA5,GO:0007165
GABRA5,GO:0051932
FYN,R-HSA-114604
FYN,R-HSA-1227986
FYN,R-HSA-1257604
FYN,R-HSA-1433557
FYN,R-HSA-1433559
FYN,R-HSA-164944
FYN,R-HSA-202733
FYN,R-HSA-2029481
FYN,R-HSA-210990
FYN,R-HSA-2219530
FYN,R-HSA-2424491
FYN,R-HSA-2682334
FYN,R-HSA-2730905
FYN,R-HSA-373753
FYN,R-HSA-375165
FYN,R-HSA-389356
FYN,R-HSA-389357
FYN,R-HSA-389359
FYN,R-HSA-389513
FYN,R-HSA-3928662
FYN,R-HSA-3928663
FYN,R-HSA-3928664
FYN,R-HSA-3928665
FYN,R-HSA-399954
FYN,R-HSA-399955
FYN,R-HSA-399956
FYN,R-HSA-418885 [P06241-1]
FYN,R-HSA-4420097
FYN,R-HSA-5621480
FYN,R-HSA-5621575
FYN,R-HSA-5673001
FYN,R-HSA-6811558
FYN,R-HSA-75892
FYN,R-HSA-8866376
FYN,R-HSA-9032500 [P06241-1]
FYN,R-HSA-9032759 [P06241-1]
FYN,R-HSA-912631
FYN,R-HSA-9664323
FYN,R-HSA-9664422
FYN,R-HSA-9670439
FYN,R-HSA-9680350
FYN,R-HSA-9706374
FYN,R-HSA-9766229 [P06241-1]
FYN,R-HSA-983695
FYN,R-HSA-9856530
FYN,GO:0002250
FYN,GO:0007411
FYN,GO:0006816
FYN,GO:0030154
FYN,GO:0007169
FYN,GO:1904646
FYN,GO:1905430
FYN,GO:0071363
FYN,GO:0070301
FYN,GO:1905232
FYN,GO:0071375
FYN,GO:0097062
FYN,GO:0048013
FYN,GO:0038096
FYN,GO:0007631
FYN,GO:0007216
FYN,GO:0003015
FYN,GO:0035556
FYN,GO:0007612
FYN,GO:0050900
FYN,GO:0050804
FYN,GO:0030101
FYN,GO:0016525
FYN,GO:1902951
FYN,GO:2001240
FYN,GO:0010629
FYN,GO:0010730
FYN,GO:0002862
FYN,GO:0043524
FYN,GO:1902176
FYN,GO:0050868
FYN,GO:0050860
FYN,GO:0018108
FYN,GO:0051897
FYN,GO:1905477
FYN,GO:0090314
FYN,GO:0038026
FYN,GO:1905664
FYN,GO:0008360
FYN,GO:1900449
FYN,GO:1904645
FYN,GO:0042220
FYN,GO:0000304
FYN,GO:0009410
FYN,GO:0002223
FYN,GO:0031295
FYN,GO:0050852
FYN,GO:0048010
GALNT2,R-HSA-6811436
GALNT2,R-HSA-913709
GALNT2,GO:0002639
GALNT2,GO:0051604
GALNT2,GO:0006493
GALNT2,GO:0016266
GABRB3,R-HSA-1236394
GABRB3,R-HSA-977443
GABRB3,GO:0071420
GABRB3,GO:1902476
GABRB3,GO:0090102
GABRB3,GO:0160001
GABRB3,GO:0007214
GABRB3,GO:0060080
GABRB3,GO:1904862
GABRB3,GO:0060119
GABRB3,GO:0060384
GABRB3,GO:0032229
GABRB3,GO:0060021
GABRB3,GO:0007165
GABRB3,GO:0051932
GABRG2,R-HSA-1236394
GABRG2,R-HSA-977443
GABRG2,GO:0071420
GABRG2,GO:1902476
GABRG2,GO:0160001
GABRG2,GO:0007214
GABRG2,GO:1904862
GABRG2,GO:0032229
GABRG2,GO:0051932
FKBP4,R-HSA-3371497
FKBP4,R-HSA-3371568
FKBP4,R-HSA-8939211
FKBP4,R-HSA-9018519
FKBP4,R-HSA-9679191
FKBP4,GO:0006825
FKBP4,GO:0031115
FKBP4,GO:0031111
FKBP4,GO:0010977
FKBP4,GO:0006457
FKBP1A,R-HSA-166208
FKBP1A,R-HSA-2025928
FKBP1A,R-HSA-2173789
FKBP1A,R-HSA-2173791
FKBP1A,R-HSA-3656535
FKBP1A,R-HSA-9679191
FKBP1A,R-HSA-9692916
FKBP1A,GO:0006458
FKBP1A,GO:1990000
FKBP1A,GO:0003007
FKBP1A,GO:0060347
FKBP1A,GO:0032926
FKBP1A,GO:0030512
FKBP1A,GO:0043123
FKBP1A,GO:0006457
FKBP1A,GO:0051604
FKBP1A,GO:0042026
FKBP1A,GO:1902991
FKBP1A,GO:0010881
FKBP1A,GO:0050776
FKBP1A,GO:0032880
FKBP1A,GO:0014809
FKBP1A,GO:0097435
FKBP1A,GO:0042110
FKBP1A,GO:0055010
FKBP5,R-HSA-3371497
FKBP5,R-HSA-8939211
FKBP5,R-HSA-9022699
FKBP5,R-HSA-9909505
FKBP5,GO:0051898
FKBP5,GO:0006457
FKBP5,GO:0097305
FKBP5,GO:0042220
FDPS,R-HSA-2426168
FDPS,R-HSA-9969896
FDPS,GO:0006695
FDPS,GO:0033489
FDPS,GO:0033490
FDPS,GO:0045337
FDPS,GO:0010142
FDPS,GO:0033384
FDPS,GO:0033386
FDPS,GO:0036197
FGFR4,R-HSA-109704
FGFR4,R-HSA-1257604
FGFR4,R-HSA-1307965
FGFR4,R-HSA-1839128
FGFR4,R-HSA-190322
FGFR4,R-HSA-2219530
FGFR4,R-HSA-5654228
FGFR4,R-HSA-5654712
FGFR4,R-HSA-5654719
FGFR4,R-HSA-5654720
FGFR4,R-HSA-5654733
FGFR4,R-HSA-5655291
FGFR4,R-HSA-5673001
FGFR4,R-HSA-6811558
FGFR4,GO:0016477
FGFR4,GO:0042632
FGFR4,GO:0008543
FGFR4,GO:0042593
FGFR4,GO:0018108
FGFR4,GO:0055062
FGFR4,GO:0043085
FGFR4,GO:0008284
FGFR4,GO:2000573
FGFR4,GO:0070374
FGFR4,GO:0010628
FGFR4,GO:0045862
FGFR4,GO:0046777
FGFR4,GO:0070857
FGFR4,GO:0010715
FGFR4,GO:0019216
FPR2,R-HSA-416476
FPR2,R-HSA-418594
FPR2,R-HSA-444473
FPR2,R-HSA-6798695
FPR2,GO:0007193
FPR2,GO:0048143
FPR2,GO:0019722
FPR2,GO:0007155
FPR2,GO:0007166
FPR2,GO:1904646
FPR2,GO:0006935
FPR2,GO:0002430
FPR2,GO:0042742
FPR2,GO:0097187
FPR2,GO:0007186
FPR2,GO:0002768
FPR2,GO:0006954
FPR2,GO:0045087
FPR2,GO:0001774
FPR2,GO:0050728
FPR2,GO:0007200
FPR2,GO:0050918
FPR2,GO:0007204
FPR2,GO:0070374
FPR2,GO:0045089
FPR2,GO:0090026
FPR2,GO:0050766
FPR2,GO:0051897
FPR2,GO:0032930
FPR2,GO:0006898
FLT3,R-HSA-109704
FLT3,R-HSA-1257604
FLT3,R-HSA-2219530
FLT3,R-HSA-5673001
FLT3,R-HSA-6811558
FLT3,R-HSA-9607240
FLT3,R-HSA-9645135
FLT3,R-HSA-9702509
FLT3,R-HSA-9702518
FLT3,R-HSA-9702569
FLT3,R-HSA-9702577
FLT3,R-HSA-9702581
FLT3,R-HSA-9702590
FLT3,R-HSA-9702596
FLT3,R-HSA-9702600
FLT3,R-HSA-9702605
FLT3,R-HSA-9702614
FLT3,R-HSA-9702620
FLT3,R-HSA-9702624
FLT3,R-HSA-9702632
FLT3,R-HSA-9702636
FLT3,R-HSA-9702998
FLT3,R-HSA-9703009
FLT3,R-HSA-9703648
FLT3,R-HSA-9706369
FLT3,R-HSA-9706374
FLT3,R-HSA-9706377
FLT3,GO:0030183
FLT3,GO:0016477
FLT3,GO:0007169
FLT3,GO:0071345
FLT3,GO:0071385
FLT3,GO:0035726
FLT3,GO:0019221
FLT3,GO:0097028
FLT3,GO:0030097
FLT3,GO:0001776
FLT3,GO:0097421
FLT3,GO:0046651
FLT3,GO:0002318
FLT3,GO:0018108
FLT3,GO:0008284
FLT3,GO:0043406
FLT3,GO:0043410
FLT3,GO:0051897
FLT3,GO:0042531
FLT3,GO:0002328
FLT3,GO:0046777
FLT3,GO:0042981
FFAR4,R-HSA-381771
FFAR4,R-HSA-416476
FFAR4,R-HSA-444209
FFAR4,GO:0007189
FFAR4,GO:0050873
FFAR4,GO:0007186
FFAR4,GO:0036321
FFAR4,GO:0046879
FFAR4,GO:0006954
FFAR4,GO:0043066
FFAR4,GO:0001818
FFAR4,GO:0050728
FFAR4,GO:0032691
FFAR4,GO:0090275
FFAR4,GO:0007200
FFAR4,GO:0090336
FFAR4,GO:0120162
FFAR4,GO:0007204
FFAR4,GO:0070374
FFAR4,GO:0070094
FFAR4,GO:0045669
FFAR4,GO:0010827
FFAR4,GO:0050872
FKBP1B,R-HSA-2672351
FKBP1B,R-HSA-5578775
FKBP1B,GO:0006458
FKBP1B,GO:0019722
FKBP1B,GO:0050849
FKBP1B,GO:0010459
FKBP1B,GO:0051280
FKBP1B,GO:0006457
FKBP1B,GO:0051604
FKBP1B,GO:0042026
FKBP1B,GO:0010881
FKBP1B,GO:0010880
FKBP1B,GO:0060314
FKBP1B,GO:0051775
FUT2,GO:0006629
FDPS,GO:0008299
FGFR4,GO:0043410
GABRA5,GO:0006821
FGFR4,GO:0010647
FGFR4,GO:0023056
GABRB3,GO:0007268
GABRG2,GO:0006821
GABRB2,GO:0006811
GP6,R-HSA-114604
GP6,R-HSA-202733
GP6,R-HSA-75892
GP6,GO:0038065
GP6,GO:0038063
GP6,GO:0007167
GP6,GO:0002767
GP6,GO:0030168
GP6,GO:0070527
GP6,GO:1901731
GPBAR1,R-HSA-373076
GPBAR1,R-HSA-418555
GPBAR1,GO:0038184
GPBAR1,GO:1903413
GPBAR1,GO:0097009
GPBAR1,GO:1904056
GPBAR1,GO:0070374
GPBAR1,GO:2000810
GPR39,R-HSA-373076
GPR39,R-HSA-416476
GPR39,R-HSA-418555
GPR39,GO:0007186
GHSR,R-HSA-375276
GHSR,R-HSA-416476
GHSR,GO:0008154
GHSR,GO:0008343
GHSR,GO:1990314
GHSR,GO:0071222
GHSR,GO:0097067
GHSR,GO:0046697
GHSR,GO:0007186
GHSR,GO:0036321
GHSR,GO:0030252
GHSR,GO:0009755
GHSR,GO:0007611
GHSR,GO:0032099
GHSR,GO:0050728
GHSR,GO:0032691
GHSR,GO:0032715
GHSR,GO:0090327
GHSR,GO:2000110
GHSR,GO:0010700
GHSR,GO:0032720
GHSR,GO:0032100
GHSR,GO:1904000
GHSR,GO:0045923
GHSR,GO:0040018
GHSR,GO:0120058
GHSR,GO:1904349
GHSR,GO:1903672
GHSR,GO:1905564
GHSR,GO:0099170
GHSR,GO:1905333
GHSR,GO:0060123
GHSR,GO:0043134
GHSR,GO:0098696
GHSR,GO:0099175
GHSR,GO:0051969
GHSR,GO:0071548
GHSR,GO:0032355
GHSR,GO:0032354
GHSR,GO:0060416
GHSR,GO:0009725
GHSR,GO:1902065
GHSR,GO:0007283
GPR84,R-HSA-418555
GPR84,R-HSA-6798695
GPR84,GO:0007218
HDAC2,R-HSA-193670
HDAC2,R-HSA-2122947
HDAC2,R-HSA-2644606
HDAC2,R-HSA-2894862
HDAC2,R-HSA-3214815
HDAC2,R-HSA-350054
HDAC2,R-HSA-427389
HDAC2,R-HSA-427413
HDAC2,R-HSA-4551638
HDAC2,R-HSA-6804758
HDAC2,R-HSA-73762
HDAC2,R-HSA-8943724
HDAC2,R-HSA-9022692
HDAC2,R-HSA-9022699
HDAC2,R-HSA-9615017
HDAC2,R-HSA-9619665
HDAC2,R-HSA-9679191
HDAC2,R-HSA-9701898
HDAC2,R-HSA-9764725
HDAC2,R-HSA-983231
HDAC2,R-HSA-9843940
HDAC2,R-HSA-9844594
HDAC2,R-HSA-9845323
HDAC2,GO:0048149
HDAC2,GO:0003300
HDAC2,GO:1903351
HDAC2,GO:0034605
HDAC2,GO:0070301
HDAC2,GO:0071300
HDAC2,GO:0071560
HDAC2,GO:0006338
HDAC2,GO:0032922
HDAC2,GO:0016358
HDAC2,GO:0006351
HDAC2,GO:0042733
HDAC2,GO:0009913
HDAC2,GO:0061029
HDAC2,GO:0061198
HDAC2,GO:0060789
HDAC2,GO:0031507
HDAC2,GO:0043066
HDAC2,GO:0030336
HDAC2,GO:0061000
HDAC2,GO:0045892
HDAC2,GO:0010977
HDAC2,GO:1902455
HDAC2,GO:0010944
HDAC2,GO:0000122
HDAC2,GO:0030512
HDAC2,GO:0042475
HDAC2,GO:0008284
HDAC2,GO:0045893
HDAC2,GO:0010718
HDAC2,GO:0032732
HDAC2,GO:0033148
HDAC2,GO:1902437
HDAC2,GO:0048714
HDAC2,GO:0045862
HDAC2,GO:1902459
HDAC2,GO:0045944
HDAC2,GO:0032760
HDAC2,GO:0050847
HDAC2,GO:0042659
HDAC2,GO:0045995
HDAC2,GO:2000736
HDAC2,GO:0001975
HDAC2,GO:1904645
HDAC2,GO:0031000
HDAC2,GO:0042220
HDAC2,GO:0055093
HDAC2,GO:0032496
HDAC2,GO:0035094
HDAC2,GO:0009410
GLRA1,R-HSA-112314
GLRA1,GO:0071230
GLRA1,GO:0071361
GLRA1,GO:0071294
GLRA1,GO:1902476
GLRA1,GO:0006821
GLRA1,GO:0060080
GLRA1,GO:0006811
GLRA1,GO:0006936
GLRA1,GO:0051970
GLRA1,GO:0007218
GLRA1,GO:2000344
GLRA1,GO:0042391
GLRA1,GO:0097305
GLRA1,GO:0001964
GLRA1,GO:0060012
GSTT1,R-HSA-156590
GSTT1,R-HSA-9753281
GSTT1,GO:0006749
HASPIN,GO:0035556
HASPIN,GO:0000278
HASPIN,GO:0007064
HASPIN,GO:0007094
HASPIN,GO:0071459
HASPIN,GO:0006468
GSTM1,R-HSA-156590
GSTM1,R-HSA-9748787
GSTM1,R-HSA-9753281
GSTM1,GO:0070458
GSTM1,GO:1901687
GSTM1,GO:0006749
GSTM1,GO:0051122
GSTM1,GO:0018916
GSTM1,GO:0006693
GSTM1,GO:0042178
GPR35,R-HSA-373076
GPR35,GO:0007193
GPR35,GO:0070098
GPR35,GO:0007010
GPR35,GO:0007186
GPR35,GO:0061756
GPR35,GO:0002548
GPR35,GO:0010667
GPR35,GO:1901386
GPR35,GO:0030593
GPR35,GO:0007204
GPR35,GO:0002931
GLO1,R-HSA-70268
GLO1,GO:0005975
GLO1,GO:0006749
GLO1,GO:0009438
GLO1,GO:0043066
GLO1,GO:0030316
GSK3B,R-HSA-195253
GSK3B,R-HSA-196299
GSK3B,R-HSA-198323
GSK3B,R-HSA-3371453
GSK3B,R-HSA-399956
GSK3B,R-HSA-4641262
GSK3B,R-HSA-5250924
GSK3B,R-HSA-5339716
GSK3B,R-HSA-5358747
GSK3B,R-HSA-5358749
GSK3B,R-HSA-5358751
GSK3B,R-HSA-5358752
GSK3B,R-HSA-5467337
GSK3B,R-HSA-5467340
GSK3B,R-HSA-5467348
GSK3B,R-HSA-5610783
GSK3B,R-HSA-5610785
GSK3B,R-HSA-5674400
GSK3B,R-HSA-69601
GSK3B,R-HSA-75815
GSK3B,R-HSA-8939902
GSK3B,R-HSA-9683610
GSK3B,R-HSA-9694631
GSK3B,R-HSA-9762114
GSK3B,R-HSA-9856649
GSK3B,R-HSA-9929356
GSK3B,GO:0160213
GSK3B,GO:0060070
GSK3B,GO:0030154
GSK3B,GO:1904646
GSK3B,GO:0036016
GSK3B,GO:0071300
GSK3B,GO:0007623
GSK3B,GO:0001837
GSK3B,GO:0006983
GSK3B,GO:0030010
GSK3B,GO:0060079
GSK3B,GO:0097191
GSK3B,GO:0097192
GSK3B,GO:0005977
GSK3B,GO:0003170
GSK3B,GO:0021766
GSK3B,GO:0008286
GSK3B,GO:0035556
GSK3B,GO:0030011
GSK3B,GO:0007005
GSK3B,GO:0043066
GSK3B,GO:0070885
GSK3B,GO:0090090
GSK3B,GO:0030336
GSK3B,GO:1904339
GSK3B,GO:0010719
GSK3B,GO:1902042
GSK3B,GO:0010629
GSK3B,GO:2000466
GSK3B,GO:0045719
GSK3B,GO:2000740
GSK3B,GO:0045668
GSK3B,GO:1900181
GSK3B,GO:0031333
GSK3B,GO:0032007
GSK3B,GO:1903940
GSK3B,GO:2000077
GSK3B,GO:0031175
GSK3B,GO:0106027
GSK3B,GO:0018105
GSK3B,GO:0010508
GSK3B,GO:0045597
GSK3B,GO:0001954
GSK3B,GO:0045724
GSK3B,GO:0010628
GSK3B,GO:1901030
GSK3B,GO:0043525
GSK3B,GO:0032436
GSK3B,GO:0032092
GSK3B,GO:0045732
GSK3B,GO:0046827
GSK3B,GO:1904781
GSK3B,GO:1903566
GSK3B,GO:0031398
GSK3B,GO:0031334
GSK3B,GO:0032481
GSK3B,GO:0099171
GSK3B,GO:0043161
GSK3B,GO:0046777
GSK3B,GO:0006468
GSK3B,GO:0030516
GSK3B,GO:0050770
GSK3B,GO:1900034
GSK3B,GO:0042752
GSK3B,GO:0048814
GSK3B,GO:1900271
GSK3B,GO:0150101
GSK3B,GO:0070507
GSK3B,GO:0032886
GSK3B,GO:0010975
GSK3B,GO:0046825
GSK3B,GO:0034976
GSK3B,GO:0071109
GSK3B,GO:0019082
GSK3B,GO:0016055
GPR183,R-HSA-373076
GPR183,R-HSA-418594
GPR183,GO:0002250
GPR183,GO:0002312
GPR183,GO:0002407
GPR183,GO:0036145
GPR183,GO:0007186
GPR183,GO:0006959
GPR183,GO:0006955
GPR183,GO:0030595
GPR183,GO:0002313
GPR183,GO:0030316
GPR183,GO:0030890
GPR183,GO:0070374
GPR183,GO:2000458
GPR183,GO:0010818
GPR183,GO:0061470
GSTP1,R-HSA-156590
GSTP1,R-HSA-3299685
GSTP1,R-HSA-6798695
GSTP1,R-HSA-9753281
GSTP1,GO:0031100
GSTP1,GO:0071460
GSTP1,GO:0071364
GSTP1,GO:0071385
GSTP1,GO:0032869
GSTP1,GO:0071222
GSTP1,GO:0007417
GSTP1,GO:0035726
GSTP1,GO:1901687
GSTP1,GO:0006749
GSTP1,GO:0051122
GSTP1,GO:0043651
GSTP1,GO:0002674
GSTP1,GO:0043066
GSTP1,GO:0043124
GSTP1,GO:0070373
GSTP1,GO:2001237
GSTP1,GO:0110076
GSTP1,GO:0048147
GSTP1,GO:0032691
GSTP1,GO:0046329
GSTP1,GO:0070664
GSTP1,GO:0043409
GSTP1,GO:0071638
GSTP1,GO:0071672
GSTP1,GO:0032873
GSTP1,GO:0000122
GSTP1,GO:0032720
GSTP1,GO:0010804
GSTP1,GO:1904706
GSTP1,GO:0035732
GSTP1,GO:0014003
GSTP1,GO:0032930
GSTP1,GO:0006693
GSTP1,GO:0070372
GSTP1,GO:0032872
GSTP1,GO:0043200
GSTP1,GO:0032355
GSTP1,GO:0045471
GSTP1,GO:0033591
GSTP1,GO:0000302
GSTP1,GO:0006805
GLI2,R-HSA-5610783
GLI2,R-HSA-5610787
GLI2,R-HSA-5632684
GLI2,R-HSA-5635851
GLI2,R-HSA-8941284
GLI2,GO:0007411
GLI2,GO:0048754
GLI2,GO:0098586
GLI2,GO:0021696
GLI2,GO:0048589
GLI2,GO:0006351
GLI2,GO:0048566
GLI2,GO:0009913
GLI2,GO:0021508
GLI2,GO:0031069
GLI2,GO:0007507
GLI2,GO:0030902
GLI2,GO:0007442
GLI2,GO:0001822
GLI2,GO:0030324
GLI2,GO:0030879
GLI2,GO:0000122
GLI2,GO:0048666
GLI2,GO:0042475
GLI2,GO:0002076
GLI2,GO:0001649
GLI2,GO:0007389
GLI2,GO:0021983
GLI2,GO:0045740
GLI2,GO:0045893
GLI2,GO:0033089
GLI2,GO:0045944
GLI2,GO:0009954
GLI2,GO:0006357
GLI2,GO:0001501
GLI2,GO:0007224
GLI2,GO:0021513
GLI2,GO:0021965
GLI2,GO:0035295
GLI2,GO:0007418
GLI2,GO:0021517
GLI1,R-HSA-5610780
GLI1,R-HSA-5610787
GLI1,R-HSA-5632684
GLI1,R-HSA-5635851
GLI1,GO:0048546
GLI1,GO:0006351
GLI1,GO:0009913
GLI1,GO:0097421
GLI1,GO:0090090
GLI1,GO:0001649
GLI1,GO:0060045
GLI1,GO:1902808
GLI1,GO:0030335
GLI1,GO:0008284
GLI1,GO:0045740
GLI1,GO:0045893
GLI1,GO:0045880
GLI1,GO:0045944
GLI1,GO:0030850
GLI1,GO:0006355
GLI1,GO:0045667
GLI1,GO:0008589
GLI1,GO:0006357
GLI1,GO:0007224
GLI1,GO:0007286
HDAC4,R-HSA-2122947
HDAC4,R-HSA-2644606
HDAC4,R-HSA-2894862
HDAC4,R-HSA-350054
HDAC4,R-HSA-4090294
HDAC4,R-HSA-4551638
HDAC4,R-HSA-8941284
HDAC4,R-HSA-8951936
HDAC4,GO:0042113
HDAC4,GO:0030183
HDAC4,GO:0014898
HDAC4,GO:0006338
HDAC4,GO:0006351
HDAC4,GO:0040029
HDAC4,GO:0006954
HDAC4,GO:0045814
HDAC4,GO:0045820
HDAC4,GO:0010832
HDAC4,GO:0061084
HDAC4,GO:0010944
HDAC4,GO:0000122
HDAC4,GO:0007399
HDAC4,GO:0008284
HDAC4,GO:0045893
HDAC4,GO:0033235
HDAC4,GO:0045944
HDAC4,GO:0016925
HDAC4,GO:0014894
HDAC4,GO:0070555
HDAC4,GO:0060337
HDAC6,R-HSA-2122947
HDAC6,R-HSA-2644606
HDAC6,R-HSA-2894862
HDAC6,R-HSA-3371511
HDAC6,R-HSA-350054
HDAC6,R-HSA-5620920
HDAC6,R-HSA-8878166
HDAC6,R-HSA-8940973
HDAC6,R-HSA-9613829
HDAC6,R-HSA-9615710
HDAC6,R-HSA-9646399
HDAC6,GO:0070842
HDAC6,GO:0019896
HDAC6,GO:0034605
HDAC6,GO:0070301
HDAC6,GO:0035967
HDAC6,GO:0060271
HDAC6,GO:0061523
HDAC6,GO:0006351
HDAC6,GO:0007173
HDAC6,GO:0006886
HDAC6,GO:0032418
HDAC6,GO:1905336
HDAC6,GO:0045892
HDAC6,GO:0045814
HDAC6,GO:0010727
HDAC6,GO:0031333
HDAC6,GO:0043242
HDAC6,GO:0045861
HDAC6,GO:0070845
HDAC6,GO:0010634
HDAC6,GO:0033148
HDAC6,GO:0032461
HDAC6,GO:1905091
HDAC6,GO:0006476
HDAC6,GO:0031648
HDAC6,GO:0006515
HDAC6,GO:0060765
HDAC6,GO:0010506
HDAC6,GO:1903146
HDAC6,GO:0016241
HDAC6,GO:0060632
HDAC6,GO:0031647
HDAC6,GO:0051788
HDAC6,GO:0090042
HDAC6,GO:0061734
GRM4,R-HSA-418594
GRM4,R-HSA-420499
GRM4,R-HSA-9717207
GRM4,GO:0007196
GRM4,GO:0007268
GRM4,GO:0007216
GRM4,GO:0007269
GRM4,GO:0043410
GRM4,GO:0043523
GRM4,GO:0051966
GBA1,R-HSA-390471
GBA1,R-HSA-9840310
GBA1,GO:0006914
GBA1,GO:1901805
GBA1,GO:0009267
GBA1,GO:0071356
GBA1,GO:0046513
GBA1,GO:0008203
GBA1,GO:0061436
GBA1,GO:0006680
GBA1,GO:0009247
GBA1,GO:1905146
GBA1,GO:0007040
GBA1,GO:0050728
GBA1,GO:0032715
GBA1,GO:0043409
GBA1,GO:1904457
GBA1,GO:1905165
GBA1,GO:0016241
GBA1,GO:0032006
GBA1,GO:0071548
GBA1,GO:0043627
GBA1,GO:0009268
GBA1,GO:0033574
GBA1,GO:0097066
GBA1,GO:0046512
GBA1,GO:0023021
HCAR2,R-HSA-3296197
HCAR2,R-HSA-373076
HCAR2,R-HSA-418594
HCAR2,GO:0007186
HCAR2,GO:0050995
HCAR2,GO:0001781
HCAR2,GO:0070165
HCAR2,GO:0033031
GPR119,R-HSA-381771
GPR119,R-HSA-400511
GPR119,GO:0007189
GPR18,R-HSA-373076
GPR18,R-HSA-418594
GPR18,GO:0007186
GBA1,GO:0010605
GBA1,GO:0030163
GBA1,GO:0042391
GBA1,GO:0042176
HDAC6,GO:0016236
HDAC6,GO:0098732
HDAC6,GO:0051646
HDAC6,GO:0051129
HDAC6,GO:0051130
HDAC6,GO:0032886
HDAC6,GO:0006950
GSK3B,GO:0072584
GSK3B,GO:0034198
GSK3B,GO:0007173
GSK3B,GO:0061514
GSK3B,GO:0051093
GSK3B,GO:0009968
GSK3B,GO:0007399
GSK3B,GO:0010759
GSK3B,GO:0120041
GSK3B,GO:0032206
GSK3B,GO:0051493
GSK3B,GO:2000641
GSK3B,GO:0090170
GSK3B,GO:0032872
GSK3B,GO:0070849
GSK3B,GO:0048511
GSK3B,GO:0051403
HDAC4,GO:1902894
GSTP1,GO:0006629
GLI2,GO:0009653
GSK3B,GO:1901701
GSK3B,GO:1904951
GSTM1,GO:0006629
GRM4,GO:0007186
HTR1E,R-HSA-390666
HTR1E,R-HSA-418594
HTR1E,GO:0007193
HTR1E,GO:0007198
HTR1E,GO:0007268
HTR1E,GO:0007186
HTR1E,GO:0007187
HTR2B,R-HSA-390666
HTR2B,R-HSA-416476
HTR2B,GO:0019722
HTR2B,GO:0003300
HTR2B,GO:0007268
HTR2B,GO:0048598
HTR2B,GO:0070371
HTR2B,GO:0007186
HTR2B,GO:0007187
HTR2B,GO:0098664
HTR2B,GO:0003007
HTR2B,GO:0014827
HTR2B,GO:0006874
HTR2B,GO:0043066
HTR2B,GO:0014033
HTR2B,GO:0001755
HTR2B,GO:0007208
HTR2B,GO:0043123
HTR2B,GO:0051781
HTR2B,GO:0008284
HTR2B,GO:0001819
HTR2B,GO:0001938
HTR2B,GO:0070374
HTR2B,GO:0010513
HTR2B,GO:0050795
HTR2B,GO:0051209
HTR2B,GO:0009410
HTR2B,GO:0007210
HTR2B,GO:0042310
HRH1,R-HSA-390650
HRH1,R-HSA-416476
HRH1,GO:0071420
HRH1,GO:0007268
HRH1,GO:0007186
HRH1,GO:0007187
HRH1,GO:0006954
HRH1,GO:0007200
HRH1,GO:0045907
HRH1,GO:0043114
HMGCR,R-HSA-1989781 [P04035-1]
HMGCR,R-HSA-2426168 [P04035-1]
HMGCR,R-HSA-9619665
HMGCR,R-HSA-9969896
HMGCR,GO:0006695
HMGCR,GO:0033489
HMGCR,GO:0033490
HMGCR,GO:0015936
HMGCR,GO:0010142
HMGCR,GO:0033386
HMGCR,GO:0019287
HMGCR,GO:0008299
HMGCR,GO:1900222
HMGCR,GO:0042177
HMGCR,GO:0050709
HMGCR,GO:0016126
HMGCR,GO:0036197
HRH2,R-HSA-390650
HRH2,R-HSA-418555
HRH2,GO:0007189
HRH2,GO:0007268
HRH2,GO:0007187
HRH2,GO:0001696
HRH2,GO:0006955
HRH2,GO:0045907
HTR2C,R-HSA-390666
HTR2C,R-HSA-416476
HTR2C,GO:0001662
HTR2C,GO:0007268
HTR2C,GO:0007631
HTR2C,GO:0007187
HTR2C,GO:0098664
HTR2C,GO:0006874
HTR2C,GO:0007626
HTR2C,GO:0007200
HTR2C,GO:0007208
HTR2C,GO:0070374
HTR2C,GO:0010513
HTR2C,GO:0032098
HTR2C,GO:0043397
HTR2C,GO:0031644
HTR2C,GO:0051209
HTR2C,GO:0007210
HPN,R-HSA-6806942
HPN,R-HSA-8852405
HPN,GO:0034769
HPN,GO:0090103
HPN,GO:0050910
HPN,GO:0043923
HPN,GO:0043066
HPN,GO:0050680
HPN,GO:0010719
HPN,GO:0097195
HPN,GO:0030307
HPN,GO:0010628
HPN,GO:2000347
HPN,GO:0010756
HPN,GO:2000611
HPN,GO:0071805
HPN,GO:0016485
HPN,GO:0006508
HPN,GO:0008360
HPN,GO:0097066
HTR1F,R-HSA-390666
HTR1F,R-HSA-418594
HTR1F,GO:0007193
HTR1F,GO:0007198
HTR1F,GO:0007268
HTR1F,GO:0007187
HTR2A,R-HSA-390666
HTR2A,R-HSA-416476
HTR2A,GO:0014824
HTR2A,GO:0048148
HTR2A,GO:0007268
HTR2A,GO:0050966
HTR2A,GO:0050965
HTR2A,GO:0007187
HTR2A,GO:0098664
HTR2A,GO:0006874
HTR2A,GO:0007613
HTR2A,GO:0043267
HTR2A,GO:0051967
HTR2A,GO:0007208
HTR2A,GO:0008284
HTR2A,GO:0002720
HTR2A,GO:0007204
HTR2A,GO:2000573
HTR2A,GO:0070374
HTR2A,GO:1900119
HTR2A,GO:0031652
HTR2A,GO:0050729
HTR2A,GO:0043525
HTR2A,GO:0010513
HTR2A,GO:1901731
HTR2A,GO:0045907
HTR2A,GO:0099171
HTR2A,GO:0014059
HTR2A,GO:0051209
HTR2A,GO:0009410
HTR2A,GO:0046960
HTR2A,GO:0007210
HTR2A,GO:0001659
HTR2A,GO:0014832
HTR1B,R-HSA-390666
HTR1B,R-HSA-418594
HTR1B,GO:0007193
HTR1B,GO:0007198
HTR1B,GO:0046849
HTR1B,GO:0071312
HTR1B,GO:0071466
HTR1B,GO:0007268
HTR1B,GO:0007187
HTR1B,GO:0014063
HTR1B,GO:0007208
HTR1B,GO:1904707
HTR1B,GO:0050795
HTR1B,GO:0042310
HSPA1A,R-HSA-168330
HSPA1A,R-HSA-3371453
HSPA1A,R-HSA-3371497
HSPA1A,R-HSA-3371568
HSPA1A,R-HSA-3371571
HSPA1A,R-HSA-450408
HSPA1A,R-HSA-6798695
HSPA1A,R-HSA-9833482
HSPA1A,R-HSA-9841251
HSPA1A,R-HSA-9918487
HSPA1A,GO:0046034
HSPA1A,GO:0070370
HSPA1A,GO:0034605
HSPA1A,GO:0034599
HSPA1A,GO:0071383
HSPA1A,GO:0034620
HSPA1A,GO:0051131
HSPA1A,GO:0030968
HSPA1A,GO:0007041
HSPA1A,GO:0006402
HSPA1A,GO:0043066
HSPA1A,GO:0030308
HSPA1A,GO:0008285
HSPA1A,GO:1902236
HSPA1A,GO:2001240
HSPA1A,GO:0090084
HSPA1A,GO:1901029
HSPA1A,GO:0031397
HSPA1A,GO:0000122
HSPA1A,GO:0030512
HSPA1A,GO:0043123
HSPA1A,GO:0045648
HSPA1A,GO:0010628
HSPA1A,GO:0032757
HSPA1A,GO:0090063
HSPA1A,GO:0070434
HSPA1A,GO:0032436
HSPA1A,GO:0033120
HSPA1A,GO:1903265
HSPA1A,GO:0042026
HSPA1A,GO:0050821
HSPA1A,GO:1901673
HSPA1A,GO:0031396
HSPA1A,GO:0006986
HMGB1,R-HSA-1236974
HMGB1,R-HSA-140342
HMGB1,R-HSA-166058
HMGB1,R-HSA-3000471
HMGB1,R-HSA-445989
HMGB1,R-HSA-5602498
HMGB1,R-HSA-5603041
HMGB1,R-HSA-5620971
HMGB1,R-HSA-5686938
HMGB1,R-HSA-6798695
HMGB1,R-HSA-879415
HMGB1,R-HSA-933542
HMGB1,GO:0002218
HMGB1,GO:0043277
HMGB1,GO:0006914
HMGB1,GO:0006284
HMGB1,GO:0071222
HMGB1,GO:0006338
HMGB1,GO:0002407
HMGB1,GO:0032392
HMGB1,GO:0006310
HMGB1,GO:0006265
HMGB1,GO:0006302
HMGB1,GO:0006303
HMGB1,GO:0035767
HMGB1,GO:0001935
HMGB1,GO:0031507
HMGB1,GO:0006954
HMGB1,GO:0002437
HMGB1,GO:0045087
HMGB1,GO:0002281
HMGB1,GO:0001773
HMGB1,GO:2000426
HMGB1,GO:0043537
HMGB1,GO:0043371
HMGB1,GO:0017055
HMGB1,GO:0000122
HMGB1,GO:0032689
HMGB1,GO:0031175
HMGB1,GO:0097350
HMGB1,GO:0002270
HMGB1,GO:0042104
HMGB1,GO:0043065
HMGB1,GO:0010508
HMGB1,GO:0043536
HMGB1,GO:2000343
HMGB1,GO:0007204
HMGB1,GO:2001200
HMGB1,GO:0043388
HMGB1,GO:0070374
HMGB1,GO:0032727
HMGB1,GO:0032728
HMGB1,GO:0032731
HMGB1,GO:0032732
HMGB1,GO:0032733
HMGB1,GO:0032735
HMGB1,GO:0032755
HMGB1,GO:0032757
HMGB1,GO:0046330
HMGB1,GO:0043410
HMGB1,GO:0032425
HMGB1,GO:0071639
HMGB1,GO:0090026
HMGB1,GO:1901224
HMGB1,GO:1903672
HMGB1,GO:0034137
HMGB1,GO:0034145
HMGB1,GO:0034165
HMGB1,GO:0045944
HMGB1,GO:0032760
HMGB1,GO:1905564
HMGB1,GO:0046598
HMGB1,GO:0090303
HMGB1,GO:2000819
HMGB1,GO:0002840
HMGB1,GO:0002643
HMGB1,GO:0035711
HMGB1,GO:0045063
HMGB1,GO:0033151
HSD17B3,R-HSA-193048
HSD17B3,R-HSA-75876
HSD17B3,GO:0006702
HSD17B3,GO:0030539
HSD17B3,GO:0006694
HSD17B3,GO:0061370
HRH3,R-HSA-390650
HRH3,GO:0007189
HRH3,GO:0007197
HRH3,GO:0007268
HRH3,GO:0007187
HRH3,GO:0007269
HTR1A,R-HSA-390666
HTR1A,GO:0007198
HTR1A,GO:0001662
HTR1A,GO:0007268
HTR1A,GO:0035640
HTR1A,GO:0007186
HTR1A,GO:0007187
HTR1A,GO:0008284
HTR1A,GO:0050795
HTR1A,GO:0042053
HTR1A,GO:0046883
HTR1A,GO:0014062
HTR1A,GO:0019229
HTR1A,GO:0042428
HTR1A,GO:0007210
HTR1D,R-HSA-390666
HTR1D,R-HSA-418594
HTR1D,GO:0007193
HTR1D,GO:0007198
HTR1D,GO:0007268
HTR1D,GO:0007187
HTR1D,GO:0014827
HTR1D,GO:0050795
HTR1D,GO:0040012
HTR1D,GO:0042310
HSD11B2,R-HSA-194002
HSD11B2,R-HSA-9757110
HSD11B2,GO:0034650
HSD11B2,GO:0007565
HSD11B2,GO:0008211
HSD11B2,GO:0002017
HSD11B2,GO:0032094
HSD11B2,GO:0051384
HSD11B2,GO:0001666
HSD11B2,GO:0032868
HSD11B2,GO:0009410
HSD17B2,R-HSA-193144
HSD17B2,GO:0008209
HSD17B2,GO:0006703
HSD17B2,GO:0032526
HSD17B2,GO:0008202
HDAC8,R-HSA-2122947
HDAC8,R-HSA-2467813 [Q9BY41-1]
HDAC8,R-HSA-2500257 [Q9BY41-1]
HDAC8,R-HSA-2644606
HDAC8,R-HSA-2894862
HDAC8,R-HSA-3214815
HDAC8,R-HSA-350054
HDAC8,GO:0006325
HDAC8,GO:0006351
HDAC8,GO:0031507
HDAC8,GO:0007064
HDAC8,GO:0031397
HDAC8,GO:0000122
HDAC8,GO:0031647
HDAC8,GO:0032204
HIF1A,R-HSA-1234158
HIF1A,R-HSA-1234174
HIF1A,R-HSA-1234176
HIF1A,R-HSA-2122947
HIF1A,R-HSA-5689880
HIF1A,R-HSA-6785807
HIF1A,R-HSA-8849473
HIF1A,R-HSA-8857538
HIF1A,R-HSA-8951664
HIF1A,R-HSA-9701898
HIF1A,R-HSA-9909649
HIF1A,GO:0019896
HIF1A,GO:0071456
HIF1A,GO:0071347
HIF1A,GO:0034599
HIF1A,GO:0098586
HIF1A,GO:0032963
HIF1A,GO:0002248
HIF1A,GO:0006351
HIF1A,GO:0051541
HIF1A,GO:0001837
HIF1A,GO:0001678
HIF1A,GO:0032364
HIF1A,GO:0010629
HIF1A,GO:1902894
HIF1A,GO:0030279
HIF1A,GO:1903377
HIF1A,GO:1903427
HIF1A,GO:0045766
HIF1A,GO:0043536
HIF1A,GO:0032722
HIF1A,GO:0070101
HIF1A,GO:1900017
HIF1A,GO:0045893
HIF1A,GO:0001938
HIF1A,GO:0010634
HIF1A,GO:0045648
HIF1A,GO:0010628
HIF1A,GO:0045821
HIF1A,GO:0046886
HIF1A,GO:1902895
HIF1A,GO:0045944
HIF1A,GO:0010575
HIF1A,GO:0030949
HIF1A,GO:0006355
HIF1A,GO:0010468
HIF1A,GO:0006110
HIF1A,GO:2000434
HIF1A,GO:0006357
HIF1A,GO:0032909
HIF1A,GO:0001666
HIF1A,GO:0010039
HIF1A,GO:0000302
HIF1A,GO:0007165
HIF1A,GO:0010573
HSD11B1,R-HSA-194002
HSD11B1,R-HSA-9757110
HSD11B1,GO:0006713
HSD11B1,GO:0006706
HSPA8,R-HSA-3371453
HSPA8,R-HSA-3371497
HSPA8,R-HSA-3371568
HSPA8,R-HSA-3371571
HSPA8,R-HSA-432720
HSPA8,R-HSA-432722
HSPA8,R-HSA-447041
HSPA8,R-HSA-450408
HSPA8,R-HSA-6785807
HSPA8,R-HSA-6798695
HSPA8,R-HSA-72163
HSPA8,R-HSA-8856828
HSPA8,R-HSA-8876725
HSPA8,R-HSA-888590
HSPA8,R-HSA-9613354
HSPA8,R-HSA-9613829
HSPA8,R-HSA-9615710
HSPA8,R-HSA-9828642
HSPA8,R-HSA-9833482
HSPA8,R-HSA-9918481
HSPA8,R-HSA-9918487
HSPA8,GO:0046034
HSPA8,GO:0009267
HSPA8,GO:0071383
HSPA8,GO:0061684
HSPA8,GO:1904764
HSPA8,GO:0072318
HSPA8,GO:0006351
HSPA8,GO:0061024
HSPA8,GO:0000398
HSPA8,GO:0045892
HSPA8,GO:1900226
HSPA8,GO:1902904
HSPA8,GO:0030335
HSPA8,GO:0160020
HSPA8,GO:0006457
HSPA8,GO:0042026
HSPA8,GO:0061740
HSPA8,GO:0061635
HSPA8,GO:1904589
HSPA8,GO:0031647
HSPA8,GO:0043254
HSPA8,GO:0006986
HSD17B1,R-HSA-193144
HSD17B1,R-HSA-2453902
HSD17B1,GO:0060348
HSD17B1,GO:0071248
HSD17B1,GO:0006703
HSD17B1,GO:0061370
HDAC9,R-HSA-2122947
HDAC9,R-HSA-2644606
HDAC9,R-HSA-2894862
HDAC9,R-HSA-350054
HDAC9,GO:0042113
HDAC9,GO:0030183
HDAC9,GO:0032869
HDAC9,GO:0042632
HDAC9,GO:0006351
HDAC9,GO:0040029
HDAC9,GO:0007507
HDAC9,GO:0006954
HDAC9,GO:0001818
HDAC9,GO:0045892
HDAC9,GO:0045814
HDAC9,GO:0000122
HDAC9,GO:0090050
HDAC9,GO:0048742
HDAC9,GO:0051153
HMGB1,GO:0002250
HMGB1,GO:0048468
HMGB1,GO:0006935
HMGB1,GO:0006281
HMGB1,GO:0010596
HMGB1,GO:0045597
HMGB1,GO:0032722
HMGB1,GO:0001938
HMGB1,GO:0051052
HMGB1,GO:1903706
HMGB1,GO:0050792
HSPA8,GO:0070370
HSPA8,GO:0034599
HSPA8,GO:0006402
HSPA8,GO:0030308
HSPA8,GO:0008285
HSPA8,GO:2001240
HSPA8,GO:0090084
HSPA8,GO:0031397
HSPA8,GO:0045648
HSPA8,GO:0032757
HSPA8,GO:0090063
HSPA8,GO:0070434
HSPA8,GO:1903265
HSPA8,GO:0050821
HSPA8,GO:1901673
HSPA8,GO:0033554
HSPA8,GO:0006397
HSPA8,GO:0051129
HSPA8,GO:0009968
HSPA8,GO:0039531
HSPA8,GO:1902903
HSPA8,GO:0008380
HSPA1A,GO:0033554
HSPA1A,GO:0051129
HSPA1A,GO:0009968
HSPA1A,GO:0006457
HSPA1A,GO:0039531
HSPA1A,GO:0031647
HSPA1A,GO:0043254
HSPA1A,GO:1902903
HMGB1,GO:0006259
HMGB1,GO:0006351
HSPA8,GO:0006950
IL2,R-HSA-5673001
IL2,R-HSA-8877330
IL2,R-HSA-9020558
IL2,R-HSA-912526
IL2,GO:0002250
IL2,GO:0007155
IL2,GO:0007259
IL2,GO:0097696
IL2,GO:0007267
IL2,GO:0006955
IL2,GO:0038110
IL2,GO:0002366
IL2,GO:0030101
IL2,GO:0043066
IL2,GO:0002903
IL2,GO:2000320
IL2,GO:0007200
IL2,GO:0042104
IL2,GO:0030890
IL2,GO:0030307
IL2,GO:0008284
IL2,GO:0007204
IL2,GO:0060999
IL2,GO:0002639
IL2,GO:0050729
IL2,GO:0032740
IL2,GO:1902107
IL2,GO:0070665
IL2,GO:1900100
IL2,GO:0045591
IL2,GO:0034105
IL2,GO:0045471
IL2,GO:1901327
IL2,GO:0030217
HTR6,R-HSA-390666
HTR6,R-HSA-418555
HTR6,GO:0007192
HTR6,GO:0007188
HTR6,GO:0021795
HTR6,GO:0007268
HTR6,GO:0007187
HTR6,GO:0032008
HTR5A,R-HSA-390666
HTR5A,R-HSA-418594
HTR5A,GO:0007198
HTR5A,GO:0007268
HTR5A,GO:0007186
HTR5A,GO:0007187
HTR5A,GO:0021766
HTR5A,GO:0032355
IGF1R,R-HSA-2404192
IGF1R,R-HSA-2428928
IGF1R,R-HSA-2428933
IGF1R,R-HSA-9009391
IGF1R,R-HSA-9820960
IGF1R,GO:0097242
IGF1R,GO:1904646
IGF1R,GO:0071333
IGF1R,GO:0097062
IGF1R,GO:0006955
IGF1R,GO:0008286
IGF1R,GO:0048009
IGF1R,GO:0043066
IGF1R,GO:0043409
IGF1R,GO:0038083
IGF1R,GO:0043491
IGF1R,GO:0030335
IGF1R,GO:0008284
IGF1R,GO:0120162
IGF1R,GO:0043410
IGF1R,GO:0051897
IGF1R,GO:0043243
IGF1R,GO:0046777
IGF1R,GO:0046328
IGF1R,GO:0007165
IGF1R,GO:0045056
HTR7,R-HSA-390666
HTR7,R-HSA-418555
HTR7,R-HSA-9706019 [P34969-2]
HTR7,GO:0007192
HTR7,GO:0008015
HTR7,GO:0007268
HTR7,GO:0007623
HTR7,GO:0007187
HTR7,GO:0006939
HTR7,GO:0042310
HTR4,R-HSA-390666
HTR4,R-HSA-418555
HTR4,GO:0007189
HTR4,GO:0007192
HTR4,GO:0007198
HTR4,GO:0007268
HTR4,GO:0007186
HTR4,GO:0007187
HTR4,GO:0120056
HTR4,GO:0030277
HTR4,GO:0070254
HTR4,GO:0032098
HTR4,GO:0150052
INSR,R-HSA-6811558
INSR,R-HSA-74713
INSR,R-HSA-74749
INSR,R-HSA-74751
INSR,R-HSA-74752
INSR,R-HSA-77387
INSR,GO:0030325
INSR,GO:0097242
INSR,GO:0032869
INSR,GO:0097062
INSR,GO:0007186
INSR,GO:0042593
INSR,GO:0003007
INSR,GO:0008286
INSR,GO:0007612
INSR,GO:0008584
INSR,GO:0007613
INSR,GO:1990535
INSR,GO:0043123
INSR,GO:0030335
INSR,GO:0008284
INSR,GO:0046326
INSR,GO:0048639
INSR,GO:0045893
INSR,GO:0045725
INSR,GO:0045821
INSR,GO:0043410
INSR,GO:0051446
INSR,GO:0045840
INSR,GO:0045429
INSR,GO:0051897
INSR,GO:0043243
INSR,GO:0002092
INSR,GO:0060267
INSR,GO:0046777
INSR,GO:0006898
INSR,GO:0006355
INSR,GO:0045995
INSR,GO:2000194
INSR,GO:0046718
INSR,GO:0150104
ITPR3,R-HSA-112043
ITPR3,R-HSA-114508
ITPR3,R-HSA-139853
ITPR3,R-HSA-1489509
ITPR3,R-HSA-2029485
ITPR3,R-HSA-2871809
ITPR3,R-HSA-381676
ITPR3,R-HSA-4086398
ITPR3,R-HSA-422356
ITPR3,R-HSA-5218921
ITPR3,R-HSA-5578775
ITPR3,R-HSA-5607763
ITPR3,R-HSA-9664323
ITPR3,R-HSA-9717207
ITPR3,R-HSA-983695
ITPR3,GO:0055074
ITPR3,GO:0007186
ITPR3,GO:0030168
ITPR3,GO:0007204
ITPR3,GO:0051289
ITPR3,GO:0051209
ITPR3,GO:0051592
ITPR3,GO:0050909
ITGAL,R-HSA-198933
ITGAL,R-HSA-202733
ITGAL,R-HSA-216083
ITGAL,R-HSA-6798695
ITGAL,R-HSA-8949275
ITGAL,GO:0007155
ITGAL,GO:0033627
ITGAL,GO:0098609
ITGAL,GO:0033631
ITGAL,GO:0007160
ITGAL,GO:0007157
ITGAL,GO:0006954
ITGAL,GO:0007229
ITGAL,GO:0007159
ITGAL,GO:0035683
ITGAL,GO:0007158
ITGAL,GO:0006909
ITGAL,GO:0043113
ITGAL,GO:0007165
ITGAL,GO:0002291
KIT,R-HSA-1257604
KIT,R-HSA-1433557
KIT,R-HSA-1433559
KIT,R-HSA-2219530
KIT,R-HSA-5673001
KIT,R-HSA-6811558
KIT,R-HSA-8866910
KIT,R-HSA-9669914
KIT,R-HSA-9669917
KIT,R-HSA-9669921
KIT,R-HSA-9669924
KIT,R-HSA-9669926
KIT,R-HSA-9669929
KIT,R-HSA-9669933
KIT,R-HSA-9669934
KIT,R-HSA-9669935
KIT,R-HSA-9669936
KIT,R-HSA-9670439
KIT,R-HSA-9680187
KIT,R-HSA-9856649
KIT,R-HSA-9927418
KIT,R-HSA-9927426
KIT,GO:0030036
KIT,GO:0030183
KIT,GO:0060326
KIT,GO:0016477
KIT,GO:0019221
KIT,GO:0050910
KIT,GO:0048565
KIT,GO:0035162
KIT,GO:0050673
KIT,GO:0030218
KIT,GO:0038162
KIT,GO:0038093
KIT,GO:0008354
KIT,GO:0002244
KIT,GO:0030097
KIT,GO:0002327
KIT,GO:0006954
KIT,GO:0038109
KIT,GO:0030032
KIT,GO:0008584
KIT,GO:0002551
KIT,GO:0043303
KIT,GO:0060374
KIT,GO:0070662
KIT,GO:0035855
KIT,GO:0097326
KIT,GO:0030318
KIT,GO:0097324
KIT,GO:0001541
KIT,GO:0043473
KIT,GO:0030335
KIT,GO:0008284
KIT,GO:1904343
KIT,GO:0002732
KIT,GO:0048170
KIT,GO:0043410
KIT,GO:0032765
KIT,GO:0045747
KIT,GO:0051897
KIT,GO:0031274
KIT,GO:0120072
KIT,GO:0046427
KIT,GO:1904349
KIT,GO:0042531
KIT,GO:1905065
KIT,GO:0046777
KIT,GO:0042127
KIT,GO:0008360
KIT,GO:0046686
KIT,GO:0007165
KIT,GO:0035019
KIT,GO:0007283
KIT,GO:0048863
KIT,GO:0019827
KIT,GO:0030217
KIT,GO:0043586
KIT,GO:0008542
LCK,R-HSA-114604
LCK,R-HSA-1257604
LCK,R-HSA-1433557
LCK,R-HSA-1433559
LCK,R-HSA-164944
LCK,R-HSA-167590
LCK,R-HSA-202424
LCK,R-HSA-202427
LCK,R-HSA-202430
LCK,R-HSA-202433
LCK,R-HSA-210990
LCK,R-HSA-2219530
LCK,R-HSA-2424491
LCK,R-HSA-389356
LCK,R-HSA-389357
LCK,R-HSA-389359
LCK,R-HSA-389513
LCK,R-HSA-389948
LCK,R-HSA-6811558
LCK,R-HSA-9013407
LCK,R-HSA-9020558
LCK,R-HSA-9670439
LCK,R-HSA-9706374
LCK,GO:0050853
LCK,GO:0160162
LCK,GO:0007169
LCK,GO:0038094
LCK,GO:0030097
LCK,GO:0035556
LCK,GO:0050900
LCK,GO:0051132
LCK,GO:0030168
LCK,GO:0034116
LCK,GO:2001244
LCK,GO:1903039
LCK,GO:0050870
LCK,GO:0050862
LCK,GO:0051249
LCK,GO:0051209
LCK,GO:0009410
LCK,GO:0042110
LCK,GO:0031295
LCK,GO:0030217
LCK,GO:0050852
IDO1,R-HSA-71240
IDO1,GO:0034354
IDO1,GO:0007565
IDO1,GO:0002376
IDO1,GO:0006569
IDO1,GO:0019441
IDO1,GO:0070234
IDO1,GO:0019805
IL1RN,R-HSA-6783783
IL1RN,R-HSA-9020702
IL1RN,GO:0006953
IL1RN,GO:0006955
IL1RN,GO:0006954
IL1RN,GO:0034115
IL1RN,GO:0050728
IL1RN,GO:2000660
IL1RN,GO:0051384
KIFC1,R-HSA-6811434
KIFC1,R-HSA-983189
KIFC1,GO:0051301
KIFC1,GO:0007018
KIFC1,GO:0007080
KIFC1,GO:0000070
KIFC1,GO:0090307
KIFC1,GO:0007283
IP6K2,R-HSA-1855191
IP6K2,R-HSA-909733
IP6K2,GO:1905396
IP6K2,GO:0032958
IP6K2,GO:0043647
IP6K2,GO:0030308
IP6K2,GO:0046854
IP6K2,GO:0043065
IP6K2,GO:0033138
IP6K2,GO:1902524
IP6K2,GO:0071902
IP6K2,GO:0050821
KCNK2,R-HSA-1299503
KCNK2,R-HSA-5576886
KCNK2,GO:0003231
KCNK2,GO:1904551
KCNK2,GO:0071456
KCNK2,GO:0099565
KCNK2,GO:1902476
KCNK2,GO:0090102
KCNK2,GO:0050976
KCNK2,GO:0014047
KCNK2,GO:0007613
KCNK2,GO:0060044
KCNK2,GO:2000279
KCNK2,GO:0019228
KCNK2,GO:1900039
KCNK2,GO:0071805
KCNK2,GO:0032228
KCNK2,GO:0048678
HTR3A,R-HSA-112314
HTR3A,GO:0007268
HTR3A,GO:0034220
HTR3A,GO:0042391
HTR3A,GO:0007210
HTR3A,GO:0140227
KDR,R-HSA-194306
KDR,R-HSA-195399
KDR,R-HSA-216083
KDR,R-HSA-4420097
KDR,R-HSA-5218921
KDR,R-HSA-9673768
KDR,R-HSA-9856530
KDR,GO:0001525
KDR,GO:0001569
KDR,GO:0016477
KDR,GO:0007169
KDR,GO:1904881
KDR,GO:0035924
KDR,GO:0035162
KDR,GO:0003157
KDR,GO:0045446
KDR,GO:0003158
KDR,GO:2000352
KDR,GO:0010629
KDR,GO:0043524
KDR,GO:0018108
KDR,GO:0045766
KDR,GO:0043536
KDR,GO:0030513
KDR,GO:0030335
KDR,GO:0090050
KDR,GO:0008284
KDR,GO:2001028
KDR,GO:0010595
KDR,GO:0001938
KDR,GO:0070374
KDR,GO:0051894
KDR,GO:0016239
KDR,GO:0043410
KDR,GO:0051901
KDR,GO:0090141
KDR,GO:0141150
KDR,GO:0051897
KDR,GO:0050927
KDR,GO:0001934
KDR,GO:2001214
KDR,GO:0046777
KDR,GO:0008360
KDR,GO:0043408
KDR,GO:0071526
KDR,GO:0048010
KDR,GO:0036324
KDR,GO:0038084
KDR,GO:0061042
KDR,GO:0001570
SLC6A4,R-HSA-380615
SLC6A4,R-HSA-442660
SLC6A4,GO:0006865
SLC6A4,GO:0048148
SLC6A4,GO:0048854
SLC6A4,GO:0071321
SLC6A4,GO:0071300
SLC6A4,GO:0007623
SLC6A4,GO:1990708
SLC6A4,GO:0048484
SLC6A4,GO:0060179
SLC6A4,GO:0051899
SLC6A4,GO:0007613
SLC6A4,GO:0015844
SLC6A4,GO:0021941
SLC6A4,GO:0045665
SLC6A4,GO:0046621
SLC6A4,GO:0032227
SLC6A4,GO:0006836
SLC6A4,GO:0070527
SLC6A4,GO:0045787
SLC6A4,GO:0010628
SLC6A4,GO:0014064
SLC6A4,GO:0090067
SLC6A4,GO:0032355
SLC6A4,GO:0001666
SLC6A4,GO:0007584
SLC6A4,GO:0009636
SLC6A4,GO:0009410
SLC6A4,GO:0051610
SLC6A4,GO:0035725
SLC6A4,GO:0042310
HTT,R-HSA-9022692
HTT,GO:0006915
HTT,GO:0007417
HTT,GO:0000132
HTT,GO:0007030
HTT,GO:2001237
HTT,GO:0022008
HTT,GO:1905337
HTT,GO:0043065
HTT,GO:0050850
HTT,GO:1905291
HTT,GO:0045724
HTT,GO:1904504
HTT,GO:1901526
HTT,GO:0031648
HTT,GO:1905289
HTT,GO:0006890
HTT,GO:0048489
HTT,GO:0047496
HTT,GO:0042297
KLF5,R-HSA-381340
KLF5,R-HSA-9616222
KLF5,GO:1990859
KLF5,GO:0006351
KLF5,GO:0008284
KLF5,GO:0045944
KLF5,GO:0006357
KCNN4,R-HSA-1296052
KCNN4,GO:0006816
KCNN4,GO:0006952
KCNN4,GO:0002376
KCNN4,GO:0044351
KCNN4,GO:1901381
KCNN4,GO:0050862
KCNN4,GO:0071805
KCNN4,GO:0006813
KCNN4,GO:0051289
KCNN4,GO:1905664
KCNN4,GO:0030322
KDM1A,R-HSA-3214815
KDM1A,R-HSA-3214842
KDM1A,R-HSA-5625886
KDM1A,R-HSA-8943724
KDM1A,R-HSA-9018519
KDM1A,R-HSA-9029569
KDM1A,R-HSA-9679191
KDM1A,R-HSA-9764725
KDM1A,R-HSA-983231
KDM1A,GO:0071320
KDM1A,GO:0071480
KDM1A,GO:0034644
KDM1A,GO:0021987
KDM1A,GO:0140861
KDM1A,GO:0006351
KDM1A,GO:0040029
KDM1A,GO:0046098
KDM1A,GO:0055001
KDM1A,GO:0043518
KDM1A,GO:0045892
KDM1A,GO:1902254
KDM1A,GO:1902166
KDM1A,GO:0000122
KDM1A,GO:0160217
KDM1A,GO:0042551
KDM1A,GO:0048812
KDM1A,GO:0120162
KDM1A,GO:0010718
KDM1A,GO:2000179
KDM1A,GO:0002052
KDM1A,GO:0031398
KDM1A,GO:2000648
KDM1A,GO:0045944
KDM1A,GO:0060765
KDM1A,GO:0010569
KDM1A,GO:0032880
KDM1A,GO:0006357
KDM1A,GO:0060992
KDM2A,R-HSA-3214842
KDM2A,GO:0006338
KDM2A,GO:0032922
KDM2A,GO:0006351
KDM2A,GO:0006303
KDM2A,GO:0010944
KDM2A,GO:0042752
KDM2A,GO:0006357
KDM2A,GO:0031146
KDM1A,GO:0045597
KDM1A,GO:0051240
KDM1A,GO:0050767
IL2,GO:0045621
IL2,GO:0042102
KIT,GO:0006935
KIT,GO:0008406
KIT,GO:0045321
KIT,GO:0002720
KIT,GO:0050793
IGF1R,GO:1901701
KDM2A,GO:0032259
KDM1A,GO:0006355
KIT,GO:0070661
KIT,GO:0010604
HTR4,GO:0003008
KDM1A,GO:0008284
KDM1A,GO:0010468
HTT,GO:0007017
HTT,GO:0043066
HTT,GO:0009966
LCK,GO:0002429
LCK,GO:0051240
KCNN4,GO:0051049
KIT,GO:0007169
LGALS1,R-HSA-381426
LGALS1,R-HSA-8957275
LGALS1,GO:0006915
LGALS1,GO:0098609
LGALS1,GO:2000329
LGALS1,GO:0043065
LGALS1,GO:0043123
LGALS1,GO:0050729
LGALS1,GO:0046598
LGALS1,GO:0042981
MAOB,R-HSA-141333
MAOB,GO:0042420
MAOB,GO:0050665
MAOB,GO:0019607
MAOB,GO:0042428
MAOB,GO:0021762
LOXL2,R-HSA-1566948
LOXL2,R-HSA-2243919
LOXL2,GO:0030199
LOXL2,GO:0006351
LOXL2,GO:0043542
LOXL2,GO:0001935
LOXL2,GO:0001837
LOXL2,GO:0070828
LOXL2,GO:0045892
LOXL2,GO:1902455
LOXL2,GO:0000122
LOXL2,GO:0018057
LOXL2,GO:0032332
LOXL2,GO:0010718
LOXL2,GO:0036211
LOXL2,GO:0046688
LOXL2,GO:0001666
LOXL2,GO:0002040
MAOA,R-HSA-141333
MAOA,R-HSA-181430
MAOA,R-HSA-379397
MAOA,R-HSA-379398
MAOA,R-HSA-379401
MAOA,R-HSA-380612
MAOA,R-HSA-5579012
MAOA,R-HSA-6785807
MAOA,GO:0006576
MAOA,GO:0042420
MAOA,GO:0019607
MAOA,GO:0042429
MAOA,GO:0042428
LGALS8,GO:0098586
LGALS8,GO:1904977
LGALS8,GO:0098792
LOX,R-HSA-1566948
LOX,R-HSA-2243919
LOX,GO:0048514
LOX,GO:0030199
LOX,GO:0048251
LOX,GO:0018057
LOX,GO:0035791
LOX,GO:0036211
LOX,GO:0048545
LOX,GO:0009410
MB,R-HSA-8981607
MB,GO:0015671
MB,GO:0019430
MB,GO:0003009
LGALS3,R-HSA-6798695
LGALS3,R-HSA-879415
LGALS3,R-HSA-8939246
LGALS3,R-HSA-8941333
LGALS3,GO:0048245
LGALS3,GO:0030855
LGALS3,GO:0045087
LGALS3,GO:0048246
LGALS3,GO:0002548
LGALS3,GO:0071674
LGALS3,GO:0006397
LGALS3,GO:0045806
LGALS3,GO:2001237
LGALS3,GO:2000521
LGALS3,GO:0051134
LGALS3,GO:2001189
LGALS3,GO:0050860
LGALS3,GO:0030593
LGALS3,GO:0050918
LGALS3,GO:0090280
LGALS3,GO:0071677
LGALS3,GO:1903078
LGALS3,GO:0031334
LGALS3,GO:1902041
LGALS3,GO:0070232
LGALS3,GO:0042129
LGALS3,GO:0008380
MAPKAPK5,R-HSA-2559580
MAPKAPK5,R-HSA-5687128
MAPKAPK5,R-HSA-6804756
MAPKAPK5,GO:0090398
MAPKAPK5,GO:0032007
MAPKAPK5,GO:0032206
MAPKAPK5,GO:0045944
MAPKAPK5,GO:0046777
MAPKAPK5,GO:0007265
MAPKAPK5,GO:1901796
MAPKAPK5,GO:0006417
MAPKAPK5,GO:0007165
MAPKAPK5,GO:0090400
LNPEP,R-HSA-1236977
LNPEP,R-HSA-1445148
LNPEP,R-HSA-983168
LNPEP,GO:0002480
LNPEP,GO:0007267
LNPEP,GO:0007565
LNPEP,GO:0120163
LNPEP,GO:0010813
LNPEP,GO:0000209
LNPEP,GO:0006508
LNPEP,GO:0008217
LPAR6,R-HSA-416476
LPAR6,R-HSA-417957
LPAR6,GO:0007186
LPAR2,R-HSA-416476
LPAR2,R-HSA-418594
LPAR2,R-HSA-419408
LPAR2,GO:0007189
LPAR2,GO:0007186
LPAR2,GO:0007204
LPAR3,R-HSA-416476
LPAR3,R-HSA-418594
LPAR3,R-HSA-419408
LPAR3,GO:0007189
LPAR3,GO:0007268
LPAR3,GO:0007187
LPAR3,GO:0010467
LPAR3,GO:0051928
LPAR3,GO:0007204
LPAR1,R-HSA-416476
LPAR1,R-HSA-418594
LPAR1,R-HSA-419408
LPAR1,GO:0007189
LPAR1,GO:0007193
LPAR1,GO:0060326
LPAR1,GO:1904566
LPAR1,GO:0071453
LPAR1,GO:0021549
LPAR1,GO:0022038
LPAR1,GO:0007186
LPAR1,GO:0042552
LPAR1,GO:0141162
LPAR1,GO:1902018
LPAR1,GO:0010977
LPAR1,GO:0022008
LPAR1,GO:0014003
LPAR1,GO:0021554
LPAR1,GO:0007200
LPAR1,GO:0043065
LPAR1,GO:0043123
LPAR1,GO:0007204
LPAR1,GO:0060999
LPAR1,GO:0043410
LPAR1,GO:0035025
LPAR1,GO:0071673
LPAR1,GO:0051496
LPAR1,GO:0008360
LPAR1,GO:0099149
LPAR1,GO:0098693
MAP2K1,R-HSA-110056
MAP2K1,R-HSA-170968
MAP2K1,R-HSA-445144
MAP2K1,R-HSA-5210891
MAP2K1,R-HSA-5673000
MAP2K1,R-HSA-5674135
MAP2K1,R-HSA-5674499
MAP2K1,R-HSA-5684264
MAP2K1,R-HSA-6802946
MAP2K1,R-HSA-6802948
MAP2K1,R-HSA-6802952
MAP2K1,R-HSA-6802955
MAP2K1,R-HSA-9649948
MAP2K1,R-HSA-9652169
MAP2K1,R-HSA-9656223
MAP2K1,GO:0090398
MAP2K1,GO:0006935
MAP2K1,GO:0038133
MAP2K1,GO:0070371
MAP2K1,GO:0048313
MAP2K1,GO:0048009
MAP2K1,GO:0000165
MAP2K1,GO:0032402
MAP2K1,GO:0042552
MAP2K1,GO:0008285
MAP2K1,GO:0010629
MAP2K1,GO:0034111
MAP2K1,GO:1903298
MAP2K1,GO:0007528
MAP2K1,GO:0030182
MAP2K1,GO:0048812
MAP2K1,GO:2001171
MAP2K1,GO:0010508
MAP2K1,GO:0030335
MAP2K1,GO:0045893
MAP2K1,GO:0070374
MAP2K1,GO:0010628
MAP2K1,GO:0045933
MAP2K1,GO:0071902
MAP2K1,GO:0032968
MAP2K1,GO:2000641
MAP2K1,GO:0090170
MAP2K1,GO:0098696
MAP2K1,GO:0032872
MAP2K1,GO:0003056
MAP2K1,GO:0048678
MAP2K1,GO:0051384
MAP2K1,GO:0006979
MAP2K1,GO:0014044
MAP2K1,GO:0007165
MAP2K1,GO:0070328
MAP2K1,GO:0047496
LPAR4,R-HSA-416476
LPAR4,R-HSA-417957
LPAR4,GO:0007186
MAPK1,R-HSA-111995
MAPK1,R-HSA-112409
MAPK1,R-HSA-112411
MAPK1,R-HSA-1181150
MAPK1,R-HSA-1295596
MAPK1,R-HSA-1502540
MAPK1,R-HSA-162658
MAPK1,R-HSA-170968
MAPK1,R-HSA-198753
MAPK1,R-HSA-202670
MAPK1,R-HSA-2029482
MAPK1,R-HSA-2173795
MAPK1,R-HSA-2173796
MAPK1,R-HSA-2559580
MAPK1,R-HSA-2559582
MAPK1,R-HSA-2559585
MAPK1,R-HSA-2871796
MAPK1,R-HSA-3371453
MAPK1,R-HSA-375165
MAPK1,R-HSA-437239
MAPK1,R-HSA-444257
MAPK1,R-HSA-445144
MAPK1,R-HSA-450341
MAPK1,R-HSA-456926
MAPK1,R-HSA-5654726
MAPK1,R-HSA-5654727
MAPK1,R-HSA-5654732
MAPK1,R-HSA-5654733
MAPK1,R-HSA-5663213
MAPK1,R-HSA-5668599
MAPK1,R-HSA-5673001
MAPK1,R-HSA-5674135
MAPK1,R-HSA-5674499
MAPK1,R-HSA-5675221
MAPK1,R-HSA-6798695
MAPK1,R-HSA-6802946
MAPK1,R-HSA-6802948
MAPK1,R-HSA-6802952
MAPK1,R-HSA-6802955
MAPK1,R-HSA-6811558
MAPK1,R-HSA-74749
MAPK1,R-HSA-877300
MAPK1,R-HSA-879415
MAPK1,R-HSA-881907
MAPK1,R-HSA-8939211
MAPK1,R-HSA-8940973
MAPK1,R-HSA-8943724
MAPK1,R-HSA-9627069
MAPK1,R-HSA-9634635
MAPK1,R-HSA-9634638
MAPK1,R-HSA-9635465
MAPK1,R-HSA-9649948
MAPK1,R-HSA-9652169
MAPK1,R-HSA-9652817
MAPK1,R-HSA-9656223
MAPK1,R-HSA-9664422
MAPK1,R-HSA-9725371
MAPK1,R-HSA-9732724
MAPK1,R-HSA-9764725
MAPK1,R-HSA-9768919
MAPK1,R-HSA-982772
MAPK1,R-HSA-9842640
MAPK1,R-HSA-9856649
MAPK1,GO:0006915
MAPK1,GO:0072584
MAPK1,GO:0007166
MAPK1,GO:0034198
MAPK1,GO:0007268
MAPK1,GO:0070098
MAPK1,GO:0006935
MAPK1,GO:0006351
MAPK1,GO:0007173
MAPK1,GO:0038127
MAPK1,GO:0038133
MAPK1,GO:0070371
MAPK1,GO:0008286
MAPK1,GO:0048009
MAPK1,GO:0061514
MAPK1,GO:0035556
MAPK1,GO:0007611
MAPK1,GO:0000165
MAPK1,GO:0042552
MAPK1,GO:0045542
MAPK1,GO:0010759
MAPK1,GO:0120041
MAPK1,GO:0150078
MAPK1,GO:0010800
MAPK1,GO:0032206
MAPK1,GO:0006468
MAPK1,GO:0051493
MAPK1,GO:2000641
MAPK1,GO:0090170
MAPK1,GO:0032872
MAPK1,GO:0070849
MAPK1,GO:0035094
MAPK1,GO:0014044
MAPK1,GO:0007165
MAPK1,GO:0051403
MAPT,R-HSA-264870
MAPT,R-HSA-9619483 [P10636-8]
MAPT,R-HSA-9833482 [P10636-8]
MAPT,GO:1990000
MAPT,GO:0048143
MAPT,GO:0061564
MAPT,GO:0098930
MAPT,GO:0019896
MAPT,GO:0007267
MAPT,GO:1990416
MAPT,GO:0034605
MAPT,GO:1990090
MAPT,GO:0034614
MAPT,GO:0021954
MAPT,GO:0031122
MAPT,GO:0006974
MAPT,GO:0048699
MAPT,GO:0048312
MAPT,GO:0007611
MAPT,GO:0007613
MAPT,GO:0001774
MAPT,GO:0000226
MAPT,GO:0046785
MAPT,GO:1903748
MAPT,GO:0010629
MAPT,GO:0090258
MAPT,GO:0010917
MAPT,GO:1902988
MAPT,GO:0031175
MAPT,GO:0072386
MAPT,GO:0045773
MAPT,GO:0031116
MAPT,GO:1903829
MAPT,GO:1902474
MAPT,GO:0032930
MAPT,GO:0051260
MAPT,GO:0051258
MAPT,GO:0010506
MAPT,GO:0050848
MAPT,GO:1900034
MAPT,GO:0033044
MAPT,GO:1900452
MAPT,GO:0070507
MAPT,GO:0031113
MAPT,GO:0031110
MAPT,GO:0060632
MAPT,GO:0090140
MAPT,GO:0048167
MAPT,GO:0010288
MAPT,GO:0016072
MAPT,GO:0034063
MAPT,GO:0097435
MAPT,GO:0007416
MAPT,GO:0050808
LTB4R,R-HSA-391906
LTB4R,R-HSA-416476
LTB4R,GO:0007186
LTB4R,GO:0006955
LTB4R,GO:0006954
LTB4R,GO:0006936
LTB4R,GO:0007218
LTB4R,GO:0007200
MAPK14,R-HSA-168638
MAPK14,R-HSA-171007
MAPK14,R-HSA-198753
MAPK14,R-HSA-2151209
MAPK14,R-HSA-2559580
MAPK14,R-HSA-418592
MAPK14,R-HSA-432142
MAPK14,R-HSA-4420097
MAPK14,R-HSA-450302
MAPK14,R-HSA-450341
MAPK14,R-HSA-450604
MAPK14,R-HSA-525793
MAPK14,R-HSA-5668599
MAPK14,R-HSA-6798695
MAPK14,R-HSA-6804756
MAPK14,R-HSA-69601
MAPK14,R-HSA-9662834
MAPK14,R-HSA-9824585
MAPK14,GO:0070935
MAPK14,GO:0006915
MAPK14,GO:0060348
MAPK14,GO:0001502
MAPK14,GO:0007166
MAPK14,GO:0071479
MAPK14,GO:0071222
MAPK14,GO:0071223
MAPK14,GO:0071493
MAPK14,GO:0035924
MAPK14,GO:0098586
MAPK14,GO:0090398
MAPK14,GO:0006935
MAPK14,GO:0006351
MAPK14,GO:0035556
MAPK14,GO:0000165
MAPK14,GO:0090090
MAPK14,GO:0035331
MAPK14,GO:0002862
MAPK14,GO:0001649
MAPK14,GO:0030316
MAPK14,GO:0038066
MAPK14,GO:0030168
MAPK14,GO:0031281
MAPK14,GO:0045648
MAPK14,GO:0010628
MAPK14,GO:0032735
MAPK14,GO:0051149
MAPK14,GO:0045663
MAPK14,GO:1901741
MAPK14,GO:0010831
MAPK14,GO:2000379
MAPK14,GO:1900015
MAPK14,GO:0099179
MAPK14,GO:0006357
MAPK14,GO:0002021
MAPK14,GO:0032868
MAPK14,GO:0007165
MAPK14,GO:0042770
MAPK14,GO:0051403
MAPK14,GO:0031098
MAPK14,GO:0090400
MAPK14,GO:0033209
MAPK14,GO:0048010
MAP2K4,R-HSA-2559580
MAP2K4,R-HSA-2871796
MAP2K4,R-HSA-450321
MAP2K4,R-HSA-5210891
MAP2K4,R-HSA-5684264
MAP2K4,GO:0071260
MAP2K4,GO:0090398
MAP2K4,GO:0038127
MAP2K4,GO:0038095
MAP2K4,GO:0036481
MAP2K4,GO:0007254
MAP2K4,GO:0000165
MAP2K4,GO:0007528
MAP2K4,GO:0007165
MAP2K4,GO:0034390
LPAR5,R-HSA-416476
LPAR5,R-HSA-418594
LPAR5,R-HSA-419408
LPAR5,GO:0048266
MAP2K1,GO:0043410
MAP2K1,GO:0070372
LOXL2,GO:0006325
MAOA,GO:0006584
LGALS3,GO:0030154
MAPK14,GO:0033554
MTNR1A,R-HSA-373076
MTNR1A,R-HSA-418594
MTNR1A,GO:0007193
MTNR1A,GO:0007623
MTNR1A,GO:0007187
MTNR1A,GO:0007617
MMP13,R-HSA-1442490
MMP13,R-HSA-1474228
MMP13,R-HSA-1592389
MMP13,R-HSA-2022090
MMP13,R-HSA-8941332
MMP13,GO:0030282
MMP13,GO:0060349
MMP13,GO:0030574
MMP13,GO:0001958
MMP13,GO:0022617
MMP13,GO:0030198
MMP13,GO:0006508
MMP13,GO:1904645
MMP12,R-HSA-1442490
MMP12,R-HSA-1474228
MMP12,GO:0098586
MMP12,GO:0030574
MMP12,GO:0060309
MMP12,GO:0022617
MMP12,GO:0030198
MMP12,GO:1904905
MMP12,GO:0000122
MMP12,GO:0060339
MMP12,GO:0060054
MMP12,GO:0032727
MMP12,GO:0045944
MMP12,GO:0060340
MMP12,GO:0006606
MMP12,GO:0006508
MMP12,GO:0050691
MMP12,GO:1904645
MMP12,GO:0035313
MPO,R-HSA-6798695
MPO,R-HSA-8941413
MPO,GO:0006952
MPO,GO:0042742
MPO,GO:0042744
MPO,GO:0034374
MPO,GO:0043066
MPO,GO:0140645
MPO,GO:0070944
MPO,GO:0070947
MPO,GO:0070943
MPO,GO:0006337
MPO,GO:0032094
MPO,GO:1990268
MPO,GO:0032496
MPO,GO:0009612
MPO,GO:0006979
MTHFR,R-HSA-196757
MTHFR,GO:0070828
MTHFR,GO:0050667
MTHFR,GO:0009086
MTHFR,GO:0006555
MTHFR,GO:0001843
MTHFR,GO:0043200
MTHFR,GO:0051593
MTHFR,GO:0001666
MTHFR,GO:0070555
MTHFR,GO:0033274
MTHFR,GO:0009410
MTHFR,GO:0046500
MTHFR,GO:0035999
METTL3,R-HSA-72203
METTL3,GO:0034644
METTL3,GO:0007623
METTL3,GO:0006974
METTL3,GO:0009048
METTL3,GO:0098508
METTL3,GO:0021861
METTL3,GO:0042063
METTL3,GO:0045087
METTL3,GO:0061157
METTL3,GO:0016556
METTL3,GO:0006397
METTL3,GO:0000398
METTL3,GO:0045746
METTL3,GO:0060339
METTL3,GO:0048477
METTL3,GO:1903679
METTL3,GO:0045727
METTL3,GO:0031053
METTL3,GO:1902036
METTL3,GO:0051445
METTL3,GO:0045580
METTL3,GO:0001510
METTL3,GO:0043489
METTL3,GO:0007283
METTL3,GO:0019827
MET,R-HSA-1257604
MET,R-HSA-2219530
MET,R-HSA-416550
MET,R-HSA-5673001
MET,R-HSA-6806942
MET,R-HSA-6807004
MET,R-HSA-6811558
MET,R-HSA-8851805
MET,R-HSA-8851907
MET,R-HSA-8865999
MET,R-HSA-8874081
MET,R-HSA-8875360
MET,R-HSA-8875513
MET,R-HSA-8875555
MET,R-HSA-8875656
MET,R-HSA-8875791
MET,R-HSA-9022699
MET,R-HSA-9734091
MET,R-HSA-9825892
MET,GO:0048754
MET,GO:0007169
MET,GO:0007166
MET,GO:0001886
MET,GO:0060079
MET,GO:0048012
MET,GO:0001889
MET,GO:0010507
MET,GO:1901299
MET,GO:0030182
MET,GO:0031016
MET,GO:0050918
MET,GO:2001028
MET,GO:0045944
MET,GO:0071526
MMP3,R-HSA-1442490
MMP3,R-HSA-1474228
MMP3,R-HSA-1592389
MMP3,R-HSA-2022090
MMP3,R-HSA-2179392
MMP3,R-HSA-6785807
MMP3,R-HSA-9009391
MMP3,GO:0071222
MMP3,GO:0071732
MMP3,GO:0034614
MMP3,GO:0071492
MMP3,GO:0030574
MMP3,GO:0022617
MMP3,GO:0030198
MMP3,GO:0045087
MMP3,GO:0051898
MMP3,GO:2000378
MMP3,GO:0031334
MMP3,GO:0030163
MMP3,GO:0006508
MMP3,GO:0150077
MMP3,GO:1904645
MMP1,R-HSA-1442490
MMP1,R-HSA-1474228
MMP1,R-HSA-1592389
MMP1,R-HSA-210991
MMP1,R-HSA-381426
MMP1,R-HSA-6785807
MMP1,GO:0071492
MMP1,GO:0030574
MMP1,GO:0022617
MMP1,GO:0030198
MMP1,GO:0031334
MMP1,GO:0006508
MMP9,R-HSA-1433557
MMP9,R-HSA-1442490
MMP9,R-HSA-1474228
MMP9,R-HSA-1592389
MMP9,R-HSA-2022090
MMP9,R-HSA-3928665
MMP9,R-HSA-6785807
MMP9,R-HSA-6798695
MMP9,R-HSA-9009391
MMP9,R-HSA-9918481
MMP9,GO:0016477
MMP9,GO:0071222
MMP9,GO:0071492
MMP9,GO:0030574
MMP9,GO:0035987
MMP9,GO:0048013
MMP9,GO:0022617
MMP9,GO:0030198
MMP9,GO:0030225
MMP9,GO:0043066
MMP9,GO:1904063
MMP9,GO:2000697
MMP9,GO:2001243
MMP9,GO:0043388
MMP9,GO:0045742
MMP9,GO:0051549
MMP9,GO:0001934
MMP9,GO:0090200
MMP9,GO:1904707
MMP9,GO:0006508
MMP9,GO:0150077
MMP9,GO:1904645
MME,R-HSA-2022377
MME,R-HSA-5578768
MME,R-HSA-6798695
MME,R-HSA-9927432
MME,GO:0097242
MME,GO:0150094
MME,GO:0050435
MME,GO:0002003
MME,GO:0010815
MME,GO:0071345
MME,GO:0071492
MME,GO:0071493
MME,GO:0046449
MME,GO:0042447
MME,GO:0001822
MME,GO:0007611
MME,GO:0030324
MME,GO:0061837
MME,GO:0006518
MME,GO:0001890
MME,GO:1900273
MME,GO:0050769
MME,GO:0030163
MME,GO:0016485
MME,GO:0006508
MME,GO:0090399
MME,GO:0043627
MME,GO:0019233
MME,GO:0010814
MCL1,R-HSA-6785807
MCL1,R-HSA-9725370
MCL1,GO:0001709
MCL1,GO:0019725
MCL1,GO:0006974
MCL1,GO:0097192
MCL1,GO:0008630
MCL1,GO:0008053
MCL1,GO:2000811
MCL1,GO:0043066
MCL1,GO:0010507
MCL1,GO:2001240
MCL1,GO:0043065
MCL1,GO:0043525
MCL1,GO:1903378
MCL1,GO:0042981
MCL1,GO:0001836
MCL1,GO:0034097
MMP2,R-HSA-1442490
MMP2,R-HSA-1474228
MMP2,R-HSA-1592389
MMP2,R-HSA-381426
MMP2,R-HSA-3928665
MMP2,R-HSA-6785807
MMP2,R-HSA-9009391
MMP2,GO:0001525
MMP2,GO:0016477
MMP2,GO:0071392
MMP2,GO:0071498
MMP2,GO:0071347
MMP2,GO:0071492
MMP2,GO:0030574
MMP2,GO:0035987
MMP2,GO:0048013
MMP2,GO:0022617
MMP2,GO:0030198
MMP2,GO:0007507
MMP2,GO:0001553
MMP2,GO:0048246
MMP2,GO:0007162
MMP2,GO:0045906
MMP2,GO:0001541
MMP2,GO:0001542
MMP2,GO:0007567
MMP2,GO:0014012
MMP2,GO:0030335
MMP2,GO:1903378
MMP2,GO:1904707
MMP2,GO:0060740
MMP2,GO:0030163
MMP2,GO:0006508
MMP2,GO:0014823
MMP2,GO:1904645
MMP2,GO:0051602
MMP2,GO:0043627
MMP2,GO:0042542
MMP2,GO:0055093
MMP2,GO:0001666
MMP2,GO:0009612
MMP2,GO:0035094
MMP2,GO:0032526
MMP2,GO:0009410
MMP2,GO:0048771
MMP2,GO:0061450
MDM4,R-HSA-2559580
MDM4,R-HSA-2559585
MDM4,R-HSA-5689880
MDM4,R-HSA-6804756
MDM4,R-HSA-6804757
MDM4,R-HSA-6804760
MDM4,R-HSA-69541
MDM4,GO:0003283
MDM4,GO:0003181
MDM4,GO:0071456
MDM4,GO:0030330
MDM4,GO:0003203
MDM4,GO:0003170
MDM4,GO:0043066
MDM4,GO:0008285
MDM4,GO:0045892
MDM4,GO:0042177
MDM4,GO:1901797
MDM4,GO:0000122
MDM4,GO:0050821
MDM4,GO:0065003
MDM4,GO:0051726
MDM4,GO:0003281
MKNK1,R-HSA-1295596
MKNK1,GO:0035556
MKNK1,GO:0006468
MKNK1,GO:0006417
MMP7,R-HSA-1442490
MMP7,R-HSA-1474228
MMP7,R-HSA-1592389
MMP7,R-HSA-2022090
MMP7,R-HSA-9009391
MMP7,GO:0030574
MMP7,GO:0022617
MMP7,GO:0030198
MMP7,GO:0006509
MMP7,GO:0031293
MMP7,GO:0030335
MMP7,GO:0006508
MIF,R-HSA-202733
MIF,R-HSA-6798695
MIF,R-HSA-8950505
MIF,GO:0019752
MIF,GO:0007166
MIF,GO:0006954
MIF,GO:0045087
MIF,GO:0043066
MIF,GO:0030336
MIF,GO:2000773
MIF,GO:0043518
MIF,GO:0010629
MIF,GO:1902166
MIF,GO:0010760
MIF,GO:0002906
MIF,GO:0033033
MIF,GO:0051248
MIF,GO:0090238
MIF,GO:0030890
MIF,GO:0141163
MIF,GO:0008284
MIF,GO:2000343
MIF,GO:0001819
MIF,GO:0070374
MIF,GO:0048146
MIF,GO:0031666
MIF,GO:0061081
MIF,GO:0042327
MIF,GO:0061078
MIF,GO:0032760
MIF,GO:0001516
MIF,GO:0070207
MIF,GO:0043030
MKNK2,GO:0006915
MKNK2,GO:0007166
MKNK2,GO:0071243
MKNK2,GO:0030097
MKNK2,GO:0035556
MKNK2,GO:0006468
MKNK2,GO:0006417
MBNL1,GO:0030326
MBNL1,GO:0001701
MBNL1,GO:0006397
MBNL1,GO:0045445
MBNL1,GO:0007399
MBNL1,GO:0043484
MBNL1,GO:0008380
MIF,GO:0080135
MCL1,GO:0006915
MCL1,GO:0030154
MCL1,GO:2001233
MCL1,GO:1902531
MDM4,GO:0043933
METTL3,GO:0032259
MTNR1B,R-HSA-373076
MTNR1B,R-HSA-418594
MTNR1B,GO:0043010
MTNR1B,GO:0007268
MTNR1B,GO:0007186
MTNR1B,GO:0007187
MTNR1B,GO:0042593
MTNR1B,GO:0051481
MTNR1B,GO:0046676
MTNR1B,GO:0043524
MTNR1B,GO:0010754
MTNR1B,GO:0051970
MTNR1B,GO:0045906
MTNR1B,GO:0046010
MTNR1B,GO:0051971
MTNR1B,GO:0050796
MTNR1B,GO:0098908
NAT2,R-HSA-156582
NAT2,R-HSA-9753281
NAT2,GO:0006805
NAT1,R-HSA-156582
NAT1,R-HSA-9753281
NAT1,GO:0006805
NR1I2,R-HSA-383280
NR1I2,R-HSA-4090294 [O75469-1]
NR1I2,GO:0030154
NR1I2,GO:0071219
NR1I2,GO:0006351
NR1I2,GO:0060729
NR1I2,GO:0030522
NR1I2,GO:0045892
NR1I2,GO:0000122
NR1I2,GO:0045893
NR1I2,GO:0045944
NR1I2,GO:0006355
NR1I2,GO:0007165
NR1I2,GO:0008202
NR1I2,GO:0042178
NR1I2,GO:0006805
NR1I2,GO:0042908
NR1I3,R-HSA-383280
NR1I3,GO:0030154
NR1I3,GO:0006351
NR1I3,GO:0030522
NR1I3,GO:0000122
NR1I3,GO:0001649
NR1I3,GO:0045944
NR1I3,GO:0007165
NFE2L2,R-HSA-8951664
NFE2L2,R-HSA-9679191
NFE2L2,R-HSA-9707587
NFE2L2,R-HSA-9707616
NFE2L2,R-HSA-9755511
NFE2L2,R-HSA-9759194
NFE2L2,R-HSA-9762114
NFE2L2,R-HSA-9818025
NFE2L2,R-HSA-9818026
NFE2L2,R-HSA-9818027
NFE2L2,R-HSA-9818028
NFE2L2,R-HSA-9818030
NFE2L2,R-HSA-9818032
NFE2L2,R-HSA-9818035
NFE2L2,R-HSA-9818749
NFE2L2,R-HSA-9909649
NFE2L2,GO:0046223
NFE2L2,GO:0045454
NFE2L2,GO:1904385
NFE2L2,GO:0071498
NFE2L2,GO:0042149
NFE2L2,GO:0070301
NFE2L2,GO:0071456
NFE2L2,GO:0071499
NFE2L2,GO:0061431
NFE2L2,GO:0034599
NFE2L2,GO:0071356
NFE2L2,GO:0006351
NFE2L2,GO:0030968
NFE2L2,GO:0140467
NFE2L2,GO:0010667
NFE2L2,GO:1900038
NFE2L2,GO:2000352
NFE2L2,GO:0110076
NFE2L2,GO:1902037
NFE2L2,GO:1902176
NFE2L2,GO:1904753
NFE2L2,GO:0036499
NFE2L2,GO:0045766
NFE2L2,GO:0030194
NFE2L2,GO:0043536
NFE2L2,GO:0046326
NFE2L2,GO:0045893
NFE2L2,GO:1904294
NFE2L2,GO:0010628
NFE2L2,GO:1903788
NFE2L2,GO:0010976
NFE2L2,GO:2000379
NFE2L2,GO:0045944
NFE2L2,GO:2000060
NFE2L2,GO:0010499
NFE2L2,GO:0043161
NFE2L2,GO:0016567
NFE2L2,GO:1900407
NFE2L2,GO:0045088
NFE2L2,GO:2000121
NFE2L2,GO:0006357
NFE2L2,GO:0002931
NFE2L2,GO:0006979
NFE2L2,GO:0009410
NFE2L2,GO:0030217
NR2E1,R-HSA-383280
NR2E1,R-HSA-8943724
NR2E1,GO:0030154
NR2E1,GO:0006351
NR2E1,GO:0000122
NR2E1,GO:0007399
NR2E1,GO:2000179
NR2E1,GO:2000648
NOX4,R-HSA-3299685
NOX4,R-HSA-9702518
NOX4,R-HSA-9703465
NOX4,GO:0000902
NOX4,GO:0006952
NOX4,GO:0010467
NOX4,GO:0003015
NOX4,GO:0050667
NOX4,GO:0006954
NOX4,GO:0035556
NOX4,GO:0008285
NOX4,GO:2000573
NOX4,GO:0070374
NOX4,GO:0051897
NOX4,GO:1903409
NOX4,GO:0042554
NOX4,GO:0006801
NQO2,R-HSA-211945
NQO2,GO:1901662
NR1H3,R-HSA-1989781
NR1H3,R-HSA-383280
NR1H3,R-HSA-4090294 [Q13133-1]
NR1H3,R-HSA-8866427
NR1H3,R-HSA-9029558
NR1H3,R-HSA-9029569
NR1H3,R-HSA-9031525
NR1H3,R-HSA-9031528
NR1H3,R-HSA-9623433
NR1H3,R-HSA-9632974
NR1H3,GO:0043277
NR1H3,GO:0030154
NR1H3,GO:0071222
NR1H3,GO:0042632
NR1H3,GO:0009755
NR1H3,GO:0030522
NR1H3,GO:0055088
NR1H3,GO:0042789
NR1H3,GO:0010887
NR1H3,GO:0120163
NR1H3,GO:0050728
NR1H3,GO:0032369
NR1H3,GO:0043031
NR1H3,GO:0010745
NR1H3,GO:0090188
NR1H3,GO:0048550
NR1H3,GO:0045861
NR1H3,GO:1903573
NR1H3,GO:0090341
NR1H3,GO:0000122
NR1H3,GO:0060336
NR1H3,GO:0036151
NR1H3,GO:0010875
NR1H3,GO:0032376
NR1H3,GO:0045893
NR1H3,GO:0045723
NR1H3,GO:0046889
NR1H3,GO:0034145
NR1H3,GO:0045944
NR1H3,GO:0010867
NR1H3,GO:0042752
NR1H3,GO:0010883
NR1H3,GO:0032570
NR1H3,GO:0055092
NR1H3,GO:0070328
NR3C1,R-HSA-3371497
NR3C1,R-HSA-383280
NR3C1,R-HSA-4090294
NR3C1,R-HSA-8849473
NR3C1,R-HSA-8939902
NR3C1,R-HSA-9615017
NR3C1,R-HSA-9679191
NR3C1,R-HSA-9768777
NR3C1,GO:0006915
NR3C1,GO:0048708
NR3C1,GO:0051301
NR3C1,GO:0071549
NR3C1,GO:0071385
NR3C1,GO:0071383
NR3C1,GO:0071560
NR3C1,GO:0006325
NR3C1,GO:0007059
NR3C1,GO:0006351
NR3C1,GO:0014004
NR3C1,GO:0061744
NR3C1,GO:0045892
NR3C1,GO:0000122
NR3C1,GO:0150076
NR3C1,GO:0030518
NR3C1,GO:1902895
NR3C1,GO:0045944
NR3C1,GO:0006355
NR3C1,GO:0006357
NR3C1,GO:0007165
NR3C1,GO:0035249
SLC6A2,R-HSA-442660
SLC6A2,R-HSA-5619109
SLC6A2,GO:0006865
SLC6A2,GO:0007268
SLC6A2,GO:0051583
SLC6A2,GO:0015844
SLC6A2,GO:0070050
SLC6A2,GO:0006836
SLC6A2,GO:0015874
SLC6A2,GO:0051620
SLC6A2,GO:0009410
SLC6A2,GO:0035725
NR2E3,R-HSA-383280
NR2E3,GO:0006351
NR2E3,GO:0030182
NR2E3,GO:0007602
NR2E3,GO:0045944
NR2E3,GO:0007165
NR2E3,GO:0007601
NR3C2,R-HSA-3371497
NR3C2,R-HSA-383280
NR3C2,R-HSA-4090294
NR3C2,GO:0006351
NR3C2,GO:0030518
NR3C2,GO:1901224
NR3C2,GO:0006357
NR3C2,GO:0007165
NQO1,R-HSA-350562
NQO1,R-HSA-9818027
NQO1,GO:0045454
NQO1,GO:0034599
NQO1,GO:0045087
NQO1,GO:0110076
NQO1,GO:0042177
NQO1,GO:0006809
NQO1,GO:0030163
NQO1,GO:0000209
NQO1,GO:0019430
NQO1,GO:0032496
NQO1,GO:0006979
NQO1,GO:0009636
NQO1,GO:0007271
NQO1,GO:0006743
NQO1,GO:0042360
NQO1,GO:0042373
NQO1,GO:0006805
NOX1,R-HSA-5668599
NOX1,R-HSA-9013149
NOX1,R-HSA-9013423
NOX1,R-HSA-9673324
NOX1,GO:0001525
NOX1,GO:0016477
NOX1,GO:0006952
NOX1,GO:0042743
NOX1,GO:0006954
NOX1,GO:0006739
NOX1,GO:0008284
NOX1,GO:0045726
NOX1,GO:0048661
NOX1,GO:0010575
NOX1,GO:0008217
NOX1,GO:0045730
NOX1,GO:0007165
NOX1,GO:0042554
NISCH,R-HSA-9013149
NISCH,R-HSA-9696264
NISCH,R-HSA-9696270
NISCH,GO:0006915
NISCH,GO:0016601
NAA50,GO:0034087
NAA50,GO:0007064
NAA50,GO:0071962
NAA50,GO:0006474
NAA50,GO:0043687
NADK,R-HSA-196807
NADK,GO:0046034
NADK,GO:0019674
NADK,GO:0006741
NADK,GO:0016310
NADK,GO:0035774
NR1H4,R-HSA-159418
NR1H4,R-HSA-192105
NR1H4,R-HSA-193368
NR1H4,R-HSA-193807
NR1H4,R-HSA-1989781
NR1H4,R-HSA-211976
NR1H4,R-HSA-383280
NR1H4,R-HSA-4090294 [Q96RI1-2]
NR1H4,GO:0015721
NR1H4,GO:0030154
NR1H4,GO:0007043
NR1H4,GO:1903413
NR1H4,GO:0071398
NR1H4,GO:0071222
NR1H4,GO:0042632
NR1H4,GO:0042742
NR1H4,GO:0006351
NR1H4,GO:0055089
NR1H4,GO:0006954
NR1H4,GO:0045087
NR1H4,GO:0001678
NR1H4,GO:0030522
NR1H4,GO:0035356
NR1H4,GO:0043066
NR1H4,GO:0043124
NR1H4,GO:0050728
NR1H4,GO:0032692
NR1H4,GO:0032703
NR1H4,GO:0032715
NR1H4,GO:0071638
NR1H4,GO:0000122
NR1H4,GO:0032720
NR1H4,GO:0010804
NR1H4,GO:0032689
NR1H4,GO:0010903
NR1H4,GO:0038185
NR1H4,GO:1904179
NR1H4,GO:2001250
NR1H4,GO:0045893
NR1H4,GO:0046628
NR1H4,GO:0035774
NR1H4,GO:0032740
NR1H4,GO:1905695
NR1H4,GO:0045944
NR1H4,GO:0070857
NR1H4,GO:0090181
NR1H4,GO:0006355
NR1H4,GO:2000211
NR1H4,GO:0061178
NR1H4,GO:0010988
NR1H4,GO:0006357
NR1H4,GO:0034162
NR1H4,GO:0019627
MTOR,R-HSA-1257604
MTOR,R-HSA-1632852
MTOR,R-HSA-165159
MTOR,R-HSA-166208
MTOR,R-HSA-3371571
MTOR,R-HSA-380972
MTOR,R-HSA-389357
MTOR,R-HSA-5218920
MTOR,R-HSA-5628897
MTOR,R-HSA-5674400
MTOR,R-HSA-6804757
MTOR,R-HSA-8943724
MTOR,R-HSA-9639288
MTOR,R-HSA-9856530
MTOR,R-HSA-9920951
MTOR,GO:0006207
MTOR,GO:0043276
MTOR,GO:0048266
MTOR,GO:0055006
MTOR,GO:0034198
MTOR,GO:0071230
MTOR,GO:0071456
MTOR,GO:0032869
MTOR,GO:0071233
MTOR,GO:1990253
MTOR,GO:0061431
MTOR,GO:0031670
MTOR,GO:0031669
MTOR,GO:0071470
MTOR,GO:0009267
MTOR,GO:0007010
MTOR,GO:0006974
MTOR,GO:0006954
MTOR,GO:0043066
MTOR,GO:0010507
MTOR,GO:0046627
MTOR,GO:1905672
MTOR,GO:0016242
MTOR,GO:1900181
MTOR,GO:0019228
MTOR,GO:0043491
MTOR,GO:0030307
MTOR,GO:1904690
MTOR,GO:0010718
MTOR,GO:0045821
MTOR,GO:0051549
MTOR,GO:0046889
MTOR,GO:1905857
MTOR,GO:0051897
MTOR,GO:0045860
MTOR,GO:0062027
MTOR,GO:0045945
MTOR,GO:1901838
MTOR,GO:0045727
MTOR,GO:0045948
MTOR,GO:2000060
MTOR,GO:1903691
MTOR,GO:0006468
MTOR,GO:0050821
MTOR,GO:0032956
MTOR,GO:2000785
MTOR,GO:0001558
MTOR,GO:0008361
MTOR,GO:1900034
MTOR,GO:0042752
MTOR,GO:1904059
MTOR,GO:1905671
MTOR,GO:0016241
MTOR,GO:0045670
MTOR,GO:1901796
MTOR,GO:0043200
MTOR,GO:0009408
MTOR,GO:0031667
MTOR,GO:0031295
MTOR,GO:0002296
MTOR,GO:0031929
MTOR,GO:0038202
MTOR,GO:0038203
MTOR,GO:0097700
NR3C1,GO:0051384
NR3C1,GO:1901654
MTOR,GO:0009891
MTOR,GO:0045597
MTOR,GO:0051240
MTOR,GO:0080135
MTOR,GO:0019216
MTOR,GO:0051896
NR1H4,GO:0070328
NR1H3,GO:0006351
NR3C1,GO:0045893
MTOR,GO:0051094
MTOR,GO:0080090
NR1H3,GO:0006629
OXTR,R-HSA-388479
OXTR,R-HSA-416476
OXTR,GO:0007166
OXTR,GO:0032870
OXTR,GO:0007565
OXTR,GO:0007186
OXTR,GO:0007595
OXTR,GO:0060137
OXTR,GO:0006936
OXTR,GO:0120162
OXTR,GO:0045907
OXTR,GO:0001992
P2RX3,R-HSA-139853
P2RX3,R-HSA-418346
P2RX3,GO:0070588
P2RX3,GO:0071318
P2RX3,GO:0050804
P2RX3,GO:0010524
P2RX3,GO:0050850
P2RX3,GO:0070207
P2RX3,GO:0007165
P2RX3,GO:0055085
P2RY6,R-HSA-416476
P2RY6,R-HSA-417957
P2RY6,GO:0071415
P2RY6,GO:1905835
P2RY6,GO:0007186
P2RY6,GO:0006909
P2RY6,GO:0007200
P2RY6,GO:0070374
P2RY6,GO:0032962
P2RY6,GO:0051281
P2RY6,GO:1904707
P2RX4,R-HSA-139853
P2RX4,R-HSA-418346
P2RX4,R-HSA-9660826
P2RX4,GO:0097190
P2RX4,GO:0048266
P2RX4,GO:0070588
P2RX4,GO:0019722
P2RX4,GO:0071318
P2RX4,GO:0071294
P2RX4,GO:0042118
P2RX4,GO:0051899
P2RX4,GO:0034220
P2RX4,GO:0010614
P2RX4,GO:0043536
P2RX4,GO:0051928
P2RX4,GO:0010524
P2RX4,GO:0050850
P2RX4,GO:2001028
P2RX4,GO:1904141
P2RX4,GO:0045429
P2RX4,GO:0051897
P2RX4,GO:0032308
P2RX4,GO:0035590
P2RX4,GO:0008217
P2RX4,GO:0055117
P2RX4,GO:0050920
P2RX4,GO:0002028
P2RX4,GO:0055119
P2RX4,GO:0033198
P2RX4,GO:0048678
P2RX4,GO:0034405
P2RX4,GO:0002931
P2RX4,GO:0019233
P2RX4,GO:0050975
P2RX4,GO:0007165
P2RX4,GO:0001894
P2RY1,R-HSA-416476
P2RY1,R-HSA-417957
P2RY1,R-HSA-418592
P2RY1,GO:0007193
P2RY1,GO:0097746
P2RY1,GO:0007166
P2RY1,GO:0071318
P2RY1,GO:0071415
P2RY1,GO:0042755
P2RY1,GO:0001973
P2RY1,GO:0035589
P2RY1,GO:0007186
P2RY1,GO:0008347
P2RY1,GO:0010700
P2RY1,GO:0007200
P2RY1,GO:0030168
P2RY1,GO:0007204
P2RY1,GO:0070374
P2RY1,GO:0046887
P2RY1,GO:0032962
P2RY1,GO:0060406
P2RY1,GO:0045944
P2RY1,GO:0072659
P2RY1,GO:0008360
P2RY1,GO:0099509
P2RY1,GO:2000300
P2RY1,GO:0090075
P2RY1,GO:0070848
P2RY1,GO:0009612
P2RY1,GO:0023019
OXER1,R-HSA-391903
OXER1,R-HSA-418594
OXER1,GO:0007193
OXER1,GO:0007186
PDE10A,R-HSA-418457
PDE10A,R-HSA-418555
PDE10A,GO:0006198
PDE10A,GO:0046069
PDE10A,GO:0141162
PDE10A,GO:0010754
PDE10A,GO:0007165
P2RY4,R-HSA-417957
P2RY4,R-HSA-418594
P2RY4,GO:0071318
P2RY4,GO:0007186
P2RY4,GO:0007200
P2RY4,GO:0007204
P2RY4,GO:0030321
P2RY2,R-HSA-416476
P2RY2,R-HSA-417957
P2RY2,R-HSA-5683826
P2RY2,R-HSA-9856530
P2RY2,GO:0097746
P2RY2,GO:0071318
P2RY2,GO:0035589
P2RY2,GO:0007186
P2RY2,GO:0006873
P2RY2,GO:0007200
P2RY2,GO:0070257
OPRD1,R-HSA-375276
OPRD1,R-HSA-418594
OPRD1,R-HSA-6785807
OPRD1,GO:0071363
OPRD1,GO:0071456
OPRD1,GO:0097237
OPRD1,GO:0042755
OPRD1,GO:0038003
OPRD1,GO:0007186
OPRD1,GO:0007187
OPRD1,GO:0006955
OPRD1,GO:0010629
OPRD1,GO:0031333
OPRD1,GO:0007218
OPRD1,GO:0007200
OPRD1,GO:0051924
OPRD1,GO:0051881
OPRD1,GO:0045471
OPRD1,GO:0035094
P2RY12,R-HSA-392170
P2RY12,R-HSA-417957
P2RY12,R-HSA-418594
P2RY12,GO:0007193
P2RY12,GO:0019722
P2RY12,GO:0030030
P2RY12,GO:0071318
P2RY12,GO:0021801
P2RY12,GO:0007186
P2RY12,GO:0007599
P2RY12,GO:0030032
P2RY12,GO:0007200
P2RY12,GO:0030168
P2RY12,GO:0070527
P2RY12,GO:0033630
P2RY12,GO:0050921
P2RY12,GO:0033626
P2RY12,GO:1904141
P2RY12,GO:0051897
P2RY12,GO:1900029
P2RY12,GO:0050920
P2RY12,GO:1904139
P2RY12,GO:0048678
P2RY12,GO:0006930
P2RY12,GO:0150063
NUDT1,R-HSA-2393930
NUDT1,GO:0042262
NUDT1,GO:0006281
NUDT1,GO:0006152
NUDT1,GO:0006979
OPRK1,R-HSA-375276
OPRK1,R-HSA-418594
OPRK1,R-HSA-9022699
OPRK1,GO:0007193
OPRK1,GO:0031635
OPRK1,GO:0048148
OPRK1,GO:0071333
OPRK1,GO:0071222
OPRK1,GO:0007268
OPRK1,GO:1990708
OPRK1,GO:0051607
OPRK1,GO:0042755
OPRK1,GO:0044849
OPRK1,GO:0038003
OPRK1,GO:0006955
OPRK1,GO:0007626
OPRK1,GO:0042711
OPRK1,GO:0033685
OPRK1,GO:0007218
OPRK1,GO:0007200
OPRK1,GO:0033603
OPRK1,GO:1904000
OPRK1,GO:1900745
OPRK1,GO:1901381
OPRK1,GO:0046877
OPRK1,GO:1903937
OPRK1,GO:0043627
OPRK1,GO:0045471
OPRK1,GO:0032868
OPRK1,GO:0035094
OPRK1,GO:0007600
OPRK1,GO:0019233
OPRK1,GO:0050951
P2RX1,R-HSA-139853
P2RX1,R-HSA-418346
P2RX1,R-HSA-6798695
P2RX1,GO:0006915
P2RX1,GO:0070588
P2RX1,GO:0006811
P2RX1,GO:0019228
P2RX1,GO:1905665
P2RX1,GO:0008217
P2RX1,GO:0099509
P2RX1,GO:2000300
P2RX1,GO:0033198
P2RX1,GO:0007165
P2RX1,GO:0035249
OSBP,R-HSA-1660661
OSBP,R-HSA-192105
OSBP,GO:0006699
OSBP,GO:0035627
OSBP,GO:0032367
OSBP,GO:0006869
OSBP,GO:0015914
OSBP,GO:0035774
OSBP,GO:1904411
OSBP,GO:0006686
OSBP,GO:0015918
PADI3,R-HSA-3247509
OPRM1,R-HSA-111885
OPRM1,R-HSA-202040
OPRM1,R-HSA-375276
OPRM1,R-HSA-418594
OPRM1,R-HSA-6785807
OPRM1,R-HSA-9022699
OPRM1,GO:0007197
OPRM1,GO:0007193
OPRM1,GO:0048149
OPRM1,GO:0038003
OPRM1,GO:0007186
OPRM1,GO:0007187
OPRM1,GO:0008285
OPRM1,GO:0051481
OPRM1,GO:0045019
OPRM1,GO:0061358
OPRM1,GO:0007218
OPRM1,GO:0007200
OPRM1,GO:0070374
OPRM1,GO:0050769
OPRM1,GO:0080135
OPRM1,GO:2000310
OPRM1,GO:0007600
OPRM1,GO:0019233
NT5E,R-HSA-196807
NT5E,R-HSA-73621
NT5E,R-HSA-74259
NT5E,R-HSA-9660826
NT5E,GO:0046032
NT5E,GO:0006196
NT5E,GO:0046034
NT5E,GO:0031214
NT5E,GO:0055074
NT5E,GO:0140928
NT5E,GO:0007159
NT5E,GO:0033198
NR5A1,R-HSA-383280
NR5A1,R-HSA-4090294
NR5A1,R-HSA-452723
NR5A1,R-HSA-9690406
NR5A1,GO:0097720
NR5A1,GO:0008585
NR5A1,GO:0009755
NR5A1,GO:0008584
NR5A1,GO:0030238
NR5A1,GO:2000195
NR5A1,GO:0010628
NR5A1,GO:2000020
NR5A1,GO:0045944
NR5A1,GO:0007538
NR5A1,GO:0050810
NR5A1,GO:0006357
NR5A1,GO:0097210
NR5A1,GO:0007530
NR5A1,GO:0009888
NR5A1,GO:0006366
NUAK1,R-HSA-6804756
NUAK1,GO:0007155
NUAK1,GO:0006974
NUAK1,GO:0006468
NUAK1,GO:0030155
NUAK1,GO:0042127
NUAK1,GO:2000772
NUAK1,GO:1901796
OSBP2,GO:0006869
OSBP2,GO:0007286
NR5A2,R-HSA-210747 [O00482-1]
NR5A2,R-HSA-383280
NR5A2,R-HSA-4090294 [O00482-2]
NR5A2,R-HSA-9018519
NR5A2,R-HSA-9841922
NR5A2,GO:0008206
NR5A2,GO:0097720
NR5A2,GO:0051216
NR5A2,GO:0006338
NR5A2,GO:0006351
NR5A2,GO:0009792
NR5A2,GO:0040016
NR5A2,GO:0031017
NR5A2,GO:0042592
NR5A2,GO:0009755
NR5A2,GO:0001826
NR5A2,GO:0140001
NR5A2,GO:0032331
NR5A2,GO:0050728
NR5A2,GO:0022008
NR5A2,GO:0045893
NR5A2,GO:0031948
NR5A2,GO:2000738
NR5A2,GO:0050870
NR5A2,GO:0002669
NR5A2,GO:0042102
NR5A2,GO:2001051
NR5A2,GO:0045944
NR5A2,GO:0045070
NR5A2,GO:0001545
NR5A2,GO:0006355
NR5A2,GO:0006357
NR5A2,GO:0060009
NR5A2,GO:0035019
NR5A2,GO:0007283
NR5A2,GO:0009888
NR5A2,GO:0141064
P4HB,R-HSA-1650814
P4HB,R-HSA-264876
P4HB,R-HSA-3299685
P4HB,R-HSA-381426
P4HB,R-HSA-5358346
P4HB,R-HSA-8866423
P4HB,R-HSA-8957275
P4HB,R-HSA-8963888
P4HB,R-HSA-8964041
P4HB,R-HSA-9020591
P4HB,R-HSA-9020933
P4HB,R-HSA-9918432
P4HB,GO:0071456
P4HB,GO:0030070
P4HB,GO:0035722
P4HB,GO:0038155
P4HB,GO:0018401
P4HB,GO:0045785
P4HB,GO:1900026
P4HB,GO:2000406
P4HB,GO:0046598
P4HB,GO:0006457
P4HB,GO:0034975
P4HB,GO:1902175
P4HB,GO:0034976
P2RY14,R-HSA-417957
P2RY14,R-HSA-418594
P2RY14,GO:0007186
NT5E,GO:0009166
NR5A1,GO:0006351
OSBP2,GO:0120009
OXTR,GO:0003008
P2RY6,GO:1901701
P2RX3,GO:0034220
P2RY12,GO:0007596
P2RX1,GO:0034220
PIM2,GO:0006915
PIM2,GO:0000082
PIM2,GO:0043066
PIM2,GO:0008285
PIM2,GO:0010508
PIM2,GO:0043123
PIM2,GO:0045893
PIM2,GO:0006468
PIM2,GO:0050821
PIM2,GO:0007346
PIM2,GO:0009615
PNLIP,R-HSA-192456
PNLIP,R-HSA-975634
PNLIP,R-HSA-9925561
PNLIP,GO:0042632
PNLIP,GO:0006633
PNLIP,GO:0034375
PNLIP,GO:0006629
PNLIP,GO:0061365
PNLIP,GO:0019433
PDE3B,R-HSA-165160
PDE3B,R-HSA-418555
PDE3B,GO:0001525
PDE3B,GO:0007186
PDE3B,GO:0008286
PDE3B,GO:0106072
PDE3B,GO:0016525
PDE3B,GO:0141162
PDE3B,GO:0007162
PDE3B,GO:0033629
PDE3B,GO:0050995
PDE3B,GO:0045765
PDE3B,GO:0051896
PIN1,R-HSA-1169408
PIN1,R-HSA-5668599
PIN1,R-HSA-6804756
PIN1,R-HSA-6811555
PIN1,R-HSA-936440
PIN1,GO:0071456
PIN1,GO:1902430
PIN1,GO:1903444
PIN1,GO:2000146
PIN1,GO:0070373
PIN1,GO:0042177
PIN1,GO:0060392
PIN1,GO:0030512
PIN1,GO:0030182
PIN1,GO:0090263
PIN1,GO:0001934
PIN1,GO:0045944
PIN1,GO:0031648
PIN1,GO:0000413
PIN1,GO:0050821
PIN1,GO:0006626
PIN1,GO:0032465
PIN1,GO:0010468
PIN1,GO:0007088
PIN1,GO:1900180
PIN1,GO:0031647
PIN1,GO:0001666
PIN1,GO:0007266
PIN1,GO:0050808
PDE3A,R-HSA-418555
PDE3A,GO:0097190
PDE3A,GO:0071321
PDE3A,GO:0071560
PDE3A,GO:0007186
PDE3A,GO:0006629
PDE3A,GO:0106072
PDE3A,GO:0043066
PDE3A,GO:0141162
PDE3A,GO:0043116
PDE3A,GO:0001556
PDE3A,GO:0043117
PDE3A,GO:0060700
PIK3CA,R-HSA-109704
PIK3CA,R-HSA-112399
PIK3CA,R-HSA-114604
PIK3CA,R-HSA-1236382
PIK3CA,R-HSA-1250342
PIK3CA,R-HSA-1257604
PIK3CA,R-HSA-1433557
PIK3CA,R-HSA-1660499
PIK3CA,R-HSA-180292
PIK3CA,R-HSA-1839117
PIK3CA,R-HSA-186763
PIK3CA,R-HSA-1963642
PIK3CA,R-HSA-198203
PIK3CA,R-HSA-201556
PIK3CA,R-HSA-202424
PIK3CA,R-HSA-2029485
PIK3CA,R-HSA-210993
PIK3CA,R-HSA-2219530
PIK3CA,R-HSA-2424491
PIK3CA,R-HSA-2730905
PIK3CA,R-HSA-373753
PIK3CA,R-HSA-389357
PIK3CA,R-HSA-416476
PIK3CA,R-HSA-4420097
PIK3CA,R-HSA-512988
PIK3CA,R-HSA-5637810
PIK3CA,R-HSA-5654689
PIK3CA,R-HSA-5654695
PIK3CA,R-HSA-5654710
PIK3CA,R-HSA-5654720
PIK3CA,R-HSA-5655253
PIK3CA,R-HSA-5655291
PIK3CA,R-HSA-5655302
PIK3CA,R-HSA-5655332
PIK3CA,R-HSA-5673001
PIK3CA,R-HSA-6811558
PIK3CA,R-HSA-8851907
PIK3CA,R-HSA-8853659
PIK3CA,R-HSA-9009391
PIK3CA,R-HSA-9013149
PIK3CA,R-HSA-9013404
PIK3CA,R-HSA-9027276
PIK3CA,R-HSA-9028335
PIK3CA,R-HSA-912526
PIK3CA,R-HSA-912631
PIK3CA,R-HSA-9603381
PIK3CA,R-HSA-9607240
PIK3CA,R-HSA-9664565
PIK3CA,R-HSA-9665348
PIK3CA,R-HSA-9670439
PIK3CA,R-HSA-9673767
PIK3CA,R-HSA-9673770
PIK3CA,R-HSA-9680350
PIK3CA,R-HSA-9703465
PIK3CA,R-HSA-9703648
PIK3CA,R-HSA-9725370
PIK3CA,R-HSA-9842640
PIK3CA,R-HSA-9842663
PIK3CA,R-HSA-9856530
PIK3CA,R-HSA-9927354
PIK3CA,GO:0030036
PIK3CA,GO:0001525
PIK3CA,GO:0043276
PIK3CA,GO:0086003
PIK3CA,GO:0060048
PIK3CA,GO:0016477
PIK3CA,GO:0071464
PIK3CA,GO:0032869
PIK3CA,GO:0043542
PIK3CA,GO:0007173
PIK3CA,GO:0008286
PIK3CA,GO:0048009
PIK3CA,GO:0030835
PIK3CA,GO:2000811
PIK3CA,GO:0010629
PIK3CA,GO:0016242
PIK3CA,GO:0006909
PIK3CA,GO:0043491
PIK3CA,GO:0046854
PIK3CA,GO:0036092
PIK3CA,GO:0048015
PIK3CA,GO:0030168
PIK3CA,GO:0010592
PIK3CA,GO:0051897
PIK3CA,GO:0045860
PIK3CA,GO:1905477
PIK3CA,GO:0048661
PIK3CA,GO:0032008
PIK3CA,GO:0110053
PIK3CA,GO:0055119
PIK3CA,GO:0014823
PIK3CA,GO:1903544
PIK3CA,GO:0071548
PIK3CA,GO:0043201
PIK3CA,GO:0014870
PIK3CA,GO:0035994
PIK3CA,GO:0050852
PIK3CA,GO:0038203
PIK3CA,GO:0038084
PIK3CA,GO:0001944
PFKFB3,R-HSA-9634600
PFKFB3,GO:0006003
PFKFB3,GO:0006000
PFKFB3,GO:0006094
PFKFB3,GO:0006096
POLB,R-HSA-110362
POLB,R-HSA-110373
POLB,R-HSA-110381
POLB,R-HSA-5649702
POLB,R-HSA-5651801
POLB,R-HSA-5689880
POLB,R-HSA-73930
POLB,GO:0006284
POLB,GO:0006287
POLB,GO:0006974
POLB,GO:0006281
POLB,GO:0006261
POLB,GO:0006303
POLB,GO:0006290
POLB,GO:0006282
POLB,GO:0045471
POLB,GO:0010332
POLB,GO:0055093
PGR,R-HSA-1251985
PGR,R-HSA-3371497
PGR,R-HSA-383280
PGR,R-HSA-4090294
PGR,R-HSA-9018519
PGR,R-HSA-9927418
PGR,R-HSA-9927426
PGR,GO:0007267
PGR,GO:0006351
PGR,GO:0051457
PGR,GO:0010629
PGR,GO:0042326
PGR,GO:0030518
PGR,GO:0010628
PGR,GO:0045944
PGR,GO:0050847
PGR,GO:0006355
PGR,GO:0006357
PGR,GO:0007165
PGD,R-HSA-71336
PGD,R-HSA-9818028
PGD,GO:0019521
PGD,GO:0006098
PGD,GO:0009051
PDE5A,R-HSA-418457
PDE5A,R-HSA-445355
PDE5A,R-HSA-9013422
PDE5A,GO:0046069
PDE5A,GO:0141162
PDE5A,GO:0007165
PDE6C,GO:0141162
PDE6C,GO:0007165
PDE6C,GO:0007601
PIM1,R-HSA-6785807
PIM1,R-HSA-9702518
PIM1,R-HSA-9703465
PIM1,R-HSA-9968551
PIM1,GO:0006915
PIM1,GO:0071346
PIM1,GO:0043066
PIM1,GO:0045824
PIM1,GO:0090336
PIM1,GO:0060045
PIM1,GO:1905062
PIM1,GO:0045893
PIM1,GO:1900087
PIM1,GO:0010971
PIM1,GO:1904263
PIM1,GO:1905701
PIM1,GO:0050821
PIM1,GO:1902033
PIM1,GO:0007346
PIM1,GO:0070561
PIK3CB,R-HSA-109704
PIK3CB,R-HSA-112399
PIK3CB,R-HSA-114604
PIK3CB,R-HSA-1257604
PIK3CB,R-HSA-1660499
PIK3CB,R-HSA-186763
PIK3CB,R-HSA-198203
PIK3CB,R-HSA-201556
PIK3CB,R-HSA-202424
PIK3CB,R-HSA-2029485
PIK3CB,R-HSA-210993
PIK3CB,R-HSA-2219530
PIK3CB,R-HSA-2424491
PIK3CB,R-HSA-2730905
PIK3CB,R-HSA-373753
PIK3CB,R-HSA-389357
PIK3CB,R-HSA-4420097
PIK3CB,R-HSA-512988
PIK3CB,R-HSA-5673001
PIK3CB,R-HSA-6811558
PIK3CB,R-HSA-8853659
PIK3CB,R-HSA-9027276
PIK3CB,R-HSA-912526
PIK3CB,R-HSA-912631
PIK3CB,R-HSA-9673767
PIK3CB,R-HSA-9673770
PIK3CB,R-HSA-9680350
PIK3CB,R-HSA-9725370
PIK3CB,R-HSA-9842640
PIK3CB,R-HSA-9842663
PIK3CB,R-HSA-9856530
PIK3CB,R-HSA-9927354
PIK3CB,GO:0006914
PIK3CB,GO:0016477
PIK3CB,GO:0007169
PIK3CB,GO:0006935
PIK3CB,GO:0006897
PIK3CB,GO:0007186
PIK3CB,GO:0042267
PIK3CB,GO:1903298
PIK3CB,GO:0043409
PIK3CB,GO:0051898
PIK3CB,GO:1903671
PIK3CB,GO:1900747
PIK3CB,GO:0043491
PIK3CB,GO:0046854
PIK3CB,GO:0036092
PIK3CB,GO:0048015
PIK3CB,GO:0030168
PIK3CB,GO:0070527
PIK3CB,GO:0010508
PIK3CB,GO:0010595
PIK3CB,GO:0010628
PIK3CB,GO:0033031
PIK3CB,GO:0045429
PIK3CB,GO:0035022
PIK3CB,GO:0001952
PIK3CB,GO:2000369
PIK3CB,GO:0002931
PIK3CB,GO:0007165
PIK3CB,GO:0003376
POLA1,R-HSA-113501
POLA1,R-HSA-174411
POLA1,R-HSA-174430
POLA1,R-HSA-68952
POLA1,R-HSA-68962
POLA1,R-HSA-69091
POLA1,R-HSA-69166
POLA1,R-HSA-69183
POLA1,R-HSA-69205
POLA1,R-HSA-9710421
POLA1,GO:0006281
POLA1,GO:0006260
POLA1,GO:0006270
POLA1,GO:0006269
POLA1,GO:0006271
POLA1,GO:0000731
POLA1,GO:0006303
POLA1,GO:0006273
POLA1,GO:0006272
POLA1,GO:1902975
POLA1,GO:0032479
PKLR,R-HSA-163765 [P30613-1]
PKLR,R-HSA-210745 [P30613-2]
PKLR,R-HSA-70171
PKLR,R-HSA-70268
PKLR,R-HSA-9692914 [P30613-2]
PKLR,GO:0071872
PKLR,GO:0032869
PKLR,GO:0006096
PKLR,GO:0042866
PKLR,GO:0033198
PKLR,GO:0051591
PKLR,GO:0009749
PKLR,GO:0001666
PKLR,GO:0010038
PKLR,GO:0007584
PGAM1,R-HSA-6798695
PGAM1,R-HSA-70171
PGAM1,R-HSA-70263
PGAM1,GO:0061621
PGAM1,GO:0006094
PDE4D,R-HSA-180024
PDE4D,R-HSA-418555
PDE4D,R-HSA-9860927 [Q08499-6]
PDE4D,GO:0071875
PDE4D,GO:0006198
PDE4D,GO:0071320
PDE4D,GO:0071872
PDE4D,GO:0061028
PDE4D,GO:0106072
PDE4D,GO:0141162
PDE4D,GO:0045822
PDE4D,GO:1901898
PDE4D,GO:0010460
PDE4D,GO:0032743
PDE4D,GO:0032754
PDE4D,GO:0032729
PDE4D,GO:1902514
PDE4D,GO:0086004
PDE4D,GO:1901844
PDE4D,GO:0002027
PDE4D,GO:0010880
PDE4D,GO:0050852
PEPD,GO:0006520
PEPD,GO:0030574
PEPD,GO:0043069
PEPD,GO:0006508
POLG,R-HSA-9913635
POLG,GO:0006284
POLG,GO:0006287
POLG,GO:0006259
POLG,GO:0045004
POLG,GO:0006261
POLG,GO:0006264
PKM,R-HSA-6798695
PKM,R-HSA-70171
PKM,R-HSA-70268
PKM,R-HSA-9764725
PKM,R-HSA-9861718 [P14618-1]
PKM,GO:0061621
PKM,GO:0032869
PKM,GO:0006096
PKM,GO:2000767
PKM,GO:1903672
PKM,GO:0045944
PKM,GO:0012501
PIK3CB,GO:0045087
PIK3CB,GO:0002443
PIK3CB,GO:0030155
PGAM1,GO:0006096
PDE3B,GO:0007165
POLB,GO:0006260
PDE4D,GO:0007165
POLG,GO:0006260
PTGER4,R-HSA-391908
PTGER4,R-HSA-418555
PTGER4,GO:0007189
PTGER4,GO:0007193
PTGER4,GO:0007188
PTGER4,GO:0060348
PTGER4,GO:0071260
PTGER4,GO:0071380
PTGER4,GO:0070371
PTGER4,GO:0006955
PTGER4,GO:0006954
PTGER4,GO:0007254
PTGER4,GO:0001818
PTGER4,GO:2000420
PTGER4,GO:0050728
PTGER4,GO:0033624
PTGER4,GO:0001819
PTGER4,GO:0007204
PTGER4,GO:0050729
PTGER4,GO:0051492
PTGER4,GO:0009612
PTGER4,GO:0034695
PTGER4,GO:0042093
PTGER1,R-HSA-391908
PTGER1,R-HSA-416476
PTGER1,GO:0007191
PTGER1,GO:0007189
PTGER1,GO:0007186
PTGER1,GO:0006954
PTGER1,GO:0070256
PTGER1,GO:0007200
PTGER1,GO:0007204
PTGER1,GO:0034695
PTGFR,R-HSA-391908
PTGFR,R-HSA-416476
PTGFR,GO:0007189
PTGFR,GO:0071799
PTGFR,GO:0007186
PTGFR,GO:0006954
PTGFR,GO:0007567
PTGFR,GO:0008284
PTGFR,GO:0007204
PTGFR,GO:0010628
PTGFR,GO:0032355
PTGER3,R-HSA-391908
PTGER3,R-HSA-418594
PTGER3,GO:0007189
PTGER3,GO:0008219
PTGER3,GO:0007186
PTGER3,GO:0006954
PTGER3,GO:0014827
PTGER3,GO:0060455
PTGER3,GO:0007200
PTGER3,GO:0007204
PTGER3,GO:0031622
PPOX,R-HSA-189451
PPOX,GO:0006784
PPOX,GO:0006785
PPOX,GO:0006783
PPOX,GO:0006779
PPOX,GO:0006782
PPOX,GO:0009410
PTGIR,R-HSA-391908
PTGIR,R-HSA-392851
PTGIR,R-HSA-418555
PTGIR,GO:0007189
PTGIR,GO:0007267
PTGIR,GO:0007187
PTGIR,GO:0006954
PTGIR,GO:0010642
PTGIR,GO:0048662
PTGIR,GO:0007204
PRKACB,R-HSA-111931
PRKACB,R-HSA-163358
PRKACB,R-HSA-163560
PRKACB,R-HSA-163615
PRKACB,R-HSA-164378
PRKACB,R-HSA-180024
PRKACB,R-HSA-381676
PRKACB,R-HSA-392517
PRKACB,R-HSA-422356
PRKACB,R-HSA-432040
PRKACB,R-HSA-4420097
PRKACB,R-HSA-442720
PRKACB,R-HSA-5610780
PRKACB,R-HSA-5610783
PRKACB,R-HSA-5610785
PRKACB,R-HSA-5610787
PRKACB,R-HSA-5621575
PRKACB,R-HSA-5687128
PRKACB,R-HSA-8853659
PRKACB,R-HSA-8963896
PRKACB,R-HSA-9010642
PRKACB,R-HSA-9634597
PRKACB,R-HSA-9634600
PRKACB,R-HSA-9660821
PRKACB,R-HSA-9664323
PRKACB,R-HSA-983231
PRKACB,R-HSA-9856530
PRKACB,GO:0007189
PRKACB,GO:0007188
PRKACB,GO:0034380
PRKACB,GO:1904262
PRKACB,GO:0032024
PRKACB,GO:0006468
PRKACB,GO:0003091
PRKACB,GO:0007165
PRKACB,GO:0097700
PTGS2,R-HSA-2142770
PTGS2,R-HSA-2162123
PTGS2,R-HSA-6783783
PTGS2,R-HSA-6785807
PTGS2,R-HSA-9018677
PTGS2,R-HSA-9018679
PTGS2,R-HSA-9025094
PTGS2,R-HSA-9027604
PTGS2,GO:0050873
PTGS2,GO:0071456
PTGS2,GO:0071471
PTGS2,GO:0019371
PTGS2,GO:0019372
PTGS2,GO:0042759
PTGS2,GO:1902219
PTGS2,GO:0090336
PTGS2,GO:0090050
PTGS2,GO:0031622
PTGS2,GO:0090271
PTGS2,GO:0045429
PTGS2,GO:0090362
PTGS2,GO:0031394
PTGS2,GO:0071636
PTGS2,GO:0010575
PTGS2,GO:0001516
PTGS2,GO:0008217
PTGS2,GO:0050727
PTGS2,GO:0150077
PTGS2,GO:0006979
POLI,R-HSA-5656121
POLI,R-HSA-5656169
POLI,GO:0006281
POLI,GO:0042276
POLI,GO:0019985
PRMT7,R-HSA-3214858
PRMT7,GO:0006338
PRMT7,GO:0006351
PRMT7,GO:0071514
PRMT7,GO:0018216
PRMT7,GO:0006355
PRMT7,GO:0000387
PTGS1,R-HSA-140180
PTGS1,R-HSA-2162123
PTGS1,GO:0019371
PTGS1,GO:0001516
PTGS1,GO:0008217
PTGS1,GO:0006979
PRMT3,R-HSA-3214858
PRMT3,R-HSA-8876725
PRMT3,GO:0006338
PRMT3,GO:0031397
PRMT3,GO:1900053
PRMT3,GO:0045669
PRMT3,GO:0006479
PRMT3,GO:0006355
PRMT3,GO:0045815
PPARG,R-HSA-1989781
PPARG,R-HSA-381340
PPARG,R-HSA-383280
PPARG,R-HSA-4090294
PPARG,R-HSA-8943724
PPARG,R-HSA-9022707
PPARG,R-HSA-9841922
PPARG,R-HSA-9844594
PPARG,GO:0160274
PPARG,GO:0030509
PPARG,GO:0050873
PPARG,GO:0030154
PPARG,GO:0045165
PPARG,GO:0048469
PPARG,GO:0071456
PPARG,GO:0032869
PPARG,GO:0071404
PPARG,GO:0030855
PPARG,GO:0045444
PPARG,GO:0006631
PPARG,GO:0042593
PPARG,GO:0009755
PPARG,GO:0045087
PPARG,GO:0030522
PPARG,GO:0055088
PPARG,GO:0015909
PPARG,GO:0030224
PPARG,GO:0042789
PPARG,GO:0016525
PPARG,GO:0043537
PPARG,GO:0030514
PPARG,GO:1903243
PPARG,GO:1903845
PPARG,GO:0010887
PPARG,GO:1904597
PPARG,GO:0045892
PPARG,GO:1901202
PPARG,GO:0010629
PPARG,GO:0050728
PPARG,GO:0010888
PPARG,GO:0010745
PPARG,GO:0043409
PPARG,GO:1902894
PPARG,GO:0090258
PPARG,GO:0045668
PPARG,GO:1904893
PPARG,GO:0060392
PPARG,GO:0048662
PPARG,GO:0000122
PPARG,GO:0030512
PPARG,GO:0060336
PPARG,GO:1904706
PPARG,GO:1905563
PPARG,GO:0035357
PPARG,GO:0001890
PPARG,GO:0070165
PPARG,GO:1904179
PPARG,GO:2001235
PPARG,GO:0010875
PPARG,GO:0032376
PPARG,GO:0045893
PPARG,GO:0045600
PPARG,GO:0045923
PPARG,GO:0010628
PPARG,GO:0045834
PPARG,GO:0140077
PPARG,GO:1902895
PPARG,GO:0045944
PPARG,GO:1905461
PPARG,GO:0008217
PPARG,GO:1900076
PPARG,GO:0042752
PPARG,GO:0006357
PPARG,GO:0033993
PPARG,GO:0007584
PPARG,GO:0048384
PPARG,GO:0048511
PPARG,GO:0050872
PPARA,R-HSA-1368108
PPARA,R-HSA-1989781
PPARA,R-HSA-2151201
PPARA,R-HSA-2426168
PPARA,R-HSA-381340
PPARA,R-HSA-383280
PPARA,R-HSA-400206
PPARA,R-HSA-4090294
PPARA,R-HSA-9707564
PPARA,R-HSA-9707616
PPARA,R-HSA-9844594
PPARA,R-HSA-9931509
PPARA,R-HSA-9933387
PPARA,GO:0035095
PPARA,GO:0030154
PPARA,GO:0071332
PPARA,GO:0009267
PPARA,GO:0032922
PPARA,GO:0051607
PPARA,GO:0006351
PPARA,GO:0006631
PPARA,GO:0007507
PPARA,GO:0009755
PPARA,GO:0030522
PPARA,GO:0007595
PPARA,GO:0042157
PPARA,GO:0032099
PPARA,GO:0045776
PPARA,GO:0061052
PPARA,GO:0010887
PPARA,GO:1900016
PPARA,GO:0045820
PPARA,GO:1903944
PPARA,GO:0050728
PPARA,GO:1903038
PPARA,GO:0010745
PPARA,GO:1902894
PPARA,GO:0051898
PPARA,GO:1903427
PPARA,GO:0000122
PPARA,GO:0030512
PPARA,GO:0046209
PPARA,GO:0035357
PPARA,GO:2001171
PPARA,GO:0045893
PPARA,GO:0032000
PPARA,GO:0045923
PPARA,GO:0046321
PPARA,GO:0046889
PPARA,GO:0045944
PPARA,GO:0042752
PPARA,GO:0019217
PPARA,GO:2000191
PPARA,GO:0010565
PPARA,GO:0045471
PPARA,GO:0001666
PPARA,GO:0032868
PPARA,GO:0007584
PRKAA2,R-HSA-1445148
PRKAA2,R-HSA-1632852
PRKAA2,R-HSA-163680
PRKAA2,R-HSA-200425
PRKAA2,R-HSA-2151209
PRKAA2,R-HSA-380972
PRKAA2,R-HSA-5628897
PRKAA2,R-HSA-6804756
PRKAA2,R-HSA-9613354
PRKAA2,R-HSA-9619483
PRKAA2,R-HSA-9759194
PRKAA2,R-HSA-9931269
PRKAA2,GO:0006914
PRKAA2,GO:0071277
PRKAA2,GO:0042149
PRKAA2,GO:0071333
PRKAA2,GO:0031669
PRKAA2,GO:0034599
PRKAA2,GO:0006695
PRKAA2,GO:0006351
PRKAA2,GO:0097009
PRKAA2,GO:0006633
PRKAA2,GO:0055089
PRKAA2,GO:0042593
PRKAA2,GO:0008610
PRKAA2,GO:1905691
PRKAA2,GO:0043066
PRKAA2,GO:0010629
PRKAA2,GO:1903944
PRKAA2,GO:0032007
PRKAA2,GO:1904262
PRKAA2,GO:0010508
PRKAA2,GO:0045821
PRKAA2,GO:0016239
PRKAA2,GO:1903829
PRKAA2,GO:1990044
PRKAA2,GO:0042752
PRKAA2,GO:0016241
PRKAA2,GO:0070507
PRKAA2,GO:0062028
PRKAA2,GO:0048511
PRKAA2,GO:0007165
PRKAA2,GO:0016055
PPARD,R-HSA-200425
PPARD,R-HSA-383280
PPARD,R-HSA-5362517
PPARD,GO:0006915
PPARD,GO:0097190
PPARD,GO:0008366
PPARD,GO:0030154
PPARD,GO:0008283
PPARD,GO:0071222
PPARD,GO:0031669
PPARD,GO:0008203
PPARD,GO:1904659
PPARD,GO:0046697
PPARD,GO:0006351
PPARD,GO:0007566
PPARD,GO:0097009
PPARD,GO:0006635
PPARD,GO:0009062
PPARD,GO:0006631
PPARD,GO:0015908
PPARD,GO:0006091
PPARD,GO:0006006
PPARD,GO:0007507
PPARD,GO:0009755
PPARD,GO:0030522
PPARD,GO:0006629
PPARD,GO:0043066
PPARD,GO:0030308
PPARD,GO:0010887
PPARD,GO:0032966
PPARD,GO:0045892
PPARD,GO:0050728
PPARD,GO:1902894
PPARD,GO:0045662
PPARD,GO:0014912
PPARD,GO:0048662
PPARD,GO:0000122
PPARD,GO:0008654
PPARD,GO:0045893
PPARD,GO:0045684
PPARD,GO:0045600
PPARD,GO:0045923
PPARD,GO:0046321
PPARD,GO:0010628
PPARD,GO:0035774
PPARD,GO:2000288
PPARD,GO:0043415
PPARD,GO:0045944
PPARD,GO:0006029
PPARD,GO:0014842
PPARD,GO:0006357
PPARD,GO:0014823
PPARD,GO:0009749
PPARD,GO:0033189
PPARD,GO:0042311
PRKCA,R-HSA-111933
PRKCA,R-HSA-114516
PRKCA,R-HSA-1250196
PRKCA,R-HSA-1433557
PRKCA,R-HSA-1433559
PRKCA,R-HSA-2179392
PRKCA,R-HSA-2514859
PRKCA,R-HSA-3000170
PRKCA,R-HSA-399997
PRKCA,R-HSA-4086398
PRKCA,R-HSA-416993
PRKCA,R-HSA-418597
PRKCA,R-HSA-4419969
PRKCA,R-HSA-450520
PRKCA,R-HSA-5099900
PRKCA,R-HSA-5218921
PRKCA,R-HSA-5668599
PRKCA,R-HSA-76005
PRKCA,R-HSA-8853659
PRKCA,R-HSA-9010642
PRKCA,GO:0001525
PRKCA,GO:0097190
PRKCA,GO:0007155
PRKCA,GO:0021955
PRKCA,GO:0002159
PRKCA,GO:0035556
PRKCA,GO:0007611
PRKCA,GO:0007077
PRKCA,GO:0034351
PRKCA,GO:0017148
PRKCA,GO:0106071
PRKCA,GO:0045766
PRKCA,GO:0110063
PRKCA,GO:0043536
PRKCA,GO:0045780
PRKCA,GO:0010613
PRKCA,GO:0045785
PRKCA,GO:0030335
PRKCA,GO:2000707
PRKCA,GO:0010595
PRKCA,GO:0001938
PRKCA,GO:0070374
PRKCA,GO:0045921
PRKCA,GO:0032024
PRKCA,GO:0031666
PRKCA,GO:0045651
PRKCA,GO:0045931
PRKCA,GO:0048661
PRKCA,GO:0051965
PRKCA,GO:0070528
PRKCA,GO:0006468
PRKCA,GO:0043488
PRKCA,GO:0090330
PRKCA,GO:0051412
PRKCA,GO:0032355
PRKCA,GO:0045471
PRKCA,GO:0070555
PRKCA,GO:0009612
PRKCA,GO:0043434
PRKCA,GO:1904627
PRKCA,GO:0000302
PRKCA,GO:0009636
PPP3CA,R-HSA-180024
PPP3CA,R-HSA-2025928
PPP3CA,R-HSA-2871809
PPP3CA,R-HSA-4086398
PPP3CA,R-HSA-5607763
PPP3CA,GO:0097720
PPP3CA,GO:0033173
PPP3CA,GO:0016311
PPP3CA,GO:0008544
PPP3CA,GO:0030216
PPP3CA,GO:0050804
PPP3CA,GO:0110062
PPP3CA,GO:1905949
PPP3CA,GO:0010629
PPP3CA,GO:0023057
PPP3CA,GO:0042104
PPP3CA,GO:0070886
PPP3CA,GO:1905665
PPP3CA,GO:1903235
PPP3CA,GO:1903244
PPP3CA,GO:0045785
PPP3CA,GO:0030335
PPP3CA,GO:1905205
PPP3CA,GO:0045807
PPP3CA,GO:0010628
PPP3CA,GO:0090193
PPP3CA,GO:0045669
PPP3CA,GO:0045672
PPP3CA,GO:0046878
PPP3CA,GO:0045944
PPP3CA,GO:0099170
PPP3CA,GO:0006470
PPP3CA,GO:0061006
PPP3CA,GO:0097205
PPP3CA,GO:0051592
PPP3CA,GO:0048741
PPP3CA,GO:0043403
PPP3CA,GO:0042110
PPP3CA,GO:0042060
POLH,R-HSA-110320
POLH,R-HSA-5656169
POLH,R-HSA-5685942
POLH,GO:0006281
POLH,GO:0000731
POLH,GO:0070987
POLH,GO:0042276
POLH,GO:0006282
POLH,GO:0009314
POLH,GO:0010225
POLH,GO:0019985
PRMT1,R-HSA-3214858
PRMT1,R-HSA-6804114
PRMT1,R-HSA-8936459
PRMT1,R-HSA-9009391
PRMT1,R-HSA-9018519
PRMT1,R-HSA-9694631
PRMT1,GO:0048738
PRMT1,GO:0007166
PRMT1,GO:0061431
PRMT1,GO:0006338
PRMT1,GO:0006974
PRMT1,GO:0043066
PRMT1,GO:0046329
PRMT1,GO:0045653
PRMT1,GO:0031175
PRMT1,GO:0018216
PRMT1,GO:0008284
PRMT1,GO:1905168
PRMT1,GO:0045648
PRMT1,GO:0046985
PRMT1,GO:1900745
PRMT1,GO:1904263
PRMT1,GO:0045727
PRMT1,GO:0051260
PRMT1,GO:0006479
PRMT1,GO:0030510
PRMT1,GO:0006355
PRMT1,GO:0045652
PRMT1,GO:0008380
PRMT1,GO:0019082
PTGES,R-HSA-2162123
PTGES,GO:0019371
PTGES,GO:0001516
PTGES,GO:0006693
PTGES,GO:0031620
PTGES,GO:0050727
PTGES,GO:0019233
PTGES,GO:0007165
PRMT5,R-HSA-191859
PRMT5,R-HSA-3214858
PRMT5,R-HSA-6804760
PRMT5,GO:0006338
PRMT5,GO:0032922
PRMT5,GO:0006353
PRMT5,GO:0042118
PRMT5,GO:0090161
PRMT5,GO:0097421
PRMT5,GO:0045596
PRMT5,GO:0044027
PRMT5,GO:0018216
PRMT5,GO:0035246
PRMT5,GO:1904992
PRMT5,GO:0048026
PRMT5,GO:0048714
PRMT5,GO:2000234
PRMT5,GO:0006355
PRMT5,GO:0070372
PRMT5,GO:0007088
PRMT5,GO:1901796
PRMT5,GO:0000387
PTGER2,R-HSA-391908
PTGER2,R-HSA-418555
PTGER2,GO:0007189
PTGER2,GO:0071380
PTGER2,GO:0007186
PTGER2,GO:0006954
PTGER2,GO:0007204
PTGER2,GO:0032570
PRKAA2,GO:0006325
PPARG,GO:0031100
PPARG,GO:0071455
PPARG,GO:0071380
PPARG,GO:0071300
PPARG,GO:0071306
PPARG,GO:0006351
PPARG,GO:0019395
PPARG,GO:0007507
PPARG,GO:0002674
PPARG,GO:0030308
PPARG,GO:0032966
PPARG,GO:0051241
PPARG,GO:2000230
PPARG,GO:0141193
PPARG,GO:0043065
PPARG,GO:0046321
PPARG,GO:0048714
PPARG,GO:0060100
PPARG,GO:0031000
PPARG,GO:0043627
PPARG,GO:0035902
PPARG,GO:0070543
PPARG,GO:0009612
PPARG,GO:0042594
PPARG,GO:0033189
PPARG,GO:0009410
PPARG,GO:0031348
PPARG,GO:0051049
PPARG,GO:0031667
PRMT7,GO:0030154
PRMT7,GO:0032259
PRKCA,GO:0006915
PRKCA,GO:0009967
PRKCA,GO:0051049
PRMT1,GO:0032259
PTGFR,GO:0033993
POLI,GO:0071897
POLH,GO:0006301
PRMT3,GO:0032259
PTGIR,GO:0007186
POLH,GO:0071897
PRMT5,GO:0032259
REN,R-HSA-2022377
REN,GO:0002003
REN,GO:0071466
REN,GO:0072051
REN,GO:0001822
REN,GO:0008584
REN,GO:0001823
REN,GO:0006508
REN,GO:0008217
REN,GO:0043408
REN,GO:0051591
REN,GO:0070305
REN,GO:0035902
REN,GO:0032496
PYGL,R-HSA-6798695
PYGL,R-HSA-70221
PYGL,GO:0042593
PYGL,GO:0005980
PYGL,GO:0005977
RAD52,R-HSA-3108214
RAD52,R-HSA-5685938
RAD52,R-HSA-5685939
RAD52,GO:0034599
RAD52,GO:0010792
RAD52,GO:0000730
RAD52,GO:0006310
RAD52,GO:0006302
RAD52,GO:0000724
RAD52,GO:0045002
RAD52,GO:0006312
RAD52,GO:2000819
SCN4A,R-HSA-445095
SCN4A,R-HSA-5576892
SCN4A,GO:0086002
SCN4A,GO:0006936
SCN4A,GO:0100001
SCN4A,GO:0035725
SCN4A,GO:0006814
PTPRS,R-HSA-3000178
PTPRS,R-HSA-388844
PTPRS,R-HSA-8849932
PTPRS,R-HSA-9034015
PTPRS,GO:0050804
PTPRS,GO:0030517
PTPRS,GO:0048681
PTPRS,GO:0048671
PTPRS,GO:0061000
PTPRS,GO:0032687
PTPRS,GO:0032688
PTPRS,GO:0010977
PTPRS,GO:0034164
PTPRS,GO:0035335
PTPRS,GO:0006470
PTPRS,GO:0099151
PTPRS,GO:0007165
PTPRS,GO:0099560
PTPRS,GO:0099537
SCN9A,R-HSA-445095
SCN9A,R-HSA-5576892
SCN9A,R-HSA-9717207
SCN9A,GO:0098870
SCN9A,GO:0086002
SCN9A,GO:0007623
SCN9A,GO:0050974
SCN9A,GO:0050965
SCN9A,GO:0086010
SCN9A,GO:0019228
SCN9A,GO:0019233
SCN9A,GO:0035725
RXRB,R-HSA-1989781
RXRB,R-HSA-383280
RXRB,R-HSA-5362517
RXRB,R-HSA-9029558
RXRB,R-HSA-9029569
RXRB,R-HSA-9031525
RXRB,R-HSA-9031528
RXRB,R-HSA-9623433
RXRB,R-HSA-9632974
RXRB,GO:0030154
RXRB,GO:0071300
RXRB,GO:0009755
RXRB,GO:0042789
RXRB,GO:0007399
RXRB,GO:0030501
RXRB,GO:0045893
RXRB,GO:0045944
RXRB,GO:0048384
SCN5A,R-HSA-445095
SCN5A,R-HSA-5576892
SCN5A,GO:0086014
SCN5A,GO:0086016
SCN5A,GO:0086067
SCN5A,GO:0003360
SCN5A,GO:0086043
SCN5A,GO:0003161
SCN5A,GO:0086002
SCN5A,GO:0060048
SCN5A,GO:0003231
SCN5A,GO:0071277
SCN5A,GO:0021549
SCN5A,GO:0051899
SCN5A,GO:0086010
SCN5A,GO:0098912
SCN5A,GO:0086045
SCN5A,GO:0086048
SCN5A,GO:0086012
SCN5A,GO:0086047
SCN5A,GO:0086046
SCN5A,GO:0042475
SCN5A,GO:0045760
SCN5A,GO:0050679
SCN5A,GO:0010765
SCN5A,GO:0060371
SCN5A,GO:0060372
SCN5A,GO:0086004
SCN5A,GO:0002027
SCN5A,GO:0086091
SCN5A,GO:1902305
SCN5A,GO:0060373
SCN5A,GO:0060307
SCN5A,GO:0014894
SCN5A,GO:0086015
SCN5A,GO:0035725
SCN5A,GO:0006814
SCN5A,GO:0021537
SCN5A,GO:0086005
PTPN1,R-HSA-354192
PTPN1,R-HSA-6807004
PTPN1,R-HSA-77387
PTPN1,R-HSA-877312
PTPN1,R-HSA-8849472
PTPN1,R-HSA-9022699
PTPN1,R-HSA-912694
PTPN1,R-HSA-982772
PTPN1,R-HSA-9860927
PTPN1,GO:0030036
PTPN1,GO:1904385
PTPN1,GO:0044344
PTPN1,GO:0071456
PTPN1,GO:0032869
PTPN1,GO:1990090
PTPN1,GO:0071732
PTPN1,GO:0036120
PTPN1,GO:0034620
PTPN1,GO:0030968
PTPN1,GO:0060397
PTPN1,GO:0038020
PTPN1,GO:0036498
PTPN1,GO:0008285
PTPN1,GO:0010812
PTPN1,GO:1902236
PTPN1,GO:0070373
PTPN1,GO:0046627
PTPN1,GO:0043407
PTPN1,GO:0010977
PTPN1,GO:1903898
PTPN1,GO:0051898
PTPN1,GO:0009968
PTPN1,GO:1904753
PTPN1,GO:0030948
PTPN1,GO:0035335
PTPN1,GO:0035791
PTPN1,GO:0010666
PTPN1,GO:2000353
PTPN1,GO:0010460
PTPN1,GO:1903896
PTPN1,GO:0046330
PTPN1,GO:2000646
PTPN1,GO:0003084
PTPN1,GO:0030100
PTPN1,GO:1902202
PTPN1,GO:0033157
PTPN1,GO:0150052
PTPN1,GO:0030162
PTPN1,GO:0009966
PTPN1,GO:0060338
PTPN1,GO:0031667
PTPN1,GO:0097706
RXRG,R-HSA-383280
RXRG,R-HSA-5362517
RXRG,GO:0030154
RXRG,GO:0006351
RXRG,GO:0007399
RXRG,GO:0045944
RXRG,GO:0048384
RXRA,R-HSA-1368108
RXRA,R-HSA-159418
RXRA,R-HSA-192105
RXRA,R-HSA-193368
RXRA,R-HSA-193807
RXRA,R-HSA-1989781
RXRA,R-HSA-200425
RXRA,R-HSA-211976
RXRA,R-HSA-2151201
RXRA,R-HSA-2426168
RXRA,R-HSA-381340
RXRA,R-HSA-383280
RXRA,R-HSA-400206
RXRA,R-HSA-4090294
RXRA,R-HSA-5362517
RXRA,R-HSA-5617472
RXRA,R-HSA-9029558
RXRA,R-HSA-9029569
RXRA,R-HSA-9031525
RXRA,R-HSA-9031528
RXRA,R-HSA-9616222
RXRA,R-HSA-9623433
RXRA,R-HSA-9632974
RXRA,R-HSA-9707564
RXRA,R-HSA-9707616
RXRA,R-HSA-9839394
RXRA,R-HSA-9841922
RXRA,R-HSA-9844594
RXRA,R-HSA-9931509
RXRA,R-HSA-9933387
RXRA,GO:0015721
RXRA,GO:0030154
RXRA,GO:0048469
RXRA,GO:0071404
RXRA,GO:0009755
RXRA,GO:0030224
RXRA,GO:0042789
RXRA,GO:0000122
RXRA,GO:0007399
RXRA,GO:0035357
RXRA,GO:0030501
RXRA,GO:0010875
RXRA,GO:0045893
RXRA,GO:0045834
RXRA,GO:0140077
RXRA,GO:0002157
RXRA,GO:0045944
RXRA,GO:0070564
RXRA,GO:0019216
RXRA,GO:0032526
RXRA,GO:0048384
RARG,R-HSA-383280
RARG,R-HSA-5362517
RARG,R-HSA-5617472
RARG,GO:0060070
RARG,GO:0030154
RARG,GO:0006351
RARG,GO:0048048
RARG,GO:0035116
RARG,GO:0003430
RARG,GO:0008285
RARG,GO:0000122
RARG,GO:0043065
RARG,GO:0043068
RARG,GO:0045944
RARG,GO:0008361
RARG,GO:0032526
RARG,GO:0048384
SELP,R-HSA-114608
SELP,R-HSA-202733
SELP,GO:0016339
SELP,GO:0007155
SELP,GO:0098609
SELP,GO:0050829
SELP,GO:0007157
SELP,GO:0007159
SELP,GO:0050901
SELP,GO:1903238
SELP,GO:0051897
SELP,GO:0010572
SELP,GO:0033623
SELP,GO:0034097
SELP,GO:0032496
RARA,R-HSA-383280
RARA,R-HSA-4090294
RARA,R-HSA-5362517
RARA,R-HSA-5617472
RARA,R-HSA-9616222
RARA,R-HSA-9839394
RARA,GO:0043277
RARA,GO:0030154
RARA,GO:0071391
RARA,GO:0071222
RARA,GO:0071300
RARA,GO:0007565
RARA,GO:0007281
RARA,GO:0021766
RARA,GO:0001889
RARA,GO:0042789
RARA,GO:0008285
RARA,GO:0045892
RARA,GO:0030853
RARA,GO:1902894
RARA,GO:0000122
RARA,GO:0032720
RARA,GO:0032689
RARA,GO:0051099
RARA,GO:0045787
RARA,GO:0008284
RARA,GO:0045893
RARA,GO:0032736
RARA,GO:0032753
RARA,GO:0032754
RARA,GO:0045666
RARA,GO:0045630
RARA,GO:0045944
RARA,GO:0030850
RARA,GO:0006468
RARA,GO:0042981
RARA,GO:0031641
RARA,GO:0048167
RARA,GO:0034097
RARA,GO:0032355
RARA,GO:0045471
RARA,GO:0032526
RARA,GO:0033189
RARA,GO:0048384
RARA,GO:0060010
RORA,R-HSA-1989781
RORA,R-HSA-383280
RORA,R-HSA-4090294
RORA,R-HSA-6785807
RORA,R-HSA-9707616
RORA,R-HSA-9931509
RORA,R-HSA-9931510
RORA,R-HSA-9933387
RORA,GO:0001525
RORA,GO:0071456
RORA,GO:0036315
RORA,GO:0021930
RORA,GO:0042632
RORA,GO:0032922
RORA,GO:0006351
RORA,GO:0030522
RORA,GO:0042692
RORA,GO:0043124
RORA,GO:0045599
RORA,GO:0050728
RORA,GO:0042753
RORA,GO:0045893
RORA,GO:0045944
RORA,GO:0010575
RORA,GO:0006355
RORA,GO:0010906
RORA,GO:0008589
RORA,GO:0019218
RORA,GO:0006357
RORA,GO:0072539
RORA,GO:0070328
RORA,GO:0006805
RPS6KA2,R-HSA-198753
RPS6KA2,R-HSA-199920
RPS6KA2,R-HSA-2559582
RPS6KA2,R-HSA-437239
RPS6KA2,R-HSA-442742
RPS6KA2,R-HSA-444257
RPS6KA2,R-HSA-881907
RPS6KA2,GO:0007268
RPS6KA2,GO:0035556
RPS6KA2,GO:0045786
RPS6KA2,GO:0008285
RPS6KA2,GO:0043065
RPS6KA2,GO:0007165
RPS6KA2,GO:0038202
RAD51,R-HSA-5685938
RAD51,R-HSA-5685942
RAD51,R-HSA-5693554
RAD51,R-HSA-5693568
RAD51,R-HSA-5693579
RAD51,R-HSA-5693616
RAD51,R-HSA-8953750
RAD51,R-HSA-912446
RAD51,R-HSA-9701192
RAD51,R-HSA-9704331
RAD51,R-HSA-9704646
RAD51,R-HSA-9709570
RAD51,R-HSA-9709603
RAD51,GO:0072757
RAD51,GO:0072719
RAD51,GO:0071480
RAD51,GO:0071479
RAD51,GO:0070192
RAD51,GO:0006974
RAD51,GO:0000730
RAD51,GO:0006310
RAD51,GO:0006281
RAD51,GO:0042148
RAD51,GO:1990918
RAD51,GO:0000724
RAD51,GO:0036297
RAD51,GO:0051321
RAD51,GO:0006312
RAD51,GO:1990426
RAD51,GO:0007131
RAD51,GO:2000001
RAD51,GO:0010569
RAD51,GO:0031297
RAD51,GO:1904631
RAD51,GO:0009636
RAD51,GO:0010165
RAD51,GO:0009410
RAD51,GO:0000722
RAD51,GO:0010833
RPS6KA1,R-HSA-198753
RPS6KA1,R-HSA-199920
RPS6KA1,R-HSA-2559582
RPS6KA1,R-HSA-437239
RPS6KA1,R-HSA-442742
RPS6KA1,R-HSA-444257
RPS6KA1,R-HSA-881907
RPS6KA1,R-HSA-9856649
RPS6KA1,GO:0007268
RPS6KA1,GO:0072574
RPS6KA1,GO:0043066
RPS6KA1,GO:0032007
RPS6KA1,GO:0045597
RPS6KA1,GO:0030307
RPS6KA1,GO:0045893
RPS6KA1,GO:2000491
RPS6KA1,GO:0045944
RPS6KA1,GO:0006468
RPS6KA1,GO:0006355
RPS6KA1,GO:0043555
RPS6KA1,GO:0007165
RPS6KA1,GO:0038202
RARB,R-HSA-383280
RARB,R-HSA-5362517
RARB,R-HSA-5617472
RARB,GO:0030154
RARB,GO:0006351
RARB,GO:0048566
RARB,GO:0000122
RARB,GO:0045944
RARB,GO:0048384
RARB,GO:0007165
RORC,R-HSA-383280
RORC,R-HSA-6785807
RORC,R-HSA-8949275 [P51449-2]
RORC,R-HSA-9931509
RORC,R-HSA-9931510
RORC,R-HSA-9933387
RORC,GO:0060612
RORC,GO:0036315
RORC,GO:0032922
RORC,GO:0006351
RORC,GO:0048535
RORC,GO:0070244
RORC,GO:0000122
RORC,GO:0048541
RORC,GO:0042753
RORC,GO:0045893
RORC,GO:0045598
RORC,GO:0010906
RORC,GO:0019218
RORC,GO:0006357
RORC,GO:0045066
RORC,GO:0072539
RORC,GO:0042093
RORC,GO:0002394
RORC,GO:0006805
SAE1,R-HSA-3065676
SAE1,R-HSA-3065678
SAE1,GO:0033235
SAE1,GO:1903955
SAE1,GO:0016925
RPS6KA3,R-HSA-198753
RPS6KA3,R-HSA-199920
RPS6KA3,R-HSA-2559582
RPS6KA3,R-HSA-437239
RPS6KA3,R-HSA-442742
RPS6KA3,R-HSA-444257
RPS6KA3,R-HSA-881907
RPS6KA3,GO:0007417
RPS6KA3,GO:0007268
RPS6KA3,GO:0043066
RPS6KA3,GO:0045597
RPS6KA3,GO:0030307
RPS6KA3,GO:0045944
RPS6KA3,GO:0006355
RPS6KA3,GO:0043555
RPS6KA3,GO:0032496
RPS6KA3,GO:0007165
RPS6KA3,GO:0001501
RPS6KA3,GO:0002224
RPS6KA3,GO:0038202
SCD,R-HSA-2426168
SCD,R-HSA-75105
SCD,R-HSA-9029558
SCD,R-HSA-9841922
SCD,GO:1903966
SCD,GO:0120162
SCD,GO:0006636
RPSA,R-HSA-156827
RPSA,R-HSA-156902
RPSA,R-HSA-1799339
RPSA,R-HSA-192823
RPSA,R-HSA-2408557
RPSA,R-HSA-6791226
RPSA,R-HSA-72649
RPSA,R-HSA-72689
RPSA,R-HSA-72695
RPSA,R-HSA-72702
RPSA,R-HSA-72706
RPSA,R-HSA-72764
RPSA,R-HSA-9010553
RPSA,R-HSA-9633012
RPSA,R-HSA-9735869
RPSA,R-HSA-9754678
RPSA,R-HSA-975956
RPSA,R-HSA-975957
RPSA,R-HSA-9918485
RPSA,R-HSA-9954714
RPSA,R-HSA-9954716
RPSA,GO:0140374
RPSA,GO:0002181
RPSA,GO:0000028
RPSA,GO:0006412
RARA,GO:0006351
RARA,GO:0010628
SCN5A,GO:0055117
REN,GO:0010467
RXRA,GO:0006351
RPS6KA3,GO:0035556
RPS6KA1,GO:0035556
RXRB,GO:0006351
RARG,GO:0060173
SCN9A,GO:0086001
SCN9A,GO:0002027
SCN9A,GO:0090257
RORC,GO:0007623
PYGL,GO:0005975
RARB,GO:0006355
SCN9A,GO:0042391
SCN5A,GO:0034220
SLC22A1,R-HSA-112311
SLC22A1,R-HSA-181430
SLC22A1,R-HSA-2161517
SLC22A1,R-HSA-442660
SLC22A1,R-HSA-549127
SLC22A1,R-HSA-9793528
SLC22A1,GO:0015870
SLC22A1,GO:0015837
SLC22A1,GO:0015871
SLC22A1,GO:0015872
SLC22A1,GO:0090494
SLC22A1,GO:0048241
SLC22A1,GO:0010248
SLC22A1,GO:0072237
SLC22A1,GO:0015844
SLC22A1,GO:0006836
SLC22A1,GO:0015874
SLC22A1,GO:1902616
SLC22A1,GO:0015695
SLC22A1,GO:0015732
SLC22A1,GO:0051260
SLC22A1,GO:0072530
SLC22A1,GO:0015847
SLC22A1,GO:0015697
SLC22A1,GO:0006837
SLC22A1,GO:0051610
SLC22A1,GO:0015848
SLC22A1,GO:0071934
SLC22A1,GO:0015888
SLC22A1,GO:0055085
SLC22A1,GO:0150104
SLC22A1,GO:0006805
SERPINA6,R-HSA-194002
SERPINA6,R-HSA-9757110
SERPINA6,GO:0006704
SENP1,R-HSA-3065679
SENP1,R-HSA-9035034
SENP1,GO:0045944
SENP1,GO:0016926
SENP1,GO:0016925
SENP1,GO:0006508
SENP1,GO:0043488
SLC6A3,R-HSA-379401
SLC6A3,R-HSA-442660
SLC6A3,R-HSA-5619081
SLC6A3,R-HSA-5660724
SLC6A3,GO:0006865
SLC6A3,GO:0015872
SLC6A3,GO:0090494
SLC6A3,GO:0051583
SLC6A3,GO:1990384
SLC6A3,GO:0015844
SLC6A3,GO:0006836
SLC6A3,GO:0051591
SLC6A3,GO:0045471
SLC6A3,GO:0010039
SLC6A3,GO:0035094
SLC6A3,GO:0009410
SLC6A3,GO:0035725
SGMS2,R-HSA-1660661
SGMS2,GO:0046513
SGMS2,GO:0030500
SGMS2,GO:0030148
SGMS2,GO:0006686
SLC47A2,R-HSA-549127
SLC47A2,GO:0015837
SLC47A2,GO:0015695
SLC47A2,GO:1990961
SLC15A1,R-HSA-427975
SLC15A1,GO:0140206
SLC15A1,GO:0035672
SLC15A1,GO:0015031
SLC15A1,GO:0140207
SLC47A1,R-HSA-549127
SLC47A1,GO:0015837
SLC47A1,GO:0089718
SLC47A1,GO:1902475
SLC47A1,GO:0097638
SLC47A1,GO:0015695
SLC47A1,GO:0015847
SLC47A1,GO:1990961
SLC47A1,GO:0006855
SLC47A1,GO:0042908
SLC22A6,R-HSA-561048
SLC22A6,GO:0015742
SLC22A6,GO:0072237
SLC22A6,GO:0015711
SLC22A6,GO:0015732
SLC22A6,GO:0051260
SLC22A6,GO:0097254
SLC22A6,GO:0043252
SLC22A2,R-HSA-112311
SLC22A2,R-HSA-181430
SLC22A2,R-HSA-2161517
SLC22A2,R-HSA-442660
SLC22A2,R-HSA-549127
SLC22A2,GO:0015870
SLC22A2,GO:0015837
SLC22A2,GO:0089718
SLC22A2,GO:1990748
SLC22A2,GO:0015871
SLC22A2,GO:0015872
SLC22A2,GO:0090494
SLC22A2,GO:0048241
SLC22A2,GO:0140115
SLC22A2,GO:0051608
SLC22A2,GO:0051615
SLC22A2,GO:1902475
SLC22A2,GO:0097638
SLC22A2,GO:0006811
SLC22A2,GO:0006836
SLC22A2,GO:0015874
SLC22A2,GO:0051620
SLC22A2,GO:0015695
SLC22A2,GO:0015732
SLC22A2,GO:0072530
SLC22A2,GO:0015847
SLC22A2,GO:0006837
SLC22A2,GO:0051610
SLC22A2,GO:0015848
SLC22A2,GO:0071934
SLC22A2,GO:0055085
SLC22A2,GO:0150104
SLC22A2,GO:0042908
SLC6A12,R-HSA-352230
SLC6A12,R-HSA-71288
SLC6A12,R-HSA-888593
SLC6A12,GO:0006865
SLC6A12,GO:0051936
SLC6A12,GO:0015812
SLC6A12,GO:0031460
SLC6A12,GO:0015718
SLC6A12,GO:0035725
SLC25A21,R-HSA-71064
SLC25A21,GO:0006869
SLC25A21,GO:0006554
SLC25A21,GO:1990550
SIRT3,R-HSA-2151201
SIRT3,R-HSA-9615017
SIRT3,R-HSA-9617629
SIRT3,R-HSA-9841251
SIRT3,R-HSA-9854311
SIRT3,GO:0009060
SIRT3,GO:0033554
SIRT3,GO:0070373
SIRT3,GO:2000378
SIRT3,GO:0034983
SIRT3,GO:1902553
SIRT3,GO:2000304
SIRT3,GO:0032024
SIRT3,GO:1903862
SIRT3,GO:1901671
SIRT3,GO:0006476
SMAD3,R-HSA-1181150
SMAD3,R-HSA-1502540
SMAD3,R-HSA-2173788
SMAD3,R-HSA-2173789
SMAD3,R-HSA-2173795
SMAD3,R-HSA-2173796
SMAD3,R-HSA-3304356
SMAD3,R-HSA-3311021
SMAD3,R-HSA-3315487
SMAD3,R-HSA-3656532
SMAD3,R-HSA-5689880
SMAD3,R-HSA-8941855
SMAD3,R-HSA-8952158
SMAD3,R-HSA-9008059
SMAD3,R-HSA-9013695
SMAD3,R-HSA-9615017
SMAD3,R-HSA-9617828
SMAD3,R-HSA-9735871
SMAD3,R-HSA-9754189
SMAD3,R-HSA-9796292
SMAD3,R-HSA-9823730
SMAD3,R-HSA-9839394
SMAD3,GO:0032924
SMAD3,GO:0030325
SMAD3,GO:0009653
SMAD3,GO:0097190
SMAD3,GO:0030154
SMAD3,GO:0045216
SMAD3,GO:0071333
SMAD3,GO:0036120
SMAD3,GO:0071560
SMAD3,GO:0098586
SMAD3,GO:0006351
SMAD3,GO:0097191
SMAD3,GO:0006955
SMAD3,GO:0007254
SMAD3,GO:0043066
SMAD3,GO:1903243
SMAD3,GO:0045596
SMAD3,GO:0030308
SMAD3,GO:0008285
SMAD3,GO:0051481
SMAD3,GO:0045599
SMAD3,GO:0010629
SMAD3,GO:0050728
SMAD3,GO:0031665
SMAD3,GO:0061767
SMAD3,GO:1902894
SMAD3,GO:0030279
SMAD3,GO:0033689
SMAD3,GO:0042177
SMAD3,GO:0000122
SMAD3,GO:0071635
SMAD3,GO:0061045
SMAD3,GO:0038092
SMAD3,GO:0001649
SMAD3,GO:0030501
SMAD3,GO:0090263
SMAD3,GO:0030335
SMAD3,GO:0032332
SMAD3,GO:0045893
SMAD3,GO:0010718
SMAD3,GO:1901203
SMAD3,GO:0051894
SMAD3,GO:0010628
SMAD3,GO:0032731
SMAD3,GO:1902895
SMAD3,GO:0045429
SMAD3,GO:0050927
SMAD3,GO:0042307
SMAD3,GO:0060391
SMAD3,GO:0051496
SMAD3,GO:0045944
SMAD3,GO:0032916
SMAD3,GO:0031053
SMAD3,GO:0050821
SMAD3,GO:0061001
SMAD3,GO:0006355
SMAD3,GO:0050776
SMAD3,GO:1902893
SMAD3,GO:0051881
SMAD3,GO:0006357
SMAD3,GO:0032909
SMAD3,GO:0001836
SMAD3,GO:0097305
SMAD3,GO:1990776
SMAD3,GO:0042220
SMAD3,GO:0010332
SMAD3,GO:0001666
SMAD3,GO:0023019
SMAD3,GO:0060395
SMAD3,GO:0042110
SMAD3,GO:0060290
SMAD3,GO:0007179
SMAD3,GO:0061450
SMAD3,GO:0001657
SMAD3,GO:0042060
SLC15A2,GO:0140367
SLC15A2,GO:0140206
SLC15A2,GO:0042938
SLC15A2,GO:0015835
SLC15A2,GO:0015031
SLC15A2,GO:0070424
SLC15A2,GO:0070293
SLC15A2,GO:0150104
SLC15A2,GO:0140207
SLC15A2,GO:1990961
SLC15A2,GO:0042908
SLCO1B3,R-HSA-159418
SLCO1B3,R-HSA-189483
SLCO1B3,R-HSA-5619058
SLCO1B3,R-HSA-879518
SLCO1B3,R-HSA-9754706
SLCO1B3,GO:0015721
SLCO1B3,GO:0042167
SLCO1B3,GO:0006811
SLCO1B3,GO:0015711
SLCO1B3,GO:0043252
SLCO1B3,GO:0006805
SLCO2A1,R-HSA-5619095
SLCO2A1,R-HSA-879518
SLCO2A1,GO:0006869
SLCO2A1,GO:0015732
SLCO2A1,GO:0043252
SLC6A11,R-HSA-442660
SLC6A11,R-HSA-71288
SLC6A11,R-HSA-888593
SLC6A11,GO:0006865
SLC6A11,GO:0051936
SLC6A11,GO:0015718
SLC6A11,GO:0006836
SLC6A11,GO:0009410
SLC6A11,GO:0035725
SLC6A5,R-HSA-442660
SLC6A5,R-HSA-5619089
SLC6A5,GO:0007268
SLC6A5,GO:1903804
SLC6A5,GO:0006836
SLC6A5,GO:0035725
SLC6A5,GO:0060012
SIGMAR1,R-HSA-9679191
SIGMAR1,GO:1990708
SIGMAR1,GO:0019371
SIGMAR1,GO:0006869
SIGMAR1,GO:0043524
SIGMAR1,GO:0045019
SIGMAR1,GO:1903573
SIGMAR1,GO:0007399
SIGMAR1,GO:1904751
SIGMAR1,GO:0070207
SIGMAR1,GO:0043523
SIGMAR1,GO:0150052
SIGMAR1,GO:0097305
SIGMAR1,GO:1904313
SLCO1B1,R-HSA-159418
SLCO1B1,R-HSA-189483
SLCO1B1,R-HSA-5619110
SLCO1B1,R-HSA-879518
SLCO1B1,R-HSA-9754706
SLCO1B1,GO:0015721
SLCO1B1,GO:0042167
SLCO1B1,GO:0006811
SLCO1B1,GO:0015711
SLCO1B1,GO:0043252
SLCO1B1,GO:0006805
SLCO2B1,R-HSA-189483 [O94956-3]
SLCO2B1,R-HSA-879518
SLCO2B1,R-HSA-9749641 [O94956-1]
SLCO2B1,R-HSA-9754706 [O94956-3]
SLCO2B1,GO:0015721
SLCO2B1,GO:0042167
SLCO2B1,GO:0006811
SLCO2B1,GO:0015711
SLCO2B1,GO:0043252
SLCO2B1,GO:0055085
SLCO2B1,GO:0150104
SLCO2B1,GO:0006805
SLC15A2,GO:0045087
SLCO2A1,GO:0006811
SLCO2A1,GO:0055085
SMAD3,GO:0071363
SMAD3,GO:0141091
SLC6A2,GO:0090493
SGMS2,GO:0006665
SMAD3,GO:0032502
SLC15A2,GO:0006857
TAS2R16,R-HSA-418594
TAS2R16,R-HSA-420499
TAS2R16,R-HSA-9717207
TAS2R16,GO:0001580
TAS2R16,GO:0007186
SULT1A3,R-HSA-156584
SULT1A3,R-HSA-381038
SULT1A3,R-HSA-9753281
SULT1A3,GO:0050427
SULT1A3,GO:1903351
SULT1A3,GO:0042420
SULT1A3,GO:0042417
SULT1A3,GO:0042414
SULT1A3,GO:0006068
SULT1A3,GO:0009812
SULT1A3,GO:0042415
SULT1A3,GO:0042428
SULT1A3,GO:0008202
SULT1A3,GO:0051923
SULT1A3,GO:0042403
SULT1A3,GO:0006805
SULT1E1,R-HSA-156584
SULT1E1,R-HSA-9753281
SULT1E1,GO:0050427
SULT1E1,GO:0006711
SULT1E1,GO:0008210
SULT1E1,GO:0006068
SULT1E1,GO:0045600
SULT1E1,GO:0008202
SULT1E1,GO:0051923
SRD5A2,R-HSA-193048
SRD5A2,GO:0006702
SRD5A2,GO:0008209
SRD5A2,GO:0060348
SRD5A2,GO:0030154
SRD5A2,GO:0007267
SRD5A2,GO:0018894
SRD5A2,GO:0030540
SRD5A2,GO:0021766
SRD5A2,GO:0021854
SRD5A2,GO:0030539
SRD5A2,GO:0008584
SRD5A2,GO:0018963
SRD5A2,GO:1904614
SRD5A2,GO:0032354
SRD5A2,GO:0031667
SRD5A2,GO:0043434
SRD5A2,GO:0048545
SRD5A2,GO:0033574
SRD5A2,GO:0009410
SRD5A2,GO:0006706
SRD5A2,GO:0061370
SORT1,R-HSA-432722
SORT1,GO:0098708
SORT1,GO:0006897
SORT1,GO:0008333
SORT1,GO:0032509
SORT1,GO:0008625
SORT1,GO:0007186
SORT1,GO:0006895
SORT1,GO:0090160
SORT1,GO:0099558
SORT1,GO:0014902
SORT1,GO:0007218
SORT1,GO:0048011
SORT1,GO:0001503
SORT1,GO:0048227
SORT1,GO:0015031
SORT1,GO:0010468
SORT1,GO:0032868
SORT1,GO:0016050
SRD5A1,R-HSA-193048
SRD5A1,GO:0006702
SRD5A1,GO:0006710
SRD5A1,GO:0060348
SRD5A1,GO:0030154
SRD5A1,GO:0071320
SRD5A1,GO:0071549
SRD5A1,GO:0071872
SRD5A1,GO:0071392
SRD5A1,GO:0071363
SRD5A1,GO:0032869
SRD5A1,GO:1904015
SRD5A1,GO:0009267
SRD5A1,GO:0071394
SRD5A1,GO:0021987
SRD5A1,GO:0016101
SRD5A1,GO:0030540
SRD5A1,GO:0021766
SRD5A1,GO:0021854
SRD5A1,GO:0001889
SRD5A1,GO:0030539
SRD5A1,GO:0008584
SRD5A1,GO:0021983
SRD5A1,GO:0042448
SRD5A1,GO:0043627
SRD5A1,GO:0032354
SRD5A1,GO:0060992
SRD5A1,GO:0060416
SRD5A1,GO:0014850
SRD5A1,GO:1904638
SRD5A1,GO:0009410
SRD5A1,GO:0007530
SRD5A1,GO:0021510
SRD5A1,GO:0021794
SRD5A1,GO:0001655
TBXA2R,R-HSA-391908
TBXA2R,R-HSA-416476
TBXA2R,R-HSA-416482
TBXA2R,R-HSA-428930
TBXA2R,GO:0007189
TBXA2R,GO:0071222
TBXA2R,GO:0007186
TBXA2R,GO:0006954
TBXA2R,GO:0090051
TBXA2R,GO:0045766
TBXA2R,GO:0030194
TBXA2R,GO:0045777
TBXA2R,GO:0007204
TBXA2R,GO:0045907
TBXA2R,GO:0045471
TBXA2R,GO:0007584
TBXA2R,GO:0033574
TBXA2R,GO:0009410
STAT1,R-HSA-1059683
STAT1,R-HSA-1169408
STAT1,R-HSA-1433557
STAT1,R-HSA-1839117
STAT1,R-HSA-186763
STAT1,R-HSA-2173795 [P42224-1]
STAT1,R-HSA-6785807
STAT1,R-HSA-877300 [P42224-1]
STAT1,R-HSA-877312 [P42224-1]
STAT1,R-HSA-8854691
STAT1,R-HSA-8939902
STAT1,R-HSA-8984722
STAT1,R-HSA-8985947
STAT1,R-HSA-9013508
STAT1,R-HSA-9020956
STAT1,R-HSA-9020958
STAT1,R-HSA-909733
STAT1,R-HSA-912694
STAT1,R-HSA-9670439
STAT1,R-HSA-9673767
STAT1,R-HSA-9673770
STAT1,R-HSA-9674555
STAT1,R-HSA-9680350
STAT1,R-HSA-9705462
STAT1,R-HSA-9705671
STAT1,R-HSA-9725370
STAT1,R-HSA-982772
STAT1,R-HSA-9833482
STAT1,R-HSA-9860927
STAT1,R-HSA-9909649
STAT1,R-HSA-9942503 [P42224-1]
STAT1,GO:0007259
STAT1,GO:0097696
STAT1,GO:0035458
STAT1,GO:0071346
STAT1,GO:0006952
STAT1,GO:0051607
STAT1,GO:0006351
STAT1,GO:0070106
STAT1,GO:0038111
STAT1,GO:0038113
STAT1,GO:0072162
STAT1,GO:0072136
STAT1,GO:0046725
STAT1,GO:0016525
STAT1,GO:0043124
STAT1,GO:0001937
STAT1,GO:0003340
STAT1,GO:0072308
STAT1,GO:0000122
STAT1,GO:0002230
STAT1,GO:0045893
STAT1,GO:0045648
STAT1,GO:0032727
STAT1,GO:0002053
STAT1,GO:0045944
STAT1,GO:0042981
STAT1,GO:0042127
STAT1,GO:0006357
STAT1,GO:0061326
STAT1,GO:0035456
STAT1,GO:0043434
STAT1,GO:0034341
STAT1,GO:0033209
STAT1,GO:0060337
STAT1,GO:0060333
SULT2A1,R-HSA-156584
SULT2A1,R-HSA-1989781
SULT2A1,R-HSA-9753281
SULT2A1,GO:0050427
SULT2A1,GO:0030573
SULT2A1,GO:0008206
SULT2A1,GO:0008203
SULT2A1,GO:0006068
SULT2A1,GO:0016042
SULT2A1,GO:0160025
SULT2A1,GO:0008202
SULT2A1,GO:0051923
SULT2A1,GO:0042403
SULT2A1,GO:0006805
SMYD2,R-HSA-3214841
SMYD2,R-HSA-6804760
SMYD2,GO:0006351
SMYD2,GO:0007507
SMYD2,GO:0008285
SMYD2,GO:0045892
SMYD2,GO:0000122
SMYD2,GO:0018027
SMYD2,GO:0018026
SMYD2,GO:0043516
SMYD2,GO:1901796
TDO2,R-HSA-71240
TDO2,GO:0019442
TDO2,GO:0019441
TDO2,GO:0051289
TDO2,GO:0051414
TDO2,GO:0045471
TDO2,GO:1904842
TNF,R-HSA-381340
TNF,R-HSA-5357786
TNF,R-HSA-5357905
TNF,R-HSA-5357956
TNF,R-HSA-5626978
TNF,R-HSA-5668541
TNF,R-HSA-6783783
TNF,R-HSA-6785807
TNF,R-HSA-75893
TNF,R-HSA-9942503
TNF,GO:0140374
TNF,GO:0048143
TNF,GO:0019722
TNF,GO:0007259
TNF,GO:1904646
TNF,GO:0071479
TNF,GO:0071222
TNF,GO:0071316
TNF,GO:0071300
TNF,GO:0097237
TNF,GO:0071346
TNF,GO:0002439
TNF,GO:0007623
TNF,GO:0050890
TNF,GO:0050966
TNF,GO:0048566
TNF,GO:0072577
TNF,GO:0097191
TNF,GO:0008625
TNF,GO:0006955
TNF,GO:0006954
TNF,GO:0090594
TNF,GO:0050901
TNF,GO:0097421
TNF,GO:0002281
TNF,GO:0001774
TNF,GO:0097527
TNF,GO:1900222
TNF,GO:2001234
TNF,GO:1903347
TNF,GO:0120190
TNF,GO:0043537
TNF,GO:0061048
TNF,GO:0002719
TNF,GO:0046325
TNF,GO:0045892
TNF,GO:0001937
TNF,GO:2001240
TNF,GO:0045599
TNF,GO:0010629
TNF,GO:0010459
TNF,GO:0032715
TNF,GO:0002037
TNF,GO:0050995
TNF,GO:0010888
TNF,GO:1902894
TNF,GO:0045930
TNF,GO:0031642
TNF,GO:0050768
TNF,GO:0045668
TNF,GO:0090324
TNF,GO:0003085
TNF,GO:0000122
TNF,GO:0061044
TNF,GO:0045071
TNF,GO:0045760
TNF,GO:1902004
TNF,GO:0043065
TNF,GO:2000334
TNF,GO:0070886
TNF,GO:0043123
TNF,GO:0045785
TNF,GO:2000343
TNF,GO:0032722
TNF,GO:0001819
TNF,GO:1900017
TNF,GO:2000573
TNF,GO:0045893
TNF,GO:0070374
TNF,GO:2001238
TNF,GO:0031622
TNF,GO:0032724
TNF,GO:0010628
TNF,GO:0060252
TNF,GO:0051798
TNF,GO:2000347
TNF,GO:0034116
TNF,GO:0002639
TNF,GO:0050729
TNF,GO:0032731
TNF,GO:0032741
TNF,GO:0150129
TNF,GO:0032755
TNF,GO:0032757
TNF,GO:0046330
TNF,GO:1904999
TNF,GO:1904996
TNF,GO:0010744
TNF,GO:0043410
TNF,GO:0051044
TNF,GO:1902895
TNF,GO:0045840
TNF,GO:0071677
TNF,GO:0150078
TNF,GO:0043525
TNF,GO:1902565
TNF,GO:0045429
TNF,GO:1901224
TNF,GO:0045672
TNF,GO:0051897
TNF,GO:0071803
TNF,GO:0043068
TNF,GO:0045732
TNF,GO:2000010
TNF,GO:1903078
TNF,GO:0051222
TNF,GO:0031334
TNF,GO:0043243
TNF,GO:0048661
TNF,GO:0050806
TNF,GO:1901647
TNF,GO:0045944
TNF,GO:1904707
TNF,GO:0060557
TNF,GO:0072659
TNF,GO:0043122
TNF,GO:2000351
TNF,GO:1903140
TNF,GO:0045598
TNF,GO:0050796
TNF,GO:2000377
TNF,GO:0050807
TNF,GO:0051966
TNF,GO:1905242
TNF,GO:0014823
TNF,GO:0001975
TNF,GO:0046677
TNF,GO:0045471
TNF,GO:0009750
TNF,GO:0051384
TNF,GO:1990268
TNF,GO:0140460
TNF,GO:1904880
TNF,GO:0001666
TNF,GO:0035900
TNF,GO:1902065
TNF,GO:0036005
TNF,GO:0031667
TNF,GO:1905235
TNF,GO:1904638
TNF,GO:0009651
TNF,GO:0009615
TNF,GO:0009410
TNF,GO:0003009
TNF,GO:0034138
TNF,GO:0033209
TNF,GO:0010573
TNF,GO:0042311
SRC,R-HSA-1227986
SRC,R-HSA-1251985
SRC,R-HSA-1253288
SRC,R-HSA-1257604
SRC,R-HSA-1295596 [P12931-1]
SRC,R-HSA-1433557 [P12931-1]
SRC,R-HSA-1433559 [P12931-1]
SRC,R-HSA-171007 [P12931-1]
SRC,R-HSA-177929 [P12931-1]
SRC,R-HSA-180292
SRC,R-HSA-186763
SRC,R-HSA-191650 [P12931-2]
SRC,R-HSA-201556 [P12931-1]
SRC,R-HSA-2029481 [P12931-1]
SRC,R-HSA-210990 [P12931-1]
SRC,R-HSA-2219530
SRC,R-HSA-2682334 [P12931-1]
SRC,R-HSA-354192
SRC,R-HSA-354194
SRC,R-HSA-372708
SRC,R-HSA-375165 [P12931-1]
SRC,R-HSA-389356 [P12931-1]
SRC,R-HSA-389513 [P12931-1]
SRC,R-HSA-391160 [P12931-1]
SRC,R-HSA-3928662 [P12931-1]
SRC,R-HSA-3928663 [P12931-1]
SRC,R-HSA-3928664 [P12931-1]
SRC,R-HSA-3928665 [P12931-1]
SRC,R-HSA-418555
SRC,R-HSA-418592 [P12931-1]
SRC,R-HSA-418594
SRC,R-HSA-418885
SRC,R-HSA-418886
SRC,R-HSA-428542
SRC,R-HSA-430116 [P12931-1]
SRC,R-HSA-437239 [P12931-1]
SRC,R-HSA-4420097 [P12931-1]
SRC,R-HSA-456926 [P12931-1]
SRC,R-HSA-5218921 [P12931-1]
SRC,R-HSA-5607764 [P12931-1]
SRC,R-HSA-5663220 [P12931-1]
SRC,R-HSA-5673000
SRC,R-HSA-5674135
SRC,R-HSA-6802946
SRC,R-HSA-6802948
SRC,R-HSA-6802952
SRC,R-HSA-6802955
SRC,R-HSA-6811558
SRC,R-HSA-69231 [P12931-1]
SRC,R-HSA-8853659 [P12931-1]
SRC,R-HSA-8874081
SRC,R-HSA-8876493
SRC,R-HSA-8934593
SRC,R-HSA-8934903 [P12931-1]
SRC,R-HSA-8940973
SRC,R-HSA-8941858
SRC,R-HSA-9009391
SRC,R-HSA-9013420
SRC,R-HSA-9032500
SRC,R-HSA-9603381
SRC,R-HSA-9620244
SRC,R-HSA-9634597
SRC,R-HSA-9649948
SRC,R-HSA-9656223
SRC,R-HSA-9664323 [P12931-1]
SRC,R-HSA-9664422 [P12931-1]
SRC,R-HSA-9670439 [P12931-1]
SRC,R-HSA-9680350
SRC,R-HSA-9766229
SRC,GO:0038166
SRC,GO:0045453
SRC,GO:0007155
SRC,GO:0030154
SRC,GO:0071375
SRC,GO:0071393
SRC,GO:0034614
SRC,GO:0048013
SRC,GO:0007173
SRC,GO:0038128
SRC,GO:0038096
SRC,GO:0048041
SRC,GO:0007229
SRC,GO:0070102
SRC,GO:0060576
SRC,GO:0035556
SRC,GO:0007595
SRC,GO:0050900
SRC,GO:0016236
SRC,GO:2000811
SRC,GO:0043066
SRC,GO:2001237
SRC,GO:0051895
SRC,GO:0035331
SRC,GO:0002862
SRC,GO:2001243
SRC,GO:0051902
SRC,GO:1902564
SRC,GO:0031333
SRC,GO:0032205
SRC,GO:0000122
SRC,GO:0030316
SRC,GO:0018108
SRC,GO:0030168
SRC,GO:0035306
SRC,GO:0010634
SRC,GO:0070374
SRC,GO:0045821
SRC,GO:0033625
SRC,GO:2000394
SRC,GO:0045747
SRC,GO:0051897
SRC,GO:0035022
SRC,GO:0051057
SRC,GO:1904263
SRC,GO:0050847
SRC,GO:0031648
SRC,GO:0045124
SRC,GO:2001286
SRC,GO:0022407
SRC,GO:2000641
SRC,GO:0010632
SRC,GO:0086091
SRC,GO:0034139
SRC,GO:0043114
SRC,GO:0070555
SRC,GO:0007172
SRC,GO:0007165
SRC,GO:0002223
SRC,GO:0043149
SRC,GO:0046718
SRC,GO:0031295
SRC,GO:0007179
SRC,GO:0048010
SRC,GO:0042311
TMEM97,GO:0042632
TMEM97,GO:0140077
TMEM97,GO:0090303
TMEM97,GO:0001558
TMEM97,GO:0032383
TMEM97,GO:0032377
SNCA,R-HSA-977225
SNCA,R-HSA-9833482
SNCA,GO:1990000
SNCA,GO:0048148
SNCA,GO:0071280
SNCA,GO:0071872
SNCA,GO:0044344
SNCA,GO:0034599
SNCA,GO:0042416
SNCA,GO:0051583
SNCA,GO:0006749
SNCA,GO:0001774
SNCA,GO:0043066
SNCA,GO:1904715
SNCA,GO:0045963
SNCA,GO:0051585
SNCA,GO:0045920
SNCA,GO:0031115
SNCA,GO:1902957
SNCA,GO:0043524
SNCA,GO:0051622
SNCA,GO:0010642
SNCA,GO:0051612
SNCA,GO:0070495
SNCA,GO:0000122
SNCA,GO:0043065
SNCA,GO:0045807
SNCA,GO:0045921
SNCA,GO:1903285
SNCA,GO:0050729
SNCA,GO:0060732
SNCA,GO:1904377
SNCA,GO:0001921
SNCA,GO:0051281
SNCA,GO:0035543
SNCA,GO:0031648
SNCA,GO:0051262
SNCA,GO:0031623
SNCA,GO:0014059
SNCA,GO:0070507
SNCA,GO:0051621
SNCA,GO:1905606
SNCA,GO:1903426
SNCA,GO:1903421
SNCA,GO:1904307
SNCA,GO:0070555
SNCA,GO:0010040
SNCA,GO:0032496
SNCA,GO:0032026
SNCA,GO:0034341
SNCA,GO:0035493
SNCA,GO:0097435
SNCA,GO:0050808
SNCA,GO:0001963
SNCA,GO:0048488
SNCA,GO:0016079
SNCA,GO:0016082
SNCA,GO:0048489
SOST,R-HSA-201681
SOST,R-HSA-3772470
SOST,GO:0071374
SOST,GO:0030514
SOST,GO:0090090
SOST,GO:0030279
SOST,GO:0031333
SOST,GO:0030178
SOST,GO:0001503
SOST,GO:0045893
SOST,GO:0009612
SOST,GO:0016055
TAAR1,R-HSA-375280
TAAR1,R-HSA-418555
TAAR1,GO:0007189
TAAR1,GO:0007193
TAAR1,GO:0007186
TAAR1,GO:0007200
SPHK1,R-HSA-1660661
SPHK1,R-HSA-390471
SPHK1,R-HSA-5218921
SPHK1,R-HSA-9009391
SPHK1,R-HSA-9833482
SPHK1,GO:0019722
SPHK1,GO:0071363
SPHK1,GO:0035924
SPHK1,GO:0035556
SPHK1,GO:0043066
SPHK1,GO:1900060
SPHK1,GO:0045766
SPHK1,GO:0030307
SPHK1,GO:0030335
SPHK1,GO:0048146
SPHK1,GO:0032740
SPHK1,GO:0045931
SPHK1,GO:1901224
SPHK1,GO:1900745
SPHK1,GO:0031398
SPHK1,GO:0045987
SPHK1,GO:0006473
SPHK1,GO:0030100
SPHK1,GO:1905364
SPHK1,GO:1903978
SPHK1,GO:0150077
SPHK1,GO:0050764
SPHK1,GO:0010803
SPHK1,GO:0034612
SPHK1,GO:0046521
SPHK1,GO:0030148
SPHK1,GO:0046512
SPHK1,GO:0006670
TEK,R-HSA-210993
TEK,R-HSA-5673001
TEK,GO:0001525
TEK,GO:0007169
TEK,GO:0007166
TEK,GO:0007267
TEK,GO:0071260
TEK,GO:0060216
TEK,GO:0001935
TEK,GO:0072012
TEK,GO:0007507
TEK,GO:0060347
TEK,GO:0016525
TEK,GO:0043066
TEK,GO:2000352
TEK,GO:0050728
TEK,GO:0045766
TEK,GO:0010595
TEK,GO:0001938
TEK,GO:0070374
TEK,GO:0051894
TEK,GO:1902533
TEK,GO:0043410
TEK,GO:0051897
TEK,GO:0035022
TEK,GO:0035025
TEK,GO:2000351
TEK,GO:0032878
TEK,GO:0043114
TEK,GO:0002040
TEK,GO:0034446
TEK,GO:0048014
TBXAS1,R-HSA-211979
TBXAS1,R-HSA-2162123
TBXAS1,R-HSA-5579032
TBXAS1,GO:0006690
TBXAS1,GO:0030644
TBXAS1,GO:0045907
TBXAS1,GO:0001516
TBXAS1,GO:0046457
TBXAS1,GO:0045471
TBXAS1,GO:0070542
SULT1A1,R-HSA-156584
SULT1A1,R-HSA-9753281
SULT1A1,GO:0050427
SULT1A1,GO:0009308
SULT1A1,GO:0042420
SULT1A1,GO:0008210
SULT1A1,GO:0006068
SULT1A1,GO:0009812
SULT1A1,GO:0051923
SULT1A1,GO:0042403
SULT1A1,GO:0006805
TERT,R-HSA-171319
TERT,R-HSA-201722
TERT,R-HSA-9825895
TERT,GO:0071456
TERT,GO:0071897
TERT,GO:0022616
TERT,GO:0070200
TERT,GO:0007507
TERT,GO:0007005
TERT,GO:2000773
TERT,GO:2000352
TERT,GO:2001240
TERT,GO:0043524
TERT,GO:0045766
TERT,GO:1900087
TERT,GO:0042635
TERT,GO:1902895
TERT,GO:1904751
TERT,GO:2000648
TERT,GO:1903620
TERT,GO:1904754
TERT,GO:1904707
TERT,GO:0030177
TERT,GO:0006606
TERT,GO:0031647
TERT,GO:0090399
TERT,GO:0046686
TERT,GO:0006278
TERT,GO:0001172
TERT,GO:0030422
TERT,GO:0140745
TERT,GO:0000723
TERT,GO:0000722
TERT,GO:0007004
THRA,R-HSA-383280
THRA,R-HSA-4090294 [P10827-2]
THRA,GO:0030154
THRA,GO:0009755
THRA,GO:0042789
THRA,GO:0045892
THRA,GO:2000143
THRA,GO:0017055
THRA,GO:0000122
THRA,GO:0120162
THRA,GO:0002157
THRA,GO:0045944
THRA,GO:0006357
THRA,GO:0048384
THRA,GO:0002154
THRA,GO:0006366
THRB,R-HSA-383280
THRB,R-HSA-4090294
THRB,GO:0030154
THRB,GO:0097067
THRB,GO:0006351
THRB,GO:0042789
THRB,GO:0000122
THRB,GO:0002157
THRB,GO:0045944
THRB,GO:0048384
THRB,GO:0002154
TNF,GO:0043066
TNF,GO:0045087
TNF,GO:0050804
TNF,GO:0031349
TNF,GO:1903829
TNF,GO:0050793
TNF,GO:0051239
TNF,GO:0002700
TNF,GO:0051046
SPHK1,GO:0010468
SPHK1,GO:0034248
SPHK1,GO:0042981
SPHK1,GO:0046890
SPHK1,GO:0051049
STAT1,GO:0051093
SULT1A1,GO:0006790
SMYD2,GO:0032259
TEK,GO:0030154
TEK,GO:0072359
STAT1,GO:0019221
STAT1,GO:0006955
SULT1E1,GO:0006790
SULT2A1,GO:0006790
THRA,GO:0006351
SRD5A1,GO:0006629
STAT1,GO:0007165
UGT2B15,R-HSA-156588
UGT2B15,R-HSA-9749641
UGT2B15,R-HSA-9753281
UGT2B15,GO:0008210
UGT2B15,GO:0008202
UGT2B15,GO:0006805
UGT2B7,R-HSA-156588
UGT2B7,R-HSA-9749641
UGT2B7,R-HSA-9757110
UGT2B7,GO:0008209
UGT2B7,GO:0008210
UGT2B7,GO:0006629
UGT2B7,GO:0006805
TUBB1,R-HSA-1445148
TUBB1,R-HSA-190840
TUBB1,R-HSA-190861
TUBB1,R-HSA-2132295
TUBB1,R-HSA-2467813
TUBB1,R-HSA-2500257
TUBB1,R-HSA-3371497
TUBB1,R-HSA-380320
TUBB1,R-HSA-389957
TUBB1,R-HSA-389960
TUBB1,R-HSA-389977
TUBB1,R-HSA-437239
TUBB1,R-HSA-5610787
TUBB1,R-HSA-5620920
TUBB1,R-HSA-5620924
TUBB1,R-HSA-5626467
TUBB1,R-HSA-5663220
TUBB1,R-HSA-6807878
TUBB1,R-HSA-6811434
TUBB1,R-HSA-6811436
TUBB1,R-HSA-68877
TUBB1,R-HSA-8852276
TUBB1,R-HSA-8955332
TUBB1,R-HSA-9609690
TUBB1,R-HSA-9609736
TUBB1,R-HSA-9619483
TUBB1,R-HSA-9646399
TUBB1,R-HSA-9648025
TUBB1,R-HSA-9668328
TUBB1,R-HSA-983189
TUBB1,R-HSA-9833482
TUBB1,GO:0000226
TUBB1,GO:0046785
TUBB1,GO:0000278
TUBB1,GO:0070527
TUBB1,GO:0030220
TUBB1,GO:0030878
TUBB1,GO:0070327
UGT1A3,R-HSA-156588
UGT1A3,R-HSA-9623433
UGT1A3,R-HSA-9749641
UGT1A3,R-HSA-9754706
UGT1A3,R-HSA-9757110
UGT1A3,GO:0032782
UGT1A3,GO:0071385
UGT1A3,GO:0008210
UGT1A3,GO:0051552
UGT1A3,GO:0009812
UGT1A3,GO:0001889
UGT1A3,GO:0045922
UGT1A3,GO:0042573
UGT1A3,GO:0016125
UGT1A3,GO:0070640
UGT1A3,GO:0006805
TRPV3,R-HSA-3295583
TRPV3,GO:0007015
TRPV3,GO:0098703
TRPV3,GO:0070588
TRPV3,GO:0042636
TRPV3,GO:0007231
TRPV3,GO:0090280
TYR,R-HSA-5662702
TYR,R-HSA-9824585
TYR,GO:0006726
TYR,GO:0042438
TYR,GO:0006583
TYR,GO:0043473
TYR,GO:0009637
TYR,GO:0051591
TYR,GO:0009411
TYR,GO:0033280
TYR,GO:0007601
VDR,R-HSA-196791
VDR,R-HSA-383280
VDR,R-HSA-4090294
VDR,GO:0030154
VDR,GO:0000902
VDR,GO:0046697
VDR,GO:0030522
VDR,GO:0042789
VDR,GO:0008285
VDR,GO:0045892
VDR,GO:0010839
VDR,GO:0000122
VDR,GO:0038185
VDR,GO:0035435
VDR,GO:0030501
VDR,GO:0010628
VDR,GO:0045618
VDR,GO:0045944
VDR,GO:0070564
VDR,GO:1903412
VDR,GO:0048384
VDR,GO:0042359
VDR,GO:0070561
TRPC5,R-HSA-3295583
TRPC5,R-HSA-418890
TRPC5,GO:0070588
TRPC5,GO:0006816
TRPC5,GO:0050774
TRPC5,GO:0007399
TRPC5,GO:0051402
TRPC5,GO:0030182
TRPC5,GO:0070782
TRPC5,GO:0045773
TRPC5,GO:0008284
TRPC5,GO:0007204
TRPC5,GO:0045666
TRPC5,GO:0051480
TRPC5,GO:1902630
TST,R-HSA-1614517
TST,R-HSA-1614558
TST,GO:0009440
TST,GO:0030855
TST,GO:0035928
TST,GO:0051029
TST,GO:0000098
TRPA1,R-HSA-3295583
TRPA1,GO:0097553
TRPA1,GO:0070588
TRPA1,GO:0007166
TRPA1,GO:0071313
TRPA1,GO:0071244
TRPA1,GO:0070417
TRPA1,GO:0071240
TRPA1,GO:0034605
TRPA1,GO:0070301
TRPA1,GO:0097237
TRPA1,GO:0050968
TRPA1,GO:0050974
TRPA1,GO:0006874
TRPA1,GO:0006811
TRPA1,GO:0035774
TRPA1,GO:1903793
TRPA1,GO:0051289
TRPA1,GO:1903522
TRPA1,GO:0098908
TRPA1,GO:0009409
TRPA1,GO:0019233
TRPA1,GO:0050955
TRPA1,GO:0014832
TRPV1,R-HSA-3295583
TRPV1,GO:0098703
TRPV1,GO:0070588
TRPV1,GO:0007166
TRPV1,GO:0071468
TRPV1,GO:0071312
TRPV1,GO:0071318
TRPV1,GO:0034605
TRPV1,GO:0007635
TRPV1,GO:0050965
TRPV1,GO:0000122
TRPV1,GO:0051289
TRPV1,GO:1901594
TRPV1,GO:0050955
XPO1,R-HSA-141444
XPO1,R-HSA-165054
XPO1,R-HSA-168333
XPO1,R-HSA-2173788
XPO1,R-HSA-2467813
XPO1,R-HSA-2500257
XPO1,R-HSA-3769402
XPO1,R-HSA-450520
XPO1,R-HSA-5663220
XPO1,R-HSA-5687128
XPO1,R-HSA-68877
XPO1,R-HSA-69273
XPO1,R-HSA-9634638
XPO1,R-HSA-9648025
XPO1,R-HSA-9707616
XPO1,R-HSA-9768919
XPO1,R-HSA-9828806
XPO1,R-HSA-9856649
XPO1,R-HSA-9918432
XPO1,GO:1902075
XPO1,GO:0071401
XPO1,GO:0006406
XPO1,GO:0000122
XPO1,GO:0006913
XPO1,GO:0006611
XPO1,GO:0032434
XPO1,GO:0009410
XPO1,GO:0000055
XPO1,GO:0000056
XPO1,GO:0000054
XPO1,GO:0042254
TOP2A,R-HSA-1362277
TOP2A,R-HSA-4615885
TOP2A,GO:0030263
TOP2A,GO:0006325
TOP2A,GO:0007059
TOP2A,GO:0006974
TOP2A,GO:0006265
TOP2A,GO:0007143
TOP2A,GO:0043065
TOP2A,GO:0045870
TOP2A,GO:0042752
TOP2A,GO:0000712
TOP2A,GO:0048511
TOP2A,GO:0000819
UGT1A6,R-HSA-156588
UGT1A6,R-HSA-9749641
UGT1A6,R-HSA-9753281
UGT1A6,GO:0071385
UGT1A6,GO:0008210
UGT1A6,GO:0051552
UGT1A6,GO:0019585
UGT1A6,GO:0001889
UGT1A6,GO:0045922
UGT1A6,GO:0016125
UGT1A6,GO:0006805
XDH,R-HSA-74259
XDH,R-HSA-8851680
XDH,R-HSA-9748787
XDH,GO:0006154
XDH,GO:0000255
XDH,GO:0006196
XDH,GO:0046059
XDH,GO:0006157
XDH,GO:0006161
XDH,GO:0006149
XDH,GO:0046055
XDH,GO:0046038
XDH,GO:0006147
XDH,GO:0009114
XDH,GO:0006204
XDH,GO:0006148
XDH,GO:0009115
TTR,R-HSA-2453902
TTR,R-HSA-3000171
TTR,R-HSA-6798695
TTR,R-HSA-975634
TTR,R-HSA-977225
TTR,R-HSA-9918449
TTR,GO:0006144
TTR,GO:0001523
XBP1,R-HSA-381038 [P17861-2]
XBP1,R-HSA-381070 [P17861-2]
XBP1,R-HSA-381183 [P17861-2]
XBP1,GO:0060612
XBP1,GO:0001525
XBP1,GO:0036500
XBP1,GO:0006914
XBP1,GO:0071230
XBP1,GO:0071498
XBP1,GO:0071332
XBP1,GO:0042149
XBP1,GO:0071333
XBP1,GO:0032869
XBP1,GO:0071353
XBP1,GO:0071499
XBP1,GO:0071222
XBP1,GO:0031670
XBP1,GO:0034599
XBP1,GO:0071375
XBP1,GO:0035924
XBP1,GO:0042632
XBP1,GO:0030968
XBP1,GO:0001935
XBP1,GO:0036503
XBP1,GO:0006633
XBP1,GO:0055089
XBP1,GO:0006955
XBP1,GO:0035356
XBP1,GO:0070059
XBP1,GO:0036498
XBP1,GO:0001889
XBP1,GO:0007517
XBP1,GO:0043066
XBP1,GO:1902236
XBP1,GO:1900102
XBP1,GO:0070373
XBP1,GO:0010832
XBP1,GO:0060392
XBP1,GO:0000122
XBP1,GO:0030512
XBP1,GO:0048666
XBP1,GO:0043491
XBP1,GO:0045766
XBP1,GO:0010508
XBP1,GO:0045579
XBP1,GO:0030335
XBP1,GO:0008284
XBP1,GO:1900017
XBP1,GO:2000353
XBP1,GO:1904294
XBP1,GO:0045600
XBP1,GO:2000347
XBP1,GO:0002639
XBP1,GO:0032755
XBP1,GO:1903489
XBP1,GO:0045348
XBP1,GO:0051897
XBP1,GO:0071073
XBP1,GO:1900100
XBP1,GO:1901985
XBP1,GO:0042307
XBP1,GO:0001934
XBP1,GO:0045582
XBP1,GO:0032008
XBP1,GO:0045944
XBP1,GO:1904754
XBP1,GO:1904707
XBP1,GO:0035470
XBP1,GO:0031648
XBP1,GO:0015031
XBP1,GO:0010506
XBP1,GO:0001558
XBP1,GO:0031647
XBP1,GO:0006357
XBP1,GO:0034976
XBP1,GO:1990418
XBP1,GO:0055092
XBP1,GO:0006366
XBP1,GO:0006511
XBP1,GO:0048010
TRPM8,R-HSA-3295583
TRPM8,GO:0070588
TRPM8,GO:0120162
TRPM8,GO:0009409
TRPM8,GO:0050955
UGT1A1,R-HSA-156588
UGT1A1,R-HSA-189483
UGT1A1,R-HSA-5579002
UGT1A1,R-HSA-9749641
UGT1A1,R-HSA-9753281
UGT1A1,GO:0006789
UGT1A1,GO:0071385
UGT1A1,GO:0008210
UGT1A1,GO:0051552
UGT1A1,GO:0009812
UGT1A1,GO:0019585
UGT1A1,GO:0042167
UGT1A1,GO:0001889
UGT1A1,GO:0045922
UGT1A1,GO:0045939
UGT1A1,GO:0042573
UGT1A1,GO:0008202
UGT1A1,GO:0016125
UGT1A1,GO:0006805
TNKS2,R-HSA-201681
TNKS2,R-HSA-4641257
TNKS2,R-HSA-5545619
TNKS2,R-HSA-5689880
TNKS2,R-HSA-8948751
TNKS2,GO:1904357
TNKS2,GO:0090263
TNKS2,GO:1904355
TNKS2,GO:0032212
TNKS2,GO:0070213
TNKS2,GO:0070198
TNKS2,GO:0070212
TNKS2,GO:0000209
TNKS2,GO:0016055
TNKS,R-HSA-201681
TNKS,R-HSA-4641257
TNKS,R-HSA-5545619
TNKS,R-HSA-5689880
TNKS,R-HSA-8948751
TNKS,GO:0051301
TNKS,GO:0007052
TNKS,GO:0051028
TNKS,GO:1904908
TNKS,GO:1904357
TNKS,GO:0018105
TNKS,GO:0018107
TNKS,GO:0090263
TNKS,GO:1904355
TNKS,GO:0032212
TNKS,GO:1904358
TNKS,GO:0045944
TNKS,GO:0070213
TNKS,GO:0070198
TNKS,GO:0070212
TNKS,GO:0000209
TNKS,GO:0015031
TNKS,GO:0032210
TNKS,GO:0051225
TNKS,GO:0016055
XBP1,GO:0006915
XBP1,GO:0030154
XBP1,GO:0006351
TRPA1,GO:1901701
TRPA1,GO:0033554
TRPA1,GO:0003008
TRPV1,GO:1902656
UGT1A3,GO:0008202
VDR,GO:0006351
XPO1,GO:0051028
VDR,GO:0006355
YES1,R-HSA-1227986
YES1,R-HSA-1433557
YES1,R-HSA-1433559
YES1,R-HSA-2029481
YES1,R-HSA-210990
YES1,R-HSA-2682334
YES1,R-HSA-389356
YES1,R-HSA-389513
YES1,R-HSA-3928662
YES1,R-HSA-3928663
YES1,R-HSA-3928665
YES1,R-HSA-8940973
YES1,R-HSA-912631
YES1,R-HSA-9664323
YES1,R-HSA-9664422
YES1,R-HSA-9670439
YES1,R-HSA-9680350
YES1,GO:0030154
YES1,GO:0007169
YES1,GO:0048013
YES1,GO:0038096
YES1,GO:0050900
YES1,GO:0002862
YES1,GO:0036211
YES1,GO:0043114
YES1,GO:0031295
