ingredient_id,nutrient_id,amount,unit
SP_000161,1178,0.0,UG
SP_000161,1277,0.0,G
SP_000161,1265,0.251,G
SP_000161,1089,1.3,MG
SP_000161,1260,0.0,G
SP_000161,1095,1.41,MG
SP_000161,1325,0.0,G
SP_000161,1165,0.09,MG
SP_000161,1105,0.0,UG
SP_000161,1008,371.0,KCAL
SP_000161,1014,1.96,G
SP_000161,1010,0.48,G
SP_000161,1259,0.0,G
SP_000161,1276,0.0,G
SP_000161,1332,0.0,G
SP_000161,1253,0.0,MG
SP_000161,1170,0.431,MG
SP_000161,1269,0.54,G
SP_000161,1092,223.0,MG
SP_000161,1166,0.06,MG
SP_000161,1162,0.0,MG
SP_000161,1321,0.0,G
SP_000161,1190,18.0,UG
SP_000161,1293,0.564,G
SP_000161,1266,0.025,G
SP_000161,1267,0.0,G
SP_000161,1087,21.0,MG
SP_000161,1313,0.0,G
SP_000161,1333,0.0,G
SP_000161,1279,0.0,G
SP_000161,1114,0.0,UG
SP_000161,1167,1.7,MG
SP_000161,1262,0.0,G
SP_000161,1299,0.0,G
SP_000161,1018,0.0,G
SP_000161,1268,0.171,G
SP_000161,2000,2.67,G
SP_000161,1005,74.67,G
SP_000161,1011,0.12,G
SP_000161,1304,0.0,G
SP_000161,1292,0.171,G
SP_000161,1404,0.024,G
SP_000161,1271,0.0,G
SP_000161,1270,0.024,G
SP_000161,1177,18.0,UG
SP_000161,1003,13.04,G
SP_000161,1075,0.0,G
SP_000161,1012,0.11,G
SP_000161,1315,0.171,G
SP_000161,1127,0.0,MG
SP_000161,1312,0.0,G
SP_000161,1128,0.13,MG
SP_000161,1214,0.298,G
SP_000161,1224,4.596,G
SP_000161,1215,0.147,G
SP_000161,1264,0.0,G
SP_000161,1009,62.45,G
SP_000161,1013,0.0,G
SP_000161,1210,0.185,G
SP_000161,1062,1553.0,kJ
SP_000161,1101,0.917,MG
SP_000161,1226,1.569,G
SP_000161,1007,0.88,G
SP_000161,1211,0.462,G
SP_000161,1329,0.0,G
SP_000161,1051,9.9,G
SP_000161,1223,0.624,G
SP_000161,1131,0.0,MG
SP_000161,1323,0.0,G
SP_000161,1090,53.0,MG
SP_000161,1175,0.142,MG
SP_000161,1106,0.0,UG
SP_000161,1217,0.668,G
SP_000161,1257,0.0,G
SP_000161,1280,0.0,G
SP_000161,1275,0.0,G
SP_000161,1185,0.1,UG
SP_000161,1225,0.441,G
SP_000161,1221,0.298,G
SP_000161,1273,0.0,G
SP_000161,1109,0.11,MG
SP_000161,1220,0.474,G
SP_000161,1218,0.243,G
SP_000161,1098,0.289,MG
SP_000161,1129,0.01,MG
SP_000161,1300,0.0,G
SP_000161,1219,0.588,G
SP_000161,1110,0.0,IU
SP_000161,1263,0.0,G
SP_000161,1125,0.05,MG
SP_000161,1079,3.2,G
SP_000161,1301,0.0,G
SP_000161,1216,0.255,G
SP_000161,1212,0.511,G
SP_000161,1222,0.438,G
SP_000161,1261,0.0,G
SP_000161,1093,6.0,MG
SP_000161,1274,0.0,G
SP_000161,1091,189.0,MG
SP_000161,1186,0.0,UG
SP_000161,1227,0.617,G
SP_000161,1104,0.0,IU
SP_000161,1272,0.0,G
SP_000161,1258,0.277,G
SP_000161,1184,0.0,UG
SP_000161,1187,18.0,UG
SP_000161,1213,0.988,G
SP_000161,1130,0.0,MG
SP_000161,1228,0.0,G
SP_000161,1103,63.2,UG
SP_000161,1278,0.0,G
SP_000161,1126,0.88,MG
SP_000161,1004,1.51,G
SP_000175,1269,0.11,G
SP_000175,1103,27.0,UG
SP_000175,1222,1.228,G
SP_000175,1223,1.875,G
SP_000175,1091,187.0,MG
SP_000175,1275,0.04,G
SP_000175,1062,456.0,kJ
SP_000175,1214,1.686,G
SP_000175,1106,0.0,UG
SP_000175,1098,0.09,MG
SP_000175,1051,74.57,G
SP_000175,1225,1.039,G
SP_000175,1227,0.823,G
SP_000175,1162,0.0,MG
SP_000175,1087,6.0,MG
SP_000175,1105,0.0,UG
SP_000175,1224,3.15,G
SP_000175,1213,1.679,G
SP_000175,1218,0.695,G
SP_000175,1104,0.0,IU
SP_000175,1270,0.03,G
SP_000175,1258,0.69,G
SP_000175,1215,0.513,G
SP_000175,1219,0.978,G
SP_000175,1005,0.0,G
SP_000175,1271,0.05,G
SP_000175,1293,0.19,G
SP_000175,1004,1.84,G
SP_000175,1101,0.007,MG
SP_000175,1268,0.67,G
SP_000175,1253,62.0,MG
SP_000175,1092,343.0,MG
SP_000175,1167,1.91,MG
SP_000175,1212,0.911,G
SP_000175,1079,0.0,G
SP_000175,1008,109.0,KCAL
SP_000175,1226,0.863,G
SP_000175,1003,21.62,G
SP_000175,1265,0.33,G
SP_000175,1095,2.8,MG
SP_000175,1217,0.809,G
SP_000175,1007,1.2,G
SP_000175,1264,0.02,G
SP_000175,1292,0.72,G
SP_000175,1211,0.89,G
SP_000175,1090,25.0,MG
SP_000175,1093,54.0,MG
SP_000175,1166,0.094,MG
SP_000175,1221,0.573,G
SP_000175,1089,2.6,MG
SP_000175,1266,0.35,G
SP_000175,1220,1.282,G
SP_000180,1104,0.0,IU
SP_000180,1213,1.755,G
SP_000180,1092,297.0,MG
SP_000180,1268,0.37,G
SP_000180,1265,0.25,G
SP_000180,1062,414.0,kJ
SP_000180,1217,0.817,G
SP_000180,1004,1.37,G
SP_000180,1264,0.01,G
SP_000180,1221,0.675,G
SP_000180,1275,0.03,G
SP_000180,1105,0.0,UG
SP_000180,1178,1.66,UG
SP_000180,1175,0.53,MG
SP_000180,1187,8.0,UG
SP_000180,1162,0.0,MG
SP_000180,1008,99.0,KCAL
SP_000180,1226,0.78,G
SP_000180,1095,1.93,MG
SP_000180,1170,0.16,MG
SP_000180,1079,0.0,G
SP_000180,1271,0.07,G
SP_000180,1190,8.0,UG
SP_000180,1293,0.27,G
SP_000180,1007,1.05,G
SP_000180,1103,9.0,UG
SP_000180,1292,0.42,G
SP_000180,1166,0.2,MG
SP_000180,1186,0.0,UG
SP_000180,1215,0.511,G
SP_000180,1220,1.278,G
SP_000180,1098,0.151,MG
SP_000180,1224,2.956,G
SP_000180,1218,0.818,G
SP_000180,1219,1.084,G
SP_000180,1177,8.0,UG
SP_000180,1253,46.0,MG
SP_000180,1089,1.61,MG
SP_000180,1051,76.3,G
SP_000180,1227,0.875,G
SP_000180,1211,0.976,G
SP_000180,1090,32.0,MG
SP_000180,1214,1.61,G
SP_000180,1087,12.0,MG
SP_000180,1005,0.0,G
SP_000180,1210,0.249,G
SP_000180,1093,53.0,MG
SP_000180,1212,1.023,G
SP_000180,1269,0.16,G
SP_000180,1258,0.46,G
SP_000180,1216,0.326,G
SP_000180,1223,2.034,G
SP_000180,1167,5.97,MG
SP_000180,1225,0.795,G
SP_000180,1266,0.19,G
SP_000180,1003,20.39,G
SP_000180,1165,0.04,MG
SP_000180,1270,0.04,G
SP_000180,1091,197.0,MG
SP_000180,1106,0.0,UG
SP_000197,1227,0.777,G
SP_000197,1223,1.826,G
SP_000197,1018,0.0,G
SP_000197,1186,0.0,UG
SP_000197,1216,0.214,G
SP_000197,1270,0.072,G
SP_000197,1217,0.797,G
SP_000197,1299,0.043,G
SP_000197,1259,0.0,G
SP_000197,1123,0.0,UG
SP_000197,1214,1.778,G
SP_000197,1271,0.078,G
SP_000197,1008,172.0,KCAL
SP_000197,1266,0.981,G
SP_000197,1162,0.0,MG
SP_000197,1265,2.029,G
SP_000197,1190,7.0,UG
SP_000197,1004,8.82,G
SP_000197,1262,0.005,G
SP_000197,1300,0.053,G
SP_000197,1220,1.302,G
SP_000197,1267,0.005,G
SP_000197,1225,1.107,G
SP_000197,1213,1.622,G
SP_000197,1079,0.0,G
SP_000197,1273,0.0,G
SP_000197,1177,7.0,UG
SP_000197,1212,0.913,G
SP_000197,1107,0.0,UG
SP_000197,1051,68.84,G
SP_000197,1105,0.0,UG
SP_000197,1187,7.0,UG
SP_000197,1007,1.04,G
SP_000197,1170,0.96,MG
SP_000197,1268,1.656,G
SP_000197,1057,0.0,MG
SP_000197,2000,0.0,G
SP_000197,1325,0.005,G
SP_000197,1261,0.005,G
SP_000197,1313,0.005,G
SP_000197,1178,2.13,UG
SP_000197,1098,0.15,MG
SP_000197,1165,0.125,MG
SP_000197,1092,322.0,MG
SP_000197,1103,8.0,UG
SP_000197,1258,3.469,G
SP_000197,1106,0.0,UG
SP_000197,1166,0.26,MG
SP_000197,1228,0.204,G
SP_000197,1087,12.0,MG
SP_000197,1167,4.89,MG
SP_000197,1089,2.75,MG
SP_000197,1175,0.336,MG
SP_000197,1253,66.0,MG
SP_000197,1095,5.4,MG
SP_000197,1093,79.0,MG
SP_000197,1090,22.0,MG
SP_000197,1062,722.0,kJ
SP_000197,1091,195.0,MG
SP_000197,1101,0.023,MG
SP_000197,1104,0.0,IU
SP_000197,1293,0.415,G
SP_000197,1263,0.009,G
SP_000197,1221,0.67,G
SP_000197,1003,21.76,G
SP_000197,1269,0.251,G
SP_000197,1275,0.678,G
SP_000197,1222,1.214,G
SP_000197,1108,0.0,UG
SP_000197,1277,0.024,G
SP_000197,1274,0.11,G
SP_000197,1323,0.029,G
SP_000197,1122,0.0,UG
SP_000197,1109,0.28,MG
SP_000197,1321,0.005,G
SP_000197,1219,1.01,G
SP_000197,1058,0.0,MG
SP_000197,1264,0.339,G
SP_000197,1333,0.01,G
SP_000197,1215,0.534,G
SP_000197,1224,3.089,G
SP_000197,1211,0.874,G
SP_000197,1005,0.0,G
SP_000197,1292,2.507,G
SP_000197,1226,0.923,G
SP_000197,1260,0.0,G
SP_000197,1218,0.68,G
SP_000197,1210,0.194,G
SP_000197,1120,0.0,UG
SP_000178,1276,0.0,G
SP_000178,1114,0.0,UG
SP_000178,1095,0.12,MG
SP_000178,1003,1.07,G
SP_000178,1058,0.0,MG
SP_000178,1263,0.0,G
SP_000178,1214,0.037,G
SP_000178,1122,0.0,UG
SP_000178,1261,0.0,G
SP_000178,1270,0.018,G
SP_000178,1108,0.0,UG
SP_000178,1268,0.032,G
SP_000178,1280,0.0,G
SP_000178,1265,0.031,G
SP_000178,1264,0.0,G
SP_000178,1292,0.034,G
SP_000178,1258,0.048,G
SP_000178,1217,0.026,G
SP_000178,1266,0.017,G
SP_000178,1271,0.0,G
SP_000178,1269,0.048,G
SP_000178,1167,0.9,MG
SP_000178,1272,0.0,G
SP_000178,1103,0.6,UG
SP_000178,1215,0.01,G
SP_000178,1242,0.0,MG
SP_000178,1187,14.0,UG
SP_000178,1106,0.0,UG
SP_000178,1057,0.0,MG
SP_000178,1190,14.0,UG
SP_000178,1091,30.0,MG
SP_000178,1093,2.0,MG
SP_000178,1101,0.06,MG
SP_000178,1185,0.5,UG
SP_000178,1259,0.0,G
SP_000178,1212,0.064,G
SP_000178,1293,0.066,G
SP_000178,1105,0.0,UG
SP_000178,1278,0.0,G
SP_000178,2000,11.0,G
SP_000178,1051,70.65,G
SP_000178,1018,0.0,G
SP_000178,1090,25.0,MG
SP_000178,1062,431.0,kJ
SP_000178,1165,0.11,MG
SP_000178,1218,0.019,G
SP_000178,1092,490.0,MG
SP_000178,1166,0.03,MG
SP_000178,1004,0.23,G
SP_000178,1211,0.052,G
SP_000178,1262,0.0,G
SP_000178,1219,0.047,G
SP_000178,1008,103.0,KCAL
SP_000178,1216,0.009,G
SP_000178,1175,0.1,MG
SP_000178,1277,0.0,G
SP_000178,1005,27.12,G
SP_000178,1007,0.93,G
SP_000178,1257,0.0,G
SP_000178,1260,0.0,G
SP_000178,1120,0.0,UG
SP_000178,1213,0.065,G
SP_000178,1162,29.0,MG
SP_000178,1275,0.002,G
SP_000178,1170,0.457,MG
SP_000178,1107,0.0,UG
SP_000178,1177,14.0,UG
SP_000178,1087,17.0,MG
SP_000178,1079,4.9,G
SP_000178,1246,0.0,UG
SP_000178,1098,0.084,MG
SP_000178,1104,0.0,IU
SP_000178,1253,0.0,MG
SP_000178,1186,0.0,UG
SP_000178,1180,9.8,MG
SP_000178,1279,0.0,G
SP_000178,1123,22.0,UG
SP_000178,1089,0.54,MG
SP_000178,1109,0.1,MG
SP_000178,1110,0.0,IU
SP_000178,1178,0.0,UG
SP_000181,1272,0.0,G
SP_000181,1214,0.77,G
SP_000181,1008,612.0,KCAL
SP_000181,1226,1.236,G
SP_000181,1092,421.0,MG
SP_000181,1166,0.148,MG
SP_000181,1224,6.084,G
SP_000181,1268,10.352,G
SP_000181,1091,446.0,MG
SP_000181,1270,8.718,G
SP_000181,1262,0.0,G
SP_000181,1264,0.0,G
SP_000181,1258,1.306,G
SP_000181,1269,33.727,G
SP_000181,1213,2.199,G
SP_000181,1079,4.7,G
SP_000181,1212,1.179,G
SP_000181,1051,3.34,G
SP_000181,1018,0.0,G
SP_000181,1095,3.13,MG
SP_000181,1178,0.0,UG
SP_000181,1110,0.0,IU
SP_000181,1098,0.45,MG
SP_000181,1106,6.0,UG
SP_000181,1263,0.0,G
SP_000181,1004,56.98,G
SP_000181,1221,0.808,G
SP_000181,1062,2561.0,kJ
SP_000181,1271,0.0,G
SP_000181,1275,0.0,G
SP_000181,1170,0.633,MG
SP_000181,1223,3.096,G
SP_000181,1216,0.484,G
SP_000181,1210,0.366,G
SP_000181,1253,0.0,MG
SP_000181,1225,1.508,G
SP_000181,1260,0.0,G
SP_000181,1093,1.0,MG
SP_000181,1215,0.611,G
SP_000181,1227,1.64,G
SP_000181,1266,0.425,G
SP_000181,1114,0.0,UG
SP_000181,1167,1.045,MG
SP_000181,1276,0.0,G
SP_000181,1101,6.56,MG
SP_000181,1190,66.0,UG
SP_000181,1105,0.0,UG
SP_000181,1259,0.0,G
SP_000181,1292,10.425,G
SP_000181,1103,17.2,UG
SP_000181,1175,0.56,MG
SP_000181,1261,0.0,G
SP_000181,1104,124.0,IU
SP_000181,1265,0.872,G
SP_000181,1279,0.0,G
SP_000181,1278,0.0,G
SP_000181,1005,12.05,G
SP_000181,1222,1.372,G
SP_000181,1177,66.0,UG
SP_000181,1162,3.2,MG
SP_000181,1003,24.9,G
SP_000181,1187,66.0,UG
SP_000181,1090,237.0,MG
SP_000181,1277,0.0,G
SP_000181,1087,53.0,MG
SP_000181,1218,0.977,G
SP_000181,1089,4.02,MG
SP_000181,1217,1.442,G
SP_000181,1165,0.383,MG
SP_000181,1220,4.862,G
SP_000181,1211,0.94,G
SP_000181,1186,0.0,UG
SP_000181,1280,0.0,G
SP_000181,1293,42.741,G
SP_000181,1007,2.73,G
SP_000181,1219,1.541,G
SP_000210,1098,0.073,MG
SP_000210,1225,0.893,G
SP_000210,1263,0.017,G
SP_000210,1051,63.55,G
SP_000210,1120,0.0,UG
SP_000210,1108,0.0,UG
SP_000210,1215,0.551,G
SP_000210,1265,2.125,G
SP_000210,1057,0.0,MG
SP_000210,1004,13.89,G
SP_000210,1242,0.0,MG
SP_000210,1222,1.125,G
SP_000210,1104,167.0,IU
SP_000210,1216,0.199,G
SP_000210,1271,0.183,G
SP_000210,1292,5.456,G
SP_000210,1185,5.0,UG
SP_000210,1218,0.628,G
SP_000210,1093,90.0,MG
SP_000210,1008,205.0,KCAL
SP_000210,1262,0.0,G
SP_000210,1217,0.726,G
SP_000210,1167,9.08,MG
SP_000210,1005,0.0,G
SP_000210,1280,0.212,G
SP_000210,1105,50.0,UG
SP_000210,1278,0.898,G
SP_000210,1175,0.399,MG
SP_000210,1122,0.0,UG
SP_000210,1223,1.905,G
SP_000210,1187,1.0,UG
SP_000210,1269,0.219,G
SP_000210,1165,0.176,MG
SP_000210,1221,0.548,G
SP_000210,1210,0.208,G
SP_000210,1109,1.52,MG
SP_000210,1162,0.4,MG
SP_000210,1275,0.727,G
SP_000210,1219,0.958,G
SP_000210,1007,1.35,G
SP_000210,1260,0.0,G
SP_000210,1106,50.0,UG
SP_000210,1253,70.0,MG
SP_000210,1246,0.0,UG
SP_000210,1214,1.708,G
SP_000210,1259,0.0,G
SP_000210,1166,0.312,MG
SP_000210,1212,0.857,G
SP_000210,1224,2.777,G
SP_000210,1107,0.0,UG
SP_000210,1087,12.0,MG
SP_000210,1186,0.0,UG
SP_000210,1062,858.0,kJ
SP_000210,1190,1.0,UG
SP_000210,1279,1.407,G
SP_000210,1276,0.278,G
SP_000210,1112,16.1,UG
SP_000210,1123,0.0,UG
SP_000210,1091,217.0,MG
SP_000210,1177,1.0,UG
SP_000210,1170,0.856,MG
SP_000210,2000,0.0,G
SP_000210,1110,643.0,IU
SP_000210,1272,1.401,G
SP_000210,1277,1.039,G
SP_000210,1258,3.257,G
SP_000210,1227,0.759,G
SP_000210,1101,0.015,MG
SP_000210,1270,0.159,G
SP_000210,1220,1.113,G
SP_000210,1079,0.0,G
SP_000210,1213,1.512,G
SP_000210,1180,65.0,MG
SP_000210,1266,0.423,G
SP_000210,1114,16.1,UG
SP_000210,1226,0.658,G
SP_000210,1103,44.1,UG
SP_000210,1095,0.63,MG
SP_000210,1261,0.0,G
SP_000210,1003,18.6,G
SP_000210,1018,0.0,G
SP_000210,1089,1.63,MG
SP_000210,1058,0.0,MG
SP_000210,1090,76.0,MG
SP_000210,1264,0.674,G
SP_000210,1293,3.35,G
SP_000210,1092,314.0,MG
SP_000210,1211,0.815,G
SP_000210,1268,2.283,G
SP_000210,1178,8.71,UG
SP_000218,1265,0.357,G
SP_000218,1261,0.0,G
SP_000218,1187,10.0,UG
SP_000218,1079,0.0,G
SP_000218,1190,10.0,UG
SP_000218,1215,0.213,G
SP_000218,1091,162.0,MG
SP_000218,1178,16.0,UG
SP_000218,1221,0.181,G
SP_000218,1253,50.0,MG
SP_000218,1005,4.95,G
SP_000218,1105,81.0,UG
SP_000218,1095,16.62,MG
SP_000218,1264,0.082,G
SP_000218,1277,0.0,G
SP_000218,1222,0.572,G
SP_000218,1268,0.191,G
SP_000218,1218,0.302,G
SP_000218,1106,81.0,UG
SP_000218,1170,0.5,MG
SP_000218,1213,0.665,G
SP_000218,1227,0.423,G
SP_000218,1093,106.0,MG
SP_000218,1224,1.285,G
SP_000218,1051,82.06,G
SP_000218,1214,0.706,G
SP_000218,1292,0.358,G
SP_000218,1270,0.032,G
SP_000218,1223,0.912,G
SP_000218,1092,168.0,MG
SP_000218,1219,0.413,G
SP_000218,1210,0.106,G
SP_000218,1104,270.0,IU
SP_000218,1226,0.386,G
SP_000218,1269,0.032,G
SP_000218,1089,5.11,MG
SP_000218,1266,0.071,G
SP_000218,1101,0.643,MG
SP_000218,1279,0.053,G
SP_000218,1216,0.124,G
SP_000218,1278,0.438,G
SP_000218,1162,8.0,MG
SP_000218,1260,0.0,G
SP_000218,1175,0.05,MG
SP_000218,1103,77.0,UG
SP_000218,1186,0.0,UG
SP_000218,1263,0.0,G
SP_000218,1087,8.0,MG
SP_000218,1167,2.01,MG
SP_000218,1271,0.038,G
SP_000218,1258,0.51,G
SP_000218,1276,0.084,G
SP_000218,1003,9.45,G
SP_000218,1220,0.689,G
SP_000218,1018,0.0,G
SP_000218,1259,0.0,G
SP_000218,1272,0.25,G
SP_000218,1165,0.067,MG
SP_000218,1275,0.114,G
SP_000218,1090,22.0,MG
SP_000218,1212,0.411,G
SP_000218,1007,1.23,G
SP_000218,1262,0.0,G
SP_000218,1062,339.0,kJ
SP_000218,1211,0.407,G
SP_000218,1280,0.02,G
SP_000218,1293,0.894,G
SP_000218,1217,0.339,G
SP_000218,1008,81.0,KCAL
SP_000218,1225,0.591,G
SP_000218,1177,10.0,UG
SP_000218,1004,2.3,G
SP_000218,1098,1.576,MG
SP_000218,1166,0.233,MG
SP_000250,1103,63.6,UG
SP_000250,1264,0.01,G
SP_000250,1057,0.0,MG
SP_000250,1215,0.413,G
SP_000250,1109,0.87,MG
SP_000250,1013,0.0,G
SP_000250,1062,324.0,kJ
SP_000250,1267,0.004,G
SP_000250,1260,0.0,G
SP_000250,1170,1.449,MG
SP_000250,1313,0.006,G
SP_000250,1110,1.0,IU
SP_000250,1079,0.0,G
SP_000250,1312,0.001,G
SP_000250,1098,1.349,MG
SP_000250,1018,0.0,G
SP_000250,1167,1.591,MG
SP_000250,1218,0.586,G
SP_000250,1276,0.002,G
SP_000250,1411,0.002,G
SP_000250,1274,0.0,G
SP_000250,1217,0.68,G
SP_000250,1299,0.005,G
SP_000250,1213,1.197,G
SP_000250,1323,0.003,G
SP_000250,1265,0.11,G
SP_000250,1301,0.0,G
SP_000250,1099,10.6,UG
SP_000250,1259,0.0,G
SP_000250,1279,0.002,G
SP_000250,1263,0.002,G
SP_000250,1120,0.0,UG
SP_000250,1101,0.056,MG
SP_000250,1219,0.741,G
SP_000250,1190,10.0,UG
SP_000250,1183,0.0,UG
SP_000250,1105,1.0,UG
SP_000250,1275,0.03,G
SP_000250,1268,0.157,G
SP_000250,1004,0.75,G
SP_000250,1106,1.0,UG
SP_000250,1269,0.033,G
SP_000250,1271,0.026,G
SP_000250,1270,0.043,G
SP_000250,1180,70.3,MG
SP_000250,1222,0.878,G
SP_000250,1008,77.0,KCAL
SP_000250,1185,0.0,UG
SP_000250,1220,1.524,G
SP_000250,1093,423.0,MG
SP_000250,1292,0.22,G
SP_000250,1178,1.25,UG
SP_000250,1273,0.001,G
SP_000250,1226,0.741,G
SP_000250,1258,0.181,G
SP_000250,1225,1.102,G
SP_000250,1108,0.0,UG
SP_000250,1325,0.01,G
SP_000250,1187,10.0,UG
SP_000250,1272,0.068,G
SP_000250,1107,0.0,UG
SP_000250,1224,2.437,G
SP_000250,1210,0.215,G
SP_000250,1186,0.0,UG
SP_000250,1009,0.0,G
SP_000250,1003,16.52,G
SP_000250,1007,1.88,G
SP_000250,1112,0.0,UG
SP_000250,1123,0.0,UG
SP_000250,1223,1.602,G
SP_000250,1246,0.0,UG
SP_000250,1278,0.102,G
SP_000250,1221,0.413,G
SP_000250,1092,200.0,MG
SP_000250,1095,3.53,MG
SP_000250,1012,0.0,G
SP_000250,1266,0.045,G
SP_000250,1277,0.027,G
SP_000250,1014,0.0,G
SP_000250,1184,0.0,UG
SP_000250,1227,0.637,G
SP_000250,1175,0.104,MG
SP_000250,1212,0.723,G
SP_000250,1261,0.0,G
SP_000250,1257,0.011,G
SP_000250,1162,0.0,MG
SP_000250,1242,0.0,MG
SP_000250,2000,0.0,G
SP_000250,1300,0.004,G
SP_000250,1005,0.0,G
SP_000250,1122,0.0,UG
SP_000250,1011,0.0,G
SP_000250,1091,161.0,MG
SP_000250,1058,0.0,MG
SP_000250,1280,0.006,G
SP_000250,1165,0.02,MG
SP_000250,1253,127.0,MG
SP_000250,1010,0.0,G
SP_000250,1262,0.0,G
SP_000250,1166,0.014,MG
SP_000250,1177,10.0,UG
SP_000250,1333,0.0,G
SP_000250,1087,84.0,MG
SP_000250,1214,1.24,G
SP_000250,1211,0.654,G
SP_000250,1104,4.0,IU
SP_000250,1051,80.95,G
SP_000250,1293,0.296,G
SP_000250,1075,0.0,G
SP_000250,1089,0.26,MG
SP_000250,1090,38.0,MG
SP_000250,1114,0.0,UG
SP_000250,1216,0.181,G
SP_000258,1007,1.0,G
SP_000258,1008,72.0,KCAL
SP_000258,1219,0.696,G
SP_000258,1005,0.0,G
SP_000258,1167,1.867,MG
SP_000258,1175,0.076,MG
SP_000258,1266,0.044,G
SP_000258,1280,0.005,G
SP_000258,1079,0.0,G
SP_000258,1277,0.005,G
SP_000258,1258,0.163,G
SP_000258,1265,0.103,G
SP_000258,1221,0.302,G
SP_000258,1062,301.0,kJ
SP_000258,1190,30.0,UG
SP_000258,1162,0.5,MG
SP_000258,1105,15.0,UG
SP_000258,1292,0.178,G
SP_000258,1165,0.045,MG
SP_000258,1225,0.893,G
SP_000258,1279,0.002,G
SP_000258,1090,30.0,MG
SP_000258,1224,2.528,G
SP_000258,1170,0.57,MG
SP_000258,1293,0.313,G
SP_000258,1089,0.55,MG
SP_000258,1264,0.002,G
SP_000258,1051,84.05,G
SP_000258,1106,15.0,UG
SP_000258,1187,30.0,UG
SP_000258,1092,261.0,MG
SP_000258,1275,0.031,G
SP_000258,1091,218.0,MG
SP_000258,1213,1.176,G
SP_000258,1214,1.29,G
SP_000258,1212,0.718,G
SP_000258,1278,0.117,G
SP_000258,1178,2.1,UG
SP_000258,1104,50.0,IU
SP_000258,1186,0.0,UG
SP_000258,1093,62.0,MG
SP_000258,1272,0.027,G
SP_000258,1166,0.032,MG
SP_000258,1095,1.01,MG
SP_000258,1098,0.237,MG
SP_000258,1271,0.05,G
SP_000258,1222,0.839,G
SP_000258,1101,0.146,MG
SP_000258,1004,0.97,G
SP_000258,1210,0.207,G
SP_000258,1276,0.005,G
SP_000258,1087,25.0,MG
SP_000258,1211,0.599,G
SP_000258,1227,0.584,G
SP_000258,1218,0.494,G
SP_000258,1253,107.0,MG
SP_000258,1268,0.134,G
SP_000258,1216,0.166,G
SP_000258,1269,0.076,G
SP_000258,1103,28.4,UG
SP_000258,1003,14.85,G
SP_000258,1177,30.0,UG
SP_000258,1226,0.489,G
SP_000258,1270,0.025,G
SP_000258,1215,0.418,G
SP_000258,1220,1.295,G
SP_000258,1223,1.533,G
SP_000258,1217,0.625,G
SP_000275,1211,0.741,G
SP_000275,1105,7.0,UG
SP_000275,1170,0.35,MG
SP_000275,1162,7.0,MG
SP_000275,1092,204.0,MG
SP_000275,1104,24.0,IU
SP_000275,1218,0.609,G
SP_000275,1098,0.922,MG
SP_000275,1214,1.592,G
SP_000275,1217,0.773,G
SP_000275,1187,44.0,UG
SP_000275,1177,44.0,UG
SP_000275,1008,84.0,KCAL
SP_000275,1090,49.0,MG
SP_000275,1253,42.0,MG
SP_000275,1095,5.95,MG
SP_000275,1213,1.452,G
SP_000275,1091,219.0,MG
SP_000275,1167,1.1,MG
SP_000275,1051,79.57,G
SP_000275,1062,351.0,kJ
SP_000275,1210,0.255,G
SP_000275,1004,0.6,G
SP_000275,1089,0.59,MG
SP_000275,1106,7.0,UG
SP_000275,1007,1.8,G
SP_000275,1226,0.603,G
SP_000275,1222,1.036,G
SP_000275,1221,0.372,G
SP_000275,1003,18.29,G
SP_000275,1178,9.0,UG
SP_000275,1166,0.043,MG
SP_000275,1087,46.0,MG
SP_000275,1093,836.0,MG
SP_000275,1079,0.0,G
SP_000275,1101,0.035,MG
SP_000275,1212,0.887,G
SP_000275,1175,0.15,MG
SP_000275,1293,0.13,G
SP_000275,1103,36.4,UG
SP_000275,1186,0.0,UG
SP_000275,1224,3.12,G
SP_000275,1225,1.103,G
SP_000275,1005,0.0,G
SP_000275,1258,0.09,G
SP_000275,1223,1.891,G
SP_000275,1219,0.861,G
SP_000275,1220,1.598,G
SP_000275,1292,0.08,G
SP_000275,1215,0.515,G
SP_000275,1216,0.205,G
SP_000275,1165,0.043,MG
SP_000275,1190,44.0,UG
SP_000275,1227,0.72,G
SP_000277,1273,0.001,G
SP_000277,1331,0.008,G
SP_000277,1165,0.137,MG
SP_000277,1260,0.0,G
SP_000277,1062,458.0,kJ
SP_000277,1404,0.049,G
SP_000277,1266,0.113,G
SP_000277,1272,0.252,G
SP_000277,1095,0.55,MG
SP_000277,1292,0.815,G
SP_000277,1317,0.003,G
SP_000277,1258,0.595,G
SP_000277,1261,0.0,G
SP_000277,1167,5.293,MG
SP_000277,1178,2.77,UG
SP_000277,1323,0.009,G
SP_000277,1092,417.0,MG
SP_000277,1305,0.0,G
SP_000277,1253,60.0,MG
SP_000277,1008,110.0,KCAL
SP_000277,1265,0.397,G
SP_000277,1311,0.003,G
SP_000277,1314,0.194,G
SP_000277,1303,0.006,G
SP_000277,1005,0.0,G
SP_000277,1306,0.006,G
SP_000277,1263,0.006,G
SP_000277,1313,0.013,G
SP_000277,1276,0.013,G
SP_000277,1279,0.003,G
SP_000277,1089,0.38,MG
SP_000277,1101,0.018,MG
SP_000277,1259,0.0,G
SP_000277,1091,246.0,MG
SP_000277,1269,0.214,G
SP_000277,1321,0.0,G
SP_000277,1312,0.007,G
SP_000277,1262,0.005,G
SP_000277,1325,0.024,G
SP_000277,1315,0.554,G
SP_000277,1098,0.045,MG
SP_000277,1299,0.008,G
SP_000277,1275,0.2,G
SP_000277,1093,45.0,MG
SP_000277,1405,0.005,G
SP_000277,1051,75.67,G
SP_000277,1166,0.101,MG
SP_000277,1274,0.006,G
SP_000277,1300,0.009,G
SP_000277,1329,0.011,G
SP_000277,1409,0.002,G
SP_000277,1316,0.205,G
SP_000277,1278,0.069,G
SP_000277,1268,0.559,G
SP_000277,1271,0.09,G
SP_000277,1304,0.005,G
SP_000277,1004,2.73,G
SP_000277,1280,0.033,G
SP_000277,1411,0.013,G
SP_000277,1270,0.052,G
SP_000277,1293,0.772,G
SP_000277,1003,21.23,G
SP_000277,1090,28.0,MG
SP_000277,1406,0.019,G
SP_000277,1301,0.002,G
SP_000277,1264,0.049,G
SP_000277,1333,0.0,G
SP_000277,1007,1.32,G
SP_000277,1087,25.0,MG
SP_000277,1277,0.032,G
SP_000277,1267,0.004,G
SP_000277,1175,0.273,MG
SP_000277,1257,0.019,G
SP_000427,1187,1.0,UG
SP_000427,1008,15.0,KCAL
SP_000427,1092,67.0,MG
SP_000427,1109,6.33,MG
SP_000427,1062,65.0,kJ
SP_000427,1087,184.0,MG
SP_000427,1111,0.0,UG
SP_000427,1259,0.0,G
SP_000427,1314,0.005,G
SP_000427,1265,0.066,G
SP_000427,1091,9.0,MG
SP_000427,1304,0.0,G
SP_000427,1101,0.04,MG
SP_000427,1303,0.0,G
SP_000427,1333,0.0,G
SP_000427,2000,0.81,G
SP_000427,1321,0.0,G
SP_000427,1103,0.1,UG
SP_000427,1300,0.0,G
SP_000427,1186,0.0,UG
SP_000427,1270,0.0,G
SP_000427,1301,0.0,G
SP_000427,1079,0.2,G
SP_000427,1003,0.4,G
SP_000427,1406,0.0,G
SP_000427,1018,0.0,G
SP_000427,1106,0.0,UG
SP_000427,1268,0.563,G
SP_000427,1312,0.0,G
SP_000427,1260,0.0,G
SP_000427,1242,6.33,MG
SP_000427,1004,0.96,G
SP_000427,1329,0.0,G
SP_000427,1185,0.0,UG
SP_000427,1277,0.0,G
SP_000427,1272,0.0,G
SP_000427,1126,0.32,MG
SP_000427,1098,0.02,MG
SP_000427,1279,0.0,G
SP_000427,1104,0.0,IU
SP_000427,1275,0.005,G
SP_000427,1012,0.0,G
SP_000427,1411,0.0,G
SP_000427,1317,0.0,G
SP_000427,1175,0.0,MG
SP_000427,1316,0.252,G
SP_000427,1167,0.07,MG
SP_000427,1278,0.0,G
SP_000427,1090,6.0,MG
SP_000427,1263,0.0,G
SP_000427,1166,0.01,MG
SP_000427,1404,0.0,G
SP_000427,1114,1.0,UG
SP_000427,1257,0.0,G
SP_000427,1165,0.0,MG
SP_000427,1246,0.0,UG
SP_000427,1325,0.0,G
SP_000427,1190,1.0,UG
SP_000427,1112,1.0,UG
SP_000427,1093,72.0,MG
SP_000427,1107,0.0,UG
SP_000427,1178,0.0,UG
SP_000427,1007,0.79,G
SP_000427,1089,0.28,MG
SP_000427,1057,0.0,MG
SP_000427,1005,1.31,G
SP_000427,1122,0.0,UG
SP_000427,1305,0.0,G
SP_000427,1266,0.019,G
SP_000427,1271,0.0,G
SP_000427,1129,0.0,MG
SP_000427,1292,0.59,G
SP_000427,1108,0.0,UG
SP_000427,1299,0.002,G
SP_000427,1405,0.0,G
SP_000427,1170,0.01,MG
SP_000427,1058,0.0,MG
SP_000427,1274,0.0,G
SP_000427,1051,96.54,G
SP_000427,1258,0.08,G
SP_000427,1323,0.001,G
SP_000427,1198,0.0,MG
SP_000427,1315,0.563,G
SP_000427,1280,0.0,G
SP_000427,1013,0.0,G
SP_000427,1010,0.81,G
SP_000427,1105,0.0,UG
SP_000427,1127,0.13,MG
SP_000427,1261,0.0,G
SP_000427,1011,0.0,G
SP_000427,1162,0.0,MG
SP_000427,1183,0.0,UG
SP_000427,1184,0.1,UG
SP_000427,1125,0.12,MG
SP_000427,1276,0.0,G
SP_000427,1009,0.07,G
SP_000427,1110,41.0,IU
SP_000427,1269,0.252,G
SP_000427,1253,0.0,MG
SP_000427,1262,0.0,G
SP_000427,1264,0.003,G
SP_000427,1128,0.0,MG
SP_000427,1014,0.0,G
SP_000427,1267,0.001,G
SP_000427,1120,0.0,UG
SP_000427,1311,0.0,G
SP_000427,1313,0.0,G
SP_000427,1130,0.0,MG
SP_000427,1331,0.0,G
SP_000427,1180,3.1,MG
SP_000427,1409,0.0,G
SP_000427,1306,0.0,G
SP_000427,1293,0.24,G
SP_000427,1095,0.06,MG
SP_000427,1131,0.0,MG
SP_000427,1075,0.0,G
SP_000427,1273,0.0,G
SP_000427,1123,0.0,UG
SP_000427,1177,1.0,UG
SP_000360,2026,0.000562,G
SP_000360,2025,0.0,G
SP_000360,2024,0.0,G
SP_000360,2023,0.0,G
SP_000360,2022,0.0,G
SP_000360,2020,0.0,G
SP_000360,2018,0.1664,G
SP_000360,2017,0.001125,G
SP_000360,2016,0.9878,G
SP_000360,2010,0.001,G
SP_000360,1331,0.0,G
SP_000360,1329,0.000812,G
SP_000360,1317,0.0,G
SP_000360,1123,8.2245,UG
SP_000360,1122,0.0,UG
SP_000360,1107,0.0,UG
SP_000360,1085,1.8841,G
SP_000360,1063,0.5569,G
SP_000360,1110,27.2,IU
SP_000360,2048,38.485,KCAL
SP_000360,2047,38.485,KCAL
SP_000360,1114,0.681,UG
SP_000360,1106,58.2,UG
SP_000360,1005,1.293125,G
SP_000360,1003,3.546875,G
SP_000360,1119,7.259,UG
SP_000360,1333,0.0,G
SP_000360,1051,92.4,G
SP_000360,2014,0.0,G
SP_000360,1224,0.6194,G
SP_000360,1316,0.9878,G
SP_000360,1292,0.4163,G
SP_000360,1101,0.2077,MG
SP_000360,1004,2.125,G
SP_000360,2050,18.81,MG
SP_000360,1128,0.0,MG
SP_000360,2049,12.91,MG
SP_000360,2021,0.0,G
SP_000360,2003,0.0,G
SP_000360,1305,0.0,G
SP_000360,1007,0.635,G
SP_000360,1217,0.175,G
SP_000360,1161,0.9655,UG
SP_000360,1215,0.04625,G
SP_000360,1120,0.0,UG
SP_000360,1160,0.0,UG
SP_000360,1259,0.0,G
SP_000360,1220,0.2688,G
SP_000360,2004,0.0,G
SP_000360,1273,0.00675,G
SP_000360,2032,0.0,UG
SP_000360,2005,0.0,G
SP_000360,1227,0.1675,G
SP_000360,1225,0.1413,G
SP_000360,1126,1.42,MG
SP_000360,2015,0.0,G
SP_000360,1095,0.3118,MG
SP_000360,1266,0.07281,G
SP_000360,1002,0.5675,G
SP_000360,1211,0.1281,G
SP_000360,1276,0.0,G
SP_000360,2028,0.0,UG
SP_000360,1076,0.06653,G
SP_000360,1130,0.0,MG
SP_000360,1166,0.084,MG
SP_000360,1012,0.0,G
SP_000360,1411,0.0,G
SP_000360,1304,0.000812,G
SP_000360,1299,0.001688,G
SP_000360,1112,0.0,UG
SP_000360,1125,0.0,MG
SP_000360,1105,58.23,UG
SP_000360,1159,0.0,UG
SP_000360,1013,0.0,G
SP_000360,1414,0.0,G
SP_000360,1335,0.0,G
SP_000360,2029,0.0,UG
SP_000360,1315,0.4092,G
SP_000360,1222,0.1394,G
SP_000360,1102,58.38,UG
SP_000360,1261,0.0,G
SP_000360,1260,0.0,G
SP_000360,2009,0.0,G
SP_000360,1340,0.4569,MG
SP_000360,2013,0.0,G
SP_000360,1278,0.0,G
SP_000360,1108,0.0,UG
SP_000360,1272,0.0,G
SP_000360,1011,0.0,G
SP_000360,1306,0.001125,G
SP_000360,1341,0.3801,MG
SP_000360,1075,0.0,G
SP_000360,1098,0.1078,MG
SP_000360,1232,0.0575,G
SP_000360,1087,101.0,MG
SP_000360,1091,68.65,MG
SP_000360,1223,0.3963,G
SP_000360,1014,0.0,G
SP_000360,1176,3.338,UG
SP_000360,1321,0.0,G
SP_000360,1212,0.145,G
SP_000360,1100,0.0,UG
SP_000360,1079,0.0,G
SP_000360,1267,0.005625,G
SP_000360,1263,0.0,G
SP_000360,1300,0.002,G
SP_000360,1131,0.0,MG
SP_000360,1265,0.2182,G
SP_000360,1226,0.137,G
SP_000360,1314,0.001938,G
SP_000360,1312,0.0,G
SP_000360,1127,0.8742,MG
SP_000360,1334,0.0,G
SP_000360,2051,1.365,MG
SP_000360,1210,0.04625,G
SP_000360,1111,0.6814,UG
SP_000360,1404,0.1664,G
SP_000360,1167,0.2356,MG
SP_000360,1118,0.0,UG
SP_000360,1092,158.2,MG
SP_000360,1313,0.000562,G
SP_000360,1406,0.0,G
SP_000360,1109,0.1557,MG
SP_000360,1077,0.4344,G
SP_000360,1293,1.154,G
SP_000360,1303,0.0,G
SP_000360,1258,0.3138,G
SP_000360,1103,1.942,UG
SP_000360,1257,0.0,G
SP_000360,1213,0.2494,G
SP_000360,1214,0.2206,G
SP_000360,1271,0.0,G
SP_000360,1264,0.003813,G
SP_000360,1129,0.0,MG
SP_000360,2063,0.02625,G
SP_000360,1178,0.3931,UG
SP_000360,1089,0.5416,MG
SP_000360,2008,0.0,G
SP_000360,1093,34.28,MG
SP_000360,1228,0.0,G
SP_000360,1177,19.69,UG
SP_000360,1010,0.5569,G
SP_000360,2019,0.0,G
SP_000360,1175,0.05525,MG
SP_000360,1301,0.002313,G
SP_000360,1323,0.001,G
SP_000360,2012,0.004813,G
SP_000360,1218,0.1238,G
SP_000360,1405,0.0,G
SP_000360,1311,0.0,G
SP_000360,1280,0.0,G
SP_000360,1090,21.54,MG
SP_000360,1221,0.0975,G
SP_000360,1281,0.0,G
SP_000360,1219,0.1419,G
SP_000360,2006,0.0,G
SP_000360,2007,0.0,G
SP_000360,1165,0.06319,MG
SP_000360,1262,0.0,G
SP_000376,2026,0.000562,G
SP_000376,2025,0.0,G
SP_000376,2024,0.0,G
SP_000376,2023,0.0,G
SP_000376,2022,0.0,G
SP_000376,2020,0.0,G
SP_000376,2018,0.1664,G
SP_000376,2017,0.001125,G
SP_000376,2016,0.9878,G
SP_000376,2010,0.001,G
SP_000376,1331,0.0,G
SP_000376,1329,0.000812,G
SP_000376,1317,0.0,G
SP_000376,1123,8.2245,UG
SP_000376,1122,0.0,UG
SP_000376,1107,0.0,UG
SP_000376,1085,1.8841,G
SP_000376,1063,0.5569,G
SP_000376,1110,27.2,IU
SP_000376,2048,38.485,KCAL
SP_000376,2047,38.485,KCAL
SP_000376,1114,0.681,UG
SP_000376,1106,58.2,UG
SP_000376,1005,1.293125,G
SP_000376,1003,3.546875,G
SP_000376,1119,7.259,UG
SP_000376,1333,0.0,G
SP_000376,1051,92.4,G
SP_000376,2014,0.0,G
SP_000376,1224,0.6194,G
SP_000376,1316,0.9878,G
SP_000376,1292,0.4163,G
SP_000376,1101,0.2077,MG
SP_000376,1004,2.125,G
SP_000376,2050,18.81,MG
SP_000376,1128,0.0,MG
SP_000376,2049,12.91,MG
SP_000376,2021,0.0,G
SP_000376,2003,0.0,G
SP_000376,1305,0.0,G
SP_000376,1007,0.635,G
SP_000376,1217,0.175,G
SP_000376,1161,0.9655,UG
SP_000376,1215,0.04625,G
SP_000376,1120,0.0,UG
SP_000376,1160,0.0,UG
SP_000376,1259,0.0,G
SP_000376,1220,0.2688,G
SP_000376,2004,0.0,G
SP_000376,1273,0.00675,G
SP_000376,2032,0.0,UG
SP_000376,2005,0.0,G
SP_000376,1227,0.1675,G
SP_000376,1225,0.1413,G
SP_000376,1126,1.42,MG
SP_000376,2015,0.0,G
SP_000376,1095,0.3118,MG
SP_000376,1266,0.07281,G
SP_000376,1002,0.5675,G
SP_000376,1211,0.1281,G
SP_000376,1276,0.0,G
SP_000376,2028,0.0,UG
SP_000376,1076,0.06653,G
SP_000376,1130,0.0,MG
SP_000376,1166,0.084,MG
SP_000376,1012,0.0,G
SP_000376,1411,0.0,G
SP_000376,1304,0.000812,G
SP_000376,1299,0.001688,G
SP_000376,1112,0.0,UG
SP_000376,1125,0.0,MG
SP_000376,1105,58.23,UG
SP_000376,1159,0.0,UG
SP_000376,1013,0.0,G
SP_000376,1414,0.0,G
SP_000376,1335,0.0,G
SP_000376,2029,0.0,UG
SP_000376,1315,0.4092,G
SP_000376,1222,0.1394,G
SP_000376,1102,58.38,UG
SP_000376,1261,0.0,G
SP_000376,1260,0.0,G
SP_000376,2009,0.0,G
SP_000376,1340,0.4569,MG
SP_000376,2013,0.0,G
SP_000376,1278,0.0,G
SP_000376,1108,0.0,UG
SP_000376,1272,0.0,G
SP_000376,1011,0.0,G
SP_000376,1306,0.001125,G
SP_000376,1341,0.3801,MG
SP_000376,1075,0.0,G
SP_000376,1098,0.1078,MG
SP_000376,1232,0.0575,G
SP_000376,1087,101.0,MG
SP_000376,1091,68.65,MG
SP_000376,1223,0.3963,G
SP_000376,1014,0.0,G
SP_000376,1176,3.338,UG
SP_000376,1321,0.0,G
SP_000376,1212,0.145,G
SP_000376,1100,0.0,UG
SP_000376,1079,0.0,G
SP_000376,1267,0.005625,G
SP_000376,1263,0.0,G
SP_000376,1300,0.002,G
SP_000376,1131,0.0,MG
SP_000376,1265,0.2182,G
SP_000376,1226,0.137,G
SP_000376,1314,0.001938,G
SP_000376,1312,0.0,G
SP_000376,1127,0.8742,MG
SP_000376,1334,0.0,G
SP_000376,2051,1.365,MG
SP_000376,1210,0.04625,G
SP_000376,1111,0.6814,UG
SP_000376,1404,0.1664,G
SP_000376,1167,0.2356,MG
SP_000376,1118,0.0,UG
SP_000376,1092,158.2,MG
SP_000376,1313,0.000562,G
SP_000376,1406,0.0,G
SP_000376,1109,0.1557,MG
SP_000376,1077,0.4344,G
SP_000376,1293,1.154,G
SP_000376,1303,0.0,G
SP_000376,1258,0.3138,G
SP_000376,1103,1.942,UG
SP_000376,1257,0.0,G
SP_000376,1213,0.2494,G
SP_000376,1214,0.2206,G
SP_000376,1271,0.0,G
SP_000376,1264,0.003813,G
SP_000376,1129,0.0,MG
SP_000376,2063,0.02625,G
SP_000376,1178,0.3931,UG
SP_000376,1089,0.5416,MG
SP_000376,2008,0.0,G
SP_000376,1093,34.28,MG
SP_000376,1228,0.0,G
SP_000376,1177,19.69,UG
SP_000376,1010,0.5569,G
SP_000376,2019,0.0,G
SP_000376,1175,0.05525,MG
SP_000376,1301,0.002313,G
SP_000376,1323,0.001,G
SP_000376,2012,0.004813,G
SP_000376,1218,0.1238,G
SP_000376,1405,0.0,G
SP_000376,1311,0.0,G
SP_000376,1280,0.0,G
SP_000376,1090,21.54,MG
SP_000376,1221,0.0975,G
SP_000376,1281,0.0,G
SP_000376,1219,0.1419,G
SP_000376,2006,0.0,G
SP_000376,2007,0.0,G
SP_000376,1165,0.06319,MG
SP_000376,1262,0.0,G
SP_000428,1062,962.0,kJ
SP_000428,1258,21.14,G
SP_000428,1217,0.116,G
SP_000428,1218,0.071,G
SP_000428,1110,0.0,IU
SP_000428,1162,2.8,MG
SP_000428,1275,0.0,G
SP_000428,1090,37.0,MG
SP_000428,1166,0.0,MG
SP_000428,1186,0.0,UG
SP_000428,1266,1.234,G
SP_000428,1227,0.118,G
SP_000428,1211,0.083,G
SP_000428,1008,230.0,KCAL
SP_000428,1101,0.916,MG
SP_000428,1089,1.64,MG
SP_000428,1246,0.0,UG
SP_000428,1095,0.67,MG
SP_000428,1277,0.0,G
SP_000428,1120,0.0,UG
SP_000428,1223,0.224,G
SP_000428,1261,1.67,G
SP_000428,1092,263.0,MG
SP_000428,1215,0.043,G
SP_000428,1272,0.0,G
SP_000428,1219,0.139,G
SP_000428,1264,4.176,G
SP_000428,1271,0.0,G
SP_000428,1222,0.117,G
SP_000428,1224,0.524,G
SP_000428,1190,16.0,UG
SP_000428,1103,6.2,UG
SP_000428,1292,1.014,G
SP_000428,1093,15.0,MG
SP_000428,1165,0.026,MG
SP_000428,1280,0.0,G
SP_000428,1216,0.045,G
SP_000428,1106,0.0,UG
SP_000428,1057,0.0,MG
SP_000428,1098,0.266,MG
SP_000428,1003,2.29,G
SP_000428,1260,0.136,G
SP_000428,1278,0.0,G
SP_000428,1178,0.0,UG
SP_000428,1221,0.053,G
SP_000428,1051,67.62,G
SP_000428,1210,0.027,G
SP_000428,1004,23.84,G
SP_000428,1263,10.576,G
SP_000428,1213,0.17,G
SP_000428,1226,0.095,G
SP_000428,1253,0.0,MG
SP_000428,1175,0.033,MG
SP_000428,1293,0.261,G
SP_000428,1180,8.5,MG
SP_000428,1104,0.0,IU
SP_000428,1276,0.0,G
SP_000428,1283,1.0,MG
SP_000428,1018,0.0,G
SP_000428,1279,0.0,G
SP_000428,1108,0.0,UG
SP_000428,1005,5.54,G
SP_000428,1270,0.0,G
SP_000428,1269,0.261,G
SP_000428,1225,0.108,G
SP_000428,1107,0.0,UG
SP_000428,1212,0.09,G
SP_000428,2000,3.34,G
SP_000428,1123,0.0,UG
SP_000428,1091,100.0,MG
SP_000428,1122,0.0,UG
SP_000428,1187,16.0,UG
SP_000428,1177,16.0,UG
SP_000428,1105,0.0,UG
SP_000428,1087,16.0,MG
SP_000428,1167,0.76,MG
SP_000428,1242,0.0,MG
SP_000428,1268,1.014,G
SP_000428,1259,0.0,G
SP_000428,1079,2.2,G
SP_000428,1262,1.327,G
SP_000428,1058,0.0,MG
SP_000428,1114,0.0,UG
SP_000428,1170,0.183,MG
SP_000428,1109,0.15,MG
SP_000428,1214,0.101,G
SP_000428,1220,0.376,G
SP_000428,1185,0.1,UG
SP_000428,1265,2.021,G
SP_000428,1007,0.72,G
SP_000334,1087,116.0,MG
SP_000334,1222,0.112,G
SP_000334,1162,1.0,MG
SP_000334,1129,0.0,MG
SP_000334,1008,40.0,KCAL
SP_000334,1166,0.154,MG
SP_000334,1272,0.0,G
SP_000334,1185,0.1,UG
SP_000334,1170,0.275,MG
SP_000334,1105,13.0,UG
SP_000334,1104,47.0,IU
SP_000334,1109,0.05,MG
SP_000334,1275,0.02,G
SP_000334,1175,0.034,MG
SP_000334,1131,0.0,MG
SP_000334,1278,0.0,G
SP_000334,1103,2.0,UG
SP_000334,1258,0.66,G
SP_000334,1165,0.034,MG
SP_000334,1058,0.0,MG
SP_000334,1220,0.095,G
SP_000334,1123,0.0,UG
SP_000334,1214,0.277,G
SP_000334,1130,0.0,MG
SP_000334,1276,0.0,G
SP_000334,1187,5.0,UG
SP_000334,1108,0.0,UG
SP_000334,1167,0.058,MG
SP_000334,1225,0.066,G
SP_000334,1223,0.283,G
SP_000334,1091,89.0,MG
SP_000334,1264,0.089,G
SP_000334,1092,151.0,MG
SP_000334,1177,5.0,UG
SP_000334,1293,0.033,G
SP_000334,1093,148.0,MG
SP_000334,1215,0.087,G
SP_000334,1219,0.217,G
SP_000334,1277,0.0,G
SP_000334,1089,0.05,MG
SP_000334,1098,0.011,MG
SP_000334,1224,0.744,G
SP_000334,1269,0.02,G
SP_000334,1062,169.0,kJ
SP_000334,1266,0.107,G
SP_000334,1110,1.0,IU
SP_000334,1186,0.0,UG
SP_000334,1057,0.0,MG
SP_000334,1190,5.0,UG
SP_000334,1018,0.0,G
SP_000334,1216,0.02,G
SP_000334,1051,90.13,G
SP_000334,1112,0.0,UG
SP_000334,1099,4.0,UG
SP_000334,1265,0.231,G
SP_000334,1122,0.0,UG
SP_000334,1262,0.022,G
SP_000334,1114,0.0,UG
SP_000334,1210,0.042,G
SP_000334,1253,4.0,MG
SP_000334,1125,0.02,MG
SP_000334,1270,0.013,G
SP_000334,1217,0.171,G
SP_000334,1095,0.42,MG
SP_000334,1242,0.0,MG
SP_000334,1007,0.89,G
SP_000334,1221,0.1,G
SP_000334,1005,4.79,G
SP_000334,1003,3.31,G
SP_000334,1180,17.7,MG
SP_000334,1279,0.0,G
SP_000334,1227,0.199,G
SP_000334,2000,5.36,G
SP_000334,1246,0.0,UG
SP_000334,1079,0.0,G
SP_000334,1263,0.025,G
SP_000334,1212,0.171,G
SP_000334,1261,0.01,G
SP_000334,1126,0.03,MG
SP_000334,1106,14.0,UG
SP_000334,1211,0.141,G
SP_000334,1090,11.0,MG
SP_000334,1178,0.22,UG
SP_000334,1218,0.167,G
SP_000334,1004,1.07,G
SP_000334,1260,0.017,G
SP_000334,1226,0.326,G
SP_000334,1107,1.0,UG
SP_000334,1259,0.029,G
SP_000334,1271,0.0,G
SP_000334,1120,0.0,UG
SP_000334,1268,0.221,G
SP_000334,1101,0.002,MG
SP_000334,1128,0.0,MG
SP_000334,1127,0.02,MG
SP_000334,1292,0.254,G
SP_000334,1280,0.0,G
SP_000334,1213,0.313,G
SP_000329,1216,0.0,G
SP_000329,1278,0.0,G
SP_000329,1260,0.0,G
SP_000329,1062,3699.0,kJ
SP_000329,1219,0.0,G
SP_000329,1004,100.0,G
SP_000329,1262,0.0,G
SP_000329,1269,2.8,G
SP_000329,1170,0.0,MG
SP_000329,1018,0.0,G
SP_000329,1007,0.0,G
SP_000329,1162,0.0,MG
SP_000329,1224,0.0,G
SP_000329,1186,0.0,UG
SP_000329,1246,0.0,UG
SP_000329,1008,884.0,KCAL
SP_000329,1079,0.0,G
SP_000329,1058,0.0,MG
SP_000329,1223,0.0,G
SP_000329,1217,0.0,G
SP_000329,1104,0.0,IU
SP_000329,2000,0.0,G
SP_000329,1218,0.0,G
SP_000329,1221,0.0,G
SP_000329,1090,0.0,MG
SP_000329,1293,3.0,G
SP_000329,1215,0.0,G
SP_000329,1279,0.0,G
SP_000329,1264,0.1,G
SP_000329,1277,0.0,G
SP_000329,1259,0.0,G
SP_000329,1258,59.7,G
SP_000329,1212,0.0,G
SP_000329,1226,0.0,G
SP_000329,1292,32.9,G
SP_000329,1253,0.0,MG
SP_000329,1280,0.0,G
SP_000329,1275,0.2,G
SP_000329,1283,201.0,MG
SP_000329,1098,0.0,MG
SP_000329,1220,0.0,G
SP_000329,1225,0.0,G
SP_000329,1180,0.3,MG
SP_000329,1210,0.0,G
SP_000329,1167,0.0,MG
SP_000329,1101,0.0,MG
SP_000329,1261,0.0,G
SP_000329,1093,0.0,MG
SP_000329,1185,24.7,UG
SP_000329,1165,0.0,MG
SP_000329,1276,0.0,G
SP_000329,1123,0.0,UG
SP_000329,1107,0.0,UG
SP_000329,1263,0.0,G
SP_000329,1003,0.0,G
SP_000329,1122,0.0,UG
SP_000329,1178,0.0,UG
SP_000329,1242,0.0,MG
SP_000329,1105,0.0,UG
SP_000329,1214,0.0,G
SP_000329,1270,0.1,G
SP_000329,1177,0.0,UG
SP_000329,1187,0.0,UG
SP_000329,1095,0.0,MG
SP_000329,1106,0.0,UG
SP_000329,1268,32.6,G
SP_000329,1175,0.0,MG
SP_000329,1103,0.0,UG
SP_000329,1108,0.0,UG
SP_000329,1057,0.0,MG
SP_000329,1211,0.0,G
SP_000329,1272,0.0,G
SP_000329,1091,0.0,MG
SP_000329,1109,1.8,MG
SP_000329,1213,0.0,G
SP_000329,1051,0.0,G
SP_000329,1120,0.0,UG
SP_000329,1166,0.0,MG
SP_000329,1222,0.0,G
SP_000329,1089,0.0,MG
SP_000329,1087,0.0,MG
SP_000329,1265,25.4,G
SP_000329,1271,0.0,G
SP_000329,1190,0.0,UG
SP_000329,1092,0.0,MG
SP_000329,1266,33.2,G
SP_000329,1005,0.0,G
SP_000329,1227,0.0,G
SP_000293,1242,0.0,MG
SP_000293,1262,0.28,G
SP_000293,1265,3.06,G
SP_000293,1095,0.69,MG
SP_000293,1214,0.258,G
SP_000293,1004,11.0,G
SP_000293,1190,5.0,UG
SP_000293,1178,0.39,UG
SP_000293,1003,3.5,G
SP_000293,1264,1.13,G
SP_000293,1008,207.0,KCAL
SP_000293,1213,0.316,G
SP_000293,1220,0.125,G
SP_000293,1079,0.7,G
SP_000293,1186,0.0,UG
SP_000293,1175,0.048,MG
SP_000293,1098,0.023,MG
SP_000293,1217,0.157,G
SP_000293,1108,0.0,UG
SP_000293,1261,0.12,G
SP_000293,1093,80.0,MG
SP_000293,1051,61.0,G
SP_000293,1005,23.6,G
SP_000293,1099,15.4,UG
SP_000293,1103,1.8,UG
SP_000293,1106,118.0,UG
SP_000293,1274,0.0,G
SP_000293,1253,44.0,MG
SP_000293,1101,0.008,MG
SP_000293,1122,0.0,UG
SP_000293,1210,0.045,G
SP_000293,1090,14.0,MG
SP_000293,1277,0.0,G
SP_000293,1219,0.217,G
SP_000293,1276,0.0,G
SP_000293,1280,0.0,G
SP_000293,1259,0.36,G
SP_000293,1269,0.275,G
SP_000293,1185,0.3,UG
SP_000293,1114,0.2,UG
SP_000293,1162,0.6,MG
SP_000293,1332,0.0,G
SP_000293,1167,0.116,MG
SP_000293,1180,26.0,MG
SP_000293,1299,0.0,G
SP_000293,1271,0.0,G
SP_000293,1278,0.003,G
SP_000293,1224,0.681,G
SP_000293,1170,0.581,MG
SP_000293,1292,2.969,G
SP_000293,1120,0.0,UG
SP_000293,2000,21.22,G
SP_000293,1222,0.121,G
SP_000293,1062,868.0,kJ
SP_000293,1058,0.0,MG
SP_000293,1110,8.0,IU
SP_000293,1112,0.2,UG
SP_000293,1300,0.0,G
SP_000293,1216,0.029,G
SP_000293,1187,5.0,UG
SP_000293,1273,0.0,G
SP_000293,1258,6.79,G
SP_000293,1109,0.3,MG
SP_000293,1091,105.0,MG
SP_000293,1211,0.146,G
SP_000293,1218,0.155,G
SP_000293,1212,0.195,G
SP_000293,1275,0.206,G
SP_000293,1293,0.452,G
SP_000293,1301,0.0,G
SP_000293,1270,0.175,G
SP_000293,1166,0.24,MG
SP_000293,1104,421.0,IU
SP_000293,1227,0.177,G
SP_000293,1087,128.0,MG
SP_000293,1105,116.0,UG
SP_000293,1246,0.0,UG
SP_000293,1225,0.093,G
SP_000293,1267,0.0,G
SP_000293,1221,0.088,G
SP_000293,1215,0.081,G
SP_000293,1279,0.0,G
SP_000293,1165,0.041,MG
SP_000293,1223,0.25,G
SP_000293,1266,1.316,G
SP_000293,1089,0.09,MG
SP_000293,1263,0.31,G
SP_000293,1018,0.0,G
SP_000293,1092,199.0,MG
SP_000293,1272,0.0,G
SP_000293,1123,0.0,UG
SP_000293,1268,2.763,G
SP_000293,1107,19.0,UG
SP_000293,1177,5.0,UG
SP_000293,1057,0.0,MG
SP_000293,1260,0.21,G
SP_000293,1007,0.9,G
SP_000293,1226,0.326,G
SP_000292,1272,0.0,G
SP_000292,1262,0.0,G
SP_000292,1122,0.0,UG
SP_000292,1227,0.0,G
SP_000292,1270,0.0,G
SP_000292,1008,250.0,KCAL
SP_000292,1114,0.0,UG
SP_000292,1292,0.0,G
SP_000292,1062,1046.0,kJ
SP_000292,1005,0.1,G
SP_000292,1276,0.0,G
SP_000292,1277,0.0,G
SP_000292,1217,0.0,G
SP_000292,1170,0.0,MG
SP_000292,1279,0.0,G
SP_000292,1258,0.0,G
SP_000292,1218,0.0,G
SP_000292,2000,0.0,G
SP_000292,1266,0.0,G
SP_000292,1264,0.0,G
SP_000292,1101,0.018,MG
SP_000292,1095,0.04,MG
SP_000292,1175,0.001,MG
SP_000292,1105,0.0,UG
SP_000292,1167,0.013,MG
SP_000292,1216,0.0,G
SP_000292,1220,0.0,G
SP_000292,1246,0.0,UG
SP_000292,1242,0.0,MG
SP_000292,1280,0.0,G
SP_000292,1106,0.0,UG
SP_000292,1098,0.021,MG
SP_000292,1265,0.0,G
SP_000292,1051,63.9,G
SP_000292,1180,0.0,MG
SP_000292,1087,0.0,MG
SP_000292,1109,0.0,MG
SP_000292,1186,0.0,UG
SP_000292,1225,0.0,G
SP_000292,1214,0.0,G
SP_000292,1226,0.0,G
SP_000292,1263,0.0,G
SP_000292,1222,0.0,G
SP_000292,1271,0.0,G
SP_000292,1185,0.0,UG
SP_000292,1162,0.0,MG
SP_000292,1057,0.0,MG
SP_000292,1003,0.0,G
SP_000292,1259,0.0,G
SP_000292,1166,0.004,MG
SP_000292,1212,0.0,G
SP_000292,1257,0.0,G
SP_000292,1187,0.0,UG
SP_000292,1110,0.0,IU
SP_000292,1268,0.0,G
SP_000292,1221,0.0,G
SP_000292,1213,0.0,G
SP_000292,1058,0.0,MG
SP_000292,1211,0.0,G
SP_000292,1260,0.0,G
SP_000292,1269,0.0,G
SP_000292,1223,0.0,G
SP_000292,1123,0.0,UG
SP_000292,1120,0.0,UG
SP_000292,1089,0.04,MG
SP_000292,1293,0.0,G
SP_000292,1091,4.0,MG
SP_000292,1215,0.0,G
SP_000292,1104,0.0,IU
SP_000292,1210,0.0,G
SP_000292,1093,1.0,MG
SP_000292,1190,0.0,UG
SP_000292,1079,0.0,G
SP_000292,1004,0.0,G
SP_000292,1177,0.0,UG
SP_000292,1107,0.0,UG
SP_000292,1224,0.0,G
SP_000292,1092,2.0,MG
SP_000292,1103,0.0,UG
SP_000292,1108,0.0,UG
SP_000292,1165,0.006,MG
SP_000292,1278,0.0,G
SP_000292,1261,0.0,G
SP_000292,1219,0.0,G
SP_000292,1178,0.0,UG
SP_000292,1253,0.0,MG
SP_000292,1090,0.0,MG
SP_000292,1018,36.0,G
SP_000292,1007,0.01,G
SP_000292,1275,0.0,G
SP_000417,1109,14.35,MG
SP_000417,1093,2.0,MG
SP_000417,1211,0.0,G
SP_000417,1058,0.0,MG
SP_000417,1264,0.0,G
SP_000417,1177,0.0,UG
SP_000417,1106,0.0,UG
SP_000417,1170,0.0,MG
SP_000417,1005,0.0,G
SP_000417,1114,0.0,UG
SP_000417,1262,0.0,G
SP_000417,1220,0.0,G
SP_000417,1105,0.0,UG
SP_000417,1051,0.0,G
SP_000417,1184,0.0,UG
SP_000417,1277,0.311,G
SP_000417,1293,10.523,G
SP_000417,1167,0.0,MG
SP_000417,1292,72.961,G
SP_000417,1246,0.0,UG
SP_000417,1215,0.0,G
SP_000417,1185,60.2,UG
SP_000417,1269,9.762,G
SP_000417,1253,0.0,MG
SP_000417,1260,0.0,G
SP_000417,1107,0.0,UG
SP_000417,1175,0.0,MG
SP_000417,1217,0.0,G
SP_000417,1242,0.0,MG
SP_000417,1214,0.0,G
SP_000417,1123,0.0,UG
SP_000417,1089,0.56,MG
SP_000417,1095,0.0,MG
SP_000417,1120,0.0,UG
SP_000417,1323,0.125,G
SP_000417,1087,1.0,MG
SP_000417,1216,0.0,G
SP_000417,1213,0.0,G
SP_000417,1263,0.0,G
SP_000417,1279,0.0,G
SP_000417,1227,0.0,G
SP_000417,1276,0.0,G
SP_000417,1268,71.269,G
SP_000417,2000,0.0,G
SP_000417,1223,0.0,G
SP_000417,1104,0.0,IU
SP_000417,1180,0.3,MG
SP_000417,1186,0.0,UG
SP_000417,1190,0.0,UG
SP_000417,1283,221.0,MG
SP_000417,1265,11.29,G
SP_000417,1127,0.0,MG
SP_000417,1258,13.808,G
SP_000417,1219,0.0,G
SP_000417,1271,0.0,G
SP_000417,1221,0.0,G
SP_000417,1280,0.0,G
SP_000417,1003,0.0,G
SP_000417,1162,0.0,MG
SP_000417,1101,0.0,MG
SP_000417,1278,0.0,G
SP_000417,1218,0.0,G
SP_000417,1165,0.0,MG
SP_000417,1018,0.0,G
SP_000417,1062,3699.0,kJ
SP_000417,1103,0.0,UG
SP_000417,1261,0.0,G
SP_000417,1267,0.414,G
SP_000417,1057,0.0,MG
SP_000417,1212,0.0,G
SP_000417,1108,0.0,UG
SP_000417,1275,1.255,G
SP_000417,1122,0.0,UG
SP_000417,1166,0.0,MG
SP_000417,1178,0.0,UG
SP_000417,1259,0.0,G
SP_000417,1210,0.0,G
SP_000417,1092,1.0,MG
SP_000417,1125,0.11,MG
SP_000417,1274,0.0,G
SP_000417,1090,0.0,MG
SP_000417,1225,0.0,G
SP_000417,1187,0.0,UG
SP_000417,1273,0.129,G
SP_000417,1007,0.0,G
SP_000417,1198,0.1,MG
SP_000417,1270,0.761,G
SP_000417,1272,0.0,G
SP_000417,1008,884.0,KCAL
SP_000417,1091,0.0,MG
SP_000417,1300,0.022,G
SP_000417,1110,0.0,IU
SP_000417,1266,1.953,G
SP_000417,1222,0.0,G
SP_000417,1224,0.0,G
SP_000417,1004,100.0,G
SP_000417,1301,0.0,G
SP_000417,1126,0.83,MG
SP_000417,1079,0.0,G
SP_000417,1226,0.0,G
SP_000417,1098,0.0,MG
SP_000121,1093,5.0,MG
SP_000121,1057,0.0,MG
SP_000121,1275,0.001,G
SP_000121,1280,0.0,G
SP_000121,1269,0.08,G
SP_000121,1011,1.25,G
SP_000121,1120,0.0,UG
SP_000121,1242,0.0,MG
SP_000121,2000,2.63,G
SP_000121,1005,3.89,G
SP_000121,1266,0.008,G
SP_000121,1166,0.019,MG
SP_000121,1220,0.021,G
SP_000121,1130,0.0,MG
SP_000121,1190,15.0,UG
SP_000121,1263,0.0,G
SP_000121,1092,237.0,MG
SP_000121,1018,0.0,G
SP_000121,1126,0.12,MG
SP_000121,1292,0.031,G
SP_000121,1210,0.006,G
SP_000121,1227,0.026,G
SP_000121,1122,2573.0,UG
SP_000121,1051,94.52,G
SP_000121,1265,0.02,G
SP_000121,1103,0.0,UG
SP_000121,1178,0.0,UG
SP_000121,1272,0.0,G
SP_000121,1010,0.0,G
SP_000121,1268,0.03,G
SP_000121,1009,0.0,G
SP_000121,1214,0.027,G
SP_000121,1186,0.0,UG
SP_000121,1222,0.027,G
SP_000121,1106,42.0,UG
SP_000121,1257,0.0,G
SP_000121,1175,0.08,MG
SP_000121,1216,0.009,G
SP_000121,1271,0.0,G
SP_000121,1110,0.0,IU
SP_000121,1087,10.0,MG
SP_000121,1185,7.9,UG
SP_000121,1283,7.0,MG
SP_000121,1129,0.0,MG
SP_000121,1177,15.0,UG
SP_000121,1095,0.17,MG
SP_000121,1101,0.114,MG
SP_000121,1004,0.2,G
SP_000121,1123,123.0,UG
SP_000121,1187,15.0,UG
SP_000121,1127,0.0,MG
SP_000121,1013,0.0,G
SP_000121,1224,0.431,G
SP_000121,1170,0.089,MG
SP_000121,1091,24.0,MG
SP_000121,1213,0.025,G
SP_000121,1165,0.037,MG
SP_000121,1258,0.028,G
SP_000121,1109,0.54,MG
SP_000121,1114,0.0,UG
SP_000121,1090,11.0,MG
SP_000121,1262,0.0,G
SP_000121,1003,0.88,G
SP_000121,1223,0.135,G
SP_000121,1167,0.594,MG
SP_000121,1226,0.015,G
SP_000121,1012,1.37,G
SP_000121,1264,0.0,G
SP_000121,1131,0.0,MG
SP_000121,1218,0.014,G
SP_000121,1075,0.0,G
SP_000121,1212,0.018,G
SP_000121,1105,0.0,UG
SP_000121,1221,0.014,G
SP_000121,1260,0.0,G
SP_000121,1184,0.0,UG
SP_000121,1162,13.7,MG
SP_000121,1128,0.01,MG
SP_000121,1211,0.027,G
SP_000121,1007,0.5,G
SP_000121,1279,0.0,G
SP_000121,1253,0.0,MG
SP_000121,1261,0.0,G
SP_000121,1079,1.2,G
SP_000121,1180,6.7,MG
SP_000121,1198,0.1,MG
SP_000121,1259,0.0,G
SP_000121,1219,0.018,G
SP_000121,1098,0.059,MG
SP_000121,1215,0.006,G
SP_000121,1276,0.0,G
SP_000121,1293,0.083,G
SP_000121,1099,2.3,UG
SP_000121,1014,0.0,G
SP_000121,1104,833.0,IU
SP_000121,1125,0.01,MG
SP_000121,1058,0.0,MG
SP_000121,1277,0.0,G
SP_000121,1217,0.027,G
SP_000121,1246,0.0,UG
SP_000121,1008,18.0,KCAL
SP_000121,1107,449.0,UG
SP_000121,1278,0.0,G
SP_000121,1108,101.0,UG
SP_000121,1270,0.003,G
SP_000121,1062,74.0,kJ
SP_000121,1089,0.27,MG
SP_000121,1225,0.019,G
SP_000444,1166,0.026,MG
SP_000444,1075,0.0,G
SP_000444,1279,0.0,G
SP_000444,1217,0.006,G
SP_000444,1246,0.0,UG
SP_000444,1198,0.1,MG
SP_000444,1125,0.0,MG
SP_000444,1089,0.12,MG
SP_000444,1107,27.0,UG
SP_000444,1095,0.04,MG
SP_000444,1010,2.07,G
SP_000444,1265,0.024,G
SP_000444,1098,0.027,MG
SP_000444,1120,11.0,UG
SP_000444,1212,0.006,G
SP_000444,1180,3.4,MG
SP_000444,1272,0.0,G
SP_000444,1103,0.0,UG
SP_000444,1165,0.017,MG
SP_000444,1008,52.0,KCAL
SP_000444,1262,0.0,G
SP_000444,1261,0.0,G
SP_000444,1106,3.0,UG
SP_000444,1177,3.0,UG
SP_000444,1057,0.0,MG
SP_000444,1253,0.0,MG
SP_000444,1087,6.0,MG
SP_000444,1123,29.0,UG
SP_000444,1227,0.01,G
SP_000444,1185,2.2,UG
SP_000444,1109,0.18,MG
SP_000444,1278,0.0,G
SP_000444,1062,218.0,kJ
SP_000444,1009,0.05,G
SP_000444,1292,0.007,G
SP_000444,1222,0.011,G
SP_000444,1218,0.001,G
SP_000444,1091,11.0,MG
SP_000444,1223,0.07,G
SP_000444,1216,0.001,G
SP_000444,1104,54.0,IU
SP_000444,1187,3.0,UG
SP_000444,1093,1.0,MG
SP_000444,1018,0.0,G
SP_000444,1184,0.0,UG
SP_000444,1058,0.0,MG
SP_000444,1224,0.025,G
SP_000444,1215,0.001,G
SP_000444,1211,0.006,G
SP_000444,1186,0.0,UG
SP_000444,1175,0.041,MG
SP_000444,1264,0.001,G
SP_000444,1220,0.006,G
SP_000444,1003,0.26,G
SP_000444,1213,0.013,G
SP_000444,1293,0.051,G
SP_000444,1270,0.009,G
SP_000444,1257,0.0,G
SP_000444,1110,0.0,IU
SP_000444,1007,0.19,G
SP_000444,1011,2.43,G
SP_000444,1105,0.0,UG
SP_000444,1269,0.043,G
SP_000444,1210,0.001,G
SP_000444,1099,3.3,UG
SP_000444,1122,0.0,UG
SP_000444,1013,0.0,G
SP_000444,1271,0.0,G
SP_000444,1225,0.009,G
SP_000444,1260,0.0,G
SP_000444,1126,0.0,MG
SP_000444,1263,0.0,G
SP_000444,1012,5.9,G
SP_000444,1275,0.0,G
SP_000444,1051,85.56,G
SP_000444,1079,2.4,G
SP_000444,1005,13.81,G
SP_000444,1214,0.012,G
SP_000444,1226,0.006,G
SP_000444,1277,0.0,G
SP_000444,1258,0.028,G
SP_000444,1190,3.0,UG
SP_000444,1101,0.035,MG
SP_000444,1108,0.0,UG
SP_000444,1221,0.005,G
SP_000444,2000,10.39,G
SP_000444,1219,0.012,G
SP_000444,1242,0.0,MG
SP_000444,1162,4.6,MG
SP_000444,1114,0.0,UG
SP_000444,1266,0.003,G
SP_000444,1127,0.0,MG
SP_000444,1092,107.0,MG
SP_000444,1167,0.091,MG
SP_000444,1259,0.0,G
SP_000444,1280,0.0,G
SP_000444,1170,0.061,MG
SP_000444,1014,0.0,G
SP_000444,1268,0.007,G
SP_000444,1178,0.0,UG
SP_000444,1004,0.17,G
SP_000444,1090,5.0,MG
SP_000444,1276,0.0,G
SP_000444,1283,12.0,MG
SP_000001,1057,0.0,MG
SP_000001,1216,0.017,G
SP_000001,1107,600.0,UG
SP_000001,1210,0.02,G
SP_000001,1275,0.0,G
SP_000001,1214,0.094,G
SP_000001,1265,0.012,G
SP_000001,1280,0.0,G
SP_000001,1218,0.034,G
SP_000001,1123,77.0,UG
SP_000001,1258,0.013,G
SP_000001,1079,3.1,G
SP_000001,1263,0.0,G
SP_000001,1105,0.0,UG
SP_000001,1271,0.0,G
SP_000001,1185,68.8,UG
SP_000001,1266,0.001,G
SP_000001,1277,0.0,G
SP_000001,1003,2.0,G
SP_000001,1260,0.0,G
SP_000001,1008,27.0,KCAL
SP_000001,1257,0.0,G
SP_000001,1101,0.18,MG
SP_000001,1091,42.0,MG
SP_000001,1270,0.028,G
SP_000001,1224,0.445,G
SP_000001,1175,0.19,MG
SP_000001,2000,2.27,G
SP_000001,1211,0.069,G
SP_000001,1165,0.07,MG
SP_000001,1170,0.187,MG
SP_000001,1259,0.0,G
SP_000001,1104,1000.0,IU
SP_000001,1220,0.114,G
SP_000001,1166,0.03,MG
SP_000001,1278,0.0,G
SP_000001,1198,0.5,MG
SP_000001,1219,0.085,G
SP_000001,1262,0.0,G
SP_000001,1213,0.103,G
SP_000001,1227,0.116,G
SP_000001,1087,35.0,MG
SP_000001,1162,31.0,MG
SP_000001,1007,0.8,G
SP_000001,1051,91.0,G
SP_000001,1103,0.9,UG
SP_000001,1190,80.0,UG
SP_000001,1177,80.0,UG
SP_000001,1098,0.062,MG
SP_000001,1293,0.049,G
SP_000001,1005,6.1,G
SP_000001,1114,0.0,UG
SP_000001,1110,0.0,IU
SP_000001,1242,0.0,MG
SP_000001,1268,0.007,G
SP_000001,1093,28.0,MG
SP_000001,1108,0.0,UG
SP_000001,1292,0.007,G
SP_000001,1186,0.0,UG
SP_000001,1178,0.0,UG
SP_000001,1058,0.0,MG
SP_000001,1276,0.0,G
SP_000001,1222,0.07,G
SP_000001,1246,0.0,UG
SP_000001,1018,0.0,G
SP_000001,1089,0.4,MG
SP_000001,1261,0.0,G
SP_000001,1062,113.0,kJ
SP_000001,1122,0.0,UG
SP_000001,1221,0.041,G
SP_000001,1004,0.1,G
SP_000001,1120,0.0,UG
SP_000001,1272,0.0,G
SP_000001,1212,0.101,G
SP_000001,1264,0.0,G
SP_000001,1223,0.197,G
SP_000001,1090,28.0,MG
SP_000001,1226,0.393,G
SP_000001,1225,0.044,G
SP_000001,1279,0.0,G
SP_000001,1180,12.3,MG
SP_000001,1253,0.0,MG
SP_000001,1217,0.064,G
SP_000001,1095,0.27,MG
SP_000001,1109,0.17,MG
SP_000001,1092,230.0,MG
SP_000001,1187,80.0,UG
SP_000001,1269,0.021,G
SP_000001,1106,50.0,UG
SP_000001,1167,0.3,MG
SP_000001,1215,0.02,G
SP_000002,1222,0.053,G
SP_000002,1227,0.053,G
SP_000002,1292,0.047,G
SP_000002,1166,0.025,MG
SP_000002,1129,0.0,MG
SP_000002,1107,52.0,UG
SP_000002,1058,0.0,MG
SP_000002,1012,4.35,G
SP_000002,1167,0.341,MG
SP_000002,1162,92.7,MG
SP_000002,1108,0.0,UG
SP_000002,1010,0.15,G
SP_000002,1268,0.047,G
SP_000002,1272,0.0,G
SP_000002,1062,255.0,kJ
SP_000002,1105,0.0,UG
SP_000002,1278,0.0,G
SP_000002,1214,0.061,G
SP_000002,1185,40.3,UG
SP_000002,1226,0.044,G
SP_000002,1123,122.0,UG
SP_000002,1260,0.0,G
SP_000002,1211,0.047,G
SP_000002,1258,0.029,G
SP_000002,1269,0.246,G
SP_000002,1253,0.0,MG
SP_000002,1005,14.66,G
SP_000002,1178,0.0,UG
SP_000002,1186,0.0,UG
SP_000002,1223,0.126,G
SP_000002,1110,0.0,IU
SP_000002,1098,0.13,MG
SP_000002,1103,0.2,UG
SP_000002,1257,0.0,G
SP_000002,1126,0.03,MG
SP_000002,1109,1.46,MG
SP_000002,1051,83.07,G
SP_000002,1127,0.0,MG
SP_000002,1075,0.17,G
SP_000002,1218,0.034,G
SP_000002,1213,0.066,G
SP_000002,1212,0.051,G
SP_000002,1280,0.0,G
SP_000002,1224,0.184,G
SP_000002,1095,0.14,MG
SP_000002,1101,0.098,MG
SP_000002,1264,0.0,G
SP_000002,1011,4.11,G
SP_000002,1087,34.0,MG
SP_000002,1184,0.0,UG
SP_000002,1170,0.183,MG
SP_000002,1198,0.5,MG
SP_000002,1104,87.0,IU
SP_000002,1275,0.0,G
SP_000002,1125,0.0,MG
SP_000002,1271,0.0,G
SP_000002,1014,0.19,G
SP_000002,1120,0.0,UG
SP_000002,1262,0.0,G
SP_000002,1216,0.031,G
SP_000002,1187,25.0,UG
SP_000002,1242,0.0,MG
SP_000002,1090,17.0,MG
SP_000002,1215,0.024,G
SP_000002,1259,0.0,G
SP_000002,1175,0.063,MG
SP_000002,1089,0.31,MG
SP_000002,1004,0.52,G
SP_000002,1130,0.1,MG
SP_000002,1220,0.081,G
SP_000002,1093,3.0,MG
SP_000002,1270,0.042,G
SP_000002,1009,0.0,G
SP_000002,1190,25.0,UG
SP_000002,1128,0.0,MG
SP_000002,1276,0.0,G
SP_000002,1008,61.0,KCAL
SP_000002,1007,0.61,G
SP_000002,1246,0.0,UG
SP_000002,1266,0.012,G
SP_000002,1265,0.017,G
SP_000002,1091,34.0,MG
SP_000002,1279,0.0,G
SP_000002,1217,0.044,G
SP_000002,1263,0.0,G
SP_000002,1180,7.8,MG
SP_000002,1018,0.0,G
SP_000002,1092,312.0,MG
SP_000002,1177,25.0,UG
SP_000002,1114,0.0,UG
SP_000002,1122,0.0,UG
SP_000002,1219,0.057,G
SP_000002,1261,0.0,G
SP_000002,1293,0.287,G
SP_000002,1210,0.015,G
SP_000002,1165,0.027,MG
SP_000002,1003,1.14,G
SP_000002,1225,0.06,G
SP_000002,1221,0.027,G
SP_000002,1013,0.0,G
SP_000002,1106,4.0,UG
SP_000002,2000,8.99,G
SP_000002,1131,0.0,MG
SP_000002,1277,0.0,G
SP_000002,1079,3.0,G
SP_000002,1057,0.0,MG
SP_000003,1106,0.0,UG
SP_000003,1257,0.0,G
SP_000003,1104,2.0,IU
SP_000003,1178,0.0,UG
SP_000003,1253,0.0,MG
SP_000003,1057,0.0,MG
SP_000003,1190,19.0,UG
SP_000003,1246,0.0,UG
SP_000003,1058,0.0,MG
SP_000003,1114,0.0,UG
SP_000003,1242,0.0,MG
SP_000003,1009,0.0,G
SP_000003,1187,19.0,UG
SP_000003,1292,0.013,G
SP_000003,1270,0.004,G
SP_000003,1300,0.0,G
SP_000003,1211,0.021,G
SP_000003,1079,1.7,G
SP_000003,1216,0.004,G
SP_000003,1090,10.0,MG
SP_000003,1269,0.013,G
SP_000003,1122,0.0,UG
SP_000003,1013,0.0,G
SP_000003,1062,166.0,kJ
SP_000003,1105,0.0,UG
SP_000003,1093,4.0,MG
SP_000003,1258,0.042,G
SP_000003,1089,0.21,MG
SP_000003,1217,0.025,G
SP_000003,1010,0.99,G
SP_000003,1110,0.0,IU
SP_000003,1333,0.0,G
SP_000003,1264,0.004,G
SP_000003,1313,0.0,G
SP_000003,1012,1.29,G
SP_000003,1280,0.0,G
SP_000003,1170,0.123,MG
SP_000003,1260,0.0,G
SP_000003,1107,1.0,UG
SP_000003,1101,0.129,MG
SP_000003,1180,6.1,MG
SP_000003,1014,0.0,G
SP_000003,1108,0.0,UG
SP_000003,1165,0.046,MG
SP_000003,1214,0.039,G
SP_000003,1224,0.258,G
SP_000003,1221,0.014,G
SP_000003,1275,0.0,G
SP_000003,1003,1.1,G
SP_000003,1004,0.1,G
SP_000003,1103,0.5,UG
SP_000003,1075,0.0,G
SP_000003,1227,0.021,G
SP_000003,1274,0.0,G
SP_000003,1092,146.0,MG
SP_000003,1259,0.0,G
SP_000003,1098,0.039,MG
SP_000003,1123,4.0,UG
SP_000003,1268,0.013,G
SP_000003,2000,4.24,G
SP_000003,1262,0.0,G
SP_000003,1299,0.0,G
SP_000003,1212,0.014,G
SP_000003,1215,0.002,G
SP_000003,1109,0.02,MG
SP_000003,1223,0.091,G
SP_000003,1120,0.0,UG
SP_000003,1087,23.0,MG
SP_000003,1186,0.0,UG
SP_000003,1130,0.0,MG
SP_000003,1099,1.1,UG
SP_000003,1128,0.04,MG
SP_000003,1301,0.0,G
SP_000003,1276,0.0,G
SP_000003,1185,0.4,UG
SP_000003,1283,15.0,MG
SP_000003,1007,0.35,G
SP_000003,1226,0.012,G
SP_000003,1273,0.0,G
SP_000003,1005,9.34,G
SP_000003,1225,0.025,G
SP_000003,1222,0.021,G
SP_000003,1279,0.0,G
SP_000003,1166,0.027,MG
SP_000003,1271,0.0,G
SP_000003,1126,0.0,MG
SP_000003,1261,0.0,G
SP_000003,1219,0.021,G
SP_000003,1177,19.0,UG
SP_000003,1008,40.0,KCAL
SP_000003,1220,0.104,G
SP_000003,1267,0.0,G
SP_000003,1091,29.0,MG
SP_000003,1277,0.0,G
SP_000003,1184,0.0,UG
SP_000003,1131,0.0,MG
SP_000003,1265,0.034,G
SP_000003,1175,0.12,MG
SP_000003,1218,0.014,G
SP_000003,1278,0.0,G
SP_000003,1125,0.0,MG
SP_000003,1127,0.0,MG
SP_000003,1323,0.0,G
SP_000003,1293,0.017,G
SP_000003,1095,0.17,MG
SP_000003,1167,0.116,MG
SP_000003,1272,0.0,G
SP_000003,1011,1.97,G
SP_000003,1018,0.0,G
SP_000003,1210,0.014,G
SP_000003,1263,0.0,G
SP_000003,1051,89.11,G
SP_000003,1162,7.4,MG
SP_000003,1129,0.0,MG
SP_000003,1325,0.0,G
SP_000003,1266,0.004,G
SP_000003,1213,0.025,G
SP_000003,1198,0.1,MG
SP_000004,1242,0.0,MG
SP_000004,1269,0.067,G
SP_000004,1227,0.092,G
SP_000004,1008,61.0,KCAL
SP_000004,1178,0.0,UG
SP_000004,1093,20.0,MG
SP_000004,1166,0.03,MG
SP_000004,1275,0.0,G
SP_000004,1005,14.15,G
SP_000004,1215,0.018,G
SP_000004,1223,0.14,G
SP_000004,1213,0.096,G
SP_000004,1214,0.078,G
SP_000004,1271,0.0,G
SP_000004,1089,2.1,MG
SP_000004,1095,0.12,MG
SP_000004,1062,255.0,kJ
SP_000004,1262,0.0,G
SP_000004,1018,0.0,G
SP_000004,1264,0.0,G
SP_000004,1092,180.0,MG
SP_000004,1177,64.0,UG
SP_000004,1103,1.0,UG
SP_000004,1167,0.4,MG
SP_000004,1101,0.481,MG
SP_000004,1058,0.0,MG
SP_000004,1266,0.002,G
SP_000004,1190,64.0,UG
SP_000004,1108,0.0,UG
SP_000004,1114,0.0,UG
SP_000004,1091,35.0,MG
SP_000004,1225,0.069,G
SP_000004,1123,1900.0,UG
SP_000004,1004,0.3,G
SP_000004,1122,0.0,UG
SP_000004,1257,0.0,G
SP_000004,1186,0.0,UG
SP_000004,1259,0.0,G
SP_000004,1170,0.14,MG
SP_000004,1079,1.8,G
SP_000004,1258,0.04,G
SP_000004,1246,0.0,UG
SP_000004,1280,0.0,G
SP_000004,1120,0.0,UG
SP_000004,1098,0.12,MG
SP_000004,1272,0.0,G
SP_000004,1263,0.0,G
SP_000004,1110,0.0,IU
SP_000004,1051,83.0,G
SP_000004,1087,59.0,MG
SP_000004,1218,0.041,G
SP_000004,1222,0.074,G
SP_000004,1185,47.0,UG
SP_000004,1165,0.06,MG
SP_000004,1279,0.0,G
SP_000004,1187,64.0,UG
SP_000004,1268,0.004,G
SP_000004,1211,0.063,G
SP_000004,2000,3.9,G
SP_000004,1224,0.226,G
SP_000004,1220,0.078,G
SP_000004,1253,0.0,MG
SP_000004,1162,12.0,MG
SP_000004,1007,1.05,G
SP_000004,1221,0.025,G
SP_000004,1107,1000.0,UG
SP_000004,1265,0.038,G
SP_000004,1180,9.5,MG
SP_000004,1292,0.004,G
SP_000004,1293,0.166,G
SP_000004,1260,0.0,G
SP_000004,1219,0.056,G
SP_000004,1277,0.0,G
SP_000004,1105,0.0,UG
SP_000004,1090,28.0,MG
SP_000004,1217,0.055,G
SP_000004,1175,0.233,MG
SP_000004,1109,0.92,MG
SP_000004,1104,1667.0,IU
SP_000004,1270,0.099,G
SP_000004,1226,0.066,G
SP_000004,1003,1.5,G
SP_000004,1276,0.0,G
SP_000004,1210,0.012,G
SP_000004,1057,0.0,MG
SP_000004,1212,0.052,G
SP_000004,1106,83.0,UG
SP_000004,1216,0.025,G
SP_000004,1261,0.0,G
SP_000004,1278,0.0,G
SP_000005,1103,9.8,UG
SP_000005,1007,1.71,G
SP_000005,1003,6.62,G
SP_000005,1051,63.1,G
SP_000005,1004,0.38,G
SP_000005,1062,597.0,kJ
SP_000005,1162,10.0,MG
SP_000005,1008,143.0,KCAL
SP_000005,1079,2.7,G
SP_000005,1002,1.06,G
SP_000005,1005,28.2,G
SP_000005,2048,130.0,KCAL
SP_000005,2047,143.0,KCAL
SP_000006,1162,58.1,MG
SP_000006,1090,42.0,MG
SP_000006,1292,0.095,G
SP_000006,1003,3.27,G
SP_000006,1106,218.0,UG
SP_000006,1004,0.73,G
SP_000006,1058,0.0,MG
SP_000006,1221,0.057,G
SP_000006,1123,323.0,UG
SP_000006,1224,0.677,G
SP_000006,1098,0.157,MG
SP_000006,1093,3.0,MG
SP_000006,1057,0.0,MG
SP_000006,1104,4353.0,IU
SP_000006,1225,0.162,G
SP_000006,1190,105.0,UG
SP_000006,1166,0.115,MG
SP_000006,1264,0.034,G
SP_000006,1280,0.0,G
SP_000006,1110,0.0,IU
SP_000006,1223,0.303,G
SP_000006,1018,0.0,G
SP_000006,1257,0.0,G
SP_000006,1272,0.0,G
SP_000006,1242,0.0,MG
SP_000006,1051,90.65,G
SP_000006,1177,105.0,UG
SP_000006,1122,0.0,UG
SP_000006,1007,1.0,G
SP_000006,1246,0.0,UG
SP_000006,1219,0.145,G
SP_000006,1283,9.0,MG
SP_000006,1005,4.35,G
SP_000006,1271,0.0,G
SP_000006,1269,0.252,G
SP_000006,1214,0.163,G
SP_000006,1278,0.0,G
SP_000006,1008,30.0,KCAL
SP_000006,1062,126.0,kJ
SP_000006,1107,2612.0,UG
SP_000006,1089,1.6,MG
SP_000006,1213,0.195,G
SP_000006,1108,0.0,UG
SP_000006,1222,0.148,G
SP_000006,1103,0.9,UG
SP_000006,1279,0.0,G
SP_000006,1268,0.095,G
SP_000006,1211,0.128,G
SP_000006,1263,0.0,G
SP_000006,1265,0.103,G
SP_000006,1275,0.0,G
SP_000006,1187,105.0,UG
SP_000006,1217,0.105,G
SP_000006,1101,0.373,MG
SP_000006,1170,0.324,MG
SP_000006,1218,0.095,G
SP_000006,1210,0.037,G
SP_000006,1087,92.0,MG
SP_000006,1167,0.647,MG
SP_000006,1185,212.7,UG
SP_000006,1261,0.0,G
SP_000006,1226,0.216,G
SP_000006,1262,0.0,G
SP_000006,1227,0.148,G
SP_000006,1095,0.56,MG
SP_000006,1258,0.146,G
SP_000006,1175,0.138,MG
SP_000006,1091,58.0,MG
SP_000006,1092,296.0,MG
SP_000006,1215,0.036,G
SP_000006,2000,1.85,G
SP_000006,1212,0.139,G
SP_000006,1079,2.5,G
SP_000006,1220,0.237,G
SP_000006,1270,0.015,G
SP_000006,1276,0.0,G
SP_000006,1105,0.0,UG
SP_000006,1259,0.0,G
SP_000006,1180,5.2,MG
SP_000006,1120,0.0,UG
SP_000006,1253,0.0,MG
SP_000006,1293,0.267,G
SP_000006,1109,0.21,MG
SP_000006,1260,0.0,G
SP_000006,1165,0.078,MG
SP_000006,1186,0.0,UG
SP_000006,1277,0.0,G
SP_000006,1114,0.0,UG
SP_000006,1266,0.009,G
SP_000006,1178,0.0,UG
SP_000008,1091,532.2,MG
SP_000008,1101,1.949,MG
SP_000008,1098,2.218,MG
SP_000008,1103,20.67,UG
SP_000008,1002,3.291,G
SP_000008,1079,4.104,G
SP_000008,1087,41.95,MG
SP_000008,1095,5.071,MG
SP_000008,1092,638.3,MG
SP_000008,1089,5.988,MG
SP_000008,1007,2.598,G
SP_000008,1051,4.811,G
SP_000008,1090,250.6,MG
SP_000008,1004,38.86,G
SP_000008,1093,4.759,MG
SP_000008,1003,17.4423,G
SP_000008,1005,36.2887,G
SP_000008,2047,564.664,KCAL
SP_000008,2048,533.47799,KCAL
SP_000009,1063,11.42,G
SP_000009,2048,54.046596,KCAL
SP_000009,2047,60.1113,KCAL
SP_000009,1005,14.091463,G
SP_000009,1003,0.460938,G
SP_000009,1013,0.0,G
SP_000009,1079,0.9346,G
SP_000009,1095,0.1067,MG
SP_000009,1041,0.0,MG
SP_000009,1093,0.0,MG
SP_000009,1002,0.07375,G
SP_000009,1087,12.5,MG
SP_000009,1014,0.0,G
SP_000009,1010,3.46,G
SP_000009,1032,685.4,MG
SP_000009,1101,0.866,MG
SP_000009,1091,5.42,MG
SP_000009,1175,0.1101,MG
SP_000009,1051,84.99,G
SP_000009,1007,0.2463,G
SP_000009,1011,3.907,G
SP_000009,1012,4.053,G
SP_000009,1004,0.2113,G
SP_000009,1165,0.06375,MG
SP_000009,1089,0.054,MG
SP_000009,1162,58.61,MG
SP_000009,1090,13.38,MG
SP_000009,1043,0.0,MG
SP_000009,1039,264.5,MG
SP_000009,1167,0.2275,MG
SP_000009,1102,0.0,UG
SP_000009,1092,137.1,MG
SP_000009,1044,0.0,MG
SP_000009,1098,0.09545,MG
SP_000010,1265,0.049,G
SP_000010,1101,1.264,MG
SP_000010,1098,0.146,MG
SP_000010,1177,150.0,UG
SP_000010,1220,0.142,G
SP_000010,1165,0.058,MG
SP_000010,1089,6.59,MG
SP_000010,1223,0.343,G
SP_000010,1219,0.154,G
SP_000010,1292,0.802,G
SP_000010,1190,150.0,UG
SP_000010,1106,386.0,UG
SP_000010,1093,61.0,MG
SP_000010,1211,0.068,G
SP_000010,1175,0.185,MG
SP_000010,1007,2.45,G
SP_000010,1268,0.798,G
SP_000010,1212,0.195,G
SP_000010,1275,0.004,G
SP_000010,1270,0.013,G
SP_000010,1051,85.95,G
SP_000010,1214,0.246,G
SP_000010,1095,0.91,MG
SP_000010,1062,180.0,kJ
SP_000010,1210,0.014,G
SP_000010,1178,0.0,UG
SP_000010,1104,7718.0,IU
SP_000010,1224,0.29,G
SP_000010,1092,738.0,MG
SP_000010,1187,150.0,UG
SP_000010,1257,0.0,G
SP_000010,1227,0.158,G
SP_000010,1005,7.02,G
SP_000010,1114,0.0,UG
SP_000010,1213,0.159,G
SP_000010,1264,0.001,G
SP_000010,1225,0.169,G
SP_000010,1166,0.296,MG
SP_000010,1269,0.082,G
SP_000010,1266,0.009,G
SP_000010,1215,0.011,G
SP_000010,1105,0.0,UG
SP_000010,1253,0.0,MG
SP_000010,1091,66.0,MG
SP_000010,1216,0.017,G
SP_000010,1110,0.0,IU
SP_000010,1170,0.397,MG
SP_000010,1226,0.248,G
SP_000010,1004,1.12,G
SP_000010,1008,43.0,KCAL
SP_000010,1079,2.1,G
SP_000010,1258,0.06,G
SP_000010,1221,0.071,G
SP_000010,1162,85.0,MG
SP_000010,1087,208.0,MG
SP_000010,1263,0.001,G
SP_000010,1090,55.0,MG
SP_000010,1186,0.0,UG
SP_000010,1003,3.46,G
SP_000010,1222,0.227,G
SP_000010,1167,1.57,MG
SP_000010,1293,0.095,G
SP_000010,1217,0.065,G
SP_000010,1218,0.096,G
SP_000013,1057,0.0,MG
SP_000013,1225,0.031,G
SP_000013,1216,0.006,G
SP_000013,1091,51.0,MG
SP_000013,1162,3.0,MG
SP_000013,1261,0.0,G
SP_000013,1269,0.056,G
SP_000013,1264,0.0,G
SP_000013,1007,0.89,G
SP_000013,1214,0.067,G
SP_000013,1266,0.0,G
SP_000013,1226,0.052,G
SP_000013,1089,0.8,MG
SP_000013,1246,0.0,UG
SP_000013,1092,308.0,MG
SP_000013,1079,3.3,G
SP_000013,1114,0.0,UG
SP_000013,1165,0.01,MG
SP_000013,1103,0.7,UG
SP_000013,1186,0.0,UG
SP_000013,1221,0.031,G
SP_000013,1110,0.0,IU
SP_000013,1277,0.0,G
SP_000013,1008,72.0,KCAL
SP_000013,1106,0.0,UG
SP_000013,1223,0.177,G
SP_000013,1003,1.53,G
SP_000013,1058,0.0,MG
SP_000013,1293,0.059,G
SP_000013,1051,80.09,G
SP_000013,1098,0.077,MG
SP_000013,1280,0.0,G
SP_000013,1271,0.0,G
SP_000013,1263,0.0,G
SP_000013,1218,0.018,G
SP_000013,1211,0.026,G
SP_000013,1105,0.0,UG
SP_000013,1166,0.03,MG
SP_000013,1108,0.0,UG
SP_000013,1270,0.002,G
SP_000013,1175,0.24,MG
SP_000013,1215,0.009,G
SP_000013,1095,0.33,MG
SP_000013,1275,0.0,G
SP_000013,1259,0.0,G
SP_000013,1224,0.157,G
SP_000013,1213,0.032,G
SP_000013,1178,0.0,UG
SP_000013,1190,23.0,UG
SP_000013,1018,0.0,G
SP_000013,1123,0.0,UG
SP_000013,1107,0.0,UG
SP_000013,1210,0.006,G
SP_000013,1087,41.0,MG
SP_000013,1258,0.025,G
SP_000013,1090,38.0,MG
SP_000013,1253,0.0,MG
SP_000013,1265,0.025,G
SP_000013,1198,0.2,MG
SP_000013,1292,0.037,G
SP_000013,1004,0.15,G
SP_000013,2000,2.9,G
SP_000013,1220,0.105,G
SP_000013,1120,0.0,UG
SP_000013,1187,23.0,UG
SP_000013,1219,0.033,G
SP_000013,1170,0.321,MG
SP_000013,1257,0.0,G
SP_000013,1185,1.6,UG
SP_000013,1268,0.037,G
SP_000013,1180,11.7,MG
SP_000013,1227,0.025,G
SP_000013,1177,23.0,UG
SP_000013,1122,0.0,UG
SP_000013,1278,0.0,G
SP_000013,1167,0.3,MG
SP_000013,1272,0.0,G
SP_000013,1222,0.025,G
SP_000013,1104,0.0,IU
SP_000013,1109,0.38,MG
SP_000013,1242,0.0,MG
SP_000013,1005,17.34,G
SP_000013,1279,0.0,G
SP_000013,1217,0.033,G
SP_000013,1262,0.0,G
SP_000013,1260,0.0,G
SP_000013,1276,0.0,G
SP_000013,1062,302.0,kJ
SP_000013,1101,0.232,MG
SP_000013,1093,5.0,MG
SP_000013,1212,0.03,G
SP_000014,1009,0.0,G
SP_000014,1278,0.0,G
SP_000014,1242,0.0,MG
SP_000014,1162,24.9,MG
SP_000014,1259,0.0,G
SP_000014,1178,0.0,UG
SP_000014,1114,0.0,UG
SP_000014,1004,0.69,G
SP_000014,1190,57.0,UG
SP_000014,1062,201.0,kJ
SP_000014,1263,0.002,G
SP_000014,1007,1.76,G
SP_000014,1283,9.0,MG
SP_000014,1107,1.0,UG
SP_000014,1272,0.0,G
SP_000014,1292,0.13,G
SP_000014,1106,0.0,UG
SP_000014,1270,0.053,G
SP_000014,1261,0.0,G
SP_000014,1264,0.001,G
SP_000014,1257,0.0,G
SP_000014,1246,0.0,UG
SP_000014,1187,57.0,UG
SP_000014,1175,0.073,MG
SP_000014,1092,246.0,MG
SP_000014,1003,1.18,G
SP_000014,1109,0.01,MG
SP_000014,1058,0.0,MG
SP_000014,1275,0.001,G
SP_000014,1008,48.0,KCAL
SP_000014,1120,0.0,UG
SP_000014,1090,27.0,MG
SP_000014,1018,0.0,G
SP_000014,1265,0.061,G
SP_000014,1293,0.339,G
SP_000014,1253,0.0,MG
SP_000014,1051,85.08,G
SP_000014,1091,31.0,MG
SP_000014,1101,0.126,MG
SP_000014,1180,6.5,MG
SP_000014,1122,0.0,UG
SP_000014,1266,0.021,G
SP_000014,1271,0.0,G
SP_000014,1268,0.127,G
SP_000014,1166,0.024,MG
SP_000014,1110,0.0,IU
SP_000014,1186,0.0,UG
SP_000014,1089,0.42,MG
SP_000014,2000,7.99,G
SP_000014,1105,0.0,UG
SP_000014,1185,1.3,UG
SP_000014,1165,0.008,MG
SP_000014,1258,0.09,G
SP_000014,1177,57.0,UG
SP_000014,1079,3.3,G
SP_000014,1269,0.285,G
SP_000014,1087,56.0,MG
SP_000014,1277,0.001,G
SP_000014,1276,0.0,G
SP_000014,1280,0.0,G
SP_000014,1095,0.83,MG
SP_000014,1260,0.0,G
SP_000014,1170,0.093,MG
SP_000014,1279,0.001,G
SP_000014,1123,10.0,UG
SP_000014,1005,11.29,G
SP_000014,1108,0.0,UG
SP_000014,1262,0.0,G
SP_000014,1098,0.058,MG
SP_000014,1103,2.8,UG
SP_000014,1167,0.386,MG
SP_000014,1057,0.0,MG
SP_000014,1093,420.0,MG
SP_000014,1104,2.0,IU
SP_000015,1186,0.0,UG
SP_000015,1262,0.028,G
SP_000015,1114,0.0,UG
SP_000015,1105,0.0,UG
SP_000015,1275,0.113,G
SP_000015,1265,1.202,G
SP_000015,1004,7.24,G
SP_000015,1269,0.742,G
SP_000015,1279,0.0,G
SP_000015,1098,0.677,MG
SP_000015,1008,295.0,KCAL
SP_000015,1175,2.41,MG
SP_000015,1259,0.0,G
SP_000015,1110,0.0,IU
SP_000015,1257,0.0,G
SP_000015,1003,22.77,G
SP_000015,1268,0.361,G
SP_000015,1177,274.0,UG
SP_000015,1178,0.0,UG
SP_000015,1057,0.0,MG
SP_000015,1272,0.0,G
SP_000015,1162,50.0,MG
SP_000015,1092,3020.0,MG
SP_000015,1283,81.0,MG
SP_000015,1266,0.41,G
SP_000015,1264,0.12,G
SP_000015,1260,0.0,G
SP_000015,1253,0.0,MG
SP_000015,1166,1.339,MG
SP_000015,1091,313.0,MG
SP_000015,1167,8.95,MG
SP_000015,1165,0.251,MG
SP_000015,1271,0.0,G
SP_000015,1087,1139.0,MG
SP_000015,1007,12.03,G
SP_000015,1005,50.22,G
SP_000015,1278,0.0,G
SP_000015,1190,274.0,UG
SP_000015,1079,7.4,G
SP_000015,1276,0.0,G
SP_000015,1095,3.9,MG
SP_000015,1051,7.74,G
SP_000015,1104,4200.0,IU
SP_000015,1058,0.0,MG
SP_000015,1258,1.881,G
SP_000015,1293,3.698,G
SP_000015,1018,0.0,G
SP_000015,1292,0.474,G
SP_000015,1093,62.0,MG
SP_000015,1187,274.0,UG
SP_000015,1106,210.0,UG
SP_000015,1280,0.0,G
SP_000015,1103,4.4,UG
SP_000015,1090,347.0,MG
SP_000015,1101,7.967,MG
SP_000015,1089,32.3,MG
SP_000015,1261,0.0,G
SP_000015,1062,1236.0,kJ
SP_000015,1277,0.0,G
SP_000015,1263,0.014,G
SP_000015,1270,2.955,G
SP_000017,1062,85.0,kJ
SP_000017,1301,0.0,G
SP_000017,1167,0.978,MG
SP_000017,1004,0.12,G
SP_000017,1299,0.0,G
SP_000017,1012,1.0,G
SP_000017,1214,0.104,G
SP_000017,1280,0.0,G
SP_000017,1003,2.2,G
SP_000017,1323,0.0,G
SP_000017,1008,20.0,KCAL
SP_000017,1216,0.031,G
SP_000017,1271,0.0,G
SP_000017,1184,0.0,UG
SP_000017,1269,0.04,G
SP_000017,1095,0.54,MG
SP_000017,1246,0.0,UG
SP_000017,1058,0.0,MG
SP_000017,1265,0.04,G
SP_000017,1186,0.0,UG
SP_000017,1213,0.128,G
SP_000017,1210,0.027,G
SP_000017,1108,9.0,UG
SP_000017,1057,0.0,MG
SP_000017,1253,0.0,MG
SP_000017,1127,0.0,MG
SP_000017,1325,0.0,G
SP_000017,1087,24.0,MG
SP_000017,1259,0.0,G
SP_000017,1333,0.0,G
SP_000017,1198,0.6,MG
SP_000017,1267,0.0,G
SP_000017,1221,0.049,G
SP_000017,1227,0.106,G
SP_000017,1292,0.0,G
SP_000017,1225,0.093,G
SP_000017,1011,0.65,G
SP_000017,1162,5.6,MG
SP_000017,1270,0.01,G
SP_000017,1212,0.075,G
SP_000017,2000,1.88,G
SP_000017,1178,0.0,UG
SP_000017,1268,0.0,G
SP_000017,1090,14.0,MG
SP_000017,1075,0.0,G
SP_000017,1273,0.0,G
SP_000017,1092,202.0,MG
SP_000017,1014,0.0,G
SP_000017,1257,0.0,G
SP_000017,1105,0.0,UG
SP_000017,1170,0.274,MG
SP_000017,1223,0.508,G
SP_000017,1098,0.189,MG
SP_000017,1114,0.0,UG
SP_000017,1177,52.0,UG
SP_000017,1293,0.05,G
SP_000017,1263,0.0,G
SP_000017,1089,2.14,MG
SP_000017,1218,0.052,G
SP_000017,1010,0.23,G
SP_000017,1007,0.58,G
SP_000017,1261,0.0,G
SP_000017,1211,0.084,G
SP_000017,1122,0.0,UG
SP_000017,1274,0.0,G
SP_000017,1226,0.071,G
SP_000017,1220,0.091,G
SP_000017,1180,16.0,MG
SP_000017,1262,0.0,G
SP_000017,1101,0.158,MG
SP_000017,1018,0.0,G
SP_000017,1091,52.0,MG
SP_000017,1224,0.233,G
SP_000017,1123,710.0,UG
SP_000017,1260,0.0,G
SP_000017,1266,0.0,G
SP_000017,1258,0.04,G
SP_000017,1190,52.0,UG
SP_000017,1079,2.1,G
SP_000017,1242,0.0,MG
SP_000017,1013,0.0,G
SP_000017,1126,0.09,MG
SP_000017,1103,2.3,UG
SP_000017,1217,0.075,G
SP_000017,1279,0.0,G
SP_000017,1185,41.6,UG
SP_000017,1093,2.0,MG
SP_000017,1166,0.141,MG
SP_000017,1215,0.031,G
SP_000017,1283,24.0,MG
SP_000017,1125,0.0,MG
SP_000017,1120,0.0,UG
SP_000017,1272,0.0,G
SP_000017,1219,0.115,G
SP_000017,1165,0.143,MG
SP_000017,1300,0.0,G
SP_000017,1222,0.115,G
SP_000017,1175,0.091,MG
SP_000017,1051,93.22,G
SP_000017,1109,1.13,MG
SP_000017,1106,38.0,UG
SP_000017,1104,756.0,IU
SP_000017,1313,0.0,G
SP_000017,1110,0.0,IU
SP_000017,1275,0.0,G
SP_000017,1278,0.0,G
SP_000017,1107,449.0,UG
SP_000017,1276,0.0,G
SP_000017,1187,52.0,UG
SP_000017,1005,3.88,G
SP_000017,1277,0.0,G
SP_000017,1264,0.0,G
SP_000018,1260,0.0,G
SP_000018,1264,0.016,G
SP_000018,1262,0.0,G
SP_000018,1120,0.0,UG
SP_000018,1018,0.0,G
SP_000018,1198,19.6,MG
SP_000018,1222,0.872,G
SP_000018,1058,0.0,MG
SP_000018,1269,2.645,G
SP_000018,1223,1.576,G
SP_000018,1293,2.766,G
SP_000018,1062,1029.0,kJ
SP_000018,1123,180.0,UG
SP_000018,1093,4.0,MG
SP_000018,1095,3.11,MG
SP_000018,1225,0.947,G
SP_000018,1126,0.0,MG
SP_000018,1103,45.2,UG
SP_000018,1270,0.121,G
SP_000018,1242,0.0,MG
SP_000018,1087,58.0,MG
SP_000018,1215,0.335,G
SP_000018,1177,52.0,UG
SP_000018,1092,566.0,MG
SP_000018,1175,0.165,MG
SP_000018,1253,0.0,MG
SP_000018,1005,66.22,G
SP_000018,1162,0.0,MG
SP_000018,1218,0.668,G
SP_000018,1246,0.0,UG
SP_000018,1108,0.0,UG
SP_000018,1213,1.374,G
SP_000018,1089,5.41,MG
SP_000018,1128,2.21,MG
SP_000018,2000,1.45,G
SP_000018,1266,0.071,G
SP_000018,1114,0.0,UG
SP_000018,1292,2.376,G
SP_000018,1187,52.0,UG
SP_000018,1166,0.22,MG
SP_000018,1101,5.63,MG
SP_000018,1008,246.0,KCAL
SP_000018,1180,32.2,MG
SP_000018,1186,0.0,UG
SP_000018,1091,734.0,MG
SP_000018,1272,0.0,G
SP_000018,1219,0.964,G
SP_000018,1098,0.403,MG
SP_000018,1277,0.0,G
SP_000018,1190,52.0,UG
SP_000018,1220,1.279,G
SP_000018,1104,0.0,IU
SP_000018,1106,0.0,UG
SP_000018,1110,0.0,IU
SP_000018,1122,0.0,UG
SP_000018,1130,0.0,MG
SP_000018,1279,0.0,G
SP_000018,1107,0.0,UG
SP_000018,1127,0.1,MG
SP_000018,1280,0.0,G
SP_000018,1265,1.128,G
SP_000018,1216,0.576,G
SP_000018,1051,6.55,G
SP_000018,1170,1.494,MG
SP_000018,1261,0.0,G
SP_000018,1221,0.41,G
SP_000018,1210,0.335,G
SP_000018,1224,3.748,G
SP_000018,1004,7.03,G
SP_000018,1167,0.934,MG
SP_000018,1165,1.17,MG
SP_000018,1259,0.0,G
SP_000018,1185,3.2,UG
SP_000018,1003,17.3,G
SP_000018,1129,0.08,MG
SP_000018,1214,0.76,G
SP_000018,1271,0.0,G
SP_000018,1275,0.014,G
SP_000018,1007,2.89,G
SP_000018,1125,0.08,MG
SP_000018,1105,0.0,UG
SP_000018,1090,235.0,MG
SP_000018,1109,1.01,MG
SP_000018,1263,0.026,G
SP_000018,1258,1.328,G
SP_000018,1227,0.89,G
SP_000018,1278,0.0,G
SP_000018,1212,0.668,G
SP_000018,1079,15.4,G
SP_000018,1211,0.502,G
SP_000018,1276,0.0,G
SP_000018,1268,2.362,G
SP_000018,1217,0.908,G
SP_000018,1178,0.0,UG
SP_000018,1226,0.982,G
SP_000018,1057,0.0,MG
SP_000020,1003,1.8,G
SP_000020,1101,0.349,MG
SP_000020,1062,88.0,kJ
SP_000020,1253,0.0,MG
SP_000020,1292,0.211,G
SP_000020,1051,93.0,G
SP_000020,1091,53.0,MG
SP_000020,1090,52.0,MG
SP_000020,1162,35.0,MG
SP_000020,1166,0.15,MG
SP_000020,1279,0.02,G
SP_000020,1186,0.0,UG
SP_000020,1265,0.06,G
SP_000020,1293,0.109,G
SP_000020,1269,0.109,G
SP_000020,1095,0.2,MG
SP_000020,1257,0.0,G
SP_000020,1275,0.191,G
SP_000020,1110,0.0,IU
SP_000020,1092,470.0,MG
SP_000020,1087,93.0,MG
SP_000020,1165,0.06,MG
SP_000020,1106,210.0,UG
SP_000020,1093,80.0,MG
SP_000020,1089,3.3,MG
SP_000020,1167,0.9,MG
SP_000020,1004,0.7,G
SP_000020,1007,1.44,G
SP_000020,1098,0.13,MG
SP_000020,1266,0.021,G
SP_000020,1008,21.0,KCAL
SP_000020,1114,0.0,UG
SP_000020,1177,13.0,UG
SP_000020,1175,0.084,MG
SP_000020,1178,0.0,UG
SP_000020,1190,13.0,UG
SP_000020,1170,0.041,MG
SP_000020,1187,13.0,UG
SP_000020,1105,0.0,UG
SP_000020,1258,0.17,G
SP_000020,1005,3.06,G
SP_000020,1103,0.9,UG
SP_000020,1104,4200.0,IU
SP_000021,1092,384.0,MG
SP_000021,1263,0.0,G
SP_000021,1257,0.0,G
SP_000021,1018,0.0,G
SP_000021,1058,0.0,MG
SP_000021,1166,0.11,MG
SP_000021,1259,0.0,G
SP_000021,1190,12.0,UG
SP_000021,1165,0.08,MG
SP_000021,1280,0.0,G
SP_000021,1087,115.0,MG
SP_000021,1079,3.2,G
SP_000021,1107,1790.0,UG
SP_000021,1114,0.0,UG
SP_000021,1008,27.0,KCAL
SP_000021,1242,0.0,MG
SP_000021,1108,10.0,UG
SP_000021,1187,12.0,UG
SP_000021,1178,0.0,UG
SP_000021,1004,0.42,G
SP_000021,1293,0.038,G
SP_000021,1277,0.019,G
SP_000021,1268,0.015,G
SP_000021,1007,1.36,G
SP_000021,1003,2.86,G
SP_000021,1109,2.01,MG
SP_000021,1098,0.165,MG
SP_000021,1278,0.0,G
SP_000021,1105,0.0,UG
SP_000021,1275,0.0,G
SP_000021,1269,0.02,G
SP_000021,1089,1.64,MG
SP_000021,1095,0.25,MG
SP_000021,1279,0.058,G
SP_000021,1122,0.0,UG
SP_000021,1185,257.5,UG
SP_000021,1270,0.018,G
SP_000021,1123,3730.0,UG
SP_000021,1260,0.0,G
SP_000021,1246,0.0,UG
SP_000021,1266,0.002,G
SP_000021,1162,70.0,MG
SP_000021,1276,0.0,G
SP_000021,1272,0.0,G
SP_000021,2000,1.32,G
SP_000021,1271,0.0,G
SP_000021,1292,0.092,G
SP_000021,1110,0.0,IU
SP_000021,1180,0.5,MG
SP_000021,1062,114.0,kJ
SP_000021,1167,0.8,MG
SP_000021,1177,12.0,UG
SP_000021,1120,40.0,UG
SP_000021,1093,20.0,MG
SP_000021,1186,0.0,UG
SP_000021,1264,0.0,G
SP_000021,1261,0.0,G
SP_000021,1262,0.0,G
SP_000021,1170,0.21,MG
SP_000021,1258,0.01,G
SP_000021,1090,32.0,MG
SP_000021,1103,0.9,UG
SP_000021,1265,0.005,G
SP_000021,1106,151.0,UG
SP_000021,1104,3024.0,IU
SP_000021,1051,90.7,G
SP_000021,1175,0.18,MG
SP_000021,1091,58.0,MG
SP_000021,1057,0.0,MG
SP_000021,1253,0.0,MG
SP_000021,1005,4.67,G
SP_000023,1051,92.72,G
SP_000023,1089,0.3338,MG
SP_000023,1095,0.2344,MG
SP_000023,1092,274.4,MG
SP_000023,1007,0.6788,G
SP_000023,1004,0.2375,G
SP_000023,1098,0.02423,MG
SP_000023,1002,0.2625,G
SP_000023,1087,20.35,MG
SP_000023,1079,1.948,G
SP_000023,1090,14.2,MG
SP_000023,1091,39.69,MG
SP_000023,1101,0.141,MG
SP_000023,1093,20.0,MG
SP_000023,1003,1.640625,G
SP_000023,1005,4.723075,G
SP_000023,2047,27.5923,KCAL
SP_000023,2048,22.852378,KCAL
SP_000024,1087,38.64,MG
SP_000024,1091,78.54,MG
SP_000024,1002,0.6375,G
SP_000024,1090,25.0,MG
SP_000024,1007,1.215,G
SP_000024,1101,0.24,MG
SP_000024,1089,0.7305,MG
SP_000024,1051,84.62,G
SP_000024,1079,4.785,G
SP_000024,1095,0.3663,MG
SP_000024,1093,25.74,MG
SP_000024,1092,476.8,MG
SP_000024,1098,0.03843,MG
SP_000024,1004,0.565,G
SP_000024,1003,3.984375,G
SP_000024,1005,9.615625,G
SP_000024,2047,59.485,KCAL
SP_000024,2048,48.778706,KCAL
SP_000025,1089,0.4,MG
SP_000025,1122,0.0,UG
SP_000025,1051,91.0,G
SP_000025,1103,0.7,UG
SP_000025,1262,0.0,G
SP_000025,1268,0.007,G
SP_000025,1170,0.165,MG
SP_000025,1259,0.0,G
SP_000025,1278,0.0,G
SP_000025,1180,12.3,MG
SP_000025,1123,0.0,UG
SP_000025,1266,0.001,G
SP_000025,1018,0.0,G
SP_000025,1166,0.02,MG
SP_000025,1098,0.129,MG
SP_000025,1106,2.0,UG
SP_000025,1276,0.0,G
SP_000025,1079,3.6,G
SP_000025,1090,19.0,MG
SP_000025,1190,16.0,UG
SP_000025,1107,22.0,UG
SP_000025,1108,0.0,UG
SP_000025,1175,0.15,MG
SP_000025,1261,0.0,G
SP_000025,1057,0.0,MG
SP_000025,1211,0.049,G
SP_000025,1210,0.01,G
SP_000025,1109,0.48,MG
SP_000025,1221,0.019,G
SP_000025,1260,0.0,G
SP_000025,1270,0.026,G
SP_000025,1215,0.013,G
SP_000025,1214,0.056,G
SP_000025,1257,0.0,G
SP_000025,1105,0.0,UG
SP_000025,1091,46.0,MG
SP_000025,1008,27.0,KCAL
SP_000025,1271,0.0,G
SP_000025,1242,0.0,MG
SP_000025,1292,0.007,G
SP_000025,1213,0.067,G
SP_000025,1177,16.0,UG
SP_000025,1185,0.1,UG
SP_000025,1104,36.0,IU
SP_000025,1265,0.011,G
SP_000025,1162,62.0,MG
SP_000025,1178,0.0,UG
SP_000025,1062,113.0,kJ
SP_000025,1246,0.0,UG
SP_000025,1272,0.0,G
SP_000025,1101,0.139,MG
SP_000025,1093,20.0,MG
SP_000025,1275,0.0,G
SP_000025,1007,1.0,G
SP_000025,1095,0.03,MG
SP_000025,1220,0.105,G
SP_000025,1212,0.078,G
SP_000025,1219,0.05,G
SP_000025,1264,0.0,G
SP_000025,1186,0.0,UG
SP_000025,1120,0.0,UG
SP_000025,1087,24.0,MG
SP_000025,1187,16.0,UG
SP_000025,1277,0.0,G
SP_000025,1110,0.0,IU
SP_000025,1263,0.0,G
SP_000025,1092,350.0,MG
SP_000025,1217,0.039,G
SP_000025,1167,0.4,MG
SP_000025,1293,0.048,G
SP_000025,1269,0.02,G
SP_000025,1005,6.2,G
SP_000025,1003,1.7,G
SP_000025,2000,2.6,G
SP_000025,1165,0.05,MG
SP_000025,1280,0.0,G
SP_000025,1253,0.0,MG
SP_000025,1216,0.007,G
SP_000025,1258,0.013,G
SP_000025,1058,0.0,MG
SP_000025,1279,0.0,G
SP_000025,1114,0.0,UG
SP_000025,1004,0.1,G
SP_000026,1093,36.0,MG
SP_000026,1089,0.69,MG
SP_000026,1087,46.0,MG
SP_000026,1214,0.135,G
SP_000026,1221,0.059,G
SP_000026,1129,0.0,MG
SP_000026,1085,0.07,G
SP_000026,1120,0.0,UG
SP_000026,1117,0.0,UG
SP_000026,1002,0.41,G
SP_000026,1103,1.6,UG
SP_000026,1313,0.0,G
SP_000026,1292,0.011,G
SP_000026,1217,0.117,G
SP_000026,1095,0.42,MG
SP_000026,1265,0.029,G
SP_000026,1325,0.0,G
SP_000026,1271,0.0,G
SP_000026,1300,0.0,G
SP_000026,1218,0.05,G
SP_000026,1213,0.129,G
SP_000026,1185,102.0,UG
SP_000026,1212,0.079,G
SP_000026,1084,2.4,G
SP_000026,1268,0.01,G
SP_000026,1051,90.0,G
SP_000026,2016,0.017,G
SP_000026,1165,0.077,MG
SP_000026,1009,0.0,G
SP_000026,1162,91.3,MG
SP_000026,1128,0.01,MG
SP_000026,1011,0.58,G
SP_000026,1270,0.021,G
SP_000026,1299,0.0,G
SP_000026,1079,2.4,G
SP_000026,1220,0.191,G
SP_000026,1263,0.0,G
SP_000026,1005,6.27,G
SP_000026,1004,0.34,G
SP_000026,1091,67.0,MG
SP_000026,1277,0.0,G
SP_000026,1130,0.0,MG
SP_000026,1063,1.4,G
SP_000026,2022,0.0,G
SP_000026,1050,3.8,G
SP_000026,1106,8.0,UG
SP_000026,1321,0.0,G
SP_000026,1258,0.039,G
SP_000026,1219,0.125,G
SP_000026,1215,0.038,G
SP_000026,1225,0.089,G
SP_000026,1014,0.0,G
SP_000026,1333,0.0,G
SP_000026,1075,0.0,G
SP_000026,1082,0.0,G
SP_000026,1175,0.191,MG
SP_000026,1184,0.0,UG
SP_000026,1262,0.0,G
SP_000026,1090,21.0,MG
SP_000026,1216,0.028,G
SP_000026,1166,0.114,MG
SP_000026,1273,0.002,G
SP_000026,2018,0.0,G
SP_000026,1315,0.01,G
SP_000026,1269,0.017,G
SP_000026,1013,0.0,G
SP_000026,1098,0.059,MG
SP_000026,1092,303.0,MG
SP_000026,1062,132.0,kJ
SP_000026,1008,31.0,KCAL
SP_000026,2010,0.001,G
SP_000026,1109,0.15,MG
SP_000026,1177,65.0,UG
SP_000026,1131,0.0,MG
SP_000026,1010,0.01,G
SP_000026,1126,0.04,MG
SP_000026,1127,0.0,MG
SP_000026,1267,0.002,G
SP_000026,1003,2.57,G
SP_000026,1007,0.83,G
SP_000026,1227,0.121,G
SP_000026,1223,0.325,G
SP_000026,1226,0.11,G
SP_000026,1167,0.639,MG
SP_000026,1170,0.61,MG
SP_000026,1314,0.0,G
SP_000026,1210,0.033,G
SP_000026,1125,0.0,MG
SP_000026,1108,0.0,UG
SP_000026,1293,0.017,G
SP_000026,2020,0.0,G
SP_000026,1101,0.197,MG
SP_000026,2026,0.0,G
SP_000026,1122,0.0,UG
SP_000026,1116,0.0,UG
SP_000026,1266,0.006,G
SP_000026,1012,0.82,G
SP_000026,1222,0.104,G
SP_000026,1211,0.088,G
SP_000026,1107,93.0,UG
SP_000026,1261,0.0,G
SP_000026,1323,0.001,G
SP_000026,1264,0.001,G
SP_000026,1224,0.542,G
SP_000026,2009,0.0,G
SP_000026,1123,745.0,UG
SP_000026,2012,0.0,G
SP_000026,2047,39.0,KCAL
SP_000026,2048,32.0,KCAL
SP_000027,1301,0.0,G
SP_000027,1211,0.035,G
SP_000027,1257,0.0,G
SP_000027,1018,0.0,G
SP_000027,1166,0.04,MG
SP_000027,1299,0.0,G
SP_000027,1265,0.034,G
SP_000027,1300,0.0,G
SP_000027,1225,0.03,G
SP_000027,1178,0.0,UG
SP_000027,1269,0.017,G
SP_000027,1227,0.053,G
SP_000027,1079,2.5,G
SP_000027,1187,43.0,UG
SP_000027,1246,0.0,UG
SP_000027,1104,98.0,IU
SP_000027,1011,1.67,G
SP_000027,1271,0.0,G
SP_000027,1103,0.3,UG
SP_000027,1261,0.0,G
SP_000027,1263,0.0,G
SP_000027,1279,0.0,G
SP_000027,1190,43.0,UG
SP_000027,1091,26.0,MG
SP_000027,1126,0.0,MG
SP_000027,1220,0.075,G
SP_000027,1198,0.4,MG
SP_000027,1122,0.0,UG
SP_000027,1274,0.0,G
SP_000027,1264,0.0,G
SP_000027,1268,0.017,G
SP_000027,1185,76.0,UG
SP_000027,1266,0.0,G
SP_000027,1226,0.048,G
SP_000027,1062,103.0,kJ
SP_000027,1075,0.0,G
SP_000027,1095,0.18,MG
SP_000027,1175,0.124,MG
SP_000027,1128,0.04,MG
SP_000027,1217,0.032,G
SP_000027,1277,0.0,G
SP_000027,1278,0.0,G
SP_000027,1222,0.042,G
SP_000027,1005,5.8,G
SP_000027,1089,0.47,MG
SP_000027,1293,0.017,G
SP_000027,1259,0.0,G
SP_000027,1167,0.234,MG
SP_000027,1165,0.061,MG
SP_000027,1323,0.0,G
SP_000027,1107,42.0,UG
SP_000027,1130,0.0,MG
SP_000027,1008,25.0,KCAL
SP_000027,1186,0.0,UG
SP_000027,1127,0.0,MG
SP_000027,1219,0.042,G
SP_000027,1212,0.03,G
SP_000027,1253,0.0,MG
SP_000027,1272,0.0,G
SP_000027,1109,0.15,MG
SP_000027,1120,0.0,UG
SP_000027,1099,1.0,UG
SP_000027,1223,0.122,G
SP_000027,1110,0.0,IU
SP_000027,1215,0.012,G
SP_000027,1012,1.45,G
SP_000027,1108,33.0,UG
SP_000027,1273,0.0,G
SP_000027,1213,0.041,G
SP_000027,1093,18.0,MG
SP_000027,1280,0.0,G
SP_000027,1051,92.18,G
SP_000027,1057,0.0,MG
SP_000027,1276,0.0,G
SP_000027,1087,40.0,MG
SP_000027,1333,0.0,G
SP_000027,1221,0.022,G
SP_000027,1114,0.0,UG
SP_000027,1106,5.0,UG
SP_000027,1214,0.044,G
SP_000027,1092,170.0,MG
SP_000027,1177,43.0,UG
SP_000027,1013,0.0,G
SP_000027,1007,0.64,G
SP_000027,1004,0.1,G
SP_000027,1014,0.01,G
SP_000027,1283,11.0,MG
SP_000027,1090,12.0,MG
SP_000027,1098,0.019,MG
SP_000027,1125,0.0,MG
SP_000027,1325,0.0,G
SP_000027,1218,0.019,G
SP_000027,1170,0.212,MG
SP_000027,2000,3.2,G
SP_000027,1270,0.0,G
SP_000027,1258,0.034,G
SP_000027,1216,0.011,G
SP_000027,1224,0.294,G
SP_000027,1058,0.0,MG
SP_000027,1292,0.017,G
SP_000027,1275,0.0,G
SP_000027,1313,0.0,G
SP_000027,1010,0.08,G
SP_000027,1129,0.0,MG
SP_000027,1180,10.7,MG
SP_000027,1003,1.28,G
SP_000027,1123,30.0,UG
SP_000027,1162,36.6,MG
SP_000027,1009,0.0,G
SP_000027,1184,0.0,UG
SP_000027,1260,0.0,G
SP_000027,1210,0.011,G
SP_000027,1105,0.0,UG
SP_000027,1242,0.0,MG
SP_000027,1262,0.0,G
SP_000027,1101,0.16,MG
SP_000027,1267,0.0,G
SP_000028,1007,1.4,G
SP_000028,1079,3.2,G
SP_000028,1270,0.084,G
SP_000028,1221,0.036,G
SP_000028,1227,0.061,G
SP_000028,1175,0.263,MG
SP_000028,1224,0.204,G
SP_000028,1260,0.0,G
SP_000028,1219,0.102,G
SP_000028,1062,132.0,kJ
SP_000028,1012,0.29,G
SP_000028,1091,42.0,MG
SP_000028,1090,31.0,MG
SP_000028,1092,296.0,MG
SP_000028,1125,0.0,MG
SP_000028,1272,0.0,G
SP_000028,1185,251.0,UG
SP_000028,1098,0.35,MG
SP_000028,1162,60.0,MG
SP_000028,1051,89.67,G
SP_000028,1211,0.082,G
SP_000028,1210,0.026,G
SP_000028,1280,0.0,G
SP_000028,1278,0.0,G
SP_000028,1126,0.16,MG
SP_000028,1089,1.1,MG
SP_000028,1108,0.0,UG
SP_000028,1261,0.001,G
SP_000028,1217,0.092,G
SP_000028,1177,194.0,UG
SP_000028,1225,0.09,G
SP_000028,1101,0.466,MG
SP_000028,1271,0.0,G
SP_000028,1269,0.036,G
SP_000028,1104,11587.0,IU
SP_000028,1216,0.017,G
SP_000028,1212,0.078,G
SP_000028,1114,0.0,UG
SP_000028,1279,0.0,G
SP_000028,1057,0.0,MG
SP_000028,1276,0.0,G
SP_000028,1018,0.0,G
SP_000028,1186,0.0,UG
SP_000028,1127,0.0,MG
SP_000028,1262,0.002,G
SP_000028,1120,0.0,UG
SP_000028,1005,7.13,G
SP_000028,1190,194.0,UG
SP_000028,1187,194.0,UG
SP_000028,1292,0.02,G
SP_000028,1103,1.2,UG
SP_000028,1093,40.0,MG
SP_000028,1123,12825.0,UG
SP_000028,1003,1.5,G
SP_000028,1218,0.058,G
SP_000028,1266,0.01,G
SP_000028,1110,0.0,IU
SP_000028,1293,0.12,G
SP_000028,1277,0.0,G
SP_000028,1106,579.0,UG
SP_000028,1008,32.0,KCAL
SP_000028,1122,0.0,UG
SP_000028,1283,12.0,MG
SP_000028,1107,6952.0,UG
SP_000028,1222,0.103,G
SP_000028,1166,0.1,MG
SP_000028,1215,0.034,G
SP_000028,1226,0.071,G
SP_000028,1268,0.005,G
SP_000028,1275,0.014,G
SP_000028,1220,0.094,G
SP_000028,1263,0.002,G
SP_000028,1178,0.0,UG
SP_000028,1259,0.0,G
SP_000028,1257,0.0,G
SP_000028,1167,0.6,MG
SP_000028,1258,0.07,G
SP_000028,1165,0.07,MG
SP_000028,1011,0.52,G
SP_000028,1095,0.19,MG
SP_000028,1223,0.158,G
SP_000028,2000,0.81,G
SP_000028,1087,190.0,MG
SP_000028,1264,0.003,G
SP_000028,1109,2.86,MG
SP_000028,1058,0.0,MG
SP_000028,1213,0.137,G
SP_000028,1253,0.0,MG
SP_000028,1214,0.098,G
SP_000028,1170,0.38,MG
SP_000028,1265,0.054,G
SP_000028,1004,0.3,G
SP_000028,1105,0.0,UG
SP_000029,1114,0.0,UG
SP_000029,1166,0.187,MG
SP_000029,1218,0.538,G
SP_000029,1265,0.307,G
SP_000029,1087,130.0,MG
SP_000029,1103,8.2,UG
SP_000029,1105,0.0,UG
SP_000029,1214,1.521,G
SP_000029,1293,0.814,G
SP_000029,1104,28.0,IU
SP_000029,1220,1.299,G
SP_000029,1101,1.791,MG
SP_000029,1226,0.955,G
SP_000029,1079,15.0,G
SP_000029,1007,3.45,G
SP_000029,1110,0.0,IU
SP_000029,1258,0.33,G
SP_000029,1219,0.937,G
SP_000029,1095,2.76,MG
SP_000029,1269,0.778,G
SP_000029,1008,343.0,KCAL
SP_000029,1003,21.7,G
SP_000029,1062,1435.0,kJ
SP_000029,1162,0.0,MG
SP_000029,1093,17.0,MG
SP_000029,1215,0.243,G
SP_000029,1106,1.0,UG
SP_000029,1004,1.49,G
SP_000029,1090,183.0,MG
SP_000029,1217,1.858,G
SP_000029,1167,2.965,MG
SP_000029,1175,0.283,MG
SP_000029,1227,1.028,G
SP_000029,1257,0.0,G
SP_000029,1092,1392.0,MG
SP_000029,1212,0.785,G
SP_000029,1221,0.774,G
SP_000029,1177,456.0,UG
SP_000029,1216,0.25,G
SP_000029,1270,0.035,G
SP_000029,1211,0.767,G
SP_000029,1186,0.0,UG
SP_000029,1292,0.012,G
SP_000029,1165,0.643,MG
SP_000029,1089,5.23,MG
SP_000029,1187,456.0,UG
SP_000029,1005,62.78,G
SP_000029,1268,0.012,G
SP_000029,1170,1.266,MG
SP_000029,1213,1.549,G
SP_000029,1091,367.0,MG
SP_000029,1178,0.0,UG
SP_000029,1224,5.031,G
SP_000029,1223,2.146,G
SP_000029,1210,0.212,G
SP_000029,1253,0.0,MG
SP_000029,1222,0.972,G
SP_000029,1225,0.802,G
SP_000029,1098,1.057,MG
SP_000029,1190,456.0,UG
SP_000029,1051,10.59,G
SP_000029,1266,0.024,G
SP_000030,1223,0.0,G
SP_000030,1222,0.0,G
SP_000030,1093,3.0,MG
SP_000030,1090,3.0,MG
SP_000030,1224,0.0,G
SP_000030,1257,0.0,G
SP_000030,1105,0.0,UG
SP_000030,1079,0.0,G
SP_000030,1220,0.0,G
SP_000030,1175,0.0,MG
SP_000030,1212,0.0,G
SP_000030,1051,99.7,G
SP_000030,1005,0.3,G
SP_000030,1101,0.219,MG
SP_000030,1213,0.0,G
SP_000030,1211,0.0,G
SP_000030,1210,0.0,G
SP_000030,1166,0.014,MG
SP_000030,1226,0.0,G
SP_000030,1242,0.0,MG
SP_000030,1089,0.02,MG
SP_000030,1221,0.0,G
SP_000030,1003,0.0,G
SP_000030,1098,0.01,MG
SP_000030,1091,1.0,MG
SP_000030,1008,1.0,KCAL
SP_000030,1104,0.0,IU
SP_000030,1216,0.0,G
SP_000030,1215,0.0,G
SP_000030,1057,20.0,MG
SP_000030,1225,0.0,G
SP_000030,1103,0.0,UG
SP_000030,1095,0.02,MG
SP_000030,1190,5.0,UG
SP_000030,1253,0.0,MG
SP_000030,1178,0.0,UG
SP_000030,1258,0.002,G
SP_000030,1114,0.0,UG
SP_000030,1180,0.4,MG
SP_000030,1293,0.004,G
SP_000030,1227,0.0,G
SP_000030,1162,0.0,MG
SP_000030,1058,2.0,MG
SP_000030,1177,5.0,UG
SP_000030,1278,0.0,G
SP_000030,1261,0.0,G
SP_000030,1275,0.0,G
SP_000030,1110,0.0,IU
SP_000030,1280,0.0,G
SP_000030,1122,0.0,UG
SP_000030,1062,4.0,kJ
SP_000030,1108,0.0,UG
SP_000030,1271,0.0,G
SP_000030,1277,0.0,G
SP_000030,1272,0.0,G
SP_000030,1185,0.0,UG
SP_000030,1262,0.0,G
SP_000030,1120,0.0,UG
SP_000030,1123,0.0,UG
SP_000030,1127,0.0,MG
SP_000030,1264,0.0,G
SP_000030,1279,0.0,G
SP_000030,1268,0.0,G
SP_000030,1187,5.0,UG
SP_000030,1270,0.003,G
SP_000030,1259,0.0,G
SP_000030,1276,0.0,G
SP_000030,1266,0.0,G
SP_000030,1265,0.001,G
SP_000030,1106,0.0,UG
SP_000030,1186,0.0,UG
SP_000030,1269,0.001,G
SP_000030,1107,0.0,UG
SP_000030,1263,0.0,G
SP_000030,1109,0.0,MG
SP_000030,1099,372.9,UG
SP_000030,2000,0.0,G
SP_000030,1260,0.0,G
SP_000030,1126,0.0,MG
SP_000030,1219,0.0,G
SP_000030,1217,0.0,G
SP_000030,1214,0.0,G
SP_000030,1218,0.0,G
SP_000030,1246,0.0,UG
SP_000030,1292,0.001,G
SP_000030,1092,37.0,MG
SP_000030,1165,0.0,MG
SP_000030,1170,0.011,MG
SP_000030,1087,0.0,MG
SP_000030,1018,0.0,G
SP_000030,1007,0.04,G
SP_000030,1167,0.0,MG
SP_000030,1004,0.0,G
SP_000031,1268,0.057,G
SP_000031,1177,23.0,UG
SP_000031,1018,0.0,G
SP_000031,1089,1.67,MG
SP_000031,1269,0.111,G
SP_000031,1292,0.063,G
SP_000031,1190,23.0,UG
SP_000031,1262,0.0,G
SP_000031,1277,0.001,G
SP_000031,1090,33.0,MG
SP_000031,1275,0.004,G
SP_000031,1110,0.0,IU
SP_000031,1261,0.0,G
SP_000031,1122,0.0,UG
SP_000031,1003,2.36,G
SP_000031,1101,0.078,MG
SP_000031,1008,23.0,KCAL
SP_000031,1087,40.0,MG
SP_000031,1103,1.2,UG
SP_000031,1092,40.0,MG
SP_000031,1062,96.0,kJ
SP_000031,2000,0.41,G
SP_000031,1257,0.0,G
SP_000031,1109,0.88,MG
SP_000031,1270,0.183,G
SP_000031,1271,0.002,G
SP_000031,1264,0.001,G
SP_000031,1276,0.0,G
SP_000031,1108,0.0,UG
SP_000031,1278,0.0,G
SP_000031,1007,8.04,G
SP_000031,1114,0.0,UG
SP_000031,1105,0.0,UG
SP_000031,1246,0.0,UG
SP_000031,1185,24.6,UG
SP_000031,1057,0.0,MG
SP_000031,1180,6.5,MG
SP_000031,1004,0.86,G
SP_000031,1106,7.0,UG
SP_000031,1165,0.018,MG
SP_000031,1263,0.0,G
SP_000031,1186,0.0,UG
SP_000031,1167,0.652,MG
SP_000031,1095,0.32,MG
SP_000031,1091,10.0,MG
SP_000031,1265,0.17,G
SP_000031,1283,48.0,MG
SP_000031,1107,83.0,UG
SP_000031,1175,0.023,MG
SP_000031,1280,0.001,G
SP_000031,1187,23.0,UG
SP_000031,1266,0.036,G
SP_000031,1005,4.89,G
SP_000031,1098,0.374,MG
SP_000031,1051,83.85,G
SP_000031,1293,0.304,G
SP_000031,1178,0.0,UG
SP_000031,1104,138.0,IU
SP_000031,1260,0.0,G
SP_000031,1058,0.0,MG
SP_000031,1259,0.0,G
SP_000031,1253,0.0,MG
SP_000031,1079,3.2,G
SP_000031,1093,2348.0,MG
SP_000031,1258,0.233,G
SP_000031,1123,0.0,UG
SP_000031,1242,0.0,MG
SP_000031,1166,0.139,MG
SP_000031,1162,4.3,MG
SP_000031,1272,0.0,G
SP_000031,1120,0.0,UG
SP_000031,1279,0.0,G
SP_000031,1170,0.027,MG
SP_000032,1079,3.4,G
SP_000032,1122,0.0,UG
SP_000032,1263,0.0,G
SP_000032,1166,0.054,MG
SP_000032,1107,184.0,UG
SP_000032,1062,113.0,kJ
SP_000032,1120,0.0,UG
SP_000032,1123,0.0,UG
SP_000032,1058,0.0,MG
SP_000032,1246,0.0,UG
SP_000032,1105,0.0,UG
SP_000032,1101,0.1,MG
SP_000032,1257,0.0,G
SP_000032,1293,0.243,G
SP_000032,1180,7.4,MG
SP_000032,1271,0.0,G
SP_000032,1004,0.45,G
SP_000032,1266,0.007,G
SP_000032,1098,0.094,MG
SP_000032,1187,29.0,UG
SP_000032,1106,17.0,UG
SP_000032,1268,0.025,G
SP_000032,1270,0.003,G
SP_000032,1104,340.0,IU
SP_000032,1260,0.0,G
SP_000032,1242,0.0,MG
SP_000032,1288,2.0,MG
SP_000032,1110,0.0,IU
SP_000032,1005,5.35,G
SP_000032,1114,0.0,UG
SP_000032,1178,0.0,UG
SP_000032,1283,3.0,MG
SP_000032,1109,0.69,MG
SP_000032,1018,0.0,G
SP_000032,1190,29.0,UG
SP_000032,1292,0.027,G
SP_000032,1003,1.66,G
SP_000032,1275,0.002,G
SP_000032,1177,29.0,UG
SP_000032,1269,0.24,G
SP_000032,1280,0.0,G
SP_000032,1008,27.0,KCAL
SP_000032,1261,0.0,G
SP_000032,1092,256.0,MG
SP_000032,1185,9.5,UG
SP_000032,1278,0.0,G
SP_000032,1057,0.0,MG
SP_000032,1089,0.46,MG
SP_000032,1090,17.0,MG
SP_000032,1186,0.0,UG
SP_000032,1162,82.7,MG
SP_000032,1170,0.265,MG
SP_000032,1091,32.0,MG
SP_000032,1258,0.048,G
SP_000032,1276,0.0,G
SP_000032,1093,13.0,MG
SP_000032,1007,0.73,G
SP_000032,1103,0.3,UG
SP_000032,1265,0.036,G
SP_000032,2000,1.95,G
SP_000032,1285,0.0,MG
SP_000032,1108,39.0,UG
SP_000032,1253,0.0,MG
SP_000032,1259,0.0,G
SP_000032,1272,0.0,G
SP_000032,1264,0.001,G
SP_000032,1167,1.242,MG
SP_000032,1087,14.0,MG
SP_000032,1277,0.0,G
SP_000032,1175,0.357,MG
SP_000032,1262,0.0,G
SP_000032,1279,0.0,G
SP_000032,1051,91.81,G
SP_000032,1165,0.081,MG
SP_000032,1286,1.0,MG
SP_000032,1095,0.25,MG
SP_000033,1212,0.008,G
SP_000033,1221,0.005,G
SP_000033,1223,0.049,G
SP_000033,1101,0.04,MG
SP_000033,1109,0.3,MG
SP_000033,1120,589.0,UG
SP_000033,1011,4.09,G
SP_000033,1279,0.0,G
SP_000033,1275,0.038,G
SP_000033,1126,0.09,MG
SP_000033,1215,0.002,G
SP_000033,1218,0.005,G
SP_000033,1127,0.01,MG
SP_000033,1110,0.0,IU
SP_000033,1258,0.081,G
SP_000033,1162,60.9,MG
SP_000033,1292,0.072,G
SP_000033,1009,0.0,G
SP_000033,1271,0.0,G
SP_000033,1272,0.0,G
SP_000033,1257,0.0,G
SP_000033,1062,179.0,kJ
SP_000033,1107,274.0,UG
SP_000033,1260,0.0,G
SP_000033,1263,0.002,G
SP_000033,1280,0.0,G
SP_000033,1166,0.027,MG
SP_000033,1092,182.0,MG
SP_000033,1246,0.0,UG
SP_000033,1277,0.0,G
SP_000033,1128,0.0,MG
SP_000033,1211,0.011,G
SP_000033,1014,0.0,G
SP_000033,1091,10.0,MG
SP_000033,1007,0.39,G
SP_000033,1090,21.0,MG
SP_000033,1089,0.25,MG
SP_000033,1262,0.0,G
SP_000033,1268,0.034,G
SP_000033,1165,0.023,MG
SP_000033,1278,0.0,G
SP_000033,1125,0.02,MG
SP_000033,1185,2.6,UG
SP_000033,1210,0.008,G
SP_000033,1224,0.033,G
SP_000033,1222,0.014,G
SP_000033,1104,950.0,IU
SP_000033,1004,0.26,G
SP_000033,1114,0.0,UG
SP_000033,1269,0.011,G
SP_000033,1220,0.01,G
SP_000033,1213,0.016,G
SP_000033,1219,0.01,G
SP_000033,1108,2.0,UG
SP_000033,1177,37.0,UG
SP_000033,1293,0.058,G
SP_000033,1122,1828.0,UG
SP_000033,1190,37.0,UG
SP_000033,1259,0.0,G
SP_000033,1106,47.0,UG
SP_000033,1103,0.6,UG
SP_000033,1093,8.0,MG
SP_000033,1018,0.0,G
SP_000033,1079,1.7,G
SP_000033,1180,6.1,MG
SP_000033,1095,0.08,MG
SP_000033,1265,0.06,G
SP_000033,1186,0.0,UG
SP_000033,1075,0.0,G
SP_000033,1051,88.06,G
SP_000033,1003,0.47,G
SP_000033,1167,0.357,MG
SP_000033,2000,7.82,G
SP_000033,1012,3.73,G
SP_000033,1266,0.004,G
SP_000033,1187,37.0,UG
SP_000033,1225,0.018,G
SP_000033,1123,89.0,UG
SP_000033,1005,10.82,G
SP_000033,1057,0.0,MG
SP_000033,1098,0.045,MG
SP_000033,1170,0.191,MG
SP_000033,1217,0.009,G
SP_000033,1013,0.0,G
SP_000033,1129,0.07,MG
SP_000033,1178,0.0,UG
SP_000033,1087,20.0,MG
SP_000033,1214,0.025,G
SP_000033,1270,0.047,G
SP_000033,1242,0.0,MG
SP_000033,1175,0.038,MG
SP_000033,1105,0.0,UG
SP_000033,1264,0.013,G
SP_000033,1253,0.0,MG
SP_000033,1227,0.015,G
SP_000033,1130,0.01,MG
SP_000033,1276,0.0,G
SP_000033,1131,0.0,MG
SP_000033,1058,0.0,MG
SP_000033,1226,0.01,G
SP_000033,1261,0.0,G
SP_000033,1008,43.0,KCAL
SP_000033,1010,0.0,G
SP_000035,1057,0.0,MG
SP_000035,1224,3.169,G
SP_000035,1272,0.0,G
SP_000035,1253,0.0,MG
SP_000035,1062,1393.0,kJ
SP_000035,1007,5.87,G
SP_000035,1225,1.322,G
SP_000035,1262,0.01,G
SP_000035,1008,333.0,KCAL
SP_000035,1223,2.084,G
SP_000035,1265,0.4,G
SP_000035,1220,1.252,G
SP_000035,1217,0.867,G
SP_000035,1263,0.01,G
SP_000035,1079,38.0,G
SP_000035,1259,0.0,G
SP_000035,1087,689.0,MG
SP_000035,1114,0.0,UG
SP_000035,1211,0.756,G
SP_000035,1178,0.0,UG
SP_000035,1103,12.1,UG
SP_000035,1004,14.59,G
SP_000035,1165,0.383,MG
SP_000035,1107,206.0,UG
SP_000035,1210,0.244,G
SP_000035,1110,0.0,IU
SP_000035,1089,16.23,MG
SP_000035,1003,19.77,G
SP_000035,1051,9.87,G
SP_000035,1185,0.0,UG
SP_000035,1058,0.0,MG
SP_000035,1275,0.09,G
SP_000035,1104,363.0,IU
SP_000035,1269,3.122,G
SP_000035,1221,0.55,G
SP_000035,1270,0.15,G
SP_000035,1279,0.0,G
SP_000035,1166,0.379,MG
SP_000035,1214,1.031,G
SP_000035,1276,0.0,G
SP_000035,1098,0.91,MG
SP_000035,1280,0.0,G
SP_000035,1219,1.037,G
SP_000035,1177,10.0,UG
SP_000035,1180,24.7,MG
SP_000035,1175,0.36,MG
SP_000035,1090,258.0,MG
SP_000035,1095,5.5,MG
SP_000035,1258,0.62,G
SP_000035,1292,7.125,G
SP_000035,1227,0.946,G
SP_000035,1105,0.0,UG
SP_000035,1018,0.0,G
SP_000035,1108,8.0,UG
SP_000035,1212,0.826,G
SP_000035,1268,7.035,G
SP_000035,1005,49.9,G
SP_000035,1093,17.0,MG
SP_000035,2000,0.64,G
SP_000035,1190,10.0,UG
SP_000035,1277,0.0,G
SP_000035,1293,3.272,G
SP_000035,1261,0.0,G
SP_000035,1222,0.914,G
SP_000035,1283,76.0,MG
SP_000035,1213,1.218,G
SP_000035,1120,16.0,UG
SP_000035,1242,0.0,MG
SP_000035,1216,0.329,G
SP_000035,1266,0.11,G
SP_000035,1123,454.0,UG
SP_000035,1106,18.0,UG
SP_000035,1187,10.0,UG
SP_000035,1109,2.5,MG
SP_000035,1260,0.0,G
SP_000035,1091,568.0,MG
SP_000035,1162,21.0,MG
SP_000035,1092,1351.0,MG
SP_000035,1218,0.642,G
SP_000035,1264,0.04,G
SP_000035,1122,20.0,UG
SP_000035,1246,0.0,UG
SP_000035,1167,3.606,MG
SP_000035,1186,0.0,UG
SP_000035,1271,0.0,G
SP_000035,1215,0.361,G
SP_000035,1226,0.917,G
SP_000035,1101,1.3,MG
SP_000035,1278,0.0,G
SP_000036,1185,4.1,UG
SP_000036,1184,0.0,UG
SP_000036,1183,0.0,UG
SP_000036,1258,6.465,G
SP_000036,1292,39.282,G
SP_000036,1293,22.924,G
SP_000036,2048,699.59644,KCAL
SP_000036,2047,750.152,KCAL
SP_000036,1005,12.6993,G
SP_000036,1003,9.9587,G
SP_000036,1223,0.87,G
SP_000036,1222,0.4375,G
SP_000036,1089,2.371,MG
SP_000036,1220,1.363,G
SP_000036,1175,0.1711,MG
SP_000036,1098,0.9065,MG
SP_000036,1002,1.879,G
SP_000036,1228,0.0,G
SP_000036,1007,1.439,G
SP_000036,1226,0.61,G
SP_000036,1210,0.115,G
SP_000036,1167,0.9463,MG
SP_000036,1095,3.93,MG
SP_000036,1079,5.793,G
SP_000036,1087,54.83,MG
SP_000036,1004,73.28,G
SP_000036,1211,0.3025,G
SP_000036,1101,2.28,MG
SP_000036,1165,0.5476,MG
SP_000036,1212,0.365,G
SP_000036,1176,22.66,UG
SP_000036,1214,0.32,G
SP_000036,1232,0.305,G
SP_000036,1090,102.9,MG
SP_000036,1218,0.3125,G
SP_000036,1219,0.435,G
SP_000036,1051,2.623,G
SP_000036,1091,252.7,MG
SP_000036,1213,0.67,G
SP_000036,1227,0.54,G
SP_000036,1221,0.2625,G
SP_000036,1224,2.498,G
SP_000036,1093,0.0,MG
SP_000036,1217,0.4625,G
SP_000036,1225,0.4925,G
SP_000036,1102,15.57,UG
SP_000036,1092,360.3,MG
SP_000036,1215,0.1675,G
SP_000037,1190,68.0,UG
SP_000037,1211,0.167,G
SP_000037,1218,0.125,G
SP_000037,1004,1.11,G
SP_000037,1090,84.0,MG
SP_000037,1269,0.258,G
SP_000037,1219,0.22,G
SP_000037,1215,0.101,G
SP_000037,1220,0.43,G
SP_000037,1293,0.288,G
SP_000037,1162,36.0,MG
SP_000037,1226,0.162,G
SP_000037,1268,0.559,G
SP_000037,1221,0.121,G
SP_000037,1223,0.852,G
SP_000037,1101,1.601,MG
SP_000037,1178,0.0,UG
SP_000037,1270,0.028,G
SP_000037,1177,68.0,UG
SP_000037,1212,0.157,G
SP_000037,1008,224.0,KCAL
SP_000037,1106,10.0,UG
SP_000037,1114,0.0,UG
SP_000037,1170,0.555,MG
SP_000037,1095,0.87,MG
SP_000037,1258,0.164,G
SP_000037,1187,68.0,UG
SP_000037,1222,0.2,G
SP_000037,1091,96.0,MG
SP_000037,1092,447.0,MG
SP_000037,1165,0.16,MG
SP_000037,1005,49.07,G
SP_000037,1277,0.01,G
SP_000037,1275,0.008,G
SP_000037,1265,0.151,G
SP_000037,1089,1.41,MG
SP_000037,1104,202.0,IU
SP_000037,1214,0.228,G
SP_000037,1087,18.0,MG
SP_000037,1224,0.537,G
SP_000037,1210,0.049,G
SP_000037,1167,0.8,MG
SP_000037,1266,0.011,G
SP_000037,1217,0.19,G
SP_000037,1110,0.0,IU
SP_000037,1062,937.0,kJ
SP_000037,1175,0.41,MG
SP_000037,1227,0.184,G
SP_000037,1051,43.95,G
SP_000037,1216,0.11,G
SP_000037,1003,4.2,G
SP_000037,1225,0.184,G
SP_000037,1213,0.259,G
SP_000037,1105,0.0,UG
SP_000037,1098,0.363,MG
SP_000037,1186,0.0,UG
SP_000037,1253,0.0,MG
SP_000037,1292,0.581,G
SP_000037,1007,1.67,G
SP_000037,1093,3.0,MG
SP_000037,1166,0.18,MG
SP_000038,1185,9.0,UG
SP_000038,1087,57.0,MG
SP_000038,1265,0.508,G
SP_000038,1122,0.0,UG
SP_000038,1217,1.103,G
SP_000038,1101,4.15,MG
SP_000038,1226,0.849,G
SP_000038,1221,0.566,G
SP_000038,1106,3.0,UG
SP_000038,1051,7.68,G
SP_000038,1079,12.2,G
SP_000038,1246,0.0,UG
SP_000038,1213,1.465,G
SP_000038,1258,0.603,G
SP_000038,1253,0.0,MG
SP_000038,1098,0.656,MG
SP_000038,1186,0.0,UG
SP_000038,1187,557.0,UG
SP_000038,1275,0.012,G
SP_000038,1225,0.857,G
SP_000038,1104,67.0,IU
SP_000038,1108,0.0,UG
SP_000038,1262,0.0,G
SP_000038,1277,0.0,G
SP_000038,1214,1.377,G
SP_000038,1215,0.27,G
SP_000038,1003,20.47,G
SP_000038,1212,0.882,G
SP_000038,1278,0.0,G
SP_000038,1170,1.588,MG
SP_000038,1260,0.0,G
SP_000038,1269,2.629,G
SP_000038,1259,0.0,G
SP_000038,1266,0.086,G
SP_000038,1105,0.0,UG
SP_000038,1058,0.0,MG
SP_000038,1263,0.0,G
SP_000038,1210,0.2,G
SP_000038,1167,1.541,MG
SP_000038,1224,3.603,G
SP_000038,2000,10.7,G
SP_000038,1110,0.0,IU
SP_000038,1162,4.0,MG
SP_000038,1180,99.3,MG
SP_000038,1090,79.0,MG
SP_000038,1057,0.0,MG
SP_000038,1271,0.0,G
SP_000038,1276,0.0,G
SP_000038,1109,0.82,MG
SP_000038,1268,1.365,G
SP_000038,1211,0.766,G
SP_000038,1190,557.0,UG
SP_000038,1227,1.036,G
SP_000038,1272,0.0,G
SP_000038,1120,0.0,UG
SP_000038,1114,0.0,UG
SP_000038,1175,0.535,MG
SP_000038,1103,0.0,UG
SP_000038,1279,0.0,G
SP_000038,1261,0.0,G
SP_000038,1292,1.377,G
SP_000038,1178,0.0,UG
SP_000038,1223,2.422,G
SP_000038,1177,557.0,UG
SP_000038,1008,378.0,KCAL
SP_000038,1005,62.95,G
SP_000038,1092,718.0,MG
SP_000038,1091,252.0,MG
SP_000038,1264,0.009,G
SP_000038,1123,0.0,UG
SP_000038,1062,1581.0,kJ
SP_000038,1007,2.85,G
SP_000038,1089,4.31,MG
SP_000038,1242,0.0,MG
SP_000038,1166,0.212,MG
SP_000038,1219,0.865,G
SP_000038,1257,0.0,G
SP_000038,1107,40.0,UG
SP_000038,1270,0.102,G
SP_000038,1220,1.939,G
SP_000038,1293,2.731,G
SP_000038,1095,2.76,MG
SP_000038,1218,0.512,G
SP_000038,1216,0.279,G
SP_000038,1165,0.477,MG
SP_000038,1280,0.0,G
SP_000038,1018,0.0,G
SP_000038,1222,0.882,G
SP_000038,1093,24.0,MG
SP_000038,1004,6.04,G
SP_000039,1278,0.0,G
SP_000039,1091,28.0,MG
SP_000039,1261,0.0,G
SP_000039,1223,0.13,G
SP_000039,1109,0.44,MG
SP_000039,1166,0.075,MG
SP_000039,1224,0.166,G
SP_000039,1242,0.0,MG
SP_000039,1165,0.08,MG
SP_000039,1101,0.42,MG
SP_000039,1218,0.04,G
SP_000039,1105,0.0,UG
SP_000039,1280,0.0,G
SP_000039,1087,52.0,MG
SP_000039,1092,314.0,MG
SP_000039,1217,0.053,G
SP_000039,1190,142.0,UG
SP_000039,1098,0.099,MG
SP_000039,1227,0.049,G
SP_000039,1051,93.79,G
SP_000039,1167,0.4,MG
SP_000039,1216,0.01,G
SP_000039,1062,71.0,kJ
SP_000039,1003,1.25,G
SP_000039,1253,0.0,MG
SP_000039,1219,0.063,G
SP_000039,1270,0.013,G
SP_000039,1260,0.0,G
SP_000039,1090,15.0,MG
SP_000039,1079,3.1,G
SP_000039,1180,16.8,MG
SP_000039,1212,0.072,G
SP_000039,1186,0.0,UG
SP_000039,1095,0.79,MG
SP_000039,1162,6.5,MG
SP_000039,1120,0.0,UG
SP_000039,1292,0.004,G
SP_000039,1265,0.041,G
SP_000039,1293,0.087,G
SP_000039,1175,0.02,MG
SP_000039,1264,0.003,G
SP_000039,1178,0.0,UG
SP_000039,1210,0.005,G
SP_000039,1108,0.0,UG
SP_000039,1114,0.0,UG
SP_000039,1106,108.0,UG
SP_000039,1272,0.0,G
SP_000039,1170,0.9,MG
SP_000039,1123,0.0,UG
SP_000039,1008,17.0,KCAL
SP_000039,1279,0.0,G
SP_000039,1104,2167.0,IU
SP_000039,1058,0.0,MG
SP_000039,1057,0.0,MG
SP_000039,1269,0.075,G
SP_000039,1215,0.014,G
SP_000039,1277,0.0,G
SP_000039,1007,1.41,G
SP_000039,1226,0.059,G
SP_000039,1220,0.062,G
SP_000039,1257,0.0,G
SP_000039,1093,22.0,MG
SP_000039,1103,0.2,UG
SP_000039,1213,0.098,G
SP_000039,1225,0.058,G
SP_000039,1266,0.002,G
SP_000039,1089,0.83,MG
SP_000039,1271,0.0,G
SP_000039,1259,0.0,G
SP_000039,1107,1300.0,UG
SP_000039,2000,0.25,G
SP_000039,1187,142.0,UG
SP_000039,1268,0.004,G
SP_000039,1275,0.0,G
SP_000039,1177,142.0,UG
SP_000039,1110,0.0,IU
SP_000039,1005,3.35,G
SP_000039,1262,0.0,G
SP_000039,1122,0.0,UG
SP_000039,1276,0.0,G
SP_000039,1222,0.062,G
SP_000039,1211,0.05,G
SP_000039,1185,231.0,UG
SP_000039,1221,0.023,G
SP_000039,1214,0.063,G
SP_000039,1246,0.0,UG
SP_000039,1258,0.048,G
SP_000039,1263,0.0,G
SP_000039,1004,0.2,G
SP_000039,1018,0.0,G
SP_000040,1103,0.3,UG
SP_000040,1058,0.0,MG
SP_000040,1178,0.0,UG
SP_000040,1269,0.112,G
SP_000040,1219,0.077,G
SP_000040,1265,0.062,G
SP_000040,1110,0.0,IU
SP_000040,1293,0.131,G
SP_000040,1215,0.01,G
SP_000040,1220,0.124,G
SP_000040,1114,0.0,UG
SP_000040,1003,1.7,G
SP_000040,1090,30.0,MG
SP_000040,1242,0.0,MG
SP_000040,1089,0.9,MG
SP_000040,1005,4.7,G
SP_000040,1278,0.0,G
SP_000040,1108,0.0,UG
SP_000040,1292,0.006,G
SP_000040,1109,2.26,MG
SP_000040,1018,0.0,G
SP_000040,1104,5717.0,IU
SP_000040,1190,110.0,UG
SP_000040,1057,0.0,MG
SP_000040,1122,0.0,UG
SP_000040,1165,0.06,MG
SP_000040,1120,0.0,UG
SP_000040,1279,0.0,G
SP_000040,1261,0.0,G
SP_000040,1123,10300.0,UG
SP_000040,1101,0.429,MG
SP_000040,1004,0.3,G
SP_000040,1008,23.0,KCAL
SP_000040,1062,96.0,kJ
SP_000040,1093,45.0,MG
SP_000040,1177,110.0,UG
SP_000040,1092,420.0,MG
SP_000040,1277,0.0,G
SP_000040,1271,0.0,G
SP_000040,1107,3430.0,UG
SP_000040,1258,0.073,G
SP_000040,1213,0.074,G
SP_000040,1221,0.029,G
SP_000040,1275,0.0,G
SP_000040,1253,0.0,MG
SP_000040,1268,0.006,G
SP_000040,1051,92.0,G
SP_000040,1187,110.0,UG
SP_000040,1276,0.0,G
SP_000040,1210,0.031,G
SP_000040,1105,0.0,UG
SP_000040,1211,0.047,G
SP_000040,1270,0.019,G
SP_000040,1264,0.004,G
SP_000040,1175,0.105,MG
SP_000040,1185,297.6,UG
SP_000040,1167,0.5,MG
SP_000040,1166,0.1,MG
SP_000040,1091,47.0,MG
SP_000040,1280,0.0,G
SP_000040,1186,0.0,UG
SP_000040,1098,0.295,MG
SP_000040,1087,100.0,MG
SP_000040,1095,0.42,MG
SP_000040,1106,286.0,UG
SP_000040,1257,0.0,G
SP_000040,1214,0.067,G
SP_000040,1272,0.0,G
SP_000040,1079,4.0,G
SP_000040,1007,1.3,G
SP_000040,1263,0.0,G
SP_000040,1212,0.101,G
SP_000040,1259,0.0,G
SP_000040,1170,1.159,MG
SP_000040,1266,0.003,G
SP_000040,1262,0.0,G
SP_000040,1180,12.8,MG
SP_000040,2000,0.7,G
SP_000040,1162,24.0,MG
SP_000040,1246,0.0,UG
SP_000040,1217,0.041,G
SP_000040,1260,0.0,G
SP_000041,1170,0.358,MG
SP_000041,1089,8.32,MG
SP_000041,1125,0.0,MG
SP_000041,1220,0.166,G
SP_000041,1131,0.0,MG
SP_000041,1062,1035.0,kJ
SP_000041,1058,0.0,MG
SP_000041,1273,0.0,G
SP_000041,1293,0.068,G
SP_000041,1166,0.041,MG
SP_000041,1110,0.0,IU
SP_000041,1175,0.158,MG
SP_000041,1011,1.04,G
SP_000041,1260,0.0,G
SP_000041,1312,0.0,G
SP_000041,1323,0.0,G
SP_000041,1178,0.0,UG
SP_000041,1123,222.0,UG
SP_000041,1018,0.0,G
SP_000041,1003,3.99,G
SP_000041,1278,0.0,G
SP_000041,1226,0.419,G
SP_000041,1079,53.1,G
SP_000041,1267,0.0,G
SP_000041,1321,0.0,G
SP_000041,1167,1.332,MG
SP_000041,1262,0.003,G
SP_000041,1218,0.136,G
SP_000041,1091,64.0,MG
SP_000041,1299,0.0,G
SP_000041,1214,0.243,G
SP_000041,1216,0.058,G
SP_000041,1109,2.32,MG
SP_000041,1162,3.8,MG
SP_000041,1101,17.466,MG
SP_000041,1075,0.0,G
SP_000041,1315,0.246,G
SP_000041,1190,6.0,UG
SP_000041,1107,112.0,UG
SP_000041,1120,129.0,UG
SP_000041,1292,0.246,G
SP_000041,1126,10.44,MG
SP_000041,1184,0.0,UG
SP_000041,1130,0.0,MG
SP_000041,1010,0.02,G
SP_000041,1114,0.0,UG
SP_000041,1279,0.0,G
SP_000041,1274,0.0,G
SP_000041,1122,15.0,UG
SP_000041,1095,1.83,MG
SP_000041,1093,10.0,MG
SP_000041,1213,0.253,G
SP_000041,1090,60.0,MG
SP_000041,1221,0.117,G
SP_000041,1259,0.0,G
SP_000041,1280,0.0,G
SP_000041,1127,0.26,MG
SP_000041,1272,0.0,G
SP_000041,1108,1.0,UG
SP_000041,1258,0.345,G
SP_000041,1313,0.0,G
SP_000041,1008,247.0,KCAL
SP_000041,1404,0.011,G
SP_000041,1333,0.0,G
SP_000041,1270,0.011,G
SP_000041,1301,0.0,G
SP_000041,1283,26.0,MG
SP_000041,1177,6.0,UG
SP_000041,1057,0.0,MG
SP_000041,1007,3.6,G
SP_000041,1211,0.136,G
SP_000041,1103,3.1,UG
SP_000041,1014,0.0,G
SP_000041,1129,0.0,MG
SP_000041,1265,0.104,G
SP_000041,1228,0.0,G
SP_000041,1246,0.0,UG
SP_000041,1013,0.0,G
SP_000041,1263,0.006,G
SP_000041,1300,0.136,G
SP_000041,1004,1.24,G
SP_000041,1187,6.0,UG
SP_000041,1253,0.0,MG
SP_000041,1012,1.11,G
SP_000041,1198,3.9,MG
SP_000041,1098,0.339,MG
SP_000041,1104,295.0,IU
SP_000041,1261,0.0,G
SP_000041,1224,0.37,G
SP_000041,1264,0.009,G
SP_000041,1165,0.022,MG
SP_000041,1005,80.59,G
SP_000041,1269,0.044,G
SP_000041,1257,0.0,G
SP_000041,1180,11.0,MG
SP_000041,1223,0.438,G
SP_000041,1227,0.195,G
SP_000041,1271,0.0,G
SP_000041,1304,0.0,G
SP_000041,1325,0.0,G
SP_000041,1275,0.001,G
SP_000041,1186,0.0,UG
SP_000041,1215,0.078,G
SP_000041,1268,0.246,G
SP_000041,1087,1002.0,MG
SP_000041,1222,0.166,G
SP_000041,1185,31.2,UG
SP_000041,1210,0.049,G
SP_000041,1219,0.224,G
SP_000041,2000,2.17,G
SP_000041,1217,0.146,G
SP_000041,1242,0.0,MG
SP_000041,1212,0.146,G
SP_000041,1092,431.0,MG
SP_000041,1277,0.0,G
SP_000041,1276,0.0,G
SP_000041,1106,15.0,UG
SP_000041,1266,0.082,G
SP_000041,1128,0.0,MG
SP_000041,1105,0.0,UG
SP_000041,1332,0.0,G
SP_000041,1225,0.195,G
SP_000041,1329,0.0,G
SP_000041,1051,10.58,G
SP_000042,1262,0.001,G
SP_000042,1198,0.3,MG
SP_000042,1129,0.0,MG
SP_000042,1246,0.0,UG
SP_000042,1051,91.45,G
SP_000042,1265,0.008,G
SP_000042,1261,0.0,G
SP_000042,1283,2.0,MG
SP_000042,1162,8.1,MG
SP_000042,1009,0.0,G
SP_000042,1279,0.0,G
SP_000042,1089,0.24,MG
SP_000042,1130,0.0,MG
SP_000042,1224,0.063,G
SP_000042,1223,0.039,G
SP_000042,1272,0.0,G
SP_000042,1098,0.042,MG
SP_000042,1190,3.0,UG
SP_000042,1184,0.0,UG
SP_000042,1010,1.21,G
SP_000042,1177,3.0,UG
SP_000042,1014,0.06,G
SP_000042,1091,11.0,MG
SP_000042,1185,0.1,UG
SP_000042,1242,0.0,MG
SP_000042,1058,0.0,MG
SP_000042,1095,0.1,MG
SP_000042,1131,0.0,MG
SP_000042,1120,78.0,UG
SP_000042,1013,0.0,G
SP_000042,1225,0.01,G
SP_000042,1093,1.0,MG
SP_000042,1280,0.0,G
SP_000042,1217,0.015,G
SP_000042,1011,1.58,G
SP_000042,1103,0.4,UG
SP_000042,1292,0.037,G
SP_000042,1079,0.4,G
SP_000042,1214,0.062,G
SP_000042,1218,0.012,G
SP_000042,1271,0.0,G
SP_000042,1275,0.0,G
SP_000042,1277,0.0,G
SP_000042,1165,0.033,MG
SP_000042,1101,0.038,MG
SP_000042,1126,0.0,MG
SP_000042,1012,3.36,G
SP_000042,1213,0.018,G
SP_000042,1106,28.0,UG
SP_000042,1226,0.024,G
SP_000042,1075,0.0,G
SP_000042,1293,0.05,G
SP_000042,1087,7.0,MG
SP_000042,1005,7.55,G
SP_000042,1170,0.221,MG
SP_000042,1259,0.0,G
SP_000042,1215,0.006,G
SP_000042,1062,127.0,kJ
SP_000042,1260,0.0,G
SP_000042,1175,0.045,MG
SP_000042,1004,0.15,G
SP_000042,1128,0.01,MG
SP_000042,1104,569.0,IU
SP_000042,1263,0.001,G
SP_000042,1211,0.027,G
SP_000042,1269,0.05,G
SP_000042,1180,4.1,MG
SP_000042,1057,0.0,MG
SP_000042,1018,0.0,G
SP_000042,1210,0.007,G
SP_000042,1253,0.0,MG
SP_000042,1008,30.0,KCAL
SP_000042,1122,4532.0,UG
SP_000042,1221,0.006,G
SP_000042,1266,0.006,G
SP_000042,1227,0.016,G
SP_000042,1107,303.0,UG
SP_000042,1114,0.0,UG
SP_000042,1110,0.0,IU
SP_000042,1166,0.021,MG
SP_000042,1276,0.0,G
SP_000042,1278,0.0,G
SP_000042,1099,1.5,UG
SP_000042,2000,6.2,G
SP_000042,1187,3.0,UG
SP_000042,1268,0.037,G
SP_000042,1220,0.059,G
SP_000042,1092,112.0,MG
SP_000042,1219,0.016,G
SP_000042,1090,10.0,MG
SP_000042,1258,0.016,G
SP_000042,1125,0.0,MG
SP_000042,1264,0.0,G
SP_000042,1007,0.25,G
SP_000042,1222,0.017,G
SP_000042,1003,0.61,G
SP_000042,1127,0.0,MG
SP_000042,1216,0.002,G
SP_000042,1257,0.0,G
SP_000042,1109,0.05,MG
SP_000042,1105,0.0,UG
SP_000042,1167,0.178,MG
SP_000042,1212,0.019,G
SP_000042,1186,0.0,UG
SP_000042,1270,0.0,G
SP_000042,1178,0.0,UG
SP_000042,1123,8.0,UG
SP_000042,1108,0.0,UG
SP_000043,1057,0.0,MG
SP_000043,1090,6.0,MG
SP_000043,1292,0.019,G
SP_000043,1114,0.0,UG
SP_000043,1166,0.02,MG
SP_000043,1091,18.0,MG
SP_000043,1214,0.014,G
SP_000043,1175,0.043,MG
SP_000043,1185,0.6,UG
SP_000043,1110,0.0,IU
SP_000043,1268,0.016,G
SP_000043,1258,0.022,G
SP_000043,1104,50.0,IU
SP_000043,1293,0.055,G
SP_000043,1005,10.54,G
SP_000043,1123,0.0,UG
SP_000043,1162,29.1,MG
SP_000043,1170,0.217,MG
SP_000043,1095,0.11,MG
SP_000043,1122,0.0,UG
SP_000043,1272,0.0,G
SP_000043,1106,2.0,UG
SP_000043,1215,0.002,G
SP_000043,1165,0.03,MG
SP_000043,1018,0.0,G
SP_000043,1186,0.0,UG
SP_000043,1101,0.008,MG
SP_000043,1008,30.0,KCAL
SP_000043,1279,0.0,G
SP_000043,1177,8.0,UG
SP_000043,1261,0.0,G
SP_000043,1079,2.8,G
SP_000043,1259,0.0,G
SP_000043,1271,0.0,G
SP_000043,1269,0.036,G
SP_000043,1109,0.22,MG
SP_000043,1257,0.0,G
SP_000043,1270,0.019,G
SP_000043,1262,0.0,G
SP_000043,1260,0.0,G
SP_000043,1108,0.0,UG
SP_000043,1280,0.0,G
SP_000043,1103,0.4,UG
SP_000043,1093,2.0,MG
SP_000043,1087,33.0,MG
SP_000043,1058,0.0,MG
SP_000043,1003,0.7,G
SP_000043,1178,0.0,UG
SP_000043,1246,0.0,UG
SP_000043,1120,0.0,UG
SP_000043,1275,0.003,G
SP_000043,1167,0.2,MG
SP_000043,1092,102.0,MG
SP_000043,1004,0.2,G
SP_000043,2000,1.69,G
SP_000043,1190,8.0,UG
SP_000043,1051,88.26,G
SP_000043,1253,0.0,MG
SP_000043,1277,0.0,G
SP_000043,1276,0.0,G
SP_000043,1263,0.0,G
SP_000043,1242,0.0,MG
SP_000043,1062,126.0,kJ
SP_000043,1266,0.001,G
SP_000043,1278,0.0,G
SP_000043,1265,0.02,G
SP_000043,1264,0.001,G
SP_000043,1007,0.3,G
SP_000043,1098,0.065,MG
SP_000043,1187,8.0,UG
SP_000043,1107,30.0,UG
SP_000043,1210,0.003,G
SP_000043,1089,0.6,MG
SP_000043,1105,0.0,UG
SP_000043,1180,5.1,MG
SP_000045,1105,0.0,UG
SP_000045,1003,0.76,G
SP_000045,1107,0.0,UG
SP_000045,1162,61.0,MG
SP_000045,1095,0.08,MG
SP_000045,1092,216.0,MG
SP_000045,1004,0.04,G
SP_000045,1091,17.0,MG
SP_000045,1166,0.027,MG
SP_000045,1101,0.017,MG
SP_000045,1008,38.0,KCAL
SP_000045,1104,8.0,IU
SP_000045,1062,159.0,kJ
SP_000045,1175,0.036,MG
SP_000045,1007,0.48,G
SP_000045,1253,0.0,MG
SP_000045,1051,89.1,G
SP_000045,1120,10.0,UG
SP_000045,1165,0.034,MG
SP_000045,1098,0.048,MG
SP_000045,1093,1.0,MG
SP_000045,1005,9.62,G
SP_000045,1090,6.0,MG
SP_000045,1178,0.0,UG
SP_000045,1167,0.22,MG
SP_000045,1108,0.0,UG
SP_000045,1257,0.0,G
SP_000045,1079,1.0,G
SP_000045,1106,0.0,UG
SP_000045,1087,4.0,MG
SP_000045,1089,0.11,MG
SP_000047,1051,99.39,G
SP_000047,1267,0.0,G
SP_000047,1293,0.001,G
SP_000047,1123,0.0,UG
SP_000047,1099,90.7,UG
SP_000047,1107,0.0,UG
SP_000047,1114,0.0,UG
SP_000047,1165,0.014,MG
SP_000047,1011,0.0,G
SP_000047,1280,0.0,G
SP_000047,1062,2.0,kJ
SP_000047,1272,0.0,G
SP_000047,1180,2.6,MG
SP_000047,1225,0.004,G
SP_000047,1007,0.35,G
SP_000047,1217,0.003,G
SP_000047,1332,0.0,G
SP_000047,1177,2.0,UG
SP_000047,1185,0.1,UG
SP_000047,1329,0.0,G
SP_000047,1104,0.0,IU
SP_000047,1210,0.0,G
SP_000047,1186,0.0,UG
SP_000047,1089,0.01,MG
SP_000047,1105,0.0,UG
SP_000047,1219,0.003,G
SP_000047,1110,0.0,IU
SP_000047,1079,0.0,G
SP_000047,1304,0.0,G
SP_000047,1012,0.0,G
SP_000047,1162,0.0,MG
SP_000047,1315,0.015,G
SP_000047,1018,0.0,G
SP_000047,1166,0.076,MG
SP_000047,1265,0.002,G
SP_000047,1014,0.0,G
SP_000047,1323,0.0,G
SP_000047,1270,0.0,G
SP_000047,1220,0.001,G
SP_000047,1275,0.0,G
SP_000047,1274,0.0,G
SP_000047,1212,0.002,G
SP_000047,1325,0.0,G
SP_000047,1260,0.0,G
SP_000047,1223,0.005,G
SP_000047,1013,0.0,G
SP_000047,1263,0.0,G
SP_000047,1266,0.0,G
SP_000047,1008,1.0,KCAL
SP_000047,1091,3.0,MG
SP_000047,1259,0.0,G
SP_000047,1313,0.0,G
SP_000047,1277,0.0,G
SP_000047,1218,0.002,G
SP_000047,1098,0.002,MG
SP_000047,1301,0.0,G
SP_000047,1253,0.0,MG
SP_000047,1246,0.0,UG
SP_000047,1242,0.0,MG
SP_000047,1292,0.015,G
SP_000047,1269,0.001,G
SP_000047,1095,0.02,MG
SP_000047,1216,0.002,G
SP_000047,1131,0.0,MG
SP_000047,1090,3.0,MG
SP_000047,1214,0.001,G
SP_000047,1279,0.0,G
SP_000047,1222,0.003,G
SP_000047,1057,40.0,MG
SP_000047,1103,0.0,UG
SP_000047,1262,0.0,G
SP_000047,1271,0.0,G
SP_000047,1261,0.0,G
SP_000047,1130,0.0,MG
SP_000047,1003,0.12,G
SP_000047,1058,0.0,MG
SP_000047,1213,0.005,G
SP_000047,1221,0.002,G
SP_000047,1257,0.0,G
SP_000047,1321,0.0,G
SP_000047,1106,0.0,UG
SP_000047,1167,0.191,MG
SP_000047,1122,0.0,UG
SP_000047,1215,0.0,G
SP_000047,1276,0.0,G
SP_000047,1226,0.004,G
SP_000047,1075,0.0,G
SP_000047,1126,0.01,MG
SP_000047,1092,49.0,MG
SP_000047,1093,2.0,MG
SP_000047,1127,0.0,MG
SP_000047,1129,0.0,MG
SP_000047,1268,0.0,G
SP_000047,1125,0.0,MG
SP_000047,1128,0.02,MG
SP_000047,1278,0.0,G
SP_000047,1120,0.0,UG
SP_000047,1087,2.0,MG
SP_000047,1299,0.0,G
SP_000047,1300,0.0,G
SP_000047,1224,0.02,G
SP_000047,1109,0.01,MG
SP_000047,2000,0.0,G
SP_000047,1175,0.001,MG
SP_000047,1004,0.02,G
SP_000047,1273,0.0,G
SP_000047,1187,2.0,UG
SP_000047,1010,0.0,G
SP_000047,1178,0.0,UG
SP_000047,1404,0.0,G
SP_000047,1264,0.0,G
SP_000047,1170,0.254,MG
SP_000047,1190,2.0,UG
SP_000047,1101,0.023,MG
SP_000047,1333,0.0,G
SP_000047,1005,0.0,G
SP_000047,1211,0.001,G
SP_000047,1108,0.0,UG
SP_000047,1258,0.002,G
SP_000047,1227,0.001,G
SP_000048,1266,0.001,G
SP_000048,1101,0.426,MG
SP_000048,1285,3.0,MG
SP_000048,1260,0.0,G
SP_000048,1293,0.04,G
SP_000048,1098,0.225,MG
SP_000048,1277,0.0,G
SP_000048,1103,0.9,UG
SP_000048,1079,2.8,G
SP_000048,1270,0.0,G
SP_000048,1258,0.014,G
SP_000048,1095,0.5,MG
SP_000048,1105,0.0,UG
SP_000048,1057,0.0,MG
SP_000048,1271,0.0,G
SP_000048,1265,0.012,G
SP_000048,1246,0.0,UG
SP_000048,1165,0.067,MG
SP_000048,1178,0.0,UG
SP_000048,1108,36.0,UG
SP_000048,1288,2.0,MG
SP_000048,1272,0.0,G
SP_000048,1283,5.0,MG
SP_000048,2000,0.87,G
SP_000048,1005,3.67,G
SP_000048,1187,62.0,UG
SP_000048,1276,0.0,G
SP_000048,1058,0.0,MG
SP_000048,1106,337.0,UG
SP_000048,1167,1.114,MG
SP_000048,1262,0.0,G
SP_000048,1190,62.0,UG
SP_000048,1114,0.0,UG
SP_000048,1004,0.52,G
SP_000048,1089,1.77,MG
SP_000048,1175,0.149,MG
SP_000048,1278,0.0,G
SP_000048,1257,0.0,G
SP_000048,1107,3930.0,UG
SP_000048,1018,0.0,G
SP_000048,1275,0.002,G
SP_000048,1166,0.162,MG
SP_000048,1177,62.0,UG
SP_000048,1253,0.0,MG
SP_000048,1170,0.57,MG
SP_000048,1090,26.0,MG
SP_000048,1286,0.0,MG
SP_000048,1110,0.0,IU
SP_000048,1268,0.273,G
SP_000048,1259,0.0,G
SP_000048,1292,0.275,G
SP_000048,1269,0.04,G
SP_000048,1185,310.0,UG
SP_000048,1003,2.13,G
SP_000048,1051,92.21,G
SP_000048,1062,95.0,kJ
SP_000048,1104,6748.0,IU
SP_000048,1093,46.0,MG
SP_000048,1123,865.0,UG
SP_000048,1264,0.0,G
SP_000048,1263,0.0,G
SP_000048,1280,0.0,G
SP_000048,1162,27.0,MG
SP_000048,1091,48.0,MG
SP_000048,1186,0.0,UG
SP_000048,1180,12.8,MG
SP_000048,1279,0.0,G
SP_000048,1007,1.47,G
SP_000048,1092,521.0,MG
SP_000048,1120,202.0,UG
SP_000048,1242,0.0,MG
SP_000048,1261,0.0,G
SP_000048,1087,67.0,MG
SP_000048,1122,0.0,UG
SP_000048,1008,23.0,KCAL
SP_000048,1109,2.5,MG
SP_000049,1162,80.8,MG
SP_000049,1051,11.9,G
SP_000049,1105,0.0,UG
SP_000049,1262,0.0,G
SP_000049,1057,0.0,MG
SP_000049,1079,3.9,G
SP_000049,1165,0.115,MG
SP_000049,1270,1.242,G
SP_000049,1280,0.006,G
SP_000049,1177,93.0,UG
SP_000049,1004,5.85,G
SP_000049,1276,0.0,G
SP_000049,1089,11.1,MG
SP_000049,1018,0.0,G
SP_000049,1098,0.328,MG
SP_000049,1269,0.754,G
SP_000049,1058,0.0,MG
SP_000049,1279,0.0,G
SP_000049,1106,27.0,UG
SP_000049,1095,1.09,MG
SP_000049,1272,0.0,G
SP_000049,1092,1724.0,MG
SP_000049,1263,0.0,G
SP_000049,1260,0.0,G
SP_000049,1110,0.0,IU
SP_000049,1087,111.0,MG
SP_000049,1007,5.45,G
SP_000049,1259,0.0,G
SP_000049,1258,1.586,G
SP_000049,1264,0.006,G
SP_000049,1166,0.267,MG
SP_000049,1103,5.6,UG
SP_000049,1293,2.067,G
SP_000049,1005,65.37,G
SP_000049,1257,0.0,G
SP_000049,1275,0.003,G
SP_000049,1253,0.0,MG
SP_000049,1062,1298.0,kJ
SP_000049,1261,0.0,G
SP_000049,1114,0.0,UG
SP_000049,1278,0.0,G
SP_000049,1292,0.429,G
SP_000049,1265,1.157,G
SP_000049,1104,530.0,IU
SP_000049,1277,0.006,G
SP_000049,1167,1.46,MG
SP_000049,1187,93.0,UG
SP_000049,1175,1.01,MG
SP_000049,1271,0.013,G
SP_000049,1091,252.0,MG
SP_000049,1101,28.408,MG
SP_000049,1178,0.0,UG
SP_000049,1266,0.247,G
SP_000049,1190,93.0,UG
SP_000049,1093,148.0,MG
SP_000049,1186,0.0,UG
SP_000049,1003,11.43,G
SP_000049,1008,310.0,KCAL
SP_000049,1090,264.0,MG
SP_000049,1268,0.39,G
SP_000050,1185,24.0,UG
SP_000050,1184,0.0,UG
SP_000050,1183,0.0,UG
SP_000050,1091,23.23,MG
SP_000050,1051,95.87,G
SP_000050,1176,0.9625,UG
SP_000050,1101,0.08488,MG
SP_000050,1004,0.1775,G
SP_000050,1007,0.375,G
SP_000050,1098,0.06299,MG
SP_000050,1002,0.1,G
SP_000050,1089,0.0,MG
SP_000050,1087,16.34,MG
SP_000050,1095,0.204,MG
SP_000050,1093,1.515,MG
SP_000050,1090,10.11,MG
SP_000050,1092,169.6,MG
SP_000050,1102,3.723,UG
SP_000050,1003,0.625,G
SP_000050,1005,2.9525,G
SP_000050,2047,15.9075,KCAL
SP_000050,2048,13.934925,KCAL
SP_000051,1105,0.0,UG
SP_000051,1098,0.867,MG
SP_000051,1051,8.06,G
SP_000051,1177,10.0,UG
SP_000051,1162,7.7,MG
SP_000051,1186,0.0,UG
SP_000051,1008,375.0,KCAL
SP_000051,1166,0.327,MG
SP_000051,1110,0.0,IU
SP_000051,1272,0.0,G
SP_000051,1271,0.0,G
SP_000051,1293,3.279,G
SP_000051,1269,3.103,G
SP_000051,1092,1788.0,MG
SP_000051,1057,0.0,MG
SP_000051,1279,0.0,G
SP_000051,1004,22.27,G
SP_000051,1275,0.212,G
SP_000051,1175,0.435,MG
SP_000051,1265,1.137,G
SP_000051,1268,13.618,G
SP_000051,1187,10.0,UG
SP_000051,1185,5.4,UG
SP_000051,1108,0.0,UG
SP_000051,1093,168.0,MG
SP_000051,1258,1.535,G
SP_000051,1104,1270.0,IU
SP_000051,1003,17.81,G
SP_000051,1122,0.0,UG
SP_000051,1103,5.2,UG
SP_000051,1261,0.0,G
SP_000051,1262,0.018,G
SP_000051,1263,0.018,G
SP_000051,1264,0.018,G
SP_000051,1270,0.176,G
SP_000051,1276,0.0,G
SP_000051,1091,499.0,MG
SP_000051,1165,0.628,MG
SP_000051,1005,44.24,G
SP_000051,1114,0.0,UG
SP_000051,1018,0.0,G
SP_000051,1266,0.344,G
SP_000051,1007,7.62,G
SP_000051,1107,762.0,UG
SP_000051,1178,0.0,UG
SP_000051,1246,0.0,UG
SP_000051,1058,0.0,MG
SP_000051,1062,1567.0,kJ
SP_000051,1167,4.579,MG
SP_000051,1283,68.0,MG
SP_000051,1090,366.0,MG
SP_000051,1095,4.8,MG
SP_000051,1292,14.04,G
SP_000051,1106,64.0,UG
SP_000051,1278,0.0,G
SP_000051,1120,0.0,UG
SP_000051,1253,0.0,MG
SP_000051,1260,0.0,G
SP_000051,1280,0.0,G
SP_000051,1109,3.33,MG
SP_000051,2000,2.25,G
SP_000051,1087,931.0,MG
SP_000051,1277,0.212,G
SP_000051,1242,0.0,MG
SP_000051,1180,24.7,MG
SP_000051,1123,448.0,UG
SP_000051,1190,10.0,UG
SP_000051,1101,3.333,MG
SP_000051,1259,0.0,G
SP_000051,1089,66.36,MG
SP_000051,1079,10.5,G
SP_000052,1270,0.084,G
SP_000052,1090,208.0,MG
SP_000052,1190,20.0,UG
SP_000052,1242,0.0,MG
SP_000052,1131,0.0,MG
SP_000052,1304,0.056,G
SP_000052,1105,0.0,UG
SP_000052,1010,2.38,G
SP_000052,1127,0.0,MG
SP_000052,1220,0.54,G
SP_000052,1120,0.0,UG
SP_000052,1267,0.097,G
SP_000052,1213,0.81,G
SP_000052,1004,3.25,G
SP_000052,1258,1.838,G
SP_000052,1226,0.48,G
SP_000052,1177,20.0,UG
SP_000052,1170,0.542,MG
SP_000052,1216,0.15,G
SP_000052,1162,0.7,MG
SP_000052,1166,0.15,MG
SP_000052,1091,299.0,MG
SP_000052,1107,0.0,UG
SP_000052,1167,1.35,MG
SP_000052,1323,0.164,G
SP_000052,1293,0.756,G
SP_000052,1264,0.394,G
SP_000052,1057,0.0,MG
SP_000052,1018,0.0,G
SP_000052,1184,0.0,UG
SP_000052,1404,0.003,G
SP_000052,1165,0.058,MG
SP_000052,1198,9.7,MG
SP_000052,1103,6.2,UG
SP_000052,1128,0.12,MG
SP_000052,1262,0.848,G
SP_000052,1013,0.0,G
SP_000052,1011,0.38,G
SP_000052,1125,0.01,MG
SP_000052,1089,55.0,MG
SP_000052,1292,0.449,G
SP_000052,1215,0.14,G
SP_000052,1321,0.081,G
SP_000052,1301,0.0,G
SP_000052,1098,1.3,MG
SP_000052,1062,1305.0,kJ
SP_000052,1008,312.0,KCAL
SP_000052,1214,0.38,G
SP_000052,1175,0.107,MG
SP_000052,1126,0.72,MG
SP_000052,1273,0.0,G
SP_000052,1109,4.43,MG
SP_000052,1333,0.0,G
SP_000052,1186,0.0,UG
SP_000052,1218,0.32,G
SP_000052,1122,0.0,UG
SP_000052,1095,4.5,MG
SP_000052,1260,0.0,G
SP_000052,1123,0.0,UG
SP_000052,1265,0.155,G
SP_000052,1014,0.0,G
SP_000052,1269,0.672,G
SP_000052,1277,0.0,G
SP_000052,1253,0.0,MG
SP_000052,2000,3.21,G
SP_000052,1274,0.154,G
SP_000052,1129,0.0,MG
SP_000052,1228,0.0,G
SP_000052,1101,19.8,MG
SP_000052,1275,0.0,G
SP_000052,1263,0.003,G
SP_000052,1104,0.0,IU
SP_000052,1110,0.0,IU
SP_000052,1007,7.08,G
SP_000052,1223,1.86,G
SP_000052,1325,0.0,G
SP_000052,1106,0.0,UG
SP_000052,1280,0.0,G
SP_000052,1312,0.0,G
SP_000052,1075,0.0,G
SP_000052,1058,0.0,MG
SP_000052,1266,0.003,G
SP_000052,1051,12.85,G
SP_000052,1210,0.17,G
SP_000052,1268,0.131,G
SP_000052,1329,0.056,G
SP_000052,1114,0.0,UG
SP_000052,1012,0.45,G
SP_000052,1092,2080.0,MG
SP_000052,1003,9.68,G
SP_000052,1222,0.33,G
SP_000052,1300,0.335,G
SP_000052,1259,0.0,G
SP_000052,1079,22.7,G
SP_000052,1217,0.53,G
SP_000052,1332,0.0,G
SP_000052,1261,0.003,G
SP_000052,1246,0.0,UG
SP_000052,1185,13.4,UG
SP_000052,1187,20.0,UG
SP_000052,1315,0.075,G
SP_000052,1272,0.0,G
SP_000052,1130,0.05,MG
SP_000052,1225,0.47,G
SP_000052,1299,0.0,G
SP_000052,1221,0.15,G
SP_000052,1212,0.47,G
SP_000052,1180,49.2,MG
SP_000052,1093,27.0,MG
SP_000052,1211,0.33,G
SP_000052,1279,0.0,G
SP_000052,1005,67.14,G
SP_000052,1227,0.28,G
SP_000052,1271,0.0,G
SP_000052,1276,0.0,G
SP_000052,1087,168.0,MG
SP_000052,1178,0.0,UG
SP_000052,1219,0.66,G
SP_000052,1224,1.14,G
SP_000052,1278,0.0,G
SP_000052,1313,0.0,G
SP_000052,1108,0.0,UG
SP_000052,1257,0.056,G
SP_000053,1269,0.049,G
SP_000053,1266,0.002,G
SP_000053,1103,0.6,UG
SP_000053,1177,3.0,UG
SP_000053,1187,3.0,UG
SP_000053,1268,0.036,G
SP_000053,1095,0.04,MG
SP_000053,1262,0.0,G
SP_000053,1271,0.0,G
SP_000053,1089,0.7,MG
SP_000053,1253,0.0,MG
SP_000053,1270,0.0,G
SP_000053,1167,0.2,MG
SP_000053,1257,0.0,G
SP_000053,1186,0.0,UG
SP_000053,1280,0.0,G
SP_000053,1272,0.0,G
SP_000053,1079,1.9,G
SP_000053,1259,0.0,G
SP_000053,1166,0.03,MG
SP_000053,1165,0.02,MG
SP_000053,1260,0.0,G
SP_000053,1190,3.0,UG
SP_000053,1092,197.0,MG
SP_000053,1170,0.081,MG
SP_000053,1178,0.0,UG
SP_000053,1062,238.0,kJ
SP_000053,1090,8.0,MG
SP_000053,1051,83.8,G
SP_000053,1004,0.1,G
SP_000053,1005,15.3,G
SP_000053,1093,4.0,MG
SP_000053,1261,0.0,G
SP_000053,1293,0.05,G
SP_000053,1258,0.01,G
SP_000053,1106,2.0,UG
SP_000053,1007,0.4,G
SP_000053,1087,11.0,MG
SP_000053,1277,0.0,G
SP_000053,1162,15.0,MG
SP_000053,1008,57.0,KCAL
SP_000053,1104,40.0,IU
SP_000053,1105,0.0,UG
SP_000053,1264,0.0,G
SP_000053,1292,0.036,G
SP_000053,1278,0.0,G
SP_000053,1265,0.007,G
SP_000053,1003,0.4,G
SP_000053,1279,0.0,G
SP_000053,1275,0.0,G
SP_000053,1276,0.0,G
SP_000053,1263,0.0,G
SP_000053,1098,0.13,MG
SP_000053,1091,17.0,MG
SP_000053,1175,0.04,MG
SP_000053,1018,0.0,G
SP_000055,1167,1.102,MG
SP_000055,1175,0.23,MG
SP_000055,1110,0.0,IU
SP_000055,1005,68.47,G
SP_000055,1165,0.198,MG
SP_000055,1257,0.0,G
SP_000055,1162,21.0,MG
SP_000055,1264,0.03,G
SP_000055,1178,0.0,UG
SP_000055,1293,0.43,G
SP_000055,1268,0.85,G
SP_000055,1062,1303.0,kJ
SP_000055,1008,311.0,KCAL
SP_000055,1275,0.02,G
SP_000055,1166,0.182,MG
SP_000055,1269,0.31,G
SP_000055,1051,8.28,G
SP_000055,1091,178.0,MG
SP_000055,1093,18.0,MG
SP_000055,1262,0.0,G
SP_000055,1092,1119.0,MG
SP_000055,1098,0.383,MG
SP_000055,1258,0.68,G
SP_000055,1004,6.7,G
SP_000055,1270,0.12,G
SP_000055,1263,0.0,G
SP_000055,1114,0.0,UG
SP_000055,1087,383.0,MG
SP_000055,1003,10.76,G
SP_000055,1283,46.0,MG
SP_000055,1104,0.0,IU
SP_000055,1265,0.57,G
SP_000055,1089,13.97,MG
SP_000055,1101,28.0,MG
SP_000055,1090,229.0,MG
SP_000055,1266,0.06,G
SP_000055,1079,28.0,G
SP_000055,1292,0.87,G
SP_000055,1095,7.47,MG
SP_000055,1253,0.0,MG
SP_000055,1007,5.78,G
SP_000055,1106,0.0,UG
SP_000055,1105,0.0,UG
SP_000056,1062,197.0,kJ
SP_000056,1265,0.032,G
SP_000056,1218,0.013,G
SP_000056,1278,0.0,G
SP_000056,1089,0.28,MG
SP_000056,1101,0.148,MG
SP_000056,1283,2.0,MG
SP_000056,1272,0.0,G
SP_000056,1005,12.14,G
SP_000056,1162,1.0,MG
SP_000056,1104,1528.0,IU
SP_000056,1166,0.024,MG
SP_000056,1007,0.5,G
SP_000056,1214,0.023,G
SP_000056,1222,0.024,G
SP_000056,1275,0.0,G
SP_000056,1263,0.001,G
SP_000056,1213,0.026,G
SP_000056,1090,13.0,MG
SP_000056,1177,14.0,UG
SP_000056,1051,86.73,G
SP_000056,1277,0.0,G
SP_000056,1004,0.2,G
SP_000056,1253,0.0,MG
SP_000056,1259,0.0,G
SP_000056,1224,0.061,G
SP_000056,1087,16.0,MG
SP_000056,1269,0.077,G
SP_000056,1091,27.0,MG
SP_000056,1217,0.014,G
SP_000056,1258,0.04,G
SP_000056,1093,1.0,MG
SP_000056,1225,0.02,G
SP_000056,1092,266.0,MG
SP_000056,1186,0.0,UG
SP_000056,1175,0.1,MG
SP_000056,1178,0.0,UG
SP_000056,1105,0.0,UG
SP_000056,1264,0.001,G
SP_000056,1219,0.021,G
SP_000056,1292,0.008,G
SP_000056,1227,0.02,G
SP_000056,1103,0.6,UG
SP_000056,1293,0.091,G
SP_000056,1276,0.0,G
SP_000056,1262,0.0,G
SP_000056,1260,0.0,G
SP_000056,1018,0.0,G
SP_000056,1167,0.18,MG
SP_000056,1165,0.019,MG
SP_000056,1211,0.015,G
SP_000056,1221,0.007,G
SP_000056,1003,0.43,G
SP_000056,1257,0.0,G
SP_000056,1261,0.0,G
SP_000056,1187,14.0,UG
SP_000056,1008,47.0,KCAL
SP_000056,1220,0.014,G
SP_000056,1215,0.004,G
SP_000056,1279,0.0,G
SP_000056,1226,0.027,G
SP_000056,1210,0.005,G
SP_000056,1079,1.7,G
SP_000056,1190,14.0,UG
SP_000056,1266,0.004,G
SP_000056,1106,76.0,UG
SP_000056,1270,0.013,G
SP_000056,1223,0.058,G
SP_000056,1095,0.05,MG
SP_000056,1212,0.015,G
SP_000056,1271,0.0,G
SP_000056,1280,0.0,G
SP_000056,1098,0.04,MG
SP_000056,1216,0.006,G
SP_000056,1268,0.008,G
SP_000057,1004,0.3,G
SP_000057,1079,2.9,G
SP_000057,1272,0.0,G
SP_000057,1257,0.0,G
SP_000057,1104,142.0,IU
SP_000057,1106,7.0,UG
SP_000057,1095,0.15,MG
SP_000057,1008,74.0,KCAL
SP_000057,1123,9.0,UG
SP_000057,1180,4.7,MG
SP_000057,1005,19.18,G
SP_000057,1222,0.045,G
SP_000057,1224,0.072,G
SP_000057,1218,0.032,G
SP_000057,1170,0.3,MG
SP_000057,1259,0.0,G
SP_000057,1007,0.66,G
SP_000057,1219,0.028,G
SP_000057,1122,0.0,UG
SP_000057,1109,0.11,MG
SP_000057,1058,0.0,MG
SP_000057,1190,6.0,UG
SP_000057,1215,0.006,G
SP_000057,1280,0.0,G
SP_000057,1114,0.0,UG
SP_000057,1283,31.0,MG
SP_000057,1105,0.0,UG
SP_000057,1177,6.0,UG
SP_000057,1092,232.0,MG
SP_000057,1107,85.0,UG
SP_000057,1227,0.037,G
SP_000057,1167,0.4,MG
SP_000057,1087,35.0,MG
SP_000057,1165,0.06,MG
SP_000057,1062,310.0,kJ
SP_000057,1278,0.0,G
SP_000057,1108,0.0,UG
SP_000057,1221,0.011,G
SP_000057,1166,0.05,MG
SP_000057,2000,16.26,G
SP_000057,1279,0.0,G
SP_000057,1292,0.066,G
SP_000057,1258,0.06,G
SP_000057,1263,0.0,G
SP_000057,1216,0.012,G
SP_000057,1210,0.006,G
SP_000057,1093,1.0,MG
SP_000057,1223,0.176,G
SP_000057,1091,14.0,MG
SP_000057,1265,0.046,G
SP_000057,1266,0.012,G
SP_000057,1246,0.0,UG
SP_000057,1120,0.0,UG
SP_000057,1186,0.0,UG
SP_000057,1268,0.066,G
SP_000057,1293,0.144,G
SP_000057,1098,0.07,MG
SP_000057,1187,6.0,UG
SP_000057,1003,0.75,G
SP_000057,1101,0.128,MG
SP_000057,1253,0.0,MG
SP_000057,1185,4.7,UG
SP_000057,1276,0.0,G
SP_000057,1261,0.0,G
SP_000057,1211,0.024,G
SP_000057,1271,0.0,G
SP_000057,1269,0.144,G
SP_000057,1226,0.049,G
SP_000057,1212,0.023,G
SP_000057,1103,0.2,UG
SP_000057,1264,0.002,G
SP_000057,1175,0.113,MG
SP_000057,1214,0.03,G
SP_000057,1217,0.018,G
SP_000057,1260,0.0,G
SP_000057,1110,0.0,IU
SP_000057,1057,0.0,MG
SP_000057,1225,0.025,G
SP_000057,1275,0.0,G
SP_000057,1242,0.0,MG
SP_000057,1220,0.017,G
SP_000057,1270,0.0,G
SP_000057,1018,0.0,G
SP_000057,1213,0.033,G
SP_000057,1089,0.37,MG
SP_000057,1277,0.0,G
SP_000057,1090,17.0,MG
SP_000057,1162,2.0,MG
SP_000057,1178,0.0,UG
SP_000057,1262,0.0,G
SP_000057,1051,79.11,G
SP_000058,1057,0.0,MG
SP_000058,1170,0.232,MG
SP_000058,1279,0.0,G
SP_000058,1107,578.0,UG
SP_000058,1268,0.065,G
SP_000058,1269,0.169,G
SP_000058,2000,3.93,G
SP_000058,1004,0.2,G
SP_000058,1120,0.0,UG
SP_000058,1242,0.0,MG
SP_000058,1103,0.7,UG
SP_000058,1187,27.0,UG
SP_000058,1110,0.0,IU
SP_000058,1253,0.0,MG
SP_000058,1185,62.8,UG
SP_000058,1266,0.009,G
SP_000058,1278,0.0,G
SP_000058,1292,0.068,G
SP_000058,1175,0.047,MG
SP_000058,1259,0.0,G
SP_000058,1090,17.0,MG
SP_000058,1271,0.0,G
SP_000058,1123,607.0,UG
SP_000058,1265,0.079,G
SP_000058,1003,1.24,G
SP_000058,1018,0.0,G
SP_000058,1166,0.032,MG
SP_000058,1104,963.0,IU
SP_000058,1277,0.0,G
SP_000058,1114,0.0,UG
SP_000058,1263,0.0,G
SP_000058,1093,52.0,MG
SP_000058,1005,7.3,G
SP_000058,1101,0.191,MG
SP_000058,1180,13.2,MG
SP_000058,1058,0.0,MG
SP_000058,1186,0.0,UG
SP_000058,1258,0.09,G
SP_000058,1262,0.0,G
SP_000058,1095,0.2,MG
SP_000058,1246,0.0,UG
SP_000058,1162,12.0,MG
SP_000058,1178,0.0,UG
SP_000058,1280,0.0,G
SP_000058,1257,0.0,G
SP_000058,1092,414.0,MG
SP_000058,1165,0.01,MG
SP_000058,1177,27.0,UG
SP_000058,1264,0.002,G
SP_000058,1272,0.0,G
SP_000058,1275,0.002,G
SP_000058,1109,0.58,MG
SP_000058,1190,27.0,UG
SP_000058,1008,31.0,KCAL
SP_000058,1087,49.0,MG
SP_000058,1106,48.0,UG
SP_000058,1276,0.0,G
SP_000058,1261,0.0,G
SP_000058,1091,50.0,MG
SP_000058,1270,0.0,G
SP_000058,1098,0.066,MG
SP_000058,1089,0.73,MG
SP_000058,1079,3.1,G
SP_000058,1167,0.64,MG
SP_000058,1007,1.05,G
SP_000058,1051,90.21,G
SP_000058,1108,0.0,UG
SP_000058,1260,0.0,G
SP_000058,1293,0.169,G
SP_000058,1105,0.0,UG
SP_000058,1122,0.0,UG
SP_000058,1062,129.0,kJ
SP_000059,1176,0.19,UG
SP_000059,1063,4.862,G
SP_000059,2048,32.66565,KCAL
SP_000059,2047,36.4,KCAL
SP_000059,1005,7.964375,G
SP_000059,1003,0.640625,G
SP_000059,1093,0.0,MG
SP_000059,1043,0.0,MG
SP_000059,1011,2.244,G
SP_000059,1101,0.3675,MG
SP_000059,1087,16.9,MG
SP_000059,1004,0.22,G
SP_000059,1090,12.52,MG
SP_000059,1014,0.0,G
SP_000059,1012,2.618,G
SP_000059,1044,0.0,MG
SP_000059,1091,22.98,MG
SP_000059,1041,0.0,MG
SP_000059,1162,59.62,MG
SP_000059,1098,0.03471,MG
SP_000059,1010,0.0,G
SP_000059,1095,0.114,MG
SP_000059,1051,90.83,G
SP_000059,1002,0.1025,G
SP_000059,1032,699.8,MG
SP_000059,1089,0.255,MG
SP_000059,1007,0.345,G
SP_000059,1013,0.0,G
SP_000059,1092,160.7,MG
SP_000059,1039,198.1,MG
SP_000059,1075,0.0,G
SP_000060,1178,0.0,UG
SP_000060,1165,0.874,MG
SP_000060,1091,704.0,MG
SP_000060,1293,11.255,G
SP_000060,1098,1.658,MG
SP_000060,1087,277.0,MG
SP_000060,1003,36.49,G
SP_000060,1051,8.54,G
SP_000060,1095,4.89,MG
SP_000060,1101,2.517,MG
SP_000060,1268,4.348,G
SP_000060,1079,9.3,G
SP_000060,1109,0.85,MG
SP_000060,1177,375.0,UG
SP_000060,1092,1797.0,MG
SP_000060,1090,280.0,MG
SP_000060,1103,17.8,UG
SP_000060,1275,0.055,G
SP_000060,1007,4.87,G
SP_000060,1004,19.94,G
SP_000060,1292,4.404,G
SP_000060,1162,6.0,MG
SP_000060,1283,161.0,MG
SP_000060,1175,0.377,MG
SP_000060,1093,2.0,MG
SP_000060,1264,0.055,G
SP_000060,1253,0.0,MG
SP_000060,1269,9.925,G
SP_000060,1266,0.712,G
SP_000060,1062,1866.0,kJ
SP_000060,1226,2.379,G
SP_000060,1005,30.16,G
SP_000060,1123,0.0,UG
SP_000060,1107,13.0,UG
SP_000060,1223,5.112,G
SP_000060,1225,1.88,G
SP_000060,1227,2.357,G
SP_000060,1210,0.591,G
SP_000060,1257,0.0,G
SP_000060,1104,22.0,IU
SP_000060,1008,446.0,KCAL
SP_000060,1180,115.9,MG
SP_000060,1185,47.0,UG
SP_000060,1219,2.029,G
SP_000060,1106,1.0,UG
SP_000060,1220,3.153,G
SP_000060,1018,0.0,G
SP_000060,1198,2.1,MG
SP_000060,1057,0.0,MG
SP_000060,1214,2.706,G
SP_000060,2000,7.33,G
SP_000060,1216,0.655,G
SP_000060,1213,3.309,G
SP_000060,1186,0.0,UG
SP_000060,1120,0.0,UG
SP_000060,1222,1.915,G
SP_000060,1114,0.0,UG
SP_000060,1108,0.0,UG
SP_000060,1221,1.097,G
SP_000060,1224,7.874,G
SP_000060,1215,0.547,G
SP_000060,1217,2.122,G
SP_000060,1058,0.0,MG
SP_000060,1212,1.971,G
SP_000060,1211,1.766,G
SP_000060,1218,1.539,G
SP_000060,1190,375.0,UG
SP_000060,1187,375.0,UG
SP_000060,1105,0.0,UG
SP_000060,1122,0.0,UG
SP_000060,1110,0.0,IU
SP_000060,1265,2.116,G
SP_000060,1170,0.793,MG
SP_000060,1166,0.87,MG
SP_000060,1089,15.7,MG
SP_000060,1258,2.884,G
SP_000060,1270,1.33,G
SP_000060,1167,1.623,MG
SP_000061,1095,5.578,MG
SP_000061,1092,656.8,MG
SP_000061,1093,0.0,MG
SP_000061,1002,3.561,G
SP_000061,1098,1.875,MG
SP_000061,1091,732.0,MG
SP_000061,1004,48.44,G
SP_000061,1103,17.78,UG
SP_000061,1007,3.313,G
SP_000061,1089,4.37,MG
SP_000061,1090,301.9,MG
SP_000061,1051,4.873,G
SP_000061,1079,7.215,G
SP_000061,1101,2.63,MG
SP_000061,1087,115.6,MG
SP_000061,1003,18.8733,G
SP_000061,1005,24.5007,G
SP_000061,2047,609.456,KCAL
SP_000061,2048,570.651,KCAL
SP_000062,1210,0.165,G
SP_000062,1292,0.149,G
SP_000062,1167,4.604,MG
SP_000062,1269,0.505,G
SP_000062,1217,0.556,G
SP_000062,1057,0.0,MG
SP_000062,1105,0.0,UG
SP_000062,1266,0.008,G
SP_000062,1276,0.0,G
SP_000062,1187,23.0,UG
SP_000062,1162,0.0,MG
SP_000062,1104,22.0,IU
SP_000062,1260,0.0,G
SP_000062,1185,2.2,UG
SP_000062,1005,77.72,G
SP_000062,1262,0.0,G
SP_000062,1098,0.42,MG
SP_000062,1120,0.0,UG
SP_000062,1175,0.26,MG
SP_000062,1214,0.369,G
SP_000062,1220,0.496,G
SP_000062,1103,37.7,UG
SP_000062,1095,2.13,MG
SP_000062,1216,0.219,G
SP_000062,1123,160.0,UG
SP_000062,2000,0.8,G
SP_000062,1258,0.244,G
SP_000062,1280,0.0,G
SP_000062,1170,0.282,MG
SP_000062,1058,0.0,MG
SP_000062,1223,0.619,G
SP_000062,1003,9.91,G
SP_000062,1275,0.003,G
SP_000062,1246,0.0,UG
SP_000062,1278,0.0,G
SP_000062,1180,37.8,MG
SP_000062,1224,2.588,G
SP_000062,1093,9.0,MG
SP_000062,1114,0.0,UG
SP_000062,1008,352.0,KCAL
SP_000062,1190,23.0,UG
SP_000062,1108,0.0,UG
SP_000062,1122,0.0,UG
SP_000062,1110,0.0,IU
SP_000062,1087,29.0,MG
SP_000062,1089,2.5,MG
SP_000062,1177,23.0,UG
SP_000062,1079,15.6,G
SP_000062,1265,0.208,G
SP_000062,1222,0.386,G
SP_000062,1219,0.486,G
SP_000062,1253,0.0,MG
SP_000062,1279,0.0,G
SP_000062,1004,1.16,G
SP_000062,1277,0.0,G
SP_000062,1270,0.055,G
SP_000062,1215,0.19,G
SP_000062,1221,0.223,G
SP_000062,1062,1473.0,kJ
SP_000062,1268,0.122,G
SP_000062,1293,0.56,G
SP_000062,1259,0.0,G
SP_000062,1212,0.362,G
SP_000062,1264,0.006,G
SP_000062,1092,280.0,MG
SP_000062,1261,0.0,G
SP_000062,1101,1.322,MG
SP_000062,1186,0.0,UG
SP_000062,1165,0.191,MG
SP_000062,1107,13.0,UG
SP_000062,1090,79.0,MG
SP_000062,1272,0.0,G
SP_000062,1271,0.0,G
SP_000062,1051,10.09,G
SP_000062,1166,0.114,MG
SP_000062,1263,0.003,G
SP_000062,1218,0.284,G
SP_000062,1018,0.0,G
SP_000062,1109,0.02,MG
SP_000062,1106,1.0,UG
SP_000062,1213,0.673,G
SP_000062,1211,0.337,G
SP_000062,1091,221.0,MG
SP_000062,1226,1.178,G
SP_000062,1242,0.0,MG
SP_000062,1007,1.11,G
SP_000062,1178,0.0,UG
SP_000062,1227,0.418,G
SP_000062,1225,0.359,G
SP_000063,1276,0.0,G
SP_000063,1259,0.0,G
SP_000063,1098,0.91,MG
SP_000063,1178,0.0,UG
SP_000063,1167,3.06,MG
SP_000063,1279,0.0,G
SP_000063,1103,5.0,UG
SP_000063,1262,0.0,G
SP_000063,1091,440.0,MG
SP_000063,1087,646.0,MG
SP_000063,1062,1411.0,kJ
SP_000063,1275,0.0,G
SP_000063,1003,17.6,G
SP_000063,1058,0.0,MG
SP_000063,1270,0.0,G
SP_000063,1258,0.586,G
SP_000063,1101,2.3,MG
SP_000063,1292,9.78,G
SP_000063,1007,6.95,G
SP_000063,1277,0.0,G
SP_000063,1190,10.0,UG
SP_000063,1272,0.0,G
SP_000063,1105,0.0,UG
SP_000063,1110,0.0,IU
SP_000063,1093,16.0,MG
SP_000063,1004,15.9,G
SP_000063,1162,21.0,MG
SP_000063,1269,3.15,G
SP_000063,1005,50.02,G
SP_000063,1051,9.54,G
SP_000063,1008,337.0,KCAL
SP_000063,1177,10.0,UG
SP_000063,1271,0.0,G
SP_000063,1278,0.0,G
SP_000063,1175,0.65,MG
SP_000063,1079,14.6,G
SP_000063,1268,9.78,G
SP_000063,1261,0.0,G
SP_000063,1293,3.15,G
SP_000063,1186,0.0,UG
SP_000063,1266,0.0,G
SP_000063,1106,16.0,UG
SP_000063,1165,0.34,MG
SP_000063,1253,0.0,MG
SP_000063,1260,0.0,G
SP_000063,1264,0.0,G
SP_000063,1095,5.3,MG
SP_000063,1092,1441.0,MG
SP_000063,1166,0.29,MG
SP_000063,1114,0.0,UG
SP_000063,1187,10.0,UG
SP_000063,1170,0.797,MG
SP_000063,1018,0.0,G
SP_000063,1263,0.0,G
SP_000063,1104,311.0,IU
SP_000063,1265,0.0,G
SP_000063,1090,170.0,MG
SP_000063,1280,0.0,G
SP_000063,1057,0.0,MG
SP_000063,1089,36.96,MG
SP_000064,1185,0.2,UG
SP_000064,1184,0.0,UG
SP_000064,1183,0.0,UG
SP_000064,1063,6.0588,G
SP_000064,2048,77.357274,KCAL
SP_000064,2047,78.999,KCAL
SP_000064,1005,17.327875,G
SP_000064,1003,1.578125,G
SP_000064,1012,0.9275,G
SP_000064,1002,0.2525,G
SP_000064,1089,0.398,MG
SP_000064,1162,14.84,MG
SP_000064,1092,486.4,MG
SP_000064,1098,0.1866,MG
SP_000064,1087,22.33,MG
SP_000064,1175,0.1241,MG
SP_000064,2038,4.251,G
SP_000064,1102,0.0,UG
SP_000064,1010,3.056,G
SP_000064,1093,0.0,MG
SP_000064,1014,1.099,G
SP_000064,2033,4.441,G
SP_000064,1051,79.54,G
SP_000064,1091,36.73,MG
SP_000064,1165,0.045,MG
SP_000064,1013,0.0,G
SP_000064,1090,19.14,MG
SP_000064,1167,0.4325,MG
SP_000064,1007,1.179,G
SP_000064,1095,0.3374,MG
SP_000064,1011,0.9763,G
SP_000064,1004,0.375,G
SP_000064,2065,0.1571,G
SP_000064,1103,0.0,UG
SP_000064,1101,0.4174,MG
SP_000065,1226,0.926,G
SP_000065,1114,0.0,UG
SP_000065,1264,0.0,G
SP_000065,1018,0.0,G
SP_000065,1108,0.0,UG
SP_000065,1167,0.47,MG
SP_000065,1266,1.549,G
SP_000065,1177,31.0,UG
SP_000065,1280,0.0,G
SP_000065,1186,0.0,UG
SP_000065,1007,2.47,G
SP_000065,1276,0.0,G
SP_000065,1404,2.677,G
SP_000065,1253,0.0,MG
SP_000065,1217,1.094,G
SP_000065,1162,1.7,MG
SP_000065,1190,31.0,UG
SP_000065,1003,24.06,G
SP_000065,1288,115.0,MG
SP_000065,1313,0.0,G
SP_000065,1216,0.462,G
SP_000065,2000,1.1,G
SP_000065,1210,0.318,G
SP_000065,1227,1.225,G
SP_000065,1275,0.042,G
SP_000065,1127,1.51,MG
SP_000065,1110,0.0,IU
SP_000065,1187,31.0,UG
SP_000065,1093,2.0,MG
SP_000065,1014,0.0,G
SP_000065,1258,3.483,G
SP_000065,1004,59.33,G
SP_000065,1246,0.0,UG
SP_000065,1211,0.721,G
SP_000065,1101,3.896,MG
SP_000065,1299,0.0,G
SP_000065,1051,4.56,G
SP_000065,1008,619.0,KCAL
SP_000065,1285,1.0,MG
SP_000065,1316,33.76,G
SP_000065,1010,1.0,G
SP_000065,1092,523.0,MG
SP_000065,1107,24.0,UG
SP_000065,1005,9.58,G
SP_000065,1198,0.5,MG
SP_000065,1321,0.0,G
SP_000065,1109,2.08,MG
SP_000065,1265,1.934,G
SP_000065,1223,2.433,G
SP_000065,1098,1.36,MG
SP_000065,1120,0.0,UG
SP_000065,1273,0.0,G
SP_000065,1095,3.37,MG
SP_000065,1128,0.0,MG
SP_000065,1333,0.0,G
SP_000065,1091,513.0,MG
SP_000065,1104,40.0,IU
SP_000065,1103,17.0,UG
SP_000065,1178,0.0,UG
SP_000065,1011,0.05,G
SP_000065,1012,0.05,G
SP_000065,1130,0.7,MG
SP_000065,1213,1.684,G
SP_000065,1286,5.0,MG
SP_000065,1242,0.0,MG
SP_000065,1261,0.0,G
SP_000065,1166,0.13,MG
SP_000065,1105,0.0,UG
SP_000065,1062,2590.0,kJ
SP_000065,1218,0.74,G
SP_000065,1300,0.0,G
SP_000065,1215,0.467,G
SP_000065,1089,3.12,MG
SP_000065,1131,0.0,MG
SP_000065,1090,201.0,MG
SP_000065,1125,0.01,MG
SP_000065,1123,9.0,UG
SP_000065,1175,0.583,MG
SP_000065,1180,32.1,MG
SP_000065,1293,36.437,G
SP_000065,1057,0.0,MG
SP_000065,1292,15.442,G
SP_000065,1278,0.0,G
SP_000065,1274,0.0,G
SP_000065,1009,0.24,G
SP_000065,1122,0.0,UG
SP_000065,1260,0.0,G
SP_000065,1129,0.0,MG
SP_000065,1214,0.713,G
SP_000065,1259,0.0,G
SP_000065,1106,2.0,UG
SP_000065,1269,33.76,G
SP_000065,1325,0.0,G
SP_000065,1221,0.672,G
SP_000065,1323,0.0,G
SP_000065,1262,0.0,G
SP_000065,1013,0.0,G
SP_000065,1279,0.0,G
SP_000065,1079,6.8,G
SP_000065,1222,1.048,G
SP_000065,1225,1.189,G
SP_000065,1126,28.78,MG
SP_000065,1263,0.0,G
SP_000065,1224,5.152,G
SP_000065,1272,0.0,G
SP_000065,1185,2.7,UG
SP_000065,1219,1.271,G
SP_000065,1087,61.0,MG
SP_000065,1271,0.0,G
SP_000065,1270,2.677,G
SP_000065,1268,15.128,G
SP_000065,1220,3.618,G
SP_000065,1058,0.0,MG
SP_000065,1170,1.66,MG
SP_000065,1277,0.272,G
SP_000065,1267,0.0,G
SP_000065,1165,0.057,MG
SP_000065,1212,0.966,G
SP_000066,1216,0.006,G
SP_000066,1003,1.23,G
SP_000066,1167,0.313,MG
SP_000066,1258,0.039,G
SP_000066,1293,0.16,G
SP_000066,1198,0.1,MG
SP_000066,1175,0.074,MG
SP_000066,2000,1.19,G
SP_000066,1105,0.0,UG
SP_000066,1093,8.0,MG
SP_000066,1165,0.072,MG
SP_000066,1218,0.025,G
SP_000066,1162,4.0,MG
SP_000066,1018,0.0,G
SP_000066,1114,0.0,UG
SP_000066,1257,0.0,G
SP_000066,1262,0.0,G
SP_000066,1242,0.0,MG
SP_000066,1079,2.1,G
SP_000066,1269,0.047,G
SP_000066,1095,0.23,MG
SP_000066,1224,0.178,G
SP_000066,1128,0.04,MG
SP_000066,1223,0.139,G
SP_000066,1184,0.0,UG
SP_000066,1104,8710.0,IU
SP_000066,1211,0.043,G
SP_000066,1166,0.067,MG
SP_000066,1277,0.0,G
SP_000066,1051,94.61,G
SP_000066,1109,0.13,MG
SP_000066,1226,0.045,G
SP_000066,1125,0.0,MG
SP_000066,1264,0.0,G
SP_000066,1186,0.0,UG
SP_000066,1280,0.0,G
SP_000066,1129,0.0,MG
SP_000066,1130,0.0,MG
SP_000066,1170,0.142,MG
SP_000066,1004,0.3,G
SP_000066,1220,0.054,G
SP_000066,1271,0.0,G
SP_000066,1106,436.0,UG
SP_000066,1260,0.0,G
SP_000066,1259,0.0,G
SP_000066,1278,0.0,G
SP_000066,1092,247.0,MG
SP_000066,1110,0.0,IU
SP_000066,1007,0.58,G
SP_000066,1010,0.0,G
SP_000066,1098,0.048,MG
SP_000066,1075,0.0,G
SP_000066,1217,0.065,G
SP_000066,1275,0.003,G
SP_000066,1246,0.0,UG
SP_000066,1212,0.045,G
SP_000066,1185,102.5,UG
SP_000066,1107,5226.0,UG
SP_000066,1225,0.049,G
SP_000066,1008,17.0,KCAL
SP_000066,1123,2312.0,UG
SP_000066,1222,0.056,G
SP_000066,1089,0.97,MG
SP_000066,1011,0.39,G
SP_000066,1187,136.0,UG
SP_000066,1272,0.0,G
SP_000066,1005,3.29,G
SP_000066,1058,0.0,MG
SP_000066,1103,0.4,UG
SP_000066,1126,0.36,MG
SP_000066,1214,0.064,G
SP_000066,1190,136.0,UG
SP_000066,1180,9.9,MG
SP_000066,1292,0.012,G
SP_000066,1090,14.0,MG
SP_000066,1215,0.015,G
SP_000066,1062,72.0,kJ
SP_000066,1013,0.0,G
SP_000066,1131,0.0,MG
SP_000066,1266,0.005,G
SP_000066,1177,136.0,UG
SP_000066,1101,0.155,MG
SP_000066,1268,0.009,G
SP_000066,1253,0.0,MG
SP_000066,1057,0.0,MG
SP_000066,1219,0.055,G
SP_000066,1279,0.0,G
SP_000066,1108,0.0,UG
SP_000066,1087,33.0,MG
SP_000066,1009,0.0,G
SP_000066,1276,0.0,G
SP_000066,1091,30.0,MG
SP_000066,1120,0.0,UG
SP_000066,1122,0.0,UG
SP_000066,1210,0.01,G
SP_000066,1265,0.035,G
SP_000066,1127,0.01,MG
SP_000066,1221,0.021,G
SP_000066,1178,0.0,UG
SP_000066,1213,0.076,G
SP_000066,1012,0.8,G
SP_000066,1270,0.113,G
SP_000066,1227,0.05,G
SP_000066,1261,0.0,G
SP_000066,1263,0.0,G
SP_000066,1014,0.0,G
SP_000067,1272,0.0,G
SP_000067,1095,3.7,MG
SP_000067,1003,7.61,G
SP_000067,1270,1.05,G
SP_000067,1260,0.0,G
SP_000067,1051,5.44,G
SP_000067,1005,74.97,G
SP_000067,1268,1.5,G
SP_000067,1269,1.24,G
SP_000067,1266,0.16,G
SP_000067,1103,2.8,UG
SP_000067,1253,0.0,MG
SP_000067,1177,180.0,UG
SP_000067,1190,180.0,UG
SP_000067,1090,120.0,MG
SP_000067,1089,43.0,MG
SP_000067,1265,1.27,G
SP_000067,1262,0.01,G
SP_000067,1018,0.0,G
SP_000067,1292,1.64,G
SP_000067,1276,0.0,G
SP_000067,1261,0.01,G
SP_000067,1114,0.0,UG
SP_000067,1175,1.74,MG
SP_000067,1079,26.3,G
SP_000067,1092,529.0,MG
SP_000067,1178,0.0,UG
SP_000067,1004,8.36,G
SP_000067,1105,0.0,UG
SP_000067,1275,0.14,G
SP_000067,1280,0.0,G
SP_000067,1101,8.167,MG
SP_000067,1186,0.0,UG
SP_000067,1007,3.62,G
SP_000067,1098,0.416,MG
SP_000067,1264,0.21,G
SP_000067,1166,0.421,MG
SP_000067,1259,0.0,G
SP_000067,1093,23.0,MG
SP_000067,1162,46.5,MG
SP_000067,1091,113.0,MG
SP_000067,1106,309.0,UG
SP_000067,1187,180.0,UG
SP_000067,1271,0.0,G
SP_000067,1277,0.0,G
SP_000067,1257,0.0,G
SP_000067,1104,6185.0,IU
SP_000067,1167,2.005,MG
SP_000067,1110,0.0,IU
SP_000067,1293,2.29,G
SP_000067,1278,0.0,G
SP_000067,1258,2.28,G
SP_000067,1008,313.0,KCAL
SP_000067,1263,0.53,G
SP_000067,1087,834.0,MG
SP_000067,1062,1312.0,kJ
SP_000067,1165,0.009,MG
SP_000067,1279,0.0,G
SP_000068,1218,0.252,G
SP_000068,1187,100.0,UG
SP_000068,1178,0.0,UG
SP_000068,1222,0.356,G
SP_000068,1253,0.0,MG
SP_000068,1215,0.105,G
SP_000068,1258,0.057,G
SP_000068,1217,0.442,G
SP_000068,1165,0.228,MG
SP_000068,1166,0.128,MG
SP_000068,1103,0.6,UG
SP_000068,1101,0.506,MG
SP_000068,1213,0.628,G
SP_000068,1269,0.181,G
SP_000068,1223,1.433,G
SP_000068,1098,0.352,MG
SP_000068,1104,45.0,IU
SP_000068,1257,0.0,G
SP_000068,1220,0.611,G
SP_000068,1087,25.0,MG
SP_000068,1091,173.0,MG
SP_000068,1175,0.19,MG
SP_000068,1110,0.0,IU
SP_000068,1008,106.0,KCAL
SP_000068,1004,0.55,G
SP_000068,1090,37.0,MG
SP_000068,1106,2.0,UG
SP_000068,1092,322.0,MG
SP_000068,1167,1.128,MG
SP_000068,1270,0.038,G
SP_000068,1190,100.0,UG
SP_000068,1005,22.14,G
SP_000068,1227,0.495,G
SP_000068,1293,0.219,G
SP_000068,1219,0.399,G
SP_000068,1216,0.334,G
SP_000068,1003,8.96,G
SP_000068,1062,444.0,kJ
SP_000068,1292,0.104,G
SP_000068,1095,1.51,MG
SP_000068,1105,0.0,UG
SP_000068,1051,67.34,G
SP_000068,1093,11.0,MG
SP_000068,1214,0.712,G
SP_000068,1089,3.21,MG
SP_000068,1212,0.326,G
SP_000068,1186,0.0,UG
SP_000068,1265,0.052,G
SP_000068,1007,1.0,G
SP_000068,1266,0.006,G
SP_000068,1162,16.5,MG
SP_000068,1170,0.578,MG
SP_000068,1268,0.104,G
SP_000068,1221,0.257,G
SP_000068,1114,0.0,UG
SP_000068,1226,0.356,G
SP_000068,1225,0.319,G
SP_000068,1211,0.328,G
SP_000068,1224,1.258,G
SP_000068,1177,100.0,UG
SP_000069,1106,346.0,UG
SP_000069,1120,0.0,UG
SP_000069,1122,0.0,UG
SP_000069,1257,0.0,G
SP_000069,1079,1.1,G
SP_000069,1018,0.0,G
SP_000069,1005,5.5,G
SP_000069,1264,0.0,G
SP_000069,1242,0.0,MG
SP_000069,1177,80.0,UG
SP_000069,1292,0.239,G
SP_000069,1198,0.2,MG
SP_000069,1165,0.08,MG
SP_000069,1271,0.0,G
SP_000069,1270,0.076,G
SP_000069,1092,606.0,MG
SP_000069,1090,38.0,MG
SP_000069,1105,0.0,UG
SP_000069,1108,0.0,UG
SP_000069,2000,4.4,G
SP_000069,1167,1.0,MG
SP_000069,1058,0.0,MG
SP_000069,1275,0.0,G
SP_000069,1185,541.9,UG
SP_000069,1051,89.4,G
SP_000069,1175,0.247,MG
SP_000069,1123,12500.0,UG
SP_000069,1280,0.0,G
SP_000069,1278,0.0,G
SP_000069,1259,0.0,G
SP_000069,1260,0.0,G
SP_000069,1265,0.016,G
SP_000069,1276,0.0,G
SP_000069,1246,0.0,UG
SP_000069,1089,1.3,MG
SP_000069,1004,0.7,G
SP_000069,1110,0.0,IU
SP_000069,1101,0.553,MG
SP_000069,1190,80.0,UG
SP_000069,1007,1.8,G
SP_000069,1091,76.0,MG
SP_000069,1187,80.0,UG
SP_000069,1114,0.0,UG
SP_000069,1003,2.6,G
SP_000069,1268,0.087,G
SP_000069,1279,0.091,G
SP_000069,1162,69.0,MG
SP_000069,1062,134.0,kJ
SP_000069,1057,0.0,MG
SP_000069,1087,81.0,MG
SP_000069,1166,0.26,MG
SP_000069,1262,0.0,G
SP_000069,1098,0.17,MG
SP_000069,1109,0.7,MG
SP_000069,1180,19.5,MG
SP_000069,1253,0.0,MG
SP_000069,1178,0.0,UG
SP_000069,1258,0.023,G
SP_000069,1269,0.152,G
SP_000069,1103,0.9,UG
SP_000069,1272,0.0,G
SP_000069,1008,32.0,KCAL
SP_000069,1261,0.0,G
SP_000069,1263,0.0,G
SP_000069,1277,0.061,G
SP_000069,1107,4150.0,UG
SP_000069,1093,14.0,MG
SP_000069,1104,6917.0,IU
SP_000069,1293,0.228,G
SP_000069,1186,0.0,UG
SP_000069,1095,0.23,MG
SP_000069,1170,0.242,MG
SP_000069,1266,0.007,G
SP_000070,1218,0.493,G
SP_000070,1089,5.73,MG
SP_000070,1090,392.0,MG
SP_000070,1261,0.0,G
SP_000070,1180,78.7,MG
SP_000070,1313,0.007,G
SP_000070,1177,87.0,UG
SP_000070,1300,0.018,G
SP_000070,1126,19.95,MG
SP_000070,1286,45.0,MG
SP_000070,1186,0.0,UG
SP_000070,1210,0.297,G
SP_000070,1162,0.6,MG
SP_000070,1098,1.22,MG
SP_000070,1267,0.052,G
SP_000070,1265,2.165,G
SP_000070,1213,1.235,G
SP_000070,1217,0.957,G
SP_000070,1128,0.0,MG
SP_000070,1122,0.0,UG
SP_000070,1104,0.0,IU
SP_000070,1277,0.067,G
SP_000070,1288,90.0,MG
SP_000070,1226,0.806,G
SP_000070,1185,4.3,UG
SP_000070,1198,3.1,MG
SP_000070,1123,651.0,UG
SP_000070,1285,11.0,MG
SP_000070,1275,0.024,G
SP_000070,1166,0.161,MG
SP_000070,1107,0.0,UG
SP_000070,1190,87.0,UG
SP_000070,1109,0.31,MG
SP_000070,1087,255.0,MG
SP_000070,1008,534.0,KCAL
SP_000070,1301,0.031,G
SP_000070,1263,0.0,G
SP_000070,1242,0.0,MG
SP_000070,1170,0.985,MG
SP_000070,1223,2.046,G
SP_000070,1131,0.0,MG
SP_000070,1211,0.766,G
SP_000070,1270,22.813,G
SP_000070,1105,0.0,UG
SP_000070,1225,1.248,G
SP_000070,1246,0.0,UG
SP_000070,1108,0.0,UG
SP_000070,1095,4.34,MG
SP_000070,1227,0.97,G
SP_000070,1092,813.0,MG
SP_000070,1212,0.896,G
SP_000070,1101,2.482,MG
SP_000070,1271,0.0,G
SP_000070,1178,0.0,UG
SP_000070,1058,0.0,MG
SP_000070,1220,1.925,G
SP_000070,1253,0.0,MG
SP_000070,1259,0.0,G
SP_000070,1276,0.0,G
SP_000070,1293,28.73,G
SP_000070,1110,0.0,IU
SP_000070,1018,0.0,G
SP_000070,1011,0.4,G
SP_000070,1007,3.72,G
SP_000070,1093,30.0,MG
SP_000070,1219,1.072,G
SP_000070,1014,0.0,G
SP_000070,1222,0.925,G
SP_000070,1165,1.644,MG
SP_000070,1129,0.0,MG
SP_000070,1279,0.013,G
SP_000070,1214,0.862,G
SP_000070,1273,0.052,G
SP_000070,1268,7.359,G
SP_000070,1260,0.0,G
SP_000070,1258,3.663,G
SP_000070,1106,0.0,UG
SP_000070,1127,0.35,MG
SP_000070,1216,0.34,G
SP_000070,1299,0.005,G
SP_000070,1228,0.175,G
SP_000070,1057,0.0,MG
SP_000070,1013,0.0,G
SP_000070,1062,2234.0,kJ
SP_000070,1167,3.08,MG
SP_000070,1312,0.064,G
SP_000070,1091,642.0,MG
SP_000070,1221,0.472,G
SP_000070,1114,0.0,UG
SP_000070,1012,0.0,G
SP_000070,1079,27.3,G
SP_000070,1010,1.15,G
SP_000070,1004,42.16,G
SP_000070,1280,0.0,G
SP_000070,1262,0.0,G
SP_000070,1278,0.0,G
SP_000070,1130,0.0,MG
SP_000070,1272,0.0,G
SP_000070,1184,0.0,UG
SP_000070,1264,0.008,G
SP_000070,1103,25.4,UG
SP_000070,1187,87.0,UG
SP_000070,1175,0.473,MG
SP_000070,1266,1.33,G
SP_000070,1125,0.0,MG
SP_000070,1215,0.37,G
SP_000070,2000,1.55,G
SP_000070,1003,18.29,G
SP_000070,1269,5.903,G
SP_000070,1292,7.527,G
SP_000070,1005,28.88,G
SP_000070,1051,6.96,G
SP_000070,1224,4.039,G
SP_000070,1075,0.0,G
SP_000070,1120,0.0,UG
SP_000071,1051,9.93,G
SP_000071,1273,0.0,G
SP_000071,1315,0.712,G
SP_000071,1333,0.0,G
SP_000071,1104,1701.0,IU
SP_000071,1093,25.0,MG
SP_000071,1300,0.0,G
SP_000071,1299,0.0,G
SP_000071,1091,148.0,MG
SP_000071,1220,0.449,G
SP_000071,1293,1.369,G
SP_000071,1218,0.297,G
SP_000071,1329,0.0,G
SP_000071,1210,0.203,G
SP_000071,1274,0.0,G
SP_000071,1301,0.0,G
SP_000071,1165,0.177,MG
SP_000071,1404,0.621,G
SP_000071,1217,0.449,G
SP_000071,1258,1.551,G
SP_000071,1095,2.69,MG
SP_000071,1108,20.0,UG
SP_000071,1222,0.5,G
SP_000071,1122,0.0,UG
SP_000071,1125,0.0,MG
SP_000071,1103,4.5,UG
SP_000071,1279,0.0,G
SP_000071,1242,0.0,MG
SP_000071,1062,1107.0,kJ
SP_000071,1106,85.0,UG
SP_000071,1304,0.0,G
SP_000071,1098,0.633,MG
SP_000071,1120,7.0,UG
SP_000071,1313,0.0,G
SP_000071,1166,0.528,MG
SP_000071,1264,0.004,G
SP_000071,1225,0.517,G
SP_000071,1277,0.0,G
SP_000071,1219,0.585,G
SP_000071,1004,4.28,G
SP_000071,1226,1.712,G
SP_000071,1214,0.5,G
SP_000071,1090,270.0,MG
SP_000071,1263,0.246,G
SP_000071,1221,0.144,G
SP_000071,1261,0.0,G
SP_000071,1323,0.0,G
SP_000071,1212,0.441,G
SP_000071,1008,265.0,KCAL
SP_000071,1177,237.0,UG
SP_000071,1211,0.322,G
SP_000071,1005,68.92,G
SP_000071,1167,4.64,MG
SP_000071,1275,0.004,G
SP_000071,1332,0.0,G
SP_000071,1246,0.0,UG
SP_000071,1228,0.0,G
SP_000071,1224,0.975,G
SP_000071,1123,1895.0,UG
SP_000071,1292,0.716,G
SP_000071,1215,0.127,G
SP_000071,1278,0.0,G
SP_000071,1087,1597.0,MG
SP_000071,1312,0.0,G
SP_000071,1187,237.0,UG
SP_000071,1190,237.0,UG
SP_000071,1126,24.42,MG
SP_000071,1213,0.78,G
SP_000071,1092,1260.0,MG
SP_000071,1175,1.044,MG
SP_000071,1109,18.26,MG
SP_000071,1267,0.0,G
SP_000071,1180,32.3,MG
SP_000071,1262,0.004,G
SP_000071,1184,0.0,UG
SP_000071,1259,0.0,G
SP_000071,1010,0.91,G
SP_000071,1276,0.0,G
SP_000071,1253,0.0,MG
SP_000071,1012,1.13,G
SP_000071,1283,203.0,MG
SP_000071,1269,0.748,G
SP_000071,1271,0.0,G
SP_000071,2000,4.09,G
SP_000071,1227,0.314,G
SP_000071,1185,621.7,UG
SP_000071,1186,0.0,UG
SP_000071,1058,0.0,MG
SP_000071,1013,0.0,G
SP_000071,1018,0.0,G
SP_000071,1014,0.0,G
SP_000071,1110,0.0,IU
SP_000071,1057,0.0,MG
SP_000071,1265,0.792,G
SP_000071,1105,0.0,UG
SP_000071,1198,9.8,MG
SP_000071,1223,1.009,G
SP_000071,1266,0.505,G
SP_000071,1178,0.0,UG
SP_000071,1260,0.0,G
SP_000071,1268,0.712,G
SP_000071,1270,0.621,G
SP_000071,1075,0.15,G
SP_000071,1011,1.9,G
SP_000071,1216,0.11,G
SP_000071,1107,1007.0,UG
SP_000071,1280,0.0,G
SP_000071,1007,7.87,G
SP_000071,1114,0.0,UG
SP_000071,1325,0.0,G
SP_000071,1321,0.0,G
SP_000071,1003,9.0,G
SP_000071,1257,0.0,G
SP_000071,1127,0.92,MG
SP_000071,1272,0.0,G
SP_000071,1089,36.8,MG
SP_000071,1101,4.99,MG
SP_000071,1162,2.3,MG
SP_000071,1170,0.921,MG
SP_000071,1079,42.5,G
SP_000073,1170,0.197,MG
SP_000073,1257,0.0,G
SP_000073,1125,0.01,MG
SP_000073,1130,0.0,MG
SP_000073,1215,0.008,G
SP_000073,1087,11.0,MG
SP_000073,1165,0.028,MG
SP_000073,1007,0.36,G
SP_000073,1226,0.029,G
SP_000073,1162,36.4,MG
SP_000073,1214,0.066,G
SP_000073,1005,14.98,G
SP_000073,1293,0.071,G
SP_000073,1266,0.004,G
SP_000073,1114,0.0,UG
SP_000073,1212,0.029,G
SP_000073,1126,0.01,MG
SP_000073,1008,60.0,KCAL
SP_000073,1272,0.0,G
SP_000073,1262,0.0,G
SP_000073,1122,3.0,UG
SP_000073,1003,0.82,G
SP_000073,1057,0.0,MG
SP_000073,1263,0.001,G
SP_000073,1095,0.09,MG
SP_000073,1123,23.0,UG
SP_000073,1090,10.0,MG
SP_000073,1010,6.97,G
SP_000073,1127,0.0,MG
SP_000073,1101,0.063,MG
SP_000073,1210,0.013,G
SP_000073,1131,0.0,MG
SP_000073,1278,0.0,G
SP_000073,1092,168.0,MG
SP_000073,1013,0.0,G
SP_000073,1110,0.0,IU
SP_000073,1253,0.0,MG
SP_000073,1105,0.0,UG
SP_000073,1018,0.0,G
SP_000073,1058,0.0,MG
SP_000073,1277,0.0,G
SP_000073,1004,0.38,G
SP_000073,1264,0.013,G
SP_000073,1269,0.019,G
SP_000073,1091,14.0,MG
SP_000073,1218,0.016,G
SP_000073,1014,0.0,G
SP_000073,1246,0.0,UG
SP_000073,1128,0.03,MG
SP_000073,1177,43.0,UG
SP_000073,1186,0.0,UG
SP_000073,1227,0.035,G
SP_000073,1270,0.051,G
SP_000073,1222,0.082,G
SP_000073,1167,0.669,MG
SP_000073,1268,0.075,G
SP_000073,1258,0.092,G
SP_000073,1011,2.01,G
SP_000073,1224,0.096,G
SP_000073,1098,0.111,MG
SP_000073,1220,0.031,G
SP_000073,1275,0.067,G
SP_000073,1219,0.042,G
SP_000073,1109,0.9,MG
SP_000073,1279,0.0,G
SP_000073,2000,13.66,G
SP_000073,1211,0.031,G
SP_000073,1213,0.05,G
SP_000073,1120,10.0,UG
SP_000073,1175,0.119,MG
SP_000073,1103,0.6,UG
SP_000073,1185,4.2,UG
SP_000073,1187,43.0,UG
SP_000073,1292,0.14,G
SP_000073,1079,1.6,G
SP_000073,1180,7.6,MG
SP_000073,1166,0.038,MG
SP_000073,1062,250.0,kJ
SP_000073,1217,0.027,G
SP_000073,1051,83.46,G
SP_000073,1012,4.68,G
SP_000073,1093,1.0,MG
SP_000073,1261,0.0,G
SP_000073,1129,0.01,MG
SP_000073,1089,0.16,MG
SP_000073,1075,0.0,G
SP_000073,1107,640.0,UG
SP_000073,1108,9.0,UG
SP_000073,1178,0.0,UG
SP_000073,1106,54.0,UG
SP_000073,1260,0.0,G
SP_000073,1265,0.072,G
SP_000073,1225,0.034,G
SP_000073,1259,0.0,G
SP_000073,1271,0.0,G
SP_000073,1276,0.0,G
SP_000073,1104,1082.0,IU
SP_000073,1242,0.0,MG
SP_000073,1221,0.019,G
SP_000073,1223,0.068,G
SP_000073,1190,43.0,UG
SP_000073,1280,0.0,G
SP_000075,1227,0.778,G
SP_000075,1219,0.995,G
SP_000075,1223,2.353,G
SP_000075,1110,0.0,IU
SP_000075,1187,530.0,UG
SP_000075,1265,1.131,G
SP_000075,1257,0.0,G
SP_000075,1003,19.93,G
SP_000075,1175,2.579,MG
SP_000075,1270,2.792,G
SP_000075,1222,1.036,G
SP_000075,1090,602.0,MG
SP_000075,1264,0.037,G
SP_000075,1190,530.0,UG
SP_000075,1008,285.0,KCAL
SP_000075,1079,29.8,G
SP_000075,1268,0.183,G
SP_000075,1170,1.399,MG
SP_000075,1211,0.816,G
SP_000075,1283,82.0,MG
SP_000075,1275,0.016,G
SP_000075,1104,10579.0,IU
SP_000075,1210,0.306,G
SP_000075,1186,0.0,UG
SP_000075,1098,1.542,MG
SP_000075,1089,87.47,MG
SP_000075,1177,530.0,UG
SP_000075,1092,1924.0,MG
SP_000075,1213,1.496,G
SP_000075,1266,0.163,G
SP_000075,1258,1.577,G
SP_000075,1095,2.41,MG
SP_000075,1212,0.816,G
SP_000075,1178,0.0,UG
SP_000075,1162,0.0,MG
SP_000075,1226,0.816,G
SP_000075,1215,0.281,G
SP_000075,1087,1488.0,MG
SP_000075,1106,529.0,UG
SP_000075,1005,52.04,G
SP_000075,1216,0.22,G
SP_000075,1269,0.446,G
SP_000075,1293,3.257,G
SP_000075,1165,0.288,MG
SP_000075,1166,1.421,MG
SP_000075,1007,10.7,G
SP_000075,1091,276.0,MG
SP_000075,1221,0.399,G
SP_000075,1105,0.0,UG
SP_000075,1225,0.957,G
SP_000075,1093,344.0,MG
SP_000075,1218,0.6,G
SP_000075,1224,2.172,G
SP_000075,1062,1192.0,kJ
SP_000075,1292,0.21,G
SP_000075,1167,6.561,MG
SP_000075,1114,0.0,UG
SP_000075,1214,0.858,G
SP_000075,1101,11.482,MG
SP_000075,1051,11.3,G
SP_000075,1217,1.017,G
SP_000075,1253,0.0,MG
SP_000075,1004,6.03,G
SP_000075,1220,0.918,G
SP_000076,1104,4248.0,IU
SP_000076,1105,0.0,UG
SP_000076,1177,114.0,UG
SP_000076,1258,0.246,G
SP_000076,1211,0.154,G
SP_000076,1167,1.706,MG
SP_000076,1187,114.0,UG
SP_000076,1166,0.266,MG
SP_000076,1090,80.0,MG
SP_000076,1101,1.176,MG
SP_000076,1283,13.0,MG
SP_000076,1175,0.129,MG
SP_000076,1062,293.0,kJ
SP_000076,1114,0.0,UG
SP_000076,1079,8.0,G
SP_000076,1221,0.075,G
SP_000076,1225,0.18,G
SP_000076,1162,31.8,MG
SP_000076,1216,0.041,G
SP_000076,1092,569.0,MG
SP_000076,1265,0.176,G
SP_000076,1091,73.0,MG
SP_000076,1087,243.0,MG
SP_000076,1165,0.082,MG
SP_000076,1275,0.002,G
SP_000076,1008,70.0,KCAL
SP_000076,1089,5.08,MG
SP_000076,1110,0.0,IU
SP_000076,1226,0.154,G
SP_000076,1257,0.0,G
SP_000076,1264,0.006,G
SP_000076,1253,0.0,MG
SP_000076,1093,31.0,MG
SP_000076,1170,0.338,MG
SP_000076,1227,0.146,G
SP_000076,1186,0.0,UG
SP_000076,1003,3.75,G
SP_000076,1215,0.053,G
SP_000076,1218,0.113,G
SP_000076,1098,0.329,MG
SP_000076,1223,0.443,G
SP_000076,1266,0.025,G
SP_000076,1269,0.069,G
SP_000076,1224,0.409,G
SP_000076,1051,78.65,G
SP_000076,1270,0.435,G
SP_000076,1220,0.173,G
SP_000076,1217,0.191,G
SP_000076,1210,0.058,G
SP_000076,1007,1.76,G
SP_000076,1190,114.0,UG
SP_000076,1292,0.033,G
SP_000076,1178,0.0,UG
SP_000076,1214,0.161,G
SP_000076,1219,0.187,G
SP_000076,1106,212.0,UG
SP_000076,1293,0.508,G
SP_000076,1213,0.281,G
SP_000076,1212,0.154,G
SP_000076,1268,0.029,G
SP_000076,1222,0.195,G
SP_000076,1004,0.94,G
SP_000076,1095,1.11,MG
SP_000076,1005,14.89,G
SP_000078,1093,16.0,MG
SP_000078,1190,76.0,UG
SP_000078,1120,66.0,UG
SP_000078,1186,0.0,UG
SP_000078,1263,0.37,G
SP_000078,1242,0.0,MG
SP_000078,1126,0.53,MG
SP_000078,1178,0.0,UG
SP_000078,1165,0.346,MG
SP_000078,2000,2.99,G
SP_000078,1004,36.31,G
SP_000078,1280,0.0,G
SP_000078,1266,0.17,G
SP_000078,1175,0.16,MG
SP_000078,1079,20.8,G
SP_000078,1107,28.0,UG
SP_000078,1277,0.0,G
SP_000078,1264,22.83,G
SP_000078,1258,25.94,G
SP_000078,1180,8.8,MG
SP_000078,1279,0.0,G
SP_000078,1018,0.0,G
SP_000078,1187,76.0,UG
SP_000078,1261,0.0,G
SP_000078,1087,184.0,MG
SP_000078,1008,525.0,KCAL
SP_000078,1106,5.0,UG
SP_000078,1262,0.0,G
SP_000078,1293,0.35,G
SP_000078,1098,1.027,MG
SP_000078,1127,0.0,MG
SP_000078,1166,0.057,MG
SP_000078,1114,0.0,UG
SP_000078,1268,1.59,G
SP_000078,1283,62.0,MG
SP_000078,1105,0.0,UG
SP_000078,1271,0.0,G
SP_000078,1092,350.0,MG
SP_000078,1057,0.0,MG
SP_000078,1051,6.23,G
SP_000078,1109,0.0,MG
SP_000078,1101,2.9,MG
SP_000078,1089,3.04,MG
SP_000078,1270,0.0,G
SP_000078,1090,183.0,MG
SP_000078,1123,0.0,UG
SP_000078,1007,2.34,G
SP_000078,1253,0.0,MG
SP_000078,1260,0.0,G
SP_000078,1103,1.6,UG
SP_000078,1122,0.0,UG
SP_000078,1276,0.0,G
SP_000078,1125,0.0,MG
SP_000078,1265,2.26,G
SP_000078,1278,0.0,G
SP_000078,1259,0.0,G
SP_000078,1003,5.84,G
SP_000078,1246,0.0,UG
SP_000078,1272,0.0,G
SP_000078,1104,102.0,IU
SP_000078,1062,2196.0,kJ
SP_000078,1162,3.0,MG
SP_000078,1167,1.299,MG
SP_000078,1058,0.0,MG
SP_000078,1292,3.22,G
SP_000078,1110,0.0,IU
SP_000078,1275,1.4,G
SP_000078,1091,213.0,MG
SP_000078,1269,0.35,G
SP_000078,1177,76.0,UG
SP_000078,1095,2.15,MG
SP_000078,1185,0.0,UG
SP_000078,1005,49.29,G
SP_000078,1108,0.0,UG
SP_000079,1332,0.0,G
SP_000079,1062,976.0,kJ
SP_000079,1323,0.0,G
SP_000079,1273,0.0,G
SP_000079,1217,1.25,G
SP_000079,1107,378.0,UG
SP_000079,1218,0.75,G
SP_000079,1333,0.0,G
SP_000079,1315,1.067,G
SP_000079,1329,0.0,G
SP_000079,1106,37.0,UG
SP_000079,1242,0.0,MG
SP_000079,1211,0.76,G
SP_000079,1222,1.18,G
SP_000079,1313,0.0,G
SP_000079,1093,76.0,MG
SP_000079,1101,9.8,MG
SP_000079,1175,1.34,MG
SP_000079,1300,0.0,G
SP_000079,1095,7.1,MG
SP_000079,1224,2.57,G
SP_000079,1299,0.0,G
SP_000079,1170,0.838,MG
SP_000079,1007,14.85,G
SP_000079,1280,0.0,G
SP_000079,1092,2630.0,MG
SP_000079,1274,0.0,G
SP_000079,1304,0.0,G
SP_000079,1264,0.046,G
SP_000079,1126,0.77,MG
SP_000079,1215,0.32,G
SP_000079,1187,310.0,UG
SP_000079,1120,24.0,UG
SP_000079,1177,310.0,UG
SP_000079,1051,10.35,G
SP_000079,1210,0.26,G
SP_000079,1226,2.7,G
SP_000079,1278,0.0,G
SP_000079,1091,274.0,MG
SP_000079,1261,0.0,G
SP_000079,1104,744.0,IU
SP_000079,1089,89.8,MG
SP_000079,1246,0.0,UG
SP_000079,1325,0.0,G
SP_000079,1263,0.0,G
SP_000079,1090,711.0,MG
SP_000079,1108,113.0,UG
SP_000079,1114,0.0,UG
SP_000079,1404,0.296,G
SP_000079,1321,0.004,G
SP_000079,1003,22.98,G
SP_000079,1165,0.08,MG
SP_000079,1258,2.157,G
SP_000079,1103,3.0,UG
SP_000079,1228,0.0,G
SP_000079,1312,0.0,G
SP_000079,1275,0.171,G
SP_000079,1079,37.7,G
SP_000079,1087,2240.0,MG
SP_000079,1257,0.0,G
SP_000079,1109,10.7,MG
SP_000079,1125,0.0,MG
SP_000079,1008,233.0,KCAL
SP_000079,1162,0.8,MG
SP_000079,1166,1.2,MG
SP_000079,1301,0.0,G
SP_000079,1005,47.75,G
SP_000079,1225,1.25,G
SP_000079,1098,2.1,MG
SP_000079,1272,0.0,G
SP_000079,1167,4.9,MG
SP_000079,1004,4.07,G
SP_000079,1276,0.0,G
SP_000079,1212,1.06,G
SP_000079,1178,0.0,UG
SP_000079,1128,0.0,MG
SP_000079,1277,0.0,G
SP_000079,1185,1714.5,UG
SP_000079,1129,0.0,MG
SP_000079,1184,0.0,UG
SP_000079,1253,0.0,MG
SP_000079,1270,0.3,G
SP_000079,1227,0.53,G
SP_000079,1259,0.0,G
SP_000079,1012,0.75,G
SP_000079,1267,0.0,G
SP_000079,1216,0.19,G
SP_000079,1268,1.067,G
SP_000079,1180,54.9,MG
SP_000079,1013,0.0,G
SP_000079,1110,0.0,IU
SP_000079,1011,0.75,G
SP_000079,1283,106.0,MG
SP_000079,1266,1.075,G
SP_000079,1221,0.45,G
SP_000079,1260,0.0,G
SP_000079,1219,1.45,G
SP_000079,1122,393.0,UG
SP_000079,1198,16.1,MG
SP_000079,1018,0.0,G
SP_000079,1213,1.85,G
SP_000079,1130,0.0,MG
SP_000079,1214,1.15,G
SP_000079,1223,3.02,G
SP_000079,1293,0.498,G
SP_000079,1186,0.0,UG
SP_000079,1131,0.0,MG
SP_000079,1010,0.02,G
SP_000079,1123,1150.0,UG
SP_000079,1014,0.0,G
SP_000079,1075,0.19,G
SP_000079,1265,1.036,G
SP_000079,1271,0.0,G
SP_000079,1220,1.23,G
SP_000079,1127,0.0,MG
SP_000079,1058,0.0,MG
SP_000079,1262,0.0,G
SP_000079,1057,0.0,MG
SP_000079,1269,0.199,G
SP_000079,2000,1.71,G
SP_000079,1190,310.0,UG
SP_000079,1279,0.0,G
SP_000079,1105,0.0,UG
SP_000079,1292,1.238,G
SP_000080,1273,0.015,G
SP_000080,1213,0.05,G
SP_000080,1177,0.0,UG
SP_000080,1212,0.031,G
SP_000080,1105,0.0,UG
SP_000080,1221,0.023,G
SP_000080,1185,1.4,UG
SP_000080,1170,0.015,MG
SP_000080,1246,0.0,UG
SP_000080,1110,0.0,IU
SP_000080,1275,0.15,G
SP_000080,1122,0.0,UG
SP_000080,1268,7.47,G
SP_000080,1293,0.629,G
SP_000080,1299,0.0,G
SP_000080,1224,0.093,G
SP_000080,1408,0.0,G
SP_000080,1079,1.6,G
SP_000080,1178,0.0,UG
SP_000080,1104,330.0,IU
SP_000080,1120,0.0,UG
SP_000080,1062,485.0,kJ
SP_000080,1271,0.0,G
SP_000080,1214,0.032,G
SP_000080,1222,0.043,G
SP_000080,2000,0.0,G
SP_000080,1264,0.0,G
SP_000080,1215,0.012,G
SP_000080,1125,0.0,MG
SP_000080,1187,0.0,UG
SP_000080,1265,1.73,G
SP_000080,1219,0.038,G
SP_000080,1165,0.003,MG
SP_000080,1257,0.0,G
SP_000080,1175,0.009,MG
SP_000080,1266,0.318,G
SP_000080,1276,0.0,G
SP_000080,1301,0.011,G
SP_000080,1211,0.026,G
SP_000080,1300,0.15,G
SP_000080,1131,0.0,MG
SP_000080,1258,2.279,G
SP_000080,1253,0.0,MG
SP_000080,1166,0.0,MG
SP_000080,1262,0.0,G
SP_000080,1018,0.0,G
SP_000080,1333,0.0,G
SP_000080,1107,198.0,UG
SP_000080,1323,0.0,G
SP_000080,1101,0.02,MG
SP_000080,1190,0.0,UG
SP_000080,1106,17.0,UG
SP_000080,1098,0.251,MG
SP_000080,1051,79.99,G
SP_000080,1279,0.0,G
SP_000080,1162,0.9,MG
SP_000080,1226,0.04,G
SP_000080,1127,0.0,MG
SP_000080,1123,510.0,UG
SP_000080,1270,0.0,G
SP_000080,1260,0.0,G
SP_000080,1003,0.84,G
SP_000080,1263,0.0,G
SP_000080,1109,1.65,MG
SP_000080,1227,0.031,G
SP_000080,1128,0.0,MG
SP_000080,1007,2.23,G
SP_000080,1267,0.055,G
SP_000080,1095,0.22,MG
SP_000080,1103,0.9,UG
SP_000080,1004,10.9,G
SP_000080,1167,0.037,MG
SP_000080,1092,8.0,MG
SP_000080,1186,0.0,UG
SP_000080,1089,6.28,MG
SP_000080,1217,0.029,G
SP_000080,1223,0.092,G
SP_000080,1057,0.0,MG
SP_000080,1130,0.0,MG
SP_000080,1225,0.049,G
SP_000080,1274,0.0,G
SP_000080,1091,3.0,MG
SP_000080,1292,7.652,G
SP_000080,1008,116.0,KCAL
SP_000080,1280,0.0,G
SP_000080,1278,0.0,G
SP_000080,1272,0.0,G
SP_000080,1261,0.0,G
SP_000080,1093,735.0,MG
SP_000080,1126,0.0,MG
SP_000080,1180,10.3,MG
SP_000080,1090,4.0,MG
SP_000080,1269,0.629,G
SP_000080,1087,88.0,MG
SP_000080,1220,0.067,G
SP_000080,1129,0.0,MG
SP_000080,1058,0.0,MG
SP_000080,1242,0.0,MG
SP_000080,1259,0.0,G
SP_000080,1313,0.0,G
SP_000080,1108,0.0,UG
SP_000080,1277,0.032,G
SP_000080,1218,0.023,G
SP_000080,1114,0.0,UG
SP_000080,1005,6.04,G
SP_000081,1051,7.64,G
SP_000081,2000,4.09,G
SP_000081,1079,40.3,G
SP_000081,1105,0.0,UG
SP_000081,1257,0.0,G
SP_000081,1058,0.0,MG
SP_000081,1003,12.66,G
SP_000081,1108,0.0,UG
SP_000081,1162,51.4,MG
SP_000081,1110,0.0,IU
SP_000081,1262,0.0,G
SP_000081,1265,0.294,G
SP_000081,1005,60.56,G
SP_000081,1275,0.0,G
SP_000081,1120,70.0,UG
SP_000081,1103,4.5,UG
SP_000081,1089,82.71,MG
SP_000081,1057,0.0,MG
SP_000081,1280,0.0,G
SP_000081,1242,0.0,MG
SP_000081,1293,4.405,G
SP_000081,1062,1136.0,kJ
SP_000081,1092,1522.0,MG
SP_000081,1177,274.0,UG
SP_000081,1263,0.0,G
SP_000081,1259,0.0,G
SP_000081,1090,346.0,MG
SP_000081,1123,1895.0,UG
SP_000081,1190,274.0,UG
SP_000081,1087,1990.0,MG
SP_000081,1095,3.6,MG
SP_000081,1098,1.133,MG
SP_000081,1004,7.04,G
SP_000081,1269,1.175,G
SP_000081,1258,0.529,G
SP_000081,1180,43.6,MG
SP_000081,1107,4806.0,UG
SP_000081,1166,0.316,MG
SP_000081,1091,306.0,MG
SP_000081,1104,8068.0,IU
SP_000081,1292,0.94,G
SP_000081,1175,1.19,MG
SP_000081,1114,0.0,UG
SP_000081,1276,0.0,G
SP_000081,1272,0.0,G
SP_000081,1277,0.0,G
SP_000081,1186,0.0,UG
SP_000081,1167,4.12,MG
SP_000081,1246,0.0,UG
SP_000081,1187,274.0,UG
SP_000081,1266,0.235,G
SP_000081,1165,0.289,MG
SP_000081,1271,0.0,G
SP_000081,1253,0.0,MG
SP_000081,1260,0.0,G
SP_000081,1283,60.0,MG
SP_000081,1093,77.0,MG
SP_000081,1270,3.23,G
SP_000081,1122,0.0,UG
SP_000081,1261,0.0,G
SP_000081,1008,271.0,KCAL
SP_000081,1018,0.0,G
SP_000081,1106,403.0,UG
SP_000081,1278,0.0,G
SP_000081,1264,0.0,G
SP_000081,1279,0.0,G
SP_000081,1007,12.1,G
SP_000081,1101,5.433,MG
SP_000081,1185,621.7,UG
SP_000081,1178,0.0,UG
SP_000081,1268,0.94,G
SP_000081,1109,1.69,MG
SP_000082,1051,9.93,G
SP_000082,1273,0.0,G
SP_000082,1315,0.712,G
SP_000082,1333,0.0,G
SP_000082,1104,1701.0,IU
SP_000082,1093,25.0,MG
SP_000082,1300,0.0,G
SP_000082,1299,0.0,G
SP_000082,1091,148.0,MG
SP_000082,1220,0.449,G
SP_000082,1293,1.369,G
SP_000082,1218,0.297,G
SP_000082,1329,0.0,G
SP_000082,1210,0.203,G
SP_000082,1274,0.0,G
SP_000082,1301,0.0,G
SP_000082,1165,0.177,MG
SP_000082,1404,0.621,G
SP_000082,1217,0.449,G
SP_000082,1258,1.551,G
SP_000082,1095,2.69,MG
SP_000082,1108,20.0,UG
SP_000082,1222,0.5,G
SP_000082,1122,0.0,UG
SP_000082,1125,0.0,MG
SP_000082,1103,4.5,UG
SP_000082,1279,0.0,G
SP_000082,1242,0.0,MG
SP_000082,1062,1107.0,kJ
SP_000082,1106,85.0,UG
SP_000082,1304,0.0,G
SP_000082,1098,0.633,MG
SP_000082,1120,7.0,UG
SP_000082,1313,0.0,G
SP_000082,1166,0.528,MG
SP_000082,1264,0.004,G
SP_000082,1225,0.517,G
SP_000082,1277,0.0,G
SP_000082,1219,0.585,G
SP_000082,1004,4.28,G
SP_000082,1226,1.712,G
SP_000082,1214,0.5,G
SP_000082,1090,270.0,MG
SP_000082,1263,0.246,G
SP_000082,1221,0.144,G
SP_000082,1261,0.0,G
SP_000082,1323,0.0,G
SP_000082,1212,0.441,G
SP_000082,1008,265.0,KCAL
SP_000082,1177,237.0,UG
SP_000082,1211,0.322,G
SP_000082,1005,68.92,G
SP_000082,1167,4.64,MG
SP_000082,1275,0.004,G
SP_000082,1332,0.0,G
SP_000082,1246,0.0,UG
SP_000082,1228,0.0,G
SP_000082,1224,0.975,G
SP_000082,1123,1895.0,UG
SP_000082,1292,0.716,G
SP_000082,1215,0.127,G
SP_000082,1278,0.0,G
SP_000082,1087,1597.0,MG
SP_000082,1312,0.0,G
SP_000082,1187,237.0,UG
SP_000082,1190,237.0,UG
SP_000082,1126,24.42,MG
SP_000082,1213,0.78,G
SP_000082,1092,1260.0,MG
SP_000082,1175,1.044,MG
SP_000082,1109,18.26,MG
SP_000082,1267,0.0,G
SP_000082,1180,32.3,MG
SP_000082,1262,0.004,G
SP_000082,1184,0.0,UG
SP_000082,1259,0.0,G
SP_000082,1010,0.91,G
SP_000082,1276,0.0,G
SP_000082,1253,0.0,MG
SP_000082,1012,1.13,G
SP_000082,1283,203.0,MG
SP_000082,1269,0.748,G
SP_000082,1271,0.0,G
SP_000082,2000,4.09,G
SP_000082,1227,0.314,G
SP_000082,1185,621.7,UG
SP_000082,1186,0.0,UG
SP_000082,1058,0.0,MG
SP_000082,1013,0.0,G
SP_000082,1018,0.0,G
SP_000082,1014,0.0,G
SP_000082,1110,0.0,IU
SP_000082,1057,0.0,MG
SP_000082,1265,0.792,G
SP_000082,1105,0.0,UG
SP_000082,1198,9.8,MG
SP_000082,1223,1.009,G
SP_000082,1266,0.505,G
SP_000082,1178,0.0,UG
SP_000082,1260,0.0,G
SP_000082,1268,0.712,G
SP_000082,1270,0.621,G
SP_000082,1075,0.15,G
SP_000082,1011,1.9,G
SP_000082,1216,0.11,G
SP_000082,1107,1007.0,UG
SP_000082,1280,0.0,G
SP_000082,1007,7.87,G
SP_000082,1114,0.0,UG
SP_000082,1325,0.0,G
SP_000082,1321,0.0,G
SP_000082,1003,9.0,G
SP_000082,1257,0.0,G
SP_000082,1127,0.92,MG
SP_000082,1272,0.0,G
SP_000082,1089,36.8,MG
SP_000082,1101,4.99,MG
SP_000082,1162,2.3,MG
SP_000082,1170,0.921,MG
SP_000082,1079,42.5,G
SP_000083,2048,360.53871,KCAL
SP_000083,2047,369.97,KCAL
SP_000083,1005,77.18825,G
SP_000083,1003,7.56875,G
SP_000083,1095,1.716,MG
SP_000083,1089,1.116,MG
SP_000083,1176,4.875,UG
SP_000083,1087,14.4,MG
SP_000083,1004,3.438,G
SP_000083,1002,1.211,G
SP_000083,1098,0.2095,MG
SP_000083,1079,4.179,G
SP_000083,1007,1.345,G
SP_000083,1093,0.0,MG
SP_000083,1091,306.7,MG
SP_000083,1009,71.35,G
SP_000083,1101,3.906,MG
SP_000083,1092,255.6,MG
SP_000083,1167,8.278,MG
SP_000083,1175,0.2024,MG
SP_000083,1051,10.46,G
SP_000083,1090,113.4,MG
SP_000083,1165,0.3188,MG
SP_000084,1166,0.29,MG
SP_000084,1103,2.7,UG
SP_000084,1177,85.0,UG
SP_000084,1114,0.0,UG
SP_000084,1178,0.0,UG
SP_000084,1165,0.421,MG
SP_000084,1003,11.02,G
SP_000084,1187,85.0,UG
SP_000084,1175,0.384,MG
SP_000084,1092,195.0,MG
SP_000084,1186,0.0,UG
SP_000084,1217,0.58,G
SP_000084,1007,3.25,G
SP_000084,1098,0.75,MG
SP_000084,1062,1582.0,kJ
SP_000084,1005,72.85,G
SP_000084,1004,4.22,G
SP_000084,1051,8.67,G
SP_000084,1221,0.236,G
SP_000084,1167,4.72,MG
SP_000084,1185,0.9,UG
SP_000084,1253,0.0,MG
SP_000084,1263,0.003,G
SP_000084,1220,0.382,G
SP_000084,1190,85.0,UG
SP_000084,1293,2.134,G
SP_000084,1270,0.118,G
SP_000084,1219,0.578,G
SP_000084,1227,0.644,G
SP_000084,1087,8.0,MG
SP_000084,1275,0.014,G
SP_000084,1292,0.773,G
SP_000084,1269,2.015,G
SP_000084,1268,0.739,G
SP_000084,1258,0.723,G
SP_000084,1104,0.0,IU
SP_000084,1266,0.154,G
SP_000084,1211,0.353,G
SP_000084,1225,0.287,G
SP_000084,1265,0.528,G
SP_000084,1109,0.05,MG
SP_000084,1226,0.877,G
SP_000084,1079,8.5,G
SP_000084,1213,1.4,G
SP_000084,1215,0.221,G
SP_000084,1277,0.02,G
SP_000084,1224,2.396,G
SP_000084,1105,0.0,UG
SP_000084,1089,3.01,MG
SP_000084,1090,114.0,MG
SP_000084,1223,0.726,G
SP_000084,1091,285.0,MG
SP_000084,1093,5.0,MG
SP_000084,1008,378.0,KCAL
SP_000084,1212,0.465,G
SP_000084,1170,0.848,MG
SP_000084,1095,1.68,MG
SP_000084,1222,0.986,G
SP_000084,1214,0.212,G
SP_000084,1210,0.119,G
SP_000084,1216,0.212,G
SP_000084,1106,0.0,UG
SP_000084,1101,1.632,MG
SP_000084,1162,0.0,MG
SP_000084,1110,0.0,IU
SP_000084,1218,0.34,G
SP_000085,1278,0.0,G
SP_000085,1246,0.0,UG
SP_000085,1091,68.0,MG
SP_000085,1259,0.0,G
SP_000085,1271,0.0,G
SP_000085,1007,0.8,G
SP_000085,1264,0.0,G
SP_000085,1175,0.1,MG
SP_000085,1123,0.0,UG
SP_000085,1105,0.0,UG
SP_000085,1114,0.0,UG
SP_000085,1258,0.059,G
SP_000085,1276,0.0,G
SP_000085,1079,10.4,G
SP_000085,1004,0.7,G
SP_000085,1062,406.0,kJ
SP_000085,1093,28.0,MG
SP_000085,1058,0.0,MG
SP_000085,1270,0.001,G
SP_000085,1098,0.086,MG
SP_000085,1262,0.0,G
SP_000085,1268,0.086,G
SP_000085,1257,0.0,G
SP_000085,1275,0.0,G
SP_000085,1180,7.6,MG
SP_000085,1166,0.13,MG
SP_000085,1162,30.0,MG
SP_000085,1090,29.0,MG
SP_000085,1051,72.93,G
SP_000085,1110,0.0,IU
SP_000085,1178,0.0,UG
SP_000085,1103,0.6,UG
SP_000085,1106,64.0,UG
SP_000085,1185,0.7,UG
SP_000085,1057,0.0,MG
SP_000085,1280,0.0,G
SP_000085,1109,0.02,MG
SP_000085,1018,0.0,G
SP_000085,1089,1.6,MG
SP_000085,1242,0.0,MG
SP_000085,1261,0.0,G
SP_000085,1265,0.045,G
SP_000085,1104,1272.0,IU
SP_000085,1292,0.086,G
SP_000085,1167,1.5,MG
SP_000085,1272,0.0,G
SP_000085,1293,0.411,G
SP_000085,1263,0.0,G
SP_000085,1279,0.0,G
SP_000085,1177,14.0,UG
SP_000085,1277,0.0,G
SP_000085,1108,0.0,UG
SP_000085,1266,0.014,G
SP_000085,1165,0.0,MG
SP_000085,1187,14.0,UG
SP_000085,1253,0.0,MG
SP_000085,1186,0.0,UG
SP_000085,1269,0.41,G
SP_000085,2000,11.2,G
SP_000085,1087,12.0,MG
SP_000085,1005,23.38,G
SP_000085,1122,0.0,UG
SP_000085,1008,97.0,KCAL
SP_000085,1107,743.0,UG
SP_000085,1260,0.0,G
SP_000085,1190,14.0,UG
SP_000085,1120,41.0,UG
SP_000085,1003,2.2,G
SP_000085,1092,348.0,MG
SP_000085,1095,0.1,MG
SP_000086,1108,0.0,UG
SP_000086,1265,0.03,G
SP_000086,1008,75.0,KCAL
SP_000086,1079,4.9,G
SP_000086,1266,0.014,G
SP_000086,1114,0.0,UG
SP_000086,1007,0.98,G
SP_000086,1004,0.3,G
SP_000086,1110,0.0,IU
SP_000086,1104,0.0,IU
SP_000086,1264,0.003,G
SP_000086,1190,67.0,UG
SP_000086,1101,0.56,MG
SP_000086,1090,29.0,MG
SP_000086,1167,0.7,MG
SP_000086,1093,10.0,MG
SP_000086,1269,0.041,G
SP_000086,1270,0.003,G
SP_000086,1166,0.05,MG
SP_000086,1275,0.003,G
SP_000086,1005,17.99,G
SP_000086,1177,67.0,UG
SP_000086,1123,0.0,UG
SP_000086,1057,0.0,MG
SP_000086,1258,0.05,G
SP_000086,1058,0.0,MG
SP_000086,1178,0.0,UG
SP_000086,1062,314.0,kJ
SP_000086,1003,1.2,G
SP_000086,1105,0.0,UG
SP_000086,1098,0.12,MG
SP_000086,1109,1.49,MG
SP_000086,1187,67.0,UG
SP_000086,1165,0.09,MG
SP_000086,1091,71.0,MG
SP_000086,1103,1.8,UG
SP_000086,1253,0.0,MG
SP_000086,1186,0.0,UG
SP_000086,1257,0.0,G
SP_000086,1089,0.59,MG
SP_000086,1095,0.59,MG
SP_000086,1185,22.5,UG
SP_000086,1092,375.0,MG
SP_000086,1292,0.112,G
SP_000086,1107,0.0,UG
SP_000086,1268,0.102,G
SP_000086,1051,79.53,G
SP_000086,1087,36.0,MG
SP_000086,1175,0.09,MG
SP_000086,1293,0.047,G
SP_000086,1122,0.0,UG
SP_000086,1162,17.0,MG
SP_000086,1120,0.0,UG
SP_000086,2000,4.8,G
SP_000086,1106,0.0,UG
SP_000086,1170,0.6,MG
SP_000088,1404,1.86,G
SP_000088,1406,0.0,G
SP_000088,1311,0.0,G
SP_000088,1223,3.169,G
SP_000088,1313,0.0,G
SP_000088,1305,0.0,G
SP_000088,1253,0.0,MG
SP_000088,1013,0.0,G
SP_000088,1323,0.0,G
SP_000088,1212,1.546,G
SP_000088,1332,0.0,G
SP_000088,1269,1.248,G
SP_000088,1242,0.0,MG
SP_000088,1101,9.81,MG
SP_000088,1008,292.0,KCAL
SP_000088,1105,0.0,UG
SP_000088,1275,0.0,G
SP_000088,1299,0.0,G
SP_000088,1104,1939.0,IU
SP_000088,1258,1.378,G
SP_000088,1314,0.0,G
SP_000088,1224,3.688,G
SP_000088,1185,1359.5,UG
SP_000088,1260,0.0,G
SP_000088,1300,0.0,G
SP_000088,1178,0.0,UG
SP_000088,1167,9.943,MG
SP_000088,1263,0.0,G
SP_000088,1003,26.63,G
SP_000088,1221,0.718,G
SP_000088,1272,0.0,G
SP_000088,1301,0.063,G
SP_000088,1190,180.0,UG
SP_000088,1131,0.0,MG
SP_000088,1110,0.0,IU
SP_000088,1005,50.64,G
SP_000088,1108,17.0,UG
SP_000088,1217,1.712,G
SP_000088,1012,0.42,G
SP_000088,1092,2683.0,MG
SP_000088,1329,0.0,G
SP_000088,1004,5.48,G
SP_000088,1280,0.0,G
SP_000088,1274,0.0,G
SP_000088,1246,0.0,UG
SP_000088,1303,0.0,G
SP_000088,1292,0.761,G
SP_000088,1293,3.124,G
SP_000088,1279,0.0,G
SP_000088,1405,0.0,G
SP_000088,1166,2.383,MG
SP_000088,1010,4.09,G
SP_000088,1123,2428.0,UG
SP_000088,1222,1.778,G
SP_000088,1106,97.0,UG
SP_000088,2000,7.27,G
SP_000088,1130,0.0,MG
SP_000088,1090,400.0,MG
SP_000088,1126,1.53,MG
SP_000088,1075,0.0,G
SP_000088,1187,180.0,UG
SP_000088,1215,0.596,G
SP_000088,1316,1.248,G
SP_000088,1257,0.0,G
SP_000088,1312,0.0,G
SP_000088,1325,0.0,G
SP_000088,1268,0.761,G
SP_000088,1120,4.0,UG
SP_000088,1180,97.1,MG
SP_000088,1018,0.0,G
SP_000088,1062,1220.0,kJ
SP_000088,1014,0.0,G
SP_000088,1261,0.0,G
SP_000088,1267,0.005,G
SP_000088,1058,0.0,MG
SP_000088,1218,1.159,G
SP_000088,1079,26.7,G
SP_000088,1276,0.0,G
SP_000088,1098,0.78,MG
SP_000088,1128,0.0,MG
SP_000088,1315,0.761,G
SP_000088,1091,436.0,MG
SP_000088,1321,0.016,G
SP_000088,1219,2.021,G
SP_000088,1114,0.0,UG
SP_000088,1177,180.0,UG
SP_000088,1103,14.1,UG
SP_000088,1411,0.0,G
SP_000088,1225,1.756,G
SP_000088,1011,2.76,G
SP_000088,1089,22.04,MG
SP_000088,1333,0.0,G
SP_000088,1266,0.058,G
SP_000088,1304,0.0,G
SP_000088,1095,5.44,MG
SP_000088,1109,8.96,MG
SP_000088,1262,0.0,G
SP_000088,1127,0.0,MG
SP_000088,1271,0.0,G
SP_000088,1129,0.0,MG
SP_000088,1228,0.0,G
SP_000088,1213,2.794,G
SP_000088,1227,1.159,G
SP_000088,1216,0.298,G
SP_000088,1198,1.7,MG
SP_000088,1175,0.9,MG
SP_000088,1057,0.0,MG
SP_000088,1007,11.36,G
SP_000088,1162,125.0,MG
SP_000088,1277,0.0,G
SP_000088,1122,0.0,UG
SP_000088,1265,1.223,G
SP_000088,1210,0.475,G
SP_000088,1125,0.02,MG
SP_000088,1264,0.0,G
SP_000088,1211,1.193,G
SP_000088,1220,1.756,G
SP_000088,1259,0.0,G
SP_000088,1270,1.876,G
SP_000088,1165,0.196,MG
SP_000088,1186,0.0,UG
SP_000088,1087,1140.0,MG
SP_000088,1107,1152.0,UG
SP_000088,1278,0.0,G
SP_000088,1273,0.028,G
SP_000088,1170,1.062,MG
SP_000088,1226,2.01,G
SP_000088,1051,5.89,G
SP_000088,1317,0.0,G
SP_000088,1184,0.0,UG
SP_000088,1093,452.0,MG
SP_000088,1214,2.098,G
SP_000089,1215,0.068,G
SP_000089,1058,0.0,MG
SP_000089,1222,0.26,G
SP_000089,1280,0.0,G
SP_000089,1106,10.0,UG
SP_000089,1212,0.44,G
SP_000089,1018,0.0,G
SP_000089,1107,126.0,UG
SP_000089,1292,0.05,G
SP_000089,1253,0.0,MG
SP_000089,1271,0.0,G
SP_000089,1224,0.881,G
SP_000089,1186,0.0,UG
SP_000089,1221,0.232,G
SP_000089,1114,0.0,UG
SP_000089,1167,1.474,MG
SP_000089,1277,0.0,G
SP_000089,1103,1.8,UG
SP_000089,1219,0.427,G
SP_000089,1268,0.05,G
SP_000089,1210,0.09,G
SP_000089,1003,6.84,G
SP_000089,1213,0.538,G
SP_000089,1057,0.0,MG
SP_000089,1278,0.0,G
SP_000089,1109,0.32,MG
SP_000089,1242,0.0,MG
SP_000089,1263,0.0,G
SP_000089,1217,0.337,G
SP_000089,1123,0.0,UG
SP_000089,1265,0.173,G
SP_000089,1223,0.735,G
SP_000089,1180,40.0,MG
SP_000089,1257,0.0,G
SP_000089,1005,20.17,G
SP_000089,1079,4.9,G
SP_000089,1122,0.0,UG
SP_000089,1101,1.215,MG
SP_000089,1214,0.452,G
SP_000089,1227,0.427,G
SP_000089,1187,34.0,UG
SP_000089,1293,0.419,G
SP_000089,1246,0.0,UG
SP_000089,1008,113.0,KCAL
SP_000089,1185,5.6,UG
SP_000089,1175,0.204,MG
SP_000089,1162,23.4,MG
SP_000089,1272,0.0,G
SP_000089,1095,0.78,MG
SP_000089,1178,0.0,UG
SP_000089,1220,0.458,G
SP_000089,1211,0.29,G
SP_000089,1279,0.0,G
SP_000089,1261,0.0,G
SP_000089,1165,0.217,MG
SP_000089,1177,34.0,UG
SP_000089,1007,1.89,G
SP_000089,1225,0.274,G
SP_000089,1062,473.0,kJ
SP_000089,1089,3.14,MG
SP_000089,1262,0.0,G
SP_000089,1258,0.198,G
SP_000089,1091,136.0,MG
SP_000089,2000,1.48,G
SP_000089,1120,0.0,UG
SP_000089,1104,209.0,IU
SP_000089,1090,58.0,MG
SP_000089,1266,0.022,G
SP_000089,1260,0.0,G
SP_000089,1166,0.103,MG
SP_000089,1275,0.0,G
SP_000089,1276,0.0,G
SP_000089,1269,0.283,G
SP_000089,1170,0.247,MG
SP_000089,1004,0.86,G
SP_000089,1108,0.0,UG
SP_000089,1087,34.0,MG
SP_000089,1259,0.0,G
SP_000089,1216,0.083,G
SP_000089,1264,0.002,G
SP_000089,1051,70.24,G
SP_000089,1093,8.0,MG
SP_000089,1226,0.102,G
SP_000089,1105,0.0,UG
SP_000089,1218,0.22,G
SP_000089,1110,0.0,IU
SP_000089,1190,34.0,UG
SP_000089,1092,467.0,MG
SP_000089,1270,0.136,G
SP_000089,1098,0.318,MG
SP_000092,1276,0.0,G
SP_000092,1259,0.0,G
SP_000092,1098,0.91,MG
SP_000092,1178,0.0,UG
SP_000092,1167,3.06,MG
SP_000092,1279,0.0,G
SP_000092,1103,5.0,UG
SP_000092,1262,0.0,G
SP_000092,1091,440.0,MG
SP_000092,1087,646.0,MG
SP_000092,1062,1411.0,kJ
SP_000092,1275,0.0,G
SP_000092,1003,17.6,G
SP_000092,1058,0.0,MG
SP_000092,1270,0.0,G
SP_000092,1258,0.586,G
SP_000092,1101,2.3,MG
SP_000092,1292,9.78,G
SP_000092,1007,6.95,G
SP_000092,1277,0.0,G
SP_000092,1190,10.0,UG
SP_000092,1272,0.0,G
SP_000092,1105,0.0,UG
SP_000092,1110,0.0,IU
SP_000092,1093,16.0,MG
SP_000092,1004,15.9,G
SP_000092,1162,21.0,MG
SP_000092,1269,3.15,G
SP_000092,1005,50.02,G
SP_000092,1051,9.54,G
SP_000092,1008,337.0,KCAL
SP_000092,1177,10.0,UG
SP_000092,1271,0.0,G
SP_000092,1278,0.0,G
SP_000092,1175,0.65,MG
SP_000092,1079,14.6,G
SP_000092,1268,9.78,G
SP_000092,1261,0.0,G
SP_000092,1293,3.15,G
SP_000092,1186,0.0,UG
SP_000092,1266,0.0,G
SP_000092,1106,16.0,UG
SP_000092,1165,0.34,MG
SP_000092,1253,0.0,MG
SP_000092,1260,0.0,G
SP_000092,1264,0.0,G
SP_000092,1095,5.3,MG
SP_000092,1092,1441.0,MG
SP_000092,1166,0.29,MG
SP_000092,1114,0.0,UG
SP_000092,1187,10.0,UG
SP_000092,1170,0.797,MG
SP_000092,1018,0.0,G
SP_000092,1263,0.0,G
SP_000092,1104,311.0,IU
SP_000092,1265,0.0,G
SP_000092,1090,170.0,MG
SP_000092,1280,0.0,G
SP_000092,1057,0.0,MG
SP_000092,1089,36.96,MG
SP_000093,1185,3.2,UG
SP_000093,1184,0.0,UG
SP_000093,1183,0.0,UG
SP_000093,2048,642.99228,KCAL
SP_000093,2047,688.614,KCAL
SP_000093,1005,18.5921,G
SP_000093,1003,15.7039,G
SP_000093,1224,3.44,G
SP_000093,1226,1.047,G
SP_000093,1225,0.73,G
SP_000093,1007,2.509,G
SP_000093,1211,0.4667,G
SP_000093,1223,1.383,G
SP_000093,1090,205.9,MG
SP_000093,1101,10.25,MG
SP_000093,1175,0.2546,MG
SP_000093,1091,540.0,MG
SP_000093,1227,0.9833,G
SP_000093,1102,3.284,UG
SP_000093,1002,2.963,G
SP_000093,1176,12.9,UG
SP_000093,1210,0.1467,G
SP_000093,1222,0.7467,G
SP_000093,1217,0.5933,G
SP_000093,1092,654.8,MG
SP_000093,1093,0.0,MG
SP_000093,1212,0.5667,G
SP_000093,1165,0.6253,MG
SP_000093,1218,0.5867,G
SP_000093,1214,0.5867,G
SP_000093,1220,2.663,G
SP_000093,1051,1.925,G
SP_000093,1004,61.27,G
SP_000093,1219,0.7367,G
SP_000093,1098,1.119,MG
SP_000093,1232,0.47,G
SP_000093,1087,8.736,MG
SP_000093,1215,0.33,G
SP_000093,1089,5.36,MG
SP_000093,1079,3.941,G
SP_000093,1221,0.37,G
SP_000093,1095,5.713,MG
SP_000093,1228,0.0,G
SP_000093,1213,1.097,G
SP_000093,1167,4.466,MG
SP_000095,1089,3.456,MG
SP_000095,1103,23.12,UG
SP_000095,1091,499.6,MG
SP_000095,1101,1.05,MG
SP_000095,1079,6.969,G
SP_000095,1093,0.0,MG
SP_000095,1002,3.869,G
SP_000095,1087,117.4,MG
SP_000095,1098,1.054,MG
SP_000095,1092,947.0,MG
SP_000095,1004,45.02,G
SP_000095,1007,2.83,G
SP_000095,1090,109.7,MG
SP_000095,1051,3.95,G
SP_000095,1095,2.176,MG
SP_000095,1003,20.5057,G
SP_000095,1005,27.6943,G
SP_000095,2047,597.98,KCAL
SP_000095,2048,560.68798,KCAL
SP_000096,1122,0.0,UG
SP_000096,1270,0.163,G
SP_000096,1091,334.0,MG
SP_000096,1131,0.0,MG
SP_000096,1216,0.273,G
SP_000096,1331,0.002,G
SP_000096,1170,0.962,MG
SP_000096,1228,0.0,G
SP_000096,1190,15.0,UG
SP_000096,2000,3.14,G
SP_000096,1184,0.0,UG
SP_000096,1409,0.0,G
SP_000096,1221,0.586,G
SP_000096,1103,10.7,UG
SP_000096,1271,0.001,G
SP_000096,1095,3.49,MG
SP_000096,1098,0.809,MG
SP_000096,1299,0.005,G
SP_000096,1275,0.001,G
SP_000096,1316,0.854,G
SP_000096,1304,0.002,G
SP_000096,1198,0.6,MG
SP_000096,1292,0.615,G
SP_000096,1130,0.0,MG
SP_000096,1268,0.602,G
SP_000096,1011,0.44,G
SP_000096,1008,364.0,KCAL
SP_000096,1079,22.2,G
SP_000096,1225,1.012,G
SP_000096,1051,8.69,G
SP_000096,1162,1.8,MG
SP_000096,1012,0.0,G
SP_000096,1186,0.0,UG
SP_000096,1114,0.0,UG
SP_000096,1180,156.9,MG
SP_000096,1005,61.63,G
SP_000096,1125,0.0,MG
SP_000096,1218,0.518,G
SP_000096,1213,1.68,G
SP_000096,1246,0.0,UG
SP_000096,1405,0.0,G
SP_000096,1259,0.0,G
SP_000096,1258,0.408,G
SP_000096,1058,0.0,MG
SP_000096,1109,0.12,MG
SP_000096,1269,0.856,G
SP_000096,1261,0.0,G
SP_000096,1215,0.195,G
SP_000096,1273,0.004,G
SP_000096,1293,1.022,G
SP_000096,1321,0.001,G
SP_000096,1279,0.002,G
SP_000096,1165,0.719,MG
SP_000096,1411,0.0,G
SP_000096,1166,0.244,MG
SP_000096,1092,852.0,MG
SP_000096,1329,0.002,G
SP_000096,1312,0.0,G
SP_000096,1007,2.67,G
SP_000096,1219,1.035,G
SP_000096,1333,0.0,G
SP_000096,1260,0.0,G
SP_000096,1110,0.0,IU
SP_000096,1262,0.004,G
SP_000096,1274,0.0,G
SP_000096,1004,3.89,G
SP_000096,1089,4.73,MG
SP_000096,1280,0.0,G
SP_000096,1227,1.069,G
SP_000096,1105,0.0,UG
SP_000096,1226,1.035,G
SP_000096,1276,0.0,G
SP_000096,1210,0.159,G
SP_000096,1253,0.0,MG
SP_000096,1305,0.0,G
SP_000096,1183,0.0,UG
SP_000096,1128,0.0,MG
SP_000096,1104,149.0,IU
SP_000096,1217,1.151,G
SP_000096,1177,15.0,UG
SP_000096,1101,1.19,MG
SP_000096,1062,1521.0,kJ
SP_000096,1075,0.0,G
SP_000096,1300,0.005,G
SP_000096,1178,0.0,UG
SP_000096,1311,0.0,G
SP_000096,1013,0.0,G
SP_000096,1315,0.6,G
SP_000096,1107,89.0,UG
SP_000096,1003,23.12,G
SP_000096,1301,0.007,G
SP_000096,1404,0.163,G
SP_000096,1313,0.001,G
SP_000096,1278,0.0,G
SP_000096,1306,0.002,G
SP_000096,1120,0.0,UG
SP_000096,1277,0.009,G
SP_000096,1264,0.006,G
SP_000096,1317,0.002,G
SP_000096,1010,2.69,G
SP_000096,1406,0.0,G
SP_000096,1257,0.004,G
SP_000096,1314,0.001,G
SP_000096,1129,0.0,MG
SP_000096,1212,0.983,G
SP_000096,1214,1.771,G
SP_000096,1087,46.0,MG
SP_000096,1267,0.013,G
SP_000096,1175,0.14,MG
SP_000096,1090,63.0,MG
SP_000096,1057,0.0,MG
SP_000096,1126,5.75,MG
SP_000096,1211,0.813,G
SP_000096,1106,7.0,UG
SP_000096,1265,0.268,G
SP_000096,1127,0.14,MG
SP_000096,1323,0.001,G
SP_000096,1223,2.549,G
SP_000096,1167,3.608,MG
SP_000096,1272,0.0,G
SP_000096,1185,15.9,UG
SP_000096,1263,0.001,G
SP_000096,1266,0.096,G
SP_000096,1014,0.0,G
SP_000096,1123,0.0,UG
SP_000096,1224,3.871,G
SP_000096,1093,5.0,MG
SP_000096,1108,0.0,UG
SP_000096,1242,0.0,MG
SP_000096,1222,1.049,G
SP_000096,1220,1.902,G
SP_000096,1187,15.0,UG
SP_000096,1303,0.0,G
SP_000096,1018,0.0,G
SP_000096,1325,0.0,G
SP_000097,1103,0.9,UG
SP_000097,1253,0.0,MG
SP_000097,1190,12.0,UG
SP_000097,1005,3.39,G
SP_000097,1093,45.0,MG
SP_000097,1167,0.48,MG
SP_000097,1087,65.0,MG
SP_000097,1114,0.0,UG
SP_000097,1101,0.303,MG
SP_000097,1098,0.113,MG
SP_000097,1186,0.0,UG
SP_000097,1051,92.86,G
SP_000097,1095,0.17,MG
SP_000097,1178,0.0,UG
SP_000097,1007,1.36,G
SP_000097,1180,12.8,MG
SP_000097,1165,0.047,MG
SP_000097,1008,20.0,KCAL
SP_000097,1062,84.0,kJ
SP_000097,1110,0.0,IU
SP_000097,1104,1320.0,IU
SP_000097,1003,2.03,G
SP_000097,1057,0.0,MG
SP_000097,1257,0.0,G
SP_000097,1170,0.036,MG
SP_000097,1092,494.0,MG
SP_000097,1089,1.99,MG
SP_000097,1175,0.073,MG
SP_000097,1162,21.0,MG
SP_000097,1166,0.112,MG
SP_000097,1091,44.0,MG
SP_000097,1177,12.0,UG
SP_000097,1004,0.36,G
SP_000097,1018,0.0,G
SP_000097,1105,0.0,UG
SP_000097,1058,0.0,MG
SP_000097,1090,68.0,MG
SP_000097,1187,12.0,UG
SP_000098,1223,0.314,G
SP_000098,1180,2.8,MG
SP_000098,1242,0.0,MG
SP_000098,1221,0.027,G
SP_000098,1227,0.083,G
SP_000098,1190,9.0,UG
SP_000098,1187,9.0,UG
SP_000098,1114,0.0,UG
SP_000098,1062,201.0,kJ
SP_000098,1246,0.0,UG
SP_000098,2000,9.24,G
SP_000098,1185,3.3,UG
SP_000098,1215,0.006,G
SP_000098,1213,0.077,G
SP_000098,1212,0.041,G
SP_000098,1258,0.027,G
SP_000098,1293,0.077,G
SP_000098,1093,1.0,MG
SP_000098,1262,0.0,G
SP_000098,1098,0.078,MG
SP_000098,1276,0.0,G
SP_000098,1011,2.37,G
SP_000098,1269,0.077,G
SP_000098,1095,0.2,MG
SP_000098,1091,23.0,MG
SP_000098,1122,0.0,UG
SP_000098,1263,0.0,G
SP_000098,1270,0.0,G
SP_000098,1219,0.047,G
SP_000098,1220,0.045,G
SP_000098,1175,0.054,MG
SP_000098,1217,0.052,G
SP_000098,1014,0.06,G
SP_000098,1090,10.0,MG
SP_000098,1105,0.0,UG
SP_000098,1092,259.0,MG
SP_000098,1170,0.24,MG
SP_000098,1107,1094.0,UG
SP_000098,1216,0.003,G
SP_000098,1283,18.0,MG
SP_000098,1224,0.157,G
SP_000098,1004,0.39,G
SP_000098,1058,0.0,MG
SP_000098,1177,9.0,UG
SP_000098,1075,0.0,G
SP_000098,1211,0.047,G
SP_000098,1106,96.0,UG
SP_000098,1257,0.0,G
SP_000098,1210,0.015,G
SP_000098,1010,5.87,G
SP_000098,1013,0.0,G
SP_000098,1003,1.4,G
SP_000098,1109,0.89,MG
SP_000098,1087,13.0,MG
SP_000098,1008,48.0,KCAL
SP_000098,1264,0.0,G
SP_000098,1260,0.0,G
SP_000098,1277,0.0,G
SP_000098,1005,11.12,G
SP_000098,1120,104.0,UG
SP_000098,1292,0.17,G
SP_000098,1079,2.0,G
SP_000098,1051,86.35,G
SP_000098,1057,0.0,MG
SP_000098,1110,0.0,IU
SP_000098,1272,0.0,G
SP_000098,1104,1926.0,IU
SP_000098,1012,0.94,G
SP_000098,1225,0.04,G
SP_000098,1178,0.0,UG
SP_000098,1101,0.077,MG
SP_000098,1162,10.0,MG
SP_000098,1268,0.17,G
SP_000098,1261,0.0,G
SP_000098,1253,0.0,MG
SP_000098,1280,0.0,G
SP_000098,1167,0.6,MG
SP_000098,1278,0.0,G
SP_000098,1279,0.0,G
SP_000098,1266,0.003,G
SP_000098,1089,0.39,MG
SP_000098,1166,0.04,MG
SP_000098,1123,89.0,UG
SP_000098,1214,0.097,G
SP_000098,1007,0.75,G
SP_000098,1275,0.0,G
SP_000098,1259,0.0,G
SP_000098,1186,0.0,UG
SP_000098,1226,0.101,G
SP_000098,1218,0.029,G
SP_000098,1165,0.03,MG
SP_000098,1222,0.068,G
SP_000098,1018,0.0,G
SP_000098,1265,0.024,G
SP_000098,1271,0.0,G
SP_000098,1108,19.0,UG
SP_000098,1103,0.1,UG
SP_000099,1063,13.872,G
SP_000099,2048,63.290775,KCAL
SP_000099,2047,70.5425,KCAL
SP_000099,1005,16.163125,G
SP_000099,1003,1.039375,G
SP_000099,1175,0.04888,MG
SP_000099,1089,0.1054,MG
SP_000099,1011,8.359,G
SP_000099,1044,0.0,MG
SP_000099,1032,0.0,MG
SP_000099,1091,23.25,MG
SP_000099,1051,82.18,G
SP_000099,1098,0.06925,MG
SP_000099,1043,0.0,MG
SP_000099,1101,0.07336,MG
SP_000099,1010,0.0,G
SP_000099,1090,12.11,MG
SP_000099,1012,5.513,G
SP_000099,1013,0.0,G
SP_000099,1039,762.4,MG
SP_000099,1002,0.1663,G
SP_000099,1041,0.0,MG
SP_000099,1162,10.39,MG
SP_000099,1093,0.0,MG
SP_000099,1095,0.06446,MG
SP_000099,1007,0.425,G
SP_000099,1092,229.6,MG
SP_000099,1014,0.0,G
SP_000099,1087,12.26,MG
SP_000099,1004,0.1925,G
SP_000099,1102,0.97,UG
SP_000100,1098,0.104,MG
SP_000100,1246,0.0,UG
SP_000100,1162,10.0,MG
SP_000100,1120,0.0,UG
SP_000100,1277,0.0,G
SP_000100,1259,0.0,G
SP_000100,1007,0.4,G
SP_000100,1265,0.048,G
SP_000100,1180,6.1,MG
SP_000100,1260,0.0,G
SP_000100,1170,0.143,MG
SP_000100,1089,0.32,MG
SP_000100,1108,0.0,UG
SP_000100,1090,9.0,MG
SP_000100,1109,0.07,MG
SP_000100,1011,4.18,G
SP_000100,1062,209.0,kJ
SP_000100,1114,0.0,UG
SP_000100,1122,0.0,UG
SP_000100,1187,8.0,UG
SP_000100,1292,0.082,G
SP_000100,1012,3.51,G
SP_000100,1105,0.0,UG
SP_000100,1165,0.03,MG
SP_000100,1278,0.0,G
SP_000100,1075,0.0,G
SP_000100,1253,0.0,MG
SP_000100,1263,0.0,G
SP_000100,1010,0.8,G
SP_000100,1186,0.0,UG
SP_000100,1095,0.1,MG
SP_000100,1280,0.0,G
SP_000100,1005,12.18,G
SP_000100,1261,0.0,G
SP_000100,1175,0.044,MG
SP_000100,1266,0.016,G
SP_000100,1087,16.0,MG
SP_000100,2000,8.49,G
SP_000100,1018,0.0,G
SP_000100,1269,0.046,G
SP_000100,1185,2.1,UG
SP_000100,1268,0.081,G
SP_000100,1004,0.3,G
SP_000100,1101,0.112,MG
SP_000100,1092,173.0,MG
SP_000100,1276,0.0,G
SP_000100,1262,0.0,G
SP_000100,1008,50.0,KCAL
SP_000100,1091,15.0,MG
SP_000100,1270,0.044,G
SP_000100,1107,770.0,UG
SP_000100,1106,64.0,UG
SP_000100,1104,1283.0,IU
SP_000100,1272,0.0,G
SP_000100,1003,1.0,G
SP_000100,1293,0.09,G
SP_000100,1110,0.0,IU
SP_000100,1103,0.0,UG
SP_000100,1166,0.04,MG
SP_000100,1177,8.0,UG
SP_000100,1271,0.0,G
SP_000100,1051,86.13,G
SP_000100,1279,0.0,G
SP_000100,1014,0.0,G
SP_000100,1057,0.0,MG
SP_000100,1093,3.0,MG
SP_000100,1123,85.0,UG
SP_000100,1079,1.6,G
SP_000100,1190,8.0,UG
SP_000100,1058,0.0,MG
SP_000100,1242,0.0,MG
SP_000100,1257,0.0,G
SP_000100,1275,0.001,G
SP_000100,1264,0.002,G
SP_000100,1258,0.068,G
SP_000100,1013,0.0,G
SP_000100,1178,0.0,UG
SP_000100,1167,0.4,MG
SP_000101,1185,0.0,UG
SP_000101,1184,0.0,UG
SP_000101,1183,0.0,UG
SP_000101,1258,3.785,G
SP_000101,1292,31.314,G
SP_000101,1293,11.18,G
SP_000101,2048,583.597022,KCAL
SP_000101,2047,625.75,KCAL
SP_000101,1005,20.03462,G
SP_000101,1003,21.45038,G
SP_000101,1093,0.0,MG
SP_000101,1221,0.548,G
SP_000101,1091,502.9,MG
SP_000101,1223,2.402,G
SP_000101,1220,2.464,G
SP_000101,1095,2.865,MG
SP_000101,1090,257.6,MG
SP_000101,1219,0.916,G
SP_000101,1092,732.8,MG
SP_000101,1218,0.63,G
SP_000101,1089,3.741,MG
SP_000101,1217,1.198,G
SP_000101,1222,0.98,G
SP_000101,1224,4.248,G
SP_000101,1211,0.608,G
SP_000101,1214,0.618,G
SP_000101,1175,0.1008,MG
SP_000101,1212,0.774,G
SP_000101,1232,0.5,G
SP_000101,1098,0.9104,MG
SP_000101,1101,2.149,MG
SP_000101,1007,3.164,G
SP_000101,1079,10.78,G
SP_000101,1228,0.0,G
SP_000101,1002,4.141,G
SP_000101,1210,0.208,G
SP_000101,1213,1.488,G
SP_000101,1087,253.6,MG
SP_000101,1102,45.28,UG
SP_000101,1226,1.314,G
SP_000101,1225,1.434,G
SP_000101,1051,4.261,G
SP_000101,1227,0.99,G
SP_000101,1176,57.01,UG
SP_000101,1167,3.77,MG
SP_000101,1165,0.1605,MG
SP_000101,1004,51.09,G
SP_000101,1215,0.154,G
SP_000104,1114,0.0,UG
SP_000104,1242,0.0,MG
SP_000104,1293,0.079,G
SP_000104,1178,0.0,UG
SP_000104,1279,0.0,G
SP_000104,1162,10.2,MG
SP_000104,1165,0.067,MG
SP_000104,1177,38.0,UG
SP_000104,1253,0.0,MG
SP_000104,1005,18.7,G
SP_000104,1106,0.0,UG
SP_000104,1105,0.0,UG
SP_000104,1263,0.006,G
SP_000104,1166,0.053,MG
SP_000104,1122,0.0,UG
SP_000104,1275,0.012,G
SP_000104,1259,0.0,G
SP_000104,1104,0.0,IU
SP_000104,1175,0.075,MG
SP_000104,1058,0.0,MG
SP_000104,1003,1.67,G
SP_000104,1260,0.0,G
SP_000104,1051,77.93,G
SP_000104,1123,0.0,UG
SP_000104,1110,0.0,IU
SP_000104,1007,0.53,G
SP_000104,1288,4.0,MG
SP_000104,1092,236.0,MG
SP_000104,1089,0.3,MG
SP_000104,1292,0.093,G
SP_000104,1062,346.0,kJ
SP_000104,1079,4.0,G
SP_000104,1018,0.0,G
SP_000104,1277,0.004,G
SP_000104,1285,0.0,MG
SP_000104,1266,0.038,G
SP_000104,1107,0.0,UG
SP_000104,1167,0.293,MG
SP_000104,1004,1.17,G
SP_000104,1280,0.0,G
SP_000104,1276,0.0,G
SP_000104,1108,0.0,UG
SP_000104,1261,0.0,G
SP_000104,1008,83.0,KCAL
SP_000104,1180,7.6,MG
SP_000104,1264,0.006,G
SP_000104,1120,0.0,UG
SP_000104,1057,0.0,MG
SP_000104,1268,0.077,G
SP_000104,1186,0.0,UG
SP_000104,1090,12.0,MG
SP_000104,1271,0.0,G
SP_000104,1258,0.12,G
SP_000104,1187,38.0,UG
SP_000104,1185,16.4,UG
SP_000104,1103,0.5,UG
SP_000104,1190,38.0,UG
SP_000104,1278,0.0,G
SP_000104,1095,0.35,MG
SP_000104,1257,0.0,G
SP_000104,1286,1.0,MG
SP_000104,1246,0.0,UG
SP_000104,1170,0.377,MG
SP_000104,1098,0.158,MG
SP_000104,1093,3.0,MG
SP_000104,1265,0.07,G
SP_000104,1109,0.6,MG
SP_000104,2000,13.67,G
SP_000104,1272,0.0,G
SP_000104,1262,0.0,G
SP_000104,1087,10.0,MG
SP_000104,1269,0.079,G
SP_000104,1101,0.119,MG
SP_000104,1091,36.0,MG
SP_000104,1270,0.0,G
SP_000105,1280,0.0,G
SP_000105,1170,0.049,MG
SP_000105,1213,0.019,G
SP_000105,1177,7.0,UG
SP_000105,1075,0.0,G
SP_000105,1276,0.0,G
SP_000105,1008,57.0,KCAL
SP_000105,1221,0.002,G
SP_000105,1242,0.0,MG
SP_000105,1165,0.012,MG
SP_000105,1227,0.015,G
SP_000105,1090,7.0,MG
SP_000105,1014,0.0,G
SP_000105,1270,0.001,G
SP_000105,1226,0.021,G
SP_000105,1180,5.1,MG
SP_000105,1108,1.0,UG
SP_000105,1253,0.0,MG
SP_000105,1259,0.0,G
SP_000105,1272,0.0,G
SP_000105,1257,0.0,G
SP_000105,1130,0.0,MG
SP_000105,1277,0.001,G
SP_000105,1225,0.013,G
SP_000105,1092,116.0,MG
SP_000105,1212,0.011,G
SP_000105,1223,0.105,G
SP_000105,1268,0.081,G
SP_000105,1283,8.0,MG
SP_000105,1079,3.1,G
SP_000105,1263,0.0,G
SP_000105,1187,7.0,UG
SP_000105,1095,0.1,MG
SP_000105,1062,239.0,kJ
SP_000105,1098,0.082,MG
SP_000105,1106,1.0,UG
SP_000105,1125,0.0,MG
SP_000105,1175,0.029,MG
SP_000105,1167,0.161,MG
SP_000105,1011,2.6,G
SP_000105,1292,0.084,G
SP_000105,1109,0.12,MG
SP_000105,1261,0.0,G
SP_000105,1012,6.42,G
SP_000105,1265,0.017,G
SP_000105,1120,2.0,UG
SP_000105,1271,0.0,G
SP_000105,1110,0.0,IU
SP_000105,1018,0.0,G
SP_000105,1214,0.017,G
SP_000105,1104,25.0,IU
SP_000105,1278,0.0,G
SP_000105,1003,0.36,G
SP_000105,1114,0.0,UG
SP_000105,1099,2.2,UG
SP_000105,1105,0.0,UG
SP_000105,1007,0.32,G
SP_000105,1162,4.3,MG
SP_000105,1101,0.048,MG
SP_000105,1216,0.002,G
SP_000105,1128,0.02,MG
SP_000105,1057,0.0,MG
SP_000105,1131,0.0,MG
SP_000105,1220,0.01,G
SP_000105,1058,0.0,MG
SP_000105,1269,0.093,G
SP_000105,1127,0.0,MG
SP_000105,1262,0.0,G
SP_000105,1178,0.0,UG
SP_000105,1123,44.0,UG
SP_000105,1211,0.011,G
SP_000105,1126,0.03,MG
SP_000105,1260,0.0,G
SP_000105,1215,0.002,G
SP_000105,1246,0.0,UG
SP_000105,2000,9.75,G
SP_000105,1293,0.094,G
SP_000105,1258,0.022,G
SP_000105,1093,1.0,MG
SP_000105,1224,0.03,G
SP_000105,1166,0.026,MG
SP_000105,1051,83.96,G
SP_000105,1186,0.0,UG
SP_000105,1107,14.0,UG
SP_000105,1210,0.002,G
SP_000105,1005,15.23,G
SP_000105,1217,0.011,G
SP_000105,1185,4.4,UG
SP_000105,1129,0.0,MG
SP_000105,1190,7.0,UG
SP_000105,1004,0.14,G
SP_000105,1010,0.71,G
SP_000105,1279,0.0,G
SP_000105,1219,0.017,G
SP_000105,1266,0.003,G
SP_000105,1198,0.2,MG
SP_000105,1264,0.0,G
SP_000105,1089,0.18,MG
SP_000105,1275,0.002,G
SP_000105,1184,0.0,UG
SP_000105,1091,12.0,MG
SP_000105,1218,0.002,G
SP_000105,1013,0.0,G
SP_000105,1222,0.014,G
SP_000105,1087,9.0,MG
SP_000105,1103,0.1,UG
SP_000105,1122,0.0,UG
SP_000106,1089,0.86,MG
SP_000106,1166,0.103,MG
SP_000106,1007,0.53,G
SP_000106,1187,95.0,UG
SP_000106,1266,0.095,G
SP_000106,1167,2.853,MG
SP_000106,1165,0.102,MG
SP_000106,1106,20.0,UG
SP_000106,1091,113.0,MG
SP_000106,1062,180.0,kJ
SP_000106,1093,6.0,MG
SP_000106,1257,0.0,G
SP_000106,1258,0.767,G
SP_000106,1008,43.0,KCAL
SP_000106,1095,0.56,MG
SP_000106,1087,51.0,MG
SP_000106,1104,391.0,IU
SP_000106,1190,95.0,UG
SP_000106,1177,95.0,UG
SP_000106,1253,0.0,MG
SP_000106,1105,0.0,UG
SP_000106,1098,0.12,MG
SP_000106,1170,0.733,MG
SP_000106,1268,0.409,G
SP_000106,1005,3.6,G
SP_000106,1004,2.53,G
SP_000106,1090,44.0,MG
SP_000106,1178,0.0,UG
SP_000106,1101,0.26,MG
SP_000106,1162,28.9,MG
SP_000106,1264,0.003,G
SP_000106,1269,0.41,G
SP_000106,1103,0.6,UG
SP_000106,1110,0.0,IU
SP_000106,1292,0.419,G
SP_000106,1114,0.0,UG
SP_000106,1175,0.285,MG
SP_000106,1275,0.007,G
SP_000106,1270,0.722,G
SP_000106,1092,86.0,MG
SP_000106,1265,0.663,G
SP_000106,1293,1.141,G
SP_000106,1003,3.81,G
SP_000106,1051,90.07,G
SP_000106,1186,0.0,UG
SP_000109,1270,0.046,G
SP_000109,1175,0.08,MG
SP_000109,1005,10.18,G
SP_000109,1276,0.0,G
SP_000109,1177,6.0,UG
SP_000109,1257,0.0,G
SP_000109,1259,0.0,G
SP_000109,1264,0.0,G
SP_000109,1105,0.0,UG
SP_000109,1187,6.0,UG
SP_000109,1292,0.051,G
SP_000109,1253,0.0,MG
SP_000109,1293,0.317,G
SP_000109,1280,0.0,G
SP_000109,1166,0.03,MG
SP_000109,1260,0.0,G
SP_000109,1003,0.88,G
SP_000109,1167,0.3,MG
SP_000109,1095,0.12,MG
SP_000109,1265,0.019,G
SP_000109,1186,0.0,UG
SP_000109,1109,0.37,MG
SP_000109,1162,27.7,MG
SP_000109,1258,0.038,G
SP_000109,1279,0.0,G
SP_000109,1269,0.271,G
SP_000109,1266,0.013,G
SP_000109,1090,10.0,MG
SP_000109,1004,0.58,G
SP_000109,1277,0.0,G
SP_000109,1268,0.051,G
SP_000109,1018,0.0,G
SP_000109,1190,6.0,UG
SP_000109,1263,0.0,G
SP_000109,1262,0.0,G
SP_000109,1092,198.0,MG
SP_000109,1101,0.144,MG
SP_000109,1103,0.6,UG
SP_000109,1093,1.0,MG
SP_000109,1087,25.0,MG
SP_000109,1165,0.04,MG
SP_000109,1170,0.286,MG
SP_000109,1275,0.0,G
SP_000109,1178,0.0,UG
SP_000109,1261,0.0,G
SP_000109,1272,0.0,G
SP_000109,1062,184.0,kJ
SP_000109,1008,44.0,KCAL
SP_000109,1089,0.31,MG
SP_000109,1271,0.0,G
SP_000109,1104,290.0,IU
SP_000109,1106,15.0,UG
SP_000109,1007,0.49,G
SP_000109,1278,0.0,G
SP_000109,1079,4.3,G
SP_000109,1091,27.0,MG
SP_000109,1098,0.07,MG
SP_000109,1051,87.87,G
SP_000110,1271,0.0,G
SP_000110,1008,11.0,KCAL
SP_000110,1220,0.15,G
SP_000110,1292,0.008,G
SP_000110,1187,9.0,UG
SP_000110,1266,0.003,G
SP_000110,1120,0.0,UG
SP_000110,1106,160.0,UG
SP_000110,1108,0.0,UG
SP_000110,1103,0.9,UG
SP_000110,1177,9.0,UG
SP_000110,1089,0.2,MG
SP_000110,1277,0.0,G
SP_000110,1093,41.0,MG
SP_000110,1224,0.19,G
SP_000110,1122,0.0,UG
SP_000110,1242,0.0,MG
SP_000110,1217,0.114,G
SP_000110,1213,0.166,G
SP_000110,1263,0.0,G
SP_000110,1110,0.0,IU
SP_000110,1170,0.31,MG
SP_000110,1265,0.024,G
SP_000110,1003,2.3,G
SP_000110,1222,0.137,G
SP_000110,1109,1.0,MG
SP_000110,1104,3191.0,IU
SP_000110,1178,0.0,UG
SP_000110,1098,0.077,MG
SP_000110,1219,0.137,G
SP_000110,1227,0.06,G
SP_000110,1101,0.244,MG
SP_000110,1180,9.0,MG
SP_000110,1276,0.0,G
SP_000110,1270,0.023,G
SP_000110,1057,0.0,MG
SP_000110,1162,43.0,MG
SP_000110,1018,0.0,G
SP_000110,1087,120.0,MG
SP_000110,1210,0.03,G
SP_000110,1280,0.0,G
SP_000110,1218,0.063,G
SP_000110,1107,1914.0,UG
SP_000110,1105,0.0,UG
SP_000110,1212,0.093,G
SP_000110,1279,0.0,G
SP_000110,1253,0.0,MG
SP_000110,1275,0.002,G
SP_000110,1216,0.007,G
SP_000110,1166,0.12,MG
SP_000110,1092,330.0,MG
SP_000110,1260,0.0,G
SP_000110,1062,46.0,kJ
SP_000110,1005,1.29,G
SP_000110,1261,0.0,G
SP_000110,1259,0.0,G
SP_000110,1223,0.187,G
SP_000110,1186,0.0,UG
SP_000110,1221,0.04,G
SP_000110,1211,0.133,G
SP_000110,1095,0.11,MG
SP_000110,1293,0.035,G
SP_000110,1258,0.027,G
SP_000110,1225,0.112,G
SP_000110,1226,0.096,G
SP_000110,1264,0.0,G
SP_000110,1165,0.09,MG
SP_000110,1058,0.0,MG
SP_000110,1246,0.0,UG
SP_000110,1278,0.0,G
SP_000110,1090,21.0,MG
SP_000110,1190,9.0,UG
SP_000110,1004,0.1,G
SP_000110,1051,95.11,G
SP_000110,1257,0.0,G
SP_000110,2000,0.2,G
SP_000110,1091,60.0,MG
SP_000110,1175,0.129,MG
SP_000110,1114,0.0,UG
SP_000110,1123,5767.0,UG
SP_000110,1079,0.5,G
SP_000110,1215,0.02,G
SP_000110,1214,0.134,G
SP_000110,1007,1.2,G
SP_000110,1272,0.0,G
SP_000110,1167,0.2,MG
SP_000110,1262,0.0,G
SP_000110,1185,250.0,UG
SP_000110,1269,0.012,G
SP_000110,1268,0.006,G
SP_000111,1175,1.74,MG
SP_000111,1266,0.6,G
SP_000111,1190,307.0,UG
SP_000111,1292,3.014,G
SP_000111,1106,156.0,UG
SP_000111,1167,1.0,MG
SP_000111,1277,0.125,G
SP_000111,1264,0.315,G
SP_000111,1279,0.0,G
SP_000111,1166,0.428,MG
SP_000111,1270,1.076,G
SP_000111,1186,0.0,UG
SP_000111,1278,0.0,G
SP_000111,1276,0.0,G
SP_000111,1275,0.17,G
SP_000111,1253,0.0,MG
SP_000111,1162,61.2,MG
SP_000111,1098,0.55,MG
SP_000111,1104,3128.0,IU
SP_000111,1087,1280.0,MG
SP_000111,1089,29.25,MG
SP_000111,1178,0.0,UG
SP_000111,1007,6.53,G
SP_000111,1051,9.31,G
SP_000111,1090,220.0,MG
SP_000111,1003,4.88,G
SP_000111,1008,331.0,KCAL
SP_000111,1283,58.0,MG
SP_000111,1004,15.22,G
SP_000111,1091,70.0,MG
SP_000111,1093,50.0,MG
SP_000111,1101,1.867,MG
SP_000111,1165,0.514,MG
SP_000111,1005,64.06,G
SP_000111,1062,1387.0,kJ
SP_000111,1273,0.387,G
SP_000111,1300,0.094,G
SP_000111,1105,0.0,UG
SP_000111,1301,0.294,G
SP_000111,1293,2.339,G
SP_000111,1079,42.6,G
SP_000111,1259,0.0,G
SP_000111,1299,0.131,G
SP_000111,1095,3.23,MG
SP_000111,1103,4.6,UG
SP_000111,1258,7.371,G
SP_000111,1272,0.0,G
SP_000111,1187,307.0,UG
SP_000111,1268,2.66,G
SP_000111,1260,0.0,G
SP_000111,1018,0.0,G
SP_000111,1271,0.0,G
SP_000111,1262,0.05,G
SP_000111,1092,955.0,MG
SP_000111,1265,4.991,G
SP_000111,1263,0.037,G
SP_000111,1177,307.0,UG
SP_000111,1274,0.059,G
SP_000111,1280,0.0,G
SP_000111,1261,0.0,G
SP_000111,1110,0.0,IU
SP_000111,1269,1.16,G
SP_000111,1267,0.379,G
SP_000111,1114,0.0,UG
SP_000112,1176,3.433,UG
SP_000112,1063,2.6759,G
SP_000112,2048,51.412425,KCAL
SP_000112,2047,57.3375,KCAL
SP_000112,1005,12.904375,G
SP_000112,1003,1.008125,G
SP_000112,1087,16.41,MG
SP_000112,1002,0.1613,G
SP_000112,1162,23.04,MG
SP_000112,1007,0.35,G
SP_000112,1004,0.1875,G
SP_000112,1098,0.05289,MG
SP_000112,1095,0.2213,MG
SP_000112,1051,85.55,G
SP_000112,1101,0.4935,MG
SP_000112,1092,155.8,MG
SP_000112,1011,0.9919,G
SP_000112,1089,0.4501,MG
SP_000112,1032,1740.0,MG
SP_000112,1041,0.0,MG
SP_000112,1093,0.0,MG
SP_000112,1012,1.684,G
SP_000112,1013,0.0,G
SP_000112,1044,0.0,MG
SP_000112,1039,54.08,MG
SP_000112,1091,27.47,MG
SP_000112,1090,19.15,MG
SP_000112,1010,0.0,G
SP_000112,1075,0.0,G
SP_000112,1043,0.0,MG
SP_000112,1014,0.0,G
SP_000113,1176,3.433,UG
SP_000113,1063,2.6759,G
SP_000113,2048,51.412425,KCAL
SP_000113,2047,57.3375,KCAL
SP_000113,1005,12.904375,G
SP_000113,1003,1.008125,G
SP_000113,1087,16.41,MG
SP_000113,1002,0.1613,G
SP_000113,1162,23.04,MG
SP_000113,1007,0.35,G
SP_000113,1004,0.1875,G
SP_000113,1098,0.05289,MG
SP_000113,1095,0.2213,MG
SP_000113,1051,85.55,G
SP_000113,1101,0.4935,MG
SP_000113,1092,155.8,MG
SP_000113,1011,0.9919,G
SP_000113,1089,0.4501,MG
SP_000113,1032,1740.0,MG
SP_000113,1041,0.0,MG
SP_000113,1093,0.0,MG
SP_000113,1012,1.684,G
SP_000113,1013,0.0,G
SP_000113,1044,0.0,MG
SP_000113,1039,54.08,MG
SP_000113,1091,27.47,MG
SP_000113,1090,19.15,MG
SP_000113,1010,0.0,G
SP_000113,1075,0.0,G
SP_000113,1043,0.0,MG
SP_000113,1014,0.0,G
SP_000115,1110,0.0,IU
SP_000115,1122,0.0,UG
SP_000115,1268,1.75,G
SP_000115,1018,0.0,G
SP_000115,1095,4.7,MG
SP_000115,1269,0.53,G
SP_000115,1272,0.0,G
SP_000115,1258,7.03,G
SP_000115,1165,0.754,MG
SP_000115,1057,0.0,MG
SP_000115,1089,28.12,MG
SP_000115,1253,0.0,MG
SP_000115,1283,244.0,MG
SP_000115,1098,0.757,MG
SP_000115,1104,5900.0,IU
SP_000115,1266,1.25,G
SP_000115,1166,0.336,MG
SP_000115,1004,12.75,G
SP_000115,1093,11.0,MG
SP_000115,1091,91.0,MG
SP_000115,1280,0.0,G
SP_000115,1270,1.23,G
SP_000115,1260,0.0,G
SP_000115,2000,1.71,G
SP_000115,1278,0.0,G
SP_000115,1279,0.0,G
SP_000115,1275,0.12,G
SP_000115,1062,1317.0,kJ
SP_000115,1005,60.73,G
SP_000115,1108,0.0,UG
SP_000115,1051,7.96,G
SP_000115,1103,3.7,UG
SP_000115,1114,0.0,UG
SP_000115,1261,0.71,G
SP_000115,1190,274.0,UG
SP_000115,1090,428.0,MG
SP_000115,1246,0.0,UG
SP_000115,1293,1.76,G
SP_000115,1087,1652.0,MG
SP_000115,1107,3485.0,UG
SP_000115,1167,5.72,MG
SP_000115,1175,2.69,MG
SP_000115,1120,109.0,UG
SP_000115,1242,0.0,MG
SP_000115,1262,0.76,G
SP_000115,1277,0.0,G
SP_000115,1106,295.0,UG
SP_000115,1264,0.72,G
SP_000115,1109,7.48,MG
SP_000115,1292,1.87,G
SP_000115,1263,0.3,G
SP_000115,1186,0.0,UG
SP_000115,1079,40.3,G
SP_000115,1187,274.0,UG
SP_000115,1276,0.0,G
SP_000115,1185,1714.5,UG
SP_000115,1265,3.15,G
SP_000115,1058,0.0,MG
SP_000115,1101,3.133,MG
SP_000115,1178,0.0,UG
SP_000115,1177,274.0,UG
SP_000115,1162,32.4,MG
SP_000115,1259,0.0,G
SP_000115,1105,0.0,UG
SP_000115,1007,7.95,G
SP_000115,1092,1070.0,MG
SP_000115,1271,0.0,G
SP_000115,1003,10.63,G
SP_000115,1180,43.6,MG
SP_000115,1008,315.0,KCAL
SP_000115,1123,1895.0,UG
SP_000117,1101,6.1,MG
SP_000117,1114,0.0,UG
SP_000117,1104,5130.0,IU
SP_000117,1095,4.3,MG
SP_000117,1079,45.7,G
SP_000117,1165,0.366,MG
SP_000117,1098,0.847,MG
SP_000117,1258,3.26,G
SP_000117,1175,1.81,MG
SP_000117,1091,140.0,MG
SP_000117,1004,5.91,G
SP_000117,1093,24.0,MG
SP_000117,1008,272.0,KCAL
SP_000117,1007,9.63,G
SP_000117,1257,0.0,G
SP_000117,1005,68.73,G
SP_000117,1089,37.88,MG
SP_000117,1090,377.0,MG
SP_000117,1167,4.08,MG
SP_000117,1062,1138.0,kJ
SP_000117,1105,0.0,UG
SP_000117,1162,50.0,MG
SP_000117,1178,0.0,UG
SP_000117,1103,4.6,UG
SP_000117,1003,6.73,G
SP_000117,1051,9.0,G
SP_000117,1110,0.0,IU
SP_000117,1087,2132.0,MG
SP_000117,1283,31.0,MG
SP_000117,1092,1051.0,MG
SP_000117,1106,257.0,UG
SP_000117,1253,0.0,MG
SP_000120,1093,5.0,MG
SP_000120,1057,0.0,MG
SP_000120,1275,0.001,G
SP_000120,1280,0.0,G
SP_000120,1269,0.08,G
SP_000120,1011,1.25,G
SP_000120,1120,0.0,UG
SP_000120,1242,0.0,MG
SP_000120,2000,2.63,G
SP_000120,1005,3.89,G
SP_000120,1266,0.008,G
SP_000120,1166,0.019,MG
SP_000120,1220,0.021,G
SP_000120,1130,0.0,MG
SP_000120,1190,15.0,UG
SP_000120,1263,0.0,G
SP_000120,1092,237.0,MG
SP_000120,1018,0.0,G
SP_000120,1126,0.12,MG
SP_000120,1292,0.031,G
SP_000120,1210,0.006,G
SP_000120,1227,0.026,G
SP_000120,1122,2573.0,UG
SP_000120,1051,94.52,G
SP_000120,1265,0.02,G
SP_000120,1103,0.0,UG
SP_000120,1178,0.0,UG
SP_000120,1272,0.0,G
SP_000120,1010,0.0,G
SP_000120,1268,0.03,G
SP_000120,1009,0.0,G
SP_000120,1214,0.027,G
SP_000120,1186,0.0,UG
SP_000120,1222,0.027,G
SP_000120,1106,42.0,UG
SP_000120,1257,0.0,G
SP_000120,1175,0.08,MG
SP_000120,1216,0.009,G
SP_000120,1271,0.0,G
SP_000120,1110,0.0,IU
SP_000120,1087,10.0,MG
SP_000120,1185,7.9,UG
SP_000120,1283,7.0,MG
SP_000120,1129,0.0,MG
SP_000120,1177,15.0,UG
SP_000120,1095,0.17,MG
SP_000120,1101,0.114,MG
SP_000120,1004,0.2,G
SP_000120,1123,123.0,UG
SP_000120,1187,15.0,UG
SP_000120,1127,0.0,MG
SP_000120,1013,0.0,G
SP_000120,1224,0.431,G
SP_000120,1170,0.089,MG
SP_000120,1091,24.0,MG
SP_000120,1213,0.025,G
SP_000120,1165,0.037,MG
SP_000120,1258,0.028,G
SP_000120,1109,0.54,MG
SP_000120,1114,0.0,UG
SP_000120,1090,11.0,MG
SP_000120,1262,0.0,G
SP_000120,1003,0.88,G
SP_000120,1223,0.135,G
SP_000120,1167,0.594,MG
SP_000120,1226,0.015,G
SP_000120,1012,1.37,G
SP_000120,1264,0.0,G
SP_000120,1131,0.0,MG
SP_000120,1218,0.014,G
SP_000120,1075,0.0,G
SP_000120,1212,0.018,G
SP_000120,1105,0.0,UG
SP_000120,1221,0.014,G
SP_000120,1260,0.0,G
SP_000120,1184,0.0,UG
SP_000120,1162,13.7,MG
SP_000120,1128,0.01,MG
SP_000120,1211,0.027,G
SP_000120,1007,0.5,G
SP_000120,1279,0.0,G
SP_000120,1253,0.0,MG
SP_000120,1261,0.0,G
SP_000120,1079,1.2,G
SP_000120,1180,6.7,MG
SP_000120,1198,0.1,MG
SP_000120,1259,0.0,G
SP_000120,1219,0.018,G
SP_000120,1098,0.059,MG
SP_000120,1215,0.006,G
SP_000120,1276,0.0,G
SP_000120,1293,0.083,G
SP_000120,1099,2.3,UG
SP_000120,1014,0.0,G
SP_000120,1104,833.0,IU
SP_000120,1125,0.01,MG
SP_000120,1058,0.0,MG
SP_000120,1277,0.0,G
SP_000120,1217,0.027,G
SP_000120,1246,0.0,UG
SP_000120,1008,18.0,KCAL
SP_000120,1107,449.0,UG
SP_000120,1278,0.0,G
SP_000120,1108,101.0,UG
SP_000120,1270,0.003,G
SP_000120,1062,74.0,kJ
SP_000120,1089,0.27,MG
SP_000120,1225,0.019,G
SP_000122,1063,2.354,G
SP_000122,2048,22.358565,KCAL
SP_000122,2047,26.0848,KCAL
SP_000122,1005,5.399325,G
SP_000122,1003,0.851875,G
SP_000122,1007,0.5188,G
SP_000122,1004,0.12,G
SP_000122,1091,22.75,MG
SP_000122,1079,2.448,G
SP_000122,1087,11.06,MG
SP_000122,1014,0.0,G
SP_000122,1098,0.06078,MG
SP_000122,1002,0.1363,G
SP_000122,1010,0.0,G
SP_000122,1089,0.0,MG
SP_000122,1090,13.54,MG
SP_000122,1051,93.11,G
SP_000122,1095,0.1189,MG
SP_000122,1012,1.164,G
SP_000122,1013,0.0,G
SP_000122,1092,222.1,MG
SP_000122,1101,0.1065,MG
SP_000122,1093,0.4425,MG
SP_000122,1011,1.19,G
SP_000123,1185,0.8,UG
SP_000123,1184,0.0,UG
SP_000123,1183,0.0,UG
SP_000123,1063,0.6451,G
SP_000123,2048,71.575228,KCAL
SP_000123,2047,73.4738,KCAL
SP_000123,1005,15.9624,G
SP_000123,1003,1.8125,G
SP_000123,1013,0.0,G
SP_000123,1012,0.3075,G
SP_000123,1175,0.145,MG
SP_000123,1002,0.29,G
SP_000123,1091,56.95,MG
SP_000123,2038,13.25,G
SP_000123,2065,0.5856,G
SP_000123,1167,1.585,MG
SP_000123,1092,445.8,MG
SP_000123,1095,0.3739,MG
SP_000123,1090,22.3,MG
SP_000123,1162,23.3,MG
SP_000123,1098,0.1304,MG
SP_000123,1089,0.3728,MG
SP_000123,2033,13.83,G
SP_000123,1093,2.238,MG
SP_000123,1103,0.0,UG
SP_000123,1051,81.07,G
SP_000123,1011,0.2113,G
SP_000123,1007,0.8913,G
SP_000123,1004,0.2638,G
SP_000123,1010,0.1263,G
SP_000123,1014,0.0,G
SP_000123,1102,7.836,UG
SP_000123,1165,0.05125,MG
SP_000123,1101,0.1598,MG
SP_000123,1087,5.943,MG
SP_000124,2048,364.50325,KCAL
SP_000124,2047,402.787,KCAL
SP_000124,1005,68.69525,G
SP_000124,1003,11.16875,G
SP_000124,1009,32.74,G
SP_000124,1091,517.1,MG
SP_000124,1092,851.5,MG
SP_000124,1051,7.424,G
SP_000124,1176,108.9,UG
SP_000124,1002,1.787,G
SP_000124,1007,3.453,G
SP_000124,1089,14.21,MG
SP_000124,1079,34.95,G
SP_000124,1167,24.65,MG
SP_000124,1098,0.8408,MG
SP_000124,1004,9.259,G
SP_000124,1101,3.806,MG
SP_000124,1093,2.915,MG
SP_000124,1095,4.4,MG
SP_000124,1087,61.66,MG
SP_000124,1090,273.5,MG
SP_000124,1175,0.4084,MG
SP_000124,1165,0.5563,MG
SP_000125,1106,469.0,UG
SP_000125,1126,0.18,MG
SP_000125,1090,79.0,MG
SP_000125,1217,0.129,G
SP_000125,1011,0.11,G
SP_000125,1075,0.1,G
SP_000125,1098,0.13,MG
SP_000125,1095,0.53,MG
SP_000125,1062,97.0,kJ
SP_000125,1004,0.39,G
SP_000125,1166,0.189,MG
SP_000125,1216,0.035,G
SP_000125,1215,0.053,G
SP_000125,1162,28.1,MG
SP_000125,1225,0.134,G
SP_000125,1008,23.0,KCAL
SP_000125,1276,0.0,G
SP_000125,1005,3.63,G
SP_000125,1259,0.0,G
SP_000125,1087,99.0,MG
SP_000125,1268,0.005,G
SP_000125,1211,0.122,G
SP_000125,1014,0.0,G
SP_000125,1213,0.223,G
SP_000125,1185,482.9,UG
SP_000125,1123,12198.0,UG
SP_000125,1223,0.24,G
SP_000125,1114,0.0,UG
SP_000125,1265,0.049,G
SP_000125,1110,0.0,IU
SP_000125,1170,0.065,MG
SP_000125,1018,0.0,G
SP_000125,1262,0.0,G
SP_000125,1007,1.72,G
SP_000125,1109,2.03,MG
SP_000125,1079,2.2,G
SP_000125,1220,0.162,G
SP_000125,1058,0.0,MG
SP_000125,1279,0.0,G
SP_000125,1242,0.0,MG
SP_000125,1190,194.0,UG
SP_000125,1125,0.0,MG
SP_000125,1280,0.0,G
SP_000125,1175,0.195,MG
SP_000125,1222,0.142,G
SP_000125,1178,0.0,UG
SP_000125,1272,0.0,G
SP_000125,1214,0.174,G
SP_000125,1013,0.0,G
SP_000125,1103,1.0,UG
SP_000125,1105,0.0,UG
SP_000125,1186,0.0,UG
SP_000125,1122,0.0,UG
SP_000125,1057,0.0,MG
SP_000125,1003,2.86,G
SP_000125,1120,0.0,UG
SP_000125,1187,194.0,UG
SP_000125,1292,0.01,G
SP_000125,1091,49.0,MG
SP_000125,1266,0.004,G
SP_000125,1010,0.07,G
SP_000125,1210,0.039,G
SP_000125,1198,102.6,MG
SP_000125,1263,0.0,G
SP_000125,1107,5626.0,UG
SP_000125,1012,0.15,G
SP_000125,1131,0.0,MG
SP_000125,1253,0.0,MG
SP_000125,1212,0.147,G
SP_000125,1051,91.4,G
SP_000125,1092,558.0,MG
SP_000125,1224,0.343,G
SP_000125,1130,0.0,MG
SP_000125,1218,0.108,G
SP_000125,1129,0.0,MG
SP_000125,1278,0.0,G
SP_000125,1165,0.078,MG
SP_000125,1089,2.71,MG
SP_000125,1226,0.112,G
SP_000125,1261,0.0,G
SP_000125,1260,0.0,G
SP_000125,1277,0.0,G
SP_000125,1269,0.026,G
SP_000125,1177,194.0,UG
SP_000125,1271,0.0,G
SP_000125,1283,9.0,MG
SP_000125,1264,0.01,G
SP_000125,2000,0.42,G
SP_000125,1221,0.064,G
SP_000125,1258,0.063,G
SP_000125,1127,0.0,MG
SP_000125,1275,0.005,G
SP_000125,1093,79.0,MG
SP_000125,1227,0.104,G
SP_000125,1101,0.897,MG
SP_000125,1180,19.3,MG
SP_000125,1167,0.724,MG
SP_000125,1257,0.0,G
SP_000125,1108,0.0,UG
SP_000125,1219,0.161,G
SP_000125,1246,0.0,UG
SP_000125,1104,9377.0,IU
SP_000125,1128,0.0,MG
SP_000125,1293,0.165,G
SP_000125,1270,0.138,G
SP_000126,1114,0.0,UG
SP_000126,1269,2.657,G
SP_000126,1246,0.0,UG
SP_000126,1271,0.104,G
SP_000126,1242,0.0,MG
SP_000126,1293,3.606,G
SP_000126,1270,0.585,G
SP_000126,1329,0.21,G
SP_000126,1218,0.19,G
SP_000126,1212,0.24,G
SP_000126,1300,0.044,G
SP_000126,1003,5.97,G
SP_000126,1215,0.08,G
SP_000126,1226,0.39,G
SP_000126,1228,0.0,G
SP_000126,1315,0.78,G
SP_000126,1170,0.509,MG
SP_000126,1273,0.175,G
SP_000126,1130,0.0,MG
SP_000126,1013,0.0,G
SP_000126,1210,0.03,G
SP_000126,1253,0.0,MG
SP_000126,1079,33.9,G
SP_000126,1108,0.0,UG
SP_000126,1190,25.0,UG
SP_000126,1185,141.8,UG
SP_000126,1128,0.0,MG
SP_000126,1162,0.2,MG
SP_000126,1051,9.87,G
SP_000126,1213,0.4,G
SP_000126,1265,1.858,G
SP_000126,1093,277.0,MG
SP_000126,1165,0.158,MG
SP_000126,1263,0.035,G
SP_000126,1127,0.0,MG
SP_000126,1109,8.82,MG
SP_000126,1011,1.14,G
SP_000126,1316,2.557,G
SP_000126,1122,0.0,UG
SP_000126,1224,0.56,G
SP_000126,1312,0.0,G
SP_000126,1301,0.491,G
SP_000126,1304,0.21,G
SP_000126,1008,274.0,KCAL
SP_000126,1091,104.0,MG
SP_000126,1266,0.683,G
SP_000126,1101,60.127,MG
SP_000126,1261,0.026,G
SP_000126,1268,0.99,G
SP_000126,1219,0.34,G
SP_000126,1126,0.0,MG
SP_000126,1184,0.0,UG
SP_000126,1198,1.4,MG
SP_000126,1264,0.263,G
SP_000126,1092,1020.0,MG
SP_000126,1267,0.193,G
SP_000126,1272,0.0,G
SP_000126,1087,632.0,MG
SP_000126,1222,0.29,G
SP_000126,1211,0.18,G
SP_000126,1125,0.0,MG
SP_000126,1187,25.0,UG
SP_000126,1313,0.017,G
SP_000126,1404,0.585,G
SP_000126,1306,0.042,G
SP_000126,1217,0.23,G
SP_000126,1299,0.018,G
SP_000126,1106,8.0,UG
SP_000126,1260,0.009,G
SP_000126,1279,0.018,G
SP_000126,1167,1.56,MG
SP_000126,1004,13.0,G
SP_000126,1262,0.131,G
SP_000126,1317,0.018,G
SP_000126,1311,0.058,G
SP_000126,1227,0.24,G
SP_000126,1214,0.37,G
SP_000126,1220,0.32,G
SP_000126,1325,0.008,G
SP_000126,1216,0.07,G
SP_000126,1103,7.2,UG
SP_000126,1120,103.0,UG
SP_000126,1107,45.0,UG
SP_000126,1280,0.184,G
SP_000126,1283,256.0,MG
SP_000126,1012,1.07,G
SP_000126,1411,0.058,G
SP_000126,1186,0.0,UG
SP_000126,1277,0.359,G
SP_000126,1075,0.15,G
SP_000126,1105,0.0,UG
SP_000126,1131,0.0,MG
SP_000126,1089,11.83,MG
SP_000126,1129,0.0,MG
SP_000126,1058,0.0,MG
SP_000126,1223,0.6,G
SP_000126,1180,37.4,MG
SP_000126,1276,0.0,G
SP_000126,1057,0.0,MG
SP_000126,1090,259.0,MG
SP_000126,1175,0.391,MG
SP_000126,1275,0.026,G
SP_000126,1257,0.254,G
SP_000126,1123,0.0,UG
SP_000126,1178,0.0,UG
SP_000126,1225,0.28,G
SP_000126,1278,0.008,G
SP_000126,1098,0.368,MG
SP_000126,1177,25.0,UG
SP_000126,2000,2.38,G
SP_000126,1005,65.53,G
SP_000126,1062,1145.0,kJ
SP_000126,1406,0.008,G
SP_000126,1007,5.63,G
SP_000126,1010,0.02,G
SP_000126,1104,160.0,IU
SP_000126,1292,1.393,G
SP_000126,1110,0.0,IU
SP_000126,1259,0.0,G
SP_000126,1014,0.0,G
SP_000126,1258,3.952,G
SP_000126,1331,0.044,G
SP_000126,1166,0.22,MG
SP_000126,1095,2.32,MG
SP_000126,1018,0.0,G
SP_000126,1221,0.13,G
SP_000126,1314,0.026,G
SP_000127,1263,0.0,G
SP_000127,1110,0.0,IU
SP_000127,1275,0.0,G
SP_000127,1170,0.143,MG
SP_000127,1186,0.0,UG
SP_000127,1062,1000.0,kJ
SP_000127,1079,5.1,G
SP_000127,1122,0.0,UG
SP_000127,1246,0.0,UG
SP_000127,1261,0.0,G
SP_000127,1108,0.0,UG
SP_000127,1260,0.0,G
SP_000127,1175,0.066,MG
SP_000127,1272,0.0,G
SP_000127,1187,14.0,UG
SP_000127,1277,0.0,G
SP_000127,1005,62.5,G
SP_000127,1265,0.168,G
SP_000127,1257,0.0,G
SP_000127,1087,74.0,MG
SP_000127,1215,0.014,G
SP_000127,1114,0.0,UG
SP_000127,2000,38.8,G
SP_000127,1007,2.7,G
SP_000127,1271,0.0,G
SP_000127,1092,628.0,MG
SP_000127,1268,0.181,G
SP_000127,1190,14.0,UG
SP_000127,1091,113.0,MG
SP_000127,1018,0.0,G
SP_000127,1106,2.0,UG
SP_000127,1123,0.0,UG
SP_000127,1264,0.007,G
SP_000127,1276,0.0,G
SP_000127,1214,0.139,G
SP_000127,1185,2.8,UG
SP_000127,1279,0.0,G
SP_000127,1270,0.0,G
SP_000127,1107,18.0,UG
SP_000127,1266,0.06,G
SP_000127,1090,92.0,MG
SP_000127,1262,0.0,G
SP_000127,1103,1.3,UG
SP_000127,1104,30.0,IU
SP_000127,1177,14.0,UG
SP_000127,1162,3.5,MG
SP_000127,1093,28.0,MG
SP_000127,1210,0.018,G
SP_000127,1008,239.0,KCAL
SP_000127,1167,1.938,MG
SP_000127,1004,0.6,G
SP_000127,1166,0.152,MG
SP_000127,1269,0.059,G
SP_000127,1258,0.272,G
SP_000127,1180,8.6,MG
SP_000127,1293,0.059,G
SP_000127,1051,31.4,G
SP_000127,1278,0.0,G
SP_000127,1242,0.0,MG
SP_000127,1089,2.8,MG
SP_000127,1109,0.1,MG
SP_000127,1292,0.181,G
SP_000127,1120,0.0,UG
SP_000127,1058,0.0,MG
SP_000127,1280,0.0,G
SP_000127,1165,0.428,MG
SP_000127,1003,2.8,G
SP_000127,1057,0.0,MG
SP_000127,1105,0.0,UG
SP_000127,1098,0.086,MG
SP_000127,1178,0.0,UG
SP_000127,1095,0.1,MG
SP_000127,1253,0.0,MG
SP_000127,1259,0.0,G
SP_000128,1004,0.7,G
SP_000128,1007,1.8,G
SP_000128,1280,0.0,G
SP_000128,1180,35.3,MG
SP_000128,1266,0.007,G
SP_000128,1242,0.0,MG
SP_000128,1275,0.0,G
SP_000128,1109,3.44,MG
SP_000128,1057,0.0,MG
SP_000128,1270,0.044,G
SP_000128,1104,10161.0,IU
SP_000128,1293,0.306,G
SP_000128,1272,0.0,G
SP_000128,1166,0.26,MG
SP_000128,1175,0.251,MG
SP_000128,1120,121.0,UG
SP_000128,1058,0.0,MG
SP_000128,1258,0.17,G
SP_000128,1165,0.19,MG
SP_000128,1051,85.6,G
SP_000128,1167,0.806,MG
SP_000128,1087,187.0,MG
SP_000128,1269,0.261,G
SP_000128,1185,778.4,UG
SP_000128,1186,0.0,UG
SP_000128,1271,0.0,G
SP_000128,1101,0.342,MG
SP_000128,1123,13610.0,UG
SP_000128,1089,3.1,MG
SP_000128,1107,5854.0,UG
SP_000128,1095,0.41,MG
SP_000128,1260,0.0,G
SP_000128,1279,0.0,G
SP_000128,1103,0.5,UG
SP_000128,1268,0.014,G
SP_000128,1091,66.0,MG
SP_000128,1108,363.0,UG
SP_000128,1265,0.145,G
SP_000128,1098,0.171,MG
SP_000128,1263,0.0,G
SP_000128,1122,0.0,UG
SP_000128,1253,0.0,MG
SP_000128,1277,0.0,G
SP_000128,1114,0.0,UG
SP_000128,1005,9.2,G
SP_000128,1062,188.0,kJ
SP_000128,1177,27.0,UG
SP_000128,1018,0.0,G
SP_000128,1292,0.014,G
SP_000128,1264,0.009,G
SP_000128,1079,3.5,G
SP_000128,1178,0.0,UG
SP_000128,1262,0.0,G
SP_000128,1276,0.0,G
SP_000128,1003,2.7,G
SP_000128,1259,0.0,G
SP_000128,1278,0.0,G
SP_000128,2000,0.71,G
SP_000128,1162,35.0,MG
SP_000128,1093,76.0,MG
SP_000128,1261,0.0,G
SP_000128,1090,36.0,MG
SP_000128,1106,508.0,UG
SP_000128,1170,0.084,MG
SP_000128,1246,0.0,UG
SP_000128,1105,0.0,UG
SP_000128,1008,45.0,KCAL
SP_000128,1190,27.0,UG
SP_000128,1187,27.0,UG
SP_000128,1110,0.0,IU
SP_000128,1092,397.0,MG
SP_000128,1257,0.0,G
SP_000129,1272,0.0,G
SP_000129,1007,11.74,G
SP_000129,1166,0.399,MG
SP_000129,1277,0.0,G
SP_000129,1005,63.94,G
SP_000129,1259,0.0,G
SP_000129,1263,0.23,G
SP_000129,1212,0.468,G
SP_000129,1269,0.5,G
SP_000129,1275,0.0,G
SP_000129,2000,1.71,G
SP_000129,1087,1890.0,MG
SP_000129,1101,7.867,MG
SP_000129,1186,0.0,UG
SP_000129,1187,274.0,UG
SP_000129,1004,7.43,G
SP_000129,1211,0.252,G
SP_000129,1095,6.18,MG
SP_000129,1090,220.0,MG
SP_000129,1260,0.0,G
SP_000129,1178,0.0,UG
SP_000129,1190,274.0,UG
SP_000129,1270,0.69,G
SP_000129,1098,0.86,MG
SP_000129,1104,3800.0,IU
SP_000129,1177,274.0,UG
SP_000129,1268,0.47,G
SP_000129,1058,0.0,MG
SP_000129,1165,0.513,MG
SP_000129,1106,190.0,UG
SP_000129,1162,50.0,MG
SP_000129,1271,0.0,G
SP_000129,1253,0.0,MG
SP_000129,1219,0.502,G
SP_000129,1110,0.0,IU
SP_000129,1257,0.0,G
SP_000129,1213,0.43,G
SP_000129,1092,814.0,MG
SP_000129,1180,43.6,MG
SP_000129,1258,2.73,G
SP_000129,1264,0.15,G
SP_000129,1262,0.12,G
SP_000129,1093,55.0,MG
SP_000129,1018,0.0,G
SP_000129,1246,0.0,UG
SP_000129,1122,0.0,UG
SP_000129,1266,0.28,G
SP_000129,1057,0.0,MG
SP_000129,1242,0.0,MG
SP_000129,1167,4.94,MG
SP_000129,1185,1714.5,UG
SP_000129,1107,2264.0,UG
SP_000129,1114,0.0,UG
SP_000129,1003,9.11,G
SP_000129,1120,33.0,UG
SP_000129,1279,0.0,G
SP_000129,1283,163.0,MG
SP_000129,1105,0.0,UG
SP_000129,1103,4.6,UG
SP_000129,1175,0.55,MG
SP_000129,1265,1.72,G
SP_000129,1079,37.0,G
SP_000129,1108,0.0,UG
SP_000129,1051,7.79,G
SP_000129,1293,1.19,G
SP_000129,1123,1895.0,UG
SP_000129,1210,0.186,G
SP_000129,1214,0.207,G
SP_000129,1109,7.48,MG
SP_000129,1276,0.0,G
SP_000129,1089,123.6,MG
SP_000129,1062,1156.0,kJ
SP_000129,1292,0.47,G
SP_000129,1091,201.0,MG
SP_000129,1278,0.0,G
SP_000129,1008,276.0,KCAL
SP_000129,1280,0.0,G
SP_000129,1261,0.24,G
SP_000130,1227,1.215,G
SP_000130,1165,0.322,MG
SP_000130,1222,1.02,G
SP_000130,1008,323.0,KCAL
SP_000130,1114,0.0,UG
SP_000130,1089,33.53,MG
SP_000130,1104,60.0,IU
SP_000130,1215,0.338,G
SP_000130,1101,1.228,MG
SP_000130,1190,57.0,UG
SP_000130,1187,57.0,UG
SP_000130,1093,67.0,MG
SP_000130,1175,0.6,MG
SP_000130,1214,1.684,G
SP_000130,1110,0.0,IU
SP_000130,1091,296.0,MG
SP_000130,1210,0.391,G
SP_000130,1226,1.198,G
SP_000130,1283,140.0,MG
SP_000130,1217,1.089,G
SP_000130,1103,6.3,UG
SP_000130,1003,23.0,G
SP_000130,1098,1.11,MG
SP_000130,1219,1.102,G
SP_000130,1166,0.366,MG
SP_000130,1051,8.84,G
SP_000130,1221,0.668,G
SP_000130,1095,2.5,MG
SP_000130,1213,1.757,G
SP_000130,1225,1.306,G
SP_000130,1062,1352.0,kJ
SP_000130,1079,24.6,G
SP_000130,1005,58.35,G
SP_000130,1253,0.0,MG
SP_000130,1178,0.0,UG
SP_000130,1004,6.41,G
SP_000130,1092,770.0,MG
SP_000130,1090,191.0,MG
SP_000130,1162,3.0,MG
SP_000130,1257,0.0,G
SP_000130,1007,3.4,G
SP_000130,1087,176.0,MG
SP_000130,1106,3.0,UG
SP_000130,1211,0.898,G
SP_000130,1177,57.0,UG
SP_000130,1220,2.465,G
SP_000130,1258,1.46,G
SP_000130,1224,3.988,G
SP_000130,1105,0.0,UG
SP_000130,1216,0.369,G
SP_000130,1167,1.64,MG
SP_000130,1218,0.764,G
SP_000130,1186,0.0,UG
SP_000130,1223,2.708,G
SP_000130,1212,1.241,G
SP_000131,1176,0.3,UG
SP_000131,1063,9.356,G
SP_000131,2048,57.384621,KCAL
SP_000131,2047,63.8563,KCAL
SP_000131,1005,14.571775,G
SP_000131,1003,0.703125,G
SP_000131,1087,11.69,MG
SP_000131,1004,0.3063,G
SP_000131,1089,0.3398,MG
SP_000131,1051,84.19,G
SP_000131,1013,0.0,G
SP_000131,1011,4.417,G
SP_000131,1101,0.4228,MG
SP_000131,1002,0.1125,G
SP_000131,1098,0.04605,MG
SP_000131,1012,4.939,G
SP_000131,1010,0.0,G
SP_000131,1093,0.0,MG
SP_000131,1095,0.08534,MG
SP_000131,1092,85.64,MG
SP_000131,1091,12.96,MG
SP_000131,1090,6.179,MG
SP_000131,1162,8.059,MG
SP_000131,1075,0.0,G
SP_000131,1007,0.2288,G
SP_000131,1014,0.0,G
SP_000132,1223,0.188,G
SP_000132,1110,0.0,IU
SP_000132,1012,0.67,G
SP_000132,1278,0.0,G
SP_000132,1167,0.101,MG
SP_000132,1214,0.039,G
SP_000132,1226,0.031,G
SP_000132,1272,0.0,G
SP_000132,2000,4.27,G
SP_000132,1184,0.0,UG
SP_000132,1260,0.0,G
SP_000132,1007,0.12,G
SP_000132,1261,0.0,G
SP_000132,1227,0.051,G
SP_000132,1293,0.055,G
SP_000132,1175,0.057,MG
SP_000132,1051,87.32,G
SP_000132,1013,0.0,G
SP_000132,1005,11.97,G
SP_000132,1185,5.0,UG
SP_000132,1106,3.0,UG
SP_000132,1180,5.5,MG
SP_000132,1120,0.0,UG
SP_000132,1103,0.1,UG
SP_000132,1258,0.008,G
SP_000132,1269,0.033,G
SP_000132,1213,0.053,G
SP_000132,1166,0.02,MG
SP_000132,1129,0.0,MG
SP_000132,1216,0.003,G
SP_000132,1190,1.0,UG
SP_000132,1262,0.0,G
SP_000132,1186,0.0,UG
SP_000132,1165,0.012,MG
SP_000132,1224,0.146,G
SP_000132,1268,0.018,G
SP_000132,1220,0.056,G
SP_000132,1130,0.29,MG
SP_000132,1075,0.0,G
SP_000132,1018,0.0,G
SP_000132,1263,0.0,G
SP_000132,1125,0.0,MG
SP_000132,1253,0.0,MG
SP_000132,1098,0.056,MG
SP_000132,1114,0.0,UG
SP_000132,1058,0.0,MG
SP_000132,1109,1.32,MG
SP_000132,1170,0.295,MG
SP_000132,1177,1.0,UG
SP_000132,1093,2.0,MG
SP_000132,1218,0.032,G
SP_000132,1101,0.267,MG
SP_000132,1276,0.0,G
SP_000132,1014,0.0,G
SP_000132,1212,0.033,G
SP_000132,1210,0.003,G
SP_000132,1105,0.0,UG
SP_000132,1090,6.0,MG
SP_000132,1246,0.0,UG
SP_000132,1126,0.04,MG
SP_000132,1257,0.0,G
SP_000132,1011,3.44,G
SP_000132,1008,46.0,KCAL
SP_000132,1087,8.0,MG
SP_000132,1259,0.0,G
SP_000132,1003,0.46,G
SP_000132,1127,0.0,MG
SP_000132,1219,0.045,G
SP_000132,1095,0.09,MG
SP_000132,1277,0.0,G
SP_000132,1004,0.13,G
SP_000132,1107,38.0,UG
SP_000132,1264,0.0,G
SP_000132,1091,11.0,MG
SP_000132,1009,0.0,G
SP_000132,1122,0.0,UG
SP_000132,1198,0.2,MG
SP_000132,1057,0.0,MG
SP_000132,1010,0.16,G
SP_000132,1162,14.0,MG
SP_000132,1221,0.018,G
SP_000132,1242,0.0,MG
SP_000132,1108,0.0,UG
SP_000132,1217,0.036,G
SP_000132,1062,191.0,kJ
SP_000132,1178,0.0,UG
SP_000132,1089,0.23,MG
SP_000132,1275,0.001,G
SP_000132,1271,0.0,G
SP_000132,1266,0.002,G
SP_000132,1104,63.0,IU
SP_000132,1280,0.0,G
SP_000132,1292,0.018,G
SP_000132,1131,0.0,MG
SP_000132,1079,3.6,G
SP_000132,1225,0.048,G
SP_000132,1187,1.0,UG
SP_000132,1265,0.006,G
SP_000132,1215,0.003,G
SP_000132,1270,0.022,G
SP_000132,1123,91.0,UG
SP_000132,1211,0.028,G
SP_000132,1222,0.049,G
SP_000132,1128,0.0,MG
SP_000132,1092,80.0,MG
SP_000132,1279,0.0,G
SP_000134,1105,0.0,UG
SP_000134,1257,0.0,G
SP_000134,1058,0.0,MG
SP_000134,1246,0.0,UG
SP_000134,1122,0.0,UG
SP_000134,1123,0.0,UG
SP_000134,1185,0.0,UG
SP_000134,1103,0.0,UG
SP_000134,1187,0.0,UG
SP_000134,1190,0.0,UG
SP_000134,1242,0.0,MG
SP_000134,2000,12.65,G
SP_000134,1120,0.0,UG
SP_000134,1107,0.0,UG
SP_000134,1108,0.0,UG
SP_000134,1114,0.0,UG
SP_000134,1109,0.0,MG
SP_000134,1057,0.0,MG
SP_000134,1106,0.0,UG
SP_000134,1165,0.011,MG
SP_000134,1266,0.001,G
SP_000134,1003,0.06,G
SP_000134,1268,0.008,G
SP_000134,1093,9.0,MG
SP_000134,1091,6.0,MG
SP_000134,1177,0.0,UG
SP_000134,1104,0.0,IU
SP_000134,1170,0.035,MG
SP_000134,1101,0.23,MG
SP_000134,1089,0.12,MG
SP_000134,1162,0.0,MG
SP_000134,1095,0.11,MG
SP_000134,1007,0.26,G
SP_000134,1264,0.0,G
SP_000134,1259,0.0,G
SP_000134,1005,12.65,G
SP_000134,1167,0.425,MG
SP_000134,1293,0.004,G
SP_000134,1269,0.003,G
SP_000134,1004,0.06,G
SP_000134,1276,0.0,G
SP_000134,1092,148.0,MG
SP_000134,1262,0.0,G
SP_000134,1098,0.072,MG
SP_000134,1261,0.0,G
SP_000134,1275,0.0,G
SP_000134,1280,0.0,G
SP_000134,1253,0.0,MG
SP_000134,1008,288.0,KCAL
SP_000134,1278,0.0,G
SP_000134,1277,0.0,G
SP_000134,1018,34.4,G
SP_000134,1279,0.0,G
SP_000134,1258,0.01,G
SP_000134,1271,0.0,G
SP_000134,1178,0.0,UG
SP_000134,1263,0.0,G
SP_000134,1110,0.0,IU
SP_000134,1270,0.001,G
SP_000134,1265,0.005,G
SP_000134,1292,0.01,G
SP_000134,1260,0.0,G
SP_000134,1272,0.0,G
SP_000134,1175,0.026,MG
SP_000134,1062,1205.0,kJ
SP_000134,1090,12.0,MG
SP_000134,1051,52.58,G
SP_000134,1186,0.0,UG
SP_000134,1087,11.0,MG
SP_000134,1166,0.095,MG
SP_000134,1079,0.0,G
SP_000135,1051,72.6,G
SP_000135,1273,0.005,G
SP_000135,1062,368.0,kJ
SP_000135,1101,0.661,MG
SP_000135,1288,18.0,MG
SP_000135,1300,0.002,G
SP_000135,1185,40.9,UG
SP_000135,1178,0.0,UG
SP_000135,1293,0.342,G
SP_000135,1301,0.003,G
SP_000135,1057,0.0,MG
SP_000135,1162,3.7,MG
SP_000135,1103,0.8,UG
SP_000135,1187,148.0,UG
SP_000135,1008,88.0,KCAL
SP_000135,1108,0.0,UG
SP_000135,1120,9.0,UG
SP_000135,1058,0.0,MG
SP_000135,1266,0.028,G
SP_000135,1114,0.0,UG
SP_000135,1110,0.0,IU
SP_000135,1166,0.29,MG
SP_000135,1007,1.12,G
SP_000135,1258,0.118,G
SP_000135,1186,0.0,UG
SP_000135,1269,0.312,G
SP_000135,1079,7.5,G
SP_000135,1122,0.0,UG
SP_000135,1105,0.0,UG
SP_000135,1098,0.402,MG
SP_000135,1089,1.55,MG
SP_000135,1123,1811.0,UG
SP_000135,1257,0.0,G
SP_000135,1093,25.0,MG
SP_000135,2000,9.21,G
SP_000135,1104,333.0,IU
SP_000135,1275,0.004,G
SP_000135,1285,1.0,MG
SP_000135,1283,22.0,MG
SP_000135,1090,33.0,MG
SP_000135,1277,0.003,G
SP_000135,1165,0.133,MG
SP_000135,1106,17.0,UG
SP_000135,1292,0.104,G
SP_000135,1003,7.92,G
SP_000135,1092,332.0,MG
SP_000135,1265,0.065,G
SP_000135,1268,0.097,G
SP_000135,1109,1.16,MG
SP_000135,1167,2.249,MG
SP_000135,1018,0.0,G
SP_000135,1286,3.0,MG
SP_000135,1263,0.001,G
SP_000135,1253,0.0,MG
SP_000135,1270,0.03,G
SP_000135,1299,0.002,G
SP_000135,1087,37.0,MG
SP_000135,1190,148.0,UG
SP_000135,1107,196.0,UG
SP_000135,1177,148.0,UG
SP_000135,1264,0.002,G
SP_000135,1095,1.0,MG
SP_000135,1091,129.0,MG
SP_000135,1170,0.225,MG
SP_000135,1005,17.63,G
SP_000135,1004,0.73,G
SP_000135,1267,0.01,G
SP_000135,1175,0.104,MG
SP_000136,1220,1.284,G
SP_000136,1079,12.7,G
SP_000136,1212,0.791,G
SP_000136,1095,5.04,MG
SP_000136,1216,0.184,G
SP_000136,1089,4.98,MG
SP_000136,1218,0.591,G
SP_000136,1104,17.0,IU
SP_000136,1051,13.44,G
SP_000136,1110,0.0,IU
SP_000136,1106,1.0,UG
SP_000136,1062,1377.0,kJ
SP_000136,1223,2.355,G
SP_000136,1190,622.0,UG
SP_000136,1268,0.05,G
SP_000136,1008,329.0,KCAL
SP_000136,1005,62.9,G
SP_000136,1283,76.0,MG
SP_000136,1167,2.63,MG
SP_000136,1162,0.0,MG
SP_000136,1222,1.16,G
SP_000136,1214,1.497,G
SP_000136,1258,0.191,G
SP_000136,1166,0.22,MG
SP_000136,1170,1.471,MG
SP_000136,1269,0.113,G
SP_000136,1253,0.0,MG
SP_000136,1178,0.0,UG
SP_000136,1211,0.674,G
SP_000136,1098,1.094,MG
SP_000136,1114,0.0,UG
SP_000136,1165,0.455,MG
SP_000136,1105,0.0,UG
SP_000136,1090,127.0,MG
SP_000136,1007,3.26,G
SP_000136,1213,1.668,G
SP_000136,1227,0.976,G
SP_000136,1225,0.756,G
SP_000136,1217,1.052,G
SP_000136,1003,19.87,G
SP_000136,1224,3.099,G
SP_000136,1226,0.874,G
SP_000136,1087,66.0,MG
SP_000136,1004,0.53,G
SP_000136,1221,0.524,G
SP_000136,1092,1254.0,MG
SP_000136,1210,0.191,G
SP_000136,1219,1.023,G
SP_000136,1175,0.351,MG
SP_000136,1187,622.0,UG
SP_000136,1257,0.0,G
SP_000136,1093,5.0,MG
SP_000136,1293,0.113,G
SP_000136,1101,1.73,MG
SP_000136,1103,3.1,UG
SP_000136,1186,0.0,UG
SP_000136,1215,0.21,G
SP_000136,1177,622.0,UG
SP_000136,1091,381.0,MG
SP_000136,1292,0.05,G
SP_000137,1278,0.0,G
SP_000137,1266,0.071,G
SP_000137,1225,0.954,G
SP_000137,1275,0.0,G
SP_000137,1090,189.0,MG
SP_000137,1101,1.035,MG
SP_000137,1217,1.443,G
SP_000137,1098,0.941,MG
SP_000137,1261,0.0,G
SP_000137,1008,347.0,KCAL
SP_000137,1213,1.847,G
SP_000137,1283,23.0,MG
SP_000137,1005,62.62,G
SP_000137,1223,2.756,G
SP_000137,1258,0.348,G
SP_000137,1177,625.0,UG
SP_000137,1062,1452.0,kJ
SP_000137,1262,0.0,G
SP_000137,1214,1.664,G
SP_000137,1108,0.0,UG
SP_000137,1109,0.51,MG
SP_000137,1103,8.2,UG
SP_000137,1220,1.672,G
SP_000137,1222,1.05,G
SP_000137,1058,0.0,MG
SP_000137,1253,0.0,MG
SP_000137,1170,1.91,MG
SP_000137,1178,0.0,UG
SP_000137,1226,1.095,G
SP_000137,1104,114.0,IU
SP_000137,1277,0.0,G
SP_000137,1057,0.0,MG
SP_000137,1215,0.286,G
SP_000137,1211,0.782,G
SP_000137,1210,0.26,G
SP_000137,1089,6.74,MG
SP_000137,1095,2.68,MG
SP_000137,1263,0.0,G
SP_000137,1221,0.695,G
SP_000137,1265,0.25,G
SP_000137,1224,4.264,G
SP_000137,1268,0.161,G
SP_000137,2000,6.6,G
SP_000137,1175,0.382,MG
SP_000137,1007,3.32,G
SP_000137,1280,0.0,G
SP_000137,1246,0.0,UG
SP_000137,1212,1.008,G
SP_000137,1087,132.0,MG
SP_000137,1079,16.3,G
SP_000137,1269,0.357,G
SP_000137,1105,0.0,UG
SP_000137,1123,0.0,UG
SP_000137,1257,0.0,G
SP_000137,1092,1246.0,MG
SP_000137,1110,0.0,IU
SP_000137,1242,0.0,MG
SP_000137,1106,6.0,UG
SP_000137,1003,23.86,G
SP_000137,1293,0.384,G
SP_000137,1180,97.9,MG
SP_000137,1114,0.0,UG
SP_000137,1260,0.0,G
SP_000137,1004,1.15,G
SP_000137,1270,0.027,G
SP_000137,1051,9.05,G
SP_000137,1271,0.0,G
SP_000137,1227,1.176,G
SP_000137,1091,367.0,MG
SP_000137,1107,68.0,UG
SP_000137,1272,0.0,G
SP_000137,1093,15.0,MG
SP_000137,1187,625.0,UG
SP_000137,1018,0.0,G
SP_000137,1162,4.8,MG
SP_000137,1122,0.0,UG
SP_000137,1264,0.0,G
SP_000137,1166,0.233,MG
SP_000137,1167,2.251,MG
SP_000137,1279,0.0,G
SP_000137,1186,0.0,UG
SP_000137,1185,9.0,UG
SP_000137,1190,625.0,UG
SP_000137,1216,0.21,G
SP_000137,1259,0.0,G
SP_000137,1292,0.161,G
SP_000137,1218,0.714,G
SP_000137,1165,0.621,MG
SP_000137,1276,0.0,G
SP_000137,1120,0.0,UG
SP_000137,1219,1.237,G
SP_000139,1278,0.0,G
SP_000139,1225,0.043,G
SP_000139,1003,1.82,G
SP_000139,1101,0.229,MG
SP_000139,1221,0.03,G
SP_000139,1162,5.0,MG
SP_000139,1120,0.0,UG
SP_000139,1263,0.039,G
SP_000139,1211,0.036,G
SP_000139,1018,0.0,G
SP_000139,1217,0.045,G
SP_000139,1266,0.017,G
SP_000139,1279,0.0,G
SP_000139,1095,0.34,MG
SP_000139,1226,0.041,G
SP_000139,1106,0.0,UG
SP_000139,1257,0.0,G
SP_000139,1264,0.018,G
SP_000139,1170,0.203,MG
SP_000139,1213,0.074,G
SP_000139,1058,0.0,MG
SP_000139,1104,0.0,IU
SP_000139,1007,0.77,G
SP_000139,1123,0.0,UG
SP_000139,1259,0.0,G
SP_000139,1214,0.057,G
SP_000139,1122,0.0,UG
SP_000139,1091,34.0,MG
SP_000139,1185,0.1,UG
SP_000139,1005,17.77,G
SP_000139,1177,11.0,UG
SP_000139,1246,0.0,UG
SP_000139,1212,0.051,G
SP_000139,1265,0.12,G
SP_000139,1223,0.208,G
SP_000139,1227,0.045,G
SP_000139,1079,2.0,G
SP_000139,2000,1.7,G
SP_000139,1087,16.0,MG
SP_000139,1224,0.162,G
SP_000139,1269,0.12,G
SP_000139,1293,0.154,G
SP_000139,1062,333.0,kJ
SP_000139,1092,415.0,MG
SP_000139,1218,0.02,G
SP_000139,1292,0.154,G
SP_000139,1283,15.0,MG
SP_000139,1051,78.89,G
SP_000139,1253,0.0,MG
SP_000139,1215,0.013,G
SP_000139,1280,0.0,G
SP_000139,1098,0.226,MG
SP_000139,1057,0.0,MG
SP_000139,1108,0.0,UG
SP_000139,1186,0.0,UG
SP_000139,1107,0.0,UG
SP_000139,1210,0.012,G
SP_000139,1180,28.8,MG
SP_000139,1216,0.008,G
SP_000139,1275,0.021,G
SP_000139,1110,0.0,IU
SP_000139,1262,0.0,G
SP_000139,1277,0.007,G
SP_000139,1276,0.0,G
SP_000139,1004,0.75,G
SP_000139,1167,0.75,MG
SP_000139,1103,0.7,UG
SP_000139,1114,0.0,UG
SP_000139,1187,11.0,UG
SP_000139,1272,0.0,G
SP_000139,1260,0.0,G
SP_000139,1093,13.0,MG
SP_000139,1268,0.119,G
SP_000139,1089,0.6,MG
SP_000139,1178,0.0,UG
SP_000139,1190,11.0,UG
SP_000139,1270,0.034,G
SP_000139,1261,0.007,G
SP_000139,1258,0.203,G
SP_000139,1105,0.0,UG
SP_000139,1222,0.031,G
SP_000139,1219,0.073,G
SP_000139,1109,0.26,MG
SP_000139,1220,0.043,G
SP_000139,1165,0.025,MG
SP_000139,1166,0.034,MG
SP_000139,1008,80.0,KCAL
SP_000139,1271,0.0,G
SP_000139,1090,43.0,MG
SP_000139,1175,0.16,MG
SP_000139,1242,0.0,MG
SP_000140,1101,0.27,MG
SP_000140,1126,0.02,MG
SP_000140,1106,3.0,UG
SP_000140,1253,0.0,MG
SP_000140,1266,0.005,G
SP_000140,1114,0.0,UG
SP_000140,1186,0.0,UG
SP_000140,1180,9.8,MG
SP_000140,1057,0.0,MG
SP_000140,1190,20.0,UG
SP_000140,1167,0.665,MG
SP_000140,1275,0.01,G
SP_000140,1214,0.05,G
SP_000140,1110,0.0,IU
SP_000140,1268,0.022,G
SP_000140,1108,25.0,UG
SP_000140,1131,0.0,MG
SP_000140,1123,22.0,UG
SP_000140,1262,0.001,G
SP_000140,1014,0.01,G
SP_000140,1004,0.33,G
SP_000140,1104,64.0,IU
SP_000140,1007,0.82,G
SP_000140,1221,0.077,G
SP_000140,1012,4.85,G
SP_000140,1212,0.028,G
SP_000140,1270,0.027,G
SP_000140,1223,0.124,G
SP_000140,1283,16.0,MG
SP_000140,1257,0.0,G
SP_000140,1075,0.0,G
SP_000140,1093,1.0,MG
SP_000140,1005,22.84,G
SP_000140,1008,89.0,KCAL
SP_000140,1062,371.0,kJ
SP_000140,1258,0.112,G
SP_000140,1129,0.0,MG
SP_000140,1009,5.38,G
SP_000140,1261,0.0,G
SP_000140,1227,0.04,G
SP_000140,1216,0.009,G
SP_000140,1087,5.0,MG
SP_000140,1293,0.073,G
SP_000140,1125,0.0,MG
SP_000140,1272,0.0,G
SP_000140,1011,4.98,G
SP_000140,1162,8.7,MG
SP_000140,1175,0.367,MG
SP_000140,1010,2.39,G
SP_000140,1219,0.047,G
SP_000140,1220,0.049,G
SP_000140,1226,0.028,G
SP_000140,1264,0.002,G
SP_000140,1089,0.26,MG
SP_000140,1277,0.0,G
SP_000140,1210,0.009,G
SP_000140,1166,0.073,MG
SP_000140,1165,0.031,MG
SP_000140,1265,0.102,G
SP_000140,1280,0.0,G
SP_000140,1259,0.0,G
SP_000140,1225,0.038,G
SP_000140,1263,0.002,G
SP_000140,1222,0.04,G
SP_000140,1170,0.334,MG
SP_000140,1127,0.01,MG
SP_000140,1260,0.0,G
SP_000140,1246,0.0,UG
SP_000140,2000,12.23,G
SP_000140,1292,0.032,G
SP_000140,1051,74.91,G
SP_000140,1079,2.6,G
SP_000140,1217,0.049,G
SP_000140,1098,0.078,MG
SP_000140,1128,0.06,MG
SP_000140,1271,0.0,G
SP_000140,1013,0.0,G
SP_000140,1184,0.0,UG
SP_000140,1105,0.0,UG
SP_000140,1092,358.0,MG
SP_000140,1109,0.1,MG
SP_000140,1224,0.152,G
SP_000140,1003,1.09,G
SP_000140,1120,0.0,UG
SP_000140,1279,0.0,G
SP_000140,1269,0.046,G
SP_000140,1058,0.0,MG
SP_000140,1107,26.0,UG
SP_000140,1099,2.2,UG
SP_000140,1178,0.0,UG
SP_000140,1242,0.0,MG
SP_000140,1177,20.0,UG
SP_000140,1091,22.0,MG
SP_000140,1103,1.0,UG
SP_000140,1018,0.0,G
SP_000140,1198,0.1,MG
SP_000140,1095,0.15,MG
SP_000140,1218,0.009,G
SP_000140,1213,0.068,G
SP_000140,1187,20.0,UG
SP_000140,1122,0.0,UG
SP_000140,1130,0.0,MG
SP_000140,1185,0.5,UG
SP_000140,1215,0.008,G
SP_000140,1090,27.0,MG
SP_000140,1278,0.0,G
SP_000140,1276,0.0,G
SP_000140,1211,0.028,G
SP_000141,1079,1.8,G
SP_000141,1120,0.0,UG
SP_000141,1275,0.002,G
SP_000141,1262,0.0,G
SP_000141,1276,0.0,G
SP_000141,1008,42.0,KCAL
SP_000141,1091,115.0,MG
SP_000141,1123,1.0,UG
SP_000141,1242,0.0,MG
SP_000141,1103,0.7,UG
SP_000141,1277,0.0,G
SP_000141,1110,0.0,IU
SP_000141,1253,0.0,MG
SP_000141,1268,0.056,G
SP_000141,1114,0.0,UG
SP_000141,1058,0.0,MG
SP_000141,1106,0.0,UG
SP_000141,1092,300.0,MG
SP_000141,1104,0.0,IU
SP_000141,1093,100.0,MG
SP_000141,1090,20.0,MG
SP_000141,1269,0.148,G
SP_000141,1270,0.0,G
SP_000141,1272,0.0,G
SP_000141,1087,43.0,MG
SP_000141,1279,0.0,G
SP_000141,1258,0.079,G
SP_000141,1108,0.0,UG
SP_000141,1280,0.0,G
SP_000141,1109,0.36,MG
SP_000141,2000,1.6,G
SP_000141,1292,0.058,G
SP_000141,1105,0.0,UG
SP_000141,1266,0.006,G
SP_000141,1122,0.0,UG
SP_000141,1162,8.0,MG
SP_000141,1261,0.0,G
SP_000141,1265,0.069,G
SP_000141,1271,0.0,G
SP_000141,1293,0.148,G
SP_000141,1005,9.2,G
SP_000141,1095,0.33,MG
SP_000141,1170,0.352,MG
SP_000141,1007,1.0,G
SP_000141,1101,0.158,MG
SP_000141,1264,0.002,G
SP_000141,1175,0.165,MG
SP_000141,1187,8.0,UG
SP_000141,1257,0.0,G
SP_000141,1018,0.0,G
SP_000141,1185,41.0,UG
SP_000141,1260,0.0,G
SP_000141,1246,0.0,UG
SP_000141,1051,88.0,G
SP_000141,1177,8.0,UG
SP_000141,1062,176.0,kJ
SP_000141,1089,0.7,MG
SP_000141,1278,0.0,G
SP_000141,1004,0.3,G
SP_000141,1186,0.0,UG
SP_000141,1098,0.07,MG
SP_000141,1263,0.0,G
SP_000141,1178,0.0,UG
SP_000141,1165,0.05,MG
SP_000141,1259,0.0,G
SP_000141,1167,0.7,MG
SP_000141,1107,0.0,UG
SP_000141,1057,0.0,MG
SP_000141,1190,8.0,UG
SP_000141,1003,1.5,G
SP_000141,1180,9.0,MG
SP_000141,1166,0.06,MG
SP_000142,2048,14.832159,KCAL
SP_000142,1095,0.0929,MG
SP_000142,1004,0.1625,G
SP_000142,1089,0.0,MG
SP_000142,1007,0.8288,G
SP_000142,1175,0.05175,MG
SP_000142,1103,0.0,UG
SP_000142,1093,97.21,MG
SP_000142,1087,46.28,MG
SP_000142,1091,21.6,MG
SP_000142,1090,10.93,MG
SP_000142,1002,0.07875,G
SP_000142,1051,95.2,G
SP_000142,1101,0.076,MG
SP_000142,1098,0.0,MG
SP_000142,1092,265.2,MG
SP_000142,1102,0.0,UG
SP_000142,1003,0.492188,G
SP_000142,1005,3.316512,G
SP_000142,2047,16.6973,KCAL
SP_000143,1162,58.1,MG
SP_000143,1090,42.0,MG
SP_000143,1292,0.095,G
SP_000143,1003,3.27,G
SP_000143,1106,218.0,UG
SP_000143,1004,0.73,G
SP_000143,1058,0.0,MG
SP_000143,1221,0.057,G
SP_000143,1123,323.0,UG
SP_000143,1224,0.677,G
SP_000143,1098,0.157,MG
SP_000143,1093,3.0,MG
SP_000143,1057,0.0,MG
SP_000143,1104,4353.0,IU
SP_000143,1225,0.162,G
SP_000143,1190,105.0,UG
SP_000143,1166,0.115,MG
SP_000143,1264,0.034,G
SP_000143,1280,0.0,G
SP_000143,1110,0.0,IU
SP_000143,1223,0.303,G
SP_000143,1018,0.0,G
SP_000143,1257,0.0,G
SP_000143,1272,0.0,G
SP_000143,1242,0.0,MG
SP_000143,1051,90.65,G
SP_000143,1177,105.0,UG
SP_000143,1122,0.0,UG
SP_000143,1007,1.0,G
SP_000143,1246,0.0,UG
SP_000143,1219,0.145,G
SP_000143,1283,9.0,MG
SP_000143,1005,4.35,G
SP_000143,1271,0.0,G
SP_000143,1269,0.252,G
SP_000143,1214,0.163,G
SP_000143,1278,0.0,G
SP_000143,1008,30.0,KCAL
SP_000143,1062,126.0,kJ
SP_000143,1107,2612.0,UG
SP_000143,1089,1.6,MG
SP_000143,1213,0.195,G
SP_000143,1108,0.0,UG
SP_000143,1222,0.148,G
SP_000143,1103,0.9,UG
SP_000143,1279,0.0,G
SP_000143,1268,0.095,G
SP_000143,1211,0.128,G
SP_000143,1263,0.0,G
SP_000143,1265,0.103,G
SP_000143,1275,0.0,G
SP_000143,1187,105.0,UG
SP_000143,1217,0.105,G
SP_000143,1101,0.373,MG
SP_000143,1170,0.324,MG
SP_000143,1218,0.095,G
SP_000143,1210,0.037,G
SP_000143,1087,92.0,MG
SP_000143,1167,0.647,MG
SP_000143,1185,212.7,UG
SP_000143,1261,0.0,G
SP_000143,1226,0.216,G
SP_000143,1262,0.0,G
SP_000143,1227,0.148,G
SP_000143,1095,0.56,MG
SP_000143,1258,0.146,G
SP_000143,1175,0.138,MG
SP_000143,1091,58.0,MG
SP_000143,1092,296.0,MG
SP_000143,1215,0.036,G
SP_000143,2000,1.85,G
SP_000143,1212,0.139,G
SP_000143,1079,2.5,G
SP_000143,1220,0.237,G
SP_000143,1270,0.015,G
SP_000143,1276,0.0,G
SP_000143,1105,0.0,UG
SP_000143,1259,0.0,G
SP_000143,1180,5.2,MG
SP_000143,1120,0.0,UG
SP_000143,1253,0.0,MG
SP_000143,1293,0.267,G
SP_000143,1109,0.21,MG
SP_000143,1260,0.0,G
SP_000143,1165,0.078,MG
SP_000143,1186,0.0,UG
SP_000143,1277,0.0,G
SP_000143,1114,0.0,UG
SP_000143,1266,0.009,G
SP_000143,1178,0.0,UG
SP_000144,1253,0.0,MG
SP_000144,1215,0.013,G
SP_000144,1227,0.048,G
SP_000144,1220,0.035,G
SP_000144,1218,0.025,G
SP_000144,1004,0.1,G
SP_000144,1223,0.126,G
SP_000144,1226,0.042,G
SP_000144,1090,10.0,MG
SP_000144,1221,0.012,G
SP_000144,1005,15.14,G
SP_000144,1224,0.209,G
SP_000144,1166,0.14,MG
SP_000144,1079,1.1,G
SP_000144,1212,0.026,G
SP_000144,1162,84.0,MG
SP_000144,1087,1.0,MG
SP_000144,1051,82.75,G
SP_000144,1089,0.13,MG
SP_000144,1214,0.046,G
SP_000144,1225,0.042,G
SP_000144,1101,0.052,MG
SP_000144,1257,0.0,G
SP_000144,1008,60.0,KCAL
SP_000144,1222,0.157,G
SP_000144,1062,251.0,kJ
SP_000144,1211,0.034,G
SP_000144,1003,1.31,G
SP_000144,1219,0.058,G
SP_000144,1178,0.0,UG
SP_000144,1165,0.031,MG
SP_000144,1091,21.0,MG
SP_000144,1007,0.7,G
SP_000144,1095,0.05,MG
SP_000144,1092,266.0,MG
SP_000144,1167,0.3,MG
SP_000144,1213,0.054,G
SP_000144,1093,0.0,MG
SP_000144,1098,0.169,MG
SP_000144,1217,0.03,G
SP_000145,1101,0.047,MG
SP_000145,1265,0.0,G
SP_000145,1271,0.0,G
SP_000145,1079,1.5,G
SP_000145,1213,0.013,G
SP_000145,1003,1.06,G
SP_000145,1214,0.015,G
SP_000145,1227,0.016,G
SP_000145,1091,26.0,MG
SP_000145,1221,0.008,G
SP_000145,1103,0.0,UG
SP_000145,1109,0.61,MG
SP_000145,1272,0.0,G
SP_000145,2016,0.0,G
SP_000145,1226,0.009,G
SP_000145,1223,0.566,G
SP_000145,1263,0.0,G
SP_000145,1051,89.0,G
SP_000145,1167,1.12,MG
SP_000145,1089,0.3,MG
SP_000145,2012,0.0,G
SP_000145,1014,0.0,G
SP_000145,1211,0.008,G
SP_000145,1315,0.0,G
SP_000145,2009,0.0,G
SP_000145,1215,0.005,G
SP_000145,1262,0.0,G
SP_000145,1301,0.0,G
SP_000145,2023,0.0,G
SP_000145,1106,21.0,UG
SP_000145,1260,0.0,G
SP_000145,1267,0.0,G
SP_000145,1293,0.0,G
SP_000145,1098,0.082,MG
SP_000145,1075,0.0,G
SP_000145,1126,0.04,MG
SP_000145,1264,0.0,G
SP_000145,1090,8.8,MG
SP_000145,1170,0.185,MG
SP_000145,1218,0.006,G
SP_000145,1270,0.0,G
SP_000145,1165,0.034,MG
SP_000145,1123,130.0,UG
SP_000145,1012,1.39,G
SP_000145,1005,9.18,G
SP_000145,1217,0.01,G
SP_000145,1162,2.9,MG
SP_000145,1268,0.0,G
SP_000145,1008,39.0,KCAL
SP_000145,1087,2.0,MG
SP_000145,1224,0.032,G
SP_000145,1092,131.0,MG
SP_000145,1225,0.01,G
SP_000145,1292,0.0,G
SP_000145,1269,0.0,G
SP_000145,1279,0.0,G
SP_000145,1219,0.012,G
SP_000145,1009,0.07,G
SP_000145,1334,0.0,G
SP_000145,2018,0.0,G
SP_000145,1002,0.17,G
SP_000145,1184,0.0,UG
SP_000145,1185,2.0,UG
SP_000145,1085,0.13,G
SP_000145,1127,0.03,MG
SP_000145,1258,0.0,G
SP_000145,1050,9.42,G
SP_000145,1082,0.6,G
SP_000145,1122,0.0,UG
SP_000145,1300,0.0,G
SP_000145,1175,0.025,MG
SP_000145,2022,0.0,G
SP_000145,1120,117.0,UG
SP_000145,1278,0.0,G
SP_000145,1013,0.0,G
SP_000145,1261,0.0,G
SP_000145,1299,0.0,G
SP_000145,1314,0.0,G
SP_000145,1107,199.0,UG
SP_000145,2025,0.0,G
SP_000145,1093,13.0,MG
SP_000145,1177,6.0,UG
SP_000145,1007,0.48,G
SP_000145,1216,0.005,G
SP_000145,1259,0.0,G
SP_000145,1273,0.0,G
SP_000145,1266,0.0,G
SP_000145,1220,0.008,G
SP_000145,1062,163.0,kJ
SP_000145,1276,0.0,G
SP_000145,1277,0.0,G
SP_000145,1011,1.67,G
SP_000145,1210,0.005,G
SP_000145,1004,0.28,G
SP_000145,1212,0.008,G
SP_000145,1166,0.027,MG
SP_000145,1222,0.015,G
SP_000145,1010,4.83,G
SP_000145,1108,0.0,UG
SP_000145,1084,0.9,G
SP_000145,1317,0.0,G
SP_000145,1125,0.01,MG
SP_000145,1095,0.21,MG
SP_000145,1063,7.89,G
SP_000145,2047,43.0,KCAL
SP_000145,2048,39.0,KCAL
SP_000146,2048,360.53871,KCAL
SP_000146,2047,369.97,KCAL
SP_000146,1005,77.18825,G
SP_000146,1003,7.56875,G
SP_000146,1095,1.716,MG
SP_000146,1089,1.116,MG
SP_000146,1176,4.875,UG
SP_000146,1087,14.4,MG
SP_000146,1004,3.438,G
SP_000146,1002,1.211,G
SP_000146,1098,0.2095,MG
SP_000146,1079,4.179,G
SP_000146,1007,1.345,G
SP_000146,1093,0.0,MG
SP_000146,1091,306.7,MG
SP_000146,1009,71.35,G
SP_000146,1101,3.906,MG
SP_000146,1092,255.6,MG
SP_000146,1167,8.278,MG
SP_000146,1175,0.2024,MG
SP_000146,1051,10.46,G
SP_000146,1090,113.4,MG
SP_000146,1165,0.3188,MG
SP_000147,1003,1.8,G
SP_000147,1211,0.083,G
SP_000147,1217,0.11,G
SP_000147,1057,0.0,MG
SP_000147,1265,0.03,G
SP_000147,1089,1.8,MG
SP_000147,1198,0.3,MG
SP_000147,1109,1.89,MG
SP_000147,1087,51.0,MG
SP_000147,1278,0.0,G
SP_000147,1277,0.0,G
SP_000147,1187,14.0,UG
SP_000147,1018,0.0,G
SP_000147,1092,379.0,MG
SP_000147,1107,3647.0,UG
SP_000147,1123,11000.0,UG
SP_000147,1279,0.0,G
SP_000147,1175,0.099,MG
SP_000147,1253,0.0,MG
SP_000147,1162,30.0,MG
SP_000147,1091,46.0,MG
SP_000147,1166,0.09,MG
SP_000147,1215,0.019,G
SP_000147,1105,0.0,UG
SP_000147,1272,0.0,G
SP_000147,1101,0.366,MG
SP_000147,1122,0.0,UG
SP_000147,1090,81.0,MG
SP_000147,1098,0.179,MG
SP_000147,1266,0.0,G
SP_000147,1269,0.063,G
SP_000147,1280,0.0,G
SP_000147,1165,0.04,MG
SP_000147,1212,0.147,G
SP_000147,1242,0.0,MG
SP_000147,1005,3.74,G
SP_000147,1261,0.0,G
SP_000147,1186,0.0,UG
SP_000147,1110,0.0,IU
SP_000147,1210,0.017,G
SP_000147,1271,0.0,G
SP_000147,1180,18.0,MG
SP_000147,1177,14.0,UG
SP_000147,1260,0.0,G
SP_000147,1262,0.0,G
SP_000147,1185,830.0,UG
SP_000147,1104,6116.0,IU
SP_000147,1259,0.0,G
SP_000147,2000,1.1,G
SP_000147,1106,306.0,UG
SP_000147,1004,0.2,G
SP_000147,1051,92.66,G
SP_000147,1095,0.36,MG
SP_000147,1079,1.6,G
SP_000147,1120,0.0,UG
SP_000147,1190,14.0,UG
SP_000147,1178,0.0,UG
SP_000147,1093,213.0,MG
SP_000147,1007,1.6,G
SP_000147,1219,0.11,G
SP_000147,1292,0.04,G
SP_000147,1276,0.0,G
SP_000147,1246,0.0,UG
SP_000147,1263,0.0,G
SP_000147,1058,0.0,MG
SP_000147,1214,0.099,G
SP_000147,1264,0.0,G
SP_000147,1103,0.9,UG
SP_000147,1220,0.117,G
SP_000147,1213,0.13,G
SP_000147,1062,79.0,kJ
SP_000147,1268,0.04,G
SP_000147,1270,0.007,G
SP_000147,1170,0.172,MG
SP_000147,1258,0.03,G
SP_000147,1275,0.0,G
SP_000147,1008,19.0,KCAL
SP_000147,1293,0.07,G
SP_000147,1114,0.0,UG
SP_000147,1257,0.0,G
SP_000147,1167,0.4,MG
SP_000147,1221,0.036,G
SP_000147,1108,45.0,UG
SP_000148,1272,0.0,G
SP_000148,1007,11.74,G
SP_000148,1166,0.399,MG
SP_000148,1277,0.0,G
SP_000148,1005,63.94,G
SP_000148,1259,0.0,G
SP_000148,1263,0.23,G
SP_000148,1212,0.468,G
SP_000148,1269,0.5,G
SP_000148,1275,0.0,G
SP_000148,2000,1.71,G
SP_000148,1087,1890.0,MG
SP_000148,1101,7.867,MG
SP_000148,1186,0.0,UG
SP_000148,1187,274.0,UG
SP_000148,1004,7.43,G
SP_000148,1211,0.252,G
SP_000148,1095,6.18,MG
SP_000148,1090,220.0,MG
SP_000148,1260,0.0,G
SP_000148,1178,0.0,UG
SP_000148,1190,274.0,UG
SP_000148,1270,0.69,G
SP_000148,1098,0.86,MG
SP_000148,1104,3800.0,IU
SP_000148,1177,274.0,UG
SP_000148,1268,0.47,G
SP_000148,1058,0.0,MG
SP_000148,1165,0.513,MG
SP_000148,1106,190.0,UG
SP_000148,1162,50.0,MG
SP_000148,1271,0.0,G
SP_000148,1253,0.0,MG
SP_000148,1219,0.502,G
SP_000148,1110,0.0,IU
SP_000148,1257,0.0,G
SP_000148,1213,0.43,G
SP_000148,1092,814.0,MG
SP_000148,1180,43.6,MG
SP_000148,1258,2.73,G
SP_000148,1264,0.15,G
SP_000148,1262,0.12,G
SP_000148,1093,55.0,MG
SP_000148,1018,0.0,G
SP_000148,1246,0.0,UG
SP_000148,1122,0.0,UG
SP_000148,1266,0.28,G
SP_000148,1057,0.0,MG
SP_000148,1242,0.0,MG
SP_000148,1167,4.94,MG
SP_000148,1185,1714.5,UG
SP_000148,1107,2264.0,UG
SP_000148,1114,0.0,UG
SP_000148,1003,9.11,G
SP_000148,1120,33.0,UG
SP_000148,1279,0.0,G
SP_000148,1283,163.0,MG
SP_000148,1105,0.0,UG
SP_000148,1103,4.6,UG
SP_000148,1175,0.55,MG
SP_000148,1265,1.72,G
SP_000148,1079,37.0,G
SP_000148,1108,0.0,UG
SP_000148,1051,7.79,G
SP_000148,1293,1.19,G
SP_000148,1123,1895.0,UG
SP_000148,1210,0.186,G
SP_000148,1214,0.207,G
SP_000148,1109,7.48,MG
SP_000148,1276,0.0,G
SP_000148,1089,123.6,MG
SP_000148,1062,1156.0,kJ
SP_000148,1292,0.47,G
SP_000148,1091,201.0,MG
SP_000148,1278,0.0,G
SP_000148,1008,276.0,KCAL
SP_000148,1280,0.0,G
SP_000148,1261,0.24,G
SP_000149,1280,0.0,G
SP_000149,1114,0.0,UG
SP_000149,1185,0.8,UG
SP_000149,1278,0.0,G
SP_000149,1263,0.0,G
SP_000149,1261,0.0,G
SP_000149,1103,1.2,UG
SP_000149,1187,34.0,UG
SP_000149,1178,0.0,UG
SP_000149,1270,0.002,G
SP_000149,1260,0.0,G
SP_000149,1122,0.0,UG
SP_000149,1079,3.2,G
SP_000149,1262,0.0,G
SP_000149,1105,0.0,UG
SP_000149,1225,0.124,G
SP_000149,1210,0.028,G
SP_000149,1223,0.231,G
SP_000149,1213,0.149,G
SP_000149,1212,0.106,G
SP_000149,1089,1.2,MG
SP_000149,1098,0.088,MG
SP_000149,2000,7.87,G
SP_000149,1217,0.081,G
SP_000149,1167,0.2,MG
SP_000149,1226,0.165,G
SP_000149,1221,0.043,G
SP_000149,1259,0.0,G
SP_000149,1162,8.0,MG
SP_000149,1214,0.125,G
SP_000149,1110,0.0,IU
SP_000149,1123,8.0,UG
SP_000149,1062,301.0,kJ
SP_000149,1166,0.02,MG
SP_000149,1219,0.11,G
SP_000149,1277,0.0,G
SP_000149,1005,16.8,G
SP_000149,1258,0.017,G
SP_000149,1177,34.0,UG
SP_000149,1106,0.0,UG
SP_000149,1272,0.0,G
SP_000149,1003,2.5,G
SP_000149,1211,0.098,G
SP_000149,1215,0.027,G
SP_000149,1266,0.001,G
SP_000149,1218,0.072,G
SP_000149,1265,0.015,G
SP_000149,1271,0.0,G
SP_000149,1101,0.292,MG
SP_000149,1165,0.06,MG
SP_000149,1095,0.4,MG
SP_000149,1268,0.014,G
SP_000149,1283,5.0,MG
SP_000149,1279,0.0,G
SP_000149,1004,0.1,G
SP_000149,1090,21.0,MG
SP_000149,1007,0.8,G
SP_000149,1257,0.0,G
SP_000149,1108,0.0,UG
SP_000149,1292,0.014,G
SP_000149,1222,0.113,G
SP_000149,1008,72.0,KCAL
SP_000149,1293,0.039,G
SP_000149,1091,60.0,MG
SP_000149,1109,0.04,MG
SP_000149,1051,79.8,G
SP_000149,1269,0.037,G
SP_000149,1186,0.0,UG
SP_000149,1120,0.0,UG
SP_000149,1253,0.0,MG
SP_000149,1018,0.0,G
SP_000149,1224,0.517,G
SP_000149,1180,11.3,MG
SP_000149,1175,0.345,MG
SP_000149,1170,0.29,MG
SP_000149,1190,34.0,UG
SP_000149,1264,0.0,G
SP_000149,1275,0.0,G
SP_000149,1227,0.113,G
SP_000149,1220,0.181,G
SP_000149,1276,0.0,G
SP_000149,1058,0.0,MG
SP_000149,1057,0.0,MG
SP_000149,1104,4.0,IU
SP_000149,1092,334.0,MG
SP_000149,1093,12.0,MG
SP_000149,1107,3.0,UG
SP_000149,1087,37.0,MG
SP_000150,1186,0.0,UG
SP_000150,1007,1.4,G
SP_000150,1107,1424.0,UG
SP_000150,1090,47.0,MG
SP_000150,1105,0.0,UG
SP_000150,1178,0.0,UG
SP_000150,1166,0.086,MG
SP_000150,1004,0.66,G
SP_000150,1258,0.086,G
SP_000150,1253,0.0,MG
SP_000150,1268,0.046,G
SP_000150,1263,0.003,G
SP_000150,1271,0.002,G
SP_000150,1293,0.319,G
SP_000150,1185,108.6,UG
SP_000150,1265,0.072,G
SP_000150,1122,0.0,UG
SP_000150,1269,0.13,G
SP_000150,1095,0.47,MG
SP_000150,1005,3.65,G
SP_000150,1018,0.0,G
SP_000150,1091,52.0,MG
SP_000150,1270,0.17,G
SP_000150,1190,97.0,UG
SP_000150,1079,1.6,G
SP_000150,1272,0.0,G
SP_000150,1008,25.0,KCAL
SP_000150,1292,0.049,G
SP_000150,1257,0.0,G
SP_000150,1103,0.3,UG
SP_000150,1062,105.0,kJ
SP_000150,1109,0.43,MG
SP_000150,1266,0.004,G
SP_000150,1092,369.0,MG
SP_000150,1278,0.0,G
SP_000150,1165,0.044,MG
SP_000150,1242,0.0,MG
SP_000150,1187,97.0,UG
SP_000150,1261,0.0,G
SP_000150,1058,0.0,MG
SP_000150,1101,0.321,MG
SP_000150,1104,2373.0,IU
SP_000150,1123,3555.0,UG
SP_000150,1246,0.0,UG
SP_000150,1093,27.0,MG
SP_000150,1280,0.0,G
SP_000150,1180,15.3,MG
SP_000150,1198,0.1,MG
SP_000150,1162,15.0,MG
SP_000150,1106,119.0,UG
SP_000150,1259,0.0,G
SP_000150,1276,0.0,G
SP_000150,1275,0.001,G
SP_000150,1167,0.305,MG
SP_000150,1087,160.0,MG
SP_000150,1057,0.0,MG
SP_000150,1110,0.0,IU
SP_000150,1264,0.0,G
SP_000150,1170,0.437,MG
SP_000150,1177,97.0,UG
SP_000150,1089,1.46,MG
SP_000150,1175,0.073,MG
SP_000150,1120,0.0,UG
SP_000150,1279,0.0,G
SP_000150,1277,0.0,G
SP_000150,1003,2.58,G
SP_000150,1051,91.71,G
SP_000150,1098,0.076,MG
SP_000150,1260,0.0,G
SP_000150,2000,2.05,G
SP_000150,1114,0.0,UG
SP_000150,1262,0.0,G
SP_000150,1108,0.0,UG
SP_000151,1122,1.0,UG
SP_000151,1258,0.032,G
SP_000151,1003,0.93,G
SP_000151,1175,0.138,MG
SP_000151,1107,8285.0,UG
SP_000151,1265,0.03,G
SP_000151,1089,0.3,MG
SP_000151,1220,0.091,G
SP_000151,1127,0.0,MG
SP_000151,1278,0.0,G
SP_000151,1180,8.8,MG
SP_000151,1263,0.0,G
SP_000151,1125,0.01,MG
SP_000151,1178,0.0,UG
SP_000151,1211,0.191,G
SP_000151,1214,0.101,G
SP_000151,1099,3.2,UG
SP_000151,1325,0.0,G
SP_000151,1098,0.045,MG
SP_000151,1257,0.0,G
SP_000151,1227,0.054,G
SP_000151,1004,0.24,G
SP_000151,1218,0.043,G
SP_000151,1269,0.1,G
SP_000151,1104,16706.0,IU
SP_000151,1222,0.113,G
SP_000151,1300,0.0,G
SP_000151,1264,0.0,G
SP_000151,1095,0.24,MG
SP_000151,1130,0.0,MG
SP_000151,1225,0.047,G
SP_000151,1075,0.0,G
SP_000151,1079,2.8,G
SP_000151,1008,41.0,KCAL
SP_000151,1013,0.0,G
SP_000151,1224,0.366,G
SP_000151,1253,0.0,MG
SP_000151,1271,0.0,G
SP_000151,1221,0.04,G
SP_000151,1011,0.59,G
SP_000151,1292,0.012,G
SP_000151,1108,3477.0,UG
SP_000151,1262,0.0,G
SP_000151,1279,0.0,G
SP_000151,1109,0.66,MG
SP_000151,1266,0.002,G
SP_000151,1018,0.0,G
SP_000151,1212,0.077,G
SP_000151,1246,0.0,UG
SP_000151,1058,0.0,MG
SP_000151,1007,0.97,G
SP_000151,1062,173.0,kJ
SP_000151,1219,0.069,G
SP_000151,1090,12.0,MG
SP_000151,1087,33.0,MG
SP_000151,1226,0.054,G
SP_000151,1299,0.0,G
SP_000151,1215,0.02,G
SP_000151,1051,88.29,G
SP_000151,1293,0.102,G
SP_000151,1186,0.0,UG
SP_000151,1242,0.0,MG
SP_000151,1268,0.011,G
SP_000151,2000,4.74,G
SP_000151,1009,1.43,G
SP_000151,1313,0.0,G
SP_000151,1092,320.0,MG
SP_000151,1301,0.0,G
SP_000151,1277,0.0,G
SP_000151,1267,0.0,G
SP_000151,1223,0.19,G
SP_000151,1105,0.0,UG
SP_000151,1177,19.0,UG
SP_000151,1275,0.002,G
SP_000151,1106,835.0,UG
SP_000151,1114,0.0,UG
SP_000151,1259,0.0,G
SP_000151,1103,0.1,UG
SP_000151,1185,13.2,UG
SP_000151,1101,0.143,MG
SP_000151,1012,0.55,G
SP_000151,1126,0.0,MG
SP_000151,1216,0.083,G
SP_000151,1165,0.066,MG
SP_000151,1198,0.4,MG
SP_000151,1280,0.0,G
SP_000151,1217,0.061,G
SP_000151,1187,19.0,UG
SP_000151,1166,0.058,MG
SP_000151,1276,0.0,G
SP_000151,1190,19.0,UG
SP_000151,1057,0.0,MG
SP_000151,1162,5.9,MG
SP_000151,1129,0.0,MG
SP_000151,1213,0.102,G
SP_000151,1184,0.0,UG
SP_000151,1323,0.0,G
SP_000151,1333,0.0,G
SP_000151,1167,0.983,MG
SP_000151,1273,0.0,G
SP_000151,1005,9.58,G
SP_000151,1014,0.0,G
SP_000151,1270,0.002,G
SP_000151,1128,0.01,MG
SP_000151,1261,0.0,G
SP_000151,1272,0.0,G
SP_000151,1091,35.0,MG
SP_000151,1120,0.0,UG
SP_000151,1110,0.0,IU
SP_000151,1274,0.0,G
SP_000151,1123,256.0,UG
SP_000151,1210,0.012,G
SP_000151,1093,69.0,MG
SP_000151,1260,0.0,G
SP_000151,1010,3.59,G
SP_000151,1170,0.273,MG
SP_000151,1131,0.0,MG
SP_000152,1301,0.0,G
SP_000152,1211,0.035,G
SP_000152,1257,0.0,G
SP_000152,1018,0.0,G
SP_000152,1166,0.04,MG
SP_000152,1299,0.0,G
SP_000152,1265,0.034,G
SP_000152,1300,0.0,G
SP_000152,1225,0.03,G
SP_000152,1178,0.0,UG
SP_000152,1269,0.017,G
SP_000152,1227,0.053,G
SP_000152,1079,2.5,G
SP_000152,1187,43.0,UG
SP_000152,1246,0.0,UG
SP_000152,1104,98.0,IU
SP_000152,1011,1.67,G
SP_000152,1271,0.0,G
SP_000152,1103,0.3,UG
SP_000152,1261,0.0,G
SP_000152,1263,0.0,G
SP_000152,1279,0.0,G
SP_000152,1190,43.0,UG
SP_000152,1091,26.0,MG
SP_000152,1126,0.0,MG
SP_000152,1220,0.075,G
SP_000152,1198,0.4,MG
SP_000152,1122,0.0,UG
SP_000152,1274,0.0,G
SP_000152,1264,0.0,G
SP_000152,1268,0.017,G
SP_000152,1185,76.0,UG
SP_000152,1266,0.0,G
SP_000152,1226,0.048,G
SP_000152,1062,103.0,kJ
SP_000152,1075,0.0,G
SP_000152,1095,0.18,MG
SP_000152,1175,0.124,MG
SP_000152,1128,0.04,MG
SP_000152,1217,0.032,G
SP_000152,1277,0.0,G
SP_000152,1278,0.0,G
SP_000152,1222,0.042,G
SP_000152,1005,5.8,G
SP_000152,1089,0.47,MG
SP_000152,1293,0.017,G
SP_000152,1259,0.0,G
SP_000152,1167,0.234,MG
SP_000152,1165,0.061,MG
SP_000152,1323,0.0,G
SP_000152,1107,42.0,UG
SP_000152,1130,0.0,MG
SP_000152,1008,25.0,KCAL
SP_000152,1186,0.0,UG
SP_000152,1127,0.0,MG
SP_000152,1219,0.042,G
SP_000152,1212,0.03,G
SP_000152,1253,0.0,MG
SP_000152,1272,0.0,G
SP_000152,1109,0.15,MG
SP_000152,1120,0.0,UG
SP_000152,1099,1.0,UG
SP_000152,1223,0.122,G
SP_000152,1110,0.0,IU
SP_000152,1215,0.012,G
SP_000152,1012,1.45,G
SP_000152,1108,33.0,UG
SP_000152,1273,0.0,G
SP_000152,1213,0.041,G
SP_000152,1093,18.0,MG
SP_000152,1280,0.0,G
SP_000152,1051,92.18,G
SP_000152,1057,0.0,MG
SP_000152,1276,0.0,G
SP_000152,1087,40.0,MG
SP_000152,1333,0.0,G
SP_000152,1221,0.022,G
SP_000152,1114,0.0,UG
SP_000152,1106,5.0,UG
SP_000152,1214,0.044,G
SP_000152,1092,170.0,MG
SP_000152,1177,43.0,UG
SP_000152,1013,0.0,G
SP_000152,1007,0.64,G
SP_000152,1004,0.1,G
SP_000152,1014,0.01,G
SP_000152,1283,11.0,MG
SP_000152,1090,12.0,MG
SP_000152,1098,0.019,MG
SP_000152,1125,0.0,MG
SP_000152,1325,0.0,G
SP_000152,1218,0.019,G
SP_000152,1170,0.212,MG
SP_000152,2000,3.2,G
SP_000152,1270,0.0,G
SP_000152,1258,0.034,G
SP_000152,1216,0.011,G
SP_000152,1224,0.294,G
SP_000152,1058,0.0,MG
SP_000152,1292,0.017,G
SP_000152,1275,0.0,G
SP_000152,1313,0.0,G
SP_000152,1010,0.08,G
SP_000152,1129,0.0,MG
SP_000152,1180,10.7,MG
SP_000152,1003,1.28,G
SP_000152,1123,30.0,UG
SP_000152,1162,36.6,MG
SP_000152,1009,0.0,G
SP_000152,1184,0.0,UG
SP_000152,1260,0.0,G
SP_000152,1210,0.011,G
SP_000152,1105,0.0,UG
SP_000152,1242,0.0,MG
SP_000152,1262,0.0,G
SP_000152,1101,0.16,MG
SP_000152,1267,0.0,G
SP_000153,1103,0.3,UG
SP_000153,1058,0.0,MG
SP_000153,1178,0.0,UG
SP_000153,1269,0.112,G
SP_000153,1219,0.077,G
SP_000153,1265,0.062,G
SP_000153,1110,0.0,IU
SP_000153,1293,0.131,G
SP_000153,1215,0.01,G
SP_000153,1220,0.124,G
SP_000153,1114,0.0,UG
SP_000153,1003,1.7,G
SP_000153,1090,30.0,MG
SP_000153,1242,0.0,MG
SP_000153,1089,0.9,MG
SP_000153,1005,4.7,G
SP_000153,1278,0.0,G
SP_000153,1108,0.0,UG
SP_000153,1292,0.006,G
SP_000153,1109,2.26,MG
SP_000153,1018,0.0,G
SP_000153,1104,5717.0,IU
SP_000153,1190,110.0,UG
SP_000153,1057,0.0,MG
SP_000153,1122,0.0,UG
SP_000153,1165,0.06,MG
SP_000153,1120,0.0,UG
SP_000153,1279,0.0,G
SP_000153,1261,0.0,G
SP_000153,1123,10300.0,UG
SP_000153,1101,0.429,MG
SP_000153,1004,0.3,G
SP_000153,1008,23.0,KCAL
SP_000153,1062,96.0,kJ
SP_000153,1093,45.0,MG
SP_000153,1177,110.0,UG
SP_000153,1092,420.0,MG
SP_000153,1277,0.0,G
SP_000153,1271,0.0,G
SP_000153,1107,3430.0,UG
SP_000153,1258,0.073,G
SP_000153,1213,0.074,G
SP_000153,1221,0.029,G
SP_000153,1275,0.0,G
SP_000153,1253,0.0,MG
SP_000153,1268,0.006,G
SP_000153,1051,92.0,G
SP_000153,1187,110.0,UG
SP_000153,1276,0.0,G
SP_000153,1210,0.031,G
SP_000153,1105,0.0,UG
SP_000153,1211,0.047,G
SP_000153,1270,0.019,G
SP_000153,1264,0.004,G
SP_000153,1175,0.105,MG
SP_000153,1185,297.6,UG
SP_000153,1167,0.5,MG
SP_000153,1166,0.1,MG
SP_000153,1091,47.0,MG
SP_000153,1280,0.0,G
SP_000153,1186,0.0,UG
SP_000153,1098,0.295,MG
SP_000153,1087,100.0,MG
SP_000153,1095,0.42,MG
SP_000153,1106,286.0,UG
SP_000153,1257,0.0,G
SP_000153,1214,0.067,G
SP_000153,1272,0.0,G
SP_000153,1079,4.0,G
SP_000153,1007,1.3,G
SP_000153,1263,0.0,G
SP_000153,1212,0.101,G
SP_000153,1259,0.0,G
SP_000153,1170,1.159,MG
SP_000153,1266,0.003,G
SP_000153,1262,0.0,G
SP_000153,1180,12.8,MG
SP_000153,2000,0.7,G
SP_000153,1162,24.0,MG
SP_000153,1246,0.0,UG
SP_000153,1217,0.041,G
SP_000153,1260,0.0,G
SP_000156,1051,9.93,G
SP_000156,1273,0.0,G
SP_000156,1315,0.712,G
SP_000156,1333,0.0,G
SP_000156,1104,1701.0,IU
SP_000156,1093,25.0,MG
SP_000156,1300,0.0,G
SP_000156,1299,0.0,G
SP_000156,1091,148.0,MG
SP_000156,1220,0.449,G
SP_000156,1293,1.369,G
SP_000156,1218,0.297,G
SP_000156,1329,0.0,G
SP_000156,1210,0.203,G
SP_000156,1274,0.0,G
SP_000156,1301,0.0,G
SP_000156,1165,0.177,MG
SP_000156,1404,0.621,G
SP_000156,1217,0.449,G
SP_000156,1258,1.551,G
SP_000156,1095,2.69,MG
SP_000156,1108,20.0,UG
SP_000156,1222,0.5,G
SP_000156,1122,0.0,UG
SP_000156,1125,0.0,MG
SP_000156,1103,4.5,UG
SP_000156,1279,0.0,G
SP_000156,1242,0.0,MG
SP_000156,1062,1107.0,kJ
SP_000156,1106,85.0,UG
SP_000156,1304,0.0,G
SP_000156,1098,0.633,MG
SP_000156,1120,7.0,UG
SP_000156,1313,0.0,G
SP_000156,1166,0.528,MG
SP_000156,1264,0.004,G
SP_000156,1225,0.517,G
SP_000156,1277,0.0,G
SP_000156,1219,0.585,G
SP_000156,1004,4.28,G
SP_000156,1226,1.712,G
SP_000156,1214,0.5,G
SP_000156,1090,270.0,MG
SP_000156,1263,0.246,G
SP_000156,1221,0.144,G
SP_000156,1261,0.0,G
SP_000156,1323,0.0,G
SP_000156,1212,0.441,G
SP_000156,1008,265.0,KCAL
SP_000156,1177,237.0,UG
SP_000156,1211,0.322,G
SP_000156,1005,68.92,G
SP_000156,1167,4.64,MG
SP_000156,1275,0.004,G
SP_000156,1332,0.0,G
SP_000156,1246,0.0,UG
SP_000156,1228,0.0,G
SP_000156,1224,0.975,G
SP_000156,1123,1895.0,UG
SP_000156,1292,0.716,G
SP_000156,1215,0.127,G
SP_000156,1278,0.0,G
SP_000156,1087,1597.0,MG
SP_000156,1312,0.0,G
SP_000156,1187,237.0,UG
SP_000156,1190,237.0,UG
SP_000156,1126,24.42,MG
SP_000156,1213,0.78,G
SP_000156,1092,1260.0,MG
SP_000156,1175,1.044,MG
SP_000156,1109,18.26,MG
SP_000156,1267,0.0,G
SP_000156,1180,32.3,MG
SP_000156,1262,0.004,G
SP_000156,1184,0.0,UG
SP_000156,1259,0.0,G
SP_000156,1010,0.91,G
SP_000156,1276,0.0,G
SP_000156,1253,0.0,MG
SP_000156,1012,1.13,G
SP_000156,1283,203.0,MG
SP_000156,1269,0.748,G
SP_000156,1271,0.0,G
SP_000156,2000,4.09,G
SP_000156,1227,0.314,G
SP_000156,1185,621.7,UG
SP_000156,1186,0.0,UG
SP_000156,1058,0.0,MG
SP_000156,1013,0.0,G
SP_000156,1018,0.0,G
SP_000156,1014,0.0,G
SP_000156,1110,0.0,IU
SP_000156,1057,0.0,MG
SP_000156,1265,0.792,G
SP_000156,1105,0.0,UG
SP_000156,1198,9.8,MG
SP_000156,1223,1.009,G
SP_000156,1266,0.505,G
SP_000156,1178,0.0,UG
SP_000156,1260,0.0,G
SP_000156,1268,0.712,G
SP_000156,1270,0.621,G
SP_000156,1075,0.15,G
SP_000156,1011,1.9,G
SP_000156,1216,0.11,G
SP_000156,1107,1007.0,UG
SP_000156,1280,0.0,G
SP_000156,1007,7.87,G
SP_000156,1114,0.0,UG
SP_000156,1325,0.0,G
SP_000156,1321,0.0,G
SP_000156,1003,9.0,G
SP_000156,1257,0.0,G
SP_000156,1127,0.92,MG
SP_000156,1272,0.0,G
SP_000156,1089,36.8,MG
SP_000156,1101,4.99,MG
SP_000156,1162,2.3,MG
SP_000156,1170,0.921,MG
SP_000156,1079,42.5,G
SP_000157,1007,0.58,G
SP_000157,1162,22.0,MG
SP_000157,1091,23.0,MG
SP_000157,1123,0.0,UG
SP_000157,1186,0.0,UG
SP_000157,1218,0.011,G
SP_000157,1277,0.0,G
SP_000157,1263,0.0,G
SP_000157,1212,0.026,G
SP_000157,1266,0.004,G
SP_000157,1213,0.031,G
SP_000157,1198,0.1,MG
SP_000157,1103,0.7,UG
SP_000157,1275,0.0,G
SP_000157,1089,0.4,MG
SP_000157,1211,0.025,G
SP_000157,1264,0.0,G
SP_000157,1122,0.0,UG
SP_000157,1110,0.0,IU
SP_000157,1278,0.0,G
SP_000157,1226,0.015,G
SP_000157,1114,0.0,UG
SP_000157,1005,4.1,G
SP_000157,1280,0.0,G
SP_000157,1219,0.028,G
SP_000157,1224,0.113,G
SP_000157,1223,0.041,G
SP_000157,1105,0.0,UG
SP_000157,1261,0.0,G
SP_000157,1087,27.0,MG
SP_000157,1265,0.026,G
SP_000157,1108,0.0,UG
SP_000157,1246,0.0,UG
SP_000157,1262,0.0,G
SP_000157,1259,0.0,G
SP_000157,1253,0.0,MG
SP_000157,1018,0.0,G
SP_000157,1170,0.138,MG
SP_000157,1095,0.15,MG
SP_000157,1165,0.02,MG
SP_000157,1210,0.003,G
SP_000157,1003,0.6,G
SP_000157,1215,0.006,G
SP_000157,1177,28.0,UG
SP_000157,1106,0.0,UG
SP_000157,1101,0.038,MG
SP_000157,1221,0.011,G
SP_000157,1185,0.3,UG
SP_000157,1258,0.03,G
SP_000157,1104,0.0,IU
SP_000157,1276,0.0,G
SP_000157,1292,0.017,G
SP_000157,1167,0.2,MG
SP_000157,1260,0.0,G
SP_000157,1271,0.0,G
SP_000157,1187,28.0,UG
SP_000157,1216,0.005,G
SP_000157,2000,2.5,G
SP_000157,1222,0.019,G
SP_000157,1293,0.045,G
SP_000157,1217,0.02,G
SP_000157,1257,0.0,G
SP_000157,1008,18.0,KCAL
SP_000157,1120,0.0,UG
SP_000157,1180,7.3,MG
SP_000157,1109,0.0,MG
SP_000157,1058,0.0,MG
SP_000157,1190,28.0,UG
SP_000157,1175,0.046,MG
SP_000157,1268,0.016,G
SP_000157,1279,0.0,G
SP_000157,1004,0.1,G
SP_000157,1220,0.035,G
SP_000157,1098,0.115,MG
SP_000157,1269,0.016,G
SP_000157,1051,94.62,G
SP_000157,1107,0.0,UG
SP_000157,1093,21.0,MG
SP_000157,1242,0.0,MG
SP_000157,1092,227.0,MG
SP_000157,1057,0.0,MG
SP_000157,1062,76.0,kJ
SP_000157,1079,1.6,G
SP_000157,1270,0.029,G
SP_000157,1225,0.019,G
SP_000157,1166,0.02,MG
SP_000157,1227,0.018,G
SP_000157,1178,0.0,UG
SP_000157,1214,0.03,G
SP_000157,1090,16.0,MG
SP_000157,1272,0.0,G
SP_000158,1007,0.58,G
SP_000158,1162,22.0,MG
SP_000158,1091,23.0,MG
SP_000158,1123,0.0,UG
SP_000158,1186,0.0,UG
SP_000158,1218,0.011,G
SP_000158,1277,0.0,G
SP_000158,1263,0.0,G
SP_000158,1212,0.026,G
SP_000158,1266,0.004,G
SP_000158,1213,0.031,G
SP_000158,1198,0.1,MG
SP_000158,1103,0.7,UG
SP_000158,1275,0.0,G
SP_000158,1089,0.4,MG
SP_000158,1211,0.025,G
SP_000158,1264,0.0,G
SP_000158,1122,0.0,UG
SP_000158,1110,0.0,IU
SP_000158,1278,0.0,G
SP_000158,1226,0.015,G
SP_000158,1114,0.0,UG
SP_000158,1005,4.1,G
SP_000158,1280,0.0,G
SP_000158,1219,0.028,G
SP_000158,1224,0.113,G
SP_000158,1223,0.041,G
SP_000158,1105,0.0,UG
SP_000158,1261,0.0,G
SP_000158,1087,27.0,MG
SP_000158,1265,0.026,G
SP_000158,1108,0.0,UG
SP_000158,1246,0.0,UG
SP_000158,1262,0.0,G
SP_000158,1259,0.0,G
SP_000158,1253,0.0,MG
SP_000158,1018,0.0,G
SP_000158,1170,0.138,MG
SP_000158,1095,0.15,MG
SP_000158,1165,0.02,MG
SP_000158,1210,0.003,G
SP_000158,1003,0.6,G
SP_000158,1215,0.006,G
SP_000158,1177,28.0,UG
SP_000158,1106,0.0,UG
SP_000158,1101,0.038,MG
SP_000158,1221,0.011,G
SP_000158,1185,0.3,UG
SP_000158,1258,0.03,G
SP_000158,1104,0.0,IU
SP_000158,1276,0.0,G
SP_000158,1292,0.017,G
SP_000158,1167,0.2,MG
SP_000158,1260,0.0,G
SP_000158,1271,0.0,G
SP_000158,1187,28.0,UG
SP_000158,1216,0.005,G
SP_000158,2000,2.5,G
SP_000158,1222,0.019,G
SP_000158,1293,0.045,G
SP_000158,1217,0.02,G
SP_000158,1257,0.0,G
SP_000158,1008,18.0,KCAL
SP_000158,1120,0.0,UG
SP_000158,1180,7.3,MG
SP_000158,1109,0.0,MG
SP_000158,1058,0.0,MG
SP_000158,1190,28.0,UG
SP_000158,1175,0.046,MG
SP_000158,1268,0.016,G
SP_000158,1279,0.0,G
SP_000158,1004,0.1,G
SP_000158,1220,0.035,G
SP_000158,1098,0.115,MG
SP_000158,1269,0.016,G
SP_000158,1051,94.62,G
SP_000158,1107,0.0,UG
SP_000158,1093,21.0,MG
SP_000158,1242,0.0,MG
SP_000158,1092,227.0,MG
SP_000158,1057,0.0,MG
SP_000158,1062,76.0,kJ
SP_000158,1079,1.6,G
SP_000158,1270,0.029,G
SP_000158,1225,0.019,G
SP_000158,1166,0.02,MG
SP_000158,1227,0.018,G
SP_000158,1178,0.0,UG
SP_000158,1214,0.03,G
SP_000158,1090,16.0,MG
SP_000158,1272,0.0,G
SP_000159,1212,0.0,G
SP_000159,1216,0.0,G
SP_000159,1008,43.0,KCAL
SP_000159,1257,0.0,G
SP_000159,1276,0.0,G
SP_000159,1269,0.0,G
SP_000159,1098,0.005,MG
SP_000159,1003,0.46,G
SP_000159,1279,0.0,G
SP_000159,1215,0.0,G
SP_000159,1293,0.0,G
SP_000159,1089,0.02,MG
SP_000159,1099,44.2,UG
SP_000159,1114,0.0,UG
SP_000159,1007,0.16,G
SP_000159,1107,0.0,UG
SP_000159,1222,0.012,G
SP_000159,1226,0.035,G
SP_000159,1127,0.0,MG
SP_000159,1265,0.0,G
SP_000159,1280,0.0,G
SP_000159,1009,0.0,G
SP_000159,1058,0.0,MG
SP_000159,1224,0.047,G
SP_000159,1013,0.0,G
SP_000159,1011,0.0,G
SP_000159,1260,0.0,G
SP_000159,1275,0.0,G
SP_000159,1261,0.0,G
SP_000159,1259,0.0,G
SP_000159,1211,0.0,G
SP_000159,1018,3.9,G
SP_000159,1004,0.0,G
SP_000159,1268,0.0,G
SP_000159,1246,0.0,UG
SP_000159,1270,0.0,G
SP_000159,1109,0.0,MG
SP_000159,1014,0.0,G
SP_000159,1264,0.0,G
SP_000159,1218,0.0,G
SP_000159,1178,0.02,UG
SP_000159,1217,0.0,G
SP_000159,1184,0.0,UG
SP_000159,1162,0.0,MG
SP_000159,1227,0.0,G
SP_000159,1090,6.0,MG
SP_000159,1277,0.0,G
SP_000159,1175,0.046,MG
SP_000159,1253,0.0,MG
SP_000159,1095,0.01,MG
SP_000159,1263,0.0,G
SP_000159,1075,0.0,G
SP_000159,1012,0.0,G
SP_000159,1266,0.0,G
SP_000159,1106,0.0,UG
SP_000159,1005,3.55,G
SP_000159,1105,0.0,UG
SP_000159,1122,0.0,UG
SP_000159,1219,0.0,G
SP_000159,1186,0.0,UG
SP_000159,1187,6.0,UG
SP_000159,1167,0.513,MG
SP_000159,1125,0.0,MG
SP_000159,1092,27.0,MG
SP_000159,1190,6.0,UG
SP_000159,1177,6.0,UG
SP_000159,1093,4.0,MG
SP_000159,1262,0.0,G
SP_000159,1278,0.0,G
SP_000159,1062,181.0,kJ
SP_000159,1126,0.0,MG
SP_000159,2000,0.0,G
SP_000159,1010,0.0,G
SP_000159,1103,0.6,UG
SP_000159,1272,0.0,G
SP_000159,1108,0.0,UG
SP_000159,1101,0.008,MG
SP_000159,1166,0.025,MG
SP_000159,1223,0.016,G
SP_000159,1165,0.005,MG
SP_000159,1213,0.0,G
SP_000159,1258,0.0,G
SP_000159,1051,91.96,G
SP_000159,1123,0.0,UG
SP_000159,1091,14.0,MG
SP_000159,1220,0.0,G
SP_000159,1214,0.0,G
SP_000159,1271,0.0,G
SP_000159,1185,0.0,UG
SP_000159,1120,0.0,UG
SP_000159,1221,0.0,G
SP_000159,1210,0.0,G
SP_000159,1079,0.0,G
SP_000159,1110,0.0,IU
SP_000159,1057,0.0,MG
SP_000159,1170,0.041,MG
SP_000159,1180,10.1,MG
SP_000159,1104,0.0,IU
SP_000159,1292,0.0,G
SP_000159,1087,4.0,MG
SP_000159,1225,0.013,G
SP_000159,1242,0.0,MG
SP_000167,1002,0.1575,G
SP_000167,1079,0.7525,G
SP_000167,1090,15.29,MG
SP_000167,1091,32.9,MG
SP_000167,1007,0.54,G
SP_000167,1098,0.06384,MG
SP_000167,1093,0.0,MG
SP_000167,1092,225.8,MG
SP_000167,1101,0.1489,MG
SP_000167,1095,0.2605,MG
SP_000167,1004,0.205,G
SP_000167,1087,20.85,MG
SP_000167,1089,0.1945,MG
SP_000167,1003,0.984375,G
SP_000169,1166,0.126,MG
SP_000169,1242,0.0,MG
SP_000169,1262,0.0,G
SP_000169,1190,36.0,UG
SP_000169,1260,0.0,G
SP_000169,1095,0.92,MG
SP_000169,1104,155.0,IU
SP_000169,1185,30.5,UG
SP_000169,1101,0.188,MG
SP_000169,1271,0.0,G
SP_000169,1090,27.0,MG
SP_000169,1178,0.0,UG
SP_000169,1014,0.0,G
SP_000169,1292,0.056,G
SP_000169,1266,0.008,G
SP_000169,1110,0.0,IU
SP_000169,1011,0.08,G
SP_000169,1263,0.0,G
SP_000169,1051,92.82,G
SP_000169,1122,0.0,UG
SP_000169,1058,0.0,MG
SP_000169,1018,0.0,G
SP_000169,1114,0.0,UG
SP_000169,1098,0.157,MG
SP_000169,1008,23.0,KCAL
SP_000169,1087,32.0,MG
SP_000169,1108,6.0,UG
SP_000169,1219,0.145,G
SP_000169,1213,0.267,G
SP_000169,1109,0.02,MG
SP_000169,1198,0.4,MG
SP_000169,1270,0.175,G
SP_000169,1253,0.0,MG
SP_000169,1010,0.0,G
SP_000169,1092,79.0,MG
SP_000169,1167,0.481,MG
SP_000169,1089,0.96,MG
SP_000169,1120,6.0,UG
SP_000169,1293,0.409,G
SP_000169,1278,0.0,G
SP_000169,1264,0.002,G
SP_000169,1012,0.12,G
SP_000169,1186,0.0,UG
SP_000169,1268,0.056,G
SP_000169,1246,0.0,UG
SP_000169,1259,0.0,G
SP_000169,2000,0.2,G
SP_000169,1175,0.034,MG
SP_000169,1187,36.0,UG
SP_000169,1103,0.6,UG
SP_000169,1279,0.0,G
SP_000169,1261,0.0,G
SP_000169,1075,0.0,G
SP_000169,1007,0.4,G
SP_000169,1165,0.076,MG
SP_000169,1079,1.9,G
SP_000169,1013,0.0,G
SP_000169,1162,8.2,MG
SP_000169,1276,0.0,G
SP_000169,1272,0.0,G
SP_000169,1107,87.0,UG
SP_000169,1269,0.234,G
SP_000169,1257,0.0,G
SP_000169,1106,8.0,UG
SP_000169,1280,0.0,G
SP_000169,1004,0.69,G
SP_000169,1062,96.0,kJ
SP_000169,1170,0.563,MG
SP_000169,1091,70.0,MG
SP_000169,1003,3.99,G
SP_000169,1005,2.1,G
SP_000169,1265,0.059,G
SP_000169,1057,0.0,MG
SP_000169,1105,0.0,UG
SP_000169,1123,0.0,UG
SP_000169,1177,36.0,UG
SP_000169,1214,0.214,G
SP_000169,1258,0.069,G
SP_000169,1211,0.134,G
SP_000169,1277,0.0,G
SP_000169,1180,14.4,MG
SP_000169,1275,0.0,G
SP_000169,1212,0.143,G
SP_000169,1093,6.0,MG
SP_000170,1018,0.0,G
SP_000170,1268,0.66,G
SP_000170,1280,0.0,G
SP_000170,1293,2.36,G
SP_000170,1106,27.0,UG
SP_000170,1057,0.0,MG
SP_000170,1101,2.943,MG
SP_000170,1292,0.66,G
SP_000170,1091,113.0,MG
SP_000170,1177,36.0,UG
SP_000170,1103,2.7,UG
SP_000170,1092,1044.0,MG
SP_000170,1008,263.0,KCAL
SP_000170,1175,0.21,MG
SP_000170,1105,0.0,UG
SP_000170,1258,2.55,G
SP_000170,1093,77.0,MG
SP_000170,1005,72.12,G
SP_000170,1276,0.0,G
SP_000170,1062,1099.0,kJ
SP_000170,1087,661.0,MG
SP_000170,1166,0.063,MG
SP_000170,1089,7.06,MG
SP_000170,1095,1.01,MG
SP_000170,1098,0.553,MG
SP_000170,1257,0.0,G
SP_000170,1262,0.0,G
SP_000170,1259,0.0,G
SP_000170,1253,0.0,MG
SP_000170,1186,0.0,UG
SP_000170,1269,2.29,G
SP_000170,1114,0.0,UG
SP_000170,1283,61.0,MG
SP_000170,1263,0.0,G
SP_000170,1272,0.0,G
SP_000170,1275,0.0,G
SP_000170,1187,36.0,UG
SP_000170,1004,8.69,G
SP_000170,1278,0.0,G
SP_000170,1261,0.0,G
SP_000170,1270,0.07,G
SP_000170,1051,8.46,G
SP_000170,1277,0.0,G
SP_000170,1266,1.99,G
SP_000170,1007,4.65,G
SP_000170,1190,36.0,UG
SP_000170,1104,540.0,IU
SP_000170,1260,0.0,G
SP_000170,1110,0.0,IU
SP_000170,1162,39.2,MG
SP_000170,1090,135.0,MG
SP_000170,1058,0.0,MG
SP_000170,1264,0.02,G
SP_000170,1265,0.49,G
SP_000170,1165,0.101,MG
SP_000170,1178,0.0,UG
SP_000170,1003,6.09,G
SP_000170,1279,0.0,G
SP_000170,1167,2.86,MG
SP_000170,1271,0.0,G
SP_000170,1079,21.6,G
SP_000171,1269,0.145,G
SP_000171,1190,85.0,UG
SP_000171,1268,0.076,G
SP_000171,1165,0.027,MG
SP_000171,1219,0.137,G
SP_000171,1258,0.091,G
SP_000171,1293,0.147,G
SP_000171,1062,97.0,kJ
SP_000171,1105,0.0,UG
SP_000171,1226,0.121,G
SP_000171,1051,91.69,G
SP_000171,1253,0.0,MG
SP_000171,1211,0.099,G
SP_000171,1225,0.132,G
SP_000171,1101,0.885,MG
SP_000171,1210,0.031,G
SP_000171,1217,0.133,G
SP_000171,1222,0.139,G
SP_000171,1265,0.073,G
SP_000171,1095,0.9,MG
SP_000171,1292,0.076,G
SP_000171,1162,43.3,MG
SP_000171,1224,0.292,G
SP_000171,1166,0.158,MG
SP_000171,1221,0.052,G
SP_000171,1220,0.121,G
SP_000171,1008,23.0,KCAL
SP_000171,1090,55.0,MG
SP_000171,1098,0.162,MG
SP_000171,1212,0.119,G
SP_000171,1266,0.012,G
SP_000171,1167,0.658,MG
SP_000171,1005,4.02,G
SP_000171,1178,0.0,UG
SP_000171,1089,2.32,MG
SP_000171,1106,146.0,UG
SP_000171,1186,0.0,UG
SP_000171,1213,0.195,G
SP_000171,1007,1.5,G
SP_000171,1215,0.036,G
SP_000171,1227,0.111,G
SP_000171,1175,0.192,MG
SP_000171,1216,0.029,G
SP_000171,1093,20.0,MG
SP_000171,1110,0.0,IU
SP_000171,1223,0.229,G
SP_000171,1103,0.9,UG
SP_000171,1257,0.0,G
SP_000171,1214,0.127,G
SP_000171,1091,50.0,MG
SP_000171,1087,215.0,MG
SP_000171,1187,85.0,UG
SP_000171,1003,2.46,G
SP_000171,1270,0.002,G
SP_000171,1185,1140.0,UG
SP_000171,1004,0.33,G
SP_000171,1177,85.0,UG
SP_000171,1170,0.064,MG
SP_000171,1264,0.001,G
SP_000171,1218,0.08,G
SP_000171,1092,611.0,MG
SP_000171,1104,2917.0,IU
SP_000171,1114,0.0,UG
SP_000172,1120,0.0,UG
SP_000172,1092,454.0,MG
SP_000172,1106,1.0,UG
SP_000172,1062,271.0,kJ
SP_000172,1101,0.174,MG
SP_000172,1257,0.0,G
SP_000172,1095,0.63,MG
SP_000172,1008,65.0,KCAL
SP_000172,1004,0.2,G
SP_000172,1165,0.143,MG
SP_000172,1091,98.0,MG
SP_000172,1003,4.24,G
SP_000172,1114,0.0,UG
SP_000172,1187,338.0,UG
SP_000172,1098,0.121,MG
SP_000172,1269,0.074,G
SP_000172,1162,1.9,MG
SP_000172,1107,11.0,UG
SP_000172,1166,0.059,MG
SP_000172,1293,0.092,G
SP_000172,1275,0.0,G
SP_000172,1105,0.0,UG
SP_000172,1186,0.0,UG
SP_000172,1104,19.0,IU
SP_000172,1108,0.0,UG
SP_000172,1253,0.0,MG
SP_000172,1110,0.0,IU
SP_000172,1007,1.42,G
SP_000172,1266,0.002,G
SP_000172,1170,0.292,MG
SP_000172,1190,338.0,UG
SP_000172,1292,0.004,G
SP_000172,1005,13.39,G
SP_000172,1270,0.018,G
SP_000172,1178,0.0,UG
SP_000172,1265,0.035,G
SP_000172,1089,2.22,MG
SP_000172,1079,1.3,G
SP_000172,1177,338.0,UG
SP_000172,1268,0.004,G
SP_000172,1167,1.693,MG
SP_000172,1103,0.7,UG
SP_000172,1090,25.0,MG
SP_000172,1087,6.0,MG
SP_000172,1051,80.75,G
SP_000172,1093,26.0,MG
SP_000172,1264,0.002,G
SP_000172,1175,0.266,MG
SP_000172,1258,0.039,G
SP_000173,1280,0.0,G
SP_000173,1170,0.049,MG
SP_000173,1213,0.019,G
SP_000173,1177,7.0,UG
SP_000173,1075,0.0,G
SP_000173,1276,0.0,G
SP_000173,1008,57.0,KCAL
SP_000173,1221,0.002,G
SP_000173,1242,0.0,MG
SP_000173,1165,0.012,MG
SP_000173,1227,0.015,G
SP_000173,1090,7.0,MG
SP_000173,1014,0.0,G
SP_000173,1270,0.001,G
SP_000173,1226,0.021,G
SP_000173,1180,5.1,MG
SP_000173,1108,1.0,UG
SP_000173,1253,0.0,MG
SP_000173,1259,0.0,G
SP_000173,1272,0.0,G
SP_000173,1257,0.0,G
SP_000173,1130,0.0,MG
SP_000173,1277,0.001,G
SP_000173,1225,0.013,G
SP_000173,1092,116.0,MG
SP_000173,1212,0.011,G
SP_000173,1223,0.105,G
SP_000173,1268,0.081,G
SP_000173,1283,8.0,MG
SP_000173,1079,3.1,G
SP_000173,1263,0.0,G
SP_000173,1187,7.0,UG
SP_000173,1095,0.1,MG
SP_000173,1062,239.0,kJ
SP_000173,1098,0.082,MG
SP_000173,1106,1.0,UG
SP_000173,1125,0.0,MG
SP_000173,1175,0.029,MG
SP_000173,1167,0.161,MG
SP_000173,1011,2.6,G
SP_000173,1292,0.084,G
SP_000173,1109,0.12,MG
SP_000173,1261,0.0,G
SP_000173,1012,6.42,G
SP_000173,1265,0.017,G
SP_000173,1120,2.0,UG
SP_000173,1271,0.0,G
SP_000173,1110,0.0,IU
SP_000173,1018,0.0,G
SP_000173,1214,0.017,G
SP_000173,1104,25.0,IU
SP_000173,1278,0.0,G
SP_000173,1003,0.36,G
SP_000173,1114,0.0,UG
SP_000173,1099,2.2,UG
SP_000173,1105,0.0,UG
SP_000173,1007,0.32,G
SP_000173,1162,4.3,MG
SP_000173,1101,0.048,MG
SP_000173,1216,0.002,G
SP_000173,1128,0.02,MG
SP_000173,1057,0.0,MG
SP_000173,1131,0.0,MG
SP_000173,1220,0.01,G
SP_000173,1058,0.0,MG
SP_000173,1269,0.093,G
SP_000173,1127,0.0,MG
SP_000173,1262,0.0,G
SP_000173,1178,0.0,UG
SP_000173,1123,44.0,UG
SP_000173,1211,0.011,G
SP_000173,1126,0.03,MG
SP_000173,1260,0.0,G
SP_000173,1215,0.002,G
SP_000173,1246,0.0,UG
SP_000173,2000,9.75,G
SP_000173,1293,0.094,G
SP_000173,1258,0.022,G
SP_000173,1093,1.0,MG
SP_000173,1224,0.03,G
SP_000173,1166,0.026,MG
SP_000173,1051,83.96,G
SP_000173,1186,0.0,UG
SP_000173,1107,14.0,UG
SP_000173,1210,0.002,G
SP_000173,1005,15.23,G
SP_000173,1217,0.011,G
SP_000173,1185,4.4,UG
SP_000173,1129,0.0,MG
SP_000173,1190,7.0,UG
SP_000173,1004,0.14,G
SP_000173,1010,0.71,G
SP_000173,1279,0.0,G
SP_000173,1219,0.017,G
SP_000173,1266,0.003,G
SP_000173,1198,0.2,MG
SP_000173,1264,0.0,G
SP_000173,1089,0.18,MG
SP_000173,1275,0.002,G
SP_000173,1184,0.0,UG
SP_000173,1091,12.0,MG
SP_000173,1218,0.002,G
SP_000173,1013,0.0,G
SP_000173,1222,0.014,G
SP_000173,1087,9.0,MG
SP_000173,1103,0.1,UG
SP_000173,1122,0.0,UG
SP_000174,1098,0.19,MG
SP_000174,1277,0.0,G
SP_000174,1175,0.24,MG
SP_000174,1263,0.002,G
SP_000174,1105,0.0,UG
SP_000174,1265,0.051,G
SP_000174,1101,0.262,MG
SP_000174,1180,0.0,MG
SP_000174,1258,0.069,G
SP_000174,1260,0.0,G
SP_000174,2000,3.0,G
SP_000174,1259,0.0,G
SP_000174,1018,0.0,G
SP_000174,1008,27.0,KCAL
SP_000174,1216,0.022,G
SP_000174,1280,0.0,G
SP_000174,1253,0.0,MG
SP_000174,1007,0.9,G
SP_000174,1272,0.0,G
SP_000174,1269,0.114,G
SP_000174,1278,0.0,G
SP_000174,1108,0.0,UG
SP_000174,1109,1.0,MG
SP_000174,1246,0.0,UG
SP_000174,1165,0.15,MG
SP_000174,1090,3.0,MG
SP_000174,1225,0.087,G
SP_000174,1275,0.0,G
SP_000174,1270,0.02,G
SP_000174,1226,0.219,G
SP_000174,1257,0.0,G
SP_000174,1051,91.0,G
SP_000174,1003,2.6,G
SP_000174,1103,0.8,UG
SP_000174,1062,115.0,kJ
SP_000174,1215,0.03,G
SP_000174,1122,0.0,UG
SP_000174,1162,4.0,MG
SP_000174,1110,0.0,IU
SP_000174,1089,0.5,MG
SP_000174,1213,0.14,G
SP_000174,1107,12.0,UG
SP_000174,1185,0.0,UG
SP_000174,1293,0.134,G
SP_000174,1091,59.0,MG
SP_000174,1224,0.248,G
SP_000174,1262,0.0,G
SP_000174,1057,0.0,MG
SP_000174,1221,0.042,G
SP_000174,1186,0.0,UG
SP_000174,1104,20.0,IU
SP_000174,1167,0.6,MG
SP_000174,1222,0.124,G
SP_000174,1178,0.0,UG
SP_000174,1261,0.0,G
SP_000174,1058,0.0,MG
SP_000174,1079,2.2,G
SP_000174,1166,0.07,MG
SP_000174,1279,0.0,G
SP_000174,1095,1.1,MG
SP_000174,1004,0.3,G
SP_000174,1268,0.007,G
SP_000174,1276,0.0,G
SP_000174,1170,0.161,MG
SP_000174,1242,0.0,MG
SP_000174,1123,0.0,UG
SP_000174,1210,0.027,G
SP_000174,1106,1.0,UG
SP_000174,1092,533.0,MG
SP_000174,1087,13.0,MG
SP_000174,1266,0.006,G
SP_000174,1271,0.0,G
SP_000174,1223,0.425,G
SP_000174,1177,7.0,UG
SP_000174,1187,7.0,UG
SP_000174,1212,0.088,G
SP_000174,1283,19.0,MG
SP_000174,1219,0.106,G
SP_000174,1211,0.086,G
SP_000174,1264,0.002,G
SP_000174,1227,0.127,G
SP_000174,1190,7.0,UG
SP_000174,1120,0.0,UG
SP_000174,1220,0.097,G
SP_000174,1005,5.2,G
SP_000174,1292,0.007,G
SP_000174,1214,0.134,G
SP_000174,1093,4.0,MG
SP_000174,1114,0.0,UG
SP_000174,1217,0.09,G
SP_000176,1167,5.95,MG
SP_000176,1101,0.021,MG
SP_000176,1263,0.0,G
SP_000176,1262,0.0,G
SP_000176,1051,70.86,G
SP_000176,1104,398.0,IU
SP_000176,1268,0.684,G
SP_000176,1087,7.0,MG
SP_000176,1217,0.782,G
SP_000176,1090,33.0,MG
SP_000176,1221,0.59,G
SP_000176,1092,372.0,MG
SP_000176,1258,0.915,G
SP_000176,1162,0.0,MG
SP_000176,1079,0.0,G
SP_000176,1089,0.48,MG
SP_000176,1177,2.0,UG
SP_000176,1226,0.709,G
SP_000176,1004,4.24,G
SP_000176,1214,1.84,G
SP_000176,1106,120.0,UG
SP_000176,1003,20.04,G
SP_000176,1265,0.576,G
SP_000176,1091,227.0,MG
SP_000176,1175,0.402,MG
SP_000176,1007,1.04,G
SP_000176,1292,1.793,G
SP_000176,1253,59.0,MG
SP_000176,1227,0.818,G
SP_000176,1264,0.179,G
SP_000176,1178,5.39,UG
SP_000176,1213,1.629,G
SP_000176,1005,0.0,G
SP_000176,1216,0.215,G
SP_000176,1260,0.0,G
SP_000176,1272,0.519,G
SP_000176,1222,1.212,G
SP_000176,1103,36.5,UG
SP_000176,1219,1.032,G
SP_000176,1225,0.962,G
SP_000176,1187,2.0,UG
SP_000176,1186,0.0,UG
SP_000176,1277,0.34,G
SP_000176,1062,519.0,kJ
SP_000176,1095,0.81,MG
SP_000176,1266,0.16,G
SP_000176,1008,124.0,KCAL
SP_000176,1212,0.923,G
SP_000176,1105,120.0,UG
SP_000176,1098,0.053,MG
SP_000176,1293,1.06,G
SP_000176,1210,0.224,G
SP_000176,1278,0.252,G
SP_000176,1276,0.167,G
SP_000176,1261,0.0,G
SP_000176,1211,0.878,G
SP_000176,1190,2.0,UG
SP_000176,1275,0.277,G
SP_000176,1220,1.199,G
SP_000176,1279,0.492,G
SP_000176,1165,0.058,MG
SP_000176,1170,0.828,MG
SP_000176,1215,0.593,G
SP_000176,1223,2.052,G
SP_000176,1271,0.0,G
SP_000176,1270,0.0,G
SP_000176,1018,0.0,G
SP_000176,1166,0.08,MG
SP_000176,1259,0.0,G
SP_000176,1269,0.06,G
SP_000176,1224,2.991,G
SP_000176,1280,0.062,G
SP_000176,1218,0.676,G
SP_000176,1093,60.0,MG
SP_000177,1265,0.58,G
SP_000177,1215,0.53,G
SP_000177,1225,0.981,G
SP_000177,1226,0.816,G
SP_000177,1165,0.39,MG
SP_000177,1224,3.341,G
SP_000177,1223,1.996,G
SP_000177,1051,72.54,G
SP_000177,1211,1.012,G
SP_000177,1219,1.153,G
SP_000177,1268,1.13,G
SP_000177,1275,0.17,G
SP_000177,1103,9.8,UG
SP_000177,1258,0.99,G
SP_000177,1218,0.767,G
SP_000177,1293,0.48,G
SP_000177,1266,0.33,G
SP_000177,1269,0.38,G
SP_000177,1210,0.289,G
SP_000177,1106,0.0,UG
SP_000177,1217,0.86,G
SP_000177,1270,0.02,G
SP_000177,1062,510.0,kJ
SP_000177,1004,3.33,G
SP_000177,1087,12.0,MG
SP_000177,1162,0.0,MG
SP_000177,1091,120.0,MG
SP_000177,1104,0.0,IU
SP_000177,1220,1.493,G
SP_000177,1167,4.0,MG
SP_000177,1271,0.08,G
SP_000177,1166,0.11,MG
SP_000177,1079,0.0,G
SP_000177,1213,1.748,G
SP_000177,1008,122.0,KCAL
SP_000177,1214,2.12,G
SP_000177,1221,1.091,G
SP_000177,1227,0.884,G
SP_000177,1216,0.279,G
SP_000177,1222,1.273,G
SP_000177,1212,1.039,G
SP_000177,1005,0.0,G
SP_000177,1264,0.04,G
SP_000177,1007,0.97,G
SP_000177,1292,1.3,G
SP_000177,1003,21.51,G
SP_000177,1105,0.0,UG
SP_000179,1125,0.01,MG
SP_000179,1104,2622.0,IU
SP_000179,1274,0.0,G
SP_000179,1190,83.0,UG
SP_000179,1167,1.221,MG
SP_000179,1261,0.0,G
SP_000179,1217,0.128,G
SP_000179,1107,1573.0,UG
SP_000179,1166,0.129,MG
SP_000179,1187,83.0,UG
SP_000179,1185,224.0,UG
SP_000179,1264,0.0,G
SP_000179,1242,0.0,MG
SP_000179,1275,0.0,G
SP_000179,1170,0.322,MG
SP_000179,1258,0.083,G
SP_000179,1122,0.0,UG
SP_000179,1008,22.0,KCAL
SP_000179,1092,196.0,MG
SP_000179,1263,0.0,G
SP_000179,1224,0.549,G
SP_000179,1178,0.0,UG
SP_000179,1269,0.029,G
SP_000179,1313,0.0,G
SP_000179,1257,0.0,G
SP_000179,1325,0.0,G
SP_000179,1079,2.7,G
SP_000179,2000,0.38,G
SP_000179,1180,18.3,MG
SP_000179,1105,0.0,UG
SP_000179,1057,0.0,MG
SP_000179,1123,1121.0,UG
SP_000179,1005,2.85,G
SP_000179,1265,0.073,G
SP_000179,1268,0.015,G
SP_000179,1014,0.0,G
SP_000179,1184,0.0,UG
SP_000179,1128,0.0,MG
SP_000179,1095,0.77,MG
SP_000179,1091,73.0,MG
SP_000179,1271,0.0,G
SP_000179,1277,0.0,G
SP_000179,1007,0.93,G
SP_000179,1253,0.0,MG
SP_000179,1222,0.124,G
SP_000179,1333,0.0,G
SP_000179,1211,0.106,G
SP_000179,1101,0.395,MG
SP_000179,1110,0.0,IU
SP_000179,1272,0.0,G
SP_000179,1213,0.17,G
SP_000179,1223,0.36,G
SP_000179,1225,0.123,G
SP_000179,1292,0.044,G
SP_000179,1293,0.218,G
SP_000179,1011,0.1,G
SP_000179,1219,0.153,G
SP_000179,1260,0.0,G
SP_000179,1266,0.011,G
SP_000179,1062,92.0,kJ
SP_000179,1012,0.17,G
SP_000179,1165,0.162,MG
SP_000179,1299,0.0,G
SP_000179,1090,22.0,MG
SP_000179,1051,92.55,G
SP_000179,1075,0.0,G
SP_000179,1177,83.0,UG
SP_000179,1301,0.0,G
SP_000179,1216,0.039,G
SP_000179,1212,0.104,G
SP_000179,1227,0.099,G
SP_000179,1273,0.0,G
SP_000179,1109,1.62,MG
SP_000179,1098,0.042,MG
SP_000179,1010,0.11,G
SP_000179,1214,0.198,G
SP_000179,1126,0.16,MG
SP_000179,1004,0.49,G
SP_000179,1108,0.0,UG
SP_000179,1278,0.0,G
SP_000179,1220,0.172,G
SP_000179,1114,0.0,UG
SP_000179,1106,131.0,UG
SP_000179,1003,3.17,G
SP_000179,1280,0.0,G
SP_000179,1089,2.14,MG
SP_000179,1129,0.0,MG
SP_000179,1127,0.0,MG
SP_000179,1018,0.0,G
SP_000179,1087,108.0,MG
SP_000179,1013,0.0,G
SP_000179,1210,0.043,G
SP_000179,1246,0.0,UG
SP_000179,1130,0.0,MG
SP_000179,1093,33.0,MG
SP_000179,1218,0.075,G
SP_000179,1120,0.0,UG
SP_000179,1267,0.0,G
SP_000179,1162,20.2,MG
SP_000179,1198,0.3,MG
SP_000179,1221,0.066,G
SP_000179,1103,1.0,UG
SP_000179,1300,0.0,G
SP_000179,1226,0.131,G
SP_000179,1131,0.0,MG
SP_000179,1279,0.0,G
SP_000179,1058,0.0,MG
SP_000179,1215,0.048,G
SP_000179,1276,0.0,G
SP_000179,1259,0.0,G
SP_000179,1270,0.189,G
SP_000179,1262,0.0,G
SP_000179,1186,0.0,UG
SP_000179,1175,0.171,MG
SP_000179,1323,0.029,G
SP_000182,1014,0.0,G
SP_000182,1263,0.0,G
SP_000182,1167,1.2,MG
SP_000182,1211,0.03,G
SP_000182,1170,0.4,MG
SP_000182,1280,0.0,G
SP_000182,1101,0.202,MG
SP_000182,1007,0.8,G
SP_000182,1279,0.0,G
SP_000182,1123,0.0,UG
SP_000182,1220,0.056,G
SP_000182,1005,11.69,G
SP_000182,1175,0.154,MG
SP_000182,1122,0.0,UG
SP_000182,1276,0.0,G
SP_000182,1105,0.0,UG
SP_000182,1219,0.043,G
SP_000182,1222,0.042,G
SP_000182,1269,0.016,G
SP_000182,1212,0.039,G
SP_000182,1098,0.072,MG
SP_000182,1277,0.0,G
SP_000182,1257,0.0,G
SP_000182,1013,0.0,G
SP_000182,1012,0.99,G
SP_000182,1264,0.0,G
SP_000182,1008,45.0,KCAL
SP_000182,1293,0.042,G
SP_000182,1226,0.036,G
SP_000182,1190,27.0,UG
SP_000182,1110,0.0,IU
SP_000182,1177,27.0,UG
SP_000182,1213,0.057,G
SP_000182,1166,0.02,MG
SP_000182,1186,0.0,UG
SP_000182,1185,1.1,UG
SP_000182,1165,0.1,MG
SP_000182,1268,0.007,G
SP_000182,1087,48.0,MG
SP_000182,1272,0.0,G
SP_000182,1079,2.0,G
SP_000182,1010,0.22,G
SP_000182,1218,0.034,G
SP_000182,1092,352.0,MG
SP_000182,1103,0.5,UG
SP_000182,1215,0.012,G
SP_000182,1217,0.039,G
SP_000182,1104,10630.0,IU
SP_000182,1214,0.037,G
SP_000182,1216,0.009,G
SP_000182,1210,0.014,G
SP_000182,1259,0.0,G
SP_000182,1227,0.039,G
SP_000182,1223,0.107,G
SP_000182,1271,0.0,G
SP_000182,1114,0.0,UG
SP_000182,1106,532.0,UG
SP_000182,1225,0.037,G
SP_000182,1091,33.0,MG
SP_000182,1058,0.0,MG
SP_000182,1003,1.0,G
SP_000182,1095,0.15,MG
SP_000182,1108,834.0,UG
SP_000182,1090,34.0,MG
SP_000182,1266,0.002,G
SP_000182,1075,0.0,G
SP_000182,1051,86.41,G
SP_000182,1224,0.175,G
SP_000182,1011,0.99,G
SP_000182,2000,2.2,G
SP_000182,1178,0.0,UG
SP_000182,1221,0.019,G
SP_000182,1260,0.0,G
SP_000182,1057,0.0,MG
SP_000182,1265,0.018,G
SP_000182,1109,1.44,MG
SP_000182,1253,0.0,MG
SP_000182,1162,21.0,MG
SP_000182,1004,0.1,G
SP_000182,1093,4.0,MG
SP_000182,1120,3471.0,UG
SP_000182,1292,0.007,G
SP_000182,1278,0.0,G
SP_000182,1258,0.021,G
SP_000182,1107,4226.0,UG
SP_000182,1089,0.7,MG
SP_000182,1270,0.026,G
SP_000182,1261,0.0,G
SP_000182,1187,27.0,UG
SP_000182,1275,0.0,G
SP_000182,1262,0.0,G
SP_000182,1062,188.0,kJ
SP_000182,1018,0.0,G
SP_000183,1293,0.041,G
SP_000183,1062,71.0,kJ
SP_000183,1098,0.231,MG
SP_000183,1266,0.002,G
SP_000183,1253,0.0,MG
SP_000183,1101,0.256,MG
SP_000183,1007,1.13,G
SP_000183,1292,0.018,G
SP_000183,1167,0.3,MG
SP_000183,1268,0.018,G
SP_000183,1175,0.116,MG
SP_000183,1092,400.0,MG
SP_000183,1257,0.0,G
SP_000183,1003,0.7,G
SP_000183,1190,68.0,UG
SP_000183,1090,42.0,MG
SP_000183,1103,0.2,UG
SP_000183,1051,94.0,G
SP_000183,1178,0.0,UG
SP_000183,1177,68.0,UG
SP_000183,1186,0.0,UG
SP_000183,1089,0.7,MG
SP_000183,1079,1.6,G
SP_000183,1105,0.0,UG
SP_000183,1258,0.011,G
SP_000183,1095,0.17,MG
SP_000183,1269,0.041,G
SP_000183,1187,68.0,UG
SP_000183,1004,0.1,G
SP_000183,1265,0.009,G
SP_000183,1170,0.338,MG
SP_000183,1104,0.0,IU
SP_000183,1114,0.0,UG
SP_000183,1275,0.0,G
SP_000183,1005,4.07,G
SP_000183,1162,2.0,MG
SP_000183,1165,0.02,MG
SP_000183,1091,23.0,MG
SP_000183,1110,0.0,IU
SP_000183,1166,0.03,MG
SP_000183,1093,170.0,MG
SP_000183,1008,17.0,KCAL
SP_000183,1277,0.0,G
SP_000183,1106,0.0,UG
SP_000183,1087,70.0,MG
SP_000184,1265,0.069,G
SP_000184,1079,1.8,G
SP_000184,1104,13.0,IU
SP_000184,1167,0.854,MG
SP_000184,1175,0.088,MG
SP_000184,1276,0.0,G
SP_000184,1101,0.384,MG
SP_000184,1210,0.019,G
SP_000184,1280,0.0,G
SP_000184,1211,0.028,G
SP_000184,1108,0.0,UG
SP_000184,1216,0.028,G
SP_000184,1107,8.0,UG
SP_000184,1219,0.035,G
SP_000184,1109,0.19,MG
SP_000184,1165,0.087,MG
SP_000184,1186,0.0,UG
SP_000184,1260,0.0,G
SP_000184,1263,0.001,G
SP_000184,1223,0.079,G
SP_000184,1277,0.0,G
SP_000184,1253,0.0,MG
SP_000184,1178,0.0,UG
SP_000184,1089,0.27,MG
SP_000184,1093,14.0,MG
SP_000184,1090,21.0,MG
SP_000184,1261,0.0,G
SP_000184,1221,0.02,G
SP_000184,1264,0.0,G
SP_000184,1170,0.107,MG
SP_000184,1258,0.074,G
SP_000184,1292,0.075,G
SP_000184,1269,0.032,G
SP_000184,1278,0.0,G
SP_000184,2000,1.7,G
SP_000184,1270,0.017,G
SP_000184,1105,0.0,UG
SP_000184,1003,1.36,G
SP_000184,1187,27.0,UG
SP_000184,1271,0.0,G
SP_000184,1215,0.011,G
SP_000184,1180,23.7,MG
SP_000184,1177,27.0,UG
SP_000184,1266,0.005,G
SP_000184,1259,0.0,G
SP_000184,1122,0.0,UG
SP_000184,1057,0.0,MG
SP_000184,1213,0.039,G
SP_000184,1007,0.62,G
SP_000184,1120,0.0,UG
SP_000184,1218,0.017,G
SP_000184,1224,0.206,G
SP_000184,1106,1.0,UG
SP_000184,1272,0.0,G
SP_000184,1091,27.0,MG
SP_000184,1275,0.0,G
SP_000184,1051,59.68,G
SP_000184,1185,1.9,UG
SP_000184,1008,160.0,KCAL
SP_000184,1226,0.033,G
SP_000184,1087,16.0,MG
SP_000184,1062,667.0,kJ
SP_000184,1214,0.044,G
SP_000184,1225,0.028,G
SP_000184,1217,0.026,G
SP_000184,1198,0.4,MG
SP_000184,1114,0.0,UG
SP_000184,1262,0.0,G
SP_000184,1212,0.027,G
SP_000184,1227,0.033,G
SP_000184,1257,0.0,G
SP_000184,1293,0.048,G
SP_000184,1110,0.0,IU
SP_000184,1092,271.0,MG
SP_000184,1058,0.0,MG
SP_000184,1190,27.0,UG
SP_000184,1018,0.0,G
SP_000184,1005,38.06,G
SP_000184,1268,0.075,G
SP_000184,1279,0.0,G
SP_000184,1103,0.7,UG
SP_000184,1166,0.048,MG
SP_000184,1095,0.34,MG
SP_000184,1004,0.28,G
SP_000184,1220,0.137,G
SP_000184,1242,0.0,MG
SP_000184,1098,0.1,MG
SP_000184,1222,0.038,G
SP_000184,1246,0.0,UG
SP_000184,1162,20.6,MG
SP_000184,1123,0.0,UG
SP_000185,1105,0.0,UG
SP_000185,1221,0.015,G
SP_000185,1258,0.028,G
SP_000185,1263,0.0,G
SP_000185,1259,0.0,G
SP_000185,1062,80.0,kJ
SP_000185,1222,0.051,G
SP_000185,1007,0.3,G
SP_000185,1272,0.0,G
SP_000185,1107,0.0,UG
SP_000185,1180,9.2,MG
SP_000185,1162,7.7,MG
SP_000185,1079,1.7,G
SP_000185,1110,0.0,IU
SP_000185,1265,0.024,G
SP_000185,1178,0.0,UG
SP_000185,1190,93.0,UG
SP_000185,1166,0.029,MG
SP_000185,1214,0.039,G
SP_000185,1003,0.82,G
SP_000185,1277,0.0,G
SP_000185,1292,0.01,G
SP_000185,1224,0.125,G
SP_000185,1101,0.189,MG
SP_000185,1276,0.0,G
SP_000185,1269,0.021,G
SP_000185,1057,0.0,MG
SP_000185,1018,0.0,G
SP_000185,1051,94.24,G
SP_000185,1270,0.036,G
SP_000185,1090,12.0,MG
SP_000185,1268,0.009,G
SP_000185,1220,0.035,G
SP_000185,1219,0.063,G
SP_000185,1271,0.0,G
SP_000185,1005,4.51,G
SP_000185,1246,0.0,UG
SP_000185,1253,0.0,MG
SP_000185,1187,93.0,UG
SP_000185,1217,0.047,G
SP_000185,1108,0.0,UG
SP_000185,1227,0.047,G
SP_000185,1226,0.044,G
SP_000185,1008,19.0,KCAL
SP_000185,1223,0.092,G
SP_000185,1165,0.025,MG
SP_000185,1225,0.041,G
SP_000185,1279,0.0,G
SP_000185,1260,0.0,G
SP_000185,1218,0.032,G
SP_000185,1262,0.0,G
SP_000185,1261,0.0,G
SP_000185,1264,0.0,G
SP_000185,1087,17.0,MG
SP_000185,1098,0.123,MG
SP_000185,1215,0.001,G
SP_000185,1058,0.0,MG
SP_000185,1210,0.011,G
SP_000185,1123,0.0,UG
SP_000185,1177,93.0,UG
SP_000185,1186,0.0,UG
SP_000185,1170,0.249,MG
SP_000185,1257,0.0,G
SP_000185,1167,0.47,MG
SP_000185,1109,0.12,MG
SP_000185,1213,0.077,G
SP_000185,1266,0.003,G
SP_000185,1120,0.0,UG
SP_000185,1004,0.13,G
SP_000185,1280,0.0,G
SP_000185,2000,1.66,G
SP_000185,1211,0.04,G
SP_000185,1114,0.0,UG
SP_000185,1278,0.0,G
SP_000185,1093,2.0,MG
SP_000185,1095,0.74,MG
SP_000185,1106,0.0,UG
SP_000185,1185,4.1,UG
SP_000185,1293,0.057,G
SP_000185,1122,0.0,UG
SP_000185,1103,0.2,UG
SP_000185,1092,125.0,MG
SP_000185,1091,18.0,MG
SP_000185,1275,0.0,G
SP_000185,1104,0.0,IU
SP_000185,1242,0.0,MG
SP_000185,1089,0.34,MG
SP_000185,1212,0.044,G
SP_000185,1175,0.076,MG
SP_000186,1279,0.0,G
SP_000186,1275,0.028,G
SP_000186,1014,0.0,G
SP_000186,1126,0.01,MG
SP_000186,1266,0.05,G
SP_000186,1258,0.233,G
SP_000186,1223,0.105,G
SP_000186,1268,0.021,G
SP_000186,1317,0.0,G
SP_000186,1313,0.0,G
SP_000186,1261,0.0,G
SP_000186,1213,0.063,G
SP_000186,1092,287.0,MG
SP_000186,1264,0.012,G
SP_000186,1211,0.052,G
SP_000186,1095,0.16,MG
SP_000186,1411,0.0,G
SP_000186,1166,0.131,MG
SP_000186,1187,23.0,UG
SP_000186,1129,0.01,MG
SP_000186,1210,0.031,G
SP_000186,1062,313.0,kJ
SP_000186,1214,0.042,G
SP_000186,1277,0.0,G
SP_000186,1009,0.0,G
SP_000186,1051,79.39,G
SP_000186,1316,0.028,G
SP_000186,1219,0.063,G
SP_000186,1175,0.257,MG
SP_000186,1265,0.104,G
SP_000186,1263,0.005,G
SP_000186,1276,0.0,G
SP_000186,1321,0.0,G
SP_000186,1262,0.045,G
SP_000186,1125,0.0,MG
SP_000186,1220,0.031,G
SP_000186,1130,0.03,MG
SP_000186,1003,1.57,G
SP_000186,1090,17.0,MG
SP_000186,1267,0.005,G
SP_000186,1089,0.27,MG
SP_000186,1106,0.0,UG
SP_000186,1165,0.101,MG
SP_000186,1280,0.0,G
SP_000186,1093,7.0,MG
SP_000186,1010,0.66,G
SP_000186,1257,0.0,G
SP_000186,1012,6.28,G
SP_000186,1293,0.188,G
SP_000186,1186,0.0,UG
SP_000186,1270,0.159,G
SP_000186,1178,0.0,UG
SP_000186,1300,0.005,G
SP_000186,1331,0.0,G
SP_000186,1127,0.0,MG
SP_000186,1315,0.021,G
SP_000186,1190,23.0,UG
SP_000186,1011,5.93,G
SP_000186,1314,0.028,G
SP_000186,1215,0.021,G
SP_000186,1311,0.0,G
SP_000186,1305,0.0,G
SP_000186,1108,0.0,UG
SP_000186,1406,0.0,G
SP_000186,1221,0.021,G
SP_000186,1329,0.0,G
SP_000186,1120,1.0,UG
SP_000186,1091,26.0,MG
SP_000186,1079,3.0,G
SP_000186,1098,0.069,MG
SP_000186,1304,0.0,G
SP_000186,2000,12.87,G
SP_000186,1224,0.199,G
SP_000186,1303,0.0,G
SP_000186,1104,5.0,IU
SP_000186,1271,0.0,G
SP_000186,1273,0.002,G
SP_000186,1274,0.005,G
SP_000186,1170,0.345,MG
SP_000186,1167,0.644,MG
SP_000186,1278,0.0,G
SP_000186,1404,0.159,G
SP_000186,1087,10.0,MG
SP_000186,1004,0.68,G
SP_000186,1325,0.0,G
SP_000186,1122,0.0,UG
SP_000186,1101,0.093,MG
SP_000186,1272,0.0,G
SP_000186,1008,75.0,KCAL
SP_000186,1075,0.0,G
SP_000186,1007,0.65,G
SP_000186,1333,0.0,G
SP_000186,1292,0.055,G
SP_000186,1216,0.01,G
SP_000186,1131,0.05,MG
SP_000186,1107,2.0,UG
SP_000186,1005,17.71,G
SP_000186,1105,0.0,UG
SP_000186,1013,0.0,G
SP_000186,1227,0.063,G
SP_000186,1323,0.0,G
SP_000186,1222,0.063,G
SP_000186,1253,0.0,MG
SP_000186,1128,0.0,MG
SP_000186,1299,0.0,G
SP_000186,1306,0.0,G
SP_000186,1218,0.031,G
SP_000186,1217,0.042,G
SP_000186,1312,0.0,G
SP_000186,1405,0.0,G
SP_000186,1226,0.157,G
SP_000186,1269,0.028,G
SP_000186,1109,0.27,MG
SP_000186,1177,23.0,UG
SP_000186,1162,12.6,MG
SP_000186,1123,6.0,UG
SP_000186,1301,0.005,G
SP_000186,1212,0.042,G
SP_000186,1225,0.052,G
SP_000187,1095,8.8,MG
SP_000187,1004,3.9,G
SP_000187,1101,2.1,MG
SP_000187,1110,0.0,IU
SP_000187,1278,0.0,G
SP_000187,1091,450.0,MG
SP_000187,1280,0.0,G
SP_000187,1162,50.0,MG
SP_000187,1265,0.169,G
SP_000187,1260,0.0,G
SP_000187,1098,0.44,MG
SP_000187,1105,0.0,UG
SP_000187,1275,0.0,G
SP_000187,1018,0.0,G
SP_000187,1268,1.399,G
SP_000187,1089,31.95,MG
SP_000187,1003,23.2,G
SP_000187,1175,0.93,MG
SP_000187,1279,0.0,G
SP_000187,1292,1.399,G
SP_000187,1106,293.0,UG
SP_000187,1186,0.0,UG
SP_000187,1253,0.0,MG
SP_000187,1187,274.0,UG
SP_000187,1264,0.0,G
SP_000187,1090,130.0,MG
SP_000187,1270,0.0,G
SP_000187,1263,0.0,G
SP_000187,1293,1.8,G
SP_000187,1261,0.0,G
SP_000187,1057,0.0,MG
SP_000187,1269,1.8,G
SP_000187,1166,0.68,MG
SP_000187,1262,0.0,G
SP_000187,1177,274.0,UG
SP_000187,1178,0.0,UG
SP_000187,1103,29.3,UG
SP_000187,1165,0.38,MG
SP_000187,1062,990.0,kJ
SP_000187,1005,49.1,G
SP_000187,1258,0.169,G
SP_000187,1104,5850.0,IU
SP_000187,1051,7.2,G
SP_000187,1259,0.0,G
SP_000187,1058,0.0,MG
SP_000187,1114,0.0,UG
SP_000187,1008,237.0,KCAL
SP_000187,1079,11.3,G
SP_000187,1092,4740.0,MG
SP_000187,1167,5.4,MG
SP_000187,1277,0.0,G
SP_000187,1276,0.0,G
SP_000187,1093,83.0,MG
SP_000187,1272,0.0,G
SP_000187,1266,0.0,G
SP_000187,1007,16.6,G
SP_000187,1257,0.0,G
SP_000187,1190,274.0,UG
SP_000187,1087,1346.0,MG
SP_000187,1271,0.0,G
SP_000188,1299,0.03,G
SP_000188,1216,0.407,G
SP_000188,1267,0.093,G
SP_000188,1003,16.54,G
SP_000188,1220,2.143,G
SP_000188,1265,2.17,G
SP_000188,1089,7.72,MG
SP_000188,1093,16.0,MG
SP_000188,1187,49.0,UG
SP_000188,1005,42.12,G
SP_000188,1087,631.0,MG
SP_000188,1211,0.709,G
SP_000188,1178,0.0,UG
SP_000188,1274,0.03,G
SP_000188,1090,335.0,MG
SP_000188,1253,0.0,MG
SP_000188,1008,486.0,KCAL
SP_000188,1277,0.046,G
SP_000188,1091,860.0,MG
SP_000188,1222,1.044,G
SP_000188,1224,3.5,G
SP_000188,1103,55.2,UG
SP_000188,1268,2.203,G
SP_000188,1079,34.4,G
SP_000188,1264,0.03,G
SP_000188,1101,2.723,MG
SP_000188,1293,23.665,G
SP_000188,1223,1.689,G
SP_000188,1404,17.83,G
SP_000188,1162,1.6,MG
SP_000188,1266,0.912,G
SP_000188,1092,407.0,MG
SP_000188,1062,2034.0,kJ
SP_000188,1225,0.943,G
SP_000188,1166,0.17,MG
SP_000188,1095,4.58,MG
SP_000188,1051,5.8,G
SP_000188,1323,0.0,G
SP_000188,1007,4.8,G
SP_000188,1292,2.309,G
SP_000188,1273,0.032,G
SP_000188,1221,0.531,G
SP_000188,1177,49.0,UG
SP_000188,1004,30.74,G
SP_000188,1300,0.063,G
SP_000188,1270,17.83,G
SP_000188,1210,0.436,G
SP_000188,1213,1.371,G
SP_000188,1214,0.97,G
SP_000188,1098,0.924,MG
SP_000188,1258,3.33,G
SP_000188,1109,0.5,MG
SP_000188,1218,0.563,G
SP_000188,1227,1.049,G
SP_000188,1212,0.801,G
SP_000188,1226,0.776,G
SP_000188,1215,0.588,G
SP_000188,1165,0.62,MG
SP_000188,1269,5.835,G
SP_000188,1219,0.95,G
SP_000188,1275,0.029,G
SP_000188,1316,5.835,G
SP_000188,1104,54.0,IU
SP_000188,1257,0.14,G
SP_000188,1217,1.016,G
SP_000188,1167,8.83,MG
SP_000189,1079,0.0,G
SP_000189,1262,0.017,G
SP_000189,1278,0.003,G
SP_000189,1301,0.0,G
SP_000189,1214,2.163,G
SP_000189,1003,22.5,G
SP_000189,1313,0.006,G
SP_000189,1305,0.0,G
SP_000189,1323,0.002,G
SP_000189,1293,0.424,G
SP_000189,1184,0.0,UG
SP_000189,1292,0.689,G
SP_000189,1404,0.013,G
SP_000189,1106,9.0,UG
SP_000189,1222,1.313,G
SP_000189,1224,3.333,G
SP_000189,1005,0.0,G
SP_000189,1185,0.0,UG
SP_000189,1276,0.0,G
SP_000189,1058,0.0,MG
SP_000189,1272,0.004,G
SP_000189,1219,1.165,G
SP_000189,1409,0.0,G
SP_000189,1110,1.0,IU
SP_000189,1120,0.0,UG
SP_000189,1167,9.6,MG
SP_000189,1269,0.319,G
SP_000189,1215,0.585,G
SP_000189,1107,0.0,UG
SP_000189,1271,0.048,G
SP_000189,1274,0.003,G
SP_000189,1280,0.006,G
SP_000189,1246,0.0,UG
SP_000189,1317,0.0,G
SP_000189,1125,0.0,MG
SP_000189,1162,0.0,MG
SP_000189,1405,0.0,G
SP_000189,1260,0.0,G
SP_000189,1165,0.094,MG
SP_000189,1090,28.0,MG
SP_000189,1166,0.177,MG
SP_000189,1225,0.996,G
SP_000189,1242,0.0,MG
SP_000189,1220,1.521,G
SP_000189,1051,73.9,G
SP_000189,1087,5.0,MG
SP_000189,1211,1.009,G
SP_000189,1299,0.003,G
SP_000189,1333,0.0,G
SP_000189,1258,0.563,G
SP_000189,1329,0.006,G
SP_000189,1114,0.0,UG
SP_000189,1128,0.0,MG
SP_000189,1315,0.583,G
SP_000189,1178,0.21,UG
SP_000189,1304,0.006,G
SP_000189,1190,9.0,UG
SP_000189,1109,0.56,MG
SP_000189,1112,0.0,UG
SP_000189,1331,0.001,G
SP_000189,1210,0.283,G
SP_000189,1175,0.811,MG
SP_000189,1311,0.001,G
SP_000189,1266,0.129,G
SP_000189,1089,0.37,MG
SP_000189,1265,0.393,G
SP_000189,1187,9.0,UG
SP_000189,1008,120.0,KCAL
SP_000189,1104,30.0,IU
SP_000189,1264,0.011,G
SP_000189,1273,0.003,G
SP_000189,1103,22.8,UG
SP_000189,1105,9.0,UG
SP_000189,1004,2.62,G
SP_000189,1095,0.68,MG
SP_000189,1259,0.0,G
SP_000189,1261,0.0,G
SP_000189,1126,0.09,MG
SP_000189,1411,0.013,G
SP_000189,1108,0.0,UG
SP_000189,1123,0.0,UG
SP_000189,1216,0.236,G
SP_000189,1226,0.715,G
SP_000189,1091,213.0,MG
SP_000189,1267,0.001,G
SP_000189,1213,1.861,G
SP_000189,1275,0.083,G
SP_000189,1057,0.0,MG
SP_000189,1270,0.013,G
SP_000189,2000,0.0,G
SP_000189,1183,8.4,UG
SP_000189,1218,0.81,G
SP_000189,1127,0.0,MG
SP_000189,1227,0.858,G
SP_000189,1131,0.0,MG
SP_000189,1018,0.0,G
SP_000189,1312,0.0,G
SP_000189,1257,0.007,G
SP_000189,1406,0.012,G
SP_000189,1129,0.0,MG
SP_000189,1198,7.0,MG
SP_000189,1093,45.0,MG
SP_000189,1098,0.037,MG
SP_000189,1314,0.083,G
SP_000189,1221,0.839,G
SP_000189,1180,82.1,MG
SP_000189,1212,1.104,G
SP_000189,1253,73.0,MG
SP_000189,1325,0.012,G
SP_000189,1277,0.01,G
SP_000189,1303,0.0,G
SP_000189,1316,0.317,G
SP_000189,1223,2.116,G
SP_000189,1007,1.13,G
SP_000189,1101,0.011,MG
SP_000189,1170,1.495,MG
SP_000189,1268,0.59,G
SP_000189,1217,0.908,G
SP_000189,1130,0.0,MG
SP_000189,1306,0.001,G
SP_000189,1321,0.0,G
SP_000189,1300,0.003,G
SP_000189,1279,0.0,G
SP_000189,1263,0.004,G
SP_000189,1177,9.0,UG
SP_000189,1062,501.0,kJ
SP_000189,1092,334.0,MG
SP_000189,1186,0.0,UG
SP_000189,1122,0.0,UG
SP_000190,1093,36.0,MG
SP_000190,1089,0.69,MG
SP_000190,1087,46.0,MG
SP_000190,1214,0.135,G
SP_000190,1221,0.059,G
SP_000190,1129,0.0,MG
SP_000190,1085,0.07,G
SP_000190,1120,0.0,UG
SP_000190,1117,0.0,UG
SP_000190,1002,0.41,G
SP_000190,1103,1.6,UG
SP_000190,1313,0.0,G
SP_000190,1292,0.011,G
SP_000190,1217,0.117,G
SP_000190,1095,0.42,MG
SP_000190,1265,0.029,G
SP_000190,1325,0.0,G
SP_000190,1271,0.0,G
SP_000190,1300,0.0,G
SP_000190,1218,0.05,G
SP_000190,1213,0.129,G
SP_000190,1185,102.0,UG
SP_000190,1212,0.079,G
SP_000190,1084,2.4,G
SP_000190,1268,0.01,G
SP_000190,1051,90.0,G
SP_000190,2016,0.017,G
SP_000190,1165,0.077,MG
SP_000190,1009,0.0,G
SP_000190,1162,91.3,MG
SP_000190,1128,0.01,MG
SP_000190,1011,0.58,G
SP_000190,1270,0.021,G
SP_000190,1299,0.0,G
SP_000190,1079,2.4,G
SP_000190,1220,0.191,G
SP_000190,1263,0.0,G
SP_000190,1005,6.27,G
SP_000190,1004,0.34,G
SP_000190,1091,67.0,MG
SP_000190,1277,0.0,G
SP_000190,1130,0.0,MG
SP_000190,1063,1.4,G
SP_000190,2022,0.0,G
SP_000190,1050,3.8,G
SP_000190,1106,8.0,UG
SP_000190,1321,0.0,G
SP_000190,1258,0.039,G
SP_000190,1219,0.125,G
SP_000190,1215,0.038,G
SP_000190,1225,0.089,G
SP_000190,1014,0.0,G
SP_000190,1333,0.0,G
SP_000190,1075,0.0,G
SP_000190,1082,0.0,G
SP_000190,1175,0.191,MG
SP_000190,1184,0.0,UG
SP_000190,1262,0.0,G
SP_000190,1090,21.0,MG
SP_000190,1216,0.028,G
SP_000190,1166,0.114,MG
SP_000190,1273,0.002,G
SP_000190,2018,0.0,G
SP_000190,1315,0.01,G
SP_000190,1269,0.017,G
SP_000190,1013,0.0,G
SP_000190,1098,0.059,MG
SP_000190,1092,303.0,MG
SP_000190,1062,132.0,kJ
SP_000190,1008,31.0,KCAL
SP_000190,2010,0.001,G
SP_000190,1109,0.15,MG
SP_000190,1177,65.0,UG
SP_000190,1131,0.0,MG
SP_000190,1010,0.01,G
SP_000190,1126,0.04,MG
SP_000190,1127,0.0,MG
SP_000190,1267,0.002,G
SP_000190,1003,2.57,G
SP_000190,1007,0.83,G
SP_000190,1227,0.121,G
SP_000190,1223,0.325,G
SP_000190,1226,0.11,G
SP_000190,1167,0.639,MG
SP_000190,1170,0.61,MG
SP_000190,1314,0.0,G
SP_000190,1210,0.033,G
SP_000190,1125,0.0,MG
SP_000190,1108,0.0,UG
SP_000190,1293,0.017,G
SP_000190,2020,0.0,G
SP_000190,1101,0.197,MG
SP_000190,2026,0.0,G
SP_000190,1122,0.0,UG
SP_000190,1116,0.0,UG
SP_000190,1266,0.006,G
SP_000190,1012,0.82,G
SP_000190,1222,0.104,G
SP_000190,1211,0.088,G
SP_000190,1107,93.0,UG
SP_000190,1261,0.0,G
SP_000190,1323,0.001,G
SP_000190,1264,0.001,G
SP_000190,1224,0.542,G
SP_000190,2009,0.0,G
SP_000190,1123,745.0,UG
SP_000190,2012,0.0,G
SP_000190,2047,39.0,KCAL
SP_000190,2048,32.0,KCAL
SP_000191,1190,68.0,UG
SP_000191,1211,0.167,G
SP_000191,1218,0.125,G
SP_000191,1004,1.11,G
SP_000191,1090,84.0,MG
SP_000191,1269,0.258,G
SP_000191,1219,0.22,G
SP_000191,1215,0.101,G
SP_000191,1220,0.43,G
SP_000191,1293,0.288,G
SP_000191,1162,36.0,MG
SP_000191,1226,0.162,G
SP_000191,1268,0.559,G
SP_000191,1221,0.121,G
SP_000191,1223,0.852,G
SP_000191,1101,1.601,MG
SP_000191,1178,0.0,UG
SP_000191,1270,0.028,G
SP_000191,1177,68.0,UG
SP_000191,1212,0.157,G
SP_000191,1008,224.0,KCAL
SP_000191,1106,10.0,UG
SP_000191,1114,0.0,UG
SP_000191,1170,0.555,MG
SP_000191,1095,0.87,MG
SP_000191,1258,0.164,G
SP_000191,1187,68.0,UG
SP_000191,1222,0.2,G
SP_000191,1091,96.0,MG
SP_000191,1092,447.0,MG
SP_000191,1165,0.16,MG
SP_000191,1005,49.07,G
SP_000191,1277,0.01,G
SP_000191,1275,0.008,G
SP_000191,1265,0.151,G
SP_000191,1089,1.41,MG
SP_000191,1104,202.0,IU
SP_000191,1214,0.228,G
SP_000191,1087,18.0,MG
SP_000191,1224,0.537,G
SP_000191,1210,0.049,G
SP_000191,1167,0.8,MG
SP_000191,1266,0.011,G
SP_000191,1217,0.19,G
SP_000191,1110,0.0,IU
SP_000191,1062,937.0,kJ
SP_000191,1175,0.41,MG
SP_000191,1227,0.184,G
SP_000191,1051,43.95,G
SP_000191,1216,0.11,G
SP_000191,1003,4.2,G
SP_000191,1225,0.184,G
SP_000191,1213,0.259,G
SP_000191,1105,0.0,UG
SP_000191,1098,0.363,MG
SP_000191,1186,0.0,UG
SP_000191,1253,0.0,MG
SP_000191,1292,0.581,G
SP_000191,1007,1.67,G
SP_000191,1093,3.0,MG
SP_000191,1166,0.18,MG
SP_000192,1263,14.858,G
SP_000192,1180,12.1,MG
SP_000192,1165,0.066,MG
SP_000192,1166,0.02,MG
SP_000192,1101,1.5,MG
SP_000192,1216,0.066,G
SP_000192,1095,1.1,MG
SP_000192,1057,0.0,MG
SP_000192,1226,0.138,G
SP_000192,1279,0.0,G
SP_000192,1058,0.0,MG
SP_000192,1187,26.0,UG
SP_000192,1128,1.46,MG
SP_000192,1170,0.3,MG
SP_000192,1293,0.366,G
SP_000192,1110,0.0,IU
SP_000192,1266,1.734,G
SP_000192,1062,1481.0,kJ
SP_000192,1162,3.3,MG
SP_000192,1126,0.53,MG
SP_000192,1104,0.0,IU
SP_000192,1217,0.169,G
SP_000192,1092,356.0,MG
SP_000192,1276,0.0,G
SP_000192,1018,0.0,G
SP_000192,1087,14.0,MG
SP_000192,1214,0.147,G
SP_000192,1106,0.0,UG
SP_000192,1261,2.346,G
SP_000192,1246,0.0,UG
SP_000192,2000,6.23,G
SP_000192,1107,0.0,UG
SP_000192,1103,10.1,UG
SP_000192,1211,0.121,G
SP_000192,1129,0.0,MG
SP_000192,1114,0.0,UG
SP_000192,1098,0.435,MG
SP_000192,1089,2.43,MG
SP_000192,1079,9.0,G
SP_000192,1222,0.17,G
SP_000192,1105,0.0,UG
SP_000192,1220,0.546,G
SP_000192,1004,33.49,G
SP_000192,1277,0.0,G
SP_000192,1005,15.23,G
SP_000192,1120,0.0,UG
SP_000192,1270,0.0,G
SP_000192,1275,0.0,G
SP_000192,1278,0.0,G
SP_000192,1272,0.0,G
SP_000192,1186,0.0,UG
SP_000192,1280,0.0,G
SP_000192,1210,0.039,G
SP_000192,1271,0.0,G
SP_000192,1108,0.0,UG
SP_000192,1253,0.0,MG
SP_000192,1167,0.54,MG
SP_000192,1175,0.054,MG
SP_000192,1003,3.33,G
SP_000192,1178,0.0,UG
SP_000192,1292,1.425,G
SP_000192,1225,0.158,G
SP_000192,1224,0.761,G
SP_000192,1091,113.0,MG
SP_000192,1259,0.0,G
SP_000192,1123,0.0,UG
SP_000192,1223,0.325,G
SP_000192,1219,0.202,G
SP_000192,1127,0.0,MG
SP_000192,1268,1.425,G
SP_000192,1242,0.0,MG
SP_000192,1051,46.99,G
SP_000192,1109,0.24,MG
SP_000192,1177,26.0,UG
SP_000192,1269,0.366,G
SP_000192,1008,354.0,KCAL
SP_000192,1213,0.247,G
SP_000192,1007,0.97,G
SP_000192,1221,0.077,G
SP_000192,1265,2.839,G
SP_000192,1264,5.866,G
SP_000192,1215,0.062,G
SP_000192,1125,0.0,MG
SP_000192,1185,0.2,UG
SP_000192,1218,0.103,G
SP_000192,1283,47.0,MG
SP_000192,1122,0.0,UG
SP_000192,1262,1.864,G
SP_000192,1227,0.172,G
SP_000192,1190,26.0,UG
SP_000192,1212,0.131,G
SP_000192,1090,32.0,MG
SP_000192,1093,20.0,MG
SP_000192,1260,0.191,G
SP_000192,1258,29.698,G
SP_000194,1277,0.036,G
SP_000194,1279,0.001,G
SP_000194,1268,0.031,G
SP_000194,1214,1.213,G
SP_000194,1091,387.0,MG
SP_000194,1004,0.7,G
SP_000194,1218,0.52,G
SP_000194,1062,331.0,kJ
SP_000194,1269,0.002,G
SP_000194,1217,0.582,G
SP_000194,1104,375.0,IU
SP_000194,1278,0.039,G
SP_000194,1162,5.3,MG
SP_000194,1177,16.0,UG
SP_000194,1292,0.081,G
SP_000194,1087,90.0,MG
SP_000194,1213,1.143,G
SP_000194,1227,0.727,G
SP_000194,1105,113.0,UG
SP_000194,1095,1.73,MG
SP_000194,1275,0.012,G
SP_000194,1226,0.662,G
SP_000194,1093,372.0,MG
SP_000194,1170,0.5,MG
SP_000194,1272,0.066,G
SP_000194,1211,0.699,G
SP_000194,1225,1.016,G
SP_000194,1098,0.587,MG
SP_000194,1253,112.0,MG
SP_000194,1089,6.02,MG
SP_000194,1216,0.213,G
SP_000194,1051,80.56,G
SP_000194,1265,0.061,G
SP_000194,1221,0.312,G
SP_000194,1220,1.185,G
SP_000194,1219,0.709,G
SP_000194,1264,0.012,G
SP_000194,1258,0.118,G
SP_000194,1175,0.15,MG
SP_000194,1101,0.11,MG
SP_000194,1103,44.8,UG
SP_000194,1223,1.567,G
SP_000194,1215,0.366,G
SP_000194,1079,0.0,G
SP_000194,1008,79.0,KCAL
SP_000194,1165,0.009,MG
SP_000194,1007,1.68,G
SP_000194,1224,2.208,G
SP_000194,1178,3.0,UG
SP_000194,1005,0.82,G
SP_000194,1003,16.24,G
SP_000194,1186,0.0,UG
SP_000194,1190,16.0,UG
SP_000194,1187,16.0,UG
SP_000194,1090,30.0,MG
SP_000194,1210,0.182,G
SP_000194,1222,0.982,G
SP_000194,1166,0.91,MG
SP_000194,1092,354.0,MG
SP_000194,1270,0.001,G
SP_000194,1266,0.044,G
SP_000194,1271,0.013,G
SP_000194,1280,0.006,G
SP_000194,1106,113.0,UG
SP_000194,1293,0.134,G
SP_000194,1167,1.216,MG
SP_000194,1276,0.002,G
SP_000194,1212,0.707,G
SP_000195,1187,36.0,UG
SP_000195,1005,27.09,G
SP_000195,1092,436.0,MG
SP_000195,1051,64.99,G
SP_000195,1087,6.0,MG
SP_000195,1062,615.0,kJ
SP_000195,1257,0.0,G
SP_000195,1095,0.28,MG
SP_000195,1008,147.0,KCAL
SP_000195,1120,0.0,UG
SP_000195,1105,0.0,UG
SP_000195,1253,0.0,MG
SP_000195,1101,0.325,MG
SP_000195,1093,2.0,MG
SP_000195,1108,6.0,UG
SP_000195,1090,30.0,MG
SP_000195,1089,0.43,MG
SP_000195,1165,0.374,MG
SP_000195,1167,1.074,MG
SP_000195,1178,0.0,UG
SP_000195,1079,3.8,G
SP_000195,1162,19.7,MG
SP_000195,1091,39.0,MG
SP_000195,1175,0.316,MG
SP_000195,1004,5.33,G
SP_000195,1003,1.47,G
SP_000195,1106,2.0,UG
SP_000195,1007,1.12,G
SP_000195,1098,0.207,MG
SP_000195,1104,44.0,IU
SP_000195,1170,0.23,MG
SP_000195,1166,0.2,MG
SP_000195,1107,23.0,UG
SP_000195,1177,36.0,UG
SP_000198,1079,0.0,G
SP_000198,1226,0.568,G
SP_000198,1091,129.0,MG
SP_000198,1215,0.475,G
SP_000198,1004,2.95,G
SP_000198,1051,76.95,G
SP_000198,1253,48.0,MG
SP_000198,1221,0.473,G
SP_000198,1212,0.74,G
SP_000198,1098,0.037,MG
SP_000198,1213,1.305,G
SP_000198,1007,2.1,G
SP_000198,1106,11.0,UG
SP_000198,1223,1.644,G
SP_000198,1093,150.0,MG
SP_000198,1095,0.22,MG
SP_000198,1258,0.75,G
SP_000198,1227,0.655,G
SP_000198,1162,1.7,MG
SP_000198,1292,0.61,G
SP_000198,1216,0.172,G
SP_000198,1293,0.88,G
SP_000198,1090,51.0,MG
SP_000198,1175,0.21,MG
SP_000198,1214,1.474,G
SP_000198,1165,0.066,MG
SP_000198,1211,0.704,G
SP_000198,1170,0.57,MG
SP_000198,1187,8.0,UG
SP_000198,1103,36.5,UG
SP_000198,1167,2.2,MG
SP_000198,1104,35.0,IU
SP_000198,1222,0.971,G
SP_000198,1218,0.542,G
SP_000198,1220,0.96,G
SP_000198,1178,2.2,UG
SP_000198,1217,0.627,G
SP_000198,1092,238.0,MG
SP_000198,1062,397.0,kJ
SP_000198,1087,18.0,MG
SP_000198,1003,16.05,G
SP_000198,1005,0.0,G
SP_000198,1219,0.827,G
SP_000198,1089,0.36,MG
SP_000198,1225,0.77,G
SP_000198,1210,0.18,G
SP_000198,1008,95.0,KCAL
SP_000198,1166,0.08,MG
SP_000198,1190,8.0,UG
SP_000198,1224,2.396,G
SP_000198,1177,8.0,UG
SP_000198,1105,11.0,UG
SP_000198,1101,0.017,MG
SP_000198,1186,0.0,UG
SP_000200,1092,483.0,MG
SP_000200,1280,0.01,G
SP_000200,1258,0.233,G
SP_000200,1062,385.0,kJ
SP_000200,1261,0.0,G
SP_000200,1165,0.07,MG
SP_000200,1215,0.574,G
SP_000200,1221,0.57,G
SP_000200,1263,0.0,G
SP_000200,1003,19.38,G
SP_000200,1098,0.02,MG
SP_000200,1275,0.027,G
SP_000200,1272,0.22,G
SP_000200,1262,0.0,G
SP_000200,1225,0.93,G
SP_000200,1087,27.0,MG
SP_000200,1212,0.893,G
SP_000200,1223,1.984,G
SP_000200,1187,9.0,UG
SP_000200,1018,0.0,G
SP_000200,1211,0.849,G
SP_000200,1269,0.012,G
SP_000200,1178,0.6,UG
SP_000200,1103,36.5,UG
SP_000200,1167,0.313,MG
SP_000200,1253,37.0,MG
SP_000200,1007,1.17,G
SP_000200,1104,143.0,IU
SP_000200,1217,0.756,G
SP_000200,1293,0.321,G
SP_000200,1277,0.029,G
SP_000200,1276,0.0,G
SP_000200,1091,162.0,MG
SP_000200,1266,0.049,G
SP_000200,1093,53.0,MG
SP_000200,1005,0.0,G
SP_000200,1008,92.0,KCAL
SP_000200,1279,0.007,G
SP_000200,1270,0.01,G
SP_000200,1260,0.0,G
SP_000200,1271,0.033,G
SP_000200,1166,0.005,MG
SP_000200,1224,2.892,G
SP_000200,1170,0.75,MG
SP_000200,1106,43.0,UG
SP_000200,1278,0.027,G
SP_000200,1090,31.0,MG
SP_000200,1259,0.0,G
SP_000200,1218,0.654,G
SP_000200,1079,0.0,G
SP_000200,1101,0.014,MG
SP_000200,1105,43.0,UG
SP_000200,1264,0.012,G
SP_000200,1226,0.685,G
SP_000200,1190,9.0,UG
SP_000200,1268,0.145,G
SP_000200,1051,79.22,G
SP_000200,1220,1.159,G
SP_000200,1177,9.0,UG
SP_000200,1186,0.0,UG
SP_000200,1089,0.89,MG
SP_000200,1162,0.0,MG
SP_000200,1265,0.169,G
SP_000200,1214,1.779,G
SP_000200,1095,0.48,MG
SP_000200,1213,1.575,G
SP_000200,1219,0.998,G
SP_000200,1210,0.217,G
SP_000200,1175,0.3,MG
SP_000200,1216,0.208,G
SP_000200,1292,0.202,G
SP_000200,1004,1.02,G
SP_000200,1222,1.172,G
SP_000200,1227,0.791,G
SP_000201,1272,0.03,G
SP_000201,1177,5.0,UG
SP_000201,1224,3.407,G
SP_000201,1276,0.0,G
SP_000201,1265,1.3,G
SP_000201,1269,1.19,G
SP_000201,1005,0.0,G
SP_000201,1003,23.4,G
SP_000201,1092,193.0,MG
SP_000201,1261,0.0,G
SP_000201,1266,0.37,G
SP_000201,1271,0.07,G
SP_000201,1253,74.0,MG
SP_000201,1210,0.259,G
SP_000201,1178,0.34,UG
SP_000201,1277,0.06,G
SP_000201,1089,0.84,MG
SP_000201,1090,22.0,MG
SP_000201,1258,1.77,G
SP_000201,1175,0.38,MG
SP_000201,1187,5.0,UG
SP_000201,1227,0.829,G
SP_000201,1222,1.378,G
SP_000201,1087,11.0,MG
SP_000201,1167,7.667,MG
SP_000201,1186,0.0,UG
SP_000201,1223,2.087,G
SP_000201,1221,0.681,G
SP_000201,1091,153.0,MG
SP_000201,1220,1.476,G
SP_000201,1166,0.102,MG
SP_000201,1214,1.891,G
SP_000201,1007,1.25,G
SP_000201,1190,5.0,UG
SP_000201,1008,158.0,KCAL
SP_000201,1162,1.3,MG
SP_000201,1280,0.01,G
SP_000201,1165,0.059,MG
SP_000201,1004,6.45,G
SP_000201,1262,0.0,G
SP_000201,1293,1.41,G
SP_000201,1263,0.01,G
SP_000201,1215,0.618,G
SP_000201,1062,661.0,kJ
SP_000201,1106,28.0,UG
SP_000201,1051,68.9,G
SP_000201,1095,1.13,MG
SP_000201,1225,1.572,G
SP_000201,1098,0.043,MG
SP_000201,1278,0.01,G
SP_000201,1216,0.314,G
SP_000201,1260,0.0,G
SP_000201,1264,0.05,G
SP_000201,1212,1.156,G
SP_000201,1218,0.748,G
SP_000201,1292,2.43,G
SP_000201,1275,0.34,G
SP_000201,1104,92.0,IU
SP_000201,1103,16.3,UG
SP_000201,1213,1.693,G
SP_000201,1219,1.132,G
SP_000201,1259,0.0,G
SP_000201,1101,0.018,MG
SP_000201,1268,2.0,G
SP_000201,1270,0.05,G
SP_000201,1217,0.906,G
SP_000201,1079,0.0,G
SP_000201,1093,67.0,MG
SP_000201,1018,0.0,G
SP_000201,1211,0.963,G
SP_000201,1170,0.879,MG
SP_000201,1226,1.162,G
SP_000201,1105,28.0,UG
SP_000201,1279,0.0,G
SP_000202,1089,0.17,MG
SP_000202,1087,11.0,MG
SP_000202,1253,54.0,MG
SP_000202,2022,0.009,G
SP_000202,1085,0.32,G
SP_000202,2009,0.001,G
SP_000202,1263,0.001,G
SP_000202,1280,0.005,G
SP_000202,1129,0.0,MG
SP_000202,1276,0.002,G
SP_000202,1170,0.403,MG
SP_000202,1317,0.002,G
SP_000202,2010,0.006,G
SP_000202,1404,0.002,G
SP_000202,1321,0.0,G
SP_000202,1411,0.001,G
SP_000202,1278,0.042,G
SP_000202,1178,1.83,UG
SP_000202,1305,0.0,G
SP_000202,1304,0.002,G
SP_000202,1406,0.001,G
SP_000202,1335,0.0,G
SP_000202,1258,0.093,G
SP_000202,1109,0.45,MG
SP_000202,1306,0.001,G
SP_000202,1098,0.021,MG
SP_000202,1130,0.0,MG
SP_000202,1103,25.9,UG
SP_000202,1316,0.014,G
SP_000202,1334,0.0,G
SP_000202,1292,0.057,G
SP_000202,1002,2.61,G
SP_000202,1330,0.001,G
SP_000202,1314,0.003,G
SP_000202,1271,0.009,G
SP_000202,1303,0.001,G
SP_000202,2012,0.005,G
SP_000202,1266,0.02,G
SP_000202,1272,0.089,G
SP_000202,1264,0.004,G
SP_000202,1259,0.001,G
SP_000202,1329,0.003,G
SP_000202,1175,0.281,MG
SP_000202,1005,0.0,G
SP_000202,1165,0.02,MG
SP_000202,1112,0.5,UG
SP_000202,1051,83.4,G
SP_000202,1313,0.001,G
SP_000202,1315,0.036,G
SP_000202,1095,0.32,MG
SP_000202,1301,0.0,G
SP_000202,2026,0.001,G
SP_000202,2024,0.005,G
SP_000202,1131,0.0,MG
SP_000202,1125,0.0,MG
SP_000202,1333,0.0,G
SP_000202,1090,21.1,MG
SP_000202,1101,0.011,MG
SP_000202,1127,0.0,MG
SP_000202,1092,286.0,MG
SP_000202,1405,0.001,G
SP_000202,2025,0.089,G
SP_000202,1126,0.0,MG
SP_000202,1260,0.0,G
SP_000202,1008,74.0,KCAL
SP_000202,1091,227.0,MG
SP_000202,1166,0.057,MG
SP_000202,1300,0.001,G
SP_000202,1267,0.0,G
SP_000202,1299,0.001,G
SP_000202,1257,0.004,G
SP_000202,1093,213.0,MG
SP_000202,2018,0.002,G
SP_000202,2020,0.002,G
SP_000202,1262,0.001,G
SP_000202,1277,0.005,G
SP_000202,1273,0.0,G
SP_000202,1114,0.5,UG
SP_000202,1265,0.063,G
SP_000202,1004,0.45,G
SP_000202,1167,3.36,MG
SP_000202,1003,16.3,G
SP_000202,1323,0.006,G
SP_000202,1261,0.0,G
SP_000202,1312,0.004,G
SP_000202,2016,0.014,G
SP_000202,1128,0.0,MG
SP_000202,1007,1.28,G
SP_000202,2023,0.042,G
SP_000202,1062,308.0,kJ
SP_000202,1293,0.163,G
SP_000202,1110,18.0,IU
SP_000202,1311,0.0,G
SP_000202,2047,69.0,KCAL
SP_000202,2048,74.0,KCAL
SP_000203,1091,321.1,MG
SP_000203,1103,0.0,UG
SP_000203,1101,6.059,MG
SP_000203,1089,3.465,MG
SP_000203,1087,134.7,MG
SP_000203,1079,8.41,G
SP_000203,1051,4.309,G
SP_000203,1002,2.546,G
SP_000203,1007,2.206,G
SP_000203,1095,2.334,MG
SP_000203,1004,53.49,G
SP_000203,1093,0.0,MG
SP_000203,1090,155.8,MG
SP_000203,1092,635.9,MG
SP_000203,1098,1.413,MG
SP_000203,1003,13.4938,G
SP_000203,1005,26.5012,G
SP_000203,2047,641.39,KCAL
SP_000203,2048,602.39467,KCAL
SP_000205,1007,4.7,G
SP_000205,1109,0.87,MG
SP_000205,1293,0.055,G
SP_000205,1093,67.0,MG
SP_000205,1271,0.005,G
SP_000205,1292,0.015,G
SP_000205,1004,0.16,G
SP_000205,1270,0.001,G
SP_000205,1005,12.29,G
SP_000205,1275,0.005,G
SP_000205,1265,0.029,G
SP_000205,1257,0.0,G
SP_000205,1090,144.0,MG
SP_000205,1259,0.0,G
SP_000205,1058,0.0,MG
SP_000205,1165,0.015,MG
SP_000205,1120,0.0,UG
SP_000205,1278,0.046,G
SP_000205,1262,0.0,G
SP_000205,1107,71.0,UG
SP_000205,1277,0.005,G
SP_000205,1253,0.0,MG
SP_000205,1103,0.7,UG
SP_000205,1175,0.069,MG
SP_000205,1178,0.0,UG
SP_000205,1003,1.51,G
SP_000205,1123,0.0,UG
SP_000205,1167,0.593,MG
SP_000205,1162,3.0,MG
SP_000205,1062,205.0,kJ
SP_000205,1008,49.0,KCAL
SP_000205,1258,0.033,G
SP_000205,1095,1.95,MG
SP_000205,1051,81.34,G
SP_000205,1266,0.001,G
SP_000205,1269,0.002,G
SP_000205,1185,5.0,UG
SP_000205,1018,0.0,G
SP_000205,1057,0.0,MG
SP_000205,1190,182.0,UG
SP_000205,2000,0.61,G
SP_000205,1170,0.176,MG
SP_000205,1089,8.9,MG
SP_000205,1166,0.466,MG
SP_000205,1279,0.0,G
SP_000205,1101,0.37,MG
SP_000205,1260,0.0,G
SP_000205,1108,0.0,UG
SP_000205,1280,0.0,G
SP_000205,1177,182.0,UG
SP_000205,1091,157.0,MG
SP_000205,1110,0.0,IU
SP_000205,1264,0.002,G
SP_000205,1087,72.0,MG
SP_000205,1242,0.0,MG
SP_000205,1180,12.9,MG
SP_000205,1079,1.3,G
SP_000205,1261,0.0,G
SP_000205,1186,0.0,UG
SP_000205,1092,63.0,MG
SP_000205,1276,0.0,G
SP_000205,1114,0.0,UG
SP_000205,1106,6.0,UG
SP_000205,1122,0.0,UG
SP_000205,1104,118.0,IU
SP_000205,1263,0.0,G
SP_000205,1098,0.149,MG
SP_000205,1268,0.005,G
SP_000205,1246,0.0,UG
SP_000205,1272,0.0,G
SP_000205,1187,182.0,UG
SP_000205,1105,0.0,UG
SP_000206,1122,0.0,UG
SP_000206,1215,0.034,G
SP_000206,1092,448.0,MG
SP_000206,1261,0.0,G
SP_000206,1223,0.172,G
SP_000206,1051,73.46,G
SP_000206,1260,0.0,G
SP_000206,1311,0.0,G
SP_000206,1187,24.0,UG
SP_000206,1008,95.0,KCAL
SP_000206,1313,0.0,G
SP_000206,1108,6.0,UG
SP_000206,1224,0.189,G
SP_000206,1301,0.004,G
SP_000206,1013,0.0,G
SP_000206,1266,0.011,G
SP_000206,1095,0.13,MG
SP_000206,1090,29.0,MG
SP_000206,1411,0.0,G
SP_000206,1315,0.127,G
SP_000206,1123,157.0,UG
SP_000206,1316,0.015,G
SP_000206,1259,0.0,G
SP_000206,1300,0.002,G
SP_000206,1325,0.0,G
SP_000206,1004,0.64,G
SP_000206,1268,0.127,G
SP_000206,1277,0.0,G
SP_000206,1106,5.0,UG
SP_000206,1227,0.103,G
SP_000206,1279,0.0,G
SP_000206,1258,0.195,G
SP_000206,2000,19.08,G
SP_000206,1093,2.0,MG
SP_000206,1329,0.0,G
SP_000206,1167,0.92,MG
SP_000206,1075,0.0,G
SP_000206,1264,0.004,G
SP_000206,1275,0.024,G
SP_000206,1210,0.034,G
SP_000206,1221,0.034,G
SP_000206,1321,0.0,G
SP_000206,1271,0.0,G
SP_000206,1011,9.48,G
SP_000206,1331,0.0,G
SP_000206,1278,0.0,G
SP_000206,1305,0.0,G
SP_000206,1010,0.42,G
SP_000206,1405,0.0,G
SP_000206,1214,0.069,G
SP_000206,1014,0.0,G
SP_000206,1107,61.0,UG
SP_000206,1127,0.0,MG
SP_000206,1213,0.103,G
SP_000206,1270,0.079,G
SP_000206,1128,0.05,MG
SP_000206,1125,0.03,MG
SP_000206,1276,0.0,G
SP_000206,1186,0.0,UG
SP_000206,1105,0.0,UG
SP_000206,1170,0.235,MG
SP_000206,1177,24.0,UG
SP_000206,1190,24.0,UG
SP_000206,1101,0.043,MG
SP_000206,1216,0.017,G
SP_000206,1280,0.0,G
SP_000206,1166,0.055,MG
SP_000206,1018,0.0,G
SP_000206,1226,0.017,G
SP_000206,1175,0.329,MG
SP_000206,1299,0.002,G
SP_000206,1219,0.086,G
SP_000206,1333,0.0,G
SP_000206,1303,0.0,G
SP_000206,1292,0.155,G
SP_000206,1131,0.0,MG
SP_000206,1269,0.015,G
SP_000206,1312,0.0,G
SP_000206,1120,5.0,UG
SP_000206,1009,1.47,G
SP_000206,1089,0.23,MG
SP_000206,1007,0.94,G
SP_000206,1225,0.086,G
SP_000206,1129,0.0,MG
SP_000206,1109,0.34,MG
SP_000206,1062,397.0,kJ
SP_000206,1165,0.105,MG
SP_000206,1212,0.069,G
SP_000206,1079,1.5,G
SP_000206,1178,0.0,UG
SP_000206,1098,0.076,MG
SP_000206,1211,0.086,G
SP_000206,1162,13.7,MG
SP_000206,1012,9.19,G
SP_000206,1257,0.0,G
SP_000206,1130,0.0,MG
SP_000206,1304,0.0,G
SP_000206,1263,0.004,G
SP_000206,1273,0.004,G
SP_000206,1306,0.0,G
SP_000206,1406,0.0,G
SP_000206,1293,0.094,G
SP_000206,1272,0.0,G
SP_000206,1222,0.086,G
SP_000206,1005,23.25,G
SP_000206,1104,110.0,IU
SP_000206,1265,0.131,G
SP_000206,1323,0.0,G
SP_000206,1267,0.004,G
SP_000206,1091,21.0,MG
SP_000206,1404,0.079,G
SP_000206,1087,24.0,MG
SP_000206,1003,1.72,G
SP_000206,1317,0.0,G
SP_000206,1274,0.004,G
SP_000206,1126,0.0,MG
SP_000206,1262,0.028,G
SP_000206,1218,0.103,G
SP_000206,1253,0.0,MG
SP_000206,1220,0.138,G
SP_000206,1314,0.024,G
SP_000206,1217,0.052,G
SP_000208,1177,62.0,UG
SP_000208,1128,0.0,MG
SP_000208,1123,6260.0,UG
SP_000208,1185,390.0,UG
SP_000208,1167,1.18,MG
SP_000208,1012,0.4,G
SP_000208,1184,0.0,UG
SP_000208,1120,27.0,UG
SP_000208,1101,0.92,MG
SP_000208,1095,0.39,MG
SP_000208,1002,0.47,G
SP_000208,1125,0.0,MG
SP_000208,1090,32.7,MG
SP_000208,1108,0.0,UG
SP_000208,1003,2.92,G
SP_000208,1175,0.147,MG
SP_000208,1079,4.1,G
SP_000208,1106,241.0,UG
SP_000208,1129,0.0,MG
SP_000208,1107,2870.0,UG
SP_000208,1010,0.0,G
SP_000208,1109,0.66,MG
SP_000208,1126,0.14,MG
SP_000208,1005,4.42,G
SP_000208,1098,0.053,MG
SP_000208,1122,0.0,UG
SP_000208,1008,35.0,KCAL
SP_000208,1087,254.0,MG
SP_000208,1131,0.0,MG
SP_000208,1091,55.0,MG
SP_000208,1183,0.0,UG
SP_000208,1011,0.4,G
SP_000208,1093,53.0,MG
SP_000208,1051,89.6,G
SP_000208,1162,93.4,MG
SP_000208,1014,0.0,G
SP_000208,1165,0.113,MG
SP_000208,1127,0.0,MG
SP_000208,1062,148.0,kJ
SP_000208,1063,0.8,G
SP_000208,1007,1.54,G
SP_000208,1170,0.37,MG
SP_000208,1004,1.49,G
SP_000208,1166,0.347,MG
SP_000208,1075,0.0,G
SP_000208,1130,0.0,MG
SP_000208,1013,0.0,G
SP_000208,1089,1.6,MG
SP_000208,1092,348.0,MG
SP_000208,2047,43.0,KCAL
SP_000208,2048,35.0,KCAL
SP_000211,1246,0.0,UG
SP_000211,1271,0.0,G
SP_000211,1087,62.0,MG
SP_000211,1276,0.0,G
SP_000211,1268,0.137,G
SP_000211,1258,0.103,G
SP_000211,1277,0.0,G
SP_000211,1260,0.0,G
SP_000211,1093,10.0,MG
SP_000211,1185,0.0,UG
SP_000211,1109,0.15,MG
SP_000211,1162,43.9,MG
SP_000211,1178,0.0,UG
SP_000211,1098,0.095,MG
SP_000211,1272,0.0,G
SP_000211,1269,0.124,G
SP_000211,1095,0.17,MG
SP_000211,1122,0.0,UG
SP_000211,1280,0.0,G
SP_000211,1007,0.52,G
SP_000211,1293,0.171,G
SP_000211,1190,17.0,UG
SP_000211,1101,0.135,MG
SP_000211,1058,0.0,MG
SP_000211,1105,0.0,UG
SP_000211,1104,290.0,IU
SP_000211,2000,9.36,G
SP_000211,1261,0.0,G
SP_000211,1166,0.09,MG
SP_000211,1265,0.09,G
SP_000211,1106,15.0,UG
SP_000211,1092,186.0,MG
SP_000211,1266,0.004,G
SP_000211,1079,6.5,G
SP_000211,1187,17.0,UG
SP_000211,1091,19.0,MG
SP_000211,1180,8.4,MG
SP_000211,1110,0.0,IU
SP_000211,1279,0.0,G
SP_000211,1057,0.0,MG
SP_000211,1114,0.0,UG
SP_000211,1278,0.0,G
SP_000211,1170,0.208,MG
SP_000211,1103,0.0,UG
SP_000211,1257,0.0,G
SP_000211,1123,129.0,UG
SP_000211,1253,0.0,MG
SP_000211,1089,0.86,MG
SP_000211,1062,296.0,kJ
SP_000211,1292,0.154,G
SP_000211,1008,71.0,KCAL
SP_000211,1177,17.0,UG
SP_000211,1051,80.85,G
SP_000211,1005,15.9,G
SP_000211,1167,0.429,MG
SP_000211,1018,0.0,G
SP_000211,1259,0.0,G
SP_000211,1264,0.004,G
SP_000211,1004,0.86,G
SP_000211,1120,193.0,UG
SP_000211,1108,155.0,UG
SP_000211,1186,0.0,UG
SP_000211,1242,0.0,MG
SP_000211,1090,20.0,MG
SP_000211,1262,0.0,G
SP_000211,1275,0.021,G
SP_000211,1165,0.037,MG
SP_000211,1263,0.0,G
SP_000211,1003,1.88,G
SP_000211,1270,0.047,G
SP_000211,1175,0.036,MG
SP_000211,1107,0.0,UG
SP_000212,1242,0.0,MG
SP_000212,1269,0.067,G
SP_000212,1227,0.092,G
SP_000212,1008,61.0,KCAL
SP_000212,1178,0.0,UG
SP_000212,1093,20.0,MG
SP_000212,1166,0.03,MG
SP_000212,1275,0.0,G
SP_000212,1005,14.15,G
SP_000212,1215,0.018,G
SP_000212,1223,0.14,G
SP_000212,1213,0.096,G
SP_000212,1214,0.078,G
SP_000212,1271,0.0,G
SP_000212,1089,2.1,MG
SP_000212,1095,0.12,MG
SP_000212,1062,255.0,kJ
SP_000212,1262,0.0,G
SP_000212,1018,0.0,G
SP_000212,1264,0.0,G
SP_000212,1092,180.0,MG
SP_000212,1177,64.0,UG
SP_000212,1103,1.0,UG
SP_000212,1167,0.4,MG
SP_000212,1101,0.481,MG
SP_000212,1058,0.0,MG
SP_000212,1266,0.002,G
SP_000212,1190,64.0,UG
SP_000212,1108,0.0,UG
SP_000212,1114,0.0,UG
SP_000212,1091,35.0,MG
SP_000212,1225,0.069,G
SP_000212,1123,1900.0,UG
SP_000212,1004,0.3,G
SP_000212,1122,0.0,UG
SP_000212,1257,0.0,G
SP_000212,1186,0.0,UG
SP_000212,1259,0.0,G
SP_000212,1170,0.14,MG
SP_000212,1079,1.8,G
SP_000212,1258,0.04,G
SP_000212,1246,0.0,UG
SP_000212,1280,0.0,G
SP_000212,1120,0.0,UG
SP_000212,1098,0.12,MG
SP_000212,1272,0.0,G
SP_000212,1263,0.0,G
SP_000212,1110,0.0,IU
SP_000212,1051,83.0,G
SP_000212,1087,59.0,MG
SP_000212,1218,0.041,G
SP_000212,1222,0.074,G
SP_000212,1185,47.0,UG
SP_000212,1165,0.06,MG
SP_000212,1279,0.0,G
SP_000212,1187,64.0,UG
SP_000212,1268,0.004,G
SP_000212,1211,0.063,G
SP_000212,2000,3.9,G
SP_000212,1224,0.226,G
SP_000212,1220,0.078,G
SP_000212,1253,0.0,MG
SP_000212,1162,12.0,MG
SP_000212,1007,1.05,G
SP_000212,1221,0.025,G
SP_000212,1107,1000.0,UG
SP_000212,1265,0.038,G
SP_000212,1180,9.5,MG
SP_000212,1292,0.004,G
SP_000212,1293,0.166,G
SP_000212,1260,0.0,G
SP_000212,1219,0.056,G
SP_000212,1277,0.0,G
SP_000212,1105,0.0,UG
SP_000212,1090,28.0,MG
SP_000212,1217,0.055,G
SP_000212,1175,0.233,MG
SP_000212,1109,0.92,MG
SP_000212,1104,1667.0,IU
SP_000212,1270,0.099,G
SP_000212,1226,0.066,G
SP_000212,1003,1.5,G
SP_000212,1276,0.0,G
SP_000212,1210,0.012,G
SP_000212,1057,0.0,MG
SP_000212,1212,0.052,G
SP_000212,1106,83.0,UG
SP_000212,1216,0.025,G
SP_000212,1261,0.0,G
SP_000212,1278,0.0,G
SP_000213,1293,0.3,G
SP_000213,1095,0.45,MG
SP_000213,1253,52.0,MG
SP_000213,1062,356.0,kJ
SP_000213,1264,0.0,G
SP_000213,1218,0.596,G
SP_000213,1227,0.72,G
SP_000213,1018,0.0,G
SP_000213,1219,0.91,G
SP_000213,1167,1.9,MG
SP_000213,1008,85.0,KCAL
SP_000213,1190,9.0,UG
SP_000213,1104,50.0,IU
SP_000213,1211,0.774,G
SP_000213,1091,201.0,MG
SP_000213,1215,0.523,G
SP_000213,1165,0.03,MG
SP_000213,1101,0.02,MG
SP_000213,1279,0.0,G
SP_000213,1105,15.0,UG
SP_000213,1216,0.189,G
SP_000213,1093,59.0,MG
SP_000213,1226,0.624,G
SP_000213,1263,0.0,G
SP_000213,1005,0.0,G
SP_000213,1007,1.21,G
SP_000213,1090,26.0,MG
SP_000213,1225,0.848,G
SP_000213,1186,0.0,UG
SP_000213,1278,0.0,G
SP_000213,1170,0.75,MG
SP_000213,1272,0.0,G
SP_000213,1280,0.0,G
SP_000213,1187,9.0,UG
SP_000213,1265,0.0,G
SP_000213,1292,0.35,G
SP_000213,1177,9.0,UG
SP_000213,1004,1.06,G
SP_000213,1271,0.0,G
SP_000213,1106,15.0,UG
SP_000213,1103,36.5,UG
SP_000213,1266,0.0,G
SP_000213,1087,14.0,MG
SP_000213,1277,0.0,G
SP_000213,1222,1.068,G
SP_000213,1258,0.197,G
SP_000213,1270,0.0,G
SP_000213,1175,0.3,MG
SP_000213,1162,0.0,MG
SP_000213,1262,0.0,G
SP_000213,1089,0.32,MG
SP_000213,1212,0.814,G
SP_000213,1275,0.0,G
SP_000213,1269,0.0,G
SP_000213,1223,1.808,G
SP_000213,1224,2.636,G
SP_000213,1261,0.0,G
SP_000213,1092,437.0,MG
SP_000213,1260,0.0,G
SP_000213,1217,0.689,G
SP_000213,1178,3.6,UG
SP_000213,1220,1.057,G
SP_000213,1221,0.52,G
SP_000213,1214,1.622,G
SP_000213,1259,0.0,G
SP_000213,1166,0.114,MG
SP_000213,1276,0.0,G
SP_000213,1051,81.03,G
SP_000213,1210,0.198,G
SP_000213,1003,17.66,G
SP_000213,1213,1.435,G
SP_000213,1098,0.027,MG
SP_000213,1268,0.0,G
SP_000213,1079,0.0,G
SP_000214,1105,12.0,UG
SP_000214,1101,0.024,MG
SP_000214,1003,14.48,G
SP_000214,1213,1.177,G
SP_000214,1007,1.21,G
SP_000214,1098,0.028,MG
SP_000214,1103,36.5,UG
SP_000214,1170,0.15,MG
SP_000214,1079,0.0,G
SP_000214,1293,0.61,G
SP_000214,1175,0.24,MG
SP_000214,1005,0.0,G
SP_000214,1214,1.33,G
SP_000214,1218,0.489,G
SP_000214,1210,0.162,G
SP_000214,1062,318.0,kJ
SP_000214,1091,200.0,MG
SP_000214,1177,7.0,UG
SP_000214,1089,0.32,MG
SP_000214,1166,0.06,MG
SP_000214,1222,0.876,G
SP_000214,1223,1.483,G
SP_000214,1225,0.695,G
SP_000214,1226,0.512,G
SP_000214,1165,0.025,MG
SP_000214,1167,2.1,MG
SP_000214,1253,25.0,MG
SP_000214,1092,400.0,MG
SP_000214,1095,0.41,MG
SP_000214,1090,21.0,MG
SP_000214,1008,76.0,KCAL
SP_000214,1211,0.635,G
SP_000214,1212,0.667,G
SP_000214,1186,0.0,UG
SP_000214,1219,0.746,G
SP_000214,1106,12.0,UG
SP_000214,1190,7.0,UG
SP_000214,1093,18.0,MG
SP_000214,1004,1.52,G
SP_000214,1087,8.0,MG
SP_000214,1224,2.162,G
SP_000214,1216,0.155,G
SP_000214,1051,83.24,G
SP_000214,1162,1.0,MG
SP_000214,1220,0.867,G
SP_000214,1187,7.0,UG
SP_000214,1258,0.34,G
SP_000214,1178,0.9,UG
SP_000214,1227,0.591,G
SP_000214,1217,0.565,G
SP_000214,1104,40.0,IU
SP_000214,1221,0.426,G
SP_000214,1292,0.24,G
SP_000214,1215,0.429,G
SP_000215,1092,384.0,MG
SP_000215,1263,0.0,G
SP_000215,1257,0.0,G
SP_000215,1018,0.0,G
SP_000215,1058,0.0,MG
SP_000215,1166,0.11,MG
SP_000215,1259,0.0,G
SP_000215,1190,12.0,UG
SP_000215,1165,0.08,MG
SP_000215,1280,0.0,G
SP_000215,1087,115.0,MG
SP_000215,1079,3.2,G
SP_000215,1107,1790.0,UG
SP_000215,1114,0.0,UG
SP_000215,1008,27.0,KCAL
SP_000215,1242,0.0,MG
SP_000215,1108,10.0,UG
SP_000215,1187,12.0,UG
SP_000215,1178,0.0,UG
SP_000215,1004,0.42,G
SP_000215,1293,0.038,G
SP_000215,1277,0.019,G
SP_000215,1268,0.015,G
SP_000215,1007,1.36,G
SP_000215,1003,2.86,G
SP_000215,1109,2.01,MG
SP_000215,1098,0.165,MG
SP_000215,1278,0.0,G
SP_000215,1105,0.0,UG
SP_000215,1275,0.0,G
SP_000215,1269,0.02,G
SP_000215,1089,1.64,MG
SP_000215,1095,0.25,MG
SP_000215,1279,0.058,G
SP_000215,1122,0.0,UG
SP_000215,1185,257.5,UG
SP_000215,1270,0.018,G
SP_000215,1123,3730.0,UG
SP_000215,1260,0.0,G
SP_000215,1246,0.0,UG
SP_000215,1266,0.002,G
SP_000215,1162,70.0,MG
SP_000215,1276,0.0,G
SP_000215,1272,0.0,G
SP_000215,2000,1.32,G
SP_000215,1271,0.0,G
SP_000215,1292,0.092,G
SP_000215,1110,0.0,IU
SP_000215,1180,0.5,MG
SP_000215,1062,114.0,kJ
SP_000215,1167,0.8,MG
SP_000215,1177,12.0,UG
SP_000215,1120,40.0,UG
SP_000215,1093,20.0,MG
SP_000215,1186,0.0,UG
SP_000215,1264,0.0,G
SP_000215,1261,0.0,G
SP_000215,1262,0.0,G
SP_000215,1170,0.21,MG
SP_000215,1258,0.01,G
SP_000215,1090,32.0,MG
SP_000215,1103,0.9,UG
SP_000215,1265,0.005,G
SP_000215,1106,151.0,UG
SP_000215,1104,3024.0,IU
SP_000215,1051,90.7,G
SP_000215,1175,0.18,MG
SP_000215,1091,58.0,MG
SP_000215,1057,0.0,MG
SP_000215,1253,0.0,MG
SP_000215,1005,4.67,G
SP_000216,1051,94.12,G
SP_000216,1018,0.0,G
SP_000216,1114,0.0,UG
SP_000216,1110,0.0,IU
SP_000216,1264,0.0,G
SP_000216,1242,0.0,MG
SP_000216,1227,0.043,G
SP_000216,1279,0.0,G
SP_000216,1276,0.0,G
SP_000216,1213,0.077,G
SP_000216,1292,0.018,G
SP_000216,1211,0.04,G
SP_000216,1104,457.0,IU
SP_000216,1268,0.017,G
SP_000216,1108,48.0,UG
SP_000216,2000,1.15,G
SP_000216,1190,3.0,UG
SP_000216,1107,250.0,UG
SP_000216,1218,0.029,G
SP_000216,1220,0.052,G
SP_000216,1212,0.049,G
SP_000216,1177,3.0,UG
SP_000216,1175,0.07,MG
SP_000216,1105,0.0,UG
SP_000216,1221,0.025,G
SP_000216,1186,0.0,UG
SP_000216,1215,0.015,G
SP_000216,1062,66.0,kJ
SP_000216,1259,0.0,G
SP_000216,1167,0.41,MG
SP_000216,1106,23.0,UG
SP_000216,1222,0.05,G
SP_000216,1277,0.0,G
SP_000216,1214,0.059,G
SP_000216,1162,9.3,MG
SP_000216,1219,0.059,G
SP_000216,1262,0.0,G
SP_000216,1092,257.0,MG
SP_000216,1122,0.0,UG
SP_000216,1098,0.052,MG
SP_000216,1005,3.33,G
SP_000216,1089,0.59,MG
SP_000216,1261,0.0,G
SP_000216,1293,0.05,G
SP_000216,1166,0.041,MG
SP_000216,1008,16.0,KCAL
SP_000216,1057,0.0,MG
SP_000216,1217,0.049,G
SP_000216,1087,164.0,MG
SP_000216,1093,21.0,MG
SP_000216,1253,0.0,MG
SP_000216,1165,0.012,MG
SP_000216,1226,0.043,G
SP_000216,1278,0.0,G
SP_000216,1269,0.044,G
SP_000216,1101,0.457,MG
SP_000216,1004,0.09,G
SP_000216,1090,52.0,MG
SP_000216,1223,0.086,G
SP_000216,1225,0.046,G
SP_000216,1260,0.0,G
SP_000216,1095,0.25,MG
SP_000216,1257,0.0,G
SP_000216,1180,7.3,MG
SP_000216,1275,0.002,G
SP_000216,1263,0.0,G
SP_000216,1272,0.0,G
SP_000216,1216,0.008,G
SP_000216,1266,0.002,G
SP_000216,1003,1.32,G
SP_000216,1265,0.012,G
SP_000216,1079,2.2,G
SP_000216,1170,0.167,MG
SP_000216,1103,0.7,UG
SP_000216,1187,3.0,UG
SP_000216,1058,0.0,MG
SP_000216,1109,0.0,MG
SP_000216,1185,5.3,UG
SP_000216,1280,0.0,G
SP_000216,1224,0.145,G
SP_000216,1210,0.014,G
SP_000216,1178,0.0,UG
SP_000216,1270,0.005,G
SP_000216,1007,1.14,G
SP_000216,1123,0.0,UG
SP_000216,1271,0.0,G
SP_000216,1258,0.016,G
SP_000216,1246,0.0,UG
SP_000216,1091,16.0,MG
SP_000216,1120,0.0,UG
SP_000217,1098,0.109,MG
SP_000217,1262,0.0,G
SP_000217,1280,0.0,G
SP_000217,1092,299.0,MG
SP_000217,1219,0.091,G
SP_000217,1057,0.0,MG
SP_000217,1125,0.0,MG
SP_000217,1275,0.0,G
SP_000217,1123,280.0,UG
SP_000217,1190,60.0,UG
SP_000217,1263,0.0,G
SP_000217,1091,61.0,MG
SP_000217,1218,0.087,G
SP_000217,1242,0.0,MG
SP_000217,1126,0.16,MG
SP_000217,1106,36.0,UG
SP_000217,1215,0.021,G
SP_000217,1162,23.0,MG
SP_000217,1261,0.0,G
SP_000217,1292,0.017,G
SP_000217,1278,0.0,G
SP_000217,1130,0.0,MG
SP_000217,1079,3.2,G
SP_000217,1090,57.0,MG
SP_000217,1128,0.0,MG
SP_000217,1175,0.215,MG
SP_000217,1127,0.0,MG
SP_000217,1227,0.044,G
SP_000217,1222,0.073,G
SP_000217,1005,7.45,G
SP_000217,1259,0.0,G
SP_000217,1210,0.017,G
SP_000217,1165,0.2,MG
SP_000217,1185,31.3,UG
SP_000217,1223,0.145,G
SP_000217,1264,0.0,G
SP_000217,1104,716.0,IU
SP_000217,1220,0.084,G
SP_000217,1007,0.86,G
SP_000217,1224,0.271,G
SP_000217,1187,60.0,UG
SP_000217,1268,0.016,G
SP_000217,1110,0.0,IU
SP_000217,1167,1.0,MG
SP_000217,1177,60.0,UG
SP_000217,1271,0.0,G
SP_000217,1129,0.0,MG
SP_000217,1075,0.0,G
SP_000217,1213,0.105,G
SP_000217,1089,0.62,MG
SP_000217,1211,0.065,G
SP_000217,1265,0.022,G
SP_000217,1101,0.788,MG
SP_000217,1279,0.0,G
SP_000217,1009,0.34,G
SP_000217,1216,0.019,G
SP_000217,1180,12.3,MG
SP_000217,1276,0.0,G
SP_000217,1269,0.026,G
SP_000217,1004,0.19,G
SP_000217,1283,24.0,MG
SP_000217,1257,0.0,G
SP_000217,1217,0.065,G
SP_000217,1087,82.0,MG
SP_000217,1012,0.57,G
SP_000217,1008,33.0,KCAL
SP_000217,1014,0.0,G
SP_000217,1221,0.031,G
SP_000217,1170,0.245,MG
SP_000217,1114,0.0,UG
SP_000217,1103,0.7,UG
SP_000217,1212,0.069,G
SP_000217,1010,0.6,G
SP_000217,1011,0.32,G
SP_000217,1178,0.0,UG
SP_000217,1272,0.0,G
SP_000217,1105,0.0,UG
SP_000217,1109,0.27,MG
SP_000217,1093,7.0,MG
SP_000217,1013,0.0,G
SP_000217,1225,0.044,G
SP_000217,1166,0.06,MG
SP_000217,1293,0.027,G
SP_000217,1246,0.0,UG
SP_000217,1131,0.0,MG
SP_000217,1120,0.0,UG
SP_000217,1095,0.58,MG
SP_000217,1258,0.026,G
SP_000217,1186,0.0,UG
SP_000217,1107,416.0,UG
SP_000217,1051,89.58,G
SP_000217,1277,0.0,G
SP_000217,1018,0.0,G
SP_000217,1253,0.0,MG
SP_000217,1214,0.081,G
SP_000217,1266,0.003,G
SP_000217,1260,0.0,G
SP_000217,1058,0.0,MG
SP_000217,1270,0.001,G
SP_000217,1108,27.0,UG
SP_000217,1226,0.045,G
SP_000217,2000,1.48,G
SP_000217,1122,0.0,UG
SP_000217,1062,138.0,kJ
SP_000217,1003,1.93,G
SP_000219,1105,59.0,UG
SP_000219,1280,0.0,G
SP_000219,1268,1.14,G
SP_000219,1226,0.81,G
SP_000219,1095,1.53,MG
SP_000219,1258,1.46,G
SP_000219,1278,0.0,G
SP_000219,1214,2.032,G
SP_000219,1175,0.74,MG
SP_000219,1279,0.0,G
SP_000219,1167,3.7,MG
SP_000219,1093,45.0,MG
SP_000219,1275,0.24,G
SP_000219,1227,0.955,G
SP_000219,1210,0.309,G
SP_000219,1004,4.3,G
SP_000219,1221,0.884,G
SP_000219,1216,0.291,G
SP_000219,1098,0.108,MG
SP_000219,1166,0.21,MG
SP_000219,1062,561.0,kJ
SP_000219,1292,1.38,G
SP_000219,1263,0.06,G
SP_000219,1162,6.0,MG
SP_000219,1090,20.0,MG
SP_000219,1264,0.04,G
SP_000219,1190,10.0,UG
SP_000219,1219,1.229,G
SP_000219,1253,80.0,MG
SP_000219,1170,0.96,MG
SP_000219,1187,10.0,UG
SP_000219,1089,1.78,MG
SP_000219,1215,0.646,G
SP_000219,1265,0.88,G
SP_000219,1178,0.84,UG
SP_000219,1079,0.0,G
SP_000219,1217,0.867,G
SP_000219,1106,59.0,UG
SP_000219,1293,0.73,G
SP_000219,1103,15.3,UG
SP_000219,1220,1.35,G
SP_000219,1218,0.728,G
SP_000219,1101,0.02,MG
SP_000219,1272,0.0,G
SP_000219,1277,0.0,G
SP_000219,1212,1.247,G
SP_000219,1266,0.43,G
SP_000219,1092,296.0,MG
SP_000219,1104,195.0,IU
SP_000219,1222,1.339,G
SP_000219,1269,0.64,G
SP_000219,1271,0.0,G
SP_000219,1177,10.0,UG
SP_000219,1211,1.112,G
SP_000219,1223,2.153,G
SP_000219,1165,0.07,MG
SP_000219,1186,0.0,UG
SP_000219,1224,3.282,G
SP_000219,1213,1.879,G
SP_000219,1091,280.0,MG
SP_000219,1270,0.09,G
SP_000219,1087,29.0,MG
SP_000219,1003,22.2,G
SP_000219,1262,0.0,G
SP_000219,1225,0.984,G
SP_000219,1008,134.0,KCAL
SP_000219,1005,0.0,G
SP_000219,1051,73.4,G
SP_000219,1007,1.44,G
SP_000220,1220,1.091,G
SP_000220,1095,3.1,MG
SP_000220,1131,0.0,MG
SP_000220,1280,0.0,G
SP_000220,1098,0.59,MG
SP_000220,1325,0.0,G
SP_000220,1103,8.5,UG
SP_000220,1130,0.0,MG
SP_000220,1178,0.0,UG
SP_000220,1009,52.22,G
SP_000220,1272,0.047,G
SP_000220,1215,0.309,G
SP_000220,1411,0.0,G
SP_000220,1270,0.26,G
SP_000220,1224,1.865,G
SP_000220,1101,2.033,MG
SP_000220,1300,0.0,G
SP_000220,1127,0.35,MG
SP_000220,1184,0.0,UG
SP_000220,1212,0.504,G
SP_000220,1126,4.55,MG
SP_000220,1108,0.0,UG
SP_000220,1004,6.07,G
SP_000220,1166,0.318,MG
SP_000220,1253,0.0,MG
SP_000220,1275,0.0,G
SP_000220,1110,0.0,IU
SP_000220,1089,4.57,MG
SP_000220,1114,0.0,UG
SP_000220,1271,0.009,G
SP_000220,1165,0.36,MG
SP_000220,1170,0.772,MG
SP_000220,1227,0.567,G
SP_000220,1109,2.44,MG
SP_000220,1062,1539.0,kJ
SP_000220,1210,0.167,G
SP_000220,1185,0.0,UG
SP_000220,1216,0.203,G
SP_000220,1213,0.84,G
SP_000220,1226,0.773,G
SP_000220,1190,184.0,UG
SP_000220,1279,0.083,G
SP_000220,1183,1.1,UG
SP_000220,1263,0.0,G
SP_000220,1180,70.2,MG
SP_000220,1299,0.0,G
SP_000220,1265,0.6,G
SP_000220,1258,0.706,G
SP_000220,1276,0.0,G
SP_000220,1008,368.0,KCAL
SP_000220,1267,0.03,G
SP_000220,1266,0.037,G
SP_000220,1092,563.0,MG
SP_000220,1093,5.0,MG
SP_000220,1104,14.0,IU
SP_000220,1120,1.0,UG
SP_000220,1217,0.593,G
SP_000220,1007,2.38,G
SP_000220,1214,0.766,G
SP_000220,1123,163.0,UG
SP_000220,1222,0.588,G
SP_000220,1003,14.12,G
SP_000220,1187,184.0,UG
SP_000220,1313,0.0,G
SP_000220,1278,0.0,G
SP_000220,1221,0.407,G
SP_000220,1105,0.0,UG
SP_000220,1264,0.0,G
SP_000220,1198,630.4,MG
SP_000220,1106,1.0,UG
SP_000220,1087,47.0,MG
SP_000220,1293,3.292,G
SP_000220,1273,0.03,G
SP_000220,1079,7.0,G
SP_000220,1219,0.594,G
SP_000220,1225,0.694,G
SP_000220,1128,0.0,MG
SP_000220,1177,184.0,UG
SP_000220,1211,0.421,G
SP_000220,1301,0.01,G
SP_000220,1292,1.613,G
SP_000220,1268,1.42,G
SP_000220,1218,0.267,G
SP_000220,1122,0.0,UG
SP_000220,1090,197.0,MG
SP_000220,1410,0.0,G
SP_000220,1107,8.0,UG
SP_000220,1277,0.093,G
SP_000220,1333,0.0,G
SP_000220,1091,457.0,MG
SP_000220,1167,1.52,MG
SP_000220,1274,0.0,G
SP_000220,1125,0.08,MG
SP_000220,1223,1.134,G
SP_000220,1005,64.16,G
SP_000220,1312,0.017,G
SP_000220,1269,2.977,G
SP_000220,1323,0.0,G
SP_000220,1129,0.0,MG
SP_000220,1261,0.0,G
SP_000220,1186,0.0,UG
SP_000220,1262,0.0,G
SP_000220,1051,13.28,G
SP_000220,1175,0.487,MG
SP_000222,1265,0.008,G
SP_000222,1007,1.08,G
SP_000222,1220,1.039,G
SP_000222,1087,9.0,MG
SP_000222,1268,0.154,G
SP_000222,1166,0.045,MG
SP_000222,1272,0.015,G
SP_000222,1062,320.0,kJ
SP_000222,1186,0.0,UG
SP_000222,1276,0.001,G
SP_000222,1261,0.0,G
SP_000222,1005,0.0,G
SP_000222,1122,0.0,UG
SP_000222,1323,0.0,G
SP_000222,1098,0.075,MG
SP_000222,1259,0.0,G
SP_000222,1280,0.001,G
SP_000222,1279,0.016,G
SP_000222,1227,0.675,G
SP_000222,1092,167.0,MG
SP_000222,1246,0.0,UG
SP_000222,1177,26.0,UG
SP_000222,1127,0.0,MG
SP_000222,1292,0.239,G
SP_000222,1300,0.0,G
SP_000222,1058,0.0,MG
SP_000222,1221,0.338,G
SP_000222,1165,0.031,MG
SP_000222,1091,107.0,MG
SP_000222,1130,0.0,MG
SP_000222,1090,17.0,MG
SP_000222,1273,0.0,G
SP_000222,1258,0.015,G
SP_000222,1278,0.004,G
SP_000222,1093,72.0,MG
SP_000222,1128,0.0,MG
SP_000222,1108,0.0,UG
SP_000222,1210,0.184,G
SP_000222,1264,0.003,G
SP_000222,1178,0.38,UG
SP_000222,1105,21.0,UG
SP_000222,1270,0.003,G
SP_000222,1266,0.002,G
SP_000222,1226,0.545,G
SP_000222,1051,75.67,G
SP_000222,1253,60.0,MG
SP_000222,1274,0.0,G
SP_000222,1313,0.037,G
SP_000222,1267,0.0,G
SP_000222,1185,0.7,UG
SP_000222,1129,0.0,MG
SP_000222,1004,0.7,G
SP_000222,1217,0.626,G
SP_000222,1187,26.0,UG
SP_000222,1109,1.2,MG
SP_000222,1123,0.0,UG
SP_000222,1104,70.0,IU
SP_000222,1260,0.0,G
SP_000222,1333,0.0,G
SP_000222,1219,0.789,G
SP_000222,1003,16.41,G
SP_000222,1167,1.53,MG
SP_000222,2000,0.0,G
SP_000222,1008,76.0,KCAL
SP_000222,1301,0.0,G
SP_000222,1057,0.0,MG
SP_000222,1325,0.0,G
SP_000222,1225,0.651,G
SP_000222,1271,0.011,G
SP_000222,1218,0.569,G
SP_000222,1079,0.0,G
SP_000222,1293,0.109,G
SP_000222,1089,1.01,MG
SP_000222,1263,0.0,G
SP_000222,1213,1.293,G
SP_000222,1404,0.003,G
SP_000222,1224,2.673,G
SP_000222,1223,1.845,G
SP_000222,1212,0.767,G
SP_000222,1184,0.0,UG
SP_000222,1262,0.0,G
SP_000222,1190,26.0,UG
SP_000222,1275,0.028,G
SP_000222,1211,0.74,G
SP_000222,1125,0.0,MG
SP_000222,1214,1.49,G
SP_000222,1299,0.0,G
SP_000222,1242,0.0,MG
SP_000222,1106,21.0,UG
SP_000222,1175,0.052,MG
SP_000222,1162,0.0,MG
SP_000222,1103,66.7,UG
SP_000222,1170,0.051,MG
SP_000222,1018,0.0,G
SP_000222,1131,0.0,MG
SP_000222,1222,0.923,G
SP_000222,1126,0.04,MG
SP_000222,1216,0.174,G
SP_000222,1277,0.041,G
SP_000222,1120,0.0,UG
SP_000222,1269,0.032,G
SP_000222,1095,0.23,MG
SP_000222,1215,0.526,G
SP_000222,1107,0.0,UG
SP_000222,1101,0.05,MG
SP_000223,1275,1.223,G
SP_000223,1272,0.718,G
SP_000223,1262,0.0,G
SP_000223,1091,168.0,MG
SP_000223,1004,15.3,G
SP_000223,1253,49.0,MG
SP_000223,1218,0.453,G
SP_000223,1101,0.015,MG
SP_000223,1008,195.0,KCAL
SP_000223,1092,358.0,MG
SP_000223,1089,1.28,MG
SP_000223,1277,1.421,G
SP_000223,1166,0.09,MG
SP_000223,1062,816.0,kJ
SP_000223,1271,0.104,G
SP_000223,1162,0.0,MG
SP_000223,1211,0.588,G
SP_000223,1093,56.0,MG
SP_000223,1258,3.201,G
SP_000223,1259,0.0,G
SP_000223,1279,1.304,G
SP_000223,1227,0.547,G
SP_000223,1079,0.0,G
SP_000223,1212,0.618,G
SP_000223,1005,0.0,G
SP_000223,1276,0.114,G
SP_000223,1167,4.0,MG
SP_000223,1178,1.5,UG
SP_000223,1261,0.0,G
SP_000223,1210,0.15,G
SP_000223,1219,0.691,G
SP_000223,1007,1.05,G
SP_000223,1280,0.169,G
SP_000223,1260,0.0,G
SP_000223,1190,15.0,UG
SP_000223,1225,0.644,G
SP_000223,1270,0.095,G
SP_000223,1266,0.408,G
SP_000223,1217,0.524,G
SP_000223,1220,0.803,G
SP_000223,1170,0.75,MG
SP_000223,1292,8.057,G
SP_000223,1095,0.32,MG
SP_000223,1293,2.042,G
SP_000223,1221,0.395,G
SP_000223,1213,1.09,G
SP_000223,1098,0.022,MG
SP_000223,1264,0.719,G
SP_000223,1104,310.0,IU
SP_000223,1268,4.074,G
SP_000223,1224,2.002,G
SP_000223,1215,0.397,G
SP_000223,1103,36.5,UG
SP_000223,1263,0.009,G
SP_000223,1222,0.811,G
SP_000223,1269,0.165,G
SP_000223,1106,93.0,UG
SP_000223,1187,15.0,UG
SP_000223,1223,1.373,G
SP_000223,1018,0.0,G
SP_000223,1226,0.474,G
SP_000223,1090,55.0,MG
SP_000223,1278,0.677,G
SP_000223,1214,1.232,G
SP_000223,1177,15.0,UG
SP_000223,1051,71.02,G
SP_000223,1165,0.1,MG
SP_000223,1265,2.054,G
SP_000223,1105,93.0,UG
SP_000223,1216,0.144,G
SP_000223,1003,13.41,G
SP_000223,1175,0.3,MG
SP_000223,1087,35.0,MG
SP_000223,1186,0.0,UG
SP_000224,1312,0.034,G
SP_000224,1091,261.0,MG
SP_000224,1279,0.047,G
SP_000224,1329,0.015,G
SP_000224,1079,0.0,G
SP_000224,1178,4.15,UG
SP_000224,1222,1.308,G
SP_000224,1258,0.81,G
SP_000224,1187,4.0,UG
SP_000224,1299,0.013,G
SP_000224,1261,0.0,G
SP_000224,1127,0.0,MG
SP_000224,1266,0.102,G
SP_000224,1313,0.018,G
SP_000224,1305,0.001,G
SP_000224,1264,0.203,G
SP_000224,1215,0.577,G
SP_000224,1268,0.63,G
SP_000224,1303,0.005,G
SP_000224,1321,0.002,G
SP_000224,1165,0.08,MG
SP_000224,1317,0.045,G
SP_000224,1406,0.004,G
SP_000224,1263,0.003,G
SP_000224,1257,0.034,G
SP_000224,1405,0.008,G
SP_000224,1301,0.001,G
SP_000224,1217,0.845,G
SP_000224,1226,0.867,G
SP_000224,1404,0.045,G
SP_000224,1280,0.047,G
SP_000224,1089,0.38,MG
SP_000224,1325,0.013,G
SP_000224,1104,117.0,IU
SP_000224,1273,0.002,G
SP_000224,1098,0.063,MG
SP_000224,1166,0.105,MG
SP_000224,1275,0.18,G
SP_000224,1323,0.004,G
SP_000224,1314,0.175,G
SP_000224,1210,0.221,G
SP_000224,1271,0.014,G
SP_000224,1114,10.9,UG
SP_000224,1306,0.019,G
SP_000224,1112,10.9,UG
SP_000224,1007,1.52,G
SP_000224,1292,1.348,G
SP_000224,1062,532.0,kJ
SP_000224,1242,0.0,MG
SP_000224,1131,0.0,MG
SP_000224,1311,0.005,G
SP_000224,1272,0.333,G
SP_000224,1106,35.0,UG
SP_000224,1101,0.011,MG
SP_000224,1265,0.472,G
SP_000224,1267,0.006,G
SP_000224,1093,75.0,MG
SP_000224,1333,0.002,G
SP_000224,1130,0.0,MG
SP_000224,1269,0.081,G
SP_000224,1211,1.066,G
SP_000224,1278,0.182,G
SP_000224,1411,0.001,G
SP_000224,1246,0.0,UG
SP_000224,1270,0.047,G
SP_000224,1162,0.0,MG
SP_000224,1225,1.263,G
SP_000224,1003,20.5,G
SP_000224,1274,0.003,G
SP_000224,1218,0.742,G
SP_000224,1315,0.622,G
SP_000224,1331,0.019,G
SP_000224,1005,0.0,G
SP_000224,1304,0.009,G
SP_000224,1293,0.811,G
SP_000224,1316,0.057,G
SP_000224,1108,0.0,UG
SP_000224,1109,0.4,MG
SP_000224,1214,1.759,G
SP_000224,1087,7.0,MG
SP_000224,1095,0.39,MG
SP_000224,1057,0.0,MG
SP_000224,1092,366.0,MG
SP_000224,1008,127.0,KCAL
SP_000224,1227,0.905,G
SP_000224,1259,0.0,G
SP_000224,1105,35.0,UG
SP_000224,1262,0.0,G
SP_000224,1213,1.562,G
SP_000224,2000,0.0,G
SP_000224,1122,0.0,UG
SP_000224,1107,0.0,UG
SP_000224,1058,0.0,MG
SP_000224,1110,435.0,IU
SP_000224,1126,0.0,MG
SP_000224,1018,0.0,G
SP_000224,1125,0.0,MG
SP_000224,1170,1.03,MG
SP_000224,1123,0.0,UG
SP_000224,1051,75.52,G
SP_000224,1103,31.4,UG
SP_000224,1212,0.954,G
SP_000224,1223,2.575,G
SP_000224,1128,0.0,MG
SP_000224,1185,0.4,UG
SP_000224,1167,7.995,MG
SP_000224,1175,0.611,MG
SP_000224,1180,94.6,MG
SP_000224,1120,0.0,UG
SP_000224,1219,1.1,G
SP_000224,1221,0.543,G
SP_000224,1186,0.0,UG
SP_000224,1129,0.0,MG
SP_000224,1190,4.0,UG
SP_000224,1220,1.287,G
SP_000224,1004,4.4,G
SP_000224,1216,0.159,G
SP_000224,1090,27.0,MG
SP_000224,1224,2.903,G
SP_000224,1276,0.072,G
SP_000224,1260,0.0,G
SP_000224,1253,46.0,MG
SP_000224,1177,4.0,UG
SP_000224,1300,0.01,G
SP_000224,1277,0.449,G
SP_000225,2048,136.22202,KCAL
SP_000225,2047,129.984,KCAL
SP_000225,1005,0.0,G
SP_000225,1100,18.38,UG
SP_000225,1092,329.7,MG
SP_000225,1095,0.4246,MG
SP_000225,1002,3.568,G
SP_000225,1253,59.3,MG
SP_000225,1103,30.2,UG
SP_000225,1098,0.0616,MG
SP_000225,1178,5.16,UG
SP_000225,1093,53.3,MG
SP_000225,1090,26.15,MG
SP_000225,1089,0.4024,MG
SP_000225,1051,72.51,G
SP_000225,1087,14.84,MG
SP_000225,1004,4.936,G
SP_000225,1101,0.0,MG
SP_000225,1105,42.81,UG
SP_000225,1007,1.164,G
SP_000225,1091,226.3,MG
SP_000225,1003,22.3,G
SP_000226,2048,203.10632,KCAL
SP_000226,2047,197.294,KCAL
SP_000226,1005,0.0,G
SP_000226,1004,13.11,G
SP_000226,1091,230.3,MG
SP_000226,1101,0.0,MG
SP_000226,1105,2.151,UG
SP_000226,1089,0.2588,MG
SP_000226,1093,49.49,MG
SP_000226,1007,1.224,G
SP_000226,1100,3.242,UG
SP_000226,1092,378.2,MG
SP_000226,1178,5.696,UG
SP_000226,1095,0.3394,MG
SP_000226,1253,62.11,MG
SP_000226,1051,65.84,G
SP_000226,1090,25.39,MG
SP_000226,1002,3.251,G
SP_000226,1087,9.423,MG
SP_000226,1098,0.02469,MG
SP_000226,1103,22.8,UG
SP_000226,1003,20.31875,G
SP_000227,1103,36.5,UG
SP_000227,1242,0.0,MG
SP_000227,1292,1.53,G
SP_000227,1007,1.27,G
SP_000227,1260,0.0,G
SP_000227,1165,0.13,MG
SP_000227,1214,1.771,G
SP_000227,1180,50.5,MG
SP_000227,1277,0.072,G
SP_000227,1185,0.1,UG
SP_000227,1224,2.879,G
SP_000227,1271,0.166,G
SP_000227,1003,19.29,G
SP_000227,1222,1.167,G
SP_000227,1259,0.0,G
SP_000227,1215,0.571,G
SP_000227,1170,0.75,MG
SP_000227,1220,1.154,G
SP_000227,1272,1.012,G
SP_000227,1268,1.117,G
SP_000227,1079,0.0,G
SP_000227,1253,76.0,MG
SP_000227,1105,39.0,UG
SP_000227,1175,0.4,MG
SP_000227,1261,0.0,G
SP_000227,1223,1.975,G
SP_000227,1109,0.69,MG
SP_000227,1057,0.0,MG
SP_000227,1227,0.787,G
SP_000227,1280,0.101,G
SP_000227,1162,1.6,MG
SP_000227,1270,0.034,G
SP_000227,1221,0.568,G
SP_000227,1092,446.0,MG
SP_000227,1279,0.05,G
SP_000227,1101,0.014,MG
SP_000227,1269,0.097,G
SP_000227,1120,0.0,UG
SP_000227,1108,0.0,UG
SP_000227,1225,0.926,G
SP_000227,1263,0.0,G
SP_000227,1258,1.828,G
SP_000227,1218,0.651,G
SP_000227,1095,0.49,MG
SP_000227,1264,0.173,G
SP_000227,1051,71.67,G
SP_000227,2000,0.0,G
SP_000227,1266,0.416,G
SP_000227,1246,0.0,UG
SP_000227,1004,6.3,G
SP_000227,1062,582.0,kJ
SP_000227,1212,0.889,G
SP_000227,1090,33.0,MG
SP_000227,1217,0.753,G
SP_000227,1293,1.739,G
SP_000227,1091,205.0,MG
SP_000227,1087,11.0,MG
SP_000227,1107,0.0,UG
SP_000227,1098,0.055,MG
SP_000227,1110,292.0,IU
SP_000227,1123,0.0,UG
SP_000227,1265,1.239,G
SP_000227,1122,0.0,UG
SP_000227,1219,0.994,G
SP_000227,1275,0.291,G
SP_000227,1112,7.3,UG
SP_000227,1278,0.329,G
SP_000227,1186,0.0,UG
SP_000227,1089,0.44,MG
SP_000227,1210,0.216,G
SP_000227,1093,59.0,MG
SP_000227,1262,0.0,G
SP_000227,1114,7.3,UG
SP_000227,1018,0.0,G
SP_000227,1187,1.0,UG
SP_000227,1211,0.846,G
SP_000227,1005,0.0,G
SP_000227,1167,2.3,MG
SP_000227,1276,0.0,G
SP_000227,1216,0.207,G
SP_000227,1177,1.0,UG
SP_000227,1213,1.568,G
SP_000227,1058,0.0,MG
SP_000227,1178,2.4,UG
SP_000227,1106,39.0,UG
SP_000227,1226,0.682,G
SP_000227,1104,130.0,IU
SP_000227,1166,0.17,MG
SP_000227,1190,1.0,UG
SP_000227,1008,139.0,KCAL
SP_000228,1190,16.0,UG
SP_000228,1267,0.001,G
SP_000228,1277,0.005,G
SP_000228,1062,289.0,kJ
SP_000228,1079,0.0,G
SP_000228,1274,0.001,G
SP_000228,1167,0.703,MG
SP_000228,1411,0.0,G
SP_000228,1321,0.0,G
SP_000228,1095,0.91,MG
SP_000228,2000,0.0,G
SP_000228,1223,0.923,G
SP_000228,1404,0.003,G
SP_000228,1075,0.0,G
SP_000228,1315,0.03,G
SP_000228,1272,0.061,G
SP_000228,1098,0.023,MG
SP_000228,1264,0.008,G
SP_000228,1217,0.351,G
SP_000228,1011,0.0,G
SP_000228,1010,0.0,G
SP_000228,1325,0.002,G
SP_000228,1162,0.0,MG
SP_000228,1221,0.185,G
SP_000228,1005,3.18,G
SP_000228,1210,0.102,G
SP_000228,1128,0.0,MG
SP_000228,1227,0.36,G
SP_000228,1306,0.001,G
SP_000228,1018,0.0,G
SP_000228,1114,0.0,UG
SP_000228,1279,0.001,G
SP_000228,1183,0.0,UG
SP_000228,1311,0.0,G
SP_000228,1273,0.001,G
SP_000228,1131,0.0,MG
SP_000228,1120,0.0,UG
SP_000228,1270,0.003,G
SP_000228,1110,1.0,IU
SP_000228,1269,0.008,G
SP_000228,1178,1.41,UG
SP_000228,1175,0.073,MG
SP_000228,1300,0.004,G
SP_000228,1314,0.006,G
SP_000228,1224,1.404,G
SP_000228,1165,0.007,MG
SP_000228,1214,0.739,G
SP_000228,1299,0.003,G
SP_000228,1259,0.0,G
SP_000228,1008,69.0,KCAL
SP_000228,1293,0.13,G
SP_000228,1014,0.0,G
SP_000228,1218,0.296,G
SP_000228,1312,0.001,G
SP_000228,1105,1.0,UG
SP_000228,1107,0.0,UG
SP_000228,1184,0.0,UG
SP_000228,1253,24.0,MG
SP_000228,1090,22.0,MG
SP_000228,1213,0.72,G
SP_000228,1212,0.406,G
SP_000228,1103,12.8,UG
SP_000228,1257,0.005,G
SP_000228,1092,205.0,MG
SP_000228,1215,0.286,G
SP_000228,1170,0.215,MG
SP_000228,1317,0.001,G
SP_000228,1177,16.0,UG
SP_000228,1186,0.0,UG
SP_000228,1266,0.029,G
SP_000228,1246,0.0,UG
SP_000228,1166,0.015,MG
SP_000228,1106,1.0,UG
SP_000228,1323,0.001,G
SP_000228,1329,0.004,G
SP_000228,1004,0.49,G
SP_000228,1185,0.0,UG
SP_000228,1316,0.007,G
SP_000228,1009,2.17,G
SP_000228,1261,0.0,G
SP_000228,1087,6.0,MG
SP_000228,1112,0.0,UG
SP_000228,1271,0.005,G
SP_000228,1301,0.0,G
SP_000228,1278,0.042,G
SP_000228,1219,0.379,G
SP_000228,1051,82.53,G
SP_000228,1057,0.0,MG
SP_000228,1125,0.0,MG
SP_000228,1101,0.017,MG
SP_000228,1406,0.002,G
SP_000228,1304,0.001,G
SP_000228,1211,0.369,G
SP_000228,1108,0.0,UG
SP_000228,1129,0.0,MG
SP_000228,1130,0.0,MG
SP_000228,1303,0.003,G
SP_000228,1013,0.0,G
SP_000228,1007,1.74,G
SP_000228,1225,1.034,G
SP_000228,1012,0.0,G
SP_000228,1091,334.0,MG
SP_000228,1268,0.031,G
SP_000228,1126,0.0,MG
SP_000228,1216,0.12,G
SP_000228,1127,0.0,MG
SP_000228,1280,0.003,G
SP_000228,1331,0.001,G
SP_000228,1262,0.0,G
SP_000228,1405,0.0,G
SP_000228,1003,12.06,G
SP_000228,1220,0.646,G
SP_000228,1260,0.0,G
SP_000228,1187,16.0,UG
SP_000228,1089,0.38,MG
SP_000228,1276,0.004,G
SP_000228,1292,0.048,G
SP_000228,1123,0.0,UG
SP_000228,1104,3.0,IU
SP_000228,1313,0.001,G
SP_000228,1226,0.286,G
SP_000228,1275,0.009,G
SP_000228,1242,0.0,MG
SP_000228,1222,0.536,G
SP_000228,1265,0.081,G
SP_000228,1058,0.0,MG
SP_000228,1093,392.0,MG
SP_000228,1109,0.0,MG
SP_000228,1333,0.0,G
SP_000228,1263,0.001,G
SP_000228,1258,0.128,G
SP_000228,1305,0.0,G
SP_000228,1122,0.0,UG
SP_000228,1180,65.0,MG
SP_000229,1106,32.0,UG
SP_000229,1112,10.2,UG
SP_000229,1268,0.165,G
SP_000229,1098,0.028,MG
SP_000229,1062,418.0,kJ
SP_000229,1278,0.051,G
SP_000229,1092,417.0,MG
SP_000229,1264,0.036,G
SP_000229,1079,0.0,G
SP_000229,1162,1.6,MG
SP_000229,1211,0.899,G
SP_000229,1190,5.0,UG
SP_000229,1242,0.0,MG
SP_000229,1007,1.31,G
SP_000229,1246,0.0,UG
SP_000229,1167,0.284,MG
SP_000229,1270,0.004,G
SP_000229,1226,0.725,G
SP_000229,1165,0.046,MG
SP_000229,1221,0.604,G
SP_000229,1260,0.0,G
SP_000229,1095,0.36,MG
SP_000229,1051,76.87,G
SP_000229,1261,0.0,G
SP_000229,1091,198.0,MG
SP_000229,1272,0.26,G
SP_000229,1227,0.837,G
SP_000229,1219,1.056,G
SP_000229,1218,0.692,G
SP_000229,1271,0.049,G
SP_000229,1217,0.801,G
SP_000229,1210,0.23,G
SP_000229,1259,0.0,G
SP_000229,1003,20.51,G
SP_000229,1187,5.0,UG
SP_000229,1258,0.285,G
SP_000229,1225,0.984,G
SP_000229,1279,0.0,G
SP_000229,1293,0.459,G
SP_000229,1275,0.06,G
SP_000229,1107,0.0,UG
SP_000229,1266,0.081,G
SP_000229,1166,0.003,MG
SP_000229,1277,0.021,G
SP_000229,1103,38.2,UG
SP_000229,1175,0.4,MG
SP_000229,1180,65.0,MG
SP_000229,1110,408.0,IU
SP_000229,1276,0.009,G
SP_000229,1170,0.75,MG
SP_000229,1263,0.0,G
SP_000229,1114,10.2,UG
SP_000229,1005,0.0,G
SP_000229,1212,0.945,G
SP_000229,1220,1.227,G
SP_000229,1087,32.0,MG
SP_000229,1122,0.0,UG
SP_000229,1004,1.34,G
SP_000229,1178,3.0,UG
SP_000229,1108,0.0,UG
SP_000229,1214,1.883,G
SP_000229,1057,0.0,MG
SP_000229,1224,3.061,G
SP_000229,1018,0.0,G
SP_000229,1008,100.0,KCAL
SP_000229,1292,0.251,G
SP_000229,1213,1.667,G
SP_000229,1222,1.24,G
SP_000229,1120,0.0,UG
SP_000229,1215,0.607,G
SP_000229,1109,0.96,MG
SP_000229,1269,0.019,G
SP_000229,1223,2.1,G
SP_000229,2000,0.0,G
SP_000229,1093,64.0,MG
SP_000229,1262,0.0,G
SP_000229,1185,0.1,UG
SP_000229,1123,0.0,UG
SP_000229,1186,0.0,UG
SP_000229,1216,0.22,G
SP_000229,1090,32.0,MG
SP_000229,1104,106.0,IU
SP_000229,1177,5.0,UG
SP_000229,1253,37.0,MG
SP_000229,1265,0.162,G
SP_000229,1101,0.013,MG
SP_000229,1105,32.0,UG
SP_000229,1089,0.18,MG
SP_000229,1058,0.0,MG
SP_000229,1280,0.065,G
SP_000230,1213,1.07,G
SP_000230,1277,0.019,G
SP_000230,1007,1.78,G
SP_000230,1095,3.28,MG
SP_000230,1105,0.0,UG
SP_000230,1101,2.983,MG
SP_000230,1131,0.0,MG
SP_000230,1128,0.35,MG
SP_000230,1226,1.625,G
SP_000230,1167,6.843,MG
SP_000230,1187,45.0,UG
SP_000230,1269,1.193,G
SP_000230,1292,0.445,G
SP_000230,1011,0.84,G
SP_000230,1404,0.065,G
SP_000230,1267,0.004,G
SP_000230,1225,0.602,G
SP_000230,1212,0.552,G
SP_000230,1214,0.409,G
SP_000230,1126,1.71,MG
SP_000230,1224,4.651,G
SP_000230,1177,45.0,UG
SP_000230,1270,0.065,G
SP_000230,1098,0.511,MG
SP_000230,1274,0.0,G
SP_000230,1125,0.25,MG
SP_000230,1166,0.113,MG
SP_000230,1009,53.92,G
SP_000230,1092,388.0,MG
SP_000230,1271,0.0,G
SP_000230,1010,0.59,G
SP_000230,1258,0.406,G
SP_000230,1321,0.0,G
SP_000230,1120,0.0,UG
SP_000230,1175,0.23,MG
SP_000230,1178,0.0,UG
SP_000230,1129,0.0,MG
SP_000230,1162,0.0,MG
SP_000230,1265,0.37,G
SP_000230,1300,0.0,G
SP_000230,1184,0.0,UG
SP_000230,1215,0.258,G
SP_000230,1091,401.0,MG
SP_000230,1089,4.44,MG
SP_000230,1013,0.0,G
SP_000230,1108,0.0,UG
SP_000230,1127,0.0,MG
SP_000230,1221,0.36,G
SP_000230,1313,0.0,G
SP_000230,1051,11.02,G
SP_000230,1109,0.79,MG
SP_000230,1093,8.0,MG
SP_000230,1227,0.725,G
SP_000230,2000,6.82,G
SP_000230,1264,0.0,G
SP_000230,1333,0.0,G
SP_000230,1165,0.364,MG
SP_000230,1261,0.0,G
SP_000230,1186,0.0,UG
SP_000230,1075,0.0,G
SP_000230,1210,0.132,G
SP_000230,1130,0.0,MG
SP_000230,1263,0.0,G
SP_000230,1123,169.0,UG
SP_000230,1223,0.757,G
SP_000230,1218,0.377,G
SP_000230,1222,0.534,G
SP_000230,1170,1.068,MG
SP_000230,1275,0.003,G
SP_000230,1190,45.0,UG
SP_000230,1012,0.24,G
SP_000230,1323,0.0,G
SP_000230,1008,338.0,KCAL
SP_000230,1079,10.7,G
SP_000230,1185,3.6,UG
SP_000230,1103,11.7,UG
SP_000230,1217,0.737,G
SP_000230,1005,70.19,G
SP_000230,1183,0.0,UG
SP_000230,1062,1414.0,kJ
SP_000230,1014,5.15,G
SP_000230,1325,0.0,G
SP_000230,1104,10.0,IU
SP_000230,1087,27.0,MG
SP_000230,1262,0.0,G
SP_000230,1216,0.33,G
SP_000230,1299,0.0,G
SP_000230,1219,0.681,G
SP_000230,1004,2.43,G
SP_000230,1266,0.024,G
SP_000230,1003,14.57,G
SP_000230,1268,0.423,G
SP_000230,1106,0.0,UG
SP_000230,1253,0.0,MG
SP_000230,1107,5.0,UG
SP_000230,1273,0.008,G
SP_000230,1293,1.258,G
SP_000230,1220,0.687,G
SP_000230,1122,0.0,UG
SP_000230,1211,0.443,G
SP_000230,1090,136.0,MG
SP_000233,1299,0.028,G
SP_000233,1280,0.141,G
SP_000233,1311,0.013,G
SP_000233,1315,2.227,G
SP_000233,1125,0.0,MG
SP_000233,1190,2.0,UG
SP_000233,1265,1.02,G
SP_000233,1300,0.034,G
SP_000233,1103,57.4,UG
SP_000233,1217,0.773,G
SP_000233,1292,3.004,G
SP_000233,1227,0.808,G
SP_000233,1218,0.668,G
SP_000233,1008,144.0,KCAL
SP_000233,1246,0.0,UG
SP_000233,1213,1.609,G
SP_000233,1270,0.028,G
SP_000233,1303,0.012,G
SP_000233,1079,0.0,G
SP_000233,1242,0.0,MG
SP_000233,1276,0.006,G
SP_000233,1317,0.126,G
SP_000233,1325,0.023,G
SP_000233,1305,0.002,G
SP_000233,1128,0.0,MG
SP_000233,1110,558.0,IU
SP_000233,1221,0.583,G
SP_000233,1293,1.149,G
SP_000233,1095,0.66,MG
SP_000233,1092,418.0,MG
SP_000233,1109,2.02,MG
SP_000233,1177,2.0,UG
SP_000233,1211,0.868,G
SP_000233,1323,0.005,G
SP_000233,1316,0.047,G
SP_000233,1263,0.007,G
SP_000233,1087,5.0,MG
SP_000233,1214,1.818,G
SP_000233,1004,6.65,G
SP_000233,1264,0.15,G
SP_000233,1212,0.912,G
SP_000233,1406,0.006,G
SP_000233,1261,0.0,G
SP_000233,1170,0.35,MG
SP_000233,1129,0.0,MG
SP_000233,1224,2.956,G
SP_000233,1215,0.586,G
SP_000233,1266,0.342,G
SP_000233,1223,2.028,G
SP_000233,1260,0.0,G
SP_000233,1220,1.185,G
SP_000233,1404,0.027,G
SP_000233,1051,73.38,G
SP_000233,1278,0.108,G
SP_000233,1226,0.7,G
SP_000233,1175,0.543,MG
SP_000233,1005,0.0,G
SP_000233,1272,0.648,G
SP_000233,1216,0.212,G
SP_000233,1331,0.015,G
SP_000233,1275,0.238,G
SP_000233,1167,7.76,MG
SP_000233,1210,0.222,G
SP_000233,1219,1.02,G
SP_000233,1269,0.075,G
SP_000233,1301,0.006,G
SP_000233,1409,0.002,G
SP_000233,1262,0.0,G
SP_000233,1277,0.379,G
SP_000233,1267,0.017,G
SP_000233,1271,0.07,G
SP_000233,1222,1.198,G
SP_000233,1314,0.226,G
SP_000233,1306,0.014,G
SP_000233,1274,0.005,G
SP_000233,1321,0.001,G
SP_000233,1279,0.128,G
SP_000233,1166,0.053,MG
SP_000233,1058,0.0,MG
SP_000233,1127,0.0,MG
SP_000233,1411,0.029,G
SP_000233,1130,0.0,MG
SP_000233,1120,0.0,UG
SP_000233,1259,0.0,G
SP_000233,2000,0.0,G
SP_000233,1123,0.0,UG
SP_000233,1104,120.0,IU
SP_000233,1165,0.075,MG
SP_000233,1405,0.017,G
SP_000233,1007,1.44,G
SP_000233,1107,0.0,UG
SP_000233,1062,602.0,kJ
SP_000233,1333,0.001,G
SP_000233,1090,29.0,MG
SP_000233,1114,13.9,UG
SP_000233,1089,0.38,MG
SP_000233,1185,0.1,UG
SP_000233,1180,65.0,MG
SP_000233,1257,0.047,G
SP_000233,1106,36.0,UG
SP_000233,1253,66.0,MG
SP_000233,1122,0.0,UG
SP_000233,1098,0.039,MG
SP_000233,1003,19.66,G
SP_000233,1131,0.0,MG
SP_000233,1018,0.0,G
SP_000233,1091,255.0,MG
SP_000233,1057,0.0,MG
SP_000233,1101,0.011,MG
SP_000233,1093,81.0,MG
SP_000233,1108,0.0,UG
SP_000233,1186,0.0,UG
SP_000233,1329,0.032,G
SP_000233,1112,13.9,UG
SP_000233,1178,1.7,UG
SP_000233,1187,2.0,UG
SP_000233,1105,36.0,UG
SP_000233,1162,0.0,MG
SP_000233,1268,2.246,G
SP_000233,1273,0.009,G
SP_000233,1304,0.02,G
SP_000233,1312,0.076,G
SP_000233,1258,1.614,G
SP_000233,1313,0.018,G
SP_000233,1225,0.95,G
SP_000233,1126,0.01,MG
SP_000234,1093,11.0,MG
SP_000234,1058,0.0,MG
SP_000234,1123,0.0,UG
SP_000234,1185,1.0,UG
SP_000234,1062,469.0,kJ
SP_000234,1162,4.5,MG
SP_000234,1265,0.035,G
SP_000234,1177,22.0,UG
SP_000234,1104,76.0,IU
SP_000234,1278,0.0,G
SP_000234,1187,22.0,UG
SP_000234,1090,33.0,MG
SP_000234,2000,0.4,G
SP_000234,1271,0.0,G
SP_000234,1272,0.0,G
SP_000234,1091,84.0,MG
SP_000234,1253,0.0,MG
SP_000234,1165,0.095,MG
SP_000234,1008,112.0,KCAL
SP_000234,1018,0.0,G
SP_000234,1122,0.0,UG
SP_000234,1210,0.023,G
SP_000234,1007,1.2,G
SP_000234,1223,0.192,G
SP_000234,1178,0.0,UG
SP_000234,1216,0.032,G
SP_000234,1262,0.0,G
SP_000234,1170,0.303,MG
SP_000234,1101,0.383,MG
SP_000234,1279,0.0,G
SP_000234,1108,0.0,UG
SP_000234,1220,0.103,G
SP_000234,1219,0.082,G
SP_000234,1092,591.0,MG
SP_000234,1242,0.0,MG
SP_000234,1221,0.034,G
SP_000234,1276,0.0,G
SP_000234,1110,0.0,IU
SP_000234,1264,0.0,G
SP_000234,1166,0.025,MG
SP_000234,1211,0.069,G
SP_000234,1079,4.1,G
SP_000234,1213,0.111,G
SP_000234,1215,0.02,G
SP_000234,1107,35.0,UG
SP_000234,1269,0.058,G
SP_000234,1224,0.174,G
SP_000234,1089,0.55,MG
SP_000234,1227,0.092,G
SP_000234,1109,2.38,MG
SP_000234,1175,0.283,MG
SP_000234,1257,0.0,G
SP_000234,1180,17.3,MG
SP_000234,1120,20.0,UG
SP_000234,1293,0.083,G
SP_000234,1218,0.055,G
SP_000234,1103,0.7,UG
SP_000234,1275,0.0,G
SP_000234,1005,26.46,G
SP_000234,1270,0.025,G
SP_000234,1190,22.0,UG
SP_000234,1263,0.0,G
SP_000234,1283,19.0,MG
SP_000234,1057,0.0,MG
SP_000234,1258,0.041,G
SP_000234,1259,0.0,G
SP_000234,1266,0.006,G
SP_000234,1003,1.5,G
SP_000234,1268,0.016,G
SP_000234,1222,0.073,G
SP_000234,1004,0.2,G
SP_000234,1217,0.082,G
SP_000234,1246,0.0,UG
SP_000234,1261,0.0,G
SP_000234,1114,0.0,UG
SP_000234,1226,0.06,G
SP_000234,1260,0.0,G
SP_000234,1105,0.0,UG
SP_000234,1292,0.016,G
SP_000234,1214,0.067,G
SP_000234,1277,0.0,G
SP_000234,1095,0.23,MG
SP_000234,1106,4.0,UG
SP_000234,1186,0.0,UG
SP_000234,1051,70.64,G
SP_000234,1225,0.074,G
SP_000234,1167,0.6,MG
SP_000234,1212,0.054,G
SP_000234,1098,0.172,MG
SP_000234,1087,43.0,MG
SP_000234,1280,0.0,G
SP_000235,1190,25.0,UG
SP_000235,1177,25.0,UG
SP_000235,1105,12.0,UG
SP_000235,1089,0.8,MG
SP_000235,1008,142.0,KCAL
SP_000235,1275,0.251,G
SP_000235,1087,12.0,MG
SP_000235,1166,0.38,MG
SP_000235,1272,1.115,G
SP_000235,1258,0.981,G
SP_000235,1186,0.0,UG
SP_000235,1218,0.67,G
SP_000235,1093,44.0,MG
SP_000235,1214,1.822,G
SP_000235,1079,0.0,G
SP_000235,1178,3.18,UG
SP_000235,1277,0.223,G
SP_000235,1278,0.321,G
SP_000235,1223,2.032,G
SP_000235,1106,12.0,UG
SP_000235,1268,1.351,G
SP_000235,1222,1.2,G
SP_000235,1051,68.5,G
SP_000235,1224,2.962,G
SP_000235,1165,0.226,MG
SP_000235,1103,36.5,UG
SP_000235,1090,29.0,MG
SP_000235,1280,0.287,G
SP_000235,1293,2.539,G
SP_000235,1292,2.103,G
SP_000235,1264,0.137,G
SP_000235,1221,0.584,G
SP_000235,1062,594.0,kJ
SP_000235,1170,1.664,MG
SP_000235,1226,0.702,G
SP_000235,1095,0.64,MG
SP_000235,1217,0.775,G
SP_000235,1167,7.86,MG
SP_000235,1215,0.587,G
SP_000235,1220,1.187,G
SP_000235,1270,0.295,G
SP_000235,1271,0.267,G
SP_000235,1219,1.022,G
SP_000235,1007,2.54,G
SP_000235,1104,40.0,IU
SP_000235,1213,1.613,G
SP_000235,1276,0.083,G
SP_000235,1005,0.0,G
SP_000235,1225,0.952,G
SP_000235,1175,0.818,MG
SP_000235,1004,6.34,G
SP_000235,1187,25.0,UG
SP_000235,1098,0.25,MG
SP_000235,1162,0.0,MG
SP_000235,1253,55.0,MG
SP_000235,1265,0.632,G
SP_000235,1266,0.212,G
SP_000235,1227,0.809,G
SP_000235,1216,0.213,G
SP_000235,1003,19.84,G
SP_000235,1101,0.016,MG
SP_000235,1210,0.222,G
SP_000235,1279,0.279,G
SP_000235,1212,0.914,G
SP_000235,1091,200.0,MG
SP_000235,1269,0.172,G
SP_000235,1092,490.0,MG
SP_000235,1211,0.87,G
SP_000236,1215,0.554,G
SP_000236,1087,11.0,MG
SP_000236,1062,602.0,kJ
SP_000236,1103,21.3,UG
SP_000236,1107,0.0,UG
SP_000236,1219,0.686,G
SP_000236,1092,224.0,MG
SP_000236,1007,0.98,G
SP_000236,1217,0.688,G
SP_000236,1090,25.0,MG
SP_000236,1246,0.0,UG
SP_000236,1123,0.0,UG
SP_000236,1262,0.004,G
SP_000236,1313,0.007,G
SP_000236,1120,0.0,UG
SP_000236,1211,0.768,G
SP_000236,1185,0.0,UG
SP_000236,1314,0.145,G
SP_000236,1260,0.0,G
SP_000236,1272,0.003,G
SP_000236,1404,0.066,G
SP_000236,1075,0.0,G
SP_000236,1166,0.185,MG
SP_000236,1264,0.052,G
SP_000236,1170,0.811,MG
SP_000236,1114,0.3,UG
SP_000236,1317,0.001,G
SP_000236,1228,0.144,G
SP_000236,1180,58.0,MG
SP_000236,1098,0.077,MG
SP_000236,1266,0.365,G
SP_000236,1226,1.22,G
SP_000236,1108,0.0,UG
SP_000236,1178,1.22,UG
SP_000236,1273,0.003,G
SP_000236,1306,0.014,G
SP_000236,1009,0.07,G
SP_000236,1265,0.985,G
SP_000236,1058,0.0,MG
SP_000236,1213,1.471,G
SP_000236,1216,0.202,G
SP_000236,1263,0.02,G
SP_000236,1091,183.0,MG
SP_000236,1300,0.012,G
SP_000236,1316,1.075,G
SP_000236,1079,0.0,G
SP_000236,1186,0.0,UG
SP_000236,1312,0.001,G
SP_000236,1253,72.0,MG
SP_000236,1014,0.0,G
SP_000236,1012,0.0,G
SP_000236,1406,0.006,G
SP_000236,1112,0.3,UG
SP_000236,1175,0.599,MG
SP_000236,1220,1.233,G
SP_000236,1293,1.466,G
SP_000236,1329,0.048,G
SP_000236,1214,1.746,G
SP_000236,1258,1.461,G
SP_000236,1279,0.001,G
SP_000236,1093,112.0,MG
SP_000236,1270,0.079,G
SP_000236,1125,0.0,MG
SP_000236,2000,0.07,G
SP_000236,1257,0.062,G
SP_000236,1268,1.608,G
SP_000236,1128,0.0,MG
SP_000236,1184,0.0,UG
SP_000236,1008,144.0,KCAL
SP_000236,1004,5.64,G
SP_000236,1177,7.0,UG
SP_000236,1325,0.007,G
SP_000236,1013,0.0,G
SP_000236,1051,72.69,G
SP_000236,1333,0.0,G
SP_000236,1221,0.573,G
SP_000236,1105,17.0,UG
SP_000236,1242,0.0,MG
SP_000236,1212,0.608,G
SP_000236,1126,0.02,MG
SP_000236,1315,1.295,G
SP_000236,1101,0.012,MG
SP_000236,1104,56.0,IU
SP_000236,1110,12.0,IU
SP_000236,1131,0.0,MG
SP_000236,1223,1.705,G
SP_000236,1411,0.007,G
SP_000236,1331,0.014,G
SP_000236,1267,0.004,G
SP_000236,1165,0.048,MG
SP_000236,1303,0.003,G
SP_000236,1011,0.0,G
SP_000236,1057,0.0,MG
SP_000236,1269,1.307,G
SP_000236,1109,0.09,MG
SP_000236,1129,0.0,MG
SP_000236,1210,0.223,G
SP_000236,1301,0.001,G
SP_000236,1261,0.0,G
SP_000236,1275,0.176,G
SP_000236,1321,0.002,G
SP_000236,1003,21.64,G
SP_000236,1305,0.0,G
SP_000236,1167,7.631,MG
SP_000236,1190,7.0,UG
SP_000236,1292,1.826,G
SP_000236,1127,0.0,MG
SP_000236,1018,0.0,G
SP_000236,1224,2.889,G
SP_000236,1089,0.86,MG
SP_000236,1225,1.036,G
SP_000236,1227,0.848,G
SP_000236,1304,0.045,G
SP_000236,1106,17.0,UG
SP_000236,1323,0.007,G
SP_000236,1299,0.007,G
SP_000236,1259,0.0,G
SP_000236,1278,0.002,G
SP_000236,1005,0.14,G
SP_000236,1187,7.0,UG
SP_000236,1274,0.007,G
SP_000236,1271,0.042,G
SP_000236,1276,0.0,G
SP_000236,1122,0.0,UG
SP_000236,1222,1.188,G
SP_000236,1130,0.01,MG
SP_000236,1280,0.004,G
SP_000236,1311,0.008,G
SP_000236,1010,0.07,G
SP_000236,1095,1.78,MG
SP_000236,1218,0.627,G
SP_000236,1277,0.024,G
SP_000236,1162,0.0,MG
SP_000236,1405,0.001,G
SP_000237,1220,1.46,G
SP_000237,1260,0.0,G
SP_000237,1114,0.1,UG
SP_000237,1264,0.137,G
SP_000237,1242,0.0,MG
SP_000237,2000,0.0,G
SP_000237,1098,0.067,MG
SP_000237,1221,0.771,G
SP_000237,1093,60.0,MG
SP_000237,1280,0.005,G
SP_000237,1005,0.0,G
SP_000237,1325,0.007,G
SP_000237,1112,0.1,UG
SP_000237,1106,1.0,UG
SP_000237,1213,1.842,G
SP_000237,1406,0.007,G
SP_000237,1018,0.0,G
SP_000237,1217,0.866,G
SP_000237,1167,5.727,MG
SP_000237,1270,0.009,G
SP_000237,1008,138.0,KCAL
SP_000237,1321,0.0,G
SP_000237,1126,0.0,MG
SP_000237,1315,1.761,G
SP_000237,1263,0.002,G
SP_000237,1323,0.042,G
SP_000237,1079,0.0,G
SP_000237,1166,0.203,MG
SP_000237,1214,2.029,G
SP_000237,1279,0.0,G
SP_000237,1313,0.001,G
SP_000237,1303,0.006,G
SP_000237,1103,23.9,UG
SP_000237,1299,0.013,G
SP_000237,1125,0.0,MG
SP_000237,1304,0.218,G
SP_000237,1333,0.005,G
SP_000237,1101,0.013,MG
SP_000237,1216,0.233,G
SP_000237,1127,0.0,MG
SP_000237,1123,0.0,UG
SP_000237,1062,579.0,kJ
SP_000237,1003,22.15,G
SP_000237,1293,0.307,G
SP_000237,1219,1.063,G
SP_000237,1057,0.0,MG
SP_000237,1170,0.494,MG
SP_000237,1092,322.0,MG
SP_000237,1258,2.151,G
SP_000237,1269,0.244,G
SP_000237,1271,0.041,G
SP_000237,1095,4.86,MG
SP_000237,1261,0.0,G
SP_000237,1212,1.001,G
SP_000237,1104,5.0,IU
SP_000237,1292,2.563,G
SP_000237,1331,0.009,G
SP_000237,1109,0.19,MG
SP_000237,1276,0.0,G
SP_000237,1165,0.075,MG
SP_000237,1257,0.233,G
SP_000237,1226,0.934,G
SP_000237,1211,0.994,G
SP_000237,1190,5.0,UG
SP_000237,1266,0.707,G
SP_000237,1329,0.224,G
SP_000237,1253,63.0,MG
SP_000237,1272,0.0,G
SP_000237,1277,0.006,G
SP_000237,1306,0.009,G
SP_000237,1227,0.877,G
SP_000237,1090,18.0,MG
SP_000237,1198,11.2,MG
SP_000237,1215,0.594,G
SP_000237,1004,5.54,G
SP_000237,1186,0.0,UG
SP_000237,1108,0.0,UG
SP_000237,1007,1.05,G
SP_000237,1089,2.08,MG
SP_000237,1185,1.3,UG
SP_000237,1314,0.085,G
SP_000237,1262,0.003,G
SP_000237,1087,13.0,MG
SP_000237,1412,0.056,G
SP_000237,1404,0.006,G
SP_000237,1268,2.304,G
SP_000237,1278,0.001,G
SP_000237,1224,3.523,G
SP_000237,1274,0.026,G
SP_000237,1316,0.191,G
SP_000237,1178,2.1,UG
SP_000237,1210,0.231,G
SP_000237,1175,0.558,MG
SP_000237,1246,0.0,UG
SP_000237,1177,5.0,UG
SP_000237,1162,0.0,MG
SP_000237,1122,0.0,UG
SP_000237,1110,2.0,IU
SP_000237,1120,0.0,UG
SP_000237,1259,0.0,G
SP_000237,1300,0.056,G
SP_000237,1105,1.0,UG
SP_000237,1275,0.18,G
SP_000237,1091,202.0,MG
SP_000237,1051,71.58,G
SP_000237,1218,0.787,G
SP_000237,1180,60.1,MG
SP_000237,1311,0.016,G
SP_000237,1225,1.014,G
SP_000237,1301,0.005,G
SP_000237,1058,0.0,MG
SP_000237,1187,5.0,UG
SP_000237,1107,0.0,UG
SP_000237,1228,0.12,G
SP_000237,1265,1.228,G
SP_000237,1267,0.001,G
SP_000237,1223,2.069,G
SP_000237,1222,1.3,G
SP_000239,1105,0.0,UG
SP_000239,1177,18.0,UG
SP_000239,1162,41.9,MG
SP_000239,1108,0.0,UG
SP_000239,1106,2.0,UG
SP_000239,1178,0.0,UG
SP_000239,1170,0.203,MG
SP_000239,1101,0.391,MG
SP_000239,1079,7.8,G
SP_000239,1257,0.0,G
SP_000239,1167,0.743,MG
SP_000239,1007,1.92,G
SP_000239,1175,0.274,MG
SP_000239,1087,128.0,MG
SP_000239,1098,0.155,MG
SP_000239,1114,0.0,UG
SP_000239,1090,69.0,MG
SP_000239,1008,109.0,KCAL
SP_000239,1093,17.0,MG
SP_000239,1187,18.0,UG
SP_000239,1165,0.131,MG
SP_000239,1005,23.54,G
SP_000239,1062,456.0,kJ
SP_000239,1095,1.62,MG
SP_000239,1166,0.114,MG
SP_000239,1253,0.0,MG
SP_000239,1003,4.8,G
SP_000239,1089,1.03,MG
SP_000239,1186,0.0,UG
SP_000239,1092,568.0,MG
SP_000239,1091,80.0,MG
SP_000239,1190,18.0,UG
SP_000239,1104,35.0,IU
SP_000239,1051,69.11,G
SP_000239,1120,0.0,UG
SP_000239,1004,0.63,G
SP_000239,1110,0.0,IU
SP_000239,1107,21.0,UG
SP_000240,1177,6.0,UG
SP_000240,1224,3.669,G
SP_000240,1213,1.903,G
SP_000240,1269,0.004,G
SP_000240,1180,65.0,MG
SP_000240,1062,573.0,kJ
SP_000240,1259,0.0,G
SP_000240,1220,2.468,G
SP_000240,1089,5.03,MG
SP_000240,1260,0.0,G
SP_000240,1266,0.009,G
SP_000240,1293,0.023,G
SP_000240,1253,65.0,MG
SP_000240,1246,0.0,UG
SP_000240,1101,0.447,MG
SP_000240,1106,26.0,UG
SP_000240,1123,0.0,UG
SP_000240,1218,0.759,G
SP_000240,1008,137.0,KCAL
SP_000240,1280,0.0,G
SP_000240,1170,0.208,MG
SP_000240,1219,1.037,G
SP_000240,1222,1.556,G
SP_000240,1087,57.0,MG
SP_000240,1166,0.107,MG
SP_000240,1093,206.0,MG
SP_000240,1175,0.342,MG
SP_000240,1122,0.0,UG
SP_000240,1215,0.603,G
SP_000240,1261,0.0,G
SP_000240,1265,0.02,G
SP_000240,1271,0.009,G
SP_000240,1292,0.028,G
SP_000240,1090,86.0,MG
SP_000240,1223,2.563,G
SP_000240,1104,87.0,IU
SP_000240,1003,23.84,G
SP_000240,1018,0.0,G
SP_000240,1262,0.0,G
SP_000240,1226,1.182,G
SP_000240,1092,347.0,MG
SP_000240,1112,0.0,UG
SP_000240,1079,0.0,G
SP_000240,1105,26.0,UG
SP_000240,1268,0.006,G
SP_000240,1120,0.0,UG
SP_000240,1272,0.006,G
SP_000240,1258,0.031,G
SP_000240,1211,1.068,G
SP_000240,1270,0.0,G
SP_000240,1275,0.005,G
SP_000240,1007,2.0,G
SP_000240,1242,0.0,MG
SP_000240,1214,1.465,G
SP_000240,1221,0.488,G
SP_000240,1098,1.03,MG
SP_000240,1190,6.0,UG
SP_000240,1091,141.0,MG
SP_000240,1225,1.495,G
SP_000240,1279,0.009,G
SP_000240,1263,0.0,G
SP_000240,1216,0.187,G
SP_000240,1109,0.13,MG
SP_000240,1107,0.0,UG
SP_000240,1187,6.0,UG
SP_000240,1212,0.828,G
SP_000240,1167,1.05,MG
SP_000240,1186,0.0,UG
SP_000240,1210,0.309,G
SP_000240,1162,4.0,MG
SP_000240,1165,0.026,MG
SP_000240,1278,0.004,G
SP_000240,1178,9.07,UG
SP_000240,1276,0.0,G
SP_000240,1005,7.76,G
SP_000240,1103,44.8,UG
SP_000240,2000,0.0,G
SP_000240,1057,0.0,MG
SP_000240,1114,0.0,UG
SP_000240,1264,0.002,G
SP_000240,1277,0.008,G
SP_000240,1217,0.824,G
SP_000240,1051,66.0,G
SP_000240,1004,0.4,G
SP_000240,1058,0.0,MG
SP_000240,1227,1.11,G
SP_000240,1108,0.0,UG
SP_000240,1185,0.1,UG
SP_000240,1095,1.63,MG
SP_000240,1110,0.0,IU
SP_000243,2048,360.53871,KCAL
SP_000243,2047,369.97,KCAL
SP_000243,1005,77.18825,G
SP_000243,1003,7.56875,G
SP_000243,1095,1.716,MG
SP_000243,1089,1.116,MG
SP_000243,1176,4.875,UG
SP_000243,1087,14.4,MG
SP_000243,1004,3.438,G
SP_000243,1002,1.211,G
SP_000243,1098,0.2095,MG
SP_000243,1079,4.179,G
SP_000243,1007,1.345,G
SP_000243,1093,0.0,MG
SP_000243,1091,306.7,MG
SP_000243,1009,71.35,G
SP_000243,1101,3.906,MG
SP_000243,1092,255.6,MG
SP_000243,1167,8.278,MG
SP_000243,1175,0.2024,MG
SP_000243,1051,10.46,G
SP_000243,1090,113.4,MG
SP_000243,1165,0.3188,MG
SP_000244,1166,0.45,MG
SP_000244,1257,0.0,G
SP_000244,1219,1.53,G
SP_000244,1177,45.0,UG
SP_000244,1098,2.88,MG
SP_000244,1122,0.0,UG
SP_000244,1005,41.71,G
SP_000244,1186,0.0,UG
SP_000244,1079,25.9,G
SP_000244,1103,8.2,UG
SP_000244,1275,0.055,G
SP_000244,1226,1.924,G
SP_000244,1270,0.262,G
SP_000244,1114,0.0,UG
SP_000244,1221,0.79,G
SP_000244,1008,409.0,KCAL
SP_000244,1007,3.98,G
SP_000244,1264,0.028,G
SP_000244,1217,1.429,G
SP_000244,1220,1.886,G
SP_000244,1091,451.0,MG
SP_000244,1108,0.0,UG
SP_000244,1101,3.721,MG
SP_000244,1292,6.012,G
SP_000244,1225,1.14,G
SP_000244,1268,5.654,G
SP_000244,1266,0.745,G
SP_000244,1087,440.0,MG
SP_000244,1062,1711.0,kJ
SP_000244,1057,0.0,MG
SP_000244,1090,179.0,MG
SP_000244,1058,0.0,MG
SP_000244,1190,45.0,UG
SP_000244,1004,16.32,G
SP_000244,1253,0.0,MG
SP_000244,1212,1.468,G
SP_000244,1105,0.0,UG
SP_000244,1107,0.0,UG
SP_000244,1170,0.795,MG
SP_000244,1165,1.03,MG
SP_000244,1293,4.33,G
SP_000244,1187,45.0,UG
SP_000244,1110,0.0,IU
SP_000244,1211,1.179,G
SP_000244,1216,0.545,G
SP_000244,1104,0.0,IU
SP_000244,1213,2.497,G
SP_000244,1162,0.0,MG
SP_000244,1123,0.0,UG
SP_000244,1018,0.0,G
SP_000244,1223,3.187,G
SP_000244,1269,4.068,G
SP_000244,1218,1.457,G
SP_000244,1106,0.0,UG
SP_000244,1089,13.44,MG
SP_000244,1051,8.34,G
SP_000244,1167,3.09,MG
SP_000244,1093,38.0,MG
SP_000244,1175,0.175,MG
SP_000244,1178,0.0,UG
SP_000244,1227,1.235,G
SP_000244,1095,4.48,MG
SP_000244,1003,29.65,G
SP_000244,1222,1.04,G
SP_000244,1215,0.356,G
SP_000244,1092,977.0,MG
SP_000244,1265,1.255,G
SP_000244,1224,4.01,G
SP_000244,1120,0.0,UG
SP_000244,1277,0.303,G
SP_000244,1258,2.303,G
SP_000244,1210,0.762,G
SP_000244,1214,2.136,G
SP_000247,1110,69.0,IU
SP_000247,1321,0.0,G
SP_000247,1126,0.0,MG
SP_000247,1210,0.262,G
SP_000247,1089,0.77,MG
SP_000247,1018,0.0,G
SP_000247,1218,0.789,G
SP_000247,1264,0.009,G
SP_000247,1260,0.0,G
SP_000247,1186,0.0,UG
SP_000247,1325,0.003,G
SP_000247,1311,0.0,G
SP_000247,1323,0.002,G
SP_000247,1114,1.7,UG
SP_000247,1187,2.0,UG
SP_000247,1411,0.002,G
SP_000247,1166,0.115,MG
SP_000247,1127,0.0,MG
SP_000247,1162,0.0,MG
SP_000247,1226,0.827,G
SP_000247,1175,0.933,MG
SP_000247,1227,0.954,G
SP_000247,1405,0.001,G
SP_000247,1008,109.0,KCAL
SP_000247,1058,0.0,MG
SP_000247,1293,0.147,G
SP_000247,1271,0.015,G
SP_000247,1219,1.204,G
SP_000247,1091,278.0,MG
SP_000247,1098,0.036,MG
SP_000247,1277,0.008,G
SP_000247,1265,0.106,G
SP_000247,1214,2.147,G
SP_000247,1222,1.414,G
SP_000247,1292,0.116,G
SP_000247,1316,0.006,G
SP_000247,1279,0.001,G
SP_000247,1112,1.7,UG
SP_000247,1258,0.172,G
SP_000247,1105,18.0,UG
SP_000247,1259,0.0,G
SP_000247,1216,0.251,G
SP_000247,1104,60.0,IU
SP_000247,1262,0.0,G
SP_000247,1315,0.08,G
SP_000247,1267,0.002,G
SP_000247,1221,0.688,G
SP_000247,1404,0.002,G
SP_000247,1406,0.001,G
SP_000247,1178,2.08,UG
SP_000247,1313,0.001,G
SP_000247,1257,0.016,G
SP_000247,1246,0.0,UG
SP_000247,1270,0.002,G
SP_000247,1167,18.475,MG
SP_000247,1131,0.0,MG
SP_000247,1300,0.004,G
SP_000247,1129,0.0,MG
SP_000247,1304,0.003,G
SP_000247,1190,2.0,UG
SP_000247,1261,0.0,G
SP_000247,1109,0.24,MG
SP_000247,1253,39.0,MG
SP_000247,1331,0.013,G
SP_000247,1269,0.019,G
SP_000247,1108,0.0,UG
SP_000247,1093,45.0,MG
SP_000247,1278,0.012,G
SP_000247,1215,0.692,G
SP_000247,1123,0.0,UG
SP_000247,1107,0.0,UG
SP_000247,1225,1.122,G
SP_000247,1266,0.045,G
SP_000247,1329,0.003,G
SP_000247,1268,0.083,G
SP_000247,1211,1.025,G
SP_000247,1122,0.0,UG
SP_000247,1003,24.4,G
SP_000247,1305,0.0,G
SP_000247,1280,0.004,G
SP_000247,2000,0.0,G
SP_000247,1128,0.0,MG
SP_000247,1224,3.489,G
SP_000247,1062,454.0,kJ
SP_000247,1272,0.088,G
SP_000247,1212,1.077,G
SP_000247,1263,0.001,G
SP_000247,1007,1.64,G
SP_000247,1092,441.0,MG
SP_000247,1273,0.001,G
SP_000247,1180,65.0,MG
SP_000247,1317,0.001,G
SP_000247,1165,0.118,MG
SP_000247,1220,1.399,G
SP_000247,1303,0.001,G
SP_000247,1095,0.37,MG
SP_000247,1242,0.0,MG
SP_000247,1276,0.0,G
SP_000247,1314,0.011,G
SP_000247,1217,0.913,G
SP_000247,1125,0.0,MG
SP_000247,1185,0.1,UG
SP_000247,1005,0.0,G
SP_000247,1130,0.0,MG
SP_000247,1079,0.0,G
SP_000247,1299,0.003,G
SP_000247,1106,18.0,UG
SP_000247,1101,0.011,MG
SP_000247,1312,0.008,G
SP_000247,1301,0.001,G
SP_000247,1120,0.0,UG
SP_000247,1213,1.9,G
SP_000247,1087,4.0,MG
SP_000247,1090,35.0,MG
SP_000247,1051,74.03,G
SP_000247,1004,0.49,G
SP_000247,1057,0.0,MG
SP_000247,1170,0.28,MG
SP_000247,1103,90.6,UG
SP_000247,1275,0.011,G
SP_000247,1333,0.001,G
SP_000247,1274,0.001,G
SP_000247,1306,0.013,G
SP_000247,1177,2.0,UG
SP_000247,1223,2.394,G
SP_000251,1265,0.141,G
SP_000251,1264,0.0,G
SP_000251,1253,78.0,MG
SP_000251,1062,364.0,kJ
SP_000251,1003,18.06,G
SP_000251,1106,2.0,UG
SP_000251,1210,0.251,G
SP_000251,1051,79.02,G
SP_000251,1292,0.192,G
SP_000251,1227,0.711,G
SP_000251,1222,1.023,G
SP_000251,1103,37.4,UG
SP_000251,1224,3.08,G
SP_000251,1293,0.387,G
SP_000251,1211,0.731,G
SP_000251,1269,0.012,G
SP_000251,1219,0.849,G
SP_000251,1104,5.0,IU
SP_000251,1186,0.0,UG
SP_000251,1098,0.669,MG
SP_000251,1268,0.104,G
SP_000251,1263,0.0,G
SP_000251,1091,229.0,MG
SP_000251,1217,0.763,G
SP_000251,1214,1.572,G
SP_000251,1223,1.866,G
SP_000251,1258,0.222,G
SP_000251,1170,0.35,MG
SP_000251,1178,9.0,UG
SP_000251,1261,0.0,G
SP_000251,1079,0.0,G
SP_000251,1005,0.04,G
SP_000251,1167,2.7,MG
SP_000251,1218,0.601,G
SP_000251,1004,1.08,G
SP_000251,1165,0.08,MG
SP_000251,1276,0.0,G
SP_000251,1279,0.0,G
SP_000251,1101,0.15,MG
SP_000251,1225,1.089,G
SP_000251,1213,1.433,G
SP_000251,1226,0.595,G
SP_000251,1215,0.508,G
SP_000251,1177,44.0,UG
SP_000251,1266,0.081,G
SP_000251,1270,0.0,G
SP_000251,1216,0.202,G
SP_000251,1175,0.15,MG
SP_000251,1089,0.74,MG
SP_000251,1008,87.0,KCAL
SP_000251,1260,0.0,G
SP_000251,1162,3.0,MG
SP_000251,1278,0.17,G
SP_000251,1190,44.0,UG
SP_000251,1090,34.0,MG
SP_000251,1093,293.0,MG
SP_000251,1105,2.0,UG
SP_000251,1280,0.0,G
SP_000251,1277,0.029,G
SP_000251,1221,0.367,G
SP_000251,1095,3.54,MG
SP_000251,1092,329.0,MG
SP_000251,1212,0.875,G
SP_000251,1272,0.15,G
SP_000251,1271,0.055,G
SP_000251,1007,1.81,G
SP_000251,1018,0.0,G
SP_000251,1275,0.059,G
SP_000251,1087,89.0,MG
SP_000251,1262,0.0,G
SP_000251,1166,0.04,MG
SP_000251,1187,44.0,UG
SP_000251,1220,1.577,G
SP_000251,1259,0.0,G
SP_000254,1095,1.2,MG
SP_000254,1051,1.829,G
SP_000254,1092,372.6,MG
SP_000254,1004,64.93,G
SP_000254,1091,208.4,MG
SP_000254,1101,11.3,MG
SP_000254,1090,106.8,MG
SP_000254,1007,1.361,G
SP_000254,1079,7.563,G
SP_000254,1098,0.4455,MG
SP_000254,1103,32.62,UG
SP_000254,1087,52.71,MG
SP_000254,1093,0.0,MG
SP_000254,1002,1.469,G
SP_000254,1089,1.881,MG
SP_000254,1003,7.7857,G
SP_000254,1005,24.0943,G
SP_000254,2047,711.89,KCAL
SP_000254,2048,668.54428,KCAL
SP_000255,1089,1.57,MG
SP_000255,1266,0.26,G
SP_000255,1269,0.86,G
SP_000255,1258,1.66,G
SP_000255,1003,20.05,G
SP_000255,1268,1.28,G
SP_000255,1264,0.15,G
SP_000255,1222,1.21,G
SP_000255,1092,330.0,MG
SP_000255,1062,569.0,kJ
SP_000255,1212,0.951,G
SP_000255,1162,0.0,MG
SP_000255,1005,0.0,G
SP_000255,1101,0.026,MG
SP_000255,1103,23.7,UG
SP_000255,1177,8.0,UG
SP_000255,1226,0.98,G
SP_000255,1218,0.714,G
SP_000255,1079,0.0,G
SP_000255,1223,1.959,G
SP_000255,1217,0.823,G
SP_000255,1093,41.0,MG
SP_000255,1221,0.562,G
SP_000255,1098,0.145,MG
SP_000255,1270,0.22,G
SP_000255,1253,57.0,MG
SP_000255,1105,0.0,UG
SP_000255,1213,1.562,G
SP_000255,1178,7.16,UG
SP_000255,1165,0.1,MG
SP_000255,1275,0.18,G
SP_000255,1265,1.25,G
SP_000255,1187,8.0,UG
SP_000255,1104,0.0,IU
SP_000255,1227,0.889,G
SP_000255,1216,0.252,G
SP_000255,1167,7.27,MG
SP_000255,1220,1.239,G
SP_000255,1175,0.5,MG
SP_000255,1293,1.08,G
SP_000255,1008,136.0,KCAL
SP_000255,1210,0.265,G
SP_000255,1219,1.019,G
SP_000255,1170,0.8,MG
SP_000255,1224,3.217,G
SP_000255,1211,0.897,G
SP_000255,1095,1.57,MG
SP_000255,1186,0.0,UG
SP_000255,1004,5.55,G
SP_000255,1225,1.089,G
SP_000255,1051,72.82,G
SP_000255,1106,0.0,UG
SP_000255,1091,213.0,MG
SP_000255,1007,0.72,G
SP_000255,1292,1.5,G
SP_000255,1214,1.756,G
SP_000255,1087,13.0,MG
SP_000255,1166,0.15,MG
SP_000255,1190,8.0,UG
SP_000255,1090,19.0,MG
SP_000255,1215,0.502,G
SP_000256,1092,246.0,MG
SP_000256,1280,0.004,G
SP_000256,1058,0.0,MG
SP_000256,1219,0.68,G
SP_000256,1258,0.358,G
SP_000256,1212,0.678,G
SP_000256,1087,32.0,MG
SP_000256,1246,0.0,UG
SP_000256,1091,221.0,MG
SP_000256,1004,1.38,G
SP_000256,1276,0.006,G
SP_000256,1112,0.0,UG
SP_000256,1005,3.08,G
SP_000256,1271,0.009,G
SP_000256,1260,0.0,G
SP_000256,1187,5.0,UG
SP_000256,1225,0.974,G
SP_000256,1266,0.058,G
SP_000256,1095,1.53,MG
SP_000256,1185,0.0,UG
SP_000256,1109,1.2,MG
SP_000256,1210,0.174,G
SP_000256,1218,0.498,G
SP_000256,1216,0.204,G
SP_000256,2000,0.0,G
SP_000256,1057,0.0,MG
SP_000256,1107,0.0,UG
SP_000256,1166,0.412,MG
SP_000256,1062,385.0,kJ
SP_000256,1279,0.007,G
SP_000256,1090,33.0,MG
SP_000256,1007,1.41,G
SP_000256,1226,0.635,G
SP_000256,1114,0.0,UG
SP_000256,1223,1.503,G
SP_000256,1104,33.0,IU
SP_000256,1008,92.0,KCAL
SP_000256,1227,0.698,G
SP_000256,1221,0.299,G
SP_000256,1224,2.118,G
SP_000256,1186,0.0,UG
SP_000256,1103,44.8,UG
SP_000256,1177,5.0,UG
SP_000256,1222,0.942,G
SP_000256,1110,0.0,IU
SP_000256,1101,0.035,MG
SP_000256,1292,0.107,G
SP_000256,1211,0.67,G
SP_000256,1264,0.036,G
SP_000256,1051,78.55,G
SP_000256,1098,1.891,MG
SP_000256,1263,0.0,G
SP_000256,1108,0.0,UG
SP_000256,1215,0.351,G
SP_000256,1272,0.342,G
SP_000256,1214,1.164,G
SP_000256,1293,0.524,G
SP_000256,1167,2.175,MG
SP_000256,1220,1.136,G
SP_000256,1079,0.0,G
SP_000256,1170,0.5,MG
SP_000256,1278,0.146,G
SP_000256,1268,0.046,G
SP_000256,1269,0.002,G
SP_000256,1180,65.0,MG
SP_000256,1122,0.0,UG
SP_000256,1242,0.0,MG
SP_000256,1018,0.0,G
SP_000256,1259,0.0,G
SP_000256,1178,1.3,UG
SP_000256,1213,1.096,G
SP_000256,1262,0.0,G
SP_000256,1123,0.0,UG
SP_000256,1277,0.044,G
SP_000256,1120,0.0,UG
SP_000256,1217,0.558,G
SP_000256,1275,0.008,G
SP_000256,1089,0.68,MG
SP_000256,1253,233.0,MG
SP_000256,1003,15.58,G
SP_000256,1270,0.004,G
SP_000256,1175,0.056,MG
SP_000256,1105,10.0,UG
SP_000256,1265,0.263,G
SP_000256,1190,5.0,UG
SP_000256,1093,44.0,MG
SP_000256,1261,0.0,G
SP_000256,1165,0.02,MG
SP_000256,1162,4.7,MG
SP_000256,1106,10.0,UG
SP_000257,2048,75.699433,KCAL
SP_000257,2047,71.4265,KCAL
SP_000257,1005,0.48495,G
SP_000257,1103,19.48,UG
SP_000257,1090,22.53,MG
SP_000257,1087,64.63,MG
SP_000257,1007,1.865,G
SP_000257,1100,13.64,UG
SP_000257,1093,474.9,MG
SP_000257,1105,0.6478,UG
SP_000257,1092,145.9,MG
SP_000257,1095,0.9368,MG
SP_000257,1091,190.6,MG
SP_000257,1089,0.5223,MG
SP_000257,1004,0.8013,G
SP_000257,1253,136.0,MG
SP_000257,1178,0.9963,UG
SP_000257,1098,0.2084,MG
SP_000257,1002,2.491,G
SP_000257,1101,0.02866,MG
SP_000257,1051,81.28,G
SP_000257,1003,15.56875,G
SP_000259,1112,0.5,UG
SP_000259,1276,0.0,G
SP_000259,1091,211.0,MG
SP_000259,1108,0.0,UG
SP_000259,1004,5.66,G
SP_000259,1090,23.0,MG
SP_000259,1214,1.927,G
SP_000259,1114,0.5,UG
SP_000259,1166,0.267,MG
SP_000259,1221,0.856,G
SP_000259,1272,0.0,G
SP_000259,1225,1.017,G
SP_000259,1268,2.32,G
SP_000259,1103,36.1,UG
SP_000259,1062,598.0,kJ
SP_000259,1190,5.0,UG
SP_000259,1180,75.6,MG
SP_000259,1278,0.0,G
SP_000259,1051,72.23,G
SP_000259,1107,0.0,UG
SP_000259,1095,1.84,MG
SP_000259,1263,0.01,G
SP_000259,1170,0.781,MG
SP_000259,1269,0.49,G
SP_000259,1101,0.012,MG
SP_000259,1218,0.747,G
SP_000259,2000,0.0,G
SP_000259,1008,143.0,KCAL
SP_000259,1123,0.0,UG
SP_000259,1246,0.0,UG
SP_000259,1264,0.07,G
SP_000259,1271,0.07,G
SP_000259,1089,0.84,MG
SP_000259,1165,0.989,MG
SP_000259,1098,0.062,MG
SP_000259,1167,4.915,MG
SP_000259,1122,0.0,UG
SP_000259,1213,1.719,G
SP_000259,1210,0.272,G
SP_000259,1184,0.0,UG
SP_000259,1120,0.0,UG
SP_000259,1177,5.0,UG
SP_000259,1105,2.0,UG
SP_000259,1018,0.0,G
SP_000259,1258,1.95,G
SP_000259,1215,0.567,G
SP_000259,1093,52.0,MG
SP_000259,1275,0.18,G
SP_000259,1110,22.0,IU
SP_000259,1058,0.0,MG
SP_000259,1262,0.01,G
SP_000259,1216,0.273,G
SP_000259,1293,0.61,G
SP_000259,1261,0.0,G
SP_000259,1175,0.527,MG
SP_000259,1227,0.885,G
SP_000259,1270,0.02,G
SP_000259,1079,0.0,G
SP_000259,1106,2.0,UG
SP_000259,1217,0.855,G
SP_000259,1211,0.978,G
SP_000259,1223,1.987,G
SP_000259,1242,0.0,MG
SP_000259,1226,0.861,G
SP_000259,1187,5.0,UG
SP_000259,1259,0.0,G
SP_000259,1292,2.56,G
SP_000259,1280,0.0,G
SP_000259,1253,59.0,MG
SP_000259,1224,3.354,G
SP_000259,1057,0.0,MG
SP_000259,1007,1.05,G
SP_000259,1005,0.0,G
SP_000259,1212,1.003,G
SP_000259,1265,1.25,G
SP_000259,1186,0.0,UG
SP_000259,1185,0.0,UG
SP_000259,1104,7.0,IU
SP_000259,1198,3.5,MG
SP_000259,1087,17.0,MG
SP_000259,1092,389.0,MG
SP_000259,1003,21.43,G
SP_000259,1260,0.0,G
SP_000259,1219,1.162,G
SP_000259,1279,0.0,G
SP_000259,1266,0.61,G
SP_000259,1162,0.6,MG
SP_000259,1109,0.18,MG
SP_000259,1277,0.04,G
SP_000259,1222,1.248,G
SP_000259,1178,0.63,UG
SP_000259,1220,1.332,G
SP_000260,1210,0.354,G
SP_000260,1005,0.0,G
SP_000260,1264,0.02,G
SP_000260,1263,0.02,G
SP_000260,1105,11.0,UG
SP_000260,1253,58.0,MG
SP_000260,1218,1.048,G
SP_000260,1091,228.0,MG
SP_000260,1165,0.24,MG
SP_000260,1278,0.01,G
SP_000260,1279,0.0,G
SP_000260,1187,4.0,UG
SP_000260,1104,37.0,IU
SP_000260,1271,0.08,G
SP_000260,1003,22.59,G
SP_000260,1213,1.938,G
SP_000260,1166,0.243,MG
SP_000260,1225,1.497,G
SP_000260,1268,0.67,G
SP_000260,1090,28.0,MG
SP_000260,1170,0.787,MG
SP_000260,1095,2.7,MG
SP_000260,1226,0.828,G
SP_000260,1087,10.0,MG
SP_000260,1262,0.0,G
SP_000260,1103,18.8,UG
SP_000260,1092,260.0,MG
SP_000260,1175,0.53,MG
SP_000260,1106,11.0,UG
SP_000260,1214,1.977,G
SP_000260,1079,0.0,G
SP_000260,1098,0.433,MG
SP_000260,1089,2.31,MG
SP_000260,1280,0.02,G
SP_000260,1212,1.233,G
SP_000260,1178,0.47,UG
SP_000260,1093,55.0,MG
SP_000260,1258,0.87,G
SP_000260,1101,0.018,MG
SP_000260,1219,1.225,G
SP_000260,1270,0.02,G
SP_000260,1216,0.394,G
SP_000260,1222,1.392,G
SP_000260,1227,1.103,G
SP_000260,1266,0.3,G
SP_000260,1223,1.883,G
SP_000260,1217,0.98,G
SP_000260,1162,5.1,MG
SP_000260,1215,0.716,G
SP_000260,1275,0.16,G
SP_000260,1265,0.52,G
SP_000260,1221,0.857,G
SP_000260,1186,0.0,UG
SP_000260,1004,2.99,G
SP_000260,1167,8.2,MG
SP_000260,1051,71.67,G
SP_000260,1292,0.84,G
SP_000260,1062,515.0,kJ
SP_000260,1269,0.62,G
SP_000260,1293,0.77,G
SP_000260,1211,1.131,G
SP_000260,1224,2.928,G
SP_000260,1220,1.432,G
SP_000260,1190,4.0,UG
SP_000260,1277,0.0,G
SP_000260,1008,123.0,KCAL
SP_000260,1272,0.0,G
SP_000260,1007,1.27,G
SP_000260,1177,4.0,UG
SP_000261,1057,0.0,MG
SP_000261,1187,63.0,UG
SP_000261,1167,0.767,MG
SP_000261,1190,63.0,UG
SP_000261,1058,0.0,MG
SP_000261,1276,0.0,G
SP_000261,1253,0.0,MG
SP_000261,1275,0.0,G
SP_000261,1114,0.0,UG
SP_000261,1185,7.8,UG
SP_000261,1105,0.0,UG
SP_000261,1101,0.547,MG
SP_000261,1093,1.0,MG
SP_000261,1280,0.0,G
SP_000261,1263,0.0,G
SP_000261,1103,0.2,UG
SP_000261,1004,0.26,G
SP_000261,1279,0.0,G
SP_000261,1175,0.056,MG
SP_000261,1003,1.1,G
SP_000261,1186,0.0,UG
SP_000261,1108,0.0,UG
SP_000261,1110,0.0,IU
SP_000261,1265,0.006,G
SP_000261,1091,27.0,MG
SP_000261,1246,0.0,UG
SP_000261,1166,0.037,MG
SP_000261,1260,0.0,G
SP_000261,1259,0.0,G
SP_000261,1098,0.08,MG
SP_000261,1095,0.22,MG
SP_000261,1090,16.0,MG
SP_000261,1262,0.0,G
SP_000261,1005,12.19,G
SP_000261,1178,0.0,UG
SP_000261,1092,139.0,MG
SP_000261,1269,0.098,G
SP_000261,1278,0.0,G
SP_000261,1180,10.2,MG
SP_000261,1258,0.009,G
SP_000261,1271,0.0,G
SP_000261,1087,27.0,MG
SP_000261,1293,0.148,G
SP_000261,1109,0.87,MG
SP_000261,1165,0.053,MG
SP_000261,1292,0.025,G
SP_000261,1264,0.0,G
SP_000261,1106,3.0,UG
SP_000261,1268,0.023,G
SP_000261,1018,0.0,G
SP_000261,1089,0.85,MG
SP_000261,1079,5.3,G
SP_000261,1123,118.0,UG
SP_000261,1104,67.0,IU
SP_000261,1007,0.54,G
SP_000261,1257,0.0,G
SP_000261,1162,3.1,MG
SP_000261,1120,0.0,UG
SP_000261,1170,0.25,MG
SP_000261,1122,0.0,UG
SP_000261,1277,0.002,G
SP_000261,1107,40.0,UG
SP_000261,1261,0.0,G
SP_000261,2000,6.89,G
SP_000261,1051,85.9,G
SP_000261,1266,0.001,G
SP_000261,1272,0.0,G
SP_000261,1270,0.05,G
SP_000261,1062,209.0,kJ
SP_000261,1008,50.0,KCAL
SP_000261,1177,63.0,UG
SP_000261,1242,0.0,MG
SP_000265,1079,3.8,G
SP_000265,1186,0.0,UG
SP_000265,1257,0.0,G
SP_000265,1103,0.9,UG
SP_000265,1092,633.0,MG
SP_000265,1008,32.0,KCAL
SP_000265,1095,1.1,MG
SP_000265,1166,0.348,MG
SP_000265,1178,0.0,UG
SP_000265,1167,0.639,MG
SP_000265,1098,0.19,MG
SP_000265,1051,89.21,G
SP_000265,1107,38.0,UG
SP_000265,1018,0.0,G
SP_000265,1003,0.33,G
SP_000265,1007,2.5,G
SP_000265,1090,121.0,MG
SP_000265,1004,0.52,G
SP_000265,1091,86.0,MG
SP_000265,1162,3.6,MG
SP_000265,1190,215.0,UG
SP_000265,1089,1.88,MG
SP_000265,1062,134.0,kJ
SP_000265,1170,0.179,MG
SP_000265,1104,57.0,IU
SP_000265,1087,275.0,MG
SP_000265,1253,0.0,MG
SP_000265,1114,0.0,UG
SP_000265,1110,0.0,IU
SP_000265,1093,43.0,MG
SP_000265,1101,3.098,MG
SP_000265,1165,0.028,MG
SP_000265,1177,215.0,UG
SP_000265,1175,0.152,MG
SP_000265,1105,0.0,UG
SP_000265,1187,215.0,UG
SP_000265,1005,7.44,G
SP_000265,1106,3.0,UG
SP_000266,1062,139.0,kJ
SP_000266,1114,0.7,UG
SP_000266,1178,0.0,UG
SP_000266,1253,0.0,MG
SP_000266,1266,0.0,G
SP_000266,1185,0.0,UG
SP_000266,1279,0.0,G
SP_000266,1280,0.0,G
SP_000266,1270,0.0,G
SP_000266,1217,0.112,G
SP_000266,1313,0.0,G
SP_000266,1264,0.0,G
SP_000266,1167,4.956,MG
SP_000266,1101,0.113,MG
SP_000266,1011,1.11,G
SP_000266,1271,0.0,G
SP_000266,1272,0.0,G
SP_000266,2000,1.11,G
SP_000266,1090,18.0,MG
SP_000266,1089,1.33,MG
SP_000266,1130,0.0,MG
SP_000266,1190,38.0,UG
SP_000266,1131,0.0,MG
SP_000266,1227,0.126,G
SP_000266,1286,1.0,MG
SP_000266,1005,6.09,G
SP_000266,1093,18.0,MG
SP_000266,1222,0.239,G
SP_000266,1214,0.126,G
SP_000266,1215,0.042,G
SP_000266,1300,0.0,G
SP_000266,1276,0.0,G
SP_000266,1009,0.0,G
SP_000266,1260,0.0,G
SP_000266,1098,0.244,MG
SP_000266,1103,2.6,UG
SP_000266,1128,0.03,MG
SP_000266,1092,420.0,MG
SP_000266,1285,0.0,MG
SP_000266,1218,0.084,G
SP_000266,1075,0.0,G
SP_000266,1288,0.0,MG
SP_000266,1277,0.0,G
SP_000266,1004,0.41,G
SP_000266,1187,38.0,UG
SP_000266,1267,0.0,G
SP_000266,1105,0.0,UG
SP_000266,1018,0.0,G
SP_000266,1269,0.123,G
SP_000266,1312,0.0,G
SP_000266,1410,0.0,G
SP_000266,1333,0.0,G
SP_000266,1212,0.112,G
SP_000266,1177,38.0,UG
SP_000266,1079,2.3,G
SP_000266,1127,0.0,MG
SP_000266,1107,29.0,UG
SP_000266,1180,48.7,MG
SP_000266,1262,0.0,G
SP_000266,1106,2.0,UG
SP_000266,1008,33.0,KCAL
SP_000266,1111,0.7,UG
SP_000266,1216,0.028,G
SP_000266,1301,0.0,G
SP_000266,1012,0.0,G
SP_000266,1095,0.77,MG
SP_000266,1186,0.0,UG
SP_000266,1223,0.295,G
SP_000266,1220,0.182,G
SP_000266,1274,0.0,G
SP_000266,1057,0.0,MG
SP_000266,1259,0.0,G
SP_000266,1122,0.0,UG
SP_000266,1258,0.062,G
SP_000266,1275,0.0,G
SP_000266,1183,0.0,UG
SP_000266,1003,3.31,G
SP_000266,1126,0.0,MG
SP_000266,1170,1.294,MG
SP_000266,1263,0.0,G
SP_000266,1299,0.0,G
SP_000266,1165,0.125,MG
SP_000266,1112,0.0,UG
SP_000266,1221,0.07,G
SP_000266,1293,0.123,G
SP_000266,1166,0.349,MG
SP_000266,1125,0.0,MG
SP_000266,1104,48.0,IU
SP_000266,1129,0.0,MG
SP_000266,1265,0.062,G
SP_000266,1007,1.01,G
SP_000266,1109,0.0,MG
SP_000266,1273,0.0,G
SP_000266,1292,0.031,G
SP_000266,1213,0.168,G
SP_000266,1278,0.0,G
SP_000266,1257,0.0,G
SP_000266,1091,120.0,MG
SP_000266,1013,0.0,G
SP_000266,1162,0.0,MG
SP_000266,1058,0.0,MG
SP_000266,1087,3.0,MG
SP_000266,1224,0.632,G
SP_000266,1175,0.11,MG
SP_000266,1120,0.0,UG
SP_000266,1110,29.0,IU
SP_000266,1210,0.042,G
SP_000266,1051,89.18,G
SP_000266,1411,0.0,G
SP_000266,1226,0.042,G
SP_000266,1010,0.0,G
SP_000266,1211,0.14,G
SP_000266,1108,0.0,UG
SP_000266,1261,0.0,G
SP_000266,1323,0.0,G
SP_000266,1225,0.126,G
SP_000266,1219,0.197,G
SP_000266,1123,0.0,UG
SP_000266,1325,0.0,G
SP_000266,1268,0.031,G
SP_000266,1198,12.1,MG
SP_000266,1014,0.0,G
SP_000266,1184,0.0,UG
SP_000271,1242,0.0,MG
SP_000271,1004,4.84,G
SP_000271,1175,0.143,MG
SP_000271,1263,0.014,G
SP_000271,1271,0.007,G
SP_000271,1268,0.624,G
SP_000271,1279,0.115,G
SP_000271,1264,0.302,G
SP_000271,1213,1.654,G
SP_000271,1278,0.538,G
SP_000271,1221,0.599,G
SP_000271,1051,73.37,G
SP_000271,1227,0.83,G
SP_000271,1246,0.0,UG
SP_000271,1266,0.252,G
SP_000271,1092,383.0,MG
SP_000271,1008,131.0,KCAL
SP_000271,1005,0.0,G
SP_000271,1292,1.182,G
SP_000271,1167,14.024,MG
SP_000271,1087,147.0,MG
SP_000271,1095,1.72,MG
SP_000271,1275,0.4,G
SP_000271,1214,1.869,G
SP_000271,1269,0.097,G
SP_000271,1216,0.218,G
SP_000271,1220,1.217,G
SP_000271,1280,0.029,G
SP_000271,1170,0.645,MG
SP_000271,1007,1.44,G
SP_000271,1265,0.715,G
SP_000271,1103,36.5,UG
SP_000271,1258,1.282,G
SP_000271,1212,0.938,G
SP_000271,1272,0.911,G
SP_000271,1293,1.637,G
SP_000271,1223,2.084,G
SP_000271,1062,548.0,kJ
SP_000271,1178,0.62,UG
SP_000271,1185,0.1,UG
SP_000271,1211,0.892,G
SP_000271,1057,0.0,MG
SP_000271,1225,0.977,G
SP_000271,1109,0.57,MG
SP_000271,1123,0.0,UG
SP_000271,1259,0.0,G
SP_000271,1226,0.72,G
SP_000271,1165,0.055,MG
SP_000271,1079,0.0,G
SP_000271,1093,104.0,MG
SP_000271,1262,0.0,G
SP_000271,1108,0.0,UG
SP_000271,1260,0.0,G
SP_000271,1217,0.794,G
SP_000271,1106,15.0,UG
SP_000271,1210,0.228,G
SP_000271,1122,0.0,UG
SP_000271,1120,0.0,UG
SP_000271,1177,9.0,UG
SP_000271,1222,1.231,G
SP_000271,1162,0.0,MG
SP_000271,1166,0.256,MG
SP_000271,1261,0.0,G
SP_000271,1186,0.0,UG
SP_000271,1105,15.0,UG
SP_000271,1107,0.0,UG
SP_000271,1003,20.35,G
SP_000271,1215,0.602,G
SP_000271,1218,0.687,G
SP_000271,1018,0.0,G
SP_000271,1058,0.0,MG
SP_000271,1104,50.0,IU
SP_000271,1101,0.07,MG
SP_000271,1224,3.038,G
SP_000271,1090,41.0,MG
SP_000271,1277,0.0,G
SP_000271,1190,9.0,UG
SP_000271,1089,3.25,MG
SP_000271,1091,174.0,MG
SP_000271,1098,0.211,MG
SP_000271,2000,0.0,G
SP_000271,1270,0.0,G
SP_000271,1187,9.0,UG
SP_000271,1219,1.048,G
SP_000271,1253,60.0,MG
SP_000271,1276,0.055,G
SP_000274,1170,0.358,MG
SP_000274,1089,8.32,MG
SP_000274,1125,0.0,MG
SP_000274,1220,0.166,G
SP_000274,1131,0.0,MG
SP_000274,1062,1035.0,kJ
SP_000274,1058,0.0,MG
SP_000274,1273,0.0,G
SP_000274,1293,0.068,G
SP_000274,1166,0.041,MG
SP_000274,1110,0.0,IU
SP_000274,1175,0.158,MG
SP_000274,1011,1.04,G
SP_000274,1260,0.0,G
SP_000274,1312,0.0,G
SP_000274,1323,0.0,G
SP_000274,1178,0.0,UG
SP_000274,1123,222.0,UG
SP_000274,1018,0.0,G
SP_000274,1003,3.99,G
SP_000274,1278,0.0,G
SP_000274,1226,0.419,G
SP_000274,1079,53.1,G
SP_000274,1267,0.0,G
SP_000274,1321,0.0,G
SP_000274,1167,1.332,MG
SP_000274,1262,0.003,G
SP_000274,1218,0.136,G
SP_000274,1091,64.0,MG
SP_000274,1299,0.0,G
SP_000274,1214,0.243,G
SP_000274,1216,0.058,G
SP_000274,1109,2.32,MG
SP_000274,1162,3.8,MG
SP_000274,1101,17.466,MG
SP_000274,1075,0.0,G
SP_000274,1315,0.246,G
SP_000274,1190,6.0,UG
SP_000274,1107,112.0,UG
SP_000274,1120,129.0,UG
SP_000274,1292,0.246,G
SP_000274,1126,10.44,MG
SP_000274,1184,0.0,UG
SP_000274,1130,0.0,MG
SP_000274,1010,0.02,G
SP_000274,1114,0.0,UG
SP_000274,1279,0.0,G
SP_000274,1274,0.0,G
SP_000274,1122,15.0,UG
SP_000274,1095,1.83,MG
SP_000274,1093,10.0,MG
SP_000274,1213,0.253,G
SP_000274,1090,60.0,MG
SP_000274,1221,0.117,G
SP_000274,1259,0.0,G
SP_000274,1280,0.0,G
SP_000274,1127,0.26,MG
SP_000274,1272,0.0,G
SP_000274,1108,1.0,UG
SP_000274,1258,0.345,G
SP_000274,1313,0.0,G
SP_000274,1008,247.0,KCAL
SP_000274,1404,0.011,G
SP_000274,1333,0.0,G
SP_000274,1270,0.011,G
SP_000274,1301,0.0,G
SP_000274,1283,26.0,MG
SP_000274,1177,6.0,UG
SP_000274,1057,0.0,MG
SP_000274,1007,3.6,G
SP_000274,1211,0.136,G
SP_000274,1103,3.1,UG
SP_000274,1014,0.0,G
SP_000274,1129,0.0,MG
SP_000274,1265,0.104,G
SP_000274,1228,0.0,G
SP_000274,1246,0.0,UG
SP_000274,1013,0.0,G
SP_000274,1263,0.006,G
SP_000274,1300,0.136,G
SP_000274,1004,1.24,G
SP_000274,1187,6.0,UG
SP_000274,1253,0.0,MG
SP_000274,1012,1.11,G
SP_000274,1198,3.9,MG
SP_000274,1098,0.339,MG
SP_000274,1104,295.0,IU
SP_000274,1261,0.0,G
SP_000274,1224,0.37,G
SP_000274,1264,0.009,G
SP_000274,1165,0.022,MG
SP_000274,1005,80.59,G
SP_000274,1269,0.044,G
SP_000274,1257,0.0,G
SP_000274,1180,11.0,MG
SP_000274,1223,0.438,G
SP_000274,1227,0.195,G
SP_000274,1271,0.0,G
SP_000274,1304,0.0,G
SP_000274,1325,0.0,G
SP_000274,1275,0.001,G
SP_000274,1186,0.0,UG
SP_000274,1215,0.078,G
SP_000274,1268,0.246,G
SP_000274,1087,1002.0,MG
SP_000274,1222,0.166,G
SP_000274,1185,31.2,UG
SP_000274,1210,0.049,G
SP_000274,1219,0.224,G
SP_000274,2000,2.17,G
SP_000274,1217,0.146,G
SP_000274,1242,0.0,MG
SP_000274,1212,0.146,G
SP_000274,1092,431.0,MG
SP_000274,1277,0.0,G
SP_000274,1276,0.0,G
SP_000274,1106,15.0,UG
SP_000274,1266,0.082,G
SP_000274,1128,0.0,MG
SP_000274,1105,0.0,UG
SP_000274,1332,0.0,G
SP_000274,1225,0.195,G
SP_000274,1329,0.0,G
SP_000274,1051,10.58,G
SP_000279,1259,0.0,G
SP_000279,1275,0.019,G
SP_000279,1177,196.0,UG
SP_000279,1264,0.007,G
SP_000279,1257,0.0,G
SP_000279,1123,0.0,UG
SP_000279,1269,0.01,G
SP_000279,1114,0.0,UG
SP_000279,1220,0.092,G
SP_000279,1292,0.058,G
SP_000279,1271,0.021,G
SP_000279,1062,188.0,kJ
SP_000279,1079,0.5,G
SP_000279,1210,0.035,G
SP_000279,1258,0.13,G
SP_000279,1101,1.4,MG
SP_000279,1103,0.7,UG
SP_000279,1263,0.0,G
SP_000279,1223,0.179,G
SP_000279,1051,79.99,G
SP_000279,1018,0.0,G
SP_000279,1277,0.02,G
SP_000279,1122,0.0,UG
SP_000279,1107,216.0,UG
SP_000279,1165,0.06,MG
SP_000279,1090,107.0,MG
SP_000279,1268,0.02,G
SP_000279,1266,0.006,G
SP_000279,1005,9.14,G
SP_000279,1224,0.199,G
SP_000279,1008,45.0,KCAL
SP_000279,1218,0.049,G
SP_000279,1058,0.0,MG
SP_000279,1185,5.3,UG
SP_000279,1211,0.165,G
SP_000279,1215,0.063,G
SP_000279,1057,0.0,MG
SP_000279,2000,0.65,G
SP_000279,1222,0.136,G
SP_000279,1272,0.0,G
SP_000279,1242,0.0,MG
SP_000279,1098,0.284,MG
SP_000279,1106,18.0,UG
SP_000279,1089,2.18,MG
SP_000279,1293,0.218,G
SP_000279,1180,13.9,MG
SP_000279,1187,196.0,UG
SP_000279,1217,0.112,G
SP_000279,1246,0.0,UG
SP_000279,1276,0.0,G
SP_000279,1280,0.0,G
SP_000279,1261,0.0,G
SP_000279,1262,0.0,G
SP_000279,1279,0.0,G
SP_000279,1186,0.0,UG
SP_000279,1104,360.0,IU
SP_000279,1092,50.0,MG
SP_000279,1226,0.092,G
SP_000279,1093,872.0,MG
SP_000279,1227,0.078,G
SP_000279,1120,0.0,UG
SP_000279,1095,0.38,MG
SP_000279,1265,0.117,G
SP_000279,1219,0.209,G
SP_000279,1108,0.0,UG
SP_000279,1178,0.0,UG
SP_000279,1253,0.0,MG
SP_000279,1260,0.0,G
SP_000279,1212,0.087,G
SP_000279,1162,3.0,MG
SP_000279,1213,0.257,G
SP_000279,1225,0.112,G
SP_000279,1216,0.028,G
SP_000279,1105,0.0,UG
SP_000279,1007,7.2,G
SP_000279,1214,0.112,G
SP_000279,1109,1.0,MG
SP_000279,1190,196.0,UG
SP_000279,1166,0.23,MG
SP_000279,1004,0.64,G
SP_000279,1170,0.697,MG
SP_000279,1278,0.186,G
SP_000279,1221,0.015,G
SP_000279,1003,3.03,G
SP_000279,1175,0.002,MG
SP_000279,1110,0.0,IU
SP_000279,1091,80.0,MG
SP_000279,1270,0.002,G
SP_000279,1167,1.6,MG
SP_000279,1087,150.0,MG
SP_000282,1185,1.7,UG
SP_000282,1184,0.0,UG
SP_000282,1183,0.0,UG
SP_000282,1258,6.054,G
SP_000282,1292,9.625,G
SP_000282,1293,49.331,G
SP_000282,2048,678.66434,KCAL
SP_000282,2047,729.556,KCAL
SP_000282,1005,10.9096,G
SP_000282,1003,14.5644,G
SP_000282,1227,0.78,G
SP_000282,1165,0.23,MG
SP_000282,1167,1.218,MG
SP_000282,1224,2.987,G
SP_000282,1213,0.9967,G
SP_000282,1210,0.1267,G
SP_000282,1214,0.38,G
SP_000282,1004,69.74,G
SP_000282,1232,0.3767,G
SP_000282,1217,0.6067,G
SP_000282,1101,2.995,MG
SP_000282,1218,0.43,G
SP_000282,1175,0.6603,MG
SP_000282,1223,1.293,G
SP_000282,1093,0.0,MG
SP_000282,1228,0.0,G
SP_000282,1220,2.02,G
SP_000282,1211,0.4433,G
SP_000282,1091,365.1,MG
SP_000282,1002,2.748,G
SP_000282,1087,88.26,MG
SP_000282,1079,5.21,G
SP_000282,1222,0.59,G
SP_000282,1219,0.5967,G
SP_000282,1221,0.3433,G
SP_000282,1176,17.28,UG
SP_000282,1090,142.4,MG
SP_000282,1102,21.0,UG
SP_000282,1225,0.69,G
SP_000282,1007,1.641,G
SP_000282,1215,0.19,G
SP_000282,1089,2.235,MG
SP_000282,1095,2.76,MG
SP_000282,1092,423.5,MG
SP_000282,1098,1.206,MG
SP_000282,1226,0.78,G
SP_000282,1212,0.52,G
SP_000282,1051,3.145,G
SP_000283,1242,0.0,MG
SP_000283,1120,0.0,UG
SP_000283,1087,98.0,MG
SP_000283,1107,0.0,UG
SP_000283,1190,179.0,UG
SP_000283,1185,0.2,UG
SP_000283,1246,0.0,UG
SP_000283,1258,0.37,G
SP_000283,1003,26.3,G
SP_000283,1259,0.0,G
SP_000283,1106,7.0,UG
SP_000283,1272,0.072,G
SP_000283,1278,0.048,G
SP_000283,1280,0.0,G
SP_000283,1162,0.0,MG
SP_000283,1177,179.0,UG
SP_000283,1108,0.0,UG
SP_000283,1051,69.4,G
SP_000283,1112,0.0,UG
SP_000283,1165,0.06,MG
SP_000283,1005,1.7,G
SP_000283,1057,0.0,MG
SP_000283,1018,0.0,G
SP_000283,1110,0.0,IU
SP_000283,1262,0.0,G
SP_000283,1271,0.107,G
SP_000283,1062,544.0,kJ
SP_000283,1268,0.072,G
SP_000283,1090,238.0,MG
SP_000283,1007,1.4,G
SP_000283,1122,0.0,UG
SP_000283,1004,1.2,G
SP_000283,1277,0.095,G
SP_000283,1092,163.0,MG
SP_000283,1109,6.33,MG
SP_000283,1180,81.0,MG
SP_000283,1008,130.0,KCAL
SP_000283,1058,0.0,MG
SP_000283,1260,0.0,G
SP_000283,1103,40.3,UG
SP_000283,1293,0.274,G
SP_000283,1263,0.0,G
SP_000283,1123,0.0,UG
SP_000283,1264,0.024,G
SP_000283,1167,1.04,MG
SP_000283,1104,23.0,IU
SP_000283,1253,65.0,MG
SP_000283,1269,0.048,G
SP_000283,1105,7.0,UG
SP_000283,1098,0.435,MG
SP_000283,1261,0.0,G
SP_000283,1166,0.08,MG
SP_000283,1265,0.239,G
SP_000283,1275,0.06,G
SP_000283,1079,0.0,G
SP_000283,1091,217.0,MG
SP_000283,1175,0.06,MG
SP_000283,1114,0.0,UG
SP_000283,1279,0.107,G
SP_000283,1270,0.0,G
SP_000283,1266,0.107,G
SP_000283,1089,1.41,MG
SP_000283,1186,0.0,UG
SP_000283,2000,0.0,G
SP_000283,1093,153.0,MG
SP_000283,1187,179.0,UG
SP_000283,1292,0.334,G
SP_000283,1178,5.25,UG
SP_000283,1095,1.71,MG
SP_000283,1276,0.0,G
SP_000284,1109,0.0,MG
SP_000284,1095,0.13,MG
SP_000284,1093,5.0,MG
SP_000284,1263,0.0,G
SP_000284,1120,0.0,UG
SP_000284,1260,0.0,G
SP_000284,1051,86.58,G
SP_000284,1278,0.0,G
SP_000284,1090,11.0,MG
SP_000284,1108,0.0,UG
SP_000284,1007,0.24,G
SP_000284,1058,0.0,MG
SP_000284,1257,0.0,G
SP_000284,1265,0.0,G
SP_000284,1162,0.0,MG
SP_000284,1277,0.0,G
SP_000284,1177,1.0,UG
SP_000284,1246,0.0,UG
SP_000284,1167,0.166,MG
SP_000284,1165,0.005,MG
SP_000284,1103,0.2,UG
SP_000284,1261,0.0,G
SP_000284,1280,0.0,G
SP_000284,1008,83.0,KCAL
SP_000284,1292,0.0,G
SP_000284,1178,0.0,UG
SP_000284,1275,0.0,G
SP_000284,1266,0.0,G
SP_000284,1089,0.37,MG
SP_000284,1107,0.0,UG
SP_000284,1062,347.0,kJ
SP_000284,1110,0.0,IU
SP_000284,1262,0.0,G
SP_000284,1268,0.0,G
SP_000284,1101,0.124,MG
SP_000284,1175,0.054,MG
SP_000284,1091,20.0,MG
SP_000284,1166,0.023,MG
SP_000284,1122,0.0,UG
SP_000284,1264,0.0,G
SP_000284,1276,0.0,G
SP_000284,1190,1.0,UG
SP_000284,1003,0.07,G
SP_000284,1057,0.0,MG
SP_000284,1123,0.0,UG
SP_000284,1186,0.0,UG
SP_000284,1242,0.0,MG
SP_000284,1271,0.0,G
SP_000284,2000,0.79,G
SP_000284,1270,0.0,G
SP_000284,1098,0.007,MG
SP_000284,1258,0.0,G
SP_000284,1259,0.0,G
SP_000284,1170,0.037,MG
SP_000284,1087,8.0,MG
SP_000284,1253,0.0,MG
SP_000284,1114,0.0,UG
SP_000284,1099,153.3,UG
SP_000284,1105,0.0,UG
SP_000284,1104,0.0,IU
SP_000284,1018,10.4,G
SP_000284,1185,0.0,UG
SP_000284,1269,0.0,G
SP_000284,1187,1.0,UG
SP_000284,1279,0.0,G
SP_000284,1004,0.0,G
SP_000284,1005,2.72,G
SP_000284,1272,0.0,G
SP_000284,1180,5.0,MG
SP_000284,1092,99.0,MG
SP_000284,1293,0.0,G
SP_000284,1079,0.0,G
SP_000284,1106,0.0,UG
SP_000287,1109,0.71,MG
SP_000287,1075,0.1,G
SP_000287,1178,1.1,UG
SP_000287,1107,85.0,UG
SP_000287,1095,3.64,MG
SP_000287,1299,0.318,G
SP_000287,1315,6.587,G
SP_000287,1409,0.002,G
SP_000287,1217,1.074,G
SP_000287,1129,0.0,MG
SP_000287,1013,0.12,G
SP_000287,1185,2.4,UG
SP_000287,1170,0.41,MG
SP_000287,1277,0.065,G
SP_000287,1406,0.036,G
SP_000287,1273,0.015,G
SP_000287,1242,0.0,MG
SP_000287,1246,0.0,UG
SP_000287,1104,1242.0,IU
SP_000287,1219,1.404,G
SP_000287,1130,0.0,MG
SP_000287,1263,0.935,G
SP_000287,1108,0.0,UG
SP_000287,1221,0.547,G
SP_000287,1062,1684.0,kJ
SP_000287,1305,0.0,G
SP_000287,1260,0.539,G
SP_000287,1213,1.939,G
SP_000287,1051,36.75,G
SP_000287,1323,0.059,G
SP_000287,1005,3.37,G
SP_000287,1303,0.101,G
SP_000287,1125,0.0,MG
SP_000287,1259,0.634,G
SP_000287,1312,0.001,G
SP_000287,1278,0.01,G
SP_000287,1012,0.0,G
SP_000287,1166,0.428,MG
SP_000287,1301,0.008,G
SP_000287,1175,0.066,MG
SP_000287,1314,0.403,G
SP_000287,1214,1.025,G
SP_000287,1267,0.048,G
SP_000287,1317,0.001,G
SP_000287,1293,0.942,G
SP_000287,1126,0.0,MG
SP_000287,1106,337.0,UG
SP_000287,1198,0.7,MG
SP_000287,1270,0.114,G
SP_000287,1262,0.82,G
SP_000287,1127,0.0,MG
SP_000287,1321,0.003,G
SP_000287,1212,1.206,G
SP_000287,1216,0.123,G
SP_000287,1123,0.0,UG
SP_000287,1058,0.0,MG
SP_000287,1333,0.0,G
SP_000287,1292,9.391,G
SP_000287,1093,653.0,MG
SP_000287,1271,0.053,G
SP_000287,1101,0.027,MG
SP_000287,1131,0.0,MG
SP_000287,1220,0.547,G
SP_000287,1018,0.0,G
SP_000287,1226,2.497,G
SP_000287,1265,8.625,G
SP_000287,1110,24.0,IU
SP_000287,1405,0.001,G
SP_000287,1092,76.0,MG
SP_000287,1120,0.0,UG
SP_000287,1112,0.6,UG
SP_000287,1162,0.0,MG
SP_000287,1304,0.816,G
SP_000287,1004,33.31,G
SP_000287,1105,330.0,UG
SP_000287,1091,455.0,MG
SP_000287,1007,3.71,G
SP_000287,1211,1.044,G
SP_000287,1003,22.87,G
SP_000287,1279,0.001,G
SP_000287,1122,0.0,UG
SP_000287,2000,0.48,G
SP_000287,1180,16.5,MG
SP_000287,1057,0.0,MG
SP_000287,1311,0.166,G
SP_000287,1225,0.547,G
SP_000287,1272,0.001,G
SP_000287,1404,0.108,G
SP_000287,1014,0.0,G
SP_000287,1274,0.296,G
SP_000287,1268,7.403,G
SP_000287,1276,0.0,G
SP_000287,1313,0.007,G
SP_000287,1227,0.78,G
SP_000287,1114,0.6,UG
SP_000287,1190,27.0,UG
SP_000287,1269,1.171,G
SP_000287,1167,0.059,MG
SP_000287,1300,0.191,G
SP_000287,1325,0.037,G
SP_000287,1261,0.337,G
SP_000287,1128,0.0,MG
SP_000287,1089,0.14,MG
SP_000287,1165,0.029,MG
SP_000287,1187,27.0,UG
SP_000287,1087,710.0,MG
SP_000287,1224,4.735,G
SP_000287,1184,0.0,UG
SP_000287,1253,99.0,MG
SP_000287,1218,1.108,G
SP_000287,1316,0.791,G
SP_000287,1266,3.394,G
SP_000287,1275,0.504,G
SP_000287,1223,1.734,G
SP_000287,1008,403.0,KCAL
SP_000287,1210,0.547,G
SP_000287,1090,27.0,MG
SP_000287,1079,0.0,G
SP_000287,1411,0.009,G
SP_000287,1177,27.0,UG
SP_000287,1011,0.26,G
SP_000287,1306,0.214,G
SP_000287,1098,0.03,MG
SP_000287,1215,0.547,G
SP_000287,1222,0.751,G
SP_000287,1264,3.005,G
SP_000287,1258,18.867,G
SP_000287,1186,0.0,UG
SP_000287,1103,28.5,UG
SP_000287,1010,0.0,G
SP_000287,1183,8.6,UG
SP_000287,1280,0.017,G
SP_000288,1166,0.169,MG
SP_000288,1131,0.0,MG
SP_000288,1219,0.206,G
SP_000288,1190,5.0,UG
SP_000288,1212,0.163,G
SP_000288,1103,3.7,UG
SP_000288,1180,14.3,MG
SP_000288,1087,113.0,MG
SP_000288,1008,61.0,KCAL
SP_000288,1187,5.0,UG
SP_000288,1114,1.3,UG
SP_000288,1268,0.812,G
SP_000288,1090,10.0,MG
SP_000288,1222,0.107,G
SP_000288,1293,0.195,G
SP_000288,1120,0.0,UG
SP_000288,1265,0.829,G
SP_000288,1332,0.0,G
SP_000288,1126,0.0,MG
SP_000288,1273,0.0,G
SP_000288,1220,0.09,G
SP_000288,1122,0.0,UG
SP_000288,1277,0.0,G
SP_000288,1210,0.04,G
SP_000288,1276,0.0,G
SP_000288,1170,0.373,MG
SP_000288,1075,0.0,G
SP_000288,1225,0.062,G
SP_000288,1271,0.0,G
SP_000288,1258,1.865,G
SP_000288,1091,84.0,MG
SP_000288,1014,0.0,G
SP_000288,1101,0.004,MG
SP_000288,1092,132.0,MG
SP_000288,1221,0.095,G
SP_000288,1095,0.37,MG
SP_000288,1184,0.0,UG
SP_000288,1109,0.07,MG
SP_000288,1301,0.0,G
SP_000288,1167,0.089,MG
SP_000288,1130,0.0,MG
SP_000288,1098,0.025,MG
SP_000288,1089,0.03,MG
SP_000288,1178,0.45,UG
SP_000288,1105,45.0,UG
SP_000288,1011,0.0,G
SP_000288,1107,7.0,UG
SP_000288,1274,0.0,G
SP_000288,1262,0.075,G
SP_000288,1012,0.0,G
SP_000288,1051,88.13,G
SP_000288,1108,0.0,UG
SP_000288,1177,5.0,UG
SP_000288,1005,4.8,G
SP_000288,1226,0.311,G
SP_000288,1162,0.0,MG
SP_000288,1227,0.19,G
SP_000288,1198,0.6,MG
SP_000288,1013,5.05,G
SP_000288,1214,0.264,G
SP_000288,1218,0.159,G
SP_000288,1183,1.0,UG
SP_000288,1211,0.134,G
SP_000288,1242,0.0,MG
SP_000288,1110,51.0,IU
SP_000288,1057,0.0,MG
SP_000288,1275,0.0,G
SP_000288,1106,46.0,UG
SP_000288,1263,0.077,G
SP_000288,1264,0.297,G
SP_000288,1259,0.075,G
SP_000288,1058,0.0,MG
SP_000288,1112,1.3,UG
SP_000288,1186,0.0,UG
SP_000288,1261,0.075,G
SP_000288,1253,10.0,MG
SP_000288,1215,0.083,G
SP_000288,1260,0.075,G
SP_000288,1224,0.708,G
SP_000288,1213,0.299,G
SP_000288,1272,0.0,G
SP_000288,1018,0.0,G
SP_000288,1175,0.036,MG
SP_000288,1104,162.0,IU
SP_000288,1217,0.163,G
SP_000288,1007,0.67,G
SP_000288,1123,0.0,UG
SP_000288,1278,0.0,G
SP_000288,1062,254.0,kJ
SP_000288,1128,0.0,MG
SP_000288,1127,0.0,MG
SP_000288,1093,43.0,MG
SP_000288,1299,0.0,G
SP_000288,1292,0.812,G
SP_000288,1216,0.019,G
SP_000288,2000,5.05,G
SP_000288,1125,0.0,MG
SP_000288,1300,0.0,G
SP_000288,1185,0.3,UG
SP_000288,1003,3.15,G
SP_000288,1004,3.25,G
SP_000288,1270,0.075,G
SP_000288,1079,0.0,G
SP_000288,1267,0.0,G
SP_000288,1280,0.0,G
SP_000288,1246,0.0,UG
SP_000288,1266,0.365,G
SP_000288,1010,0.0,G
SP_000288,1279,0.0,G
SP_000288,1223,0.27,G
SP_000288,1165,0.046,MG
SP_000288,1129,0.0,MG
SP_000288,1269,0.12,G
SP_000290,1166,0.142,MG
SP_000290,1227,0.215,G
SP_000290,1259,0.096,G
SP_000290,1270,0.027,G
SP_000290,1217,0.189,G
SP_000290,1246,0.0,UG
SP_000290,1210,0.02,G
SP_000290,1062,257.0,kJ
SP_000290,1167,0.075,MG
SP_000290,1058,0.0,MG
SP_000290,1107,5.0,UG
SP_000290,1105,27.0,UG
SP_000290,1090,12.0,MG
SP_000290,1007,0.72,G
SP_000290,1092,155.0,MG
SP_000290,1213,0.35,G
SP_000290,1272,0.0,G
SP_000290,1214,0.311,G
SP_000290,1186,0.0,UG
SP_000290,1271,0.0,G
SP_000290,1260,0.066,G
SP_000290,1215,0.102,G
SP_000290,1277,0.0,G
SP_000290,1110,2.0,IU
SP_000290,1008,61.0,KCAL
SP_000290,1095,0.59,MG
SP_000290,1211,0.142,G
SP_000290,1292,0.893,G
SP_000290,1165,0.029,MG
SP_000290,1018,0.0,G
SP_000290,1279,0.0,G
SP_000290,1170,0.389,MG
SP_000290,1051,87.9,G
SP_000290,1103,2.2,UG
SP_000290,1114,0.1,UG
SP_000290,1269,0.065,G
SP_000290,1104,99.0,IU
SP_000290,1005,4.66,G
SP_000290,1216,0.032,G
SP_000290,1263,0.111,G
SP_000290,1258,2.096,G
SP_000290,1275,0.071,G
SP_000290,1089,0.05,MG
SP_000290,1225,0.084,G
SP_000290,1101,0.004,MG
SP_000290,1180,15.2,MG
SP_000290,1222,0.148,G
SP_000290,1079,0.0,G
SP_000290,1242,0.0,MG
SP_000290,1278,0.0,G
SP_000290,1253,13.0,MG
SP_000290,2000,4.66,G
SP_000290,1224,0.679,G
SP_000290,1112,0.1,UG
SP_000290,1219,0.287,G
SP_000290,1087,121.0,MG
SP_000290,1280,0.0,G
SP_000290,1106,27.0,UG
SP_000290,1226,0.411,G
SP_000290,1185,0.2,UG
SP_000290,1098,0.009,MG
SP_000290,1120,0.0,UG
SP_000290,1218,0.175,G
SP_000290,1122,0.0,UG
SP_000290,1093,46.0,MG
SP_000290,1264,0.343,G
SP_000290,1177,7.0,UG
SP_000290,1175,0.032,MG
SP_000290,1091,95.0,MG
SP_000290,1212,0.189,G
SP_000290,1162,0.5,MG
SP_000290,1276,0.0,G
SP_000290,1178,0.37,UG
SP_000290,1266,0.317,G
SP_000290,1223,0.275,G
SP_000290,1108,0.0,UG
SP_000290,1268,0.743,G
SP_000290,1099,12.0,UG
SP_000290,1187,7.0,UG
SP_000290,1123,0.0,UG
SP_000290,1003,3.47,G
SP_000290,1109,0.06,MG
SP_000290,1190,7.0,UG
SP_000290,1262,0.093,G
SP_000290,1221,0.086,G
SP_000290,1004,3.25,G
SP_000290,1220,0.104,G
SP_000290,1057,0.0,MG
SP_000290,1265,0.886,G
SP_000290,1293,0.092,G
SP_000290,1261,0.042,G
SP_000291,1257,0.0,G
SP_000291,2000,0.0,G
SP_000291,1178,0.0,UG
SP_000291,1062,967.0,kJ
SP_000291,1275,0.0,G
SP_000291,1190,0.0,UG
SP_000291,1215,0.0,G
SP_000291,1280,0.0,G
SP_000291,1263,0.0,G
SP_000291,1253,0.0,MG
SP_000291,1007,0.01,G
SP_000291,1218,0.0,G
SP_000291,1217,0.0,G
SP_000291,1246,0.0,UG
SP_000291,1264,0.0,G
SP_000291,1101,0.0,MG
SP_000291,1278,0.0,G
SP_000291,1166,0.007,MG
SP_000291,1103,0.0,UG
SP_000291,1165,0.005,MG
SP_000291,1177,0.0,UG
SP_000291,1261,0.0,G
SP_000291,1272,0.0,G
SP_000291,1162,0.0,MG
SP_000291,1258,0.0,G
SP_000291,1226,0.0,G
SP_000291,1105,0.0,UG
SP_000291,1269,0.0,G
SP_000291,1216,0.0,G
SP_000291,1004,0.0,G
SP_000291,1186,0.0,UG
SP_000291,1277,0.0,G
SP_000291,1003,0.0,G
SP_000291,1221,0.0,G
SP_000291,1271,0.0,G
SP_000291,1259,0.0,G
SP_000291,1227,0.0,G
SP_000291,1260,0.0,G
SP_000291,1079,0.0,G
SP_000291,1268,0.0,G
SP_000291,1223,0.0,G
SP_000291,1051,66.6,G
SP_000291,1212,0.0,G
SP_000291,1087,0.0,MG
SP_000291,1167,0.0,MG
SP_000291,1095,0.0,MG
SP_000291,1213,0.0,G
SP_000291,1279,0.0,G
SP_000291,1266,0.0,G
SP_000291,1270,0.0,G
SP_000291,1090,0.0,MG
SP_000291,1276,0.0,G
SP_000291,1175,0.0,MG
SP_000291,1292,0.0,G
SP_000291,1093,1.0,MG
SP_000291,1018,33.4,G
SP_000291,1170,0.0,MG
SP_000291,1091,5.0,MG
SP_000291,1293,0.0,G
SP_000291,1220,0.0,G
SP_000291,1214,0.0,G
SP_000291,1219,0.0,G
SP_000291,1005,0.0,G
SP_000291,1098,0.01,MG
SP_000291,1262,0.0,G
SP_000291,1089,0.01,MG
SP_000291,1008,231.0,KCAL
SP_000291,1265,0.0,G
SP_000291,1092,1.0,MG
SP_000291,1224,0.0,G
SP_000291,1187,0.0,UG
SP_000291,1225,0.0,G
SP_000291,1222,0.0,G
SP_000291,1210,0.0,G
SP_000291,1104,0.0,IU
SP_000291,1211,0.0,G
SP_000294,1272,0.0,G
SP_000294,1262,0.0,G
SP_000294,1122,0.0,UG
SP_000294,1227,0.0,G
SP_000294,1270,0.0,G
SP_000294,1008,250.0,KCAL
SP_000294,1114,0.0,UG
SP_000294,1292,0.0,G
SP_000294,1062,1046.0,kJ
SP_000294,1005,0.1,G
SP_000294,1276,0.0,G
SP_000294,1277,0.0,G
SP_000294,1217,0.0,G
SP_000294,1170,0.0,MG
SP_000294,1279,0.0,G
SP_000294,1258,0.0,G
SP_000294,1218,0.0,G
SP_000294,2000,0.0,G
SP_000294,1266,0.0,G
SP_000294,1264,0.0,G
SP_000294,1101,0.018,MG
SP_000294,1095,0.04,MG
SP_000294,1175,0.001,MG
SP_000294,1105,0.0,UG
SP_000294,1167,0.013,MG
SP_000294,1216,0.0,G
SP_000294,1220,0.0,G
SP_000294,1246,0.0,UG
SP_000294,1242,0.0,MG
SP_000294,1280,0.0,G
SP_000294,1106,0.0,UG
SP_000294,1098,0.021,MG
SP_000294,1265,0.0,G
SP_000294,1051,63.9,G
SP_000294,1180,0.0,MG
SP_000294,1087,0.0,MG
SP_000294,1109,0.0,MG
SP_000294,1186,0.0,UG
SP_000294,1225,0.0,G
SP_000294,1214,0.0,G
SP_000294,1226,0.0,G
SP_000294,1263,0.0,G
SP_000294,1222,0.0,G
SP_000294,1271,0.0,G
SP_000294,1185,0.0,UG
SP_000294,1162,0.0,MG
SP_000294,1057,0.0,MG
SP_000294,1003,0.0,G
SP_000294,1259,0.0,G
SP_000294,1166,0.004,MG
SP_000294,1212,0.0,G
SP_000294,1257,0.0,G
SP_000294,1187,0.0,UG
SP_000294,1110,0.0,IU
SP_000294,1268,0.0,G
SP_000294,1221,0.0,G
SP_000294,1213,0.0,G
SP_000294,1058,0.0,MG
SP_000294,1211,0.0,G
SP_000294,1260,0.0,G
SP_000294,1269,0.0,G
SP_000294,1223,0.0,G
SP_000294,1123,0.0,UG
SP_000294,1120,0.0,UG
SP_000294,1089,0.04,MG
SP_000294,1293,0.0,G
SP_000294,1091,4.0,MG
SP_000294,1215,0.0,G
SP_000294,1104,0.0,IU
SP_000294,1210,0.0,G
SP_000294,1093,1.0,MG
SP_000294,1190,0.0,UG
SP_000294,1079,0.0,G
SP_000294,1004,0.0,G
SP_000294,1177,0.0,UG
SP_000294,1107,0.0,UG
SP_000294,1224,0.0,G
SP_000294,1092,2.0,MG
SP_000294,1103,0.0,UG
SP_000294,1108,0.0,UG
SP_000294,1165,0.006,MG
SP_000294,1278,0.0,G
SP_000294,1261,0.0,G
SP_000294,1219,0.0,G
SP_000294,1178,0.0,UG
SP_000294,1253,0.0,MG
SP_000294,1090,0.0,MG
SP_000294,1018,36.0,G
SP_000294,1007,0.01,G
SP_000294,1275,0.0,G
SP_000296,1104,0.0,IU
SP_000296,1004,0.0,G
SP_000296,1106,0.0,UG
SP_000296,1005,17.03,G
SP_000296,1013,0.0,G
SP_000296,1087,27.0,MG
SP_000296,1101,0.131,MG
SP_000296,1008,88.0,KCAL
SP_000296,1098,0.026,MG
SP_000296,1091,19.0,MG
SP_000296,1095,0.08,MG
SP_000296,1092,112.0,MG
SP_000296,1257,0.0,G
SP_000296,1062,369.0,kJ
SP_000296,1090,12.0,MG
SP_000296,1007,0.37,G
SP_000296,1075,0.0,G
SP_000296,1011,7.57,G
SP_000296,1051,76.45,G
SP_000296,1014,0.0,G
SP_000296,1012,7.38,G
SP_000296,1162,0.0,MG
SP_000296,2000,14.95,G
SP_000296,1003,0.49,G
SP_000296,1258,0.0,G
SP_000296,1010,0.0,G
SP_000296,1089,0.72,MG
SP_000296,1093,23.0,MG
SP_000297,1272,0.0,G
SP_000297,1262,0.0,G
SP_000297,1122,0.0,UG
SP_000297,1227,0.0,G
SP_000297,1270,0.0,G
SP_000297,1008,250.0,KCAL
SP_000297,1114,0.0,UG
SP_000297,1292,0.0,G
SP_000297,1062,1046.0,kJ
SP_000297,1005,0.1,G
SP_000297,1276,0.0,G
SP_000297,1277,0.0,G
SP_000297,1217,0.0,G
SP_000297,1170,0.0,MG
SP_000297,1279,0.0,G
SP_000297,1258,0.0,G
SP_000297,1218,0.0,G
SP_000297,2000,0.0,G
SP_000297,1266,0.0,G
SP_000297,1264,0.0,G
SP_000297,1101,0.018,MG
SP_000297,1095,0.04,MG
SP_000297,1175,0.001,MG
SP_000297,1105,0.0,UG
SP_000297,1167,0.013,MG
SP_000297,1216,0.0,G
SP_000297,1220,0.0,G
SP_000297,1246,0.0,UG
SP_000297,1242,0.0,MG
SP_000297,1280,0.0,G
SP_000297,1106,0.0,UG
SP_000297,1098,0.021,MG
SP_000297,1265,0.0,G
SP_000297,1051,63.9,G
SP_000297,1180,0.0,MG
SP_000297,1087,0.0,MG
SP_000297,1109,0.0,MG
SP_000297,1186,0.0,UG
SP_000297,1225,0.0,G
SP_000297,1214,0.0,G
SP_000297,1226,0.0,G
SP_000297,1263,0.0,G
SP_000297,1222,0.0,G
SP_000297,1271,0.0,G
SP_000297,1185,0.0,UG
SP_000297,1162,0.0,MG
SP_000297,1057,0.0,MG
SP_000297,1003,0.0,G
SP_000297,1259,0.0,G
SP_000297,1166,0.004,MG
SP_000297,1212,0.0,G
SP_000297,1257,0.0,G
SP_000297,1187,0.0,UG
SP_000297,1110,0.0,IU
SP_000297,1268,0.0,G
SP_000297,1221,0.0,G
SP_000297,1213,0.0,G
SP_000297,1058,0.0,MG
SP_000297,1211,0.0,G
SP_000297,1260,0.0,G
SP_000297,1269,0.0,G
SP_000297,1223,0.0,G
SP_000297,1123,0.0,UG
SP_000297,1120,0.0,UG
SP_000297,1089,0.04,MG
SP_000297,1293,0.0,G
SP_000297,1091,4.0,MG
SP_000297,1215,0.0,G
SP_000297,1104,0.0,IU
SP_000297,1210,0.0,G
SP_000297,1093,1.0,MG
SP_000297,1190,0.0,UG
SP_000297,1079,0.0,G
SP_000297,1004,0.0,G
SP_000297,1177,0.0,UG
SP_000297,1107,0.0,UG
SP_000297,1224,0.0,G
SP_000297,1092,2.0,MG
SP_000297,1103,0.0,UG
SP_000297,1108,0.0,UG
SP_000297,1165,0.006,MG
SP_000297,1278,0.0,G
SP_000297,1261,0.0,G
SP_000297,1219,0.0,G
SP_000297,1178,0.0,UG
SP_000297,1253,0.0,MG
SP_000297,1090,0.0,MG
SP_000297,1018,36.0,G
SP_000297,1007,0.01,G
SP_000297,1275,0.0,G
SP_000298,1062,638.0,kJ
SP_000298,1266,0.0,G
SP_000298,1167,0.213,MG
SP_000298,1122,0.0,UG
SP_000298,1089,0.24,MG
SP_000298,1185,0.0,UG
SP_000298,1014,0.1,G
SP_000298,1277,0.0,G
SP_000298,1098,0.045,MG
SP_000298,1058,0.0,MG
SP_000298,1104,0.0,IU
SP_000298,1166,0.018,MG
SP_000298,1271,0.0,G
SP_000298,1005,11.67,G
SP_000298,1279,0.0,G
SP_000298,1177,0.0,UG
SP_000298,1095,0.07,MG
SP_000298,1018,15.3,G
SP_000298,1262,0.0,G
SP_000298,1265,0.0,G
SP_000298,1057,0.0,MG
SP_000298,1012,0.47,G
SP_000298,1293,0.0,G
SP_000298,1280,0.0,G
SP_000298,1187,0.0,UG
SP_000298,1178,0.0,UG
SP_000298,1272,0.0,G
SP_000298,1007,0.3,G
SP_000298,1103,0.5,UG
SP_000298,1276,0.0,G
SP_000298,1105,0.0,UG
SP_000298,1120,0.0,UG
SP_000298,1108,0.0,UG
SP_000298,1008,152.0,KCAL
SP_000298,1079,0.0,G
SP_000298,1093,9.0,MG
SP_000298,1253,0.0,MG
SP_000298,1258,0.0,G
SP_000298,1101,0.119,MG
SP_000298,1257,0.0,G
SP_000298,1123,0.0,UG
SP_000298,1170,0.032,MG
SP_000298,1107,0.0,UG
SP_000298,1003,0.2,G
SP_000298,1165,0.018,MG
SP_000298,1087,8.0,MG
SP_000298,1246,0.0,UG
SP_000298,1261,0.0,G
SP_000298,1268,0.0,G
SP_000298,1106,0.0,UG
SP_000298,1092,92.0,MG
SP_000298,1010,0.0,G
SP_000298,1264,0.0,G
SP_000298,1259,0.0,G
SP_000298,1260,0.0,G
SP_000298,1242,0.0,MG
SP_000298,2000,1.09,G
SP_000298,1090,9.0,MG
SP_000298,1278,0.0,G
SP_000298,1109,0.0,MG
SP_000298,1004,0.0,G
SP_000298,1263,0.0,G
SP_000298,1051,72.53,G
SP_000298,1162,0.0,MG
SP_000298,1292,0.0,G
SP_000298,1011,0.58,G
SP_000298,1275,0.0,G
SP_000298,1270,0.0,G
SP_000298,1175,0.0,MG
SP_000298,1190,0.0,UG
SP_000298,1186,0.0,UG
SP_000298,1269,0.0,G
SP_000298,1091,9.0,MG
SP_000301,1166,0.01,MG
SP_000301,1258,0.0,G
SP_000301,1253,0.0,MG
SP_000301,1242,0.0,MG
SP_000301,1276,0.0,G
SP_000301,1005,6.3,G
SP_000301,1122,0.0,UG
SP_000301,1089,0.4,MG
SP_000301,1107,0.0,UG
SP_000301,1120,0.0,UG
SP_000301,1087,9.0,MG
SP_000301,1003,0.5,G
SP_000301,1257,0.0,G
SP_000301,1090,10.0,MG
SP_000301,1095,0.08,MG
SP_000301,1246,0.0,UG
SP_000301,1278,0.0,G
SP_000301,1266,0.0,G
SP_000301,1018,3.3,G
SP_000301,1057,0.0,MG
SP_000301,1098,0.011,MG
SP_000301,1103,0.2,UG
SP_000301,1091,15.0,MG
SP_000301,1110,0.0,IU
SP_000301,1109,0.0,MG
SP_000301,1187,1.0,UG
SP_000301,1262,0.0,G
SP_000301,1264,0.0,G
SP_000301,1180,5.0,MG
SP_000301,1167,0.1,MG
SP_000301,1185,0.0,UG
SP_000301,1263,0.0,G
SP_000301,1277,0.0,G
SP_000301,1275,0.0,G
SP_000301,1268,0.0,G
SP_000301,1114,0.0,UG
SP_000301,1190,1.0,UG
SP_000301,2000,1.55,G
SP_000301,1269,0.0,G
SP_000301,1079,0.0,G
SP_000301,1272,0.0,G
SP_000301,1007,1.0,G
SP_000301,1261,0.0,G
SP_000301,1260,0.0,G
SP_000301,1175,0.02,MG
SP_000301,1162,0.0,MG
SP_000301,1108,0.0,UG
SP_000301,1259,0.0,G
SP_000301,1092,88.0,MG
SP_000301,1292,0.0,G
SP_000301,1008,50.0,KCAL
SP_000301,1051,88.9,G
SP_000301,1106,0.0,UG
SP_000301,1165,0.0,MG
SP_000301,1177,1.0,UG
SP_000301,1186,0.0,UG
SP_000301,1178,0.0,UG
SP_000301,1293,0.0,G
SP_000301,1270,0.0,G
SP_000301,1058,0.0,MG
SP_000301,1265,0.0,G
SP_000301,1279,0.0,G
SP_000301,1105,0.0,UG
SP_000301,1280,0.0,G
SP_000301,1004,0.0,G
SP_000301,1093,626.0,MG
SP_000301,1062,209.0,kJ
SP_000301,1104,0.0,IU
SP_000301,1123,0.0,UG
SP_000301,1271,0.0,G
SP_000308,1101,0.032,MG
SP_000308,1095,0.0,MG
SP_000308,1092,2.0,MG
SP_000308,1091,0.0,MG
SP_000308,1090,0.0,MG
SP_000308,1100,5080.0,UG
SP_000308,1007,99.0,G
SP_000308,1098,0.0,MG
SP_000308,1093,38700.0,MG
SP_000308,1087,50.0,MG
SP_000308,1089,0.0,MG
SP_000308,1051,0.42,G
SP_000308,2047,0.0,KCAL
SP_000309,1216,0.008,G
SP_000309,1253,215.0,MG
SP_000309,1125,0.0,MG
SP_000309,1275,1.82,G
SP_000309,1307,0.296,G
SP_000309,1267,0.138,G
SP_000309,2000,0.06,G
SP_000309,1167,0.042,MG
SP_000309,1166,0.034,MG
SP_000309,1212,0.051,G
SP_000309,1226,0.082,G
SP_000309,1271,0.0,G
SP_000309,1104,2499.0,IU
SP_000309,1288,4.0,MG
SP_000309,1277,0.1,G
SP_000309,1280,0.0,G
SP_000309,1095,0.09,MG
SP_000309,1129,0.0,MG
SP_000309,1003,0.85,G
SP_000309,1264,7.436,G
SP_000309,1107,158.0,UG
SP_000309,1266,9.999,G
SP_000309,1311,0.267,G
SP_000309,1210,0.012,G
SP_000309,1315,16.978,G
SP_000309,1242,0.0,MG
SP_000309,1220,0.031,G
SP_000309,1089,0.02,MG
SP_000309,1079,0.0,G
SP_000309,1051,16.17,G
SP_000309,1123,0.0,UG
SP_000309,1108,0.0,UG
SP_000309,1057,0.0,MG
SP_000309,1187,3.0,UG
SP_000309,1004,81.11,G
SP_000309,1091,24.0,MG
SP_000309,1180,18.8,MG
SP_000309,1170,0.11,MG
SP_000309,1215,0.021,G
SP_000309,1018,0.0,G
SP_000309,1217,0.041,G
SP_000309,1263,2.587,G
SP_000309,1110,0.0,IU
SP_000309,1222,0.029,G
SP_000309,1227,0.046,G
SP_000309,1106,684.0,UG
SP_000309,1219,0.057,G
SP_000309,1122,0.0,UG
SP_000309,1246,0.0,UG
SP_000309,1260,2.007,G
SP_000309,1131,0.0,MG
SP_000309,1175,0.003,MG
SP_000309,1269,1.83,G
SP_000309,1292,23.43,G
SP_000309,1099,2.8,UG
SP_000309,1261,1.19,G
SP_000309,1265,21.697,G
SP_000309,1098,0.016,MG
SP_000309,1300,0.56,G
SP_000309,1130,0.0,MG
SP_000309,1314,0.961,G
SP_000309,1185,7.0,UG
SP_000309,1109,2.32,MG
SP_000309,1008,717.0,KCAL
SP_000309,1111,0.0,UG
SP_000309,1218,0.041,G
SP_000309,1404,0.315,G
SP_000309,1062,2999.0,kJ
SP_000309,1272,0.0,G
SP_000309,1103,1.0,UG
SP_000309,1293,3.01,G
SP_000309,1101,0.004,MG
SP_000309,1178,0.17,UG
SP_000309,1114,0.0,UG
SP_000309,1224,0.178,G
SP_000309,1286,0.0,MG
SP_000309,1112,0.0,UG
SP_000309,1211,0.038,G
SP_000309,1262,2.529,G
SP_000309,1005,0.06,G
SP_000309,1058,0.0,MG
SP_000309,1090,2.0,MG
SP_000309,1186,0.0,UG
SP_000309,1221,0.023,G
SP_000309,1165,0.005,MG
SP_000309,1258,50.489,G
SP_000309,1276,0.0,G
SP_000309,1213,0.083,G
SP_000309,1105,671.0,UG
SP_000309,1223,0.064,G
SP_000309,1190,3.0,UG
SP_000309,1304,2.982,G
SP_000309,1214,0.067,G
SP_000309,1093,11.0,MG
SP_000309,1259,3.226,G
SP_000309,1177,3.0,UG
SP_000309,1270,1.18,G
SP_000309,1127,0.0,MG
SP_000309,1279,0.0,G
SP_000309,1087,24.0,MG
SP_000309,1007,0.09,G
SP_000309,1268,20.4,G
SP_000309,1120,0.0,UG
SP_000309,1128,0.0,MG
SP_000309,1225,0.018,G
SP_000309,1126,0.0,MG
SP_000309,1285,0.0,MG
SP_000309,1092,24.0,MG
SP_000309,1162,0.0,MG
SP_000309,1316,2.166,G
SP_000309,1278,0.0,G
SP_000310,1313,0.008,G
SP_000310,1259,0.732,G
SP_000310,1242,0.0,MG
SP_000310,1312,0.0,G
SP_000310,1274,0.344,G
SP_000310,1261,0.384,G
SP_000310,1325,0.041,G
SP_000310,1126,0.24,MG
SP_000310,1012,0.0,G
SP_000310,1305,0.0,G
SP_000310,1314,0.547,G
SP_000310,1190,4.0,UG
SP_000310,1112,1.6,UG
SP_000310,1089,0.1,MG
SP_000310,1120,0.0,UG
SP_000310,1215,0.066,G
SP_000310,1051,57.71,G
SP_000310,1114,1.6,UG
SP_000310,1166,0.188,MG
SP_000310,1125,0.0,MG
SP_000310,1268,7.968,G
SP_000310,1404,0.122,G
SP_000310,1178,0.16,UG
SP_000310,1260,0.609,G
SP_000310,1329,1.0,G
SP_000310,1131,0.0,MG
SP_000310,1221,0.066,G
SP_000310,1212,0.146,G
SP_000310,1273,0.015,G
SP_000310,1333,0.0,G
SP_000310,1104,1470.0,IU
SP_000310,1317,0.003,G
SP_000310,1304,0.891,G
SP_000310,1257,1.236,G
SP_000310,1122,0.0,UG
SP_000310,1321,0.002,G
SP_000310,1223,0.209,G
SP_000310,1303,0.109,G
SP_000310,1217,0.13,G
SP_000310,1253,113.0,MG
SP_000310,1185,3.2,UG
SP_000310,1315,7.078,G
SP_000310,1106,411.0,UG
SP_000310,1101,0.006,MG
SP_000310,1018,0.0,G
SP_000310,1277,0.065,G
SP_000310,1271,0.058,G
SP_000310,1211,0.126,G
SP_000310,1292,9.101,G
SP_000310,1276,0.0,G
SP_000310,1224,0.572,G
SP_000310,1170,0.495,MG
SP_000310,1187,4.0,UG
SP_000310,1272,0.0,G
SP_000310,1275,0.656,G
SP_000310,1258,23.032,G
SP_000310,1007,0.53,G
SP_000310,1005,2.84,G
SP_000310,1262,0.905,G
SP_000310,1246,0.0,UG
SP_000310,1216,0.015,G
SP_000310,1306,0.232,G
SP_000310,1177,4.0,UG
SP_000310,1323,0.065,G
SP_000310,1090,7.0,MG
SP_000310,1091,58.0,MG
SP_000310,1219,0.17,G
SP_000310,1013,2.92,G
SP_000310,1162,0.6,MG
SP_000310,1267,0.047,G
SP_000310,1227,0.094,G
SP_000310,1316,0.874,G
SP_000310,1226,0.302,G
SP_000310,1301,0.009,G
SP_000310,1405,0.002,G
SP_000310,1079,0.0,G
SP_000310,1099,3.0,UG
SP_000310,1266,3.572,G
SP_000310,1003,2.84,G
SP_000310,1265,9.298,G
SP_000310,1406,0.039,G
SP_000310,1105,405.0,UG
SP_000310,1280,0.02,G
SP_000310,1180,16.8,MG
SP_000310,1129,0.0,MG
SP_000310,1014,0.0,G
SP_000310,1103,3.0,UG
SP_000310,1004,36.08,G
SP_000310,1087,66.0,MG
SP_000310,1092,95.0,MG
SP_000310,1186,0.0,UG
SP_000310,1331,0.236,G
SP_000310,1011,0.0,G
SP_000310,1111,0.0,UG
SP_000310,1008,340.0,KCAL
SP_000310,1110,63.0,IU
SP_000310,1095,0.24,MG
SP_000310,1109,0.92,MG
SP_000310,1010,0.0,G
SP_000310,2000,2.92,G
SP_000310,1269,1.294,G
SP_000310,1108,0.0,UG
SP_000310,1167,0.064,MG
SP_000310,1130,0.0,MG
SP_000310,1107,72.0,UG
SP_000310,1311,0.188,G
SP_000310,1411,0.01,G
SP_000310,1293,1.57,G
SP_000310,1057,0.0,MG
SP_000310,1213,0.234,G
SP_000310,1263,1.05,G
SP_000310,1409,0.004,G
SP_000310,1075,0.0,G
SP_000310,1270,0.128,G
SP_000310,1058,0.0,MG
SP_000310,1218,0.134,G
SP_000310,1098,0.011,MG
SP_000310,1279,0.003,G
SP_000310,1225,0.066,G
SP_000310,1299,0.353,G
SP_000310,1278,0.009,G
SP_000310,1123,0.0,UG
SP_000310,1175,0.035,MG
SP_000310,1093,27.0,MG
SP_000310,1127,0.0,MG
SP_000310,1210,0.066,G
SP_000310,1062,1424.0,kJ
SP_000310,1264,3.331,G
SP_000310,1222,0.091,G
SP_000310,1165,0.02,MG
SP_000310,1214,0.124,G
SP_000310,1220,0.066,G
SP_000310,1128,0.09,MG
SP_000310,1300,0.21,G
SP_000314,1092,384.0,MG
SP_000314,1263,0.0,G
SP_000314,1257,0.0,G
SP_000314,1018,0.0,G
SP_000314,1058,0.0,MG
SP_000314,1166,0.11,MG
SP_000314,1259,0.0,G
SP_000314,1190,12.0,UG
SP_000314,1165,0.08,MG
SP_000314,1280,0.0,G
SP_000314,1087,115.0,MG
SP_000314,1079,3.2,G
SP_000314,1107,1790.0,UG
SP_000314,1114,0.0,UG
SP_000314,1008,27.0,KCAL
SP_000314,1242,0.0,MG
SP_000314,1108,10.0,UG
SP_000314,1187,12.0,UG
SP_000314,1178,0.0,UG
SP_000314,1004,0.42,G
SP_000314,1293,0.038,G
SP_000314,1277,0.019,G
SP_000314,1268,0.015,G
SP_000314,1007,1.36,G
SP_000314,1003,2.86,G
SP_000314,1109,2.01,MG
SP_000314,1098,0.165,MG
SP_000314,1278,0.0,G
SP_000314,1105,0.0,UG
SP_000314,1275,0.0,G
SP_000314,1269,0.02,G
SP_000314,1089,1.64,MG
SP_000314,1095,0.25,MG
SP_000314,1279,0.058,G
SP_000314,1122,0.0,UG
SP_000314,1185,257.5,UG
SP_000314,1270,0.018,G
SP_000314,1123,3730.0,UG
SP_000314,1260,0.0,G
SP_000314,1246,0.0,UG
SP_000314,1266,0.002,G
SP_000314,1162,70.0,MG
SP_000314,1276,0.0,G
SP_000314,1272,0.0,G
SP_000314,2000,1.32,G
SP_000314,1271,0.0,G
SP_000314,1292,0.092,G
SP_000314,1110,0.0,IU
SP_000314,1180,0.5,MG
SP_000314,1062,114.0,kJ
SP_000314,1167,0.8,MG
SP_000314,1177,12.0,UG
SP_000314,1120,40.0,UG
SP_000314,1093,20.0,MG
SP_000314,1186,0.0,UG
SP_000314,1264,0.0,G
SP_000314,1261,0.0,G
SP_000314,1262,0.0,G
SP_000314,1170,0.21,MG
SP_000314,1258,0.01,G
SP_000314,1090,32.0,MG
SP_000314,1103,0.9,UG
SP_000314,1265,0.005,G
SP_000314,1106,151.0,UG
SP_000314,1104,3024.0,IU
SP_000314,1051,90.7,G
SP_000314,1175,0.18,MG
SP_000314,1091,58.0,MG
SP_000314,1057,0.0,MG
SP_000314,1253,0.0,MG
SP_000314,1005,4.67,G
SP_000319,1215,0.044,G
SP_000319,1178,0.0,UG
SP_000319,1224,0.252,G
SP_000319,1005,3.13,G
SP_000319,1218,0.08,G
SP_000319,1175,0.096,MG
SP_000319,1114,0.0,UG
SP_000319,1007,1.6,G
SP_000319,1087,77.0,MG
SP_000319,1177,57.0,UG
SP_000319,1187,57.0,UG
SP_000319,1219,0.135,G
SP_000319,1190,57.0,UG
SP_000319,1090,71.0,MG
SP_000319,1091,39.0,MG
SP_000319,1216,0.028,G
SP_000319,1166,0.1,MG
SP_000319,1101,0.16,MG
SP_000319,1167,0.9,MG
SP_000319,1105,0.0,UG
SP_000319,1213,0.146,G
SP_000319,1165,0.03,MG
SP_000319,1098,0.023,MG
SP_000319,1221,0.047,G
SP_000319,1220,0.148,G
SP_000319,1003,2.6,G
SP_000319,1051,92.47,G
SP_000319,1170,0.141,MG
SP_000319,1008,19.0,KCAL
SP_000319,1110,0.0,IU
SP_000319,1089,1.67,MG
SP_000319,1211,0.14,G
SP_000319,1253,0.0,MG
SP_000319,1062,80.0,kJ
SP_000319,1092,312.0,MG
SP_000319,1162,55.0,MG
SP_000319,1227,0.122,G
SP_000319,1226,0.088,G
SP_000319,1103,0.9,UG
SP_000319,1186,0.0,UG
SP_000319,1079,2.1,G
SP_000319,1093,113.0,MG
SP_000319,1095,0.18,MG
SP_000319,1214,0.109,G
SP_000319,1225,0.099,G
SP_000319,1222,0.109,G
SP_000319,1217,0.127,G
SP_000319,1257,0.0,G
SP_000319,1106,315.0,UG
SP_000319,1004,0.2,G
SP_000319,1223,0.65,G
SP_000319,1212,0.104,G
SP_000319,1104,6300.0,IU
SP_000321,1177,64.0,UG
SP_000321,2000,1.75,G
SP_000321,1268,1.228,G
SP_000321,1280,0.0,G
SP_000321,1257,0.0,G
SP_000321,1279,0.0,G
SP_000321,1253,4.0,MG
SP_000321,1301,0.0,G
SP_000321,1103,13.4,UG
SP_000321,1109,0.98,MG
SP_000321,1093,474.0,MG
SP_000321,1098,0.063,MG
SP_000321,1167,2.198,MG
SP_000321,1246,0.0,UG
SP_000321,1277,0.009,G
SP_000321,1110,0.0,IU
SP_000321,1190,100.0,UG
SP_000321,1105,3.0,UG
SP_000321,1057,0.0,MG
SP_000321,1325,0.0,G
SP_000321,1018,0.0,G
SP_000321,1300,0.002,G
SP_000321,1260,0.008,G
SP_000321,1008,195.0,KCAL
SP_000321,1293,3.236,G
SP_000321,1258,1.316,G
SP_000321,1333,0.0,G
SP_000321,1114,0.0,UG
SP_000321,1186,52.0,UG
SP_000321,1323,0.0,G
SP_000321,1089,1.26,MG
SP_000321,1187,12.0,UG
SP_000321,1264,0.047,G
SP_000321,1004,6.14,G
SP_000321,1267,0.018,G
SP_000321,1007,1.7,G
SP_000321,1266,0.349,G
SP_000321,1062,815.0,kJ
SP_000321,1180,9.6,MG
SP_000321,1263,0.015,G
SP_000321,1332,0.0,G
SP_000321,1120,0.0,UG
SP_000321,1106,3.0,UG
SP_000321,1091,79.0,MG
SP_000321,1107,1.0,UG
SP_000321,1299,0.0,G
SP_000321,1051,57.25,G
SP_000321,1312,0.0,G
SP_000321,1274,0.0,G
SP_000321,1058,0.0,MG
SP_000321,1265,0.814,G
SP_000321,1122,0.0,UG
SP_000321,1313,0.0,G
SP_000321,1166,0.222,MG
SP_000321,1003,5.26,G
SP_000321,1262,0.011,G
SP_000321,1259,0.021,G
SP_000321,1275,0.005,G
SP_000321,1271,0.0,G
SP_000321,1162,5.3,MG
SP_000321,1273,0.018,G
SP_000321,1095,0.44,MG
SP_000321,1087,35.0,MG
SP_000321,1079,0.9,G
SP_000321,1270,0.267,G
SP_000321,1108,0.0,UG
SP_000321,1178,0.08,UG
SP_000321,1090,16.0,MG
SP_000321,1185,7.9,UG
SP_000321,1092,107.0,MG
SP_000321,1261,0.004,G
SP_000321,1269,2.97,G
SP_000321,1104,11.0,IU
SP_000321,1165,0.293,MG
SP_000321,1276,0.0,G
SP_000321,1005,29.64,G
SP_000321,1278,0.0,G
SP_000321,1123,8.0,UG
SP_000321,1242,0.0,MG
SP_000321,1292,1.243,G
SP_000321,1175,0.062,MG
SP_000321,1272,0.0,G
SP_000346,1186,0.0,UG
SP_000346,1105,55.0,UG
SP_000346,1087,684.0,MG
SP_000346,1260,0.081,G
SP_000346,1263,0.108,G
SP_000346,1180,36.2,MG
SP_000346,1253,35.0,MG
SP_000346,1166,0.39,MG
SP_000346,1103,16.6,UG
SP_000346,1175,0.08,MG
SP_000346,1108,0.0,UG
SP_000346,1276,0.0,G
SP_000346,1167,0.08,MG
SP_000346,1292,2.005,G
SP_000346,1062,753.0,kJ
SP_000346,1275,0.231,G
SP_000346,1259,0.233,G
SP_000346,1272,0.0,G
SP_000346,1293,0.222,G
SP_000346,1003,24.6,G
SP_000346,1110,5.0,IU
SP_000346,1004,7.0,G
SP_000346,1270,0.085,G
SP_000346,1104,215.0,IU
SP_000346,1269,0.137,G
SP_000346,1007,6.0,G
SP_000346,1258,4.41,G
SP_000346,1090,24.0,MG
SP_000346,1058,0.0,MG
SP_000346,1278,0.0,G
SP_000346,1246,0.0,UG
SP_000346,1005,3.5,G
SP_000346,1106,57.0,UG
SP_000346,1089,0.43,MG
SP_000346,1264,0.719,G
SP_000346,1261,0.085,G
SP_000346,1098,0.033,MG
SP_000346,1185,2.7,UG
SP_000346,1242,0.0,MG
SP_000346,1177,9.0,UG
SP_000346,1277,0.0,G
SP_000346,1107,18.0,UG
SP_000346,2000,0.59,G
SP_000346,1190,9.0,UG
SP_000346,1008,180.0,KCAL
SP_000346,1091,827.0,MG
SP_000346,1093,1789.0,MG
SP_000346,1114,0.1,UG
SP_000346,1109,0.27,MG
SP_000346,1123,0.0,UG
SP_000346,1165,0.03,MG
SP_000346,1112,0.1,UG
SP_000346,1162,0.0,MG
SP_000346,1122,0.0,UG
SP_000346,1095,3.32,MG
SP_000346,1279,0.0,G
SP_000346,1079,0.0,G
SP_000346,1262,0.143,G
SP_000346,1178,0.77,UG
SP_000346,1187,9.0,UG
SP_000346,1092,180.0,MG
SP_000346,1271,0.0,G
SP_000346,1057,0.0,MG
SP_000346,1268,1.682,G
SP_000346,1280,0.0,G
SP_000346,1018,0.0,G
SP_000346,1120,0.0,UG
SP_000346,1051,58.9,G
SP_000346,1265,2.038,G
SP_000346,1266,0.851,G
SP_000359,1089,5.81,MG
SP_000359,1187,11.0,UG
SP_000359,1299,0.0,G
SP_000359,1270,0.371,G
SP_000359,1184,23.0,UG
SP_000359,1007,3.02,G
SP_000359,1014,0.28,G
SP_000359,1190,106.0,UG
SP_000359,1165,0.544,MG
SP_000359,1075,0.0,G
SP_000359,1325,0.0,G
SP_000359,1130,0.0,MG
SP_000359,1333,0.0,G
SP_000359,1167,7.785,MG
SP_000359,1090,25.0,MG
SP_000359,1264,0.012,G
SP_000359,1323,0.0,G
SP_000359,1092,148.0,MG
SP_000359,1166,0.655,MG
SP_000359,1009,38.63,G
SP_000359,1098,0.038,MG
SP_000359,1004,9.91,G
SP_000359,1103,12.8,UG
SP_000359,1008,298.0,KCAL
SP_000359,1267,0.042,G
SP_000359,1253,16.0,MG
SP_000359,1262,0.0,G
SP_000359,1095,0.45,MG
SP_000359,1292,5.195,G
SP_000359,1277,0.07,G
SP_000359,1087,197.0,MG
SP_000359,1062,1245.0,kJ
SP_000359,1268,5.099,G
SP_000359,1266,0.576,G
SP_000359,1185,8.1,UG
SP_000359,1010,3.31,G
SP_000359,1125,0.07,MG
SP_000359,1109,0.95,MG
SP_000359,1300,0.005,G
SP_000359,1091,410.0,MG
SP_000359,1101,0.154,MG
SP_000359,1269,1.856,G
SP_000359,1271,0.005,G
SP_000359,1186,56.0,UG
SP_000359,1275,0.026,G
SP_000359,1273,0.035,G
SP_000359,1013,1.46,G
SP_000359,1129,0.0,MG
SP_000359,1005,45.41,G
SP_000359,1079,2.4,G
SP_000359,1131,0.0,MG
SP_000359,1011,0.0,G
SP_000359,1093,682.0,MG
SP_000359,1178,2.18,UG
SP_000359,1175,1.016,MG
SP_000359,1051,34.95,G
SP_000359,1126,4.52,MG
SP_000359,1261,0.0,G
SP_000359,1012,0.0,G
SP_000359,1177,67.0,UG
SP_000359,1265,0.909,G
SP_000359,1263,0.0,G
SP_000359,1127,1.18,MG
SP_000359,1128,0.0,MG
SP_000359,1293,2.24,G
SP_000359,1003,6.71,G
SP_000359,2000,5.04,G
SP_000359,1258,1.58,G
SP_000359,1274,0.0,G
SP_000359,1313,0.007,G
SP_000359,1321,0.0,G
SP_000359,1170,0.325,MG
SP_000362,1261,0.0,G
SP_000362,1275,0.0,G
SP_000362,1268,0.0,G
SP_000362,1276,0.0,G
SP_000362,1123,0.0,UG
SP_000362,1190,0.0,UG
SP_000362,1264,0.0,G
SP_000362,1018,16.1,G
SP_000362,1110,0.0,IU
SP_000362,1057,0.0,MG
SP_000362,1167,0.0,MG
SP_000362,1272,0.0,G
SP_000362,1293,0.0,G
SP_000362,1259,0.0,G
SP_000362,1265,0.0,G
SP_000362,1114,0.0,UG
SP_000362,1270,0.0,G
SP_000362,1106,0.0,UG
SP_000362,1008,134.0,KCAL
SP_000362,1051,78.4,G
SP_000362,1187,0.0,UG
SP_000362,1091,6.0,MG
SP_000362,1089,0.1,MG
SP_000362,1122,0.0,UG
SP_000362,1108,0.0,UG
SP_000362,1166,0.0,MG
SP_000362,1180,0.0,MG
SP_000362,1105,0.0,UG
SP_000362,1005,5.0,G
SP_000362,1177,0.0,UG
SP_000362,1098,0.009,MG
SP_000362,1162,0.0,MG
SP_000362,1277,0.0,G
SP_000362,1103,1.4,UG
SP_000362,1278,0.0,G
SP_000362,1079,0.0,G
SP_000362,1003,0.5,G
SP_000362,1178,0.0,UG
SP_000362,1004,0.0,G
SP_000362,1007,0.0,G
SP_000362,1280,0.0,G
SP_000362,1257,0.0,G
SP_000362,1246,0.0,UG
SP_000362,1186,0.0,UG
SP_000362,1266,0.0,G
SP_000362,1107,0.0,UG
SP_000362,1269,0.0,G
SP_000362,1109,0.0,MG
SP_000362,1242,0.0,MG
SP_000362,1120,0.0,UG
SP_000362,1104,0.0,IU
SP_000362,1185,0.0,UG
SP_000362,1062,561.0,kJ
SP_000362,1093,2.0,MG
SP_000362,1175,0.0,MG
SP_000362,2000,0.0,G
SP_000362,1087,5.0,MG
SP_000362,1090,6.0,MG
SP_000362,1092,25.0,MG
SP_000362,1253,0.0,MG
SP_000362,1292,0.0,G
SP_000362,1095,0.02,MG
SP_000362,1058,0.0,MG
SP_000362,1279,0.0,G
SP_000362,1262,0.0,G
SP_000362,1263,0.0,G
SP_000362,1271,0.0,G
SP_000362,1165,0.0,MG
SP_000362,1260,0.0,G
SP_000362,1258,0.0,G
SP_000364,2048,349.301722,KCAL
SP_000364,2047,372.341,KCAL
SP_000364,1005,75.88175,G
SP_000364,1003,11.75625,G
SP_000364,1051,8.485,G
SP_000364,1002,1.881,G
SP_000364,1098,0.3774,MG
SP_000364,1167,5.18,MG
SP_000364,1091,312.1,MG
SP_000364,1165,0.2263,MG
SP_000364,1009,62.31,G
SP_000364,1093,2.18,MG
SP_000364,1087,34.11,MG
SP_000364,1004,2.421,G
SP_000364,1175,0.2228,MG
SP_000364,1079,11.72,G
SP_000364,1090,118.9,MG
SP_000364,1101,2.636,MG
SP_000364,1095,2.149,MG
SP_000364,1007,1.456,G
SP_000364,1092,358.3,MG
SP_000364,1176,5.475,UG
SP_000364,1089,2.625,MG
SP_000367,1008,93.0,KCAL
SP_000367,1218,0.058,G
SP_000367,1014,0.0,G
SP_000367,1058,0.0,MG
SP_000367,1276,0.0,G
SP_000367,1092,535.0,MG
SP_000367,1166,0.048,MG
SP_000367,1278,0.0,G
SP_000367,1125,0.0,MG
SP_000367,1004,0.13,G
SP_000367,1211,0.081,G
SP_000367,1242,0.0,MG
SP_000367,1265,0.022,G
SP_000367,1262,0.001,G
SP_000367,1110,0.0,IU
SP_000367,1098,0.118,MG
SP_000367,1165,0.064,MG
SP_000367,1010,0.4,G
SP_000367,1187,28.0,UG
SP_000367,1280,0.0,G
SP_000367,1127,0.0,MG
SP_000367,1227,0.091,G
SP_000367,1091,70.0,MG
SP_000367,1271,0.0,G
SP_000367,1123,30.0,UG
SP_000367,1212,0.08,G
SP_000367,1279,0.0,G
SP_000367,1051,74.89,G
SP_000367,2000,1.18,G
SP_000367,1122,0.0,UG
SP_000367,1190,28.0,UG
SP_000367,1018,0.0,G
SP_000367,1057,0.0,MG
SP_000367,1175,0.311,MG
SP_000367,1260,0.0,G
SP_000367,1012,0.34,G
SP_000367,1104,10.0,IU
SP_000367,1258,0.034,G
SP_000367,1268,0.001,G
SP_000367,1105,0.0,UG
SP_000367,1253,0.0,MG
SP_000367,1167,1.41,MG
SP_000367,1224,0.427,G
SP_000367,1062,390.0,kJ
SP_000367,1114,0.0,UG
SP_000367,1106,1.0,UG
SP_000367,1162,9.6,MG
SP_000367,1263,0.004,G
SP_000367,1222,0.076,G
SP_000367,1170,0.376,MG
SP_000367,1259,0.0,G
SP_000367,1093,10.0,MG
SP_000367,1266,0.005,G
SP_000367,1270,0.013,G
SP_000367,1223,0.583,G
SP_000367,1126,0.0,MG
SP_000367,1109,0.04,MG
SP_000367,1003,2.5,G
SP_000367,1011,0.44,G
SP_000367,1221,0.042,G
SP_000367,1107,6.0,UG
SP_000367,1226,0.076,G
SP_000367,1108,0.0,UG
SP_000367,1215,0.038,G
SP_000367,1257,0.0,G
SP_000367,1089,1.08,MG
SP_000367,1177,28.0,UG
SP_000367,1007,1.33,G
SP_000367,1272,0.0,G
SP_000367,1009,17.27,G
SP_000367,1292,0.003,G
SP_000367,1120,0.0,UG
SP_000367,1293,0.057,G
SP_000367,1013,0.0,G
SP_000367,1184,0.0,UG
SP_000367,1079,2.2,G
SP_000367,1219,0.125,G
SP_000367,1101,0.219,MG
SP_000367,1246,0.0,UG
SP_000367,1186,0.0,UG
SP_000367,1217,0.099,G
SP_000367,1216,0.029,G
SP_000367,1261,0.0,G
SP_000367,1220,0.123,G
SP_000367,1264,0.001,G
SP_000367,1214,0.13,G
SP_000367,1178,0.0,UG
SP_000367,1185,2.0,UG
SP_000367,1087,15.0,MG
SP_000367,1095,0.36,MG
SP_000367,1090,28.0,MG
SP_000367,1213,0.119,G
SP_000367,1075,0.0,G
SP_000367,1225,0.069,G
SP_000367,1103,0.4,UG
SP_000367,1269,0.043,G
SP_000367,1275,0.001,G
SP_000367,1210,0.025,G
SP_000367,1277,0.0,G
SP_000367,1005,21.15,G
SP_000371,1212,0.313,G
SP_000371,1258,0.116,G
SP_000371,1262,0.005,G
SP_000371,1218,0.289,G
SP_000371,1051,85.23,G
SP_000371,1185,0.2,UG
SP_000371,1079,0.0,G
SP_000371,1186,0.0,UG
SP_000371,1213,0.577,G
SP_000371,1293,0.005,G
SP_000371,1222,0.245,G
SP_000371,1008,56.0,KCAL
SP_000371,1292,0.049,G
SP_000371,1219,0.474,G
SP_000371,1005,7.68,G
SP_000371,1180,15.2,MG
SP_000371,1090,19.0,MG
SP_000371,1003,5.73,G
SP_000371,1091,157.0,MG
SP_000371,1114,0.0,UG
SP_000371,1178,0.61,UG
SP_000371,1268,0.041,G
SP_000371,1099,12.0,UG
SP_000371,1210,0.032,G
SP_000371,1101,0.005,MG
SP_000371,1217,0.313,G
SP_000371,1177,12.0,UG
SP_000371,1190,12.0,UG
SP_000371,1280,0.0,G
SP_000371,1261,0.002,G
SP_000371,1263,0.006,G
SP_000371,1175,0.053,MG
SP_000371,1275,0.004,G
SP_000371,1260,0.004,G
SP_000371,1087,199.0,MG
SP_000371,1167,0.124,MG
SP_000371,1215,0.169,G
SP_000371,1018,0.0,G
SP_000371,1109,0.0,MG
SP_000371,1265,0.049,G
SP_000371,1095,0.97,MG
SP_000371,1277,0.0,G
SP_000371,1223,0.454,G
SP_000371,1226,0.679,G
SP_000371,1057,0.0,MG
SP_000371,1264,0.019,G
SP_000371,1110,0.0,IU
SP_000371,1187,12.0,UG
SP_000371,1221,0.142,G
SP_000371,1270,0.001,G
SP_000371,1103,3.6,UG
SP_000371,1165,0.048,MG
SP_000371,1120,0.0,UG
SP_000371,1246,0.0,UG
SP_000371,2000,7.68,G
SP_000371,1107,0.0,UG
SP_000371,1058,0.0,MG
SP_000371,1269,0.004,G
SP_000371,1271,0.0,G
SP_000371,1162,0.9,MG
SP_000371,1105,2.0,UG
SP_000371,1104,7.0,IU
SP_000371,1108,0.0,UG
SP_000371,1062,233.0,kJ
SP_000371,1225,0.138,G
SP_000371,1106,2.0,UG
SP_000371,1220,0.172,G
SP_000371,1092,255.0,MG
SP_000371,1007,1.18,G
SP_000371,1123,0.0,UG
SP_000371,1279,0.0,G
SP_000371,1276,0.0,G
SP_000371,1093,77.0,MG
SP_000371,1266,0.018,G
SP_000371,1216,0.052,G
SP_000371,1272,0.0,G
SP_000371,1004,0.18,G
SP_000371,1214,0.514,G
SP_000371,1122,0.0,UG
SP_000371,1253,2.0,MG
SP_000371,1170,0.641,MG
SP_000371,1211,0.235,G
SP_000371,1166,0.234,MG
SP_000371,1259,0.005,G
SP_000371,1278,0.0,G
SP_000371,1242,0.0,MG
SP_000371,1089,0.09,MG
SP_000371,1098,0.015,MG
SP_000371,1227,0.355,G
SP_000371,1224,1.122,G
SP_000374,1109,14.35,MG
SP_000374,1093,2.0,MG
SP_000374,1211,0.0,G
SP_000374,1058,0.0,MG
SP_000374,1264,0.0,G
SP_000374,1177,0.0,UG
SP_000374,1106,0.0,UG
SP_000374,1170,0.0,MG
SP_000374,1005,0.0,G
SP_000374,1114,0.0,UG
SP_000374,1262,0.0,G
SP_000374,1220,0.0,G
SP_000374,1105,0.0,UG
SP_000374,1051,0.0,G
SP_000374,1184,0.0,UG
SP_000374,1277,0.311,G
SP_000374,1293,10.523,G
SP_000374,1167,0.0,MG
SP_000374,1292,72.961,G
SP_000374,1246,0.0,UG
SP_000374,1215,0.0,G
SP_000374,1185,60.2,UG
SP_000374,1269,9.762,G
SP_000374,1253,0.0,MG
SP_000374,1260,0.0,G
SP_000374,1107,0.0,UG
SP_000374,1175,0.0,MG
SP_000374,1217,0.0,G
SP_000374,1242,0.0,MG
SP_000374,1214,0.0,G
SP_000374,1123,0.0,UG
SP_000374,1089,0.56,MG
SP_000374,1095,0.0,MG
SP_000374,1120,0.0,UG
SP_000374,1323,0.125,G
SP_000374,1087,1.0,MG
SP_000374,1216,0.0,G
SP_000374,1213,0.0,G
SP_000374,1263,0.0,G
SP_000374,1279,0.0,G
SP_000374,1227,0.0,G
SP_000374,1276,0.0,G
SP_000374,1268,71.269,G
SP_000374,2000,0.0,G
SP_000374,1223,0.0,G
SP_000374,1104,0.0,IU
SP_000374,1180,0.3,MG
SP_000374,1186,0.0,UG
SP_000374,1190,0.0,UG
SP_000374,1283,221.0,MG
SP_000374,1265,11.29,G
SP_000374,1127,0.0,MG
SP_000374,1258,13.808,G
SP_000374,1219,0.0,G
SP_000374,1271,0.0,G
SP_000374,1221,0.0,G
SP_000374,1280,0.0,G
SP_000374,1003,0.0,G
SP_000374,1162,0.0,MG
SP_000374,1101,0.0,MG
SP_000374,1278,0.0,G
SP_000374,1218,0.0,G
SP_000374,1165,0.0,MG
SP_000374,1018,0.0,G
SP_000374,1062,3699.0,kJ
SP_000374,1103,0.0,UG
SP_000374,1261,0.0,G
SP_000374,1267,0.414,G
SP_000374,1057,0.0,MG
SP_000374,1212,0.0,G
SP_000374,1108,0.0,UG
SP_000374,1275,1.255,G
SP_000374,1122,0.0,UG
SP_000374,1166,0.0,MG
SP_000374,1178,0.0,UG
SP_000374,1259,0.0,G
SP_000374,1210,0.0,G
SP_000374,1092,1.0,MG
SP_000374,1125,0.11,MG
SP_000374,1274,0.0,G
SP_000374,1090,0.0,MG
SP_000374,1225,0.0,G
SP_000374,1187,0.0,UG
SP_000374,1273,0.129,G
SP_000374,1007,0.0,G
SP_000374,1198,0.1,MG
SP_000374,1270,0.761,G
SP_000374,1272,0.0,G
SP_000374,1008,884.0,KCAL
SP_000374,1091,0.0,MG
SP_000374,1300,0.022,G
SP_000374,1110,0.0,IU
SP_000374,1266,1.953,G
SP_000374,1222,0.0,G
SP_000374,1224,0.0,G
SP_000374,1004,100.0,G
SP_000374,1301,0.0,G
SP_000374,1126,0.83,MG
SP_000374,1079,0.0,G
SP_000374,1226,0.0,G
SP_000374,1098,0.0,MG
SP_000378,1223,0.373,G
SP_000378,1186,114.0,UG
SP_000378,1220,0.321,G
SP_000378,1018,0.0,G
SP_000378,1105,0.0,UG
SP_000378,1167,5.707,MG
SP_000378,1217,0.456,G
SP_000378,1187,22.0,UG
SP_000378,1275,0.0,G
SP_000378,1108,0.0,UG
SP_000378,1079,2.6,G
SP_000378,1091,104.0,MG
SP_000378,1279,0.0,G
SP_000378,1190,216.0,UG
SP_000378,1106,0.0,UG
SP_000378,1212,0.342,G
SP_000378,1278,0.0,G
SP_000378,1226,1.087,G
SP_000378,1280,0.0,G
SP_000378,1104,0.0,IU
SP_000378,1272,0.0,G
SP_000378,1180,19.6,MG
SP_000378,1101,0.944,MG
SP_000378,1095,0.69,MG
SP_000378,1277,0.0,G
SP_000378,1058,0.0,MG
SP_000378,1114,0.0,UG
SP_000378,1262,0.0,G
SP_000378,1292,0.152,G
SP_000378,1175,0.039,MG
SP_000378,1092,115.0,MG
SP_000378,1218,0.253,G
SP_000378,1007,0.6,G
SP_000378,1178,0.0,UG
SP_000378,1271,0.0,G
SP_000378,1259,0.0,G
SP_000378,1107,0.0,UG
SP_000378,1120,0.0,UG
SP_000378,1003,9.3,G
SP_000378,1221,0.196,G
SP_000378,1219,0.388,G
SP_000378,1103,42.3,UG
SP_000378,1123,76.0,UG
SP_000378,1276,0.0,G
SP_000378,1214,0.179,G
SP_000378,1110,0.0,IU
SP_000378,1089,4.64,MG
SP_000378,1266,0.012,G
SP_000378,1213,0.639,G
SP_000378,1260,0.0,G
SP_000378,1293,0.722,G
SP_000378,1264,0.0,G
SP_000378,1098,0.225,MG
SP_000378,1057,0.0,MG
SP_000378,1166,0.468,MG
SP_000378,1162,0.0,MG
SP_000378,1211,0.247,G
SP_000378,1051,7.6,G
SP_000378,1109,0.43,MG
SP_000378,1210,0.107,G
SP_000378,1093,16.0,MG
SP_000378,1242,0.0,MG
SP_000378,1165,0.696,MG
SP_000378,1062,1603.0,kJ
SP_000378,1246,0.0,UG
SP_000378,1227,0.448,G
SP_000378,1087,23.0,MG
SP_000378,1253,0.0,MG
SP_000378,1224,3.241,G
SP_000378,1265,0.259,G
SP_000378,1215,0.162,G
SP_000378,1261,0.0,G
SP_000378,1268,0.152,G
SP_000378,2000,0.33,G
SP_000378,1008,383.0,KCAL
SP_000378,1258,0.271,G
SP_000378,1263,0.0,G
SP_000378,1216,0.208,G
SP_000378,1177,136.0,UG
SP_000378,1090,24.0,MG
SP_000378,1170,0.467,MG
SP_000378,1225,0.316,G
SP_000378,1005,80.9,G
SP_000378,1185,0.3,UG
SP_000378,1270,0.039,G
SP_000378,1122,0.0,UG
SP_000378,1269,0.683,G
SP_000378,1004,1.7,G
SP_000378,1222,0.282,G
SP_000381,1292,0.198,G
SP_000381,1095,0.61,MG
SP_000381,1018,0.0,G
SP_000381,1253,0.0,MG
SP_000381,1106,15.0,UG
SP_000381,1227,0.29,G
SP_000381,1062,414.0,kJ
SP_000381,1216,0.055,G
SP_000381,1266,0.017,G
SP_000381,1257,0.0,G
SP_000381,1264,0.001,G
SP_000381,1210,0.056,G
SP_000381,1212,0.284,G
SP_000381,1079,3.8,G
SP_000381,1219,0.306,G
SP_000381,1221,0.16,G
SP_000381,1211,0.209,G
SP_000381,1178,0.0,UG
SP_000381,1162,15.1,MG
SP_000381,1104,292.0,IU
SP_000381,1090,48.0,MG
SP_000381,1008,99.0,KCAL
SP_000381,1110,0.0,IU
SP_000381,1218,0.171,G
SP_000381,1166,0.082,MG
SP_000381,1091,113.0,MG
SP_000381,1269,0.412,G
SP_000381,1223,0.489,G
SP_000381,1215,0.068,G
SP_000381,1220,0.294,G
SP_000381,1222,0.277,G
SP_000381,1087,18.0,MG
SP_000381,1187,40.0,UG
SP_000381,1170,0.128,MG
SP_000381,1051,73.1,G
SP_000381,1258,0.19,G
SP_000381,1092,369.0,MG
SP_000381,1268,0.198,G
SP_000381,1103,0.6,UG
SP_000381,1098,0.186,MG
SP_000381,1105,0.0,UG
SP_000381,1093,4.0,MG
SP_000381,1003,5.03,G
SP_000381,1165,0.208,MG
SP_000381,1007,1.26,G
SP_000381,1293,0.489,G
SP_000381,1089,1.83,MG
SP_000381,1177,40.0,UG
SP_000381,1224,0.758,G
SP_000381,1225,0.2,G
SP_000381,1186,0.0,UG
SP_000381,1217,0.243,G
SP_000381,1265,0.172,G
SP_000381,1214,0.295,G
SP_000381,1226,0.196,G
SP_000381,1190,40.0,UG
SP_000381,1270,0.076,G
SP_000381,1213,0.443,G
SP_000381,1101,0.688,MG
SP_000381,1167,1.587,MG
SP_000381,1175,0.13,MG
SP_000381,1004,1.02,G
SP_000381,1005,19.59,G
SP_000381,1114,0.0,UG
SP_000383,1103,0.0,UG
SP_000383,2048,358.557061,KCAL
SP_000383,2047,357.369,KCAL
SP_000383,1005,87.312975,G
SP_000383,1003,0.918225,G
SP_000383,1009,79.72,G
SP_000383,1090,33.56,MG
SP_000383,1007,0.715,G
SP_000383,1102,2.534,UG
SP_000383,1176,0.5188,UG
SP_000383,1165,0.05125,MG
SP_000383,1101,0.3954,MG
SP_000383,1175,0.04988,MG
SP_000383,1089,3.988,MG
SP_000383,2033,7.655,G
SP_000383,1092,197.6,MG
SP_000383,1166,0.0675,MG
SP_000383,1093,13.08,MG
SP_000383,1167,0.6,MG
SP_000383,2065,1.394,G
SP_000383,1051,10.56,G
SP_000383,2058,0.0,G
SP_000383,1079,4.834,G
SP_000383,1002,0.1575,G
SP_000383,1087,74.55,MG
SP_000383,1098,0.07663,MG
SP_000383,1095,0.4099,MG
SP_000383,2038,6.266,G
SP_000383,1004,0.4938,G
SP_000383,1091,39.24,MG
SP_000384,1170,0.831,MG
SP_000384,1270,0.052,G
SP_000384,1167,2.84,MG
SP_000384,1217,0.47,G
SP_000384,1180,26.5,MG
SP_000384,1007,2.0,G
SP_000384,1258,0.208,G
SP_000384,1108,0.0,UG
SP_000384,1110,0.0,IU
SP_000384,1278,0.0,G
SP_000384,1293,1.055,G
SP_000384,1018,0.0,G
SP_000384,1224,3.153,G
SP_000384,1218,0.292,G
SP_000384,1280,0.0,G
SP_000384,1214,0.265,G
SP_000384,1098,0.29,MG
SP_000384,1091,180.0,MG
SP_000384,1212,0.367,G
SP_000384,1166,0.08,MG
SP_000384,1227,0.469,G
SP_000384,1221,0.226,G
SP_000384,1253,0.0,MG
SP_000384,1090,69.0,MG
SP_000384,1109,0.61,MG
SP_000384,1004,1.71,G
SP_000384,1120,0.0,UG
SP_000384,1162,0.0,MG
SP_000384,1103,44.0,UG
SP_000384,1261,0.0,G
SP_000384,1213,0.671,G
SP_000384,1262,0.0,G
SP_000384,1215,0.153,G
SP_000384,1051,30.6,G
SP_000384,1087,15.0,MG
SP_000384,1105,0.0,UG
SP_000384,1062,1096.0,kJ
SP_000384,1107,4.0,UG
SP_000384,1005,55.89,G
SP_000384,2000,2.87,G
SP_000384,1093,421.0,MG
SP_000384,1263,0.001,G
SP_000384,1259,0.0,G
SP_000384,1271,0.003,G
SP_000384,1260,0.0,G
SP_000384,1211,0.282,G
SP_000384,1266,0.022,G
SP_000384,1165,0.339,MG
SP_000384,1225,0.394,G
SP_000384,1276,0.0,G
SP_000384,1292,0.349,G
SP_000384,1008,262.0,KCAL
SP_000384,1246,0.0,UG
SP_000384,1187,35.0,UG
SP_000384,1106,0.0,UG
SP_000384,1003,9.8,G
SP_000384,1210,0.149,G
SP_000384,1275,0.037,G
SP_000384,1268,0.312,G
SP_000384,1223,0.494,G
SP_000384,1079,6.1,G
SP_000384,1095,1.52,MG
SP_000384,1222,0.343,G
SP_000384,1279,0.0,G
SP_000384,1265,0.373,G
SP_000384,1092,170.0,MG
SP_000384,1089,3.06,MG
SP_000384,1178,0.0,UG
SP_000384,1216,0.228,G
SP_000384,1269,1.001,G
SP_000384,1114,0.0,UG
SP_000384,1177,35.0,UG
SP_000384,1175,0.265,MG
SP_000384,1122,0.0,UG
SP_000384,1272,0.0,G
SP_000384,1101,1.74,MG
SP_000384,1226,1.046,G
SP_000384,1186,0.0,UG
SP_000384,1219,0.441,G
SP_000384,1242,0.0,MG
SP_000384,1277,0.0,G
SP_000384,1185,1.4,UG
SP_000384,1123,53.0,UG
SP_000384,1220,0.455,G
SP_000384,1057,0.0,MG
SP_000384,1058,0.0,MG
SP_000384,1104,0.0,IU
SP_000384,1264,0.004,G
SP_000384,1190,35.0,UG
SP_000397,1301,0.0,G
SP_000397,1211,0.035,G
SP_000397,1257,0.0,G
SP_000397,1018,0.0,G
SP_000397,1166,0.04,MG
SP_000397,1299,0.0,G
SP_000397,1265,0.034,G
SP_000397,1300,0.0,G
SP_000397,1225,0.03,G
SP_000397,1178,0.0,UG
SP_000397,1269,0.017,G
SP_000397,1227,0.053,G
SP_000397,1079,2.5,G
SP_000397,1187,43.0,UG
SP_000397,1246,0.0,UG
SP_000397,1104,98.0,IU
SP_000397,1011,1.67,G
SP_000397,1271,0.0,G
SP_000397,1103,0.3,UG
SP_000397,1261,0.0,G
SP_000397,1263,0.0,G
SP_000397,1279,0.0,G
SP_000397,1190,43.0,UG
SP_000397,1091,26.0,MG
SP_000397,1126,0.0,MG
SP_000397,1220,0.075,G
SP_000397,1198,0.4,MG
SP_000397,1122,0.0,UG
SP_000397,1274,0.0,G
SP_000397,1264,0.0,G
SP_000397,1268,0.017,G
SP_000397,1185,76.0,UG
SP_000397,1266,0.0,G
SP_000397,1226,0.048,G
SP_000397,1062,103.0,kJ
SP_000397,1075,0.0,G
SP_000397,1095,0.18,MG
SP_000397,1175,0.124,MG
SP_000397,1128,0.04,MG
SP_000397,1217,0.032,G
SP_000397,1277,0.0,G
SP_000397,1278,0.0,G
SP_000397,1222,0.042,G
SP_000397,1005,5.8,G
SP_000397,1089,0.47,MG
SP_000397,1293,0.017,G
SP_000397,1259,0.0,G
SP_000397,1167,0.234,MG
SP_000397,1165,0.061,MG
SP_000397,1323,0.0,G
SP_000397,1107,42.0,UG
SP_000397,1130,0.0,MG
SP_000397,1008,25.0,KCAL
SP_000397,1186,0.0,UG
SP_000397,1127,0.0,MG
SP_000397,1219,0.042,G
SP_000397,1212,0.03,G
SP_000397,1253,0.0,MG
SP_000397,1272,0.0,G
SP_000397,1109,0.15,MG
SP_000397,1120,0.0,UG
SP_000397,1099,1.0,UG
SP_000397,1223,0.122,G
SP_000397,1110,0.0,IU
SP_000397,1215,0.012,G
SP_000397,1012,1.45,G
SP_000397,1108,33.0,UG
SP_000397,1273,0.0,G
SP_000397,1213,0.041,G
SP_000397,1093,18.0,MG
SP_000397,1280,0.0,G
SP_000397,1051,92.18,G
SP_000397,1057,0.0,MG
SP_000397,1276,0.0,G
SP_000397,1087,40.0,MG
SP_000397,1333,0.0,G
SP_000397,1221,0.022,G
SP_000397,1114,0.0,UG
SP_000397,1106,5.0,UG
SP_000397,1214,0.044,G
SP_000397,1092,170.0,MG
SP_000397,1177,43.0,UG
SP_000397,1013,0.0,G
SP_000397,1007,0.64,G
SP_000397,1004,0.1,G
SP_000397,1014,0.01,G
SP_000397,1283,11.0,MG
SP_000397,1090,12.0,MG
SP_000397,1098,0.019,MG
SP_000397,1125,0.0,MG
SP_000397,1325,0.0,G
SP_000397,1218,0.019,G
SP_000397,1170,0.212,MG
SP_000397,2000,3.2,G
SP_000397,1270,0.0,G
SP_000397,1258,0.034,G
SP_000397,1216,0.011,G
SP_000397,1224,0.294,G
SP_000397,1058,0.0,MG
SP_000397,1292,0.017,G
SP_000397,1275,0.0,G
SP_000397,1313,0.0,G
SP_000397,1010,0.08,G
SP_000397,1129,0.0,MG
SP_000397,1180,10.7,MG
SP_000397,1003,1.28,G
SP_000397,1123,30.0,UG
SP_000397,1162,36.6,MG
SP_000397,1009,0.0,G
SP_000397,1184,0.0,UG
SP_000397,1260,0.0,G
SP_000397,1210,0.011,G
SP_000397,1105,0.0,UG
SP_000397,1242,0.0,MG
SP_000397,1262,0.0,G
SP_000397,1101,0.16,MG
SP_000397,1267,0.0,G
SP_000403,1223,0.147,G
SP_000403,1311,0.0,G
SP_000403,1225,0.046,G
SP_000403,1217,0.043,G
SP_000403,1011,1.07,G
SP_000403,1246,0.0,UG
SP_000403,1177,24.0,UG
SP_000403,1210,0.01,G
SP_000403,1321,0.0,G
SP_000403,1280,0.0,G
SP_000403,1293,0.091,G
SP_000403,1306,0.0,G
SP_000403,1265,0.048,G
SP_000403,1212,0.044,G
SP_000403,1211,0.029,G
SP_000403,1003,1.21,G
SP_000403,1222,0.063,G
SP_000403,1091,38.0,MG
SP_000403,1167,0.451,MG
SP_000403,1279,0.0,G
SP_000403,1014,0.0,G
SP_000403,1329,0.0,G
SP_000403,1178,0.0,UG
SP_000403,1075,0.0,G
SP_000403,1259,0.0,G
SP_000403,1299,0.001,G
SP_000403,1215,0.018,G
SP_000403,2000,2.5,G
SP_000403,1114,0.0,UG
SP_000403,1315,0.007,G
SP_000403,1186,0.0,UG
SP_000403,1267,0.001,G
SP_000403,1018,0.0,G
SP_000403,1220,0.051,G
SP_000403,1190,24.0,UG
SP_000403,1304,0.0,G
SP_000403,1105,0.0,UG
SP_000403,1404,0.061,G
SP_000403,1263,0.003,G
SP_000403,1218,0.032,G
SP_000403,1109,0.12,MG
SP_000403,1093,8.0,MG
SP_000403,1008,17.0,KCAL
SP_000403,1107,120.0,UG
SP_000403,1272,0.0,G
SP_000403,1300,0.002,G
SP_000403,1219,0.054,G
SP_000403,1187,24.0,UG
SP_000403,1221,0.026,G
SP_000403,1170,0.204,MG
SP_000403,1175,0.163,MG
SP_000403,1180,9.5,MG
SP_000403,1262,0.016,G
SP_000403,1098,0.053,MG
SP_000403,1270,0.061,G
SP_000403,1165,0.045,MG
SP_000403,1316,0.03,G
SP_000403,1092,261.0,MG
SP_000403,1260,0.0,G
SP_000403,1012,1.38,G
SP_000403,1406,0.0,G
SP_000403,1277,0.0,G
SP_000403,1317,0.0,G
SP_000403,1269,0.03,G
SP_000403,1253,0.0,MG
SP_000403,1087,16.0,MG
SP_000403,1108,0.0,UG
SP_000403,1276,0.0,G
SP_000403,1257,0.0,G
SP_000403,1013,0.0,G
SP_000403,1275,0.002,G
SP_000403,1242,0.0,MG
SP_000403,1325,0.0,G
SP_000403,1312,0.0,G
SP_000403,1010,0.05,G
SP_000403,1090,18.0,MG
SP_000403,1051,94.79,G
SP_000403,1405,0.0,G
SP_000403,1303,0.0,G
SP_000403,1079,1.0,G
SP_000403,1333,0.0,G
SP_000403,1314,0.002,G
SP_000403,1110,0.0,IU
SP_000403,1268,0.007,G
SP_000403,1104,200.0,IU
SP_000403,1301,0.003,G
SP_000403,1123,2125.0,UG
SP_000403,1166,0.094,MG
SP_000403,1305,0.0,G
SP_000403,1216,0.012,G
SP_000403,1274,0.002,G
SP_000403,1095,0.32,MG
SP_000403,1101,0.177,MG
SP_000403,1273,0.003,G
SP_000403,1224,0.129,G
SP_000403,1009,0.0,G
SP_000403,1058,0.0,MG
SP_000403,1292,0.011,G
SP_000403,1261,0.0,G
SP_000403,1005,3.11,G
SP_000403,1313,0.0,G
SP_000403,1007,0.58,G
SP_000403,1266,0.006,G
SP_000403,1331,0.0,G
SP_000403,1226,0.037,G
SP_000403,1062,70.0,kJ
SP_000403,1057,0.0,MG
SP_000403,1258,0.084,G
SP_000403,1120,0.0,UG
SP_000403,1004,0.32,G
SP_000403,1213,0.071,G
SP_000403,1264,0.001,G
SP_000403,1278,0.0,G
SP_000403,1162,17.9,MG
SP_000403,1122,0.0,UG
SP_000403,1227,0.049,G
SP_000403,1411,0.0,G
SP_000403,1089,0.37,MG
SP_000403,1185,4.3,UG
SP_000403,1323,0.0,G
SP_000403,1106,10.0,UG
SP_000403,1214,0.067,G
SP_000403,1103,0.2,UG
SP_000403,1271,0.0,G
SP_000404,1223,0.147,G
SP_000404,1311,0.0,G
SP_000404,1225,0.046,G
SP_000404,1217,0.043,G
SP_000404,1011,1.07,G
SP_000404,1246,0.0,UG
SP_000404,1177,24.0,UG
SP_000404,1210,0.01,G
SP_000404,1321,0.0,G
SP_000404,1280,0.0,G
SP_000404,1293,0.091,G
SP_000404,1306,0.0,G
SP_000404,1265,0.048,G
SP_000404,1212,0.044,G
SP_000404,1211,0.029,G
SP_000404,1003,1.21,G
SP_000404,1222,0.063,G
SP_000404,1091,38.0,MG
SP_000404,1167,0.451,MG
SP_000404,1279,0.0,G
SP_000404,1014,0.0,G
SP_000404,1329,0.0,G
SP_000404,1178,0.0,UG
SP_000404,1075,0.0,G
SP_000404,1259,0.0,G
SP_000404,1299,0.001,G
SP_000404,1215,0.018,G
SP_000404,2000,2.5,G
SP_000404,1114,0.0,UG
SP_000404,1315,0.007,G
SP_000404,1186,0.0,UG
SP_000404,1267,0.001,G
SP_000404,1018,0.0,G
SP_000404,1220,0.051,G
SP_000404,1190,24.0,UG
SP_000404,1304,0.0,G
SP_000404,1105,0.0,UG
SP_000404,1404,0.061,G
SP_000404,1263,0.003,G
SP_000404,1218,0.032,G
SP_000404,1109,0.12,MG
SP_000404,1093,8.0,MG
SP_000404,1008,17.0,KCAL
SP_000404,1107,120.0,UG
SP_000404,1272,0.0,G
SP_000404,1300,0.002,G
SP_000404,1219,0.054,G
SP_000404,1187,24.0,UG
SP_000404,1221,0.026,G
SP_000404,1170,0.204,MG
SP_000404,1175,0.163,MG
SP_000404,1180,9.5,MG
SP_000404,1262,0.016,G
SP_000404,1098,0.053,MG
SP_000404,1270,0.061,G
SP_000404,1165,0.045,MG
SP_000404,1316,0.03,G
SP_000404,1092,261.0,MG
SP_000404,1260,0.0,G
SP_000404,1012,1.38,G
SP_000404,1406,0.0,G
SP_000404,1277,0.0,G
SP_000404,1317,0.0,G
SP_000404,1269,0.03,G
SP_000404,1253,0.0,MG
SP_000404,1087,16.0,MG
SP_000404,1108,0.0,UG
SP_000404,1276,0.0,G
SP_000404,1257,0.0,G
SP_000404,1013,0.0,G
SP_000404,1275,0.002,G
SP_000404,1242,0.0,MG
SP_000404,1325,0.0,G
SP_000404,1312,0.0,G
SP_000404,1010,0.05,G
SP_000404,1090,18.0,MG
SP_000404,1051,94.79,G
SP_000404,1405,0.0,G
SP_000404,1303,0.0,G
SP_000404,1079,1.0,G
SP_000404,1333,0.0,G
SP_000404,1314,0.002,G
SP_000404,1110,0.0,IU
SP_000404,1268,0.007,G
SP_000404,1104,200.0,IU
SP_000404,1301,0.003,G
SP_000404,1123,2125.0,UG
SP_000404,1166,0.094,MG
SP_000404,1305,0.0,G
SP_000404,1216,0.012,G
SP_000404,1274,0.002,G
SP_000404,1095,0.32,MG
SP_000404,1101,0.177,MG
SP_000404,1273,0.003,G
SP_000404,1224,0.129,G
SP_000404,1009,0.0,G
SP_000404,1058,0.0,MG
SP_000404,1292,0.011,G
SP_000404,1261,0.0,G
SP_000404,1005,3.11,G
SP_000404,1313,0.0,G
SP_000404,1007,0.58,G
SP_000404,1266,0.006,G
SP_000404,1331,0.0,G
SP_000404,1226,0.037,G
SP_000404,1062,70.0,kJ
SP_000404,1057,0.0,MG
SP_000404,1258,0.084,G
SP_000404,1120,0.0,UG
SP_000404,1004,0.32,G
SP_000404,1213,0.071,G
SP_000404,1264,0.001,G
SP_000404,1278,0.0,G
SP_000404,1162,17.9,MG
SP_000404,1122,0.0,UG
SP_000404,1227,0.049,G
SP_000404,1411,0.0,G
SP_000404,1089,0.37,MG
SP_000404,1185,4.3,UG
SP_000404,1323,0.0,G
SP_000404,1106,10.0,UG
SP_000404,1214,0.067,G
SP_000404,1103,0.2,UG
SP_000404,1271,0.0,G
SP_000405,1093,3.0,MG
SP_000405,1277,0.0,G
SP_000405,1165,0.057,MG
SP_000405,1293,0.062,G
SP_000405,1221,0.01,G
SP_000405,1099,2.0,UG
SP_000405,1224,0.194,G
SP_000405,1323,0.0,G
SP_000405,1184,0.0,UG
SP_000405,1278,0.0,G
SP_000405,1005,4.64,G
SP_000405,1090,10.0,MG
SP_000405,1198,0.1,MG
SP_000405,1057,0.0,MG
SP_000405,1114,0.0,UG
SP_000405,1226,0.024,G
SP_000405,1110,0.0,IU
SP_000405,1218,0.012,G
SP_000405,1301,0.0,G
SP_000405,1267,0.0,G
SP_000405,1280,0.0,G
SP_000405,1098,0.066,MG
SP_000405,1185,7.4,UG
SP_000405,1087,10.0,MG
SP_000405,1051,93.89,G
SP_000405,1125,0.0,MG
SP_000405,1325,0.0,G
SP_000405,1264,0.0,G
SP_000405,1166,0.028,MG
SP_000405,1091,20.0,MG
SP_000405,1253,0.0,MG
SP_000405,1008,20.0,KCAL
SP_000405,1120,7.0,UG
SP_000405,1219,0.036,G
SP_000405,1095,0.13,MG
SP_000405,1007,0.43,G
SP_000405,1262,0.0,G
SP_000405,1123,341.0,UG
SP_000405,1246,0.0,UG
SP_000405,1187,10.0,UG
SP_000405,1170,0.099,MG
SP_000405,1268,0.008,G
SP_000405,1104,370.0,IU
SP_000405,1105,0.0,UG
SP_000405,1257,0.0,G
SP_000405,1217,0.092,G
SP_000405,1009,0.0,G
SP_000405,1186,0.0,UG
SP_000405,1313,0.0,G
SP_000405,1109,0.37,MG
SP_000405,1003,0.86,G
SP_000405,1101,0.122,MG
SP_000405,1131,0.0,MG
SP_000405,1275,0.0,G
SP_000405,1214,0.039,G
SP_000405,2000,2.4,G
SP_000405,1273,0.0,G
SP_000405,1276,0.0,G
SP_000405,1265,0.05,G
SP_000405,1075,0.0,G
SP_000405,1079,1.7,G
SP_000405,1175,0.224,MG
SP_000405,1212,0.024,G
SP_000405,1130,0.0,MG
SP_000405,1122,0.0,UG
SP_000405,1333,0.0,G
SP_000405,1127,0.0,MG
SP_000405,1107,208.0,UG
SP_000405,1269,0.054,G
SP_000405,1210,0.012,G
SP_000405,1011,1.16,G
SP_000405,1058,0.0,MG
SP_000405,1177,10.0,UG
SP_000405,1010,0.11,G
SP_000405,1106,18.0,UG
SP_000405,1258,0.058,G
SP_000405,1220,0.027,G
SP_000405,1260,0.0,G
SP_000405,1167,0.48,MG
SP_000405,1223,0.208,G
SP_000405,1190,10.0,UG
SP_000405,1014,0.0,G
SP_000405,1263,0.0,G
SP_000405,1004,0.17,G
SP_000405,1103,0.0,UG
SP_000405,1227,0.054,G
SP_000405,1242,0.0,MG
SP_000405,1018,0.0,G
SP_000405,1300,0.0,G
SP_000405,1292,0.008,G
SP_000405,1299,0.0,G
SP_000405,1222,0.036,G
SP_000405,1225,0.03,G
SP_000405,1272,0.0,G
SP_000405,1180,5.5,MG
SP_000405,1216,0.012,G
SP_000405,1270,0.008,G
SP_000405,1266,0.008,G
SP_000405,1279,0.0,G
SP_000405,1126,0.0,MG
SP_000405,1215,0.007,G
SP_000405,1261,0.0,G
SP_000405,1108,21.0,UG
SP_000405,1178,0.0,UG
SP_000405,1013,0.0,G
SP_000405,1274,0.0,G
SP_000405,1128,0.0,MG
SP_000405,1089,0.34,MG
SP_000405,1162,80.4,MG
SP_000405,1271,0.0,G
SP_000405,1211,0.036,G
SP_000405,1259,0.0,G
SP_000405,1283,9.0,MG
SP_000405,1213,0.036,G
SP_000405,1012,1.12,G
SP_000405,1092,175.0,MG
SP_000405,1062,84.0,kJ
SP_000405,1129,0.0,MG
SP_000406,1093,3.0,MG
SP_000406,1277,0.0,G
SP_000406,1165,0.057,MG
SP_000406,1293,0.062,G
SP_000406,1221,0.01,G
SP_000406,1099,2.0,UG
SP_000406,1224,0.194,G
SP_000406,1323,0.0,G
SP_000406,1184,0.0,UG
SP_000406,1278,0.0,G
SP_000406,1005,4.64,G
SP_000406,1090,10.0,MG
SP_000406,1198,0.1,MG
SP_000406,1057,0.0,MG
SP_000406,1114,0.0,UG
SP_000406,1226,0.024,G
SP_000406,1110,0.0,IU
SP_000406,1218,0.012,G
SP_000406,1301,0.0,G
SP_000406,1267,0.0,G
SP_000406,1280,0.0,G
SP_000406,1098,0.066,MG
SP_000406,1185,7.4,UG
SP_000406,1087,10.0,MG
SP_000406,1051,93.89,G
SP_000406,1125,0.0,MG
SP_000406,1325,0.0,G
SP_000406,1264,0.0,G
SP_000406,1166,0.028,MG
SP_000406,1091,20.0,MG
SP_000406,1253,0.0,MG
SP_000406,1008,20.0,KCAL
SP_000406,1120,7.0,UG
SP_000406,1219,0.036,G
SP_000406,1095,0.13,MG
SP_000406,1007,0.43,G
SP_000406,1262,0.0,G
SP_000406,1123,341.0,UG
SP_000406,1246,0.0,UG
SP_000406,1187,10.0,UG
SP_000406,1170,0.099,MG
SP_000406,1268,0.008,G
SP_000406,1104,370.0,IU
SP_000406,1105,0.0,UG
SP_000406,1257,0.0,G
SP_000406,1217,0.092,G
SP_000406,1009,0.0,G
SP_000406,1186,0.0,UG
SP_000406,1313,0.0,G
SP_000406,1109,0.37,MG
SP_000406,1003,0.86,G
SP_000406,1101,0.122,MG
SP_000406,1131,0.0,MG
SP_000406,1275,0.0,G
SP_000406,1214,0.039,G
SP_000406,2000,2.4,G
SP_000406,1273,0.0,G
SP_000406,1276,0.0,G
SP_000406,1265,0.05,G
SP_000406,1075,0.0,G
SP_000406,1079,1.7,G
SP_000406,1175,0.224,MG
SP_000406,1212,0.024,G
SP_000406,1130,0.0,MG
SP_000406,1122,0.0,UG
SP_000406,1333,0.0,G
SP_000406,1127,0.0,MG
SP_000406,1107,208.0,UG
SP_000406,1269,0.054,G
SP_000406,1210,0.012,G
SP_000406,1011,1.16,G
SP_000406,1058,0.0,MG
SP_000406,1177,10.0,UG
SP_000406,1010,0.11,G
SP_000406,1106,18.0,UG
SP_000406,1258,0.058,G
SP_000406,1220,0.027,G
SP_000406,1260,0.0,G
SP_000406,1167,0.48,MG
SP_000406,1223,0.208,G
SP_000406,1190,10.0,UG
SP_000406,1014,0.0,G
SP_000406,1263,0.0,G
SP_000406,1004,0.17,G
SP_000406,1103,0.0,UG
SP_000406,1227,0.054,G
SP_000406,1242,0.0,MG
SP_000406,1018,0.0,G
SP_000406,1300,0.0,G
SP_000406,1292,0.008,G
SP_000406,1299,0.0,G
SP_000406,1222,0.036,G
SP_000406,1225,0.03,G
SP_000406,1272,0.0,G
SP_000406,1180,5.5,MG
SP_000406,1216,0.012,G
SP_000406,1270,0.008,G
SP_000406,1266,0.008,G
SP_000406,1279,0.0,G
SP_000406,1126,0.0,MG
SP_000406,1215,0.007,G
SP_000406,1261,0.0,G
SP_000406,1108,21.0,UG
SP_000406,1178,0.0,UG
SP_000406,1013,0.0,G
SP_000406,1274,0.0,G
SP_000406,1128,0.0,MG
SP_000406,1089,0.34,MG
SP_000406,1162,80.4,MG
SP_000406,1271,0.0,G
SP_000406,1211,0.036,G
SP_000406,1259,0.0,G
SP_000406,1283,9.0,MG
SP_000406,1213,0.036,G
SP_000406,1012,1.12,G
SP_000406,1092,175.0,MG
SP_000406,1062,84.0,kJ
SP_000406,1129,0.0,MG
SP_000407,1198,0.1,MG
SP_000407,1007,0.47,G
SP_000407,1275,0.004,G
SP_000407,1004,0.3,G
SP_000407,1087,7.0,MG
SP_000407,1261,0.0,G
SP_000407,1217,0.05,G
SP_000407,1104,3131.0,IU
SP_000407,1273,0.0,G
SP_000407,1218,0.009,G
SP_000407,1299,0.0,G
SP_000407,1109,1.58,MG
SP_000407,1300,0.0,G
SP_000407,1278,0.0,G
SP_000407,1253,0.0,MG
SP_000407,1166,0.085,MG
SP_000407,1098,0.017,MG
SP_000407,1018,0.0,G
SP_000407,1129,0.0,MG
SP_000407,1216,0.019,G
SP_000407,1120,490.0,UG
SP_000407,1293,0.156,G
SP_000407,1186,0.0,UG
SP_000407,1092,211.0,MG
SP_000407,1258,0.059,G
SP_000407,1075,0.0,G
SP_000407,1130,0.0,MG
SP_000407,1210,0.012,G
SP_000407,1126,0.14,MG
SP_000407,1187,46.0,UG
SP_000407,1257,0.0,G
SP_000407,1274,0.0,G
SP_000407,1095,0.25,MG
SP_000407,1131,0.0,MG
SP_000407,1005,6.03,G
SP_000407,1128,0.0,MG
SP_000407,1108,20.0,UG
SP_000407,1226,0.024,G
SP_000407,1105,0.0,UG
SP_000407,1057,0.0,MG
SP_000407,1279,0.0,G
SP_000407,1214,0.036,G
SP_000407,1246,0.0,UG
SP_000407,1003,0.99,G
SP_000407,1227,0.05,G
SP_000407,1051,92.21,G
SP_000407,1093,4.0,MG
SP_000407,1271,0.0,G
SP_000407,1127,0.01,MG
SP_000407,1011,1.94,G
SP_000407,1089,0.43,MG
SP_000407,1220,0.036,G
SP_000407,1280,0.0,G
SP_000407,1272,0.0,G
SP_000407,1259,0.0,G
SP_000407,1180,5.6,MG
SP_000407,1215,0.006,G
SP_000407,1090,12.0,MG
SP_000407,1325,0.0,G
SP_000407,1268,0.004,G
SP_000407,1213,0.036,G
SP_000407,1062,111.0,kJ
SP_000407,1211,0.04,G
SP_000407,1292,0.007,G
SP_000407,1190,46.0,UG
SP_000407,2000,4.2,G
SP_000407,1269,0.1,G
SP_000407,1008,26.0,KCAL
SP_000407,1162,127.7,MG
SP_000407,1091,26.0,MG
SP_000407,1165,0.054,MG
SP_000407,1266,0.004,G
SP_000407,1123,51.0,UG
SP_000407,1177,46.0,UG
SP_000407,1101,0.112,MG
SP_000407,1212,0.021,G
SP_000407,1242,0.0,MG
SP_000407,1013,0.0,G
SP_000407,1267,0.0,G
SP_000407,1263,0.0,G
SP_000407,1264,0.0,G
SP_000407,1224,0.211,G
SP_000407,1079,2.1,G
SP_000407,1103,0.1,UG
SP_000407,1012,2.26,G
SP_000407,1107,1624.0,UG
SP_000407,1265,0.056,G
SP_000407,1184,0.0,UG
SP_000407,1106,157.0,UG
SP_000407,1122,0.0,UG
SP_000407,1276,0.0,G
SP_000407,1222,0.026,G
SP_000407,1301,0.0,G
SP_000407,1178,0.0,UG
SP_000407,1009,0.0,G
SP_000407,1014,0.0,G
SP_000407,1167,0.979,MG
SP_000407,1262,0.0,G
SP_000407,1313,0.0,G
SP_000407,1277,0.0,G
SP_000407,1323,0.0,G
SP_000407,1058,0.0,MG
SP_000407,1010,0.0,G
SP_000407,1114,0.0,UG
SP_000407,1270,0.056,G
SP_000407,1219,0.031,G
SP_000407,1110,0.0,IU
SP_000407,1185,4.9,UG
SP_000407,1170,0.317,MG
SP_000407,1333,0.0,G
SP_000407,1175,0.291,MG
SP_000407,1223,0.284,G
SP_000407,1125,0.05,MG
SP_000407,1225,0.028,G
SP_000407,1221,0.017,G
SP_000407,1260,0.0,G
SP_000408,1093,3.0,MG
SP_000408,1277,0.0,G
SP_000408,1165,0.057,MG
SP_000408,1293,0.062,G
SP_000408,1221,0.01,G
SP_000408,1099,2.0,UG
SP_000408,1224,0.194,G
SP_000408,1323,0.0,G
SP_000408,1184,0.0,UG
SP_000408,1278,0.0,G
SP_000408,1005,4.64,G
SP_000408,1090,10.0,MG
SP_000408,1198,0.1,MG
SP_000408,1057,0.0,MG
SP_000408,1114,0.0,UG
SP_000408,1226,0.024,G
SP_000408,1110,0.0,IU
SP_000408,1218,0.012,G
SP_000408,1301,0.0,G
SP_000408,1267,0.0,G
SP_000408,1280,0.0,G
SP_000408,1098,0.066,MG
SP_000408,1185,7.4,UG
SP_000408,1087,10.0,MG
SP_000408,1051,93.89,G
SP_000408,1125,0.0,MG
SP_000408,1325,0.0,G
SP_000408,1264,0.0,G
SP_000408,1166,0.028,MG
SP_000408,1091,20.0,MG
SP_000408,1253,0.0,MG
SP_000408,1008,20.0,KCAL
SP_000408,1120,7.0,UG
SP_000408,1219,0.036,G
SP_000408,1095,0.13,MG
SP_000408,1007,0.43,G
SP_000408,1262,0.0,G
SP_000408,1123,341.0,UG
SP_000408,1246,0.0,UG
SP_000408,1187,10.0,UG
SP_000408,1170,0.099,MG
SP_000408,1268,0.008,G
SP_000408,1104,370.0,IU
SP_000408,1105,0.0,UG
SP_000408,1257,0.0,G
SP_000408,1217,0.092,G
SP_000408,1009,0.0,G
SP_000408,1186,0.0,UG
SP_000408,1313,0.0,G
SP_000408,1109,0.37,MG
SP_000408,1003,0.86,G
SP_000408,1101,0.122,MG
SP_000408,1131,0.0,MG
SP_000408,1275,0.0,G
SP_000408,1214,0.039,G
SP_000408,2000,2.4,G
SP_000408,1273,0.0,G
SP_000408,1276,0.0,G
SP_000408,1265,0.05,G
SP_000408,1075,0.0,G
SP_000408,1079,1.7,G
SP_000408,1175,0.224,MG
SP_000408,1212,0.024,G
SP_000408,1130,0.0,MG
SP_000408,1122,0.0,UG
SP_000408,1333,0.0,G
SP_000408,1127,0.0,MG
SP_000408,1107,208.0,UG
SP_000408,1269,0.054,G
SP_000408,1210,0.012,G
SP_000408,1011,1.16,G
SP_000408,1058,0.0,MG
SP_000408,1177,10.0,UG
SP_000408,1010,0.11,G
SP_000408,1106,18.0,UG
SP_000408,1258,0.058,G
SP_000408,1220,0.027,G
SP_000408,1260,0.0,G
SP_000408,1167,0.48,MG
SP_000408,1223,0.208,G
SP_000408,1190,10.0,UG
SP_000408,1014,0.0,G
SP_000408,1263,0.0,G
SP_000408,1004,0.17,G
SP_000408,1103,0.0,UG
SP_000408,1227,0.054,G
SP_000408,1242,0.0,MG
SP_000408,1018,0.0,G
SP_000408,1300,0.0,G
SP_000408,1292,0.008,G
SP_000408,1299,0.0,G
SP_000408,1222,0.036,G
SP_000408,1225,0.03,G
SP_000408,1272,0.0,G
SP_000408,1180,5.5,MG
SP_000408,1216,0.012,G
SP_000408,1270,0.008,G
SP_000408,1266,0.008,G
SP_000408,1279,0.0,G
SP_000408,1126,0.0,MG
SP_000408,1215,0.007,G
SP_000408,1261,0.0,G
SP_000408,1108,21.0,UG
SP_000408,1178,0.0,UG
SP_000408,1013,0.0,G
SP_000408,1274,0.0,G
SP_000408,1128,0.0,MG
SP_000408,1089,0.34,MG
SP_000408,1162,80.4,MG
SP_000408,1271,0.0,G
SP_000408,1211,0.036,G
SP_000408,1259,0.0,G
SP_000408,1283,9.0,MG
SP_000408,1213,0.036,G
SP_000408,1012,1.12,G
SP_000408,1092,175.0,MG
SP_000408,1062,84.0,kJ
SP_000408,1129,0.0,MG
SP_000409,1185,43.9,UG
SP_000409,1184,0.0,UG
SP_000409,1183,0.0,UG
SP_000409,1063,2.3338,G
SP_000409,2048,33.567946,KCAL
SP_000409,2047,39.9998,KCAL
SP_000409,1005,7.41245,G
SP_000409,1003,1.96875,G
SP_000409,1091,41.15,MG
SP_000409,1101,0.3324,MG
SP_000409,1089,0.6516,MG
SP_000409,1079,3.011,G
SP_000409,1004,0.275,G
SP_000409,1002,0.315,G
SP_000409,1010,0.0775,G
SP_000409,1012,0.9263,G
SP_000409,1013,0.0,G
SP_000409,1011,1.33,G
SP_000409,1014,0.0,G
SP_000409,1092,290.4,MG
SP_000409,1090,28.21,MG
SP_000409,1102,41.63,UG
SP_000409,1007,0.6838,G
SP_000409,1167,0.7313,MG
SP_000409,1175,0.121,MG
SP_000409,1093,0.0,MG
SP_000409,1095,0.3498,MG
SP_000409,1165,0.06,MG
SP_000409,1098,0.09829,MG
SP_000409,1087,40.05,MG
SP_000409,1051,89.66,G
SP_000410,1185,43.9,UG
SP_000410,1184,0.0,UG
SP_000410,1183,0.0,UG
SP_000410,1063,2.3338,G
SP_000410,2048,33.567946,KCAL
SP_000410,2047,39.9998,KCAL
SP_000410,1005,7.41245,G
SP_000410,1003,1.96875,G
SP_000410,1091,41.15,MG
SP_000410,1101,0.3324,MG
SP_000410,1089,0.6516,MG
SP_000410,1079,3.011,G
SP_000410,1004,0.275,G
SP_000410,1002,0.315,G
SP_000410,1010,0.0775,G
SP_000410,1012,0.9263,G
SP_000410,1013,0.0,G
SP_000410,1011,1.33,G
SP_000410,1014,0.0,G
SP_000410,1092,290.4,MG
SP_000410,1090,28.21,MG
SP_000410,1102,41.63,UG
SP_000410,1007,0.6838,G
SP_000410,1167,0.7313,MG
SP_000410,1175,0.121,MG
SP_000410,1093,0.0,MG
SP_000410,1095,0.3498,MG
SP_000410,1165,0.06,MG
SP_000410,1098,0.09829,MG
SP_000410,1087,40.05,MG
SP_000410,1051,89.66,G
SP_000411,1268,0.006,G
SP_000411,1104,8513.0,IU
SP_000411,1110,0.0,IU
SP_000411,1280,0.0,G
SP_000411,1175,0.061,MG
SP_000411,1004,0.1,G
SP_000411,1051,91.6,G
SP_000411,1018,0.0,G
SP_000411,1266,0.003,G
SP_000411,1093,1.0,MG
SP_000411,1098,0.127,MG
SP_000411,1123,1500.0,UG
SP_000411,1227,0.044,G
SP_000411,1162,9.0,MG
SP_000411,1257,0.0,G
SP_000411,1222,0.028,G
SP_000411,1253,0.0,MG
SP_000411,1120,0.0,UG
SP_000411,1221,0.016,G
SP_000411,1186,0.0,UG
SP_000411,1215,0.011,G
SP_000411,1212,0.031,G
SP_000411,1187,16.0,UG
SP_000411,1177,16.0,UG
SP_000411,1178,0.0,UG
SP_000411,1259,0.0,G
SP_000411,1242,0.0,MG
SP_000411,1185,1.1,UG
SP_000411,1108,4016.0,UG
SP_000411,1265,0.037,G
SP_000411,1170,0.298,MG
SP_000411,1106,426.0,UG
SP_000411,1114,0.0,UG
SP_000411,1275,0.006,G
SP_000411,1109,1.06,MG
SP_000411,1210,0.012,G
SP_000411,1270,0.003,G
SP_000411,1211,0.029,G
SP_000411,1226,0.026,G
SP_000411,1122,0.0,UG
SP_000411,1283,12.0,MG
SP_000411,1190,16.0,UG
SP_000411,1220,0.054,G
SP_000411,1165,0.05,MG
SP_000411,1264,0.006,G
SP_000411,1101,0.125,MG
SP_000411,1007,0.8,G
SP_000411,1224,0.184,G
SP_000411,1279,0.0,G
SP_000411,1260,0.0,G
SP_000411,1003,1.0,G
SP_000411,1180,8.2,MG
SP_000411,1269,0.002,G
SP_000411,1214,0.054,G
SP_000411,1087,21.0,MG
SP_000411,1218,0.042,G
SP_000411,1262,0.0,G
SP_000411,1167,0.6,MG
SP_000411,2000,2.76,G
SP_000411,1271,0.0,G
SP_000411,1103,0.3,UG
SP_000411,1079,0.5,G
SP_000411,1216,0.003,G
SP_000411,1272,0.0,G
SP_000411,1217,0.032,G
SP_000411,1246,0.0,UG
SP_000411,1107,3100.0,UG
SP_000411,1223,0.102,G
SP_000411,1292,0.013,G
SP_000411,1092,340.0,MG
SP_000411,1219,0.035,G
SP_000411,1058,0.0,MG
SP_000411,1057,0.0,MG
SP_000411,1166,0.11,MG
SP_000411,1276,0.0,G
SP_000411,1277,0.0,G
SP_000411,1225,0.027,G
SP_000411,1278,0.0,G
SP_000411,1005,6.5,G
SP_000411,1105,0.0,UG
SP_000411,1095,0.32,MG
SP_000411,1258,0.052,G
SP_000411,1090,12.0,MG
SP_000411,1008,26.0,KCAL
SP_000411,1062,109.0,kJ
SP_000411,1089,0.8,MG
SP_000411,1293,0.005,G
SP_000411,1263,0.001,G
SP_000411,1091,44.0,MG
SP_000411,1213,0.046,G
SP_000411,1261,0.0,G
SP_000412,1301,0.0,G
SP_000412,1211,0.035,G
SP_000412,1257,0.0,G
SP_000412,1018,0.0,G
SP_000412,1166,0.04,MG
SP_000412,1299,0.0,G
SP_000412,1265,0.034,G
SP_000412,1300,0.0,G
SP_000412,1225,0.03,G
SP_000412,1178,0.0,UG
SP_000412,1269,0.017,G
SP_000412,1227,0.053,G
SP_000412,1079,2.5,G
SP_000412,1187,43.0,UG
SP_000412,1246,0.0,UG
SP_000412,1104,98.0,IU
SP_000412,1011,1.67,G
SP_000412,1271,0.0,G
SP_000412,1103,0.3,UG
SP_000412,1261,0.0,G
SP_000412,1263,0.0,G
SP_000412,1279,0.0,G
SP_000412,1190,43.0,UG
SP_000412,1091,26.0,MG
SP_000412,1126,0.0,MG
SP_000412,1220,0.075,G
SP_000412,1198,0.4,MG
SP_000412,1122,0.0,UG
SP_000412,1274,0.0,G
SP_000412,1264,0.0,G
SP_000412,1268,0.017,G
SP_000412,1185,76.0,UG
SP_000412,1266,0.0,G
SP_000412,1226,0.048,G
SP_000412,1062,103.0,kJ
SP_000412,1075,0.0,G
SP_000412,1095,0.18,MG
SP_000412,1175,0.124,MG
SP_000412,1128,0.04,MG
SP_000412,1217,0.032,G
SP_000412,1277,0.0,G
SP_000412,1278,0.0,G
SP_000412,1222,0.042,G
SP_000412,1005,5.8,G
SP_000412,1089,0.47,MG
SP_000412,1293,0.017,G
SP_000412,1259,0.0,G
SP_000412,1167,0.234,MG
SP_000412,1165,0.061,MG
SP_000412,1323,0.0,G
SP_000412,1107,42.0,UG
SP_000412,1130,0.0,MG
SP_000412,1008,25.0,KCAL
SP_000412,1186,0.0,UG
SP_000412,1127,0.0,MG
SP_000412,1219,0.042,G
SP_000412,1212,0.03,G
SP_000412,1253,0.0,MG
SP_000412,1272,0.0,G
SP_000412,1109,0.15,MG
SP_000412,1120,0.0,UG
SP_000412,1099,1.0,UG
SP_000412,1223,0.122,G
SP_000412,1110,0.0,IU
SP_000412,1215,0.012,G
SP_000412,1012,1.45,G
SP_000412,1108,33.0,UG
SP_000412,1273,0.0,G
SP_000412,1213,0.041,G
SP_000412,1093,18.0,MG
SP_000412,1280,0.0,G
SP_000412,1051,92.18,G
SP_000412,1057,0.0,MG
SP_000412,1276,0.0,G
SP_000412,1087,40.0,MG
SP_000412,1333,0.0,G
SP_000412,1221,0.022,G
SP_000412,1114,0.0,UG
SP_000412,1106,5.0,UG
SP_000412,1214,0.044,G
SP_000412,1092,170.0,MG
SP_000412,1177,43.0,UG
SP_000412,1013,0.0,G
SP_000412,1007,0.64,G
SP_000412,1004,0.1,G
SP_000412,1014,0.01,G
SP_000412,1283,11.0,MG
SP_000412,1090,12.0,MG
SP_000412,1098,0.019,MG
SP_000412,1125,0.0,MG
SP_000412,1325,0.0,G
SP_000412,1218,0.019,G
SP_000412,1170,0.212,MG
SP_000412,2000,3.2,G
SP_000412,1270,0.0,G
SP_000412,1258,0.034,G
SP_000412,1216,0.011,G
SP_000412,1224,0.294,G
SP_000412,1058,0.0,MG
SP_000412,1292,0.017,G
SP_000412,1275,0.0,G
SP_000412,1313,0.0,G
SP_000412,1010,0.08,G
SP_000412,1129,0.0,MG
SP_000412,1180,10.7,MG
SP_000412,1003,1.28,G
SP_000412,1123,30.0,UG
SP_000412,1162,36.6,MG
SP_000412,1009,0.0,G
SP_000412,1184,0.0,UG
SP_000412,1260,0.0,G
SP_000412,1210,0.011,G
SP_000412,1105,0.0,UG
SP_000412,1242,0.0,MG
SP_000412,1262,0.0,G
SP_000412,1101,0.16,MG
SP_000412,1267,0.0,G
SP_000413,1089,0.95,MG
SP_000413,1084,1.7,G
SP_000413,1130,0.0,MG
SP_000413,1108,0.0,UG
SP_000413,1002,0.2,G
SP_000413,1003,1.24,G
SP_000413,1009,0.0,G
SP_000413,1013,0.0,G
SP_000413,1185,102.0,UG
SP_000413,1165,0.079,MG
SP_000413,1188,40.0,UG
SP_000413,1082,0.1,G
SP_000413,1184,0.0,UG
SP_000413,1079,1.8,G
SP_000413,1116,0.0,UG
SP_000413,1090,13.7,MG
SP_000413,1166,0.072,MG
SP_000413,1098,0.048,MG
SP_000413,1012,0.8,G
SP_000413,1101,0.127,MG
SP_000413,1091,30.0,MG
SP_000413,1191,9.0,UG
SP_000413,1127,0.01,MG
SP_000413,1075,0.0,G
SP_000413,1117,0.0,UG
SP_000413,1122,0.0,UG
SP_000413,1007,0.55,G
SP_000413,1050,3.0,G
SP_000413,1131,0.0,MG
SP_000413,1063,1.19,G
SP_000413,1192,5.0,UG
SP_000413,1106,436.0,UG
SP_000413,1214,0.064,G
SP_000413,1213,0.076,G
SP_000413,1217,0.066,G
SP_000413,1107,5230.0,UG
SP_000413,1219,0.055,G
SP_000413,1226,0.045,G
SP_000413,1212,0.045,G
SP_000413,1223,0.14,G
SP_000413,1109,0.14,MG
SP_000413,1225,0.049,G
SP_000413,1010,0.0,G
SP_000413,1087,35.0,MG
SP_000413,1092,253.0,MG
SP_000413,1051,94.7,G
SP_000413,1004,0.26,G
SP_000413,1211,0.044,G
SP_000413,1103,0.4,UG
SP_000413,1005,3.24,G
SP_000413,1177,50.0,UG
SP_000413,1167,0.323,MG
SP_000413,1128,0.03,MG
SP_000413,1227,0.05,G
SP_000413,1218,0.024,G
SP_000413,1162,4.6,MG
SP_000413,1170,0.145,MG
SP_000413,1175,0.078,MG
SP_000413,1123,2310.0,UG
SP_000413,1224,0.179,G
SP_000413,1008,17.0,KCAL
SP_000413,1222,0.056,G
SP_000413,1126,0.32,MG
SP_000413,1129,0.0,MG
SP_000413,1120,0.0,UG
SP_000413,1125,0.0,MG
SP_000413,1215,0.014,G
SP_000413,1221,0.021,G
SP_000413,1011,0.39,G
SP_000413,1014,0.0,G
SP_000413,1210,0.011,G
SP_000413,1062,70.0,kJ
SP_000413,1220,0.054,G
SP_000413,1216,0.006,G
SP_000413,1095,0.25,MG
SP_000413,2047,20.0,KCAL
SP_000413,2048,17.0,KCAL
SP_000414,1268,0.044,G
SP_000414,1089,0.62,MG
SP_000414,1166,0.026,MG
SP_000414,1276,0.0,G
SP_000414,1258,0.014,G
SP_000414,1087,29.0,MG
SP_000414,1005,9.61,G
SP_000414,1271,0.0,G
SP_000414,1272,0.0,G
SP_000414,1101,0.646,MG
SP_000414,1126,1.34,MG
SP_000414,1011,2.31,G
SP_000414,1270,0.094,G
SP_000414,1109,1.17,MG
SP_000414,1122,0.0,UG
SP_000414,1105,0.0,UG
SP_000414,1106,11.0,UG
SP_000414,2000,4.88,G
SP_000414,1091,22.0,MG
SP_000414,1178,0.0,UG
SP_000414,1264,0.0,G
SP_000414,1292,0.047,G
SP_000414,1114,0.0,UG
SP_000414,1125,0.04,MG
SP_000414,1090,20.0,MG
SP_000414,1093,1.0,MG
SP_000414,1165,0.02,MG
SP_000414,1262,0.0,G
SP_000414,1098,0.165,MG
SP_000414,1275,0.0,G
SP_000414,1058,0.0,MG
SP_000414,1010,0.07,G
SP_000414,1265,0.012,G
SP_000414,1123,118.0,UG
SP_000414,1279,0.0,G
SP_000414,1242,0.0,MG
SP_000414,1170,0.276,MG
SP_000414,1062,181.0,kJ
SP_000414,1014,0.07,G
SP_000414,1108,0.0,UG
SP_000414,1260,0.0,G
SP_000414,1177,25.0,UG
SP_000414,1104,214.0,IU
SP_000414,1175,0.03,MG
SP_000414,1107,128.0,UG
SP_000414,1075,0.03,G
SP_000414,1259,0.0,G
SP_000414,1012,2.4,G
SP_000414,1013,0.0,G
SP_000414,1130,0.0,MG
SP_000414,1127,0.9,MG
SP_000414,1079,5.3,G
SP_000414,1278,0.0,G
SP_000414,1051,88.15,G
SP_000414,1095,0.53,MG
SP_000414,1269,0.186,G
SP_000414,1009,0.0,G
SP_000414,1253,0.0,MG
SP_000414,1057,0.0,MG
SP_000414,1266,0.003,G
SP_000414,1187,25.0,UG
SP_000414,1257,0.0,G
SP_000414,1007,0.37,G
SP_000414,1185,19.8,UG
SP_000414,1162,21.0,MG
SP_000414,1246,0.0,UG
SP_000414,1103,0.4,UG
SP_000414,1280,0.0,G
SP_000414,1293,0.28,G
SP_000414,1129,0.0,MG
SP_000414,1003,1.39,G
SP_000414,1128,0.0,MG
SP_000414,1092,162.0,MG
SP_000414,1131,0.0,MG
SP_000414,1186,0.0,UG
SP_000414,1167,0.646,MG
SP_000414,1277,0.004,G
SP_000414,1180,8.5,MG
SP_000414,1198,0.3,MG
SP_000414,1018,0.0,G
SP_000414,1190,25.0,UG
SP_000414,1263,0.0,G
SP_000414,1008,43.0,KCAL
SP_000414,1261,0.0,G
SP_000414,1110,0.0,IU
SP_000414,1184,0.0,UG
SP_000414,1004,0.49,G
SP_000414,1120,0.0,UG
SP_000415,1223,0.0,G
SP_000415,1222,0.0,G
SP_000415,1093,3.0,MG
SP_000415,1090,3.0,MG
SP_000415,1224,0.0,G
SP_000415,1257,0.0,G
SP_000415,1105,0.0,UG
SP_000415,1079,0.0,G
SP_000415,1220,0.0,G
SP_000415,1175,0.0,MG
SP_000415,1212,0.0,G
SP_000415,1051,99.7,G
SP_000415,1005,0.3,G
SP_000415,1101,0.219,MG
SP_000415,1213,0.0,G
SP_000415,1211,0.0,G
SP_000415,1210,0.0,G
SP_000415,1166,0.014,MG
SP_000415,1226,0.0,G
SP_000415,1242,0.0,MG
SP_000415,1089,0.02,MG
SP_000415,1221,0.0,G
SP_000415,1003,0.0,G
SP_000415,1098,0.01,MG
SP_000415,1091,1.0,MG
SP_000415,1008,1.0,KCAL
SP_000415,1104,0.0,IU
SP_000415,1216,0.0,G
SP_000415,1215,0.0,G
SP_000415,1057,20.0,MG
SP_000415,1225,0.0,G
SP_000415,1103,0.0,UG
SP_000415,1095,0.02,MG
SP_000415,1190,5.0,UG
SP_000415,1253,0.0,MG
SP_000415,1178,0.0,UG
SP_000415,1258,0.002,G
SP_000415,1114,0.0,UG
SP_000415,1180,0.4,MG
SP_000415,1293,0.004,G
SP_000415,1227,0.0,G
SP_000415,1162,0.0,MG
SP_000415,1058,2.0,MG
SP_000415,1177,5.0,UG
SP_000415,1278,0.0,G
SP_000415,1261,0.0,G
SP_000415,1275,0.0,G
SP_000415,1110,0.0,IU
SP_000415,1280,0.0,G
SP_000415,1122,0.0,UG
SP_000415,1062,4.0,kJ
SP_000415,1108,0.0,UG
SP_000415,1271,0.0,G
SP_000415,1277,0.0,G
SP_000415,1272,0.0,G
SP_000415,1185,0.0,UG
SP_000415,1262,0.0,G
SP_000415,1120,0.0,UG
SP_000415,1123,0.0,UG
SP_000415,1127,0.0,MG
SP_000415,1264,0.0,G
SP_000415,1279,0.0,G
SP_000415,1268,0.0,G
SP_000415,1187,5.0,UG
SP_000415,1270,0.003,G
SP_000415,1259,0.0,G
SP_000415,1276,0.0,G
SP_000415,1266,0.0,G
SP_000415,1265,0.001,G
SP_000415,1106,0.0,UG
SP_000415,1186,0.0,UG
SP_000415,1269,0.001,G
SP_000415,1107,0.0,UG
SP_000415,1263,0.0,G
SP_000415,1109,0.0,MG
SP_000415,1099,372.9,UG
SP_000415,2000,0.0,G
SP_000415,1260,0.0,G
SP_000415,1126,0.0,MG
SP_000415,1219,0.0,G
SP_000415,1217,0.0,G
SP_000415,1214,0.0,G
SP_000415,1218,0.0,G
SP_000415,1246,0.0,UG
SP_000415,1292,0.001,G
SP_000415,1092,37.0,MG
SP_000415,1165,0.0,MG
SP_000415,1170,0.011,MG
SP_000415,1087,0.0,MG
SP_000415,1018,0.0,G
SP_000415,1007,0.04,G
SP_000415,1167,0.0,MG
SP_000415,1004,0.0,G
SP_000416,1258,0.0,G
SP_000416,1246,0.0,UG
SP_000416,1177,0.0,UG
SP_000416,1104,0.0,IU
SP_000416,1275,0.0,G
SP_000416,1253,0.0,MG
SP_000416,1098,0.004,MG
SP_000416,1187,0.0,UG
SP_000416,1272,0.0,G
SP_000416,1178,0.0,UG
SP_000416,1280,0.0,G
SP_000416,1166,0.058,MG
SP_000416,1278,0.0,G
SP_000416,1263,0.0,G
SP_000416,1261,0.0,G
SP_000416,1093,1.0,MG
SP_000416,1185,0.0,UG
SP_000416,1162,0.0,MG
SP_000416,1165,0.007,MG
SP_000416,1264,0.0,G
SP_000416,1101,0.184,MG
SP_000416,1105,0.0,UG
SP_000416,1106,0.0,UG
SP_000416,1012,0.0,G
SP_000416,1018,0.0,G
SP_000416,1013,0.0,G
SP_000416,1190,0.0,UG
SP_000416,1090,1.0,MG
SP_000416,1107,0.0,UG
SP_000416,1266,0.0,G
SP_000416,1011,0.0,G
SP_000416,1167,0.03,MG
SP_000416,1186,0.0,UG
SP_000416,1092,8.0,MG
SP_000416,1260,0.0,G
SP_000416,1058,0.0,MG
SP_000416,1268,0.0,G
SP_000416,1270,0.0,G
SP_000416,1014,0.0,G
SP_000416,1276,0.0,G
SP_000416,1120,0.0,UG
SP_000416,1175,0.005,MG
SP_000416,1123,0.0,UG
SP_000416,1271,0.0,G
SP_000416,1079,0.0,G
SP_000416,1062,4.0,kJ
SP_000416,1122,0.0,UG
SP_000416,1259,0.0,G
SP_000416,1075,0.0,G
SP_000416,1103,0.0,UG
SP_000416,1262,0.0,G
SP_000416,1114,0.0,UG
SP_000416,1005,0.0,G
SP_000416,1279,0.0,G
SP_000416,1007,0.0,G
SP_000416,1108,0.0,UG
SP_000416,1003,0.22,G
SP_000416,1180,0.0,MG
SP_000416,1004,0.0,G
SP_000416,1110,0.0,IU
SP_000416,1292,0.0,G
SP_000416,1277,0.0,G
SP_000416,1091,0.0,MG
SP_000416,1265,0.0,G
SP_000416,1095,0.01,MG
SP_000416,1089,0.02,MG
SP_000416,1057,12.0,MG
SP_000416,1269,0.0,G
SP_000416,1242,0.0,MG
SP_000416,1008,1.0,KCAL
SP_000416,1010,0.0,G
SP_000416,1293,0.0,G
SP_000416,1051,99.93,G
SP_000416,2000,0.0,G
SP_000416,1087,0.0,MG
SP_000416,1109,0.0,MG
SP_000418,1129,8.07,MG
SP_000418,1404,7.45,G
SP_000418,1300,0.041,G
SP_000418,2018,7.45,G
SP_000418,1085,94.5,G
SP_000418,1128,0.0,MG
SP_000418,2012,1.89,G
SP_000418,1292,62.6,G
SP_000418,1267,0.537,G
SP_000418,1258,6.61,G
SP_000418,1287,78.2,MG
SP_000418,1273,0.27,G
SP_000418,1294,0.0,MG
SP_000418,1109,17.3,MG
SP_000418,2020,0.0,G
SP_000418,1316,17.8,G
SP_000418,1289,0.0,MG
SP_000418,1265,3.86,G
SP_000418,2006,0.011,G
SP_000418,1125,0.0,MG
SP_000418,1285,2.38,MG
SP_000418,1131,0.0,MG
SP_000418,1315,60.3,G
SP_000418,1130,0.0,MG
SP_000418,1127,1.48,MG
SP_000418,1406,0.0,G
SP_000418,1288,368.0,MG
SP_000418,1299,0.018,G
SP_000418,2016,17.8,G
SP_000418,1264,0.047,G
SP_000418,1301,0.15,G
SP_000418,1266,1.66,G
SP_000418,1296,24.7,MG
SP_000418,1298,14.7,MG
SP_000418,1293,25.3,G
SP_000418,1126,41.3,MG
SP_000418,1286,260.0,MG
SP_000418,1314,0.205,G
SP_000419,1227,0.0,G
SP_000419,1090,0.0,MG
SP_000419,2000,0.0,G
SP_000419,1213,0.0,G
SP_000419,1129,0.03,MG
SP_000419,1177,0.0,UG
SP_000419,1130,0.0,MG
SP_000419,1276,0.0,G
SP_000419,1210,0.0,G
SP_000419,1246,0.0,UG
SP_000419,1278,0.0,G
SP_000419,1184,0.0,UG
SP_000419,1104,0.0,IU
SP_000419,1313,0.0,G
SP_000419,1106,0.0,UG
SP_000419,1220,0.0,G
SP_000419,1003,0.0,G
SP_000419,1223,0.0,G
SP_000419,1214,0.0,G
SP_000419,1211,0.0,G
SP_000419,1304,0.0,G
SP_000419,1170,0.0,MG
SP_000419,1404,6.789,G
SP_000419,1333,0.0,G
SP_000419,1274,0.0,G
SP_000419,1257,0.533,G
SP_000419,1122,0.0,UG
SP_000419,1212,0.0,G
SP_000419,1051,0.0,G
SP_000419,1190,0.0,UG
SP_000419,1258,15.65,G
SP_000419,1187,0.0,UG
SP_000419,1268,22.55,G
SP_000419,1218,0.0,G
SP_000419,1262,0.0,G
SP_000419,1266,4.435,G
SP_000419,1226,0.0,G
SP_000419,1242,0.0,MG
SP_000419,1275,0.0,G
SP_000419,1091,0.0,MG
SP_000419,1087,0.0,MG
SP_000419,1299,0.0,G
SP_000419,1165,0.0,MG
SP_000419,1120,0.0,UG
SP_000419,1221,0.0,G
SP_000419,1271,0.0,G
SP_000419,1186,0.0,UG
SP_000419,1316,50.418,G
SP_000419,1270,6.789,G
SP_000419,1217,0.0,G
SP_000419,1279,0.0,G
SP_000419,1277,0.233,G
SP_000419,1005,0.0,G
SP_000419,1285,59.0,MG
SP_000419,1108,0.0,UG
SP_000419,1105,0.0,UG
SP_000419,1280,0.0,G
SP_000419,1123,0.0,UG
SP_000419,1125,0.9,MG
SP_000419,1325,0.0,G
SP_000419,1265,10.455,G
SP_000419,1198,0.0,MG
SP_000419,1103,0.0,UG
SP_000419,1178,0.0,UG
SP_000419,1107,0.0,UG
SP_000419,1253,0.0,MG
SP_000419,1007,0.0,G
SP_000419,1098,0.0,MG
SP_000419,1288,172.0,MG
SP_000419,1273,0.366,G
SP_000419,1166,0.0,MG
SP_000419,1310,0.533,G
SP_000419,1095,0.01,MG
SP_000419,1260,0.0,G
SP_000419,1167,0.0,MG
SP_000419,1057,0.0,MG
SP_000419,1261,0.0,G
SP_000419,1216,0.0,G
SP_000419,1219,0.0,G
SP_000419,1126,64.26,MG
SP_000419,1315,22.55,G
SP_000419,1323,0.0,G
SP_000419,1089,0.05,MG
SP_000419,1300,0.034,G
SP_000419,1259,0.0,G
SP_000419,1293,57.74,G
SP_000419,1127,21.3,MG
SP_000419,1222,0.0,G
SP_000419,1018,0.0,G
SP_000419,1004,100.0,G
SP_000419,1092,0.0,MG
SP_000419,1114,0.0,UG
SP_000419,1183,0.0,UG
SP_000419,1101,0.0,MG
SP_000419,1321,0.0,G
SP_000419,1175,0.0,MG
SP_000419,1224,0.0,G
SP_000419,1162,0.0,MG
SP_000419,1331,0.533,G
SP_000419,1058,0.0,MG
SP_000419,1185,183.9,UG
SP_000419,1093,0.0,MG
SP_000419,1264,0.0,G
SP_000419,1079,0.0,G
SP_000419,1263,0.0,G
SP_000419,1225,0.0,G
SP_000419,1269,50.952,G
SP_000419,1109,8.18,MG
SP_000419,1131,0.01,MG
SP_000419,1110,0.0,IU
SP_000419,1272,0.0,G
SP_000419,1128,0.04,MG
SP_000419,1062,3699.0,kJ
SP_000419,1180,0.2,MG
SP_000419,1286,62.0,MG
SP_000419,1329,0.0,G
SP_000419,1008,884.0,KCAL
SP_000419,1292,22.783,G
SP_000419,1215,0.0,G
SP_000419,1267,0.361,G
SP_000421,1062,638.0,kJ
SP_000421,1266,0.0,G
SP_000421,1167,0.213,MG
SP_000421,1122,0.0,UG
SP_000421,1089,0.24,MG
SP_000421,1185,0.0,UG
SP_000421,1014,0.1,G
SP_000421,1277,0.0,G
SP_000421,1098,0.045,MG
SP_000421,1058,0.0,MG
SP_000421,1104,0.0,IU
SP_000421,1166,0.018,MG
SP_000421,1271,0.0,G
SP_000421,1005,11.67,G
SP_000421,1279,0.0,G
SP_000421,1177,0.0,UG
SP_000421,1095,0.07,MG
SP_000421,1018,15.3,G
SP_000421,1262,0.0,G
SP_000421,1265,0.0,G
SP_000421,1057,0.0,MG
SP_000421,1012,0.47,G
SP_000421,1293,0.0,G
SP_000421,1280,0.0,G
SP_000421,1187,0.0,UG
SP_000421,1178,0.0,UG
SP_000421,1272,0.0,G
SP_000421,1007,0.3,G
SP_000421,1103,0.5,UG
SP_000421,1276,0.0,G
SP_000421,1105,0.0,UG
SP_000421,1120,0.0,UG
SP_000421,1108,0.0,UG
SP_000421,1008,152.0,KCAL
SP_000421,1079,0.0,G
SP_000421,1093,9.0,MG
SP_000421,1253,0.0,MG
SP_000421,1258,0.0,G
SP_000421,1101,0.119,MG
SP_000421,1257,0.0,G
SP_000421,1123,0.0,UG
SP_000421,1170,0.032,MG
SP_000421,1107,0.0,UG
SP_000421,1003,0.2,G
SP_000421,1165,0.018,MG
SP_000421,1087,8.0,MG
SP_000421,1246,0.0,UG
SP_000421,1261,0.0,G
SP_000421,1268,0.0,G
SP_000421,1106,0.0,UG
SP_000421,1092,92.0,MG
SP_000421,1010,0.0,G
SP_000421,1264,0.0,G
SP_000421,1259,0.0,G
SP_000421,1260,0.0,G
SP_000421,1242,0.0,MG
SP_000421,2000,1.09,G
SP_000421,1090,9.0,MG
SP_000421,1278,0.0,G
SP_000421,1109,0.0,MG
SP_000421,1004,0.0,G
SP_000421,1263,0.0,G
SP_000421,1051,72.53,G
SP_000421,1162,0.0,MG
SP_000421,1292,0.0,G
SP_000421,1011,0.58,G
SP_000421,1275,0.0,G
SP_000421,1270,0.0,G
SP_000421,1175,0.0,MG
SP_000421,1190,0.0,UG
SP_000421,1186,0.0,UG
SP_000421,1269,0.0,G
SP_000421,1091,9.0,MG
SP_000422,1223,0.0,G
SP_000422,1222,0.0,G
SP_000422,1093,3.0,MG
SP_000422,1090,3.0,MG
SP_000422,1224,0.0,G
SP_000422,1257,0.0,G
SP_000422,1105,0.0,UG
SP_000422,1079,0.0,G
SP_000422,1220,0.0,G
SP_000422,1175,0.0,MG
SP_000422,1212,0.0,G
SP_000422,1051,99.7,G
SP_000422,1005,0.3,G
SP_000422,1101,0.219,MG
SP_000422,1213,0.0,G
SP_000422,1211,0.0,G
SP_000422,1210,0.0,G
SP_000422,1166,0.014,MG
SP_000422,1226,0.0,G
SP_000422,1242,0.0,MG
SP_000422,1089,0.02,MG
SP_000422,1221,0.0,G
SP_000422,1003,0.0,G
SP_000422,1098,0.01,MG
SP_000422,1091,1.0,MG
SP_000422,1008,1.0,KCAL
SP_000422,1104,0.0,IU
SP_000422,1216,0.0,G
SP_000422,1215,0.0,G
SP_000422,1057,20.0,MG
SP_000422,1225,0.0,G
SP_000422,1103,0.0,UG
SP_000422,1095,0.02,MG
SP_000422,1190,5.0,UG
SP_000422,1253,0.0,MG
SP_000422,1178,0.0,UG
SP_000422,1258,0.002,G
SP_000422,1114,0.0,UG
SP_000422,1180,0.4,MG
SP_000422,1293,0.004,G
SP_000422,1227,0.0,G
SP_000422,1162,0.0,MG
SP_000422,1058,2.0,MG
SP_000422,1177,5.0,UG
SP_000422,1278,0.0,G
SP_000422,1261,0.0,G
SP_000422,1275,0.0,G
SP_000422,1110,0.0,IU
SP_000422,1280,0.0,G
SP_000422,1122,0.0,UG
SP_000422,1062,4.0,kJ
SP_000422,1108,0.0,UG
SP_000422,1271,0.0,G
SP_000422,1277,0.0,G
SP_000422,1272,0.0,G
SP_000422,1185,0.0,UG
SP_000422,1262,0.0,G
SP_000422,1120,0.0,UG
SP_000422,1123,0.0,UG
SP_000422,1127,0.0,MG
SP_000422,1264,0.0,G
SP_000422,1279,0.0,G
SP_000422,1268,0.0,G
SP_000422,1187,5.0,UG
SP_000422,1270,0.003,G
SP_000422,1259,0.0,G
SP_000422,1276,0.0,G
SP_000422,1266,0.0,G
SP_000422,1265,0.001,G
SP_000422,1106,0.0,UG
SP_000422,1186,0.0,UG
SP_000422,1269,0.001,G
SP_000422,1107,0.0,UG
SP_000422,1263,0.0,G
SP_000422,1109,0.0,MG
SP_000422,1099,372.9,UG
SP_000422,2000,0.0,G
SP_000422,1260,0.0,G
SP_000422,1126,0.0,MG
SP_000422,1219,0.0,G
SP_000422,1217,0.0,G
SP_000422,1214,0.0,G
SP_000422,1218,0.0,G
SP_000422,1246,0.0,UG
SP_000422,1292,0.001,G
SP_000422,1092,37.0,MG
SP_000422,1165,0.0,MG
SP_000422,1170,0.011,MG
SP_000422,1087,0.0,MG
SP_000422,1018,0.0,G
SP_000422,1007,0.04,G
SP_000422,1167,0.0,MG
SP_000422,1004,0.0,G
SP_000423,1008,299.0,KCAL
SP_000423,1112,0.4,UG
SP_000423,1269,0.393,G
SP_000423,1103,17.0,UG
SP_000423,1280,0.0,G
SP_000423,1167,0.104,MG
SP_000423,1087,505.0,MG
SP_000423,1091,354.0,MG
SP_000423,1223,1.633,G
SP_000423,1216,0.115,G
SP_000423,1211,0.983,G
SP_000423,1214,0.965,G
SP_000423,1215,0.515,G
SP_000423,1271,0.0,G
SP_000423,1222,0.707,G
SP_000423,1190,7.0,UG
SP_000423,1178,2.28,UG
SP_000423,1120,0.0,UG
SP_000423,1075,0.0,G
SP_000423,1220,0.515,G
SP_000423,1253,79.0,MG
SP_000423,1003,22.17,G
SP_000423,1210,0.515,G
SP_000423,1057,0.0,MG
SP_000423,1089,0.44,MG
SP_000423,1104,676.0,IU
SP_000423,1092,76.0,MG
SP_000423,1162,0.0,MG
SP_000423,1180,15.4,MG
SP_000423,1279,0.0,G
SP_000423,1258,13.9,G
SP_000423,1177,7.0,UG
SP_000423,1213,1.826,G
SP_000423,1105,174.0,UG
SP_000423,1218,1.043,G
SP_000423,1123,0.0,UG
SP_000423,1010,0.0,G
SP_000423,1224,4.458,G
SP_000423,1175,0.037,MG
SP_000423,1221,0.515,G
SP_000423,1106,179.0,UG
SP_000423,1272,0.0,G
SP_000423,1122,0.0,UG
SP_000423,1114,0.4,UG
SP_000423,1018,0.0,G
SP_000423,1184,0.0,UG
SP_000423,1277,0.0,G
SP_000423,1079,0.0,G
SP_000423,1098,0.011,MG
SP_000423,1170,0.141,MG
SP_000423,1263,0.69,G
SP_000423,1276,0.0,G
SP_000423,1266,2.442,G
SP_000423,1166,0.283,MG
SP_000423,1275,0.597,G
SP_000423,1062,1249.0,kJ
SP_000423,1005,2.4,G
SP_000423,1165,0.03,MG
SP_000423,1219,1.322,G
SP_000423,1261,0.257,G
SP_000423,1225,0.515,G
SP_000423,1265,5.331,G
SP_000423,1268,5.649,G
SP_000423,1293,0.765,G
SP_000423,1014,0.0,G
SP_000423,1095,2.92,MG
SP_000423,1242,0.0,MG
SP_000423,1187,7.0,UG
SP_000423,1107,57.0,UG
SP_000423,1012,0.0,G
SP_000423,1011,0.0,G
SP_000423,1093,486.0,MG
SP_000423,1108,0.0,UG
SP_000423,1292,6.573,G
SP_000423,1004,22.14,G
SP_000423,1090,20.0,MG
SP_000423,1278,0.0,G
SP_000423,1007,3.28,G
SP_000423,1185,2.3,UG
SP_000423,1217,1.011,G
SP_000423,1264,2.189,G
SP_000423,2000,0.0,G
SP_000423,1186,0.0,UG
SP_000423,1262,0.582,G
SP_000423,1101,0.03,MG
SP_000423,1259,0.805,G
SP_000423,1110,16.0,IU
SP_000423,1227,0.735,G
SP_000423,1058,0.0,MG
SP_000423,1260,0.446,G
SP_000423,1226,2.351,G
SP_000423,1212,1.135,G
SP_000423,1246,0.0,UG
SP_000423,1270,0.372,G
SP_000423,1051,50.01,G
SP_000423,1109,0.19,MG
SP_000423,1013,0.0,G
SP_000424,1280,0.02,G
SP_000424,1185,2.1,UG
SP_000424,1095,0.5,MG
SP_000424,1267,0.045,G
SP_000424,1089,0.11,MG
SP_000424,1222,0.184,G
SP_000424,1311,0.18,G
SP_000424,1012,0.0,G
SP_000424,1167,0.091,MG
SP_000424,1278,0.01,G
SP_000424,1127,0.0,MG
SP_000424,1262,0.868,G
SP_000424,1306,0.225,G
SP_000424,1178,0.22,UG
SP_000424,1227,0.374,G
SP_000424,1183,8.7,UG
SP_000424,1003,6.15,G
SP_000424,1218,0.303,G
SP_000424,1217,0.291,G
SP_000424,1264,3.275,G
SP_000424,1110,0.0,IU
SP_000424,1128,0.04,MG
SP_000424,1114,0.0,UG
SP_000424,1187,9.0,UG
SP_000424,1304,0.836,G
SP_000424,1301,0.008,G
SP_000424,1079,0.0,G
SP_000424,1004,34.44,G
SP_000424,1177,9.0,UG
SP_000424,1312,0.0,G
SP_000424,1062,1466.0,kJ
SP_000424,1165,0.023,MG
SP_000424,1005,5.52,G
SP_000424,1219,0.395,G
SP_000424,1277,0.064,G
SP_000424,1224,1.304,G
SP_000424,1411,0.008,G
SP_000424,1111,0.0,UG
SP_000424,1269,1.212,G
SP_000424,1270,0.131,G
SP_000424,1214,0.567,G
SP_000424,2000,3.76,G
SP_000424,1075,0.0,G
SP_000424,1279,0.002,G
SP_000424,1211,0.233,G
SP_000424,1120,2.0,UG
SP_000424,1103,8.6,UG
SP_000424,1126,0.41,MG
SP_000424,1317,0.002,G
SP_000424,1098,0.018,MG
SP_000424,1259,0.718,G
SP_000424,1108,1.0,UG
SP_000424,1265,9.405,G
SP_000424,1223,0.514,G
SP_000424,1216,0.042,G
SP_000424,1130,0.0,MG
SP_000424,1303,0.108,G
SP_000424,1105,303.0,UG
SP_000424,1104,1111.0,IU
SP_000424,1184,0.0,UG
SP_000424,1266,3.365,G
SP_000424,1275,0.651,G
SP_000424,1325,0.039,G
SP_000424,1314,0.542,G
SP_000424,1013,3.76,G
SP_000424,1106,308.0,UG
SP_000424,1220,0.235,G
SP_000424,1409,0.004,G
SP_000424,1299,0.344,G
SP_000424,1315,6.94,G
SP_000424,1261,0.366,G
SP_000424,1323,0.068,G
SP_000424,1300,0.207,G
SP_000424,1406,0.036,G
SP_000424,1405,0.002,G
SP_000424,1007,1.27,G
SP_000424,1225,0.142,G
SP_000424,1018,0.0,G
SP_000424,1051,52.62,G
SP_000424,1210,0.069,G
SP_000424,1333,0.0,G
SP_000424,1213,0.657,G
SP_000424,1122,0.0,UG
SP_000424,1212,0.324,G
SP_000424,1008,350.0,KCAL
SP_000424,1107,59.0,UG
SP_000424,1058,0.0,MG
SP_000424,1166,0.23,MG
SP_000424,1129,0.0,MG
SP_000424,1180,26.8,MG
SP_000424,1014,0.0,G
SP_000424,1198,0.5,MG
SP_000424,1257,1.173,G
SP_000424,1272,0.0,G
SP_000424,1186,0.0,UG
SP_000424,1010,0.0,G
SP_000424,1329,0.944,G
SP_000424,1011,0.0,G
SP_000424,1125,0.0,MG
SP_000424,1246,0.0,UG
SP_000424,1404,0.125,G
SP_000424,1274,0.346,G
SP_000424,1123,7.0,UG
SP_000424,1316,0.807,G
SP_000424,1331,0.229,G
SP_000424,1260,0.592,G
SP_000424,1101,0.011,MG
SP_000424,1273,0.014,G
SP_000424,1271,0.053,G
SP_000424,1093,314.0,MG
SP_000424,1170,0.517,MG
SP_000424,1190,9.0,UG
SP_000424,1162,0.0,MG
SP_000424,1091,107.0,MG
SP_000424,1175,0.056,MG
SP_000424,1268,7.776,G
SP_000424,1253,101.0,MG
SP_000424,1226,0.665,G
SP_000424,1292,8.907,G
SP_000424,1215,0.191,G
SP_000424,1321,0.002,G
SP_000424,1276,0.001,G
SP_000424,1258,20.213,G
SP_000424,1112,0.0,UG
SP_000424,1109,0.86,MG
SP_000424,1057,0.0,MG
SP_000424,1263,1.004,G
SP_000424,1242,0.0,MG
SP_000424,1221,0.175,G
SP_000424,1305,0.0,G
SP_000424,1090,9.0,MG
SP_000424,1087,97.0,MG
SP_000424,1131,0.0,MG
SP_000424,1092,132.0,MG
SP_000424,1009,0.35,G
SP_000424,1293,1.483,G
SP_000424,1313,0.007,G
SP_000425,1312,0.0,G
SP_000425,1089,0.16,MG
SP_000425,1092,77.0,MG
SP_000425,1091,458.0,MG
SP_000425,1008,408.0,KCAL
SP_000425,2016,0.939,G
SP_000425,1126,0.04,MG
SP_000425,1265,8.79,G
SP_000425,1311,0.167,G
SP_000425,1101,0.026,MG
SP_000425,1167,0.052,MG
SP_000425,1305,0.0,G
SP_000425,1263,0.963,G
SP_000425,1405,0.001,G
SP_000425,1177,21.0,UG
SP_000425,1013,0.16,G
SP_000425,1012,0.0,G
SP_000425,1253,100.0,MG
SP_000425,1280,0.018,G
SP_000425,1276,0.001,G
SP_000425,1075,0.07,G
SP_000425,2009,0.31,G
SP_000425,1406,0.036,G
SP_000425,1007,3.67,G
SP_000425,1330,0.225,G
SP_000425,2010,0.061,G
SP_000425,1106,316.0,UG
SP_000425,1184,0.0,UG
SP_000425,1183,9.3,UG
SP_000425,1258,19.2,G
SP_000425,1010,0.0,G
SP_000425,1166,0.441,MG
SP_000425,1170,0.413,MG
SP_000425,2012,0.064,G
SP_000425,1414,0.0,G
SP_000425,1333,0.0,G
SP_000425,1257,1.14,G
SP_000425,1334,0.002,G
SP_000425,2022,0.051,G
SP_000425,1185,2.4,UG
SP_000425,1262,0.843,G
SP_000425,1128,0.0,MG
SP_000425,2024,0.018,G
SP_000425,1085,29.0,G
SP_000425,1131,0.0,MG
SP_000425,2025,0.001,G
SP_000425,1264,3.1,G
SP_000425,1011,0.1,G
SP_000425,1259,0.653,G
SP_000425,2026,0.007,G
SP_000425,1090,26.8,MG
SP_000425,1002,3.65,G
SP_000425,1098,0.033,MG
SP_000425,1273,0.015,G
SP_000425,1306,0.225,G
SP_000425,1095,3.67,MG
SP_000425,1314,0.412,G
SP_000425,2020,0.037,G
SP_000425,1317,0.001,G
SP_000425,1063,0.33,G
SP_000425,1105,316.0,UG
SP_000425,1303,0.104,G
SP_000425,1005,2.44,G
SP_000425,1321,0.002,G
SP_000425,1129,0.0,MG
SP_000425,1329,0.92,G
SP_000425,1093,654.0,MG
SP_000425,1062,1710.0,kJ
SP_000425,1165,0.029,MG
SP_000425,1316,0.772,G
SP_000425,1109,0.75,MG
SP_000425,2018,0.118,G
SP_000425,1127,0.0,MG
SP_000425,1301,0.009,G
SP_000425,1260,0.543,G
SP_000425,1304,0.816,G
SP_000425,1272,0.001,G
SP_000425,1335,0.0,G
SP_000425,1404,0.116,G
SP_000425,1293,1.18,G
SP_000425,1271,0.051,G
SP_000425,1299,0.327,G
SP_000425,1292,7.44,G
SP_000425,1266,3.39,G
SP_000425,1313,0.007,G
SP_000425,1315,6.59,G
SP_000425,1003,23.3,G
SP_000425,1051,36.6,G
SP_000425,1004,34.0,G
SP_000425,1130,0.0,MG
SP_000425,1411,0.008,G
SP_000425,1277,0.064,G
SP_000425,1409,0.003,G
SP_000425,1261,0.349,G
SP_000425,1267,0.049,G
SP_000425,1125,0.0,MG
SP_000425,1323,0.061,G
SP_000425,1087,707.0,MG
SP_000425,1300,0.196,G
SP_000425,2023,0.01,G
SP_000425,1278,0.01,G
SP_000425,1178,1.06,UG
SP_000425,1014,0.0,G
SP_000425,1175,0.069,MG
SP_000425,1103,28.3,UG
SP_000425,2047,409.0,KCAL
SP_000425,2048,408.0,KCAL
SP_000426,1213,2.747,G
SP_000426,1092,180.0,MG
SP_000426,1110,21.0,IU
SP_000426,1125,0.0,MG
SP_000426,1276,0.0,G
SP_000426,1057,0.0,MG
SP_000426,1306,0.169,G
SP_000426,1321,0.002,G
SP_000426,1323,0.045,G
SP_000426,1274,0.229,G
SP_000426,1123,0.0,UG
SP_000426,1183,7.1,UG
SP_000426,1215,0.751,G
SP_000426,1120,0.0,UG
SP_000426,1004,27.84,G
SP_000426,1109,0.53,MG
SP_000426,1079,0.0,G
SP_000426,1269,1.175,G
SP_000426,1406,0.026,G
SP_000426,1095,4.2,MG
SP_000426,1316,0.87,G
SP_000426,1187,6.0,UG
SP_000426,1007,7.18,G
SP_000426,1333,0.0,G
SP_000426,1166,0.358,MG
SP_000426,1167,0.08,MG
SP_000426,1217,1.538,G
SP_000426,1259,0.493,G
SP_000426,1404,0.102,G
SP_000426,1225,0.56,G
SP_000426,1218,1.72,G
SP_000426,1198,0.2,MG
SP_000426,1219,1.865,G
SP_000426,1008,420.0,KCAL
SP_000426,1265,7.481,G
SP_000426,1246,0.0,UG
SP_000426,1162,0.0,MG
SP_000426,1260,0.422,G
SP_000426,1184,0.0,UG
SP_000426,1299,0.24,G
SP_000426,1292,7.13,G
SP_000426,1012,0.0,G
SP_000426,1303,0.078,G
SP_000426,1018,0.0,G
SP_000426,1301,0.009,G
SP_000426,1329,0.704,G
SP_000426,1058,0.0,MG
SP_000426,1304,0.626,G
SP_000426,1279,0.001,G
SP_000426,1010,0.0,G
SP_000426,1122,0.0,UG
SP_000426,1411,0.007,G
SP_000426,1098,0.04,MG
SP_000426,1257,0.876,G
SP_000426,2000,0.07,G
SP_000426,1267,0.046,G
SP_000426,1331,0.172,G
SP_000426,1271,0.04,G
SP_000426,1051,22.65,G
SP_000426,1011,0.0,G
SP_000426,1273,0.012,G
SP_000426,1305,0.0,G
SP_000426,1405,0.002,G
SP_000426,1108,0.0,UG
SP_000426,1128,0.0,MG
SP_000426,1264,2.333,G
SP_000426,1177,6.0,UG
SP_000426,1062,1757.0,kJ
SP_000426,1087,853.0,MG
SP_000426,1242,0.0,MG
SP_000426,1227,1.694,G
SP_000426,1112,0.5,UG
SP_000426,1261,0.265,G
SP_000426,1266,2.565,G
SP_000426,1105,255.0,UG
SP_000426,1003,28.42,G
SP_000426,1220,1.157,G
SP_000426,1277,0.049,G
SP_000426,1212,1.455,G
SP_000426,1293,1.386,G
SP_000426,1178,1.4,UG
SP_000426,1104,974.0,IU
SP_000426,1300,0.148,G
SP_000426,1114,0.5,UG
SP_000426,1268,6.441,G
SP_000426,1091,627.0,MG
SP_000426,1211,1.075,G
SP_000426,1075,0.07,G
SP_000426,1106,262.0,UG
SP_000426,1222,0.859,G
SP_000426,1130,0.0,MG
SP_000426,1272,0.0,G
SP_000426,1126,0.01,MG
SP_000426,1223,1.975,G
SP_000426,1258,15.371,G
SP_000426,1180,14.1,MG
SP_000426,1314,0.287,G
SP_000426,1185,1.7,UG
SP_000426,1325,0.027,G
SP_000426,1186,0.0,UG
SP_000426,1129,0.0,MG
SP_000426,1263,0.726,G
SP_000426,1170,0.45,MG
SP_000426,1131,0.0,MG
SP_000426,1409,0.003,G
SP_000426,1190,6.0,UG
SP_000426,1270,0.106,G
SP_000426,1317,0.001,G
SP_000426,1311,0.136,G
SP_000426,1089,0.49,MG
SP_000426,1221,0.806,G
SP_000426,1090,34.0,MG
SP_000426,1005,13.91,G
SP_000426,1165,0.026,MG
SP_000426,1014,0.0,G
SP_000426,1226,3.415,G
SP_000426,1175,0.081,MG
SP_000426,1013,0.0,G
SP_000426,1216,0.09,G
SP_000426,1107,73.0,UG
SP_000426,1278,0.0,G
SP_000426,1127,0.0,MG
SP_000426,1214,2.201,G
SP_000426,1313,0.006,G
SP_000426,1280,0.015,G
SP_000426,1312,0.0,G
SP_000426,1253,86.0,MG
SP_000426,1262,0.632,G
SP_000426,1210,0.383,G
SP_000426,1224,6.425,G
SP_000426,1093,1804.0,MG
SP_000426,1275,0.365,G
SP_000426,1103,34.4,UG
SP_000426,1315,5.815,G
SP_000426,1101,0.071,MG
SP_000429,1273,0.019,G
SP_000429,1311,0.0,G
SP_000429,1300,0.009,G
SP_000429,1007,0.03,G
SP_000429,1092,0.0,MG
SP_000429,1128,2.17,MG
SP_000429,2009,0.0,G
SP_000429,2022,0.0,G
SP_000429,1131,0.25,MG
SP_000429,1129,0.13,MG
SP_000429,2018,0.02,G
SP_000429,1265,8.64,G
SP_000429,1404,0.02,G
SP_000429,1089,0.05,MG
SP_000429,1262,5.39,G
SP_000429,1259,0.009,G
SP_000429,1323,0.0,G
SP_000429,1008,833.0,KCAL
SP_000429,1272,0.0,G
SP_000429,1304,0.021,G
SP_000429,1263,41.8,G
SP_000429,1280,0.0,G
SP_000429,1101,0.0,MG
SP_000429,1303,0.0,G
SP_000429,1321,0.0,G
SP_000429,1098,0.0,MG
SP_000429,1329,0.021,G
SP_000429,1405,0.0,G
SP_000429,1335,0.0,G
SP_000429,1312,0.0,G
SP_000429,1085,90.5,G
SP_000429,1005,0.84,G
SP_000429,1126,0.0,MG
SP_000429,1334,0.0,G
SP_000429,2020,0.0,G
SP_000429,1002,0.0,G
SP_000429,1271,0.0,G
SP_000429,1301,0.031,G
SP_000429,1003,0.0,G
SP_000429,1093,0.0,MG
SP_000429,1260,0.477,G
SP_000429,1313,0.0,G
SP_000429,1315,6.25,G
SP_000429,1276,0.0,G
SP_000429,1051,0.03,G
SP_000429,1316,1.68,G
SP_000429,2025,0.0,G
SP_000429,1414,0.0,G
SP_000429,1087,1.0,MG
SP_000429,2026,0.0,G
SP_000429,2024,0.0,G
SP_000429,1409,0.0,G
SP_000429,1406,0.0,G
SP_000429,1095,0.02,MG
SP_000429,1185,0.6,UG
SP_000429,1333,0.0,G
SP_000429,1292,6.31,G
SP_000429,1278,0.0,G
SP_000429,1109,0.11,MG
SP_000429,1127,0.18,MG
SP_000429,1261,6.8,G
SP_000429,1091,0.0,MG
SP_000429,1125,0.6,MG
SP_000429,1257,0.028,G
SP_000429,1264,16.7,G
SP_000429,2010,0.0,G
SP_000429,1314,0.016,G
SP_000429,1130,0.36,MG
SP_000429,2016,1.68,G
SP_000429,1305,0.0,G
SP_000429,2012,0.041,G
SP_000429,1183,0.0,UG
SP_000429,1258,82.5,G
SP_000429,1330,0.007,G
SP_000429,1293,1.7,G
SP_000429,1277,0.041,G
SP_000429,1004,99.1,G
SP_000429,1411,0.0,G
SP_000429,1317,0.0,G
SP_000429,1062,3480.0,kJ
SP_000429,1267,0.076,G
SP_000429,1306,0.007,G
SP_000429,1299,0.015,G
SP_000429,1184,0.0,UG
SP_000429,2023,0.0,G
SP_000429,1266,2.52,G
SP_000429,1090,0.0,MG
SP_000429,2047,895.0,KCAL
SP_000429,2048,833.0,KCAL
SP_000430,1212,0.0,G
SP_000430,1125,0.46,MG
SP_000430,1277,1.3,G
SP_000430,1058,0.0,MG
SP_000430,1271,0.0,G
SP_000430,1110,0.0,IU
SP_000430,1127,1.37,MG
SP_000430,1185,0.7,UG
SP_000430,1214,0.0,G
SP_000430,1266,2.2,G
SP_000430,1106,0.0,UG
SP_000430,1227,0.0,G
SP_000430,1283,207.0,MG
SP_000430,1218,0.0,G
SP_000430,1122,0.0,UG
SP_000430,1162,0.0,MG
SP_000430,1270,0.0,G
SP_000430,1222,0.0,G
SP_000430,1092,0.0,MG
SP_000430,1190,0.0,UG
SP_000430,1264,0.1,G
SP_000430,1051,0.0,G
SP_000430,1177,0.0,UG
SP_000430,1242,0.0,MG
SP_000430,1259,0.0,G
SP_000430,1273,2.8,G
SP_000430,1213,0.0,G
SP_000430,1175,0.0,MG
SP_000430,1253,0.0,MG
SP_000430,1114,0.0,UG
SP_000430,1224,0.0,G
SP_000430,1276,0.0,G
SP_000430,1093,0.0,MG
SP_000430,1007,0.0,G
SP_000430,1215,0.0,G
SP_000430,1267,1.4,G
SP_000430,1275,0.1,G
SP_000430,1272,0.0,G
SP_000430,1005,0.0,G
SP_000430,1105,0.0,UG
SP_000430,1211,0.0,G
SP_000430,1008,884.0,KCAL
SP_000430,1220,0.0,G
SP_000430,1180,0.1,MG
SP_000430,1107,0.0,UG
SP_000430,1098,0.0,MG
SP_000430,1262,0.0,G
SP_000430,1221,0.0,G
SP_000430,1109,15.69,MG
SP_000430,1018,0.0,G
SP_000430,1258,16.9,G
SP_000430,1263,0.0,G
SP_000430,1278,0.0,G
SP_000430,1079,0.0,G
SP_000430,1292,46.2,G
SP_000430,1170,0.0,MG
SP_000430,1210,0.0,G
SP_000430,1226,0.0,G
SP_000430,1280,0.0,G
SP_000430,1269,32.0,G
SP_000430,1123,0.0,UG
SP_000430,1301,0.9,G
SP_000430,1167,0.0,MG
SP_000430,1120,0.0,UG
SP_000430,1091,0.0,MG
SP_000430,1198,0.0,MG
SP_000430,1062,3699.0,kJ
SP_000430,1216,0.0,G
SP_000430,1219,0.0,G
SP_000430,1108,0.0,UG
SP_000430,1057,0.0,MG
SP_000430,1090,0.0,MG
SP_000430,1246,0.0,UG
SP_000430,2000,0.0,G
SP_000430,1187,0.0,UG
SP_000430,1003,0.0,G
SP_000430,1103,0.0,UG
SP_000430,1166,0.0,MG
SP_000430,1223,0.0,G
SP_000430,1293,32.0,G
SP_000430,1004,100.0,G
SP_000430,1265,9.5,G
SP_000430,1126,15.91,MG
SP_000430,1095,0.01,MG
SP_000430,1178,0.0,UG
SP_000430,1165,0.0,MG
SP_000430,1261,0.0,G
SP_000430,1186,0.0,UG
SP_000430,1225,0.0,G
SP_000430,1104,0.0,IU
SP_000430,1217,0.0,G
SP_000430,1279,0.0,G
SP_000430,1089,0.03,MG
SP_000430,1087,0.0,MG
SP_000430,1268,44.8,G
SP_000430,1260,0.0,G
SP_000431,1261,0.0,G
SP_000431,1057,0.0,MG
SP_000431,1108,0.0,UG
SP_000431,1264,0.8,G
SP_000431,1277,0.0,G
SP_000431,1165,0.0,MG
SP_000431,1090,0.0,MG
SP_000431,1210,0.0,G
SP_000431,1279,0.0,G
SP_000431,1180,0.2,MG
SP_000431,1185,24.7,UG
SP_000431,1265,22.7,G
SP_000431,1162,0.0,MG
SP_000431,1058,0.0,MG
SP_000431,1018,0.0,G
SP_000431,2000,0.0,G
SP_000431,1103,0.0,UG
SP_000431,1270,0.2,G
SP_000431,1107,0.0,UG
SP_000431,1120,0.0,UG
SP_000431,1225,0.0,G
SP_000431,1293,51.9,G
SP_000431,1283,324.0,MG
SP_000431,1226,0.0,G
SP_000431,1178,0.0,UG
SP_000431,1246,0.0,UG
SP_000431,1123,0.0,UG
SP_000431,1222,0.0,G
SP_000431,1106,0.0,UG
SP_000431,1093,0.0,MG
SP_000431,1268,17.0,G
SP_000431,1271,0.1,G
SP_000431,1253,0.0,MG
SP_000431,1275,0.8,G
SP_000431,1259,0.0,G
SP_000431,1215,0.0,G
SP_000431,1105,0.0,UG
SP_000431,1114,0.0,UG
SP_000431,1190,0.0,UG
SP_000431,1095,0.0,MG
SP_000431,1167,0.0,MG
SP_000431,1170,0.0,MG
SP_000431,1220,0.0,G
SP_000431,1213,0.0,G
SP_000431,1212,0.0,G
SP_000431,1051,0.0,G
SP_000431,1221,0.0,G
SP_000431,1227,0.0,G
SP_000431,1087,0.0,MG
SP_000431,1110,0.0,IU
SP_000431,1109,35.3,MG
SP_000431,1219,0.0,G
SP_000431,1175,0.0,MG
SP_000431,1166,0.0,MG
SP_000431,1098,0.0,MG
SP_000431,1092,0.0,MG
SP_000431,1004,100.0,G
SP_000431,1008,884.0,KCAL
SP_000431,1223,0.0,G
SP_000431,1216,0.0,G
SP_000431,1214,0.0,G
SP_000431,1005,0.0,G
SP_000431,1186,0.0,UG
SP_000431,1217,0.0,G
SP_000431,1091,0.0,MG
SP_000431,1003,0.0,G
SP_000431,1272,0.0,G
SP_000431,1260,0.0,G
SP_000431,1187,0.0,UG
SP_000431,1258,25.9,G
SP_000431,1079,0.0,G
SP_000431,1269,51.5,G
SP_000431,1218,0.0,G
SP_000431,1292,17.8,G
SP_000431,1062,3699.0,kJ
SP_000431,1007,0.0,G
SP_000431,1224,0.0,G
SP_000431,1177,0.0,UG
SP_000431,1266,2.3,G
SP_000431,1211,0.0,G
SP_000431,1278,0.0,G
SP_000431,1262,0.0,G
SP_000431,1104,0.0,IU
SP_000431,1122,0.0,UG
SP_000431,1263,0.0,G
SP_000431,1242,0.0,MG
SP_000431,1089,0.0,MG
SP_000431,1280,0.0,G
SP_000431,1276,0.0,G
SP_000432,1090,0.0,MG
SP_000432,1269,12.53,G
SP_000432,1105,0.0,UG
SP_000432,1087,0.0,MG
SP_000432,1275,2.665,G
SP_000432,1178,0.0,UG
SP_000432,1095,0.0,MG
SP_000432,1186,0.0,UG
SP_000432,1170,0.0,MG
SP_000432,1005,0.0,G
SP_000432,1004,100.0,G
SP_000432,1007,0.0,G
SP_000432,1051,0.0,G
SP_000432,1103,0.0,UG
SP_000432,1093,0.0,MG
SP_000432,1008,884.0,KCAL
SP_000432,1293,13.486,G
SP_000432,1092,0.0,MG
SP_000432,1106,0.0,UG
SP_000432,1266,0.66,G
SP_000432,1101,0.0,MG
SP_000432,1098,0.0,MG
SP_000432,1190,0.0,UG
SP_000432,1167,0.0,MG
SP_000432,1091,0.0,MG
SP_000432,1175,0.0,MG
SP_000432,1187,0.0,UG
SP_000432,1162,0.0,MG
SP_000432,1258,11.56,G
SP_000432,1062,3699.0,kJ
SP_000432,1003,0.0,G
SP_000432,1292,70.554,G
SP_000432,1166,0.0,MG
SP_000432,1079,0.0,G
SP_000432,1104,0.0,IU
SP_000432,1265,10.9,G
SP_000432,1177,0.0,UG
SP_000432,1165,0.0,MG
SP_000432,1270,0.957,G
SP_000432,1089,0.0,MG
SP_000432,1268,67.889,G
SP_000433,1091,0.0,MG
SP_000433,1079,0.0,G
SP_000433,1266,2.7,G
SP_000433,1120,0.0,UG
SP_000433,1092,0.0,MG
SP_000433,1123,0.0,UG
SP_000433,1276,0.0,G
SP_000433,2000,0.0,G
SP_000433,1003,0.0,G
SP_000433,1051,0.0,G
SP_000433,1268,15.8,G
SP_000433,1008,884.0,KCAL
SP_000433,1219,0.0,G
SP_000433,1278,0.0,G
SP_000433,1224,0.0,G
SP_000433,1222,0.0,G
SP_000433,1107,0.0,UG
SP_000433,1177,0.0,UG
SP_000433,1108,0.0,UG
SP_000433,1227,0.0,G
SP_000433,1215,0.0,G
SP_000433,1269,69.6,G
SP_000433,1109,28.8,MG
SP_000433,1262,0.0,G
SP_000433,1093,0.0,MG
SP_000433,1292,16.1,G
SP_000433,1265,6.7,G
SP_000433,1221,0.0,G
SP_000433,1170,0.0,MG
SP_000433,1005,0.0,G
SP_000433,1213,0.0,G
SP_000433,1216,0.0,G
SP_000433,1018,0.0,G
SP_000433,1062,3699.0,kJ
SP_000433,1104,0.0,IU
SP_000433,1293,69.9,G
SP_000433,1220,0.0,G
SP_000433,1263,0.0,G
SP_000433,1279,0.0,G
SP_000433,1004,100.0,G
SP_000433,1190,0.0,UG
SP_000433,1277,0.0,G
SP_000433,1217,0.0,G
SP_000433,1225,0.0,G
SP_000433,1275,0.3,G
SP_000433,1166,0.0,MG
SP_000433,1272,0.0,G
SP_000433,1162,0.0,MG
SP_000433,1210,0.0,G
SP_000433,1271,0.0,G
SP_000433,1058,0.0,MG
SP_000433,1105,0.0,UG
SP_000433,1187,0.0,UG
SP_000433,1226,0.0,G
SP_000433,1007,0.0,G
SP_000433,1178,0.0,UG
SP_000433,1175,0.0,MG
SP_000433,1090,0.0,MG
SP_000433,1283,180.0,MG
SP_000433,1211,0.0,G
SP_000433,1259,0.0,G
SP_000433,1087,0.0,MG
SP_000433,1270,0.1,G
SP_000433,1122,0.0,UG
SP_000433,1106,0.0,UG
SP_000433,1186,0.0,UG
SP_000433,1260,0.0,G
SP_000433,1089,0.0,MG
SP_000433,1253,0.0,MG
SP_000433,1223,0.0,G
SP_000433,1264,0.1,G
SP_000433,1280,0.0,G
SP_000433,1103,0.0,UG
SP_000433,1167,0.0,MG
SP_000433,1212,0.0,G
SP_000433,1218,0.0,G
SP_000433,1214,0.0,G
SP_000433,1057,0.0,MG
SP_000433,1095,0.0,MG
SP_000433,1165,0.0,MG
SP_000433,1258,9.6,G
SP_000433,1261,0.0,G
SP_000434,1212,0.0,G
SP_000434,1107,0.0,UG
SP_000434,1269,41.3,G
SP_000434,1089,0.0,MG
SP_000434,1218,0.0,G
SP_000434,1178,0.0,UG
SP_000434,1258,14.2,G
SP_000434,1005,0.0,G
SP_000434,1008,884.0,KCAL
SP_000434,1215,0.0,G
SP_000434,1175,0.0,MG
SP_000434,1210,0.0,G
SP_000434,1093,0.0,MG
SP_000434,1262,0.0,G
SP_000434,1098,0.0,MG
SP_000434,1103,0.0,UG
SP_000434,1216,0.0,G
SP_000434,1186,0.0,UG
SP_000434,1242,0.0,MG
SP_000434,1123,0.0,UG
SP_000434,1122,0.0,UG
SP_000434,1220,0.0,G
SP_000434,1278,0.0,G
SP_000434,1214,0.0,G
SP_000434,1185,13.6,UG
SP_000434,1091,0.0,MG
SP_000434,1058,0.0,MG
SP_000434,1217,0.0,G
SP_000434,1106,0.0,UG
SP_000434,1280,0.0,G
SP_000434,1051,0.0,G
SP_000434,1109,1.4,MG
SP_000434,1222,0.0,G
SP_000434,1095,0.0,MG
SP_000434,1170,0.0,MG
SP_000434,1279,0.0,G
SP_000434,1221,0.0,G
SP_000434,1187,0.0,UG
SP_000434,1270,0.3,G
SP_000434,1110,0.0,IU
SP_000434,1276,0.0,G
SP_000434,1271,0.0,G
SP_000434,1167,0.0,MG
SP_000434,1265,8.9,G
SP_000434,2000,0.0,G
SP_000434,1092,0.0,MG
SP_000434,1213,0.0,G
SP_000434,1277,0.2,G
SP_000434,1062,3699.0,kJ
SP_000434,1108,0.0,UG
SP_000434,1057,0.0,MG
SP_000434,1120,0.0,UG
SP_000434,1226,0.0,G
SP_000434,1224,0.0,G
SP_000434,1293,41.7,G
SP_000434,1007,0.0,G
SP_000434,1227,0.0,G
SP_000434,1261,0.0,G
SP_000434,1223,0.0,G
SP_000434,1018,0.0,G
SP_000434,1219,0.0,G
SP_000434,1292,39.7,G
SP_000434,1211,0.0,G
SP_000434,1090,0.0,MG
SP_000434,1162,0.0,MG
SP_000434,1259,0.0,G
SP_000434,1266,4.8,G
SP_000434,1079,0.0,G
SP_000434,1166,0.0,MG
SP_000434,1272,0.0,G
SP_000434,1165,0.0,MG
SP_000434,1253,0.0,MG
SP_000434,1004,100.0,G
SP_000434,1263,0.0,G
SP_000434,1190,0.0,UG
SP_000434,1104,0.0,IU
SP_000434,1264,0.0,G
SP_000434,1225,0.0,G
SP_000434,1180,0.2,MG
SP_000434,1105,0.0,UG
SP_000434,1283,865.0,MG
SP_000434,1246,0.0,UG
SP_000434,1177,0.0,UG
SP_000434,1260,0.0,G
SP_000434,1087,0.0,MG
SP_000434,1275,0.2,G
SP_000434,1268,39.3,G
SP_000434,1003,0.0,G
SP_000434,1114,0.0,UG
SP_000435,1003,26.96,G
SP_000435,1257,0.987,G
SP_000435,1007,2.97,G
SP_000435,1005,1.44,G
SP_000435,1261,0.327,G
SP_000435,1321,0.002,G
SP_000435,1089,0.13,MG
SP_000435,1273,0.014,G
SP_000435,1175,0.071,MG
SP_000435,1120,2.0,UG
SP_000435,1105,283.0,UG
SP_000435,1317,0.002,G
SP_000435,1305,0.0,G
SP_000435,1090,33.0,MG
SP_000435,1313,0.007,G
SP_000435,1057,0.0,MG
SP_000435,1092,72.0,MG
SP_000435,1311,0.161,G
SP_000435,1276,0.001,G
SP_000435,1051,37.63,G
SP_000435,1109,0.6,MG
SP_000435,1170,0.353,MG
SP_000435,1325,0.035,G
SP_000435,1091,574.0,MG
SP_000435,1329,0.793,G
SP_000435,1411,0.007,G
SP_000435,1264,2.919,G
SP_000435,1314,0.463,G
SP_000435,1268,7.06,G
SP_000435,1110,0.0,IU
SP_000435,1108,1.0,UG
SP_000435,1262,0.768,G
SP_000435,1299,0.305,G
SP_000435,1190,10.0,UG
SP_000435,1213,2.959,G
SP_000435,1218,1.693,G
SP_000435,1258,18.227,G
SP_000435,1180,13.8,MG
SP_000435,1221,1.065,G
SP_000435,1098,0.047,MG
SP_000435,1186,0.0,UG
SP_000435,1107,61.0,UG
SP_000435,1101,0.026,MG
SP_000435,1267,0.044,G
SP_000435,1226,3.69,G
SP_000435,1409,0.002,G
SP_000435,1406,0.032,G
SP_000435,1224,5.704,G
SP_000435,1227,1.64,G
SP_000435,1214,2.585,G
SP_000435,1301,0.009,G
SP_000435,1106,288.0,UG
SP_000435,1166,0.302,MG
SP_000435,1125,0.02,MG
SP_000435,1306,0.191,G
SP_000435,1217,1.662,G
SP_000435,1405,0.003,G
SP_000435,1162,0.0,MG
SP_000435,1131,0.0,MG
SP_000435,1212,1.537,G
SP_000435,1315,6.369,G
SP_000435,1279,0.002,G
SP_000435,1274,0.297,G
SP_000435,1333,0.0,G
SP_000435,1198,0.1,MG
SP_000435,1114,0.0,UG
SP_000435,1304,0.692,G
SP_000435,1093,187.0,MG
SP_000435,1018,0.0,G
SP_000435,1184,0.0,UG
SP_000435,1293,1.341,G
SP_000435,1259,0.681,G
SP_000435,1260,0.542,G
SP_000435,1183,6.3,UG
SP_000435,1312,0.0,G
SP_000435,1112,0.0,UG
SP_000435,1219,2.139,G
SP_000435,1013,0.0,G
SP_000435,1331,0.194,G
SP_000435,1210,0.401,G
SP_000435,1128,0.13,MG
SP_000435,1316,0.734,G
SP_000435,1111,0.0,UG
SP_000435,1079,0.0,G
SP_000435,1008,393.0,KCAL
SP_000435,1058,0.0,MG
SP_000435,1014,0.0,G
SP_000435,1165,0.011,MG
SP_000435,1095,4.37,MG
SP_000435,1075,0.0,G
SP_000435,1187,10.0,UG
SP_000435,1123,8.0,UG
SP_000435,1303,0.102,G
SP_000435,1277,0.06,G
SP_000435,1185,1.4,UG
SP_000435,1129,0.0,MG
SP_000435,1177,10.0,UG
SP_000435,1167,0.064,MG
SP_000435,1269,1.086,G
SP_000435,2000,0.0,G
SP_000435,1323,0.062,G
SP_000435,1122,1.0,UG
SP_000435,1404,0.125,G
SP_000435,1104,1047.0,IU
SP_000435,1253,93.0,MG
SP_000435,1270,0.129,G
SP_000435,1246,0.0,UG
SP_000435,1103,30.0,UG
SP_000435,1178,3.06,UG
SP_000435,1275,0.565,G
SP_000435,1265,8.358,G
SP_000435,1012,0.0,G
SP_000435,1004,30.99,G
SP_000435,1300,0.189,G
SP_000435,1280,0.018,G
SP_000435,1266,3.196,G
SP_000435,1222,0.914,G
SP_000435,1126,0.07,MG
SP_000435,1215,0.784,G
SP_000435,1010,0.0,G
SP_000435,1087,890.0,MG
SP_000435,1242,0.0,MG
SP_000435,1223,1.569,G
SP_000435,1292,8.046,G
SP_000435,1272,0.0,G
SP_000435,1278,0.009,G
SP_000435,1127,0.0,MG
SP_000435,1216,0.29,G
SP_000435,1011,0.0,G
SP_000435,1220,0.927,G
SP_000435,1130,0.0,MG
SP_000435,1263,0.875,G
SP_000435,1271,0.046,G
SP_000435,1225,0.508,G
SP_000435,1211,1.038,G
SP_000435,1062,1645.0,kJ
SP_000436,1103,9.7,UG
SP_000436,1215,0.269,G
SP_000436,1090,8.0,MG
SP_000436,1062,412.0,kJ
SP_000436,1242,0.0,MG
SP_000436,1095,0.4,MG
SP_000436,1265,0.778,G
SP_000436,1101,0.002,MG
SP_000436,1261,0.023,G
SP_000436,1057,0.0,MG
SP_000436,1264,0.263,G
SP_000436,1276,0.0,G
SP_000436,1177,12.0,UG
SP_000436,1221,0.326,G
SP_000436,1075,0.0,G
SP_000436,1270,0.017,G
SP_000436,1105,36.0,UG
SP_000436,1079,0.0,G
SP_000436,1272,0.0,G
SP_000436,1224,2.603,G
SP_000436,1219,0.748,G
SP_000436,1108,0.0,UG
SP_000436,1010,0.0,G
SP_000436,1211,0.5,G
SP_000436,2000,2.67,G
SP_000436,1259,0.109,G
SP_000436,1190,12.0,UG
SP_000436,1123,0.0,UG
SP_000436,1089,0.07,MG
SP_000436,1007,1.41,G
SP_000436,1263,0.07,G
SP_000436,1213,1.116,G
SP_000436,1274,0.017,G
SP_000436,1180,18.4,MG
SP_000436,1260,0.025,G
SP_000436,1092,104.0,MG
SP_000436,1091,159.0,MG
SP_000436,1198,0.7,MG
SP_000436,1051,79.79,G
SP_000436,1226,1.229,G
SP_000436,1011,0.0,G
SP_000436,1280,0.0,G
SP_000436,1293,0.123,G
SP_000436,1258,1.718,G
SP_000436,1225,0.222,G
SP_000436,1175,0.046,MG
SP_000436,1227,0.639,G
SP_000436,1268,0.714,G
SP_000436,1106,37.0,UG
SP_000436,1178,0.43,UG
SP_000436,1170,0.557,MG
SP_000436,1167,0.099,MG
SP_000436,1212,0.591,G
SP_000436,1246,0.0,UG
SP_000436,1187,12.0,UG
SP_000436,1099,31.6,UG
SP_000436,1165,0.027,MG
SP_000436,1183,0.9,UG
SP_000436,1109,0.08,MG
SP_000436,1013,2.67,G
SP_000436,1130,0.0,MG
SP_000436,1114,0.1,UG
SP_000436,1279,0.0,G
SP_000436,1127,0.0,MG
SP_000436,1277,0.0,G
SP_000436,1104,140.0,IU
SP_000436,1112,0.1,UG
SP_000436,1186,0.0,UG
SP_000436,1271,0.0,G
SP_000436,1210,0.147,G
SP_000436,1218,0.604,G
SP_000436,1162,0.0,MG
SP_000436,1058,0.0,MG
SP_000436,1266,0.345,G
SP_000436,1003,11.12,G
SP_000436,1222,0.384,G
SP_000436,1004,4.3,G
SP_000436,1223,0.905,G
SP_000436,1269,0.105,G
SP_000436,1122,0.0,UG
SP_000436,1012,0.0,G
SP_000436,1184,0.0,UG
SP_000436,1110,3.0,IU
SP_000436,1128,0.0,MG
SP_000436,1253,17.0,MG
SP_000436,1216,0.066,G
SP_000436,1278,0.0,G
SP_000436,1014,0.0,G
SP_000436,1008,98.0,KCAL
SP_000436,1125,0.0,MG
SP_000436,1093,315.0,MG
SP_000436,1299,0.029,G
SP_000436,1300,0.012,G
SP_000436,1292,0.778,G
SP_000436,1098,0.029,MG
SP_000436,1185,0.0,UG
SP_000436,1087,83.0,MG
SP_000436,1220,0.497,G
SP_000436,1107,12.0,UG
SP_000436,1214,0.934,G
SP_000436,1120,0.0,UG
SP_000436,1018,0.0,G
SP_000436,1129,0.0,MG
SP_000436,1131,0.0,MG
SP_000436,1275,0.047,G
SP_000436,1262,0.064,G
SP_000436,1005,3.38,G
SP_000436,1166,0.163,MG
SP_000436,1126,0.0,MG
SP_000436,1217,0.577,G
SP_000437,1079,0.0,G
SP_000437,1178,1.22,UG
SP_000437,1223,1.436,G
SP_000437,1114,0.5,UG
SP_000437,1177,36.0,UG
SP_000437,1258,18.669,G
SP_000437,1218,1.295,G
SP_000437,1259,0.658,G
SP_000437,1253,75.0,MG
SP_000437,1095,2.66,MG
SP_000437,1051,42.41,G
SP_000437,1167,1.016,MG
SP_000437,1093,1146.0,MG
SP_000437,1170,1.729,MG
SP_000437,1110,21.0,IU
SP_000437,1242,0.0,MG
SP_000437,1215,0.584,G
SP_000437,1008,353.0,KCAL
SP_000437,1263,0.491,G
SP_000437,1277,0.0,G
SP_000437,1062,1477.0,kJ
SP_000437,1175,0.166,MG
SP_000437,1104,721.0,IU
SP_000437,1278,0.0,G
SP_000437,1180,15.4,MG
SP_000437,1227,1.12,G
SP_000437,1165,0.029,MG
SP_000437,1057,0.0,MG
SP_000437,1214,1.852,G
SP_000437,1123,0.0,UG
SP_000437,1108,0.0,UG
SP_000437,1219,1.556,G
SP_000437,1264,3.301,G
SP_000437,1217,1.087,G
SP_000437,1107,74.0,UG
SP_000437,1162,0.0,MG
SP_000437,1003,21.4,G
SP_000437,1276,0.0,G
SP_000437,1246,0.0,UG
SP_000437,1098,0.04,MG
SP_000437,1270,0.264,G
SP_000437,1190,36.0,UG
SP_000437,1265,9.153,G
SP_000437,1058,0.0,MG
SP_000437,1103,14.5,UG
SP_000437,1185,2.4,UG
SP_000437,1106,198.0,UG
SP_000437,1186,0.0,UG
SP_000437,1089,0.31,MG
SP_000437,1261,0.247,G
SP_000437,1091,387.0,MG
SP_000437,1280,0.0,G
SP_000437,1005,2.34,G
SP_000437,1279,0.0,G
SP_000437,1087,528.0,MG
SP_000437,1090,23.0,MG
SP_000437,1211,0.785,G
SP_000437,1018,0.0,G
SP_000437,1224,5.179,G
SP_000437,1226,2.1,G
SP_000437,1112,0.5,UG
SP_000437,1275,0.816,G
SP_000437,1292,7.778,G
SP_000437,1120,0.0,UG
SP_000437,1212,1.124,G
SP_000437,1216,0.107,G
SP_000437,1166,0.382,MG
SP_000437,1213,1.919,G
SP_000437,1122,0.0,UG
SP_000437,1225,0.406,G
SP_000437,1260,0.361,G
SP_000437,1266,3.235,G
SP_000437,1293,0.8,G
SP_000437,1092,256.0,MG
SP_000437,1269,0.536,G
SP_000437,1187,36.0,UG
SP_000437,1105,192.0,UG
SP_000437,1222,0.644,G
SP_000437,1101,0.009,MG
SP_000437,1272,0.0,G
SP_000437,1262,0.601,G
SP_000437,1220,0.711,G
SP_000437,1004,28.74,G
SP_000437,1210,0.312,G
SP_000437,1007,5.11,G
SP_000437,1268,6.622,G
SP_000437,1271,0.0,G
SP_000437,2000,0.5,G
SP_000437,1221,0.758,G
SP_000437,1109,0.25,MG
SP_000438,1103,30.6,UG
SP_000438,1108,0.0,UG
SP_000438,1293,0.192,G
SP_000438,1224,2.248,G
SP_000438,1312,0.0,G
SP_000438,1162,0.0,MG
SP_000438,1093,601.0,MG
SP_000438,1218,0.597,G
SP_000438,1018,0.0,G
SP_000438,1404,0.015,G
SP_000438,1265,0.11,G
SP_000438,1406,0.001,G
SP_000438,1314,0.012,G
SP_000438,1278,0.043,G
SP_000438,1331,0.001,G
SP_000438,1010,0.0,G
SP_000438,1258,0.187,G
SP_000438,1131,0.0,MG
SP_000438,1246,0.0,UG
SP_000438,1127,0.38,MG
SP_000438,1009,1.4,G
SP_000438,1170,0.148,MG
SP_000438,1217,0.56,G
SP_000438,1098,0.053,MG
SP_000438,1269,0.042,G
SP_000438,1101,0.085,MG
SP_000438,1299,0.002,G
SP_000438,1183,0.0,UG
SP_000438,1090,19.0,MG
SP_000438,1005,3.57,G
SP_000438,1315,0.054,G
SP_000438,1268,0.06,G
SP_000438,1166,0.04,MG
SP_000438,1212,0.693,G
SP_000438,1227,0.69,G
SP_000438,1004,0.96,G
SP_000438,1323,0.034,G
SP_000438,1211,0.7,G
SP_000438,1226,0.5,G
SP_000438,1123,0.0,UG
SP_000438,1405,0.0,G
SP_000438,1125,0.02,MG
SP_000438,1329,0.014,G
SP_000438,1013,0.0,G
SP_000438,1008,86.0,KCAL
SP_000438,1165,0.015,MG
SP_000438,1178,11.28,UG
SP_000438,1011,0.0,G
SP_000438,1122,0.0,UG
SP_000438,1316,0.027,G
SP_000438,1214,1.123,G
SP_000438,1275,0.02,G
SP_000438,1058,0.0,MG
SP_000438,1210,0.205,G
SP_000438,1271,0.011,G
SP_000438,1109,0.68,MG
SP_000438,1087,39.0,MG
SP_000438,1272,0.064,G
SP_000438,1051,78.98,G
SP_000438,1270,0.015,G
SP_000438,1321,0.0,G
SP_000438,1180,65.0,MG
SP_000438,1104,300.0,IU
SP_000438,1012,0.0,G
SP_000438,1114,0.0,UG
SP_000438,1190,5.0,UG
SP_000438,1279,0.0,G
SP_000438,1257,0.015,G
SP_000438,1129,0.0,MG
SP_000438,1216,0.175,G
SP_000438,1273,0.0,G
SP_000438,1130,0.01,MG
SP_000438,2000,0.0,G
SP_000438,1110,1.0,IU
SP_000438,1219,0.743,G
SP_000438,1186,0.0,UG
SP_000438,1091,198.0,MG
SP_000438,1079,0.0,G
SP_000438,1266,0.05,G
SP_000438,1075,0.0,G
SP_000438,1263,0.004,G
SP_000438,1274,0.0,G
SP_000438,1221,0.3,G
SP_000438,1262,0.0,G
SP_000438,1187,5.0,UG
SP_000438,1167,0.35,MG
SP_000438,1300,0.008,G
SP_000438,1120,0.0,UG
SP_000438,1185,0.2,UG
SP_000438,1317,0.0,G
SP_000438,1259,0.0,G
SP_000438,1062,360.0,kJ
SP_000438,1215,0.423,G
SP_000438,1126,0.89,MG
SP_000438,1264,0.008,G
SP_000438,1213,1.2,G
SP_000438,1225,0.64,G
SP_000438,1280,0.007,G
SP_000438,1184,0.0,UG
SP_000438,1261,0.0,G
SP_000438,1325,0.001,G
SP_000438,1311,0.014,G
SP_000438,1267,0.004,G
SP_000438,1105,90.0,UG
SP_000438,1007,1.82,G
SP_000438,1057,0.0,MG
SP_000438,1175,0.01,MG
SP_000438,1303,0.008,G
SP_000438,1112,0.0,UG
SP_000438,1313,0.004,G
SP_000438,1306,0.001,G
SP_000438,1106,90.0,UG
SP_000438,1222,0.885,G
SP_000438,1292,0.12,G
SP_000438,1333,0.0,G
SP_000438,1260,0.0,G
SP_000438,1304,0.006,G
SP_000438,1277,0.007,G
SP_000438,1301,0.001,G
SP_000438,1089,1.62,MG
SP_000438,1411,0.005,G
SP_000438,1276,0.001,G
SP_000438,1095,0.51,MG
SP_000438,1242,0.0,MG
SP_000438,1107,0.0,UG
SP_000438,1305,0.0,G
SP_000438,1223,1.608,G
SP_000438,1177,5.0,UG
SP_000438,1253,30.0,MG
SP_000438,1220,1.21,G
SP_000438,1014,0.0,G
SP_000438,1092,46.0,MG
SP_000438,1003,14.67,G
SP_000438,1128,0.03,MG
SP_000439,1178,0.21,UG
SP_000439,1325,0.019,G
SP_000439,1271,0.025,G
SP_000439,1087,101.0,MG
SP_000439,1272,0.001,G
SP_000439,1008,198.0,KCAL
SP_000439,1214,0.275,G
SP_000439,1131,0.0,MG
SP_000439,1126,0.3,MG
SP_000439,1106,124.0,UG
SP_000439,1010,0.0,G
SP_000439,1278,0.006,G
SP_000439,1098,0.018,MG
SP_000439,1175,0.041,MG
SP_000439,1075,0.0,G
SP_000439,1222,0.116,G
SP_000439,1125,0.0,MG
SP_000439,1213,0.322,G
SP_000439,1129,0.0,MG
SP_000439,1406,0.018,G
SP_000439,1057,0.0,MG
SP_000439,1304,0.666,G
SP_000439,1093,31.0,MG
SP_000439,1314,0.294,G
SP_000439,1315,3.463,G
SP_000439,1079,0.0,G
SP_000439,1091,76.0,MG
SP_000439,1216,0.029,G
SP_000439,1329,0.666,G
SP_000439,1058,0.0,MG
SP_000439,1212,0.163,G
SP_000439,1007,0.51,G
SP_000439,1292,4.594,G
SP_000439,1280,0.011,G
SP_000439,1242,0.0,MG
SP_000439,1301,0.006,G
SP_000439,1404,0.068,G
SP_000439,1014,0.0,G
SP_000439,1227,0.191,G
SP_000439,1180,19.2,MG
SP_000439,1219,0.195,G
SP_000439,1190,6.0,UG
SP_000439,1089,0.07,MG
SP_000439,1177,6.0,UG
SP_000439,1114,0.0,UG
SP_000439,1311,0.081,G
SP_000439,1211,0.142,G
SP_000439,1261,0.145,G
SP_000439,1009,0.0,G
SP_000439,1263,0.447,G
SP_000439,1293,0.8,G
SP_000439,1127,0.0,MG
SP_000439,1316,0.438,G
SP_000439,1215,0.078,G
SP_000439,1313,0.008,G
SP_000439,1090,10.0,MG
SP_000439,1224,0.673,G
SP_000439,1217,0.157,G
SP_000439,1165,0.02,MG
SP_000439,1268,4.129,G
SP_000439,1277,0.029,G
SP_000439,1123,4.0,UG
SP_000439,1225,0.076,G
SP_000439,1095,0.33,MG
SP_000439,1128,0.02,MG
SP_000439,1223,0.262,G
SP_000439,1412,0.158,G
SP_000439,1107,25.0,UG
SP_000439,1218,0.152,G
SP_000439,1279,0.0,G
SP_000439,1221,0.092,G
SP_000439,1246,0.0,UG
SP_000439,1269,0.648,G
SP_000439,1111,0.0,UG
SP_000439,1300,0.108,G
SP_000439,1257,0.796,G
SP_000439,1198,0.6,MG
SP_000439,1003,2.44,G
SP_000439,1323,0.007,G
SP_000439,1299,0.171,G
SP_000439,1186,0.0,UG
SP_000439,1258,10.14,G
SP_000439,1226,0.31,G
SP_000439,1122,0.0,UG
SP_000439,1051,73.07,G
SP_000439,1004,19.35,G
SP_000439,1108,0.0,UG
SP_000439,1018,0.0,G
SP_000439,1104,447.0,IU
SP_000439,1253,59.0,MG
SP_000439,1306,0.13,G
SP_000439,1259,0.031,G
SP_000439,1183,6.0,UG
SP_000439,1109,0.38,MG
SP_000439,1112,0.0,UG
SP_000439,1220,0.117,G
SP_000439,1012,0.0,G
SP_000439,1105,121.0,UG
SP_000439,1276,0.0,G
SP_000439,1187,6.0,UG
SP_000439,1262,0.378,G
SP_000439,1011,0.0,G
SP_000439,1013,3.41,G
SP_000439,1260,0.203,G
SP_000439,1130,0.0,MG
SP_000439,1274,0.134,G
SP_000439,1166,0.168,MG
SP_000439,1210,0.042,G
SP_000439,1170,0.472,MG
SP_000439,1266,1.832,G
SP_000439,1275,0.294,G
SP_000439,1103,3.7,UG
SP_000439,1273,0.011,G
SP_000439,1120,1.0,UG
SP_000439,1270,0.074,G
SP_000439,1162,0.9,MG
SP_000439,1265,5.154,G
SP_000439,1101,0.015,MG
SP_000439,1110,0.0,IU
SP_000439,1264,1.626,G
SP_000439,1167,0.093,MG
SP_000439,1062,830.0,kJ
SP_000439,1331,0.13,G
SP_000439,1411,0.001,G
SP_000439,1092,125.0,MG
SP_000439,1184,0.0,UG
SP_000439,2000,3.41,G
SP_000439,1405,0.001,G
SP_000439,1312,0.001,G
SP_000439,1321,0.006,G
SP_000439,1005,4.63,G
SP_000439,1185,1.5,UG
SP_000439,1267,0.027,G
SP_000439,1333,0.0,G
SP_000440,1300,0.001,G
SP_000440,1007,0.53,G
SP_000440,1092,248.0,MG
SP_000440,1272,0.0,G
SP_000440,1109,3.58,MG
SP_000440,1170,0.315,MG
SP_000440,1266,0.016,G
SP_000440,1166,0.07,MG
SP_000440,1275,0.003,G
SP_000440,1162,118.6,MG
SP_000440,1304,0.0,G
SP_000440,1278,0.0,G
SP_000440,1325,0.0,G
SP_000440,1177,27.0,UG
SP_000440,1265,0.052,G
SP_000440,1165,0.04,MG
SP_000440,1107,561.0,UG
SP_000440,1180,7.5,MG
SP_000440,1105,0.0,UG
SP_000440,1270,0.05,G
SP_000440,1091,26.0,MG
SP_000440,1268,0.025,G
SP_000440,1125,0.17,MG
SP_000440,1014,0.0,G
SP_000440,1130,0.0,MG
SP_000440,1018,0.0,G
SP_000440,1167,1.28,MG
SP_000440,1411,0.0,G
SP_000440,1264,0.008,G
SP_000440,1258,0.092,G
SP_000440,1293,0.112,G
SP_000440,1178,0.0,UG
SP_000440,1103,0.4,UG
SP_000440,1104,1078.0,IU
SP_000440,1274,0.0,G
SP_000440,1012,2.63,G
SP_000440,1186,0.0,UG
SP_000440,1253,0.0,MG
SP_000440,1321,0.0,G
SP_000440,1126,0.05,MG
SP_000440,1301,0.0,G
SP_000440,1079,2.8,G
SP_000440,1008,29.0,KCAL
SP_000440,1093,3.0,MG
SP_000440,1405,0.0,G
SP_000440,1331,0.0,G
SP_000440,1273,0.003,G
SP_000440,1259,0.004,G
SP_000440,1267,0.004,G
SP_000440,1058,0.0,MG
SP_000440,1242,0.0,MG
SP_000440,1010,0.0,G
SP_000440,1175,0.419,MG
SP_000440,1003,0.91,G
SP_000440,1260,0.0,G
SP_000440,1262,0.002,G
SP_000440,1127,0.01,MG
SP_000440,1004,0.37,G
SP_000440,1075,0.0,G
SP_000440,1089,0.25,MG
SP_000440,1299,0.0,G
SP_000440,1190,27.0,UG
SP_000440,1114,0.0,UG
SP_000440,1087,12.0,MG
SP_000440,1314,0.003,G
SP_000440,1098,0.046,MG
SP_000440,1404,0.05,G
SP_000440,1057,0.0,MG
SP_000440,1261,0.0,G
SP_000440,1110,0.0,IU
SP_000440,1257,0.0,G
SP_000440,1276,0.0,G
SP_000440,1329,0.0,G
SP_000440,1312,0.0,G
SP_000440,1315,0.025,G
SP_000440,1129,0.0,MG
SP_000440,1263,0.003,G
SP_000440,1120,105.0,UG
SP_000440,1106,54.0,UG
SP_000440,1303,0.0,G
SP_000440,1246,0.0,UG
SP_000440,1013,0.0,G
SP_000440,2000,4.12,G
SP_000440,1101,0.097,MG
SP_000440,1005,6.5,G
SP_000440,1311,0.0,G
SP_000440,1185,18.5,UG
SP_000440,1062,119.0,kJ
SP_000440,1313,0.0,G
SP_000440,1090,15.0,MG
SP_000440,1306,0.0,G
SP_000440,1269,0.062,G
SP_000440,1187,27.0,UG
SP_000440,1277,0.0,G
SP_000440,1123,861.0,UG
SP_000440,1051,91.69,G
SP_000440,1333,0.0,G
SP_000440,1323,0.0,G
SP_000440,1305,0.0,G
SP_000440,1406,0.0,G
SP_000440,1095,0.14,MG
SP_000440,1279,0.0,G
SP_000440,1280,0.0,G
SP_000440,1317,0.0,G
SP_000440,1108,67.0,UG
SP_000440,1271,0.0,G
SP_000440,1316,0.062,G
SP_000440,1128,0.02,MG
SP_000440,1122,0.0,UG
SP_000440,1292,0.029,G
SP_000440,1131,0.0,MG
SP_000440,1011,1.48,G
SP_000441,1004,21.49,G
SP_000441,1092,62.0,MG
SP_000441,1087,493.0,MG
SP_000441,1277,0.0,G
SP_000441,1272,0.0,G
SP_000441,1105,125.0,UG
SP_000441,1221,0.397,G
SP_000441,1170,0.967,MG
SP_000441,1089,0.65,MG
SP_000441,1007,5.2,G
SP_000441,1227,1.169,G
SP_000441,1166,0.844,MG
SP_000441,1280,0.0,G
SP_000441,1098,0.032,MG
SP_000441,1051,55.22,G
SP_000441,1091,337.0,MG
SP_000441,1162,0.0,MG
SP_000441,1265,4.748,G
SP_000441,1225,0.097,G
SP_000441,1110,16.0,IU
SP_000441,1114,0.4,UG
SP_000441,1186,0.0,UG
SP_000441,1246,0.0,UG
SP_000441,1190,32.0,UG
SP_000441,1062,1107.0,kJ
SP_000441,1263,1.068,G
SP_000441,1275,0.385,G
SP_000441,1271,0.0,G
SP_000441,1079,0.0,G
SP_000441,1093,1139.0,MG
SP_000441,1058,0.0,MG
SP_000441,1214,1.219,G
SP_000441,1123,0.0,UG
SP_000441,1120,0.0,UG
SP_000441,1175,0.424,MG
SP_000441,1217,0.675,G
SP_000441,1279,0.0,G
SP_000441,1220,0.47,G
SP_000441,1180,15.4,MG
SP_000441,1266,1.371,G
SP_000441,1057,0.0,MG
SP_000441,1101,0.028,MG
SP_000441,1260,0.528,G
SP_000441,1122,0.0,UG
SP_000441,1108,0.0,UG
SP_000441,1187,32.0,UG
SP_000441,1003,14.21,G
SP_000441,1008,265.0,KCAL
SP_000441,1005,3.88,G
SP_000441,1258,13.3,G
SP_000441,1177,32.0,UG
SP_000441,1212,0.803,G
SP_000441,2000,0.0,G
SP_000441,1259,0.714,G
SP_000441,1276,0.0,G
SP_000441,1104,422.0,IU
SP_000441,1112,0.4,UG
SP_000441,1264,2.545,G
SP_000441,1224,2.421,G
SP_000441,1213,1.395,G
SP_000441,1103,15.0,UG
SP_000441,1253,89.0,MG
SP_000441,1219,1.065,G
SP_000441,1278,0.0,G
SP_000441,1215,0.368,G
SP_000441,1178,1.69,UG
SP_000441,1226,1.378,G
SP_000441,1211,0.637,G
SP_000441,1018,0.0,G
SP_000441,1167,0.991,MG
SP_000441,1293,0.591,G
SP_000441,1090,19.0,MG
SP_000441,1222,0.639,G
SP_000441,1109,0.18,MG
SP_000441,1223,0.779,G
SP_000441,1165,0.154,MG
SP_000441,1106,125.0,UG
SP_000441,1218,0.668,G
SP_000441,1210,0.2,G
SP_000441,1269,0.326,G
SP_000441,1262,1.822,G
SP_000441,1216,0.083,G
SP_000441,1270,0.265,G
SP_000441,1292,4.623,G
SP_000441,1242,0.0,MG
SP_000441,1107,3.0,UG
SP_000441,1261,0.503,G
SP_000441,1185,1.8,UG
SP_000441,1095,2.88,MG
SP_000441,1268,3.975,G
SP_000442,1063,19.16633,G
SP_000442,2048,117.29613,KCAL
SP_000442,2047,130.3432,KCAL
SP_000442,1005,29.191425,G
SP_000442,1003,1.166875,G
SP_000442,1002,0.1867,G
SP_000442,1004,0.99,G
SP_000442,1079,1.792,G
SP_000442,1091,28.92,MG
SP_000442,1162,19.08,MG
SP_000442,1014,0.05333,G
SP_000442,1093,0.0,MG
SP_000442,1007,0.9417,G
SP_000442,1090,31.73,MG
SP_000442,1166,0.1017,MG
SP_000442,1009,7.438,G
SP_000442,1087,3.9,MG
SP_000442,1012,9.565,G
SP_000442,1051,67.71,G
SP_000442,1010,0.0,G
SP_000442,1175,0.1958,MG
SP_000442,1013,0.0,G
SP_000442,1101,0.2111,MG
SP_000442,1098,0.1028,MG
SP_000442,1089,0.3148,MG
SP_000442,1092,408.2,MG
SP_000442,1095,0.1492,MG
SP_000442,1011,9.548,G
SP_000443,1005,12.02,G
SP_000443,1125,0.0,MG
SP_000443,1062,198.0,kJ
SP_000443,1170,0.151,MG
SP_000443,1087,30.0,MG
SP_000443,1187,24.0,UG
SP_000443,1114,0.0,UG
SP_000443,1129,0.0,MG
SP_000443,1013,0.0,G
SP_000443,1009,0.0,G
SP_000443,1185,0.0,UG
SP_000443,1103,0.1,UG
SP_000443,1098,0.043,MG
SP_000443,1127,0.0,MG
SP_000443,1130,0.0,MG
SP_000443,1165,0.086,MG
SP_000443,1126,0.0,MG
SP_000443,1051,86.58,G
SP_000443,1003,0.85,G
SP_000443,1131,0.0,MG
SP_000443,1012,1.64,G
SP_000443,1162,48.8,MG
SP_000443,1190,24.0,UG
SP_000443,1109,0.2,MG
SP_000443,1092,177.0,MG
SP_000443,2000,9.18,G
SP_000443,1079,1.7,G
SP_000443,1091,21.0,MG
SP_000443,1198,0.1,MG
SP_000443,1007,0.4,G
SP_000443,1010,5.96,G
SP_000443,1128,0.0,MG
SP_000443,1186,0.0,UG
SP_000443,1014,0.0,G
SP_000443,1004,0.15,G
SP_000443,1180,14.0,MG
SP_000443,1175,0.075,MG
SP_000443,1177,24.0,UG
SP_000443,1110,0.0,IU
SP_000443,1257,0.0,G
SP_000443,1089,0.14,MG
SP_000443,1090,10.0,MG
SP_000443,1101,0.023,MG
SP_000443,1008,47.0,KCAL
SP_000443,1167,0.636,MG
SP_000443,1095,0.06,MG
SP_000443,1184,0.0,UG
SP_000443,1075,0.0,G
SP_000443,1166,0.03,MG
SP_000443,1093,1.0,MG
SP_000443,1011,1.59,G
SP_000445,1106,0.0,UG
SP_000445,1257,0.0,G
SP_000445,1104,2.0,IU
SP_000445,1178,0.0,UG
SP_000445,1253,0.0,MG
SP_000445,1057,0.0,MG
SP_000445,1190,19.0,UG
SP_000445,1246,0.0,UG
SP_000445,1058,0.0,MG
SP_000445,1114,0.0,UG
SP_000445,1242,0.0,MG
SP_000445,1009,0.0,G
SP_000445,1187,19.0,UG
SP_000445,1292,0.013,G
SP_000445,1270,0.004,G
SP_000445,1300,0.0,G
SP_000445,1211,0.021,G
SP_000445,1079,1.7,G
SP_000445,1216,0.004,G
SP_000445,1090,10.0,MG
SP_000445,1269,0.013,G
SP_000445,1122,0.0,UG
SP_000445,1013,0.0,G
SP_000445,1062,166.0,kJ
SP_000445,1105,0.0,UG
SP_000445,1093,4.0,MG
SP_000445,1258,0.042,G
SP_000445,1089,0.21,MG
SP_000445,1217,0.025,G
SP_000445,1010,0.99,G
SP_000445,1110,0.0,IU
SP_000445,1333,0.0,G
SP_000445,1264,0.004,G
SP_000445,1313,0.0,G
SP_000445,1012,1.29,G
SP_000445,1280,0.0,G
SP_000445,1170,0.123,MG
SP_000445,1260,0.0,G
SP_000445,1107,1.0,UG
SP_000445,1101,0.129,MG
SP_000445,1180,6.1,MG
SP_000445,1014,0.0,G
SP_000445,1108,0.0,UG
SP_000445,1165,0.046,MG
SP_000445,1214,0.039,G
SP_000445,1224,0.258,G
SP_000445,1221,0.014,G
SP_000445,1275,0.0,G
SP_000445,1003,1.1,G
SP_000445,1004,0.1,G
SP_000445,1103,0.5,UG
SP_000445,1075,0.0,G
SP_000445,1227,0.021,G
SP_000445,1274,0.0,G
SP_000445,1092,146.0,MG
SP_000445,1259,0.0,G
SP_000445,1098,0.039,MG
SP_000445,1123,4.0,UG
SP_000445,1268,0.013,G
SP_000445,2000,4.24,G
SP_000445,1262,0.0,G
SP_000445,1299,0.0,G
SP_000445,1212,0.014,G
SP_000445,1215,0.002,G
SP_000445,1109,0.02,MG
SP_000445,1223,0.091,G
SP_000445,1120,0.0,UG
SP_000445,1087,23.0,MG
SP_000445,1186,0.0,UG
SP_000445,1130,0.0,MG
SP_000445,1099,1.1,UG
SP_000445,1128,0.04,MG
SP_000445,1301,0.0,G
SP_000445,1276,0.0,G
SP_000445,1185,0.4,UG
SP_000445,1283,15.0,MG
SP_000445,1007,0.35,G
SP_000445,1226,0.012,G
SP_000445,1273,0.0,G
SP_000445,1005,9.34,G
SP_000445,1225,0.025,G
SP_000445,1222,0.021,G
SP_000445,1279,0.0,G
SP_000445,1166,0.027,MG
SP_000445,1271,0.0,G
SP_000445,1126,0.0,MG
SP_000445,1261,0.0,G
SP_000445,1219,0.021,G
SP_000445,1177,19.0,UG
SP_000445,1008,40.0,KCAL
SP_000445,1220,0.104,G
SP_000445,1267,0.0,G
SP_000445,1091,29.0,MG
SP_000445,1277,0.0,G
SP_000445,1184,0.0,UG
SP_000445,1131,0.0,MG
SP_000445,1265,0.034,G
SP_000445,1175,0.12,MG
SP_000445,1218,0.014,G
SP_000445,1278,0.0,G
SP_000445,1125,0.0,MG
SP_000445,1127,0.0,MG
SP_000445,1323,0.0,G
SP_000445,1293,0.017,G
SP_000445,1095,0.17,MG
SP_000445,1167,0.116,MG
SP_000445,1272,0.0,G
SP_000445,1011,1.97,G
SP_000445,1018,0.0,G
SP_000445,1210,0.014,G
SP_000445,1263,0.0,G
SP_000445,1051,89.11,G
SP_000445,1162,7.4,MG
SP_000445,1129,0.0,MG
SP_000445,1325,0.0,G
SP_000445,1266,0.004,G
SP_000445,1213,0.025,G
SP_000445,1198,0.1,MG
SP_000446,1106,0.0,UG
SP_000446,1257,0.0,G
SP_000446,1104,2.0,IU
SP_000446,1178,0.0,UG
SP_000446,1253,0.0,MG
SP_000446,1057,0.0,MG
SP_000446,1190,19.0,UG
SP_000446,1246,0.0,UG
SP_000446,1058,0.0,MG
SP_000446,1114,0.0,UG
SP_000446,1242,0.0,MG
SP_000446,1009,0.0,G
SP_000446,1187,19.0,UG
SP_000446,1292,0.013,G
SP_000446,1270,0.004,G
SP_000446,1300,0.0,G
SP_000446,1211,0.021,G
SP_000446,1079,1.7,G
SP_000446,1216,0.004,G
SP_000446,1090,10.0,MG
SP_000446,1269,0.013,G
SP_000446,1122,0.0,UG
SP_000446,1013,0.0,G
SP_000446,1062,166.0,kJ
SP_000446,1105,0.0,UG
SP_000446,1093,4.0,MG
SP_000446,1258,0.042,G
SP_000446,1089,0.21,MG
SP_000446,1217,0.025,G
SP_000446,1010,0.99,G
SP_000446,1110,0.0,IU
SP_000446,1333,0.0,G
SP_000446,1264,0.004,G
SP_000446,1313,0.0,G
SP_000446,1012,1.29,G
SP_000446,1280,0.0,G
SP_000446,1170,0.123,MG
SP_000446,1260,0.0,G
SP_000446,1107,1.0,UG
SP_000446,1101,0.129,MG
SP_000446,1180,6.1,MG
SP_000446,1014,0.0,G
SP_000446,1108,0.0,UG
SP_000446,1165,0.046,MG
SP_000446,1214,0.039,G
SP_000446,1224,0.258,G
SP_000446,1221,0.014,G
SP_000446,1275,0.0,G
SP_000446,1003,1.1,G
SP_000446,1004,0.1,G
SP_000446,1103,0.5,UG
SP_000446,1075,0.0,G
SP_000446,1227,0.021,G
SP_000446,1274,0.0,G
SP_000446,1092,146.0,MG
SP_000446,1259,0.0,G
SP_000446,1098,0.039,MG
SP_000446,1123,4.0,UG
SP_000446,1268,0.013,G
SP_000446,2000,4.24,G
SP_000446,1262,0.0,G
SP_000446,1299,0.0,G
SP_000446,1212,0.014,G
SP_000446,1215,0.002,G
SP_000446,1109,0.02,MG
SP_000446,1223,0.091,G
SP_000446,1120,0.0,UG
SP_000446,1087,23.0,MG
SP_000446,1186,0.0,UG
SP_000446,1130,0.0,MG
SP_000446,1099,1.1,UG
SP_000446,1128,0.04,MG
SP_000446,1301,0.0,G
SP_000446,1276,0.0,G
SP_000446,1185,0.4,UG
SP_000446,1283,15.0,MG
SP_000446,1007,0.35,G
SP_000446,1226,0.012,G
SP_000446,1273,0.0,G
SP_000446,1005,9.34,G
SP_000446,1225,0.025,G
SP_000446,1222,0.021,G
SP_000446,1279,0.0,G
SP_000446,1166,0.027,MG
SP_000446,1271,0.0,G
SP_000446,1126,0.0,MG
SP_000446,1261,0.0,G
SP_000446,1219,0.021,G
SP_000446,1177,19.0,UG
SP_000446,1008,40.0,KCAL
SP_000446,1220,0.104,G
SP_000446,1267,0.0,G
SP_000446,1091,29.0,MG
SP_000446,1277,0.0,G
SP_000446,1184,0.0,UG
SP_000446,1131,0.0,MG
SP_000446,1265,0.034,G
SP_000446,1175,0.12,MG
SP_000446,1218,0.014,G
SP_000446,1278,0.0,G
SP_000446,1125,0.0,MG
SP_000446,1127,0.0,MG
SP_000446,1323,0.0,G
SP_000446,1293,0.017,G
SP_000446,1095,0.17,MG
SP_000446,1167,0.116,MG
SP_000446,1272,0.0,G
SP_000446,1011,1.97,G
SP_000446,1018,0.0,G
SP_000446,1210,0.014,G
SP_000446,1263,0.0,G
SP_000446,1051,89.11,G
SP_000446,1162,7.4,MG
SP_000446,1129,0.0,MG
SP_000446,1325,0.0,G
SP_000446,1266,0.004,G
SP_000446,1213,0.025,G
SP_000446,1198,0.1,MG
SP_000447,1106,0.0,UG
SP_000447,1257,0.0,G
SP_000447,1104,2.0,IU
SP_000447,1178,0.0,UG
SP_000447,1253,0.0,MG
SP_000447,1057,0.0,MG
SP_000447,1190,19.0,UG
SP_000447,1246,0.0,UG
SP_000447,1058,0.0,MG
SP_000447,1114,0.0,UG
SP_000447,1242,0.0,MG
SP_000447,1009,0.0,G
SP_000447,1187,19.0,UG
SP_000447,1292,0.013,G
SP_000447,1270,0.004,G
SP_000447,1300,0.0,G
SP_000447,1211,0.021,G
SP_000447,1079,1.7,G
SP_000447,1216,0.004,G
SP_000447,1090,10.0,MG
SP_000447,1269,0.013,G
SP_000447,1122,0.0,UG
SP_000447,1013,0.0,G
SP_000447,1062,166.0,kJ
SP_000447,1105,0.0,UG
SP_000447,1093,4.0,MG
SP_000447,1258,0.042,G
SP_000447,1089,0.21,MG
SP_000447,1217,0.025,G
SP_000447,1010,0.99,G
SP_000447,1110,0.0,IU
SP_000447,1333,0.0,G
SP_000447,1264,0.004,G
SP_000447,1313,0.0,G
SP_000447,1012,1.29,G
SP_000447,1280,0.0,G
SP_000447,1170,0.123,MG
SP_000447,1260,0.0,G
SP_000447,1107,1.0,UG
SP_000447,1101,0.129,MG
SP_000447,1180,6.1,MG
SP_000447,1014,0.0,G
SP_000447,1108,0.0,UG
SP_000447,1165,0.046,MG
SP_000447,1214,0.039,G
SP_000447,1224,0.258,G
SP_000447,1221,0.014,G
SP_000447,1275,0.0,G
SP_000447,1003,1.1,G
SP_000447,1004,0.1,G
SP_000447,1103,0.5,UG
SP_000447,1075,0.0,G
SP_000447,1227,0.021,G
SP_000447,1274,0.0,G
SP_000447,1092,146.0,MG
SP_000447,1259,0.0,G
SP_000447,1098,0.039,MG
SP_000447,1123,4.0,UG
SP_000447,1268,0.013,G
SP_000447,2000,4.24,G
SP_000447,1262,0.0,G
SP_000447,1299,0.0,G
SP_000447,1212,0.014,G
SP_000447,1215,0.002,G
SP_000447,1109,0.02,MG
SP_000447,1223,0.091,G
SP_000447,1120,0.0,UG
SP_000447,1087,23.0,MG
SP_000447,1186,0.0,UG
SP_000447,1130,0.0,MG
SP_000447,1099,1.1,UG
SP_000447,1128,0.04,MG
SP_000447,1301,0.0,G
SP_000447,1276,0.0,G
SP_000447,1185,0.4,UG
SP_000447,1283,15.0,MG
SP_000447,1007,0.35,G
SP_000447,1226,0.012,G
SP_000447,1273,0.0,G
SP_000447,1005,9.34,G
SP_000447,1225,0.025,G
SP_000447,1222,0.021,G
SP_000447,1279,0.0,G
SP_000447,1166,0.027,MG
SP_000447,1271,0.0,G
SP_000447,1126,0.0,MG
SP_000447,1261,0.0,G
SP_000447,1219,0.021,G
SP_000447,1177,19.0,UG
SP_000447,1008,40.0,KCAL
SP_000447,1220,0.104,G
SP_000447,1267,0.0,G
SP_000447,1091,29.0,MG
SP_000447,1277,0.0,G
SP_000447,1184,0.0,UG
SP_000447,1131,0.0,MG
SP_000447,1265,0.034,G
SP_000447,1175,0.12,MG
SP_000447,1218,0.014,G
SP_000447,1278,0.0,G
SP_000447,1125,0.0,MG
SP_000447,1127,0.0,MG
SP_000447,1323,0.0,G
SP_000447,1293,0.017,G
SP_000447,1095,0.17,MG
SP_000447,1167,0.116,MG
SP_000447,1272,0.0,G
SP_000447,1011,1.97,G
SP_000447,1018,0.0,G
SP_000447,1210,0.014,G
SP_000447,1263,0.0,G
SP_000447,1051,89.11,G
SP_000447,1162,7.4,MG
SP_000447,1129,0.0,MG
SP_000447,1325,0.0,G
SP_000447,1266,0.004,G
SP_000447,1213,0.025,G
SP_000447,1198,0.1,MG
SP_000448,1176,0.1111,UG
SP_000448,1063,16.133,G
SP_000448,2048,71.939325,KCAL
SP_000448,2047,80.1025,KCAL
SP_000448,1005,18.60375,G
SP_000448,1003,0.89875,G
SP_000448,1010,0.0,G
SP_000448,1002,0.1438,G
SP_000448,1011,7.487,G
SP_000448,1101,0.08365,MG
SP_000448,1091,21.98,MG
SP_000448,1014,0.0,G
SP_000448,1075,0.0,G
SP_000448,1012,8.646,G
SP_000448,1095,0.02674,MG
SP_000448,1007,0.385,G
SP_000448,1051,79.88,G
SP_000448,1092,218.1,MG
SP_000448,1087,9.897,MG
SP_000448,1004,0.2325,G
SP_000448,1013,0.0,G
SP_000448,1093,3.171,MG
SP_000448,1162,3.017,MG
SP_000448,1098,0.06091,MG
SP_000448,1089,0.1991,MG
SP_000448,1090,7.118,MG
SP_000449,1176,0.1222,UG
SP_000449,1063,17.341,G
SP_000449,2048,77.151876,KCAL
SP_000449,2047,85.919,KCAL
SP_000449,1005,20.196825,G
SP_000449,1003,0.914375,G
SP_000449,1004,0.1638,G
SP_000449,1007,0.535,G
SP_000449,1090,8.556,MG
SP_000449,1010,0.0,G
SP_000449,1087,10.17,MG
SP_000449,1092,229.4,MG
SP_000449,1002,0.1463,G
SP_000449,1091,24.86,MG
SP_000449,1093,6.999,MG
SP_000449,1095,0.03603,MG
SP_000449,1089,0.1615,MG
SP_000449,1014,0.0,G
SP_000449,1162,3.308,MG
SP_000449,1011,8.174,G
SP_000449,1012,9.167,G
SP_000449,1098,0.08081,MG
SP_000449,1101,0.09758,MG
SP_000449,1051,78.19,G
SP_000449,1075,0.0,G
SP_000449,1013,0.0,G
SP_000450,1122,0.0,UG
SP_000450,1079,1.4,G
SP_000450,1185,6.4,UG
SP_000450,1108,0.0,UG
SP_000450,1091,16.0,MG
SP_000450,1005,11.42,G
SP_000450,1120,35.0,UG
SP_000450,1217,0.014,G
SP_000450,1098,0.057,MG
SP_000450,1166,0.026,MG
SP_000450,1130,0.01,MG
SP_000450,1225,0.009,G
SP_000450,1292,0.134,G
SP_000450,1268,0.132,G
SP_000450,1114,0.0,UG
SP_000450,1280,0.0,G
SP_000450,1272,0.0,G
SP_000450,1087,6.0,MG
SP_000450,1177,5.0,UG
SP_000450,1266,0.003,G
SP_000450,1165,0.028,MG
SP_000450,1223,0.352,G
SP_000450,1167,0.417,MG
SP_000450,1058,0.0,MG
SP_000450,1221,0.009,G
SP_000450,1013,0.0,G
SP_000450,1107,190.0,UG
SP_000450,1224,0.035,G
SP_000450,1258,0.017,G
SP_000450,1265,0.014,G
SP_000450,1279,0.0,G
SP_000450,1215,0.008,G
SP_000450,1293,0.044,G
SP_000450,1214,0.016,G
SP_000450,1095,0.1,MG
SP_000450,1105,0.0,UG
SP_000450,1110,0.0,IU
SP_000450,1093,0.0,MG
SP_000450,1007,0.37,G
SP_000450,1104,345.0,IU
SP_000450,1003,0.7,G
SP_000450,1131,0.0,MG
SP_000450,1187,5.0,UG
SP_000450,1062,192.0,kJ
SP_000450,1216,0.002,G
SP_000450,1262,0.0,G
SP_000450,1126,0.08,MG
SP_000450,1283,7.0,MG
SP_000450,1218,0.008,G
SP_000450,1186,0.0,UG
SP_000450,1109,0.26,MG
SP_000450,1269,0.044,G
SP_000450,1276,0.0,G
SP_000450,1222,0.028,G
SP_000450,1092,157.0,MG
SP_000450,1129,0.0,MG
SP_000450,1010,1.57,G
SP_000450,1270,0.0,G
SP_000450,1259,0.0,G
SP_000450,1261,0.0,G
SP_000450,1246,0.0,UG
SP_000450,1090,7.0,MG
SP_000450,1257,0.0,G
SP_000450,1212,0.014,G
SP_000450,1009,0.0,G
SP_000450,1057,0.0,MG
SP_000450,1175,0.029,MG
SP_000450,1260,0.0,G
SP_000450,1263,0.0,G
SP_000450,1278,0.0,G
SP_000450,1101,0.052,MG
SP_000450,1018,0.0,G
SP_000450,1213,0.015,G
SP_000450,1277,0.0,G
SP_000450,1128,0.04,MG
SP_000450,1190,5.0,UG
SP_000450,1089,0.17,MG
SP_000450,1008,46.0,KCAL
SP_000450,1014,0.08,G
SP_000450,1051,87.23,G
SP_000450,1264,0.0,G
SP_000450,1220,0.009,G
SP_000450,1075,0.14,G
SP_000450,1125,0.0,MG
SP_000450,1184,0.0,UG
SP_000450,1211,0.01,G
SP_000450,1099,2.0,UG
SP_000450,1011,5.07,G
SP_000450,1219,0.016,G
SP_000450,1170,0.135,MG
SP_000450,1210,0.009,G
SP_000450,1004,0.28,G
SP_000450,1253,0.0,MG
SP_000450,1106,17.0,UG
SP_000450,1162,9.5,MG
SP_000450,1226,0.027,G
SP_000450,1103,0.0,UG
SP_000450,1227,0.023,G
SP_000450,1178,0.0,UG
SP_000450,1012,3.07,G
SP_000450,1127,0.0,MG
SP_000450,1123,73.0,UG
SP_000450,1275,0.002,G
SP_000450,1271,0.0,G
SP_000450,1242,0.0,MG
SP_000450,2000,9.92,G
SP_000450,1180,1.9,MG
SP_000451,1301,0.0,G
SP_000451,1211,0.035,G
SP_000451,1257,0.0,G
SP_000451,1018,0.0,G
SP_000451,1166,0.04,MG
SP_000451,1299,0.0,G
SP_000451,1265,0.034,G
SP_000451,1300,0.0,G
SP_000451,1225,0.03,G
SP_000451,1178,0.0,UG
SP_000451,1269,0.017,G
SP_000451,1227,0.053,G
SP_000451,1079,2.5,G
SP_000451,1187,43.0,UG
SP_000451,1246,0.0,UG
SP_000451,1104,98.0,IU
SP_000451,1011,1.67,G
SP_000451,1271,0.0,G
SP_000451,1103,0.3,UG
SP_000451,1261,0.0,G
SP_000451,1263,0.0,G
SP_000451,1279,0.0,G
SP_000451,1190,43.0,UG
SP_000451,1091,26.0,MG
SP_000451,1126,0.0,MG
SP_000451,1220,0.075,G
SP_000451,1198,0.4,MG
SP_000451,1122,0.0,UG
SP_000451,1274,0.0,G
SP_000451,1264,0.0,G
SP_000451,1268,0.017,G
SP_000451,1185,76.0,UG
SP_000451,1266,0.0,G
SP_000451,1226,0.048,G
SP_000451,1062,103.0,kJ
SP_000451,1075,0.0,G
SP_000451,1095,0.18,MG
SP_000451,1175,0.124,MG
SP_000451,1128,0.04,MG
SP_000451,1217,0.032,G
SP_000451,1277,0.0,G
SP_000451,1278,0.0,G
SP_000451,1222,0.042,G
SP_000451,1005,5.8,G
SP_000451,1089,0.47,MG
SP_000451,1293,0.017,G
SP_000451,1259,0.0,G
SP_000451,1167,0.234,MG
SP_000451,1165,0.061,MG
SP_000451,1323,0.0,G
SP_000451,1107,42.0,UG
SP_000451,1130,0.0,MG
SP_000451,1008,25.0,KCAL
SP_000451,1186,0.0,UG
SP_000451,1127,0.0,MG
SP_000451,1219,0.042,G
SP_000451,1212,0.03,G
SP_000451,1253,0.0,MG
SP_000451,1272,0.0,G
SP_000451,1109,0.15,MG
SP_000451,1120,0.0,UG
SP_000451,1099,1.0,UG
SP_000451,1223,0.122,G
SP_000451,1110,0.0,IU
SP_000451,1215,0.012,G
SP_000451,1012,1.45,G
SP_000451,1108,33.0,UG
SP_000451,1273,0.0,G
SP_000451,1213,0.041,G
SP_000451,1093,18.0,MG
SP_000451,1280,0.0,G
SP_000451,1051,92.18,G
SP_000451,1057,0.0,MG
SP_000451,1276,0.0,G
SP_000451,1087,40.0,MG
SP_000451,1333,0.0,G
SP_000451,1221,0.022,G
SP_000451,1114,0.0,UG
SP_000451,1106,5.0,UG
SP_000451,1214,0.044,G
SP_000451,1092,170.0,MG
SP_000451,1177,43.0,UG
SP_000451,1013,0.0,G
SP_000451,1007,0.64,G
SP_000451,1004,0.1,G
SP_000451,1014,0.01,G
SP_000451,1283,11.0,MG
SP_000451,1090,12.0,MG
SP_000451,1098,0.019,MG
SP_000451,1125,0.0,MG
SP_000451,1325,0.0,G
SP_000451,1218,0.019,G
SP_000451,1170,0.212,MG
SP_000451,2000,3.2,G
SP_000451,1270,0.0,G
SP_000451,1258,0.034,G
SP_000451,1216,0.011,G
SP_000451,1224,0.294,G
SP_000451,1058,0.0,MG
SP_000451,1292,0.017,G
SP_000451,1275,0.0,G
SP_000451,1313,0.0,G
SP_000451,1010,0.08,G
SP_000451,1129,0.0,MG
SP_000451,1180,10.7,MG
SP_000451,1003,1.28,G
SP_000451,1123,30.0,UG
SP_000451,1162,36.6,MG
SP_000451,1009,0.0,G
SP_000451,1184,0.0,UG
SP_000451,1260,0.0,G
SP_000451,1210,0.011,G
SP_000451,1105,0.0,UG
SP_000451,1242,0.0,MG
SP_000451,1262,0.0,G
SP_000451,1101,0.16,MG
SP_000451,1267,0.0,G
SP_000452,1321,0.0,G
SP_000452,1187,5.0,UG
SP_000452,1304,0.001,G
SP_000452,1262,0.0,G
SP_000452,1404,0.014,G
SP_000452,1175,0.174,MG
SP_000452,1260,0.0,G
SP_000452,1267,0.003,G
SP_000452,1306,0.0,G
SP_000452,1058,0.0,MG
SP_000452,1261,0.001,G
SP_000452,1008,299.0,KCAL
SP_000452,1293,0.053,G
SP_000452,1411,0.0,G
SP_000452,1079,4.5,G
SP_000452,1186,0.0,UG
SP_000452,1323,0.0,G
SP_000452,1299,0.002,G
SP_000452,1301,0.002,G
SP_000452,1265,0.056,G
SP_000452,1264,0.004,G
SP_000452,1099,233.9,UG
SP_000452,1098,0.272,MG
SP_000452,1253,0.0,MG
SP_000452,1013,0.0,G
SP_000452,1325,0.0,G
SP_000452,1120,0.0,UG
SP_000452,1165,0.106,MG
SP_000452,1300,0.001,G
SP_000452,1014,0.0,G
SP_000452,1091,98.0,MG
SP_000452,1010,0.0,G
SP_000452,1089,1.79,MG
SP_000452,1273,0.004,G
SP_000452,1101,0.281,MG
SP_000452,1092,744.0,MG
SP_000452,1012,34.67,G
SP_000452,1315,0.022,G
SP_000452,1269,0.039,G
SP_000452,1329,0.001,G
SP_000452,2000,65.18,G
SP_000452,1268,0.023,G
SP_000452,1062,1250.0,kJ
SP_000452,1275,0.001,G
SP_000452,1011,30.51,G
SP_000452,1004,0.25,G
SP_000452,1274,0.0,G
SP_000452,1003,3.3,G
SP_000452,1109,0.12,MG
SP_000452,1166,0.125,MG
SP_000452,1312,0.0,G
SP_000452,1110,0.0,IU
SP_000452,1095,0.36,MG
SP_000452,1105,0.0,UG
SP_000452,1007,1.68,G
SP_000452,1180,11.1,MG
SP_000452,1162,2.3,MG
SP_000452,1305,0.0,G
SP_000452,1280,0.0,G
SP_000452,1185,3.5,UG
SP_000452,1106,0.0,UG
SP_000452,1057,0.0,MG
SP_000452,1005,79.32,G
SP_000452,1190,5.0,UG
SP_000452,1333,0.0,G
SP_000452,1093,26.0,MG
SP_000452,1303,0.0,G
SP_000452,1018,0.0,G
SP_000452,1316,0.039,G
SP_000452,1112,0.0,UG
SP_000452,1276,0.0,G
SP_000452,1331,0.0,G
SP_000452,1177,5.0,UG
SP_000452,1257,0.001,G
SP_000452,1406,0.0,G
SP_000452,1108,0.0,UG
SP_000452,1292,0.024,G
SP_000452,1311,0.0,G
SP_000452,1051,15.46,G
SP_000452,1317,0.0,G
SP_000452,1272,0.0,G
SP_000452,1104,0.0,IU
SP_000452,1122,0.0,UG
SP_000452,1271,0.0,G
SP_000452,1178,0.0,UG
SP_000452,1090,36.0,MG
SP_000452,1258,0.094,G
SP_000452,1107,0.0,UG
SP_000452,1277,0.0,G
SP_000452,1314,0.001,G
SP_000452,1313,0.0,G
SP_000452,1242,0.0,MG
SP_000452,1114,0.0,UG
SP_000452,1246,0.0,UG
SP_000452,1266,0.013,G
SP_000452,1263,0.001,G
SP_000452,1087,62.0,MG
SP_000452,1103,0.6,UG
SP_000452,1259,0.007,G
SP_000452,1123,0.0,UG
SP_000452,1405,0.0,G
SP_000452,1278,0.0,G
SP_000452,1279,0.0,G
SP_000452,1167,0.766,MG
SP_000452,1270,0.014,G
SP_000452,1409,0.0,G
SP_000453,1103,12.8,UG
SP_000453,1120,0.0,UG
SP_000453,1104,0.0,IU
SP_000453,1089,10.44,MG
SP_000453,1227,1.271,G
SP_000453,1260,0.0,G
SP_000453,1105,0.0,UG
SP_000453,1261,0.0,G
SP_000453,1090,190.0,MG
SP_000453,1057,0.0,MG
SP_000453,1098,0.984,MG
SP_000453,1186,0.0,UG
SP_000453,1275,0.0,G
SP_000453,1266,0.013,G
SP_000453,1246,0.0,UG
SP_000453,1122,0.0,UG
SP_000453,1177,388.0,UG
SP_000453,1293,0.364,G
SP_000453,1109,0.21,MG
SP_000453,1263,0.0,G
SP_000453,2000,2.11,G
SP_000453,1114,0.0,UG
SP_000453,1051,11.32,G
SP_000453,1270,0.166,G
SP_000453,1107,0.0,UG
SP_000453,1265,0.205,G
SP_000453,1187,388.0,UG
SP_000453,1272,0.0,G
SP_000453,1101,1.796,MG
SP_000453,1220,1.446,G
SP_000453,1185,5.6,UG
SP_000453,1110,0.0,IU
SP_000453,1211,0.983,G
SP_000453,1242,0.0,MG
SP_000453,1218,0.658,G
SP_000453,1008,333.0,KCAL
SP_000453,1268,0.074,G
SP_000453,1259,0.0,G
SP_000453,1217,1.263,G
SP_000453,1162,0.0,MG
SP_000453,1180,66.2,MG
SP_000453,1292,0.074,G
SP_000453,1210,0.277,G
SP_000453,1221,0.65,G
SP_000453,1212,1.031,G
SP_000453,1106,0.0,UG
SP_000453,1278,0.0,G
SP_000453,1170,0.732,MG
SP_000453,1253,0.0,MG
SP_000453,1092,1795.0,MG
SP_000453,1276,0.0,G
SP_000453,1005,60.27,G
SP_000453,1215,0.351,G
SP_000453,1062,1393.0,kJ
SP_000453,1280,0.0,G
SP_000453,1123,0.0,UG
SP_000453,1277,0.0,G
SP_000453,1190,388.0,UG
SP_000453,1225,0.912,G
SP_000453,1214,1.603,G
SP_000453,1058,0.0,MG
SP_000453,1258,0.219,G
SP_000453,1079,15.2,G
SP_000453,1264,0.001,G
SP_000453,1257,0.0,G
SP_000453,1087,240.0,MG
SP_000453,1175,0.318,MG
SP_000453,1165,0.437,MG
SP_000453,1226,0.99,G
SP_000453,1262,0.0,G
SP_000453,1223,2.825,G
SP_000453,1222,0.979,G
SP_000453,1224,3.561,G
SP_000453,1279,0.0,G
SP_000453,1095,3.67,MG
SP_000453,1166,0.146,MG
SP_000453,1213,1.865,G
SP_000453,1219,1.222,G
SP_000453,1004,0.85,G
SP_000453,1093,16.0,MG
SP_000453,1091,301.0,MG
SP_000453,1178,0.0,UG
SP_000453,1108,0.0,UG
SP_000453,1216,0.254,G
SP_000453,1018,0.0,G
SP_000453,1003,23.36,G
SP_000453,1167,0.479,MG
SP_000453,1271,0.0,G
SP_000453,1269,0.198,G
SP_000453,1007,4.2,G
SP_000454,1093,6.0,MG
SP_000454,1227,1.136,G
SP_000454,1277,0.006,G
SP_000454,1129,0.0,MG
SP_000454,1258,0.154,G
SP_000454,1190,479.0,UG
SP_000454,1293,0.526,G
SP_000454,1246,0.0,UG
SP_000454,1265,0.136,G
SP_000454,1219,1.223,G
SP_000454,1261,0.0,G
SP_000454,1222,1.029,G
SP_000454,1008,352.0,KCAL
SP_000454,1216,0.322,G
SP_000454,1223,2.725,G
SP_000454,1127,0.0,MG
SP_000454,1259,0.0,G
SP_000454,1166,0.211,MG
SP_000454,1104,39.0,IU
SP_000454,1109,0.49,MG
SP_000454,1011,0.0,G
SP_000454,1106,2.0,UG
SP_000454,1292,0.193,G
SP_000454,1103,0.1,UG
SP_000454,1162,4.5,MG
SP_000454,1098,0.754,MG
SP_000454,1122,0.0,UG
SP_000454,1128,0.0,MG
SP_000454,1110,0.0,IU
SP_000454,1170,2.14,MG
SP_000454,1185,5.0,UG
SP_000454,1212,1.065,G
SP_000454,1005,63.35,G
SP_000454,1187,479.0,UG
SP_000454,1126,4.23,MG
SP_000454,1215,0.21,G
SP_000454,1242,0.0,MG
SP_000454,1131,0.0,MG
SP_000454,1221,0.693,G
SP_000454,1260,0.0,G
SP_000454,1214,1.72,G
SP_000454,1101,1.393,MG
SP_000454,1095,3.27,MG
SP_000454,1257,0.0,G
SP_000454,1275,0.003,G
SP_000454,1105,0.0,UG
SP_000454,1130,0.0,MG
SP_000454,1279,0.0,G
SP_000454,1004,1.06,G
SP_000454,1007,2.71,G
SP_000454,1225,1.002,G
SP_000454,1107,23.0,UG
SP_000454,1226,1.029,G
SP_000454,1266,0.015,G
SP_000454,1175,0.54,MG
SP_000454,1178,0.0,UG
SP_000454,1075,0.0,G
SP_000454,1253,0.0,MG
SP_000454,1010,1.47,G
SP_000454,1012,0.27,G
SP_000454,1186,0.0,UG
SP_000454,1018,0.0,G
SP_000454,1013,0.0,G
SP_000454,1003,24.63,G
SP_000454,1125,0.0,MG
SP_000454,1271,0.0,G
SP_000454,1051,8.26,G
SP_000454,1177,479.0,UG
SP_000454,1276,0.0,G
SP_000454,1167,2.605,MG
SP_000454,1224,3.819,G
SP_000454,1058,0.0,MG
SP_000454,1269,0.414,G
SP_000454,1268,0.184,G
SP_000454,1123,0.0,UG
SP_000454,1278,0.0,G
SP_000454,1220,1.903,G
SP_000454,1089,6.51,MG
SP_000454,1057,0.0,MG
SP_000454,2000,2.03,G
SP_000454,1165,0.873,MG
SP_000454,1108,0.0,UG
SP_000454,1180,96.4,MG
SP_000454,1079,10.7,G
SP_000454,1014,0.3,G
SP_000454,1264,0.003,G
SP_000454,1270,0.112,G
SP_000454,1009,49.9,G
SP_000454,1272,0.0,G
SP_000454,1213,1.786,G
SP_000454,1091,281.0,MG
SP_000454,1262,0.0,G
SP_000454,1087,35.0,MG
SP_000454,1062,1473.0,kJ
SP_000454,1217,1.215,G
SP_000454,1090,47.0,MG
SP_000454,1114,0.0,UG
SP_000454,1280,0.0,G
SP_000454,1120,0.0,UG
SP_000454,1263,0.0,G
SP_000454,1211,0.882,G
SP_000454,1092,677.0,MG
SP_000454,1218,0.658,G
SP_000454,1210,0.221,G
SP_000455,1093,3.0,MG
SP_000455,1277,0.0,G
SP_000455,1165,0.057,MG
SP_000455,1293,0.062,G
SP_000455,1221,0.01,G
SP_000455,1099,2.0,UG
SP_000455,1224,0.194,G
SP_000455,1323,0.0,G
SP_000455,1184,0.0,UG
SP_000455,1278,0.0,G
SP_000455,1005,4.64,G
SP_000455,1090,10.0,MG
SP_000455,1198,0.1,MG
SP_000455,1057,0.0,MG
SP_000455,1114,0.0,UG
SP_000455,1226,0.024,G
SP_000455,1110,0.0,IU
SP_000455,1218,0.012,G
SP_000455,1301,0.0,G
SP_000455,1267,0.0,G
SP_000455,1280,0.0,G
SP_000455,1098,0.066,MG
SP_000455,1185,7.4,UG
SP_000455,1087,10.0,MG
SP_000455,1051,93.89,G
SP_000455,1125,0.0,MG
SP_000455,1325,0.0,G
SP_000455,1264,0.0,G
SP_000455,1166,0.028,MG
SP_000455,1091,20.0,MG
SP_000455,1253,0.0,MG
SP_000455,1008,20.0,KCAL
SP_000455,1120,7.0,UG
SP_000455,1219,0.036,G
SP_000455,1095,0.13,MG
SP_000455,1007,0.43,G
SP_000455,1262,0.0,G
SP_000455,1123,341.0,UG
SP_000455,1246,0.0,UG
SP_000455,1187,10.0,UG
SP_000455,1170,0.099,MG
SP_000455,1268,0.008,G
SP_000455,1104,370.0,IU
SP_000455,1105,0.0,UG
SP_000455,1257,0.0,G
SP_000455,1217,0.092,G
SP_000455,1009,0.0,G
SP_000455,1186,0.0,UG
SP_000455,1313,0.0,G
SP_000455,1109,0.37,MG
SP_000455,1003,0.86,G
SP_000455,1101,0.122,MG
SP_000455,1131,0.0,MG
SP_000455,1275,0.0,G
SP_000455,1214,0.039,G
SP_000455,2000,2.4,G
SP_000455,1273,0.0,G
SP_000455,1276,0.0,G
SP_000455,1265,0.05,G
SP_000455,1075,0.0,G
SP_000455,1079,1.7,G
SP_000455,1175,0.224,MG
SP_000455,1212,0.024,G
SP_000455,1130,0.0,MG
SP_000455,1122,0.0,UG
SP_000455,1333,0.0,G
SP_000455,1127,0.0,MG
SP_000455,1107,208.0,UG
SP_000455,1269,0.054,G
SP_000455,1210,0.012,G
SP_000455,1011,1.16,G
SP_000455,1058,0.0,MG
SP_000455,1177,10.0,UG
SP_000455,1010,0.11,G
SP_000455,1106,18.0,UG
SP_000455,1258,0.058,G
SP_000455,1220,0.027,G
SP_000455,1260,0.0,G
SP_000455,1167,0.48,MG
SP_000455,1223,0.208,G
SP_000455,1190,10.0,UG
SP_000455,1014,0.0,G
SP_000455,1263,0.0,G
SP_000455,1004,0.17,G
SP_000455,1103,0.0,UG
SP_000455,1227,0.054,G
SP_000455,1242,0.0,MG
SP_000455,1018,0.0,G
SP_000455,1300,0.0,G
SP_000455,1292,0.008,G
SP_000455,1299,0.0,G
SP_000455,1222,0.036,G
SP_000455,1225,0.03,G
SP_000455,1272,0.0,G
SP_000455,1180,5.5,MG
SP_000455,1216,0.012,G
SP_000455,1270,0.008,G
SP_000455,1266,0.008,G
SP_000455,1279,0.0,G
SP_000455,1126,0.0,MG
SP_000455,1215,0.007,G
SP_000455,1261,0.0,G
SP_000455,1108,21.0,UG
SP_000455,1178,0.0,UG
SP_000455,1013,0.0,G
SP_000455,1274,0.0,G
SP_000455,1128,0.0,MG
SP_000455,1089,0.34,MG
SP_000455,1162,80.4,MG
SP_000455,1271,0.0,G
SP_000455,1211,0.036,G
SP_000455,1259,0.0,G
SP_000455,1283,9.0,MG
SP_000455,1213,0.036,G
SP_000455,1012,1.12,G
SP_000455,1092,175.0,MG
SP_000455,1062,84.0,kJ
SP_000455,1129,0.0,MG
SP_000456,1090,23.75,MG
SP_000456,1095,0.2935,MG
SP_000456,1101,0.1871,MG
SP_000456,1002,0.2,G
SP_000456,1004,0.1825,G
SP_000456,1089,0.3078,MG
SP_000456,1051,87.22,G
SP_000456,1091,42.04,MG
SP_000456,1098,0.08685,MG
SP_000456,1087,24.82,MG
SP_000456,1007,0.8675,G
SP_000456,1092,332.1,MG
SP_000456,1093,0.0,MG
SP_000456,1079,2.635,G
SP_000456,1003,1.25,G
SP_000456,1005,10.48,G
SP_000456,2047,48.5625,KCAL
SP_000456,2048,41.991125,KCAL
SP_000457,1089,0.95,MG
SP_000457,1084,1.7,G
SP_000457,1130,0.0,MG
SP_000457,1108,0.0,UG
SP_000457,1002,0.2,G
SP_000457,1003,1.24,G
SP_000457,1009,0.0,G
SP_000457,1013,0.0,G
SP_000457,1185,102.0,UG
SP_000457,1165,0.079,MG
SP_000457,1188,40.0,UG
SP_000457,1082,0.1,G
SP_000457,1184,0.0,UG
SP_000457,1079,1.8,G
SP_000457,1116,0.0,UG
SP_000457,1090,13.7,MG
SP_000457,1166,0.072,MG
SP_000457,1098,0.048,MG
SP_000457,1012,0.8,G
SP_000457,1101,0.127,MG
SP_000457,1091,30.0,MG
SP_000457,1191,9.0,UG
SP_000457,1127,0.01,MG
SP_000457,1075,0.0,G
SP_000457,1117,0.0,UG
SP_000457,1122,0.0,UG
SP_000457,1007,0.55,G
SP_000457,1050,3.0,G
SP_000457,1131,0.0,MG
SP_000457,1063,1.19,G
SP_000457,1192,5.0,UG
SP_000457,1106,436.0,UG
SP_000457,1214,0.064,G
SP_000457,1213,0.076,G
SP_000457,1217,0.066,G
SP_000457,1107,5230.0,UG
SP_000457,1219,0.055,G
SP_000457,1226,0.045,G
SP_000457,1212,0.045,G
SP_000457,1223,0.14,G
SP_000457,1109,0.14,MG
SP_000457,1225,0.049,G
SP_000457,1010,0.0,G
SP_000457,1087,35.0,MG
SP_000457,1092,253.0,MG
SP_000457,1051,94.7,G
SP_000457,1004,0.26,G
SP_000457,1211,0.044,G
SP_000457,1103,0.4,UG
SP_000457,1005,3.24,G
SP_000457,1177,50.0,UG
SP_000457,1167,0.323,MG
SP_000457,1128,0.03,MG
SP_000457,1227,0.05,G
SP_000457,1218,0.024,G
SP_000457,1162,4.6,MG
SP_000457,1170,0.145,MG
SP_000457,1175,0.078,MG
SP_000457,1123,2310.0,UG
SP_000457,1224,0.179,G
SP_000457,1008,17.0,KCAL
SP_000457,1222,0.056,G
SP_000457,1126,0.32,MG
SP_000457,1129,0.0,MG
SP_000457,1120,0.0,UG
SP_000457,1125,0.0,MG
SP_000457,1215,0.014,G
SP_000457,1221,0.021,G
SP_000457,1011,0.39,G
SP_000457,1014,0.0,G
SP_000457,1210,0.011,G
SP_000457,1062,70.0,kJ
SP_000457,1220,0.054,G
SP_000457,1216,0.006,G
SP_000457,1095,0.25,MG
SP_000457,2047,20.0,KCAL
SP_000457,2048,17.0,KCAL
SP_000460,1260,0.0,G
SP_000460,1005,0.2,G
SP_000460,1262,0.0,G
SP_000460,1170,0.011,MG
SP_000460,1003,0.0,G
SP_000460,1122,0.0,UG
SP_000460,1167,0.0,MG
SP_000460,1062,4.0,kJ
SP_000460,1242,0.0,MG
SP_000460,1279,0.0,G
SP_000460,1292,0.001,G
SP_000460,1257,0.0,G
SP_000460,1058,0.0,MG
SP_000460,1051,99.7,G
SP_000460,1008,1.0,KCAL
SP_000460,1180,0.0,MG
SP_000460,1185,0.0,UG
SP_000460,1101,0.044,MG
SP_000460,1103,0.0,UG
SP_000460,1092,9.0,MG
SP_000460,1259,0.0,G
SP_000460,1280,0.0,G
SP_000460,1004,0.0,G
SP_000460,1246,0.0,UG
SP_000460,1090,1.0,MG
SP_000460,1109,0.0,MG
SP_000460,1293,0.005,G
SP_000460,1178,0.0,UG
SP_000460,1098,0.015,MG
SP_000460,1258,0.002,G
SP_000460,1105,0.0,UG
SP_000460,1269,0.002,G
SP_000460,1162,0.0,MG
SP_000460,1186,0.0,UG
SP_000460,1278,0.0,G
SP_000460,1087,2.0,MG
SP_000460,1123,0.0,UG
SP_000460,1175,0.0,MG
SP_000460,2000,0.0,G
SP_000460,1079,0.0,G
SP_000460,1106,1.0,UG
SP_000460,1114,0.0,UG
SP_000460,1165,0.01,MG
SP_000460,1107,12.0,UG
SP_000460,1275,0.0,G
SP_000460,1265,0.002,G
SP_000460,1091,0.0,MG
SP_000460,1166,0.004,MG
SP_000460,1018,0.0,G
SP_000460,1266,0.0,G
SP_000460,1253,0.0,MG
SP_000460,1271,0.0,G
SP_000460,1264,0.0,G
SP_000460,1108,0.0,UG
SP_000460,1261,0.0,G
SP_000460,1110,0.0,IU
SP_000460,1104,20.0,IU
SP_000460,1263,0.0,G
SP_000460,1057,0.0,MG
SP_000460,1276,0.0,G
SP_000460,1187,1.0,UG
SP_000460,1177,1.0,UG
SP_000460,1093,1.0,MG
SP_000460,1089,0.08,MG
SP_000460,1270,0.003,G
SP_000460,1190,1.0,UG
SP_000460,1120,0.0,UG
SP_000460,1277,0.0,G
SP_000460,1272,0.0,G
SP_000460,1268,0.001,G
SP_000460,1007,0.01,G
SP_000460,1095,0.04,MG
