pathway_id,name,database
GO:0044208,'de novo' AMP biosynthetic process,go
GO:0006189,'de novo' IMP biosynthetic process,go
GO:0034354,'de novo' NAD+ biosynthetic process from L-tryptophan,go
GO:0044205,'de novo' UMP biosynthetic process,go
GO:0097294,'de novo' XMP biosynthetic process,go
GO:0006458,'de novo' protein folding,go
GO:0006207,'de novo' pyrimidine nucleobase biosynthetic process,go
GO:0070935,3'-UTR-mediated mRNA stabilization,go
GO:0050427,3'-phosphoadenosine 5'-phosphosulfate metabolic process,go
GO:0018960,4-nitrophenol metabolic process,go
GO:0042904,9-cis-retinoic acid biosynthetic process,go
GO:0046032,ADP catabolic process,go
GO:0046031,ADP metabolic process,go
GO:0140970,AIM2 inflammasome complex assembly,go
GO:0006196,AMP catabolic process,go
GO:0044209,AMP salvage,go
GO:0097113,AMPA glutamate receptor clustering,go
GO:0098990,AMPA selective glutamate receptor signaling pathway,go
GO:0036500,ATF6-mediated unfolded protein response,go
GO:0046034,ATP metabolic process,go
GO:0086016,AV node cell action potential,go
GO:0086067,AV node cell to bundle of His cell communication,go
GO:0086027,AV node cell to bundle of His cell signaling,go
GO:0042113,B cell activation,go
GO:0002312,B cell activation involved in immune response,go
GO:0030183,B cell differentiation,go
GO:0042100,B cell proliferation,go
GO:0050853,B cell receptor signaling pathway,go
GO:0030509,BMP signaling pathway,go
GO:0006700,C21-steroid hormone biosynthetic process,go
GO:0080120,CAAX-box protein maturation,go
GO:0160162,CD27 signaling pathway,go
GO:0055130,D-alanine catabolic process,go
GO:0019478,D-amino acid catabolic process,go
GO:0046416,D-amino acid metabolic process,go
GO:0019521,D-gluconate metabolic process,go
GO:0098708,D-glucose import across plasma membrane,go
GO:1904659,D-glucose transmembrane transport,go
GO:0036088,D-serine catabolic process,go
GO:0070178,D-serine metabolic process,go
GO:0071897,DNA biosynthetic process,go
GO:0000077,DNA damage checkpoint signaling,go
GO:0006974,DNA damage response,go
GO:0030330,"DNA damage response, signal transduction by p53 class mediator",go
GO:0006301,DNA damage tolerance,go
GO:0000729,DNA double-strand break processing,go
GO:0010792,DNA double-strand break processing involved in repair via single-strand annealing,go
GO:0032392,DNA geometric change,go
GO:0006259,DNA metabolic process,go
GO:0006346,DNA methylation-dependent constitutive heterochromatin formation,go
GO:0042262,DNA protection,go
GO:0000730,DNA recombinase assembly,go
GO:0006310,DNA recombination,go
GO:0006281,DNA repair,go
GO:0140861,DNA repair-dependent chromatin remodeling,go
GO:0006260,DNA replication,go
GO:0006270,DNA replication initiation,go
GO:0045004,DNA replication proofreading,go
GO:0006269,"DNA replication, synthesis of primer",go
GO:0022616,DNA strand elongation,go
GO:0006271,DNA strand elongation involved in DNA replication,go
GO:0042148,DNA strand invasion,go
GO:0000731,DNA synthesis involved in DNA repair,go
GO:0006265,DNA topological change,go
GO:0006261,DNA-templated DNA replication,go
GO:0006351,DNA-templated transcription,go
GO:0006353,DNA-templated transcription termination,go
GO:0006983,ER overload response,go
GO:0036503,ERAD pathway,go
GO:0038127,ERBB signaling pathway,go
GO:0038128,ERBB2 signaling pathway,go
GO:0038134,ERBB2-EGFR signaling pathway,go
GO:0038133,ERBB2-ERBB3 signaling pathway,go
GO:0070371,ERK1 and ERK2 cascade,go
GO:0038093,Fc receptor signaling pathway,go
GO:0038095,Fc-epsilon receptor signaling pathway,go
GO:0038094,Fc-gamma receptor signaling pathway,go
GO:0038096,Fc-gamma receptor signaling pathway involved in phagocytosis,go
GO:0007213,G protein-coupled acetylcholine receptor signaling pathway,go
GO:0001973,G protein-coupled adenosine receptor signaling pathway,go
GO:0007216,G protein-coupled glutamate receptor signaling pathway,go
GO:0038003,G protein-coupled opioid receptor signaling pathway,go
GO:0035589,G protein-coupled purinergic nucleotide receptor signaling pathway,go
GO:0002031,G protein-coupled receptor internalization,go
GO:0007186,G protein-coupled receptor signaling pathway,go
GO:0007187,"G protein-coupled receptor signaling pathway, coupled to cyclic nucleotide second messenger",go
GO:0098664,G protein-coupled serotonin receptor signaling pathway,go
GO:0045023,G0 to G1 transition,go
GO:0000082,G1/S transition of mitotic cell cycle,go
GO:0000086,G2/M transition of mitotic cell cycle,go
GO:0006177,GMP biosynthetic process,go
GO:0046038,GMP catabolic process,go
GO:0090166,Golgi disassembly,go
GO:0048313,Golgi inheritance,go
GO:0007030,Golgi organization,go
GO:0090161,Golgi ribbon formation,go
GO:0006895,Golgi to endosome transport,go
GO:0090160,Golgi to lysosome transport,go
GO:0006204,IMP catabolic process,go
GO:0036498,IRE1-mediated unfolded protein response,go
GO:0007254,JNK cascade,go
GO:0038109,Kit signaling pathway,go
GO:1902475,L-alpha-amino acid transmembrane transport,go
GO:0170035,L-amino acid catabolic process,go
GO:0006527,L-arginine catabolic process,go
GO:0097638,L-arginine import across plasma membrane,go
GO:0042355,L-fucose catabolic process,go
GO:0006562,L-proline catabolic process,go
GO:0006569,L-tryptophan catabolic process,go
GO:0019441,L-tryptophan catabolic process to L-kynurenine,go
GO:0019442,L-tryptophan catabolic process to acetyl-CoA,go
GO:0000165,MAPK cascade,go
GO:0006474,N-terminal protein amino acid acetylation,go
GO:0019674,NAD+ metabolic process,go
GO:0006741,NADP+ biosynthetic process,go
GO:0006739,NADP+ metabolic process,go
GO:0051132,NK T cell activation,go
GO:0097114,NMDA glutamate receptor clustering,go
GO:0098989,NMDA selective glutamate receptor signaling pathway,go
GO:0007219,Notch signaling pathway,go
GO:1902616,O-acyl-L-carnitine transmembrane transport,go
GO:0036499,PERK-mediated unfolded protein response,go
GO:0048541,Peyer's patch development,go
R-HSA-1059683,Interleukin-6 signaling,reactome
R-HSA-109704,PI3K Cascade,reactome
R-HSA-110056,MAPK3 (ERK1) activation,reactome
R-HSA-110320,Translesion Synthesis by POLH,reactome
R-HSA-110362,POLB-Dependent Long Patch Base Excision Repair,reactome
R-HSA-110373,Resolution of AP sites via the multiple-nucleotide patch replacement pathway,reactome
R-HSA-110381,Resolution of AP sites via the single-nucleotide replacement pathway,reactome
R-HSA-111447,Activation of BAD and translocation to mitochondria ,reactome
R-HSA-111453,BH3-only proteins associate with and inactivate anti-apoptotic BCL-2 members,reactome
R-HSA-111458,Formation of apoptosome,reactome
R-HSA-111459,Activation of caspases through apoptosome-mediated cleavage,reactome
R-HSA-111463,SMAC (DIABLO) binds to IAPs ,reactome
R-HSA-111464,SMAC(DIABLO)-mediated dissociation of IAP:caspase complexes ,reactome
R-HSA-111465,Apoptotic cleavage of cellular proteins,reactome
R-HSA-111469,"SMAC, XIAP-regulated apoptotic response",reactome
R-HSA-111885,Opioid Signalling,reactome
R-HSA-111931,PKA-mediated phosphorylation of CREB,reactome
R-HSA-111933,Calmodulin induced events,reactome
R-HSA-111995,phospho-PLA2 pathway,reactome
R-HSA-112043,PLC beta mediated events,reactome
R-HSA-112308,Presynaptic depolarization and calcium channel opening,reactome
R-HSA-112311,Neurotransmitter clearance,reactome
R-HSA-112314,Neurotransmitter receptors and postsynaptic signal transmission,reactome
R-HSA-112382,Formation of RNA Pol II elongation complex ,reactome
R-HSA-112399,IRS-mediated signalling,reactome
R-HSA-112409,RAF-independent MAPK1/3 activation,reactome
R-HSA-112411,MAPK1 (ERK2) activation,reactome
R-HSA-113501,Inhibition of replication initiation of damaged DNA by RB1/E2F1,reactome
R-HSA-113507,E2F-enabled inhibition of pre-replication complex formation,reactome
R-HSA-114508,Effects of PIP2 hydrolysis,reactome
R-HSA-114516,Disinhibition of SNARE formation,reactome
R-HSA-114604,GPVI-mediated activation cascade,reactome
R-HSA-114608,Platelet degranulation ,reactome
R-HSA-1169408,ISG15 antiviral mechanism,reactome
R-HSA-1181150,Signaling by NODAL,reactome
R-HSA-1221632,Meiotic synapsis,reactome
R-HSA-1227986,Signaling by ERBB2,reactome
R-HSA-1234158,Regulation of gene expression by Hypoxia-inducible Factor,reactome
R-HSA-1234174,Cellular response to hypoxia,reactome
R-HSA-1234176,Oxygen-dependent proline hydroxylation of Hypoxia-inducible Factor Alpha,reactome
R-HSA-1236382,Constitutive Signaling by Ligand-Responsive EGFR Cancer Variants,reactome
R-HSA-1236394,Signaling by ERBB4,reactome
R-HSA-1236974,ER-Phagosome pathway,reactome
R-HSA-1236977,Endosomal/Vacuolar pathway,reactome
R-HSA-1237044,Erythrocytes take up carbon dioxide and release oxygen,reactome
R-HSA-1247673,Erythrocytes take up oxygen and release carbon dioxide,reactome
R-HSA-1250196,SHC1 events in ERBB2 signaling,reactome
R-HSA-1250342,PI3K events in ERBB4 signaling,reactome
R-HSA-1251932,PLCG1 events in ERBB2 signaling,reactome
R-HSA-1251985,Nuclear signaling by ERBB4,reactome
R-HSA-1253288,Downregulation of ERBB4 signaling,reactome
R-HSA-1257604,PIP3 activates AKT signaling,reactome
R-HSA-1295596,Spry regulation of FGF signaling,reactome
R-HSA-1295596 [P12931-1],R-HSA-1295596 [P12931-1],reactome
R-HSA-1296052,Ca2+ activated K+ channels,reactome
R-HSA-1299503,TWIK related potassium channel (TREK),reactome
R-HSA-1307965,betaKlotho-mediated ligand binding,reactome
R-HSA-1358803,Downregulation of ERBB2:ERBB3 signaling,reactome
R-HSA-1362277,Transcription of E2F targets under negative control by DREAM complex,reactome
R-HSA-1362300,Transcription of E2F targets under negative control by p107 (RBL1) and p130 (RBL2) in complex with HDAC1,reactome
R-HSA-1368108,"BMAL1:CLOCK,NPAS2 activates circadian expression",reactome
R-HSA-139853,Elevation of cytosolic Ca2+ levels,reactome
R-HSA-140180,COX reactions,reactome
R-HSA-140342,Apoptosis induced DNA fragmentation,reactome
R-HSA-140534,Caspase activation via Death Receptors in the presence of ligand,reactome
R-HSA-140834,Extrinsic Pathway of Fibrin Clot Formation,reactome
R-HSA-140837,Intrinsic Pathway of Fibrin Clot Formation,reactome
R-HSA-140875,Common Pathway of Fibrin Clot Formation,reactome
R-HSA-141333,Biogenic amines are oxidatively deaminated to aldehydes by MAOA and MAOB,reactome
R-HSA-141444,Amplification  of signal from unattached  kinetochores via a MAD2  inhibitory signal,reactome
R-HSA-1433557,Signaling by SCF-KIT,reactome
R-HSA-1433557 [P12931-1],R-HSA-1433557 [P12931-1],reactome
R-HSA-1433559,Regulation of KIT signaling,reactome
R-HSA-1433559 [P12931-1],R-HSA-1433559 [P12931-1],reactome
R-HSA-1442490,Collagen degradation,reactome
R-HSA-1445148,Translocation of SLC2A4 (GLUT4) to the plasma membrane,reactome
R-HSA-1474151,"Tetrahydrobiopterin (BH4) synthesis, recycling, salvage and regulation",reactome
R-HSA-1474228,Degradation of the extracellular matrix,reactome
R-HSA-1475029,Reversible hydration of carbon dioxide,reactome
R-HSA-1483191,Synthesis of PC,reactome
R-HSA-1489509,DAG and IP3 signaling,reactome
R-HSA-1502540,Signaling by Activin,reactome
R-HSA-1538133,G0 and Early G1,reactome
R-HSA-156581,Methylation,reactome
R-HSA-156582,Acetylation,reactome
R-HSA-156584,Cytosolic sulfonation of small molecules,reactome
R-HSA-156588,Glucuronidation,reactome
R-HSA-156590,Glutathione conjugation,reactome
R-HSA-1566948,Elastic fibre formation,reactome
R-HSA-156711,Polo-like kinase mediated events,reactome
R-HSA-156827,L13a-mediated translational silencing of Ceruloplasmin expression,reactome
R-HSA-156902,Peptide chain elongation,reactome
R-HSA-1592389,Activation of Matrix Metalloproteinases,reactome
R-HSA-159418,Recycling of bile acids and salts,reactome
R-HSA-159740,Gamma-carboxylation of protein precursors,reactome
R-HSA-159763,Transport of gamma-carboxylated protein precursors from the endoplasmic reticulum to the Golgi apparatus,reactome
R-HSA-159782,Removal of aminoterminal propeptides from gamma-carboxylated proteins,reactome
R-HSA-1614517,Sulfide oxidation to sulfate,reactome
R-HSA-1614558,Degradation of cysteine and homocysteine,reactome
R-HSA-162658,Golgi Cisternae Pericentriolar Stack Reorganization,reactome
R-HSA-1632852,Macroautophagy,reactome
R-HSA-163358,PKA-mediated phosphorylation of key metabolic factors,reactome
R-HSA-163560,Triglyceride catabolism,reactome
R-HSA-163615,PKA activation,reactome
R-HSA-163680,AMPK inhibits chREBP transcriptional activation activity,reactome
R-HSA-163765 [P30613-1],R-HSA-163765 [P30613-1],reactome
R-HSA-164378,PKA activation in glucagon signalling,reactome
R-HSA-164944,Nef and signal transduction,reactome
R-HSA-165054,Rev-mediated nuclear export of HIV RNA,reactome
R-HSA-1650814,Collagen biosynthesis and modifying enzymes,reactome
R-HSA-165159,MTOR signalling,reactome
R-HSA-165160,PDE3B signalling,reactome
R-HSA-166016,Toll Like Receptor 4 (TLR4) Cascade,reactome
R-HSA-1660499,Synthesis of PIPs at the plasma membrane,reactome
R-HSA-166058,MyD88:MAL(TIRAP) cascade initiated on plasma membrane,reactome
R-HSA-1660661,Sphingolipid de novo biosynthesis,reactome
R-HSA-166208,mTORC1-mediated signalling,reactome
R-HSA-167152,Formation of HIV elongation complex in the absence of HIV Tat,reactome
R-HSA-167200,Formation of HIV-1 elongation complex containing HIV-1 Tat,reactome
R-HSA-167238,Pausing and recovery of Tat-mediated HIV elongation,reactome
R-HSA-167243,Tat-mediated HIV elongation arrest and recovery,reactome
R-HSA-167246,Tat-mediated elongation of the HIV-1 transcript,reactome
R-HSA-167287,HIV elongation arrest and recovery,reactome
R-HSA-167290,Pausing and recovery of HIV elongation,reactome
R-HSA-167590,Nef Mediated CD4 Down-regulation,reactome
R-HSA-1679131,Trafficking and processing of endosomal TLR,reactome
R-HSA-168330,Viral RNP Complexes in the Host Cell Nucleus,reactome
R-HSA-168333,NEP/NS2 Interacts with the Cellular Export Machinery,reactome
R-HSA-168638,NOD1/2 Signaling Pathway,reactome
R-HSA-170968,Frs2-mediated activation,reactome
R-HSA-171007,p38MAPK events,reactome
R-HSA-171007 [P12931-1],R-HSA-171007 [P12931-1],reactome
R-HSA-171319,Telomere Extension By Telomerase,reactome
R-HSA-174048,APC/C:Cdc20 mediated degradation of Cyclin B,reactome
R-HSA-174178,APC/C:Cdh1 mediated degradation of Cdc20 and other APC/C:Cdh1 targeted proteins in late mitosis/early G1,reactome
R-HSA-174184,Cdc20:Phospho-APC/C mediated degradation of Cyclin A,reactome
R-HSA-174411,Polymerase switching on the C-strand of the telomere,reactome
R-HSA-174430,Telomere C-strand synthesis initiation,reactome
R-HSA-176187,Activation of ATR in response to replication stress,reactome
R-HSA-176408,Regulation of APC/C activators between G1/S and early anaphase,reactome
R-HSA-176412,Phosphorylation of the APC/C,reactome
R-HSA-176417,Phosphorylation of Emi1,reactome
R-HSA-177504,Retrograde neurotrophin signalling,reactome
R-HSA-177929,Signaling by EGFR,reactome
R-HSA-177929 [P12931-1],R-HSA-177929 [P12931-1],reactome
R-HSA-179812,GRB2 events in EGFR signaling,reactome
R-HSA-1799339,SRP-dependent cotranslational protein targeting to membrane,reactome
R-HSA-180024,DARPP-32 events,reactome
R-HSA-180292,GAB1 signalosome,reactome
R-HSA-180336,SHC1 events in EGFR signaling,reactome
R-HSA-180585,Vif-mediated degradation of APOBEC3G,reactome
R-HSA-181430,Norepinephrine Neurotransmitter Release Cycle,reactome
R-HSA-182971,EGFR downregulation,reactome
R-HSA-1834941,STING mediated induction of host immune responses,reactome
R-HSA-1839117,Signaling by cytosolic FGFR1 fusion mutants,reactome
R-HSA-1839128,FGFR4 mutant receptor activation,reactome
R-HSA-1855191,Synthesis of IPs in the nucleus,reactome
R-HSA-186763,Downstream signal transduction,reactome
R-HSA-187024,NGF-independant TRKA activation,reactome
R-HSA-189451,Heme biosynthesis,reactome
R-HSA-189483,Heme degradation,reactome
R-HSA-189483 [O94956-3],R-HSA-189483 [O94956-3],reactome
R-HSA-190322,FGFR4 ligand binding and activation,reactome
R-HSA-190840,Microtubule-dependent trafficking of connexons from Golgi to the plasma membrane,reactome
R-HSA-190861,Gap junction assembly,reactome
R-HSA-190873,Gap junction degradation,reactome
R-HSA-1912408,Pre-NOTCH Transcription and Translation,reactome
R-HSA-191650 [P12931-2],R-HSA-191650 [P12931-2],reactome
R-HSA-191859,snRNP Assembly,reactome
R-HSA-192105,Synthesis of bile acids and bile salts,reactome
R-HSA-192456,Digestion of dietary lipid,reactome
R-HSA-192823,Viral mRNA Translation,reactome
R-HSA-193048,Androgen biosynthesis,reactome
R-HSA-193144,Estrogen biosynthesis,reactome
R-HSA-193368,Synthesis of bile acids and bile salts via 7alpha-hydroxycholesterol,reactome
R-HSA-193648,NRAGE signals death through JNK,reactome
R-HSA-193670,p75NTR negatively regulates cell cycle via SC1,reactome
R-HSA-193775,Synthesis of bile acids and bile salts via 24-hydroxycholesterol,reactome
R-HSA-193807,Synthesis of bile acids and bile salts via 27-hydroxycholesterol,reactome
R-HSA-194002,Glucocorticoid biosynthesis,reactome
R-HSA-194306,Neurophilin interactions with VEGF and VEGFR,reactome
R-HSA-195253,Degradation of beta-catenin by the destruction complex,reactome
R-HSA-195399,VEGF binds to VEGFR leading to receptor dimerization,reactome
R-HSA-196025,Formation of annular gap junctions,reactome
R-HSA-196108,Pregnenolone biosynthesis,reactome
R-HSA-196299,Beta-catenin phosphorylation cascade,reactome
R-HSA-1963640,GRB2 events in ERBB2 signaling,reactome
R-HSA-1963642,PI3K events in ERBB2 signaling,reactome
R-HSA-196757,Metabolism of folate and pterines,reactome
R-HSA-196791,Vitamin D (calciferol) metabolism,reactome
R-HSA-196807,Nicotinate metabolism,reactome
R-HSA-196843,Vitamin B2 (riboflavin) metabolism,reactome
R-HSA-198203,PI3K/AKT activation,reactome
R-HSA-198323,AKT phosphorylates targets in the cytosol,reactome
R-HSA-198693,AKT phosphorylates targets in the nucleus,reactome
R-HSA-198753,ERK/MAPK targets,reactome
R-HSA-198933,Immunoregulatory interactions between a Lymphoid and a non-Lymphoid cell,reactome
R-HSA-1989781,PPARA activates gene expression,reactome
R-HSA-1989781 [P04035-1],R-HSA-1989781 [P04035-1],reactome
R-HSA-199220,Vitamin B5 (pantothenate) metabolism,reactome
R-HSA-199418,Negative regulation of the PI3K/AKT network,reactome
R-HSA-199920,CREB phosphorylation,reactome
R-HSA-200425,Carnitine shuttle,reactome
R-HSA-201556,Signaling by ALK,reactome
R-HSA-201556 [P12931-1],R-HSA-201556 [P12931-1],reactome
R-HSA-201681,TCF dependent signaling in response to WNT,reactome
R-HSA-201688,WNT mediated activation of DVL,reactome
R-HSA-201722,Formation of the beta-catenin:TCF transactivating complex,reactome
R-HSA-202040,G-protein activation,reactome
R-HSA-2022090,Assembly of collagen fibrils and other multimeric structures,reactome
R-HSA-2022377,Metabolism of Angiotensinogen to Angiotensins,reactome
R-HSA-202424,Downstream TCR signaling,reactome
R-HSA-202427,Phosphorylation of CD3 and TCR zeta chains,reactome
R-HSA-202430,Translocation of ZAP-70 to Immunological synapse,reactome
R-HSA-202433,Generation of second messenger molecules,reactome
R-HSA-2025928,Calcineurin activates NFAT,reactome
R-HSA-202670,ERKs are inactivated,reactome
R-HSA-202733,Cell surface interactions at the vascular wall,reactome
R-HSA-2028269,Signaling by Hippo,reactome
R-HSA-2029481,FCGR activation,reactome
R-HSA-2029481 [P12931-1],R-HSA-2029481 [P12931-1],reactome
R-HSA-2029482,Regulation of actin dynamics for phagocytic cup formation,reactome
R-HSA-2029485,Role of phospholipids in phagocytosis,reactome
R-HSA-203615,eNOS activation,reactome
R-HSA-205025,NADE modulates death signalling,reactome
R-HSA-210744,Regulation of gene expression in late stage (branching morphogenesis) pancreatic bud precursor cells,reactome
R-HSA-210745 [P30613-2],R-HSA-210745 [P30613-2],reactome
R-HSA-210747 [O00482-1],R-HSA-210747 [O00482-1],reactome
R-HSA-210990,PECAM1 interactions,reactome
R-HSA-210990 [P12931-1],R-HSA-210990 [P12931-1],reactome
R-HSA-210991,Basigin interactions,reactome
R-HSA-210993,Tie2 Signaling,reactome
R-HSA-211163,AKT-mediated inactivation of FOXO1A,reactome
R-HSA-211736,Stimulation of the cell death response by PAK-2p34,reactome
R-HSA-211935,Fatty acids,reactome
R-HSA-211945,Phase I - Functionalization of compounds,reactome
R-HSA-211957,Aromatic amines can be N-hydroxylated or N-dealkylated by CYP1A2,reactome
R-HSA-211958,Miscellaneous substrates,reactome
R-HSA-211976,Endogenous sterols,reactome
R-HSA-211979,Eicosanoids,reactome
R-HSA-211981,Xenobiotics,reactome
R-HSA-211999,CYP2E1 reactions,reactome
R-HSA-2122947,NOTCH1 Intracellular Domain Regulates Transcription,reactome
R-HSA-212300,PRC2 methylates histones and DNA,reactome
R-HSA-212436,Generic Transcription Pathway,reactome
R-HSA-212718,EGFR interacts with phospholipase C-gamma,reactome
R-HSA-2132295,MHC class II antigen presentation,reactome
R-HSA-2142670,Synthesis of epoxy (EET) and dihydroxyeicosatrienoic acids (DHET),reactome
R-HSA-2142688,Synthesis of 5-eicosatetraenoic acids,reactome
R-HSA-2142691,Synthesis of Leukotrienes (LT) and Eoxins (EX),reactome
R-HSA-2142696,Synthesis of Hepoxilins (HX) and Trioxilins (TrX),reactome
R-HSA-2142700,Biosynthesis of Lipoxins (LX),reactome
R-HSA-2142712,Synthesis of 12-eicosatetraenoic acid derivatives,reactome
R-HSA-2142753,Arachidonate metabolism,reactome
R-HSA-2142770,Synthesis of 15-eicosatetraenoic acid derivatives,reactome
R-HSA-2142816,Synthesis of (16-20)-hydroxyeicosatetraenoic acids (HETE),reactome
R-HSA-2151201,Transcriptional activation of mitochondrial biogenesis,reactome
R-HSA-2151209,Activation of PPARGC1A (PGC-1alpha) by phosphorylation,reactome
R-HSA-216083,Integrin cell surface interactions,reactome
R-HSA-2161517,Abacavir transmembrane transport,reactome
R-HSA-2161541,Abacavir metabolism,reactome
R-HSA-2162123,Synthesis of Prostaglandins (PG) and Thromboxanes (TX),reactome
R-HSA-2168880,Scavenging of heme from plasma,reactome
R-HSA-2173788,Downregulation of TGF-beta receptor signaling,reactome
R-HSA-2173789,TGF-beta receptor signaling activates SMADs,reactome
R-HSA-2173791,TGF-beta receptor signaling in EMT (epithelial to mesenchymal transition),reactome
R-HSA-2173795,Downregulation of SMAD2/3:SMAD4 transcriptional activity,reactome
R-HSA-2173795 [P42224-1],R-HSA-2173795 [P42224-1],reactome
R-HSA-2173796,SMAD2/SMAD3:SMAD4 heterotrimer regulates transcription,reactome
R-HSA-2179392,EGFR Transactivation by Gastrin,reactome
R-HSA-2197563,NOTCH2 intracellular domain regulates transcription,reactome
R-HSA-2219530,Constitutive Signaling by Aberrant PI3K in Cancer,reactome
R-HSA-2243919,Crosslinking of collagen fibrils,reactome
R-HSA-2299718,Condensation of Prophase Chromosomes,reactome
R-HSA-2393930,Phosphate bond hydrolysis by NUDT proteins,reactome
R-HSA-2404192,Signaling by Type 1 Insulin-like Growth Factor 1 Receptor (IGF1R),reactome
R-HSA-2408557,Selenocysteine synthesis,reactome
R-HSA-2424491,DAP12 signaling,reactome
R-HSA-2426168,Activation of gene expression by SREBF (SREBP),reactome
R-HSA-2426168 [P04035-1],R-HSA-2426168 [P04035-1],reactome
R-HSA-2428928,IRS-related events triggered by IGF1R,reactome
R-HSA-2428933,SHC-related events triggered by IGF1R,reactome
R-HSA-2453902,The canonical retinoid cycle in rods (twilight vision),reactome
R-HSA-2465910,MASTL Facilitates Mitotic Progression,reactome
R-HSA-2467813,Separation of Sister Chromatids,reactome
R-HSA-2467813 [Q9BY41-1],R-HSA-2467813 [Q9BY41-1],reactome
R-HSA-2500257,Resolution of Sister Chromatid Cohesion,reactome
R-HSA-2500257 [Q9BY41-1],R-HSA-2500257 [Q9BY41-1],reactome
R-HSA-2514853,Condensation of Prometaphase Chromosomes,reactome
R-HSA-2514859,"Inactivation, recovery and regulation of the phototransduction cascade",reactome
R-HSA-2559580,Oxidative Stress Induced Senescence,reactome
R-HSA-2559582,Senescence-Associated Secretory Phenotype (SASP),reactome
R-HSA-2559585,Oncogene Induced Senescence,reactome
R-HSA-2559586,DNA Damage/Telomere Stress Induced Senescence,reactome
R-HSA-2562578,TRIF-mediated programmed cell death,reactome
R-HSA-2565942,Regulation of PLK1 Activity at G2/M Transition,reactome
R-HSA-2644606,Constitutive Signaling by NOTCH1 PEST Domain Mutants,reactome
R-HSA-264870,Caspase-mediated cleavage of cytoskeletal proteins,reactome
R-HSA-264876,Insulin processing,reactome
R-HSA-2672351,Stimuli-sensing channels,reactome
R-HSA-2682334,EPH-Ephrin signaling,reactome
R-HSA-2682334 [P12931-1],R-HSA-2682334 [P12931-1],reactome
R-HSA-2730905,Role of LAT2/NTAL/LAB on calcium mobilization,reactome
R-HSA-2871796,FCERI mediated MAPK activation,reactome
R-HSA-2871809,FCERI mediated Ca+2 mobilization,reactome
R-HSA-2894862,Constitutive Signaling by NOTCH1 HD+PEST Domain Mutants,reactome
R-HSA-2980767,"Activation of NIMA Kinases NEK9, NEK6, NEK7",reactome
R-HSA-2995383,Initiation of Nuclear Envelope (NE) Reformation,reactome
R-HSA-3000170,Syndecan interactions,reactome
R-HSA-3000171,Non-integrin membrane-ECM interactions,reactome
R-HSA-3000178,ECM proteoglycans,reactome
R-HSA-3000471,Scavenging by Class B Receptors,reactome
R-HSA-3000480,Scavenging by Class A Receptors,reactome
R-HSA-3065676,SUMO is conjugated to E1 (UBA2:SAE1),reactome
R-HSA-3065678,"SUMO is transferred from E1 to E2 (UBE2I, UBC9)",reactome
R-HSA-3065679,SUMO is proteolytically processed,reactome
R-HSA-3108214,SUMOylation of DNA damage response and repair proteins,reactome
R-HSA-3134973,LRR FLII-interacting protein 1 (LRRFIP1) activates type I IFN production,reactome
R-HSA-3214815,HDACs deacetylate histones,reactome
R-HSA-3214841,PKMTs methylate histone lysines,reactome
R-HSA-3214842,HDMs demethylate histones,reactome
R-HSA-3214847,HATs acetylate histones,reactome
R-HSA-3214858,RMTs methylate histone arginines,reactome
R-HSA-3247509,Chromatin modifying enzymes,reactome
R-HSA-3295583,TRP channels,reactome
R-HSA-3296197,Hydroxycarboxylic acid-binding receptors,reactome
R-HSA-3299685,Detoxification of Reactive Oxygen Species,reactome
R-HSA-3301854,Nuclear Pore Complex (NPC) Disassembly,reactome
R-HSA-3304356,SMAD2/3 Phosphorylation Motif Mutants in Cancer,reactome
R-HSA-3311021,SMAD4 MH2 Domain Mutants in Cancer,reactome
R-HSA-3315487,SMAD2/3 MH2 Domain Mutants in Cancer,reactome
R-HSA-3371378,Regulation by c-FLIP,reactome
R-HSA-3371453,Regulation of HSF1-mediated heat shock response,reactome
R-HSA-3371497,HSP90 chaperone cycle for steroid hormone receptors (SHR) in the presence of ligand,reactome
R-HSA-3371511,HSF1 activation,reactome
R-HSA-3371568,Attenuation phase,reactome
R-HSA-3371571,HSF1-dependent transactivation,reactome
R-HSA-349425,Autodegradation of the E3 ubiquitin ligase COP1,reactome
R-HSA-350054,Notch-HLH transcription pathway,reactome
R-HSA-350562,Regulation of ornithine decarboxylase (ODC),reactome
R-HSA-351906,Apoptotic cleavage of cell adhesion  proteins,reactome
R-HSA-352230,Amino acid transport across the plasma membrane,reactome
R-HSA-354192,Integrin signaling,reactome
R-HSA-354194,GRB2:SOS provides linkage to MAPK signaling for Integrins ,reactome
R-HSA-3656532,TGFBR1 KD Mutants in Cancer,reactome
R-HSA-3656535,TGFBR1 LBD Mutants in Cancer,reactome
R-HSA-372708,p130Cas linkage to MAPK signaling for integrins,reactome
R-HSA-373076,Class A/1 (Rhodopsin-like receptors),reactome
R-HSA-373753,Nephrin family interactions,reactome
R-HSA-375165,NCAM signaling for neurite out-growth,reactome
R-HSA-375165 [P12931-1],R-HSA-375165 [P12931-1],reactome
R-HSA-375276,Peptide ligand-binding receptors,reactome
R-HSA-375280,Amine ligand-binding receptors,reactome
R-HSA-3769402,Deactivation of the beta-catenin transactivating complex,reactome
R-HSA-3772470,Negative regulation of TCF-dependent signaling by WNT ligand antagonists,reactome
R-HSA-379397,Enzymatic degradation of dopamine by COMT,reactome
R-HSA-379398,Enzymatic degradation of Dopamine by monoamine oxidase,reactome
R-HSA-379401,Dopamine clearance from the synaptic cleft,reactome
R-HSA-380259,Loss of Nlp from mitotic centrosomes,reactome
R-HSA-380270,Recruitment of mitotic centrosome proteins and complexes,reactome
R-HSA-380284,Loss of proteins required for interphase microtubule organization from the centrosome,reactome
R-HSA-380320,Recruitment of NuMA to mitotic centrosomes,reactome
R-HSA-380612,Metabolism of serotonin,reactome
R-HSA-380615,Serotonin clearance from the synaptic cleft,reactome
R-HSA-380972,Energy dependent regulation of mTOR by LKB1-AMPK,reactome
R-HSA-381038,XBP1(S) activates chaperone genes,reactome
R-HSA-381038 [P17861-2],R-HSA-381038 [P17861-2],reactome
R-HSA-381070 [P17861-2],R-HSA-381070 [P17861-2],reactome
R-HSA-381183 [P17861-2],R-HSA-381183 [P17861-2],reactome
R-HSA-381340,Transcriptional regulation of white adipocyte differentiation,reactome
R-HSA-381426,Regulation of Insulin-like Growth Factor (IGF) transport and uptake by Insulin-like Growth Factor Binding Proteins (IGFBPs),reactome
R-HSA-381676,Glucagon-like Peptide-1 (GLP1) regulates insulin secretion,reactome
R-HSA-381771,"Synthesis, secretion, and inactivation of Glucagon-like Peptide-1 (GLP-1)",reactome
R-HSA-382556,ABC-family proteins mediated transport,reactome
R-HSA-383280,Nuclear Receptor transcription pathway,reactome
R-HSA-388479,Vasopressin-like receptors,reactome
R-HSA-388844,Receptor-type tyrosine-protein phosphatases,reactome
R-HSA-389356,Co-stimulation by CD28,reactome
R-HSA-389356 [P12931-1],R-HSA-389356 [P12931-1],reactome
R-HSA-389357,CD28 dependent PI3K/Akt signaling,reactome
R-HSA-389359,CD28 dependent Vav1 pathway,reactome
R-HSA-389513,Co-inhibition by CTLA4,reactome
R-HSA-389513 [P12931-1],R-HSA-389513 [P12931-1],reactome
R-HSA-389661,Glyoxylate metabolism and glycine degradation,reactome
R-HSA-3899300,SUMOylation of transcription cofactors,reactome
R-HSA-389948,Co-inhibition by PD-1,reactome
R-HSA-389957,Prefoldin mediated transfer of substrate  to CCT/TriC,reactome
R-HSA-389960,Formation of tubulin folding intermediates by CCT/TriC,reactome
R-HSA-389977,Post-chaperonin tubulin folding pathway,reactome
R-HSA-390471,Association of TriC/CCT with target proteins during biosynthesis,reactome
R-HSA-390648,Muscarinic acetylcholine receptors,reactome
R-HSA-390650,Histamine receptors,reactome
R-HSA-390651,Dopamine receptors,reactome
R-HSA-390666,Serotonin receptors,reactome
R-HSA-390696,Adrenoceptors,reactome
R-HSA-391160 [P12931-1],R-HSA-391160 [P12931-1],reactome
R-HSA-391903,Eicosanoid ligand-binding receptors,reactome
R-HSA-391906,Leukotriene receptors,reactome
R-HSA-391908,Prostanoid ligand receptors,reactome
R-HSA-392023,Adrenaline signalling through Alpha-2 adrenergic receptor,reactome
R-HSA-392170,ADP signalling through P2Y purinoceptor 12,reactome
R-HSA-392451,G beta:gamma signalling through PI3Kgamma,reactome
R-HSA-392517,Rap1 signalling,reactome
R-HSA-392851,Prostacyclin signalling through prostacyclin receptor,reactome
R-HSA-3928662,EPHB-mediated forward signaling,reactome
R-HSA-3928662 [P12931-1],R-HSA-3928662 [P12931-1],reactome
R-HSA-3928663,EPHA-mediated growth cone collapse,reactome
R-HSA-3928663 [P12931-1],R-HSA-3928663 [P12931-1],reactome
R-HSA-3928664,Ephrin signaling,reactome
R-HSA-3928664 [P12931-1],R-HSA-3928664 [P12931-1],reactome
R-HSA-3928665,EPH-ephrin mediated repulsion of cells,reactome
R-HSA-3928665 [P12931-1],R-HSA-3928665 [P12931-1],reactome
R-HSA-399954,Sema3A PAK dependent Axon repulsion,reactome
R-HSA-399955,SEMA3A-Plexin repulsion signaling by inhibiting Integrin adhesion,reactome
R-HSA-399956,CRMPs in Sema3A signaling,reactome
R-HSA-399997,Acetylcholine regulates insulin secretion,reactome
R-HSA-400042,"Adrenaline,noradrenaline inhibits insulin secretion",reactome
R-HSA-400206,Regulation of lipid metabolism by PPARalpha,reactome
R-HSA-400511,"Synthesis, secretion, and inactivation of Glucose-dependent Insulinotropic Polypeptide (GIP)",reactome
R-HSA-4086398,Ca2+ pathway,reactome
R-HSA-4090294,SUMOylation of intracellular receptors,reactome
R-HSA-4090294 [O00482-2],R-HSA-4090294 [O00482-2],reactome
R-HSA-4090294 [O75469-1],R-HSA-4090294 [O75469-1],reactome
R-HSA-4090294 [P10827-2],R-HSA-4090294 [P10827-2],reactome
R-HSA-4090294 [Q13133-1],R-HSA-4090294 [Q13133-1],reactome
R-HSA-4090294 [Q96RI1-2],R-HSA-4090294 [Q96RI1-2],reactome
R-HSA-416476,G alpha (q) signalling events,reactome
R-HSA-416482,G alpha (12/13) signalling events,reactome
R-HSA-416550,Sema4D mediated inhibition of cell attachment and migration,reactome
R-HSA-416993,Trafficking of GluR2-containing AMPA receptors,reactome
R-HSA-417957,P2Y receptors,reactome
R-HSA-417973,Adenosine P1 receptors,reactome
R-HSA-418346,Platelet homeostasis,reactome
R-HSA-418457,cGMP effects,reactome
R-HSA-418555,G alpha (s) signalling events,reactome
R-HSA-418592,ADP signalling through P2Y purinoceptor 1,reactome
R-HSA-418592 [P12931-1],R-HSA-418592 [P12931-1],reactome
R-HSA-418594,G alpha (i) signalling events,reactome
R-HSA-418597,G alpha (z) signalling events,reactome
R-HSA-418885,DCC mediated attractive signaling,reactome
R-HSA-418885 [P06241-1],R-HSA-418885 [P06241-1],reactome
R-HSA-418886,Netrin mediated repulsion signals,reactome
R-HSA-418889,Caspase activation via Dependence Receptors in the absence of ligand,reactome
R-HSA-418890,Role of second messengers in netrin-1 signaling,reactome
R-HSA-419037,NCAM1 interactions,reactome
R-HSA-419408,Lysosphingolipid and LPA receptors,reactome
R-HSA-420499,Class C/3 (Metabotropic glutamate/pheromone receptors),reactome
R-HSA-422085,"Synthesis, secretion, and deacylation of Ghrelin",reactome
R-HSA-422356,Regulation of insulin secretion,reactome
R-HSA-427389,ERCC6 (CSB) and EHMT2 (G9a) positively regulate rRNA expression,reactome
R-HSA-427413,NoRC negatively regulates rRNA expression,reactome
R-HSA-427975,Proton/oligopeptide cotransporters,reactome
R-HSA-428542,Regulation of commissural axon pathfinding by SLIT and ROBO,reactome
R-HSA-428930,Thromboxane signalling through TP receptor,reactome
R-HSA-430116 [P12931-1],R-HSA-430116 [P12931-1],reactome
R-HSA-432040,Vasopressin regulates renal water homeostasis via Aquaporins,reactome
R-HSA-432142,Platelet sensitization by LDL,reactome
R-HSA-432720,Lysosome Vesicle Biogenesis,reactome
R-HSA-432722,Golgi Associated Vesicle Biogenesis,reactome
R-HSA-434316,Fatty Acids bound to GPR40 (FFAR1) regulate insulin secretion,reactome
R-HSA-437239,Recycling pathway of L1,reactome
R-HSA-437239 [P12931-1],R-HSA-437239 [P12931-1],reactome
R-HSA-4419969,Depolymerization of the Nuclear Lamina,reactome
R-HSA-4420097,VEGFA-VEGFR2 Pathway,reactome
R-HSA-4420097 [P12931-1],R-HSA-4420097 [P12931-1],reactome
R-HSA-442660,SLC-mediated transport of neurotransmitters,reactome
R-HSA-442720,CREB1 phosphorylation through the activation of Adenylate Cyclase,reactome
R-HSA-442742,CREB1 phosphorylation through NMDA receptor-mediated activation of RAS signaling,reactome
R-HSA-444209,Free fatty acid receptors,reactome
R-HSA-444257,RSK activation,reactome
R-HSA-444473,Formyl peptide receptors bind formyl peptides and many other ligands,reactome
R-HSA-445095,Interaction between L1 and Ankyrins,reactome
R-HSA-445144,Signal transduction by L1,reactome
R-HSA-445355,Smooth Muscle Contraction,reactome
R-HSA-445989,TAK1-dependent IKK and NF-kappa-B activation  ,reactome
R-HSA-447041,CHL1 interactions,reactome
R-HSA-448706,Interleukin-1 processing,reactome
R-HSA-449836,Other interleukin signaling,reactome
R-HSA-450302,activated TAK1 mediates p38 MAPK activation,reactome
R-HSA-450321,JNK (c-Jun kinases) phosphorylation and  activation mediated by activated human TAK1,reactome
R-HSA-450341,Activation of the AP-1 family of transcription factors,reactome
R-HSA-450385,Butyrate Response Factor 1 (BRF1) binds and destabilizes mRNA,reactome
R-HSA-450408,AUF1 (hnRNP D0) binds and destabilizes mRNA,reactome
R-HSA-450520,HuR (ELAVL1) binds and stabilizes mRNA,reactome
R-HSA-450604,KSRP (KHSRP) binds and destabilizes mRNA,reactome
R-HSA-452723,Transcriptional regulation of pluripotent stem cells,reactome
R-HSA-4551638,SUMOylation of chromatin organization proteins,reactome
R-HSA-456926,Thrombin signalling through proteinase activated receptors (PARs),reactome
R-HSA-456926 [P12931-1],R-HSA-456926 [P12931-1],reactome
R-HSA-4615885,SUMOylation of DNA replication proteins,reactome
R-HSA-4641257,Degradation of AXIN,reactome
R-HSA-4641262,Disassembly of the destruction complex and recruitment of AXIN to the membrane,reactome
R-HSA-4655427,SUMOylation of DNA methylation proteins,reactome
R-HSA-500753,Pyrimidine biosynthesis,reactome
R-HSA-5083635,Defective B3GALTL causes PpS,reactome
R-HSA-5099900,WNT5A-dependent internalization of FZD4,reactome
R-HSA-512988,"Interleukin-3, Interleukin-5 and GM-CSF signaling",reactome
R-HSA-5173214,O-glycosylation of TSR domain-containing proteins,reactome
R-HSA-5210891,Uptake and function of anthrax toxins,reactome
R-HSA-5213460,RIPK1-mediated regulated necrosis,reactome
R-HSA-5218900,CASP8 activity is inhibited,reactome
R-HSA-5218920,VEGFR2 mediated vascular permeability,reactome
R-HSA-5218921,VEGFR2 mediated cell proliferation,reactome
R-HSA-5218921 [P12931-1],R-HSA-5218921 [P12931-1],reactome
R-HSA-5250924,B-WICH complex positively regulates rRNA expression,reactome
R-HSA-525793,Myogenesis,reactome
R-HSA-5334118,DNA methylation,reactome
R-HSA-5339716,Signaling by GSK3beta mutants,reactome
R-HSA-5357786,TNFR1-induced proapoptotic signaling,reactome
R-HSA-5357905,Regulation of TNFR1 signaling,reactome
R-HSA-5357956,TNFR1-induced NF-kappa-B signaling pathway,reactome
R-HSA-5358346,Hedgehog ligand biogenesis,reactome
R-HSA-5358747,CTNNB1 S33 mutants aren't phosphorylated,reactome
R-HSA-5358749,CTNNB1 S37 mutants aren't phosphorylated,reactome
R-HSA-5358751,CTNNB1 S45 mutants aren't phosphorylated,reactome
R-HSA-5358752,CTNNB1 T41 mutants aren't phosphorylated,reactome
R-HSA-5362517,Signaling by Retinoic Acid,reactome
R-HSA-5365859,RA biosynthesis pathway,reactome
R-HSA-5423646,Aflatoxin activation and detoxification,reactome
R-HSA-5467337,APC truncation mutants have impaired AXIN binding,reactome
R-HSA-5467340,AXIN missense mutants destabilize the destruction complex,reactome
R-HSA-5467348,Truncations of AMER1 destabilize the destruction complex,reactome
R-HSA-549127,SLC-mediated transport of organic cations,reactome
R-HSA-5545619,XAV939 stabilizes AXIN,reactome
R-HSA-5576886,Phase 4 - resting membrane potential,reactome
R-HSA-5576892,Phase 0 - rapid depolarisation,reactome
R-HSA-5576893,Phase 2 - plateau phase,reactome
R-HSA-5578768,Physiological factors,reactome
R-HSA-5578775,Ion homeostasis,reactome
R-HSA-5579000,Defective CYP1B1 causes Glaucoma,reactome
R-HSA-5579002,Defective UGT1A1 causes hyperbilirubinemia,reactome
R-HSA-5579012,Defective MAOA causes BRUNS,reactome
R-HSA-5579028,Defective CYP17A1 causes AH5,reactome
R-HSA-5579030,Defective CYP19A1 causes AEXS,reactome
R-HSA-5579032,Defective TBXAS1 causes GHDD,reactome
R-HSA-5602498,MyD88 deficiency (TLR2/4),reactome
R-HSA-5603041,IRAK4 deficiency (TLR2/4),reactome
R-HSA-5607763,CLEC7A (Dectin-1) induces NFAT activation,reactome
R-HSA-5607764 [P12931-1],R-HSA-5607764 [P12931-1],reactome
R-HSA-561048,Organic anion transport by SLC22 transporters,reactome
R-HSA-5610780,Degradation of GLI1 by the proteasome,reactome
R-HSA-5610783,Degradation of GLI2 by the proteasome,reactome
R-HSA-5610785,GLI3 is processed to GLI3R by the proteasome,reactome
R-HSA-5610787,Hedgehog 'off' state,reactome
R-HSA-5617472,Activation of anterior HOX genes in hindbrain development during early embryogenesis,reactome
R-HSA-5619058,"Defective SLCO1B3 causes hyperbilirubinemia, Rotor type (HBLRR)",reactome
R-HSA-5619081,Defective SLC6A3 causes Parkinsonism-dystonia infantile (PKDYS),reactome
R-HSA-5619089,Defective SLC6A5 causes hyperekplexia 3 (HKPX3),reactome
R-HSA-5619095,"Defective SLCO2A1 causes primary, autosomal recessive hypertrophic osteoarthropathy 2 (PHOAR2)",reactome
R-HSA-5619099,"Defective AVP does not bind AVPR1A,B and causes neurohypophyseal diabetes insipidus (NDI)",reactome
R-HSA-5619109,Defective SLC6A2 causes orthostatic intolerance (OI),reactome
R-HSA-5619110,"Defective SLCO1B1 causes hyperbilirubinemia, Rotor type (HBLRR)",reactome
R-HSA-5620912,Anchoring of the basal body to the plasma membrane,reactome
R-HSA-5620920,Cargo trafficking to the periciliary membrane,reactome
R-HSA-5620924,Intraflagellar transport,reactome
R-HSA-5620971,Pyroptosis,reactome
R-HSA-5621480,Dectin-2 family,reactome
R-HSA-5621575,CD209 (DC-SIGN) signaling,reactome
R-HSA-5625886,Activated PKN1 stimulates transcription of AR (androgen receptor) regulated genes KLK2 and KLK3,reactome
R-HSA-5626467,RHO GTPases activate IQGAPs,reactome
R-HSA-5626978,TNFR1-mediated ceramide production,reactome
R-HSA-5628897,TP53 Regulates Metabolic Genes,reactome
R-HSA-5632684,Hedgehog 'on' state,reactome
R-HSA-5635851,GLI proteins bind promoters of Hh responsive genes to promote transcription,reactome
R-HSA-5637810,Constitutive Signaling by EGFRvIII,reactome
R-HSA-5638303,Inhibition of Signaling by Overexpressed EGFR,reactome
R-HSA-5649702,APEX1-Independent Resolution of AP Sites via the Single Nucleotide Replacement Pathway,reactome
R-HSA-5651801,PCNA-Dependent Long Patch Base Excision Repair,reactome
R-HSA-5652227,Fructose biosynthesis,reactome
R-HSA-5654228,Phospholipase C-mediated cascade; FGFR4,reactome
R-HSA-5654689,PI-3K cascade:FGFR1,reactome
R-HSA-5654695,PI-3K cascade:FGFR2,reactome
R-HSA-5654710,PI-3K cascade:FGFR3,reactome
R-HSA-5654712,FRS-mediated FGFR4 signaling,reactome
R-HSA-5654719,SHC-mediated cascade:FGFR4,reactome
R-HSA-5654720,PI-3K cascade:FGFR4,reactome
R-HSA-5654726,Negative regulation of FGFR1 signaling,reactome
R-HSA-5654727,Negative regulation of FGFR2 signaling,reactome
R-HSA-5654732,Negative regulation of FGFR3 signaling,reactome
R-HSA-5654733,Negative regulation of FGFR4 signaling,reactome
R-HSA-5655253,Signaling by FGFR2 in disease,reactome
R-HSA-5655291,Signaling by FGFR4 in disease,reactome
R-HSA-5655302,Signaling by FGFR1 in disease,reactome
R-HSA-5655332,Signaling by FGFR3 in disease,reactome
R-HSA-5656121,Translesion synthesis by POLI,reactome
R-HSA-5656169,Termination of translesion DNA synthesis,reactome
R-HSA-5660668,CLEC7A/inflammasome pathway,reactome
R-HSA-5660724,Defective SLC6A3 causes Parkinsonism-dystonia infantile (PKDYS),reactome
R-HSA-5661231,Metallothioneins bind metals,reactome
R-HSA-5662702,Melanin biosynthesis,reactome
R-HSA-5663213,RHO GTPases Activate WASPs and WAVEs,reactome
R-HSA-5663220,RHO GTPases Activate Formins,reactome
R-HSA-5663220 [P12931-1],R-HSA-5663220 [P12931-1],reactome
R-HSA-5668541,TNFR2 non-canonical NF-kB pathway,reactome
R-HSA-5668599,RHO GTPases Activate NADPH Oxidases,reactome
R-HSA-5673000,RAF activation,reactome
R-HSA-5673001,RAF/MAP kinase cascade,reactome
R-HSA-5674135,MAP2K and MAPK activation,reactome
R-HSA-5674400,Constitutive Signaling by AKT1 E17K in Cancer,reactome
R-HSA-5674499,Negative feedback regulation of MAPK pathway,reactome
R-HSA-5675221,Negative regulation of MAPK pathway,reactome
R-HSA-5675482,Regulation of necroptotic cell death,reactome
R-HSA-5678520,Defective ABCB11 causes PFIC2 and BRIC2,reactome
R-HSA-5679001,Defective ABCC2 causes DJS,reactome
R-HSA-5683826,Surfactant metabolism,reactome
R-HSA-5684264,MAP3K8 (TPL2)-dependent MAPK1/3 activation,reactome
R-HSA-5685938,HDR through Single Strand Annealing (SSA),reactome
R-HSA-5685939,HDR through MMEJ (alt-NHEJ),reactome
R-HSA-5685942,HDR through Homologous Recombination (HRR),reactome
R-HSA-5686938,Regulation of TLR by endogenous ligand,reactome
R-HSA-5687128,MAPK6/MAPK4 signaling,reactome
R-HSA-5689880,Ub-specific processing proteases,reactome
R-HSA-5689896,Ovarian tumor domain proteases,reactome
R-HSA-5689901,Metalloprotease DUBs,reactome
R-HSA-5693548,Sensing of DNA Double Strand Breaks,reactome
R-HSA-5693554,Resolution of D-loop Structures through Synthesis-Dependent Strand Annealing (SDSA),reactome
R-HSA-5693565,Recruitment and ATM-mediated phosphorylation of repair and signaling proteins at DNA double strand breaks,reactome
R-HSA-5693568,Resolution of D-loop Structures through Holliday Junction Intermediates,reactome
R-HSA-5693571,Nonhomologous End-Joining (NHEJ),reactome
R-HSA-5693579,Homologous DNA Pairing and Strand Exchange,reactome
R-HSA-5693607,Processing of DNA double-strand break ends,reactome
R-HSA-5693616,Presynaptic phase of homologous DNA pairing and strand exchange,reactome
R-HSA-629587,Highly sodium permeable postsynaptic acetylcholine nicotinic receptors,reactome
R-HSA-629594,Highly calcium permeable postsynaptic nicotinic acetylcholine receptors,reactome
R-HSA-629597,Highly calcium permeable nicotinic acetylcholine receptors,reactome
R-HSA-674695,RNA Polymerase II Pre-transcription Events,reactome
R-HSA-6783310,Fanconi Anemia Pathway,reactome
R-HSA-6783783,Interleukin-10 signaling,reactome
R-HSA-6785631,ERBB2 Regulates Cell Motility,reactome
R-HSA-6785807,Interleukin-4 and Interleukin-13 signaling,reactome
R-HSA-6791226,Major pathway of rRNA processing in the nucleolus and cytosol,reactome
R-HSA-6796648,TP53 Regulates Transcription of DNA Repair Genes,reactome
R-HSA-6798695,Neutrophil degranulation,reactome
R-HSA-6802946,Signaling by moderate kinase activity BRAF mutants,reactome
R-HSA-6802948,Signaling by high-kinase activity BRAF mutants,reactome
R-HSA-6802952,Signaling by BRAF and RAF1 fusions,reactome
R-HSA-6802955,Paradoxical activation of RAF signaling by kinase inactive BRAF,reactome
R-HSA-6803157,Antimicrobial peptides,reactome
R-HSA-6803204,TP53 Regulates Transcription of Genes Involved in Cytochrome C Release,reactome
R-HSA-6803207,TP53 Regulates Transcription of Caspase Activators and Caspases,reactome
R-HSA-6804114,TP53 Regulates Transcription of Genes Involved in G2 Cell Cycle Arrest,reactome
R-HSA-6804756,Regulation of TP53 Activity through Phosphorylation,reactome
R-HSA-6804757,Regulation of TP53 Degradation,reactome
R-HSA-6804758,Regulation of TP53 Activity through Acetylation,reactome
R-HSA-6804759,Regulation of TP53 Activity through Association with Co-factors,reactome
R-HSA-6804760,Regulation of TP53 Activity through Methylation,reactome
R-HSA-6806942,MET Receptor Activation,reactome
R-HSA-6807004,Negative regulation of MET activity,reactome
R-HSA-6807047,Cholesterol biosynthesis via desmosterol (Bloch pathway),reactome
R-HSA-6807878,COPI-mediated anterograde transport,reactome
R-HSA-6809371,Formation of the cornified envelope,reactome
R-HSA-6811434,COPI-dependent Golgi-to-ER retrograde traffic,reactome
R-HSA-6811436,COPI-independent Golgi-to-ER retrograde traffic,reactome
R-HSA-6811555,PI5P Regulates TP53 Acetylation,reactome
R-HSA-6811558,"PI5P, PP2A and IER3 Regulate PI3K/AKT Signaling",reactome
R-HSA-6814122,Cooperation of PDCL (PhLP1) and TRiC/CCT in G-protein beta folding,reactome
R-HSA-68875,Mitotic Prophase,reactome
R-HSA-68877,Mitotic Prometaphase,reactome
R-HSA-68952,DNA replication initiation,reactome
R-HSA-68962,Activation of the pre-replicative complex,reactome
R-HSA-69091,Polymerase switching,reactome
R-HSA-69166,Removal of the Flap Intermediate,reactome
R-HSA-69183,Processive synthesis on the lagging strand,reactome
R-HSA-69202,Cyclin E associated events during G1/S transition ,reactome
R-HSA-69205,G1/S-Specific Transcription,reactome
R-HSA-69231,Cyclin D associated events in G1,reactome
R-HSA-69231 [P12931-1],R-HSA-69231 [P12931-1],reactome
R-HSA-69273,Cyclin A/B1/B2 associated events during G2/M transition,reactome
R-HSA-69416,Dimerization of procaspase-8,reactome
R-HSA-69473,G2/M DNA damage checkpoint,reactome
R-HSA-69478,G2/M DNA replication checkpoint,reactome
R-HSA-69541,Stabilization of p53,reactome
R-HSA-69601,Ubiquitin-Mediated Degradation of Phosphorylated Cdc25A,reactome
R-HSA-69656,Cyclin A:Cdk2-associated events at S phase entry,reactome
R-HSA-70171,Glycolysis,reactome
R-HSA-70221,Glycogen breakdown (glycogenolysis),reactome
R-HSA-70263,Gluconeogenesis,reactome
R-HSA-70268,Pyruvate metabolism,reactome
R-HSA-70370,Galactose catabolism,reactome
R-HSA-70635,Urea cycle,reactome
R-HSA-71064,Lysine catabolism,reactome
R-HSA-71240,Tryptophan catabolism,reactome
R-HSA-71288,Creatine metabolism,reactome
R-HSA-71336,Pentose phosphate pathway,reactome
R-HSA-71384,Ethanol oxidation,reactome
R-HSA-72163,mRNA Splicing - Major Pathway,reactome
R-HSA-72203,Processing of Capped Intron-Containing Pre-mRNA,reactome
R-HSA-72649,Translation initiation complex formation,reactome
R-HSA-72689,Formation of a pool of free 40S subunits,reactome
R-HSA-72695,"Formation of the ternary complex, and subsequently, the 43S complex",reactome
R-HSA-72702,Ribosomal scanning and start codon recognition,reactome
R-HSA-72706,GTP hydrolysis and joining of the 60S ribosomal subunit,reactome
R-HSA-72764,Eukaryotic Translation Termination,reactome
R-HSA-73621,Pyrimidine catabolism,reactome
R-HSA-73762,RNA Polymerase I Transcription Initiation,reactome
R-HSA-73817,Purine ribonucleoside monophosphate biosynthesis,reactome
R-HSA-73930,Abasic sugar-phosphate removal via the single-nucleotide replacement pathway,reactome
R-HSA-74217,Purine salvage,reactome
R-HSA-74259,Purine catabolism,reactome
R-HSA-74713,IRS activation,reactome
R-HSA-74749,Signal attenuation,reactome
R-HSA-74751,Insulin receptor signalling cascade,reactome
R-HSA-74752,Signaling by Insulin receptor,reactome
R-HSA-75035,Chk1/Chk2(Cds1) mediated inactivation of Cyclin B:Cdk1 complex,reactome
R-HSA-75105,Fatty acyl-CoA biosynthesis,reactome
R-HSA-75108,"Activation, myristolyation of BID and translocation to mitochondria",reactome
R-HSA-75153,Apoptotic execution phase,reactome
R-HSA-75157,FasL/ CD95L signaling,reactome
R-HSA-75158,TRAIL  signaling,reactome
R-HSA-75815,Ubiquitin-dependent degradation of Cyclin D,reactome
R-HSA-75876,Synthesis of very long-chain fatty acyl-CoAs,reactome
R-HSA-75892,Platelet Adhesion to exposed collagen,reactome
R-HSA-75893,TNF signaling,reactome
R-HSA-75955,RNA Polymerase II Transcription Elongation,reactome
R-HSA-76005,Response to elevated platelet cytosolic Ca2+,reactome
R-HSA-76009,Platelet Aggregation (Plug Formation),reactome
R-HSA-77387,Insulin receptor recycling,reactome
R-HSA-844455,The NLRP1 inflammasome,reactome
R-HSA-844456,The NLRP3 inflammasome,reactome
R-HSA-844615,The AIM2 inflammasome,reactome
R-HSA-844623,The IPAF inflammasome,reactome
R-HSA-877300,Interferon gamma signaling,reactome
R-HSA-877300 [P42224-1],R-HSA-877300 [P42224-1],reactome
R-HSA-877312,Regulation of IFNG signaling,reactome
R-HSA-877312 [P42224-1],R-HSA-877312 [P42224-1],reactome
R-HSA-879415,Advanced glycosylation endproduct receptor signaling,reactome
R-HSA-879518,Organic anion transport by SLCO transporters,reactome
R-HSA-881907,Gastrin-CREB signalling pathway via PKC and MAPK,reactome
R-HSA-8847993,ERBB2 Activates PTK6 Signaling,reactome
R-HSA-8849469,PTK6 Regulates RTKs and Their Effectors AKT1 and DOK1,reactome
R-HSA-8849472,PTK6 Down-Regulation,reactome
R-HSA-8849473,PTK6 Expression,reactome
R-HSA-8849932,Synaptic adhesion-like molecules,reactome
R-HSA-8851680,Butyrophilin (BTN) family interactions,reactome
R-HSA-8851805,MET activates RAS signaling,reactome
R-HSA-8851907,MET activates PI3K/AKT signaling,reactome
R-HSA-8852276,The role of GTSE1 in G2/M progression after G2 checkpoint,reactome
R-HSA-8852405,Signaling by MST1,reactome
R-HSA-8853659,RET signaling,reactome
R-HSA-8853659 [P12931-1],R-HSA-8853659 [P12931-1],reactome
R-HSA-8853884,Transcriptional Regulation by VENTX,reactome
R-HSA-8854050,FBXL7 down-regulates AURKA during mitotic entry and in early mitosis,reactome
R-HSA-8854518,AURKA Activation by TPX2,reactome
R-HSA-8854521,Interaction between PHLDA1 and AURKA,reactome
R-HSA-8854691,Interleukin-20 family signaling,reactome
R-HSA-8856825,Cargo recognition for clathrin-mediated endocytosis,reactome
R-HSA-8856828,Clathrin-mediated endocytosis,reactome
R-HSA-8857538,PTK6 promotes HIF1A stabilization,reactome
R-HSA-8862803,Deregulated CDK5 triggers multiple neurodegenerative pathways in Alzheimer's disease models,reactome
R-HSA-8863795,Downregulation of ERBB2 signaling,reactome
R-HSA-8864260,Transcriptional regulation by the AP-2 (TFAP2) family of transcription factors,reactome
R-HSA-8865999,MET activates PTPN11,reactome
R-HSA-8866376,Reelin signalling pathway,reactome
R-HSA-8866423,VLDL assembly,reactome
R-HSA-8866427,VLDLR internalisation and degradation,reactome
R-HSA-8866907,Activation of the TFAP2 (AP-2) family of transcription factors,reactome
R-HSA-8866910,TFAP2 (AP-2) family regulates transcription of growth factors and their receptors,reactome
R-HSA-8874081,MET activates PTK2 signaling,reactome
R-HSA-8875360,InlB-mediated entry of Listeria monocytogenes into host cell,reactome
R-HSA-8875513,MET interacts with TNS proteins,reactome
R-HSA-8875555,MET activates RAP1 and RAC1,reactome
R-HSA-8875656,MET receptor recycling,reactome
R-HSA-8875791,MET activates STAT3,reactome
R-HSA-8876198,RAB GEFs exchange GTP for GDP on RABs,reactome
R-HSA-8876493,InlA-mediated entry of Listeria monocytogenes into host cells,reactome
R-HSA-8876725,Protein methylation,reactome
R-HSA-8877330,RUNX1 and FOXP3 control the development of regulatory T lymphocytes (Tregs),reactome
R-HSA-8878166,Transcriptional regulation by RUNX2,reactome
R-HSA-888590,"GABA synthesis, release, reuptake and degradation",reactome
R-HSA-888593,Reuptake of GABA,reactome
R-HSA-8934593,Regulation of RUNX1 Expression and Activity,reactome
R-HSA-8934903,Receptor Mediated Mitophagy,reactome
R-HSA-8934903 [P12931-1],R-HSA-8934903 [P12931-1],reactome
R-HSA-8936459,RUNX1 regulates genes involved in megakaryocyte differentiation and platelet function,reactome
R-HSA-8937144,Aryl hydrocarbon receptor signalling,reactome
R-HSA-8939211,ESR-mediated signaling,reactome
R-HSA-8939242,RUNX1 regulates transcription of genes involved in differentiation of keratinocytes,reactome
R-HSA-8939243,RUNX1 interacts with co-factors whose precise effect on RUNX1 targets is not known,reactome
R-HSA-8939246,RUNX1 regulates transcription of genes involved in differentiation of myeloid cells,reactome
R-HSA-8939902,Regulation of RUNX2 expression and activity,reactome
R-HSA-8940973,RUNX2 regulates osteoblast differentiation,reactome
R-HSA-8941284,RUNX2 regulates chondrocyte maturation,reactome
R-HSA-8941332,RUNX2 regulates genes involved in cell migration,reactome
R-HSA-8941333,RUNX2 regulates genes involved in differentiation of myeloid cells,reactome
R-HSA-8941413,Events associated with phagocytolytic activity of PMN cells,reactome
R-HSA-8941855,RUNX3 regulates CDKN1A transcription,reactome
R-HSA-8941856,RUNX3 regulates NOTCH signaling,reactome
R-HSA-8941858,Regulation of RUNX3 expression and activity,reactome
R-HSA-8943724,Regulation of PTEN gene transcription,reactome
R-HSA-8948751,Regulation of PTEN stability and activity,reactome
R-HSA-8949275,RUNX3 Regulates Immune Response and Cell Migration,reactome
R-HSA-8949275 [P51449-2],R-HSA-8949275 [P51449-2],reactome
R-HSA-8950505,Gene and protein expression by JAK-STAT signaling after Interleukin-12 stimulation,reactome
R-HSA-8951664,Neddylation,reactome
R-HSA-8951936,RUNX3 regulates p14-ARF,reactome
R-HSA-8952158,RUNX3 regulates BCL2L11 (BIM) transcription,reactome
R-HSA-8953750,Transcriptional Regulation by E2F6,reactome
R-HSA-8955332,Carboxyterminal post-translational modifications of tubulin,reactome
R-HSA-8957275,Post-translational protein phosphorylation,reactome
R-HSA-8963888,Chylomicron assembly,reactome
R-HSA-8963896,HDL assembly,reactome
R-HSA-8963901,Chylomicron remodeling,reactome
R-HSA-8964026,Chylomicron clearance,reactome
R-HSA-8964041,LDL remodeling,reactome
R-HSA-8964058,HDL remodeling,reactome
R-HSA-8981607,Intracellular oxygen transport,reactome
R-HSA-8984722,Interleukin-35 Signalling,reactome
R-HSA-8985947,Interleukin-9 signaling,reactome
R-HSA-9008059,Interleukin-37 signaling,reactome
R-HSA-9009391,Extra-nuclear estrogen signaling,reactome
R-HSA-9010553,Regulation of expression of SLITs and ROBOs,reactome
R-HSA-9010642,ROBO receptors bind AKAP5,reactome
R-HSA-9012546,Interleukin-18 signaling,reactome
R-HSA-9013149,RAC1 GTPase cycle,reactome
R-HSA-9013404,RAC2 GTPase cycle,reactome
R-HSA-9013407,RHOH GTPase cycle,reactome
R-HSA-9013420,RHOU GTPase cycle,reactome
R-HSA-9013422,RHOBTB1 GTPase cycle,reactome
R-HSA-9013423,RAC3 GTPase cycle,reactome
R-HSA-9013507,NOTCH3 Activation and Transmission of Signal to the Nucleus,reactome
R-HSA-9013508,NOTCH3 Intracellular Domain Regulates Transcription,reactome
R-HSA-9013695,NOTCH4 Intracellular Domain Regulates Transcription,reactome
R-HSA-9013957,TLR3-mediated TICAM1-dependent programmed cell death,reactome
R-HSA-9018519,Estrogen-dependent gene expression,reactome
R-HSA-9018676,Biosynthesis of D-series resolvins,reactome
R-HSA-9018677,Biosynthesis of DHA-derived SPMs,reactome
R-HSA-9018679,Biosynthesis of EPA-derived SPMs,reactome
R-HSA-9018681,Biosynthesis of protectins,reactome
R-HSA-9018682,Biosynthesis of maresins,reactome
R-HSA-9018896,Biosynthesis of E-series 18(S)-resolvins,reactome
R-HSA-9020265,Biosynthesis of aspirin-triggered D-series resolvins,reactome
R-HSA-9020558,Interleukin-2 signaling,reactome
R-HSA-9020591,Interleukin-12 signaling,reactome
R-HSA-9020702,Interleukin-1 signaling,reactome
R-HSA-9020933,Interleukin-23 signaling,reactome
R-HSA-9020956,Interleukin-27 signaling,reactome
R-HSA-9020958,Interleukin-21 signaling,reactome
R-HSA-9022692,Regulation of MECP2 expression and activity,reactome
R-HSA-9022699,MECP2 regulates neuronal receptors and channels,reactome
R-HSA-9022707,MECP2 regulates transcription factors,reactome
R-HSA-9023661,Biosynthesis of E-series 18(R)-resolvins,reactome
R-HSA-9025094,Biosynthesis of DPAn-3 SPMs,reactome
R-HSA-9025106,Biosynthesis of DPAn-6 SPMs,reactome
R-HSA-9026286,Biosynthesis of DPAn-3-derived protectins and resolvins,reactome
R-HSA-9026290,Biosynthesis of DPAn-3-derived maresins,reactome
R-HSA-9026403,Biosynthesis of DPAn-3-derived 13-series resolvins,reactome
R-HSA-9027276,Erythropoietin activates Phosphoinositide-3-kinase (PI3K),reactome
R-HSA-9027307,Biosynthesis of maresin-like SPMs,reactome
R-HSA-9027604,Biosynthesis of electrophilic ω-3 PUFA oxo-derivatives,reactome
R-HSA-9028335,Activated NTRK2 signals through PI3K,reactome
R-HSA-9029558,NR1H2 & NR1H3 regulate gene expression linked to lipogenesis,reactome
R-HSA-9029569,NR1H3 & NR1H2 regulate gene expression linked to cholesterol transport and efflux,reactome
R-HSA-9031525,NR1H2 & NR1H3 regulate gene expression to limit cholesterol uptake ,reactome
R-HSA-9031528,NR1H2 & NR1H3 regulate gene expression linked to triglyceride lipolysis in adipose,reactome
R-HSA-9031628,NGF-stimulated transcription,reactome
R-HSA-9032500,Activated NTRK2 signals through FYN,reactome
R-HSA-9032500 [P06241-1],R-HSA-9032500 [P06241-1],reactome
R-HSA-9032759 [P06241-1],R-HSA-9032759 [P06241-1],reactome
R-HSA-9032845,Activated NTRK2 signals through CDK5,reactome
R-HSA-9033241,Peroxisomal protein import,reactome
R-HSA-9033807,ABO blood group biosynthesis,reactome
R-HSA-9034015,Signaling by NTRK3 (TRKC),reactome
R-HSA-9035034,RHOF GTPase cycle,reactome
R-HSA-9036092,Defective AVP does not bind AVPR2 and causes neurohypophyseal diabetes insipidus (NDI),reactome
R-HSA-9037629,Lewis blood group biosynthesis,reactome
R-HSA-909733,Interferon alpha/beta signaling,reactome
R-HSA-912446,Meiotic recombination,reactome
R-HSA-912526,Interleukin receptor SHC signaling,reactome
R-HSA-912631,Regulation of signaling by CBL,reactome
R-HSA-912694,Regulation of IFNA/IFNB signaling,reactome
R-HSA-913709,O-linked glycosylation of mucins,reactome
R-HSA-917937,Iron uptake and transport,reactome
R-HSA-918233,TRAF3-dependent IRF activation pathway,reactome
R-HSA-933541,TRAF6 mediated IRF7 activation,reactome
R-HSA-933542,TRAF6 mediated NF-kB activation,reactome
R-HSA-933543,NF-kB activation through FADD/RIP-1 pathway mediated by caspase-8 and -10,reactome
R-HSA-936440,Negative regulators of DDX58/IFIH1 signaling,reactome
R-HSA-936837,Ion transport by P-type ATPases,reactome
R-HSA-9603381,Activated NTRK3 signals through PI3K,reactome
R-HSA-9604323,Negative regulation of NOTCH4 signaling,reactome
R-HSA-9607240,FLT3 Signaling,reactome
R-HSA-9609523,Insertion of tail-anchored proteins into the endoplasmic reticulum membrane,reactome
R-HSA-9609690,HCMV Early Events,reactome
R-HSA-9609736,Assembly and cell surface presentation of NMDA receptors,reactome
R-HSA-9613354,Lipophagy,reactome
R-HSA-9613829,Chaperone Mediated Autophagy,reactome
R-HSA-9614399,Regulation of localization of FOXO transcription factors,reactome
R-HSA-9614657,FOXO-mediated transcription of cell death genes,reactome
R-HSA-9615017,"FOXO-mediated transcription of oxidative stress, metabolic and neuronal genes",reactome
R-HSA-9615710,Late endosomal microautophagy,reactome
R-HSA-9616222,Transcriptional regulation of granulopoiesis,reactome
R-HSA-9617629,Regulation of FOXO transcriptional activity by acetylation,reactome
R-HSA-9617828,FOXO-mediated transcription of cell cycle genes,reactome
R-HSA-9619483,Activation of AMPK downstream of NMDARs,reactome
R-HSA-9619483 [P10636-8],R-HSA-9619483 [P10636-8],reactome
R-HSA-9619665,EGR2 and SOX10-mediated initiation of Schwann cell myelination,reactome
R-HSA-9620244,Long-term potentiation,reactome
R-HSA-9623433,NR1H2 & NR1H3 regulate gene expression to control bile acid homeostasis,reactome
R-HSA-9627069,Regulation of the apoptosome activity,reactome
R-HSA-9629569,Protein hydroxylation,reactome
R-HSA-9630794,Evasion of Oncogene Induced Senescence Due to Defective p16INK4A binding to CDK4 and CDK6,reactome
R-HSA-9632700,Evasion of Oxidative Stress Induced Senescence Due to Defective p16INK4A binding to CDK4 and CDK6,reactome
R-HSA-9632974,NR1H2 & NR1H3 regulate gene expression linked to gluconeogenesis ,reactome
R-HSA-9633012,Response of EIF2AK4 (GCN2) to amino acid deficiency,reactome
R-HSA-9634597,GPER1 signaling,reactome
R-HSA-9634600,"Regulation of glycolysis by fructose 2,6-bisphosphate metabolism",reactome
R-HSA-9634635,Estrogen-stimulated signaling through PRKCZ,reactome
R-HSA-9634638,Estrogen-dependent nuclear events downstream of ESR-membrane signaling,reactome
R-HSA-9635465,Suppression of apoptosis,reactome
R-HSA-9639288,Amino acids regulate mTORC1,reactome
R-HSA-9645135,STAT5 Activation,reactome
R-HSA-9646399,Aggrephagy,reactome
R-HSA-9648002,RAS processing,reactome
R-HSA-9648025,EML4 and NUDC in mitotic spindle formation,reactome
R-HSA-964975,Vitamin B6 activation to pyridoxal phosphate,reactome
R-HSA-9649948,Signaling downstream of RAS mutants,reactome
R-HSA-9652169,Signaling by MAP2K mutants,reactome
R-HSA-9652817,Signaling by MAPK mutants,reactome
R-HSA-9656223,Signaling by RAF1 mutants,reactome
R-HSA-9657688,Defective factor XII causes hereditary angioedema,reactome
R-HSA-9660821,ADORA2B mediated anti-inflammatory cytokines production,reactome
R-HSA-9660826,Purinergic signaling in leishmaniasis infection,reactome
R-HSA-9661069,"Defective binding of RB1 mutants to E2F1,(E2F2, E2F3)",reactome
R-HSA-9662834,CD163 mediating an anti-inflammatory response,reactome
R-HSA-9664323,FCGR3A-mediated IL10 synthesis,reactome
R-HSA-9664323 [P12931-1],R-HSA-9664323 [P12931-1],reactome
R-HSA-9664422,FCGR3A-mediated phagocytosis,reactome
R-HSA-9664422 [P12931-1],R-HSA-9664422 [P12931-1],reactome
R-HSA-9664535,LTC4-CYSLTR mediated IL4 production,reactome
R-HSA-9664565,Signaling by ERBB2 KD Mutants,reactome
R-HSA-9664873,Pexophagy,reactome
R-HSA-9665348,Signaling by ERBB2 ECD mutants,reactome
R-HSA-9665686,Signaling by ERBB2 TMD/JMD mutants,reactome
R-HSA-9668328,Sealing of the nuclear envelope (NE) by ESCRT-III,reactome
R-HSA-9669914,Dasatinib-resistant KIT mutants,reactome
R-HSA-9669917,Imatinib-resistant KIT mutants,reactome
R-HSA-9669921,KIT mutants bind TKIs,reactome
R-HSA-9669924,Masitinib-resistant KIT mutants,reactome
R-HSA-9669926,Nilotinib-resistant KIT mutants,reactome
R-HSA-9669929,Regorafenib-resistant KIT mutants,reactome
R-HSA-9669933,Signaling by kinase domain mutants of KIT,reactome
R-HSA-9669934,Sunitinib-resistant KIT mutants,reactome
R-HSA-9669935,Signaling by juxtamembrane domain KIT mutants,reactome
R-HSA-9669936,Sorafenib-resistant KIT mutants,reactome
R-HSA-9670439,"Signaling by phosphorylated juxtamembrane, extracellular and kinase domain KIT mutants",reactome
R-HSA-9670439 [P12931-1],R-HSA-9670439 [P12931-1],reactome
R-HSA-9672383,Defective factor IX causes thrombophilia,reactome
R-HSA-9672391,Defective F8 cleavage by thrombin,reactome
R-HSA-9672396,Defective cofactor function of FVIIIa variant,reactome
R-HSA-9673202,Defective F9 variant does not activate FX,reactome
R-HSA-9673324,WNT5:FZD7-mediated leishmania damping,reactome
R-HSA-9673767,"Signaling by PDGFRA transmembrane, juxtamembrane and kinase domain mutants",reactome
R-HSA-9673768,Signaling by membrane-tethered fusions of PDGFRA or PDGFRB,reactome
R-HSA-9673770,Signaling by PDGFRA extracellular domain mutants,reactome
R-HSA-9674555,Signaling by CSF3 (G-CSF),reactome
R-HSA-9678110,Attachment and Entry,reactome
R-HSA-9679191,Potential therapeutics for SARS,reactome
R-HSA-9680187,Signaling by extracellular domain mutants of KIT,reactome
R-HSA-9680350,Signaling by CSF1 (M-CSF) in myeloid cells,reactome
R-HSA-9683610,Maturation of nucleoprotein,reactome
R-HSA-9686347,Microbial modulation of RIPK1-mediated regulated necrosis,reactome
R-HSA-9690406,Transcriptional regulation of testis differentiation,reactome
R-HSA-9692913,SARS-CoV-1-mediated effects on programmed cell death,reactome
R-HSA-9692914 [P30613-2],R-HSA-9692914 [P30613-2],reactome
R-HSA-9692916,SARS-CoV-1 activates/modulates innate immune responses,reactome
R-HSA-9693928,Defective RIPK1-mediated regulated necrosis,reactome
R-HSA-9694614,Attachment and Entry,reactome
R-HSA-9694631,Maturation of nucleoprotein,reactome
R-HSA-9696264,RND3 GTPase cycle,reactome
R-HSA-9696270,RND2 GTPase cycle,reactome
R-HSA-9701192,Defective homologous recombination repair (HRR) due to BRCA1 loss of function,reactome
R-HSA-9701898,STAT3 nuclear events downstream of ALK signaling,reactome
R-HSA-9702509,FLT3 mutants bind TKIs,reactome
R-HSA-9702518,STAT5 activation downstream of FLT3 ITD mutants,reactome
R-HSA-9702569,KW2449-resistant FLT3 mutants,reactome
R-HSA-9702577,semaxanib-resistant FLT3 mutants,reactome
R-HSA-9702581,crenolanib-resistant FLT3 mutants,reactome
R-HSA-9702590,gilteritinib-resistant FLT3 mutants,reactome
R-HSA-9702596,lestaurtinib-resistant FLT3 mutants,reactome
R-HSA-9702600,midostaurin-resistant FLT3 mutants,reactome
R-HSA-9702605,pexidartinib-resistant FLT3 mutants,reactome
R-HSA-9702614,ponatinib-resistant FLT3 mutants,reactome
R-HSA-9702620,quizartinib-resistant FLT3 mutants,reactome
R-HSA-9702624,sorafenib-resistant FLT3 mutants,reactome
R-HSA-9702632,sunitinib-resistant FLT3 mutants,reactome
R-HSA-9702636,tandutinib-resistant FLT3 mutants,reactome
R-HSA-9702998,linifanib-resistant FLT3 mutants,reactome
R-HSA-9703009,tamatinib-resistant FLT3 mutants,reactome
R-HSA-9703465,Signaling by FLT3 fusion proteins,reactome
R-HSA-9703648,Signaling by FLT3 ITD and TKD mutants,reactome
R-HSA-9704331,Defective HDR through Homologous Recombination Repair (HRR) due to PALB2 loss of BRCA1 binding function,reactome
R-HSA-9704646,Defective HDR through Homologous Recombination Repair (HRR) due to PALB2 loss of BRCA2/RAD51/RAD51C binding function,reactome
R-HSA-9705462,Inactivation of CSF3 (G-CSF) signaling,reactome
R-HSA-9705671,SARS-CoV-2 activates/modulates innate and adaptive immune responses,reactome
R-HSA-9706019 [P34969-2],R-HSA-9706019 [P34969-2],reactome
R-HSA-9706369,Negative regulation of FLT3,reactome
R-HSA-9706374,FLT3 signaling through SRC family kinases,reactome
R-HSA-9706377,FLT3 signaling by CBL mutants,reactome
R-HSA-9707564,Cytoprotection by HMOX1,reactome
R-HSA-9707587,Regulation of HMOX1 expression and activity,reactome
R-HSA-9707616,Heme signaling,reactome
R-HSA-9709570,Impaired BRCA2 binding to RAD51,reactome
R-HSA-9709603,Impaired BRCA2 binding to PALB2,reactome
R-HSA-9710421,Defective pyroptosis,reactome
R-HSA-9717207,"Sensory perception of sweet, bitter, and umami (glutamate) taste",reactome
R-HSA-9725370,Signaling by ALK fusions and activated point mutants,reactome
R-HSA-9725371,Nuclear events stimulated by ALK signaling in cancer,reactome
R-HSA-9725554,Differentiation of Keratinocytes in Interfollicular Epidermis in Mammalian Skin,reactome
R-HSA-9732724,IFNG signaling activates MAPKs,reactome
R-HSA-9733458,Induction of Cell-Cell Fusion,reactome
R-HSA-9734091,Drug-mediated inhibition of MET activation,reactome
R-HSA-9735869,SARS-CoV-1 modulates host translation machinery,reactome
R-HSA-9735871,SARS-CoV-1 targets host intracellular signalling and regulatory pathways,reactome
R-HSA-9748787,Azathioprine ADME,reactome
R-HSA-9749641,Aspirin ADME,reactome
R-HSA-9749641 [O94956-1],R-HSA-9749641 [O94956-1],reactome
R-HSA-9753281,Paracetamol ADME,reactome
R-HSA-9754119,Drug-mediated inhibition of CDK4/CDK6 activity,reactome
R-HSA-9754189,Germ layer formation at gastrulation,reactome
R-HSA-9754678,SARS-CoV-2 modulates host translation machinery,reactome
R-HSA-9754706,Atorvastatin ADME,reactome
R-HSA-9754706 [O94956-3],R-HSA-9754706 [O94956-3],reactome
R-HSA-9755088,Ribavirin ADME,reactome
R-HSA-9755511,KEAP1-NFE2L2 pathway,reactome
R-HSA-9755779,SARS-CoV-2 targets host intracellular signalling and regulatory pathways,reactome
R-HSA-975634,Retinoid metabolism and transport,reactome
R-HSA-9757110,Prednisone ADME,reactome
R-HSA-9758274,Regulation of NF-kappa B signaling,reactome
R-HSA-9758890,Transport of RCbl within the body,reactome
R-HSA-9759194,Nuclear events mediated by NFE2L2,reactome
R-HSA-975956,Nonsense Mediated Decay (NMD) independent of the Exon Junction Complex (EJC),reactome
R-HSA-975957,Nonsense Mediated Decay (NMD) enhanced by the Exon Junction Complex (EJC),reactome
R-HSA-9762114,GSK3B and BTRC:CUL1-mediated-degradation of NFE2L2,reactome
R-HSA-9764725,Negative Regulation of CDH1 Gene Transcription,reactome
R-HSA-9766229,Degradation of CDH1,reactome
R-HSA-9766229 [P06241-1],R-HSA-9766229 [P06241-1],reactome
R-HSA-9768727,Regulation of CDH1 posttranslational processing and trafficking to plasma membrane,reactome
R-HSA-9768777,Regulation of NPAS4 gene transcription,reactome
R-HSA-9768919,NPAS4 regulates expression of target genes,reactome
R-HSA-977225,Amyloid fiber formation,reactome
R-HSA-977443,GABA receptor activation,reactome
R-HSA-977606,Regulation of Complement cascade,reactome
R-HSA-9793380,Formation of paraxial mesoderm,reactome
R-HSA-9793528,Ciprofloxacin ADME,reactome
R-HSA-9796292,Formation of axial mesoderm,reactome
R-HSA-9818025,NFE2L2 regulating TCA cycle genes,reactome
R-HSA-9818026,NFE2L2 regulating inflammation associated genes,reactome
R-HSA-9818027,NFE2L2 regulating anti-oxidant/detoxification enzymes,reactome
R-HSA-9818028,NFE2L2 regulates pentose phosphate pathway genes,reactome
R-HSA-9818030,NFE2L2 regulating tumorigenic genes,reactome
R-HSA-9818032,NFE2L2 regulating MDR associated enzymes,reactome
R-HSA-9818035,NFE2L2 regulating ER-stress associated genes,reactome
R-HSA-9818749,Regulation of NFE2L2 gene expression,reactome
R-HSA-9819196,Zygotic genome activation (ZGA),reactome
R-HSA-9820960,Respiratory syncytial virus (RSV) attachment and entry,reactome
R-HSA-9823730,Formation of definitive endoderm,reactome
R-HSA-9824585,Regulation of MITF-M-dependent genes involved in pigmentation,reactome
R-HSA-9824594,Regulation of MITF-M-dependent genes involved in apoptosis,reactome
R-HSA-9825892,Regulation of MITF-M-dependent genes involved in cell cycle and proliferation,reactome
R-HSA-9825895,"Regulation of MITF-M-dependent genes involved in DNA replication, damage repair and senescence",reactome
R-HSA-982772,Growth hormone receptor signaling,reactome
R-HSA-9828642,Respiratory syncytial virus genome transcription,reactome
R-HSA-9828806,Maturation of hRSV A proteins,reactome
R-HSA-983168,Antigen processing: Ubiquitination & Proteasome degradation,reactome
R-HSA-983189,Kinesins,reactome
R-HSA-983231,Factors involved in megakaryocyte development and platelet production,reactome
R-HSA-9833109,Evasion by RSV of host interferon responses,reactome
R-HSA-9833110,RSV-host interactions,reactome
R-HSA-9833482,PKR-mediated signaling,reactome
R-HSA-9833482 [P10636-8],R-HSA-9833482 [P10636-8],reactome
R-HSA-983695,Antigen activates B Cell Receptor (BCR) leading to generation of second messengers,reactome
R-HSA-9837999,Mitochondrial protein degradation,reactome
R-HSA-9837999 [P05067-4],R-HSA-9837999 [P05067-4],reactome
R-HSA-9839394,TGFBR3 expression,reactome
R-HSA-9840309,Glycosphingolipid biosynthesis,reactome
R-HSA-9840310,Glycosphingolipid catabolism,reactome
R-HSA-9841251,Mitochondrial unfolded protein response (UPRmt),reactome
R-HSA-9841922,MLL4 and MLL3 complexes regulate expression of PPARG target genes in adipogenesis and hepatic steatosis,reactome
R-HSA-9842640,Signaling by LTK in cancer,reactome
R-HSA-9842663,Signaling by LTK,reactome
R-HSA-9843940,Regulation of endogenous retroelements by KRAB-ZFP proteins,reactome
R-HSA-9843970,Regulation of endogenous retroelements by the Human Silencing Hub (HUSH) complex,reactome
R-HSA-9844594,Transcriptional regulation of brown and beige adipocyte differentiation by EBF2,reactome
R-HSA-9845323,Regulation of endogenous retroelements by Piwi-interacting RNAs (piRNAs),reactome
R-HSA-9854311,Maturation of TCA enzymes and regulation of TCA cycle,reactome
R-HSA-9856530,High laminar flow shear stress activates signaling by PIEZO1 and PECAM1:CDH5:KDR in endothelial cells,reactome
R-HSA-9856532,Mechanical load activates signaling by PIEZO1 and integrins in osteocytes,reactome
R-HSA-9856649,Transcriptional and post-translational regulation of MITF-M expression and activity,reactome
R-HSA-9860927,"Turbulent (oscillatory, disturbed) flow shear stress activates signaling by PIEZO1 and integrins in endothelial cells",reactome
R-HSA-9860927 [Q08499-6],R-HSA-9860927 [Q08499-6],reactome
R-HSA-9861718 [P14618-1],R-HSA-9861718 [P14618-1],reactome
R-HSA-9909505,Modulation of host responses by IFN-stimulated genes,reactome
R-HSA-9909649,Regulation of PD-L1(CD274) transcription,reactome
R-HSA-9911233,Expression of NOTCH2NL genes,reactome
R-HSA-9913635,Strand-asynchronous mitochondrial DNA replication,reactome
R-HSA-9918432,Maturation of DENV proteins,reactome
R-HSA-9918449,Defective visual phototransduction due to STRA6 loss of function,reactome
R-HSA-9918481,Dengue Virus-Host Interactions,reactome
R-HSA-9918485,Dengue Virus Attachment and Entry,reactome
R-HSA-9918487,Dengue Virus Genome Translation and Replication,reactome
R-HSA-9920588,Dengue virus activates/modulates innate and adaptive immune responses,reactome
R-HSA-9920951,Dengue virus modulates apoptosis,reactome
R-HSA-9925561,Developmental Lineage of Pancreatic Acinar Cells,reactome
R-HSA-9925563,Developmental Lineage of Pancreatic Ductal Cells,reactome
R-HSA-9927354,Co-stimulation by ICOS,reactome
R-HSA-9927418,Developmental Lineage of Mammary Gland Luminal Epithelial Cells,reactome
R-HSA-9927426,Developmental Lineage of Mammary Gland Alveolar Cells,reactome
R-HSA-9927432,Developmental Lineage of Mammary Gland Myoepithelial Cells,reactome
R-HSA-9929356,GSK3B-mediated proteasomal degradation of PD-L1(CD274),reactome
R-HSA-9929491,SPOP-mediated proteasomal degradation of PD-L1(CD274),reactome
R-HSA-9931269,AMPK-induced ERAD and lysosome mediated degradation of PD-L1(CD274),reactome
R-HSA-9931509,"Expression of BMAL (ARNTL), CLOCK, and NPAS2",reactome
R-HSA-9931510,Phosphorylated BMAL1:CLOCK (ARNTL:CLOCK) activates expression of core clock genes,reactome
R-HSA-9931521,The CRY:PER:kinase complex represses transactivation by the BMAL:CLOCK (ARNTL:CLOCK) complex,reactome
R-HSA-9931529,Phosphorylation and nuclear translocation of BMAL1 (ARNTL) and CLOCK,reactome
R-HSA-9931530,Phosphorylation and nuclear translocation of the CRY:PER:kinase complex,reactome
R-HSA-9933387,"RORA,B,C and NR1D1 (REV-ERBA) regulate gene expression",reactome
R-HSA-9942503,Differentiation of naive CD+ T cells to T helper 1 cells (Th1 cells),reactome
R-HSA-9942503 [P42224-1],R-HSA-9942503 [P42224-1],reactome
R-HSA-9948001,CASP4 inflammasome assembly,reactome
R-HSA-9948011,CASP5 inflammasome assembly,reactome
R-HSA-9953170,GBP-mediated host defense,reactome
R-HSA-9954709,Ribosome Quality Control (RQC) complex extracts and degrades nascent peptide,reactome
R-HSA-9954714,PELO:HBS1L and ABCE1 dissociate a ribosome on a non-stop mRNA,reactome
R-HSA-9954716,ZNF598 and the Ribosome-associated Quality Trigger (RQT) complex dissociate a ribosome stalled on a no-go mRNA,reactome
R-HSA-9956514,ARG1 variants cause hyperargininemia,reactome
R-HSA-9956593,Enterobacterial factors antagonize host defense ,reactome
R-HSA-9960519,CASP4-mediated substrate cleavage,reactome
R-HSA-9960525,CASP5-mediated substrate cleavage,reactome
R-HSA-9968551,Regulation of GBP-mediated host defense,reactome
R-HSA-9969896,Lanosterol biosynthesis,reactome
R-HSA-9969901,Cholesterol biosynthesis from zymosterol (modified Kandutsch-Russell pathway),reactome
GO:0001510,RNA methylation,go
GO:0008380,RNA splicing,go
GO:0043489,RNA stabilization,go
GO:0006278,RNA-templated DNA biosynthetic process,go
GO:0001172,RNA-templated transcription,go
GO:0016601,Rac protein signal transduction,go
GO:0007265,Ras protein signal transduction,go
GO:0007266,Rho protein signal transduction,go
GO:0046500,S-adenosylmethionine metabolic process,go
GO:0086015,SA node cell action potential,go
GO:0086018,SA node cell to atrial cardiac muscle cell signaling,go
GO:0031146,SCF-dependent proteasomal ubiquitin-dependent protein catabolic process,go
GO:0060395,SMAD protein signal transduction,go
GO:0035493,SNARE complex assembly,go
GO:0014044,Schwann cell development,go
GO:0060009,Sertoli cell development,go
GO:0060010,Sertoli cell fate commitment,go
GO:0042110,T cell activation,go
GO:0002291,T cell activation via T cell receptor contact with antigen bound to MHC molecule on antigen presenting cell,go
GO:0010818,T cell chemotaxis,go
GO:0031295,T cell costimulation,go
GO:0030217,T cell differentiation,go
GO:0050852,T cell receptor signaling pathway,go
GO:0061470,T follicular helper cell differentiation,go
GO:0035711,T-helper 1 cell activation,go
GO:0045063,T-helper 1 cell differentiation,go
GO:0002296,T-helper 1 cell lineage commitment,go
GO:0072539,T-helper 17 cell differentiation,go
GO:0042093,T-helper cell differentiation,go
GO:0031929,TOR signaling,go
GO:0038202,TORC1 signaling,go
GO:0038203,TORC2 signaling,go
GO:0036462,TRAIL-activated apoptotic signaling pathway,go
GO:0048014,Tie signaling pathway,go
GO:0006225,UDP biosynthetic process,go
GO:0033151,V(D)J recombination,go
GO:0016055,Wnt signaling pathway,go
GO:0006581,acetylcholine catabolic process,go
GO:0001507,acetylcholine catabolic process in synaptic cleft,go
GO:0095500,acetylcholine receptor signaling pathway,go
GO:0015870,acetylcholine transport,go
GO:0046717,acid secretion,go
GO:0030036,actin cytoskeleton organization,go
GO:0007015,actin filament organization,go
GO:0008154,actin polymerization or depolymerization,go
GO:0098870,action potential propagation,go
GO:0050798,activated T cell proliferation,go
GO:0007190,activation of adenylate cyclase activity,go
GO:0002543,activation of blood coagulation via clotting cascade,go
GO:0002218,activation of innate immune response,go
GO:0002541,activation of plasma proteins involved in acute inflammatory response,go
GO:0032237,activation of store-operated calcium channel activity,go
GO:0006924,activation-induced cell death of T cells,go
GO:0032924,activin receptor signaling pathway,go
GO:0002438,acute inflammatory response to antigenic stimulus,go
GO:0006953,acute-phase response,go
GO:0055090,acylglycerol homeostasis,go
GO:0002250,adaptive immune response,go
GO:0021984,adenohypophysis development,go
GO:0006154,adenosine catabolic process,go
GO:0006169,adenosine salvage,go
GO:0038184,adenylate cyclase-activating G protein-coupled bile acid receptor signaling pathway,go
GO:0007189,adenylate cyclase-activating G protein-coupled receptor signaling pathway,go
GO:0071880,adenylate cyclase-activating adrenergic receptor signaling pathway,go
GO:0007191,adenylate cyclase-activating dopamine receptor signaling pathway,go
GO:0007192,adenylate cyclase-activating serotonin receptor signaling pathway,go
GO:0007197,adenylate cyclase-inhibiting G protein-coupled acetylcholine receptor signaling pathway,go
GO:0007196,adenylate cyclase-inhibiting G protein-coupled glutamate receptor signaling pathway,go
GO:0007193,adenylate cyclase-inhibiting G protein-coupled receptor signaling pathway,go
GO:0071881,adenylate cyclase-inhibiting adrenergic receptor signaling pathway,go
GO:0007195,adenylate cyclase-inhibiting dopamine receptor signaling pathway,go
GO:0031635,adenylate cyclase-inhibiting opioid receptor signaling pathway,go
GO:0007198,adenylate cyclase-inhibiting serotonin receptor signaling pathway,go
GO:0007188,adenylate cyclase-modulating G protein-coupled receptor signaling pathway,go
GO:0060612,adipose tissue development,go
GO:0030325,adrenal gland development,go
GO:0071875,adrenergic receptor signaling pathway,go
GO:0008343,adult feeding behavior,go
GO:0007512,adult heart development,go
GO:0008344,adult locomotory behavior,go
GO:0007628,adult walking behavior,go
GO:0009060,aerobic respiration,go
GO:0046223,aflatoxin catabolic process,go
GO:0046222,aflatoxin metabolic process,go
GO:0070842,aggresome assembly,go
GO:0006066,alcohol metabolic process,go
GO:0046185,aldehyde catabolic process,go
GO:0032342,aldosterone biosynthetic process,go
GO:0009822,alkaloid catabolic process,go
GO:0009820,alkaloid metabolic process,go
GO:0000255,allantoin metabolic process,go
GO:0015742,alpha-ketoglutarate transport,go
GO:0009308,amine metabolic process,go
GO:0015837,amine transport,go
GO:0089718,amino acid import across plasma membrane,go
GO:0006520,amino acid metabolic process,go
GO:0006865,amino acid transport,go
GO:1990000,amyloid fibril formation,go
GO:0042987,amyloid precursor protein catabolic process,go
GO:0042982,amyloid precursor protein metabolic process,go
GO:0097242,amyloid-beta clearance,go
GO:0150094,amyloid-beta clearance by cellular catabolic process,go
GO:0034205,amyloid-beta formation,go
GO:0050435,amyloid-beta metabolic process,go
GO:0009653,anatomical structure morphogenesis,go
GO:0006702,androgen biosynthetic process,go
GO:0006710,androgen catabolic process,go
GO:0008209,androgen metabolic process,go
GO:0030521,androgen receptor signaling pathway,go
GO:0001525,angiogenesis,go
GO:0002003,angiotensin maturation,go
GO:0038166,angiotensin-activated signaling pathway,go
GO:0003051,angiotensin-mediated drinking behavior,go
GO:0048513,animal organ development,go
GO:0031100,animal organ regeneration,go
GO:0043276,anoikis,go
GO:0140367,antibacterial innate immune response,go
GO:0002480,"antigen processing and presentation of exogenous peptide antigen via MHC class I, TAP-independent",go
GO:0019886,antigen processing and presentation of exogenous peptide antigen via MHC class II,go
GO:0002474,antigen processing and presentation of peptide antigen via MHC class I,go
GO:0061844,antimicrobial humoral immune response mediated by antimicrobial peptide,go
GO:0140374,antiviral innate immune response,go
GO:0035904,aorta development,go
GO:0003180,aortic valve morphogenesis,go
GO:0060183,apelin receptor signaling pathway,go
GO:0043277,apoptotic cell clearance,go
GO:0030263,apoptotic chromosome condensation,go
GO:0008637,apoptotic mitochondrial changes,go
GO:0006915,apoptotic process,go
GO:0097190,apoptotic signaling pathway,go
GO:0019369,arachidonate metabolic process,go
GO:0050482,arachidonate secretion,go
GO:0006525,arginine metabolic process,go
GO:0014824,artery smooth muscle contraction,go
GO:0008306,associative learning,go
GO:0048143,astrocyte activation,go
GO:0002265,astrocyte activation involved in immune response,go
GO:0014002,astrocyte development,go
GO:0048708,astrocyte differentiation,go
GO:0086014,atrial cardiac muscle cell action potential,go
GO:0003283,atrial septum development,go
GO:0003171,atrioventricular valve development,go
GO:0003181,atrioventricular valve morphogenesis,go
GO:0031223,auditory behavior,go
GO:0006914,autophagy,go
GO:0008088,axo-dendritic transport,go
GO:0061564,axon development,go
GO:0008366,axon ensheathment,go
GO:0048675,axon extension,go
GO:0007411,axon guidance,go
GO:0016199,axon midline choice point recognition,go
GO:0031103,axon regeneration,go
GO:0007413,axonal fasciculation,go
GO:0098930,axonal transport,go
GO:0019896,axonal transport of mitochondrion,go
GO:0007409,axonogenesis,go
GO:0006284,base-excision repair,go
GO:0006287,"base-excision repair, gap-filling",go
GO:0034769,basement membrane disassembly,go
GO:0002209,behavioral defense response,go
GO:0001662,behavioral fear response,go
GO:0048148,behavioral response to cocaine,go
GO:0048149,behavioral response to ethanol,go
GO:0035095,behavioral response to nicotine,go
GO:0048266,behavioral response to pain,go
GO:0160274,beige fat cell differentiation,go
GO:0018910,benzene metabolic process,go
GO:0160213,beta-arrestin-dependent dopamine receptor signaling pathway,go
GO:1901805,beta-glucoside catabolic process,go
GO:0015701,bicarbonate transport,go
GO:0015721,bile acid and bile salt transport,go
GO:0006699,bile acid biosynthetic process,go
GO:0030573,bile acid catabolic process,go
GO:0008206,bile acid metabolic process,go
GO:0032782,bile acid secretion,go
GO:0006789,bilirubin conjugation,go
GO:0015723,bilirubin transport,go
GO:0006576,biogenic amine metabolic process,go
GO:0031214,biomineral tissue development,go
GO:0002812,biosynthetic process of antibacterial peptides active against Gram-negative bacteria,go
GO:0015878,biotin transport,go
GO:0008015,blood circulation,go
GO:0007596,blood coagulation,go
GO:0001568,blood vessel development,go
GO:0097746,blood vessel diameter maintenance,go
GO:0048514,blood vessel morphogenesis,go
GO:0001974,blood vessel remodeling,go
GO:0060348,bone development,go
GO:0030282,bone mineralization,go
GO:0060349,bone morphogenesis,go
GO:0046849,bone remodeling,go
GO:0045453,bone resorption,go
GO:0010815,bradykinin catabolic process,go
GO:0048854,brain morphogenesis,go
GO:0003360,brainstem development,go
GO:0001569,branching involved in blood vessel morphogenesis,go
GO:0048755,branching morphogenesis of a nerve,go
GO:0048754,branching morphogenesis of an epithelial tube,go
GO:0050873,brown fat cell differentiation,go
GO:0086043,bundle of His cell action potential,go
GO:0006198,cAMP catabolic process,go
GO:0070730,cAMP transport,go
GO:0140896,cGAS/STING signaling pathway,go
GO:0046069,cGMP catabolic process,go
GO:0033173,calcineurin-NFAT signaling cascade,go
GO:0097720,calcineurin-mediated signaling,go
GO:0055074,calcium ion homeostasis,go
GO:0070509,calcium ion import,go
GO:0098703,calcium ion import across plasma membrane,go
GO:1902656,calcium ion import into cytosol,go
GO:0097553,calcium ion transmembrane import into cytosol,go
GO:0070588,calcium ion transmembrane transport,go
GO:0061577,calcium ion transmembrane transport via high voltage-gated calcium channel,go
GO:0006816,calcium ion transport,go
GO:0060402,calcium ion transport into cytosol,go
GO:0016339,calcium-dependent cell-cell adhesion,go
GO:0019722,calcium-mediated signaling,go
GO:0043010,camera-type eye development,go
GO:0015722,canalicular bile acid transport,go
GO:0038171,cannabinoid signaling pathway,go
GO:0007249,canonical NF-kappaB signal transduction,go
GO:0060070,canonical Wnt signaling pathway,go
GO:0061621,canonical glycolysis,go
GO:0005975,carbohydrate metabolic process,go
GO:0015670,carbon dioxide transport,go
GO:0018885,carbon tetrachloride metabolic process,go
GO:0019752,carboxylic acid metabolic process,go
GO:1905039,carboxylic acid transmembrane transport,go
GO:0046942,carboxylic acid transport,go
GO:0055006,cardiac cell development,go
GO:0061337,cardiac conduction,go
GO:0003161,cardiac conduction system development,go
GO:0086001,cardiac muscle cell action potential,go
GO:0086002,cardiac muscle cell action potential involved in contraction,go
GO:0086003,cardiac muscle cell contraction,go
GO:0060048,cardiac muscle contraction,go
GO:0003300,cardiac muscle hypertrophy,go
GO:0014898,cardiac muscle hypertrophy in response to stress,go
GO:0048738,cardiac muscle tissue development,go
GO:0003231,cardiac ventricle development,go
GO:0001502,cartilage condensation,go
GO:0051216,cartilage development,go
GO:0006584,catecholamine metabolic process,go
GO:0090493,catecholamine uptake,go
GO:0072584,caveolin-mediated endocytosis,go
GO:0007155,cell adhesion,go
GO:0033627,cell adhesion mediated by integrin,go
GO:0060326,cell chemotaxis,go
GO:0007154,cell communication,go
GO:0086064,cell communication by electrical coupling involved in cardiac conduction,go
GO:0044839,cell cycle G2/M phase transition,go
GO:0008219,cell death,go
GO:0043697,cell dedifferentiation,go
GO:0048468,cell development,go
GO:0030154,cell differentiation,go
GO:0051301,cell division,go
GO:0045165,cell fate commitment,go
GO:0001709,cell fate determination,go
GO:0048469,cell maturation,go
GO:0016477,cell migration,go
GO:0002042,cell migration involved in sprouting angiogenesis,go
GO:0000902,cell morphogenesis,go
GO:0008283,cell population proliferation,go
GO:0030030,cell projection organization,go
GO:0071838,cell proliferation in bone marrow,go
GO:0045454,cell redox homeostasis,go
GO:0007169,cell surface receptor protein tyrosine kinase signaling pathway,go
GO:0007166,cell surface receptor signaling pathway,go
GO:0007259,cell surface receptor signaling pathway via JAK-STAT,go
GO:0097696,cell surface receptor signaling pathway via STAT,go
GO:0098609,cell-cell adhesion,go
GO:0033631,cell-cell adhesion mediated by integrin,go
GO:0007043,cell-cell junction assembly,go
GO:0045216,cell-cell junction organization,go
GO:0007267,cell-cell signaling,go
GO:0007160,cell-matrix adhesion,go
GO:0006968,cellular defense response,go
GO:1990748,cellular detoxification,go
GO:0110095,cellular detoxification of aldehyde,go
GO:0070458,cellular detoxification of nitrogen compound,go
GO:0070370,cellular heat acclimation,go
GO:0019725,cellular homeostasis,go
GO:0071475,cellular hyperosmotic salinity response,go
GO:1904566,cellular response to 1-oleoyl-sn-glycerol 3-phosphate,go
GO:1904613,"cellular response to 2,3,7,8-tetrachlorodibenzodioxine",go
GO:0071318,cellular response to ATP,go
GO:1905232,cellular response to L-glutamate,go
GO:0071233,cellular response to L-leucine,go
GO:0034644,cellular response to UV,go
GO:0071492,cellular response to UV-A,go
GO:0071493,cellular response to UV-B,go
GO:0071481,cellular response to X-ray,go
GO:0071468,cellular response to acidic pH,go
GO:0071312,cellular response to alkaloid,go
GO:0034198,cellular response to amino acid starvation,go
GO:0071230,cellular response to amino acid stimulus,go
GO:1904646,cellular response to amyloid-beta,go
GO:1904385,cellular response to angiotensin,go
GO:1904551,cellular response to arachidonate,go
GO:0071243,cellular response to arsenic-containing substance,go
GO:1903413,cellular response to bile acid,go
GO:1990416,cellular response to brain-derived neurotrophic factor stimulus,go
GO:0071320,cellular response to cAMP,go
GO:0071321,cellular response to cGMP,go
GO:0071276,cellular response to cadmium ion,go
GO:0071313,cellular response to caffeine,go
GO:0071277,cellular response to calcium ion,go
GO:0072732,cellular response to calcium ion starvation,go
GO:0072757,cellular response to camptothecin,go
GO:0071244,cellular response to carbon dioxide,go
GO:0071460,cellular response to cell-matrix adhesion,go
GO:0071397,cellular response to cholesterol,go
GO:0072719,cellular response to cisplatin,go
GO:0070417,cellular response to cold,go
GO:0071280,cellular response to copper ion,go
GO:0071384,cellular response to corticosteroid stimulus,go
GO:0071345,cellular response to cytokine stimulus,go
GO:0071549,cellular response to dexamethasone stimulus,go
GO:1903351,cellular response to dopamine,go
GO:1990859,cellular response to endothelin,go
GO:0071364,cellular response to epidermal growth factor stimulus,go
GO:0071872,cellular response to epinephrine stimulus,go
GO:0036018,cellular response to erythropoietin,go
GO:0071392,cellular response to estradiol stimulus,go
GO:0071391,cellular response to estrogen stimulus,go
GO:0071361,cellular response to ethanol,go
GO:0071360,cellular response to exogenous dsRNA,go
GO:0071398,cellular response to fatty acid,go
GO:0044344,cellular response to fibroblast growth factor stimulus,go
GO:1905396,cellular response to flavonoid,go
GO:0071498,cellular response to fluid shear stress,go
GO:0071240,cellular response to food,go
GO:1904322,cellular response to forskolin,go
GO:0071332,cellular response to fructose stimulus,go
GO:0071480,cellular response to gamma radiation,go
GO:0071385,cellular response to glucocorticoid stimulus,go
GO:0042149,cellular response to glucose starvation,go
GO:0071333,cellular response to glucose stimulus,go
GO:1905430,cellular response to glycine,go
GO:0071363,cellular response to growth factor stimulus,go
GO:0034605,cellular response to heat,go
GO:0071420,cellular response to histamine,go
GO:0032870,cellular response to hormone stimulus,go
GO:0070301,cellular response to hydrogen peroxide,go
GO:1904881,cellular response to hydrogen sulfide,go
GO:0071464,cellular response to hydrostatic pressure,go
GO:0071455,cellular response to hyperoxia,go
GO:0071456,cellular response to hypoxia,go
GO:0032869,cellular response to insulin stimulus,go
GO:1990314,cellular response to insulin-like growth factor stimulus,go
GO:0035457,cellular response to interferon-alpha,go
GO:0035458,cellular response to interferon-beta,go
GO:0071347,cellular response to interleukin-1,go
GO:0035963,cellular response to interleukin-13,go
GO:0036016,cellular response to interleukin-3,go
GO:0071353,cellular response to interleukin-4,go
GO:0071479,cellular response to ionizing radiation,go
GO:0071395,cellular response to jasmonic acid stimulus,go
GO:0071499,cellular response to laminar fluid shear stress,go
GO:0044320,cellular response to leptin stimulus,go
GO:1990253,cellular response to leucine starvation,go
GO:0071396,cellular response to lipid,go
GO:0071222,cellular response to lipopolysaccharide,go
GO:0071402,cellular response to lipoprotein particle stimulus,go
GO:0071223,cellular response to lipoteichoic acid,go
GO:0071404,cellular response to low-density lipoprotein particle stimulus,go
GO:0071287,cellular response to manganese ion,go
GO:0071260,cellular response to mechanical stimulus,go
GO:0071248,cellular response to metal ion,go
GO:0061431,cellular response to methionine,go
GO:0071219,cellular response to molecule of bacterial origin,go
GO:1990090,cellular response to nerve growth factor stimulus,go
GO:0071316,cellular response to nicotine,go
GO:0071732,cellular response to nitric oxide,go
GO:0071500,cellular response to nitrosative stress,go
GO:0071471,cellular response to non-ionic osmotic stress,go
GO:0071874,cellular response to norepinephrine stimulus,go
GO:0031670,cellular response to nutrient,go
GO:0031669,cellular response to nutrient levels,go
GO:0071470,cellular response to osmotic stress,go
GO:0034599,cellular response to oxidative stress,go
GO:0140052,cellular response to oxidised low-density lipoprotein particle stimulus,go
GO:0071453,cellular response to oxygen levels,go
GO:1901701,cellular response to oxygen-containing compound,go
GO:0071374,cellular response to parathyroid hormone stimulus,go
GO:0071375,cellular response to peptide hormone stimulus,go
GO:0036120,cellular response to platelet-derived growth factor stimulus,go
GO:0035865,cellular response to potassium ion,go
GO:0071393,cellular response to progesterone stimulus,go
GO:0071799,cellular response to prostaglandin D stimulus,go
GO:0071380,cellular response to prostaglandin E stimulus,go
GO:0071379,cellular response to prostaglandin stimulus,go
GO:0071415,cellular response to purine-containing compound,go
GO:1905835,cellular response to pyrimidine ribonucleotide,go
GO:0072752,cellular response to rapamycin,go
GO:0034614,cellular response to reactive oxygen species,go
GO:0071300,cellular response to retinoic acid,go
GO:1902075,cellular response to salt,go
GO:1904015,cellular response to serotonin,go
GO:0009267,cellular response to starvation,go
GO:0072734,cellular response to staurosporine,go
GO:0071383,cellular response to steroid hormone stimulus,go
GO:0036315,cellular response to sterol,go
GO:0033554,cellular response to stress,go
GO:0071394,cellular response to testosterone stimulus,go
GO:0097067,cellular response to thyroid hormone stimulus,go
GO:0035967,cellular response to topologically incorrect protein,go
GO:0097237,cellular response to toxic substance,go
GO:0071560,cellular response to transforming growth factor beta stimulus,go
GO:0071401,cellular response to triglyceride,go
GO:0071356,cellular response to tumor necrosis factor,go
GO:0071346,cellular response to type II interferon,go
GO:0034620,cellular response to unfolded protein,go
GO:0035924,cellular response to vascular endothelial growth factor stimulus,go
GO:0098586,cellular response to virus,go
GO:0071306,cellular response to vitamin E,go
GO:0042631,cellular response to water deprivation,go
GO:0071466,cellular response to xenobiotic stimulus,go
GO:0071294,cellular response to zinc ion,go
GO:0090398,cellular senescence,go
GO:0007417,central nervous system development,go
GO:0021955,central nervous system neuron axonogenesis,go
GO:0021954,central nervous system neuron development,go
GO:0007098,centrosome cycle,go
GO:0046513,ceramide biosynthetic process,go
GO:0006672,ceramide metabolic process,go
GO:0099040,ceramide translocation,go
GO:0035627,ceramide transport,go
GO:0021696,cerebellar cortex morphogenesis,go
GO:0021930,cerebellar granule cell precursor proliferation,go
GO:0021549,cerebellum development,go
GO:0021853,cerebral cortex GABAergic interneuron migration,go
GO:0021795,cerebral cortex cell migration,go
GO:0021987,cerebral cortex development,go
GO:0021801,cerebral cortex radial glia-guided migration,go
GO:0061684,chaperone-mediated autophagy,go
GO:1904764,chaperone-mediated autophagy translocation complex disassembly,go
GO:0051131,chaperone-mediated protein complex assembly,go
GO:0007268,chemical synaptic transmission,go
GO:0099565,"chemical synaptic transmission, postsynaptic",go
GO:0070098,chemokine-mediated signaling pathway,go
GO:0007635,chemosensory behavior,go
GO:0006935,chemotaxis,go
GO:0055064,chloride ion homeostasis,go
GO:1902476,chloride transmembrane transport,go
GO:0006821,chloride transport,go
GO:0038188,cholecystokinin signaling pathway,go
GO:0006695,cholesterol biosynthetic process,go
GO:0033489,cholesterol biosynthetic process via desmosterol,go
GO:0033490,cholesterol biosynthetic process via lathosterol,go
GO:0006707,cholesterol catabolic process,go
GO:0033344,cholesterol efflux,go
GO:0090122,cholesterol ester hydrolysis involved in cholesterol transport,go
GO:0042632,cholesterol homeostasis,go
GO:0008203,cholesterol metabolic process,go
GO:0030301,cholesterol transport,go
GO:0019695,choline metabolic process,go
GO:0015871,choline transport,go
GO:0043009,chordate embryonic development,go
GO:0006325,chromatin organization,go
GO:0006338,chromatin remodeling,go
GO:0141119,chromosomal DNA methylation maintenance following DNA replication,go
GO:0030261,chromosome condensation,go
GO:0070192,chromosome organization involved in meiotic cell cycle,go
GO:0007059,chromosome segregation,go
GO:0002439,chronic inflammatory response to antigenic stimulus,go
GO:0034382,chylomicron remnant clearance,go
GO:0060271,cilium assembly,go
GO:0061523,cilium disassembly,go
GO:0048512,circadian behavior,go
GO:0032922,circadian regulation of gene expression,go
GO:0007623,circadian rhythm,go
GO:0072359,circulatory system development,go
GO:0099049,clathrin coat assembly involved in endocytosis,go
GO:0072318,clathrin coat disassembly,go
GO:0036089,cleavage furrow formation,go
GO:0015889,cobalamin transport,go
GO:0050784,cocaine catabolic process,go
GO:0090102,cochlea development,go
GO:0090103,cochlea morphogenesis,go
GO:0015936,coenzyme A metabolic process,go
GO:0050890,cognition,go
GO:0030574,collagen catabolic process,go
GO:0030199,collagen fibril organization,go
GO:0032963,collagen metabolic process,go
GO:0038065,collagen-activated signaling pathway,go
GO:0038063,collagen-activated tyrosine kinase receptor signaling pathway,go
GO:0048669,collateral sprouting in absence of injury,go
GO:0035726,common myeloid progenitor cell proliferation,go
GO:0002430,complement receptor mediated signaling pathway,go
GO:1990708,conditioned place preference,go
GO:0002248,connective tissue replacement involved in inflammatory response wound healing,go
GO:0006825,copper ion transport,go
GO:0060976,coronary vasculature development,go
GO:0022038,corpus callosum development,go
GO:0034651,cortisol biosynthetic process,go
GO:0034650,cortisol metabolic process,go
GO:0046226,coumarin catabolic process,go
GO:0009804,coumarin metabolic process,go
GO:0046449,creatinine metabolic process,go
GO:0009440,cyanate catabolic process,go
GO:0070729,cyclic nucleotide transport,go
GO:0019371,cyclooxygenase pathway,go
GO:0140447,cytokine precursor processing,go
GO:0019221,cytokine-mediated signaling pathway,go
GO:0051838,cytolysis by host of symbiont cells,go
GO:0031122,cytoplasmic microtubule organization,go
GO:0002753,cytoplasmic pattern recognition receptor signaling pathway,go
GO:0002181,cytoplasmic translation,go
GO:0007010,cytoskeleton organization,go
GO:0046059,dAMP catabolic process,go
GO:0046055,dGMP catabolic process,go
GO:0044597,daunorubicin metabolic process,go
GO:0046697,decidualization,go
GO:0006952,defense response,go
GO:0050829,defense response to Gram-negative bacterium,go
GO:0050830,defense response to Gram-positive bacterium,go
GO:0042742,defense response to bacterium,go
GO:0042832,defense response to protozoan,go
GO:0051607,defense response to virus,go
GO:0060216,definitive hemopoiesis,go
GO:0140059,dendrite arborization,go
GO:0016358,dendrite development,go
GO:0002407,dendritic cell chemotaxis,go
GO:0097028,dendritic cell differentiation,go
GO:0036145,dendritic cell homeostasis,go
GO:0036336,dendritic cell migration,go
GO:0097062,dendritic spine maintenance,go
GO:0097061,dendritic spine organization,go
GO:0021542,dentate gyrus development,go
GO:0097187,dentinogenesis,go
GO:0006157,deoxyadenosine catabolic process,go
GO:0006161,deoxyguanosine catabolic process,go
GO:0006149,deoxyinosine catabolic process,go
GO:0016311,dephosphorylation,go
GO:0002159,desmosome assembly,go
GO:0005513,detection of calcium ion,go
GO:0001580,detection of chemical stimulus involved in sensory perception of bitter taste,go
GO:0050968,detection of chemical stimulus involved in sensory perception of pain,go
GO:0050974,detection of mechanical stimulus involved in sensory perception,go
GO:0050966,detection of mechanical stimulus involved in sensory perception of pain,go
GO:0050910,detection of mechanical stimulus involved in sensory perception of sound,go
GO:0050976,detection of mechanical stimulus involved in sensory perception of touch,go
GO:0050965,detection of temperature stimulus involved in sensory perception of pain,go
GO:0098754,detoxification,go
GO:0010273,detoxification of copper ion,go
GO:0048589,developmental growth,go
GO:0032502,developmental process,go
GO:0019341,dibenzo-p-dioxin catabolic process,go
GO:0018894,dibenzo-p-dioxin metabolic process,go
GO:0007586,digestion,go
GO:0048565,digestive tract development,go
GO:0048546,digestive tract morphogenesis,go
GO:0046452,dihydrofolate metabolic process,go
GO:0140206,dipeptide import across plasma membrane,go
GO:0042938,dipeptide transport,go
GO:0016101,diterpenoid metabolic process,go
GO:0042416,dopamine biosynthetic process,go
GO:0042420,dopamine catabolic process,go
GO:0042417,dopamine metabolic process,go
GO:0015872,dopamine transport,go
GO:0090494,dopamine uptake,go
GO:0051583,dopamine uptake involved in synaptic transmission,go
GO:0009048,dosage compensation by inactivation of X chromosome,go
GO:0006302,double-strand break repair,go
GO:1990918,double-strand break repair involved in meiotic recombination,go
GO:0000724,double-strand break repair via homologous recombination,go
GO:0006303,double-strand break repair via nonhomologous end joining,go
GO:0045002,double-strand break repair via single-strand annealing,go
GO:0044598,doxorubicin metabolic process,go
GO:0042756,drinking behavior,go
GO:0042755,eating behavior,go
GO:0048251,elastic fiber assembly,go
GO:0060309,elastin catabolic process,go
GO:0051541,elastin metabolic process,go
GO:0009792,embryo development ending in birth or egg hatching,go
GO:0007566,embryo implantation,go
GO:0040016,embryonic cleavage,go
GO:0048566,embryonic digestive tract development,go
GO:0042733,embryonic digit morphogenesis,go
GO:0048048,embryonic eye morphogenesis,go
GO:0035115,embryonic forelimb morphogenesis,go
GO:0035162,embryonic hemopoiesis,go
GO:0035116,embryonic hindlimb morphogenesis,go
GO:0030326,embryonic limb morphogenesis,go
GO:0048598,embryonic morphogenesis,go
GO:0003272,endocardial cushion formation,go
GO:0003203,endocardial cushion morphogenesis,go
GO:0003157,endocardium development,go
GO:0001958,endochondral ossification,go
GO:0006897,endocytosis,go
GO:0035987,endodermal cell differentiation,go
GO:0032469,endoplasmic reticulum calcium ion homeostasis,go
GO:0030968,endoplasmic reticulum unfolded protein response,go
GO:0007032,endosome organization,go
GO:0008333,endosome to lysosome transport,go
GO:0032509,endosome transport via multivesicular body sorting pathway,go
GO:0042118,endothelial cell activation,go
GO:0072577,endothelial cell apoptotic process,go
GO:0035767,endothelial cell chemotaxis,go
GO:0045446,endothelial cell differentiation,go
GO:0043542,endothelial cell migration,go
GO:0001886,endothelial cell morphogenesis,go
GO:0001935,endothelial cell proliferation,go
GO:0098508,endothelial to hematopoietic transition,go
GO:0003158,endothelium development,go
GO:0097009,energy homeostasis,go
GO:0006112,energy reserve metabolic process,go
GO:0048484,enteric nervous system development,go
GO:0098670,entry receptor-mediated virion attachment to host cell,go
GO:0007167,enzyme-linked receptor protein signaling pathway,go
GO:0048245,eosinophil chemotaxis,go
GO:0048013,ephrin receptor signaling pathway,go
GO:0009913,epidermal cell differentiation,go
GO:0007173,epidermal growth factor receptor signaling pathway,go
GO:0008544,epidermis development,go
GO:0040029,epigenetic regulation of gene expression,go
GO:0042414,epinephrine metabolic process,go
GO:0048241,epinephrine transport,go
GO:0030855,epithelial cell differentiation,go
GO:0050673,epithelial cell proliferation,go
GO:0001837,epithelial to mesenchymal transition,go
GO:0097176,epoxide metabolic process,go
GO:0019373,epoxygenase P450 pathway,go
GO:0070987,error-free translesion synthesis,go
GO:0042276,error-prone translesion synthesis,go
GO:0030218,erythrocyte differentiation,go
GO:0038162,erythropoietin-mediated signaling pathway,go
GO:0097694,establishment of RNA localization to telomere,go
GO:0030010,establishment of cell polarity,go
GO:0061028,establishment of endothelial barrier,go
GO:0051649,establishment of localization in cell,go
GO:0034087,establishment of mitotic sister chromatid cohesion,go
GO:0000132,establishment of mitotic spindle orientation,go
GO:0072655,establishment of protein localization to mitochondrion,go
GO:0070200,establishment of protein localization to telomere,go
GO:0097695,establishment of protein-containing complex localization to telomere,go
GO:0061436,establishment of skin barrier,go
GO:0010248,establishment or maintenance of transmembrane electrochemical gradient,go
GO:0006703,estrogen biosynthetic process,go
GO:0006711,estrogen catabolic process,go
GO:0008210,estrogen metabolic process,go
GO:0030520,estrogen receptor signaling pathway,go
GO:0044849,estrous cycle,go
GO:0006068,ethanol catabolic process,go
GO:0006067,ethanol metabolic process,go
GO:0009692,ethylene metabolic process,go
GO:0060079,excitatory postsynaptic potential,go
GO:0097194,execution phase of apoptosis,go
GO:0031017,exocrine pancreas development,go
GO:0035640,exploration behavior,go
GO:0140115,export across plasma membrane,go
GO:0022617,extracellular matrix disassembly,go
GO:0030198,extracellular matrix organization,go
GO:0160001,extrasynaptic signaling via GABA,go
GO:0097191,extrinsic apoptotic signaling pathway,go
GO:0097192,extrinsic apoptotic signaling pathway in absence of ligand,go
GO:0008625,extrinsic apoptotic signaling pathway via death domain receptors,go
GO:0006726,eye pigment biosynthetic process,go
GO:0061029,eyelid development in camera-type eye,go
GO:0060325,face morphogenesis,go
GO:0140718,facultative heterochromatin formation,go
GO:0016488,farnesol catabolic process,go
GO:0045337,farnesyl diphosphate biosynthetic process,go
GO:0010142,"farnesyl diphosphate biosynthetic process, mevalonate pathway",go
GO:0045444,fat cell differentiation,go
GO:0006635,fatty acid beta-oxidation,go
GO:0006633,fatty acid biosynthetic process,go
GO:0009062,fatty acid catabolic process,go
GO:0055089,fatty acid homeostasis,go
GO:0006631,fatty acid metabolic process,go
GO:0019395,fatty acid oxidation,go
GO:0015908,fatty acid transport,go
GO:0007631,feeding behavior,go
GO:0030540,female genitalia development,go
GO:0008585,female gonad development,go
GO:0007143,female meiotic nuclear division,go
GO:0007565,female pregnancy,go
GO:0042730,fibrinolysis,go
GO:0008543,fibroblast growth factor receptor signaling pathway,go
GO:0010761,fibroblast migration,go
GO:0051552,flavone metabolic process,go
GO:0009812,flavonoid metabolic process,go
GO:0021508,floor plate formation,go
GO:0048041,focal adhesion assembly,go
GO:0046655,folic acid metabolic process,go
GO:0021861,forebrain radial glial cell differentiation,go
GO:0006003,"fructose 2,6-bisphosphate metabolic process",go
GO:0046370,fructose biosynthetic process,go
GO:0006000,fructose metabolic process,go
GO:0061198,fungiform papilla formation,go
GO:0051936,gamma-aminobutyric acid reuptake,go
GO:0007214,gamma-aminobutyric acid signaling pathway,go
GO:0015812,gamma-aminobutyric acid transport,go
GO:0001696,gastric acid secretion,go
GO:0007369,gastrulation,go
GO:0010467,gene expression,go
GO:0048699,generation of neurons,go
GO:0006091,generation of precursor metabolites and energy,go
GO:0071514,genomic imprinting,go
GO:0033384,geranyl diphosphate biosynthetic process,go
GO:0033386,geranylgeranyl diphosphate biosynthetic process,go
GO:0007281,germ cell development,go
GO:0008354,germ cell migration,go
GO:0036321,ghrelin secretion,go
GO:0034349,glial cell apoptotic process,go
GO:0008347,glial cell migration,go
GO:0042063,gliogenesis,go
GO:0072012,glomerulus vasculature development,go
GO:0120116,glucagon processing,go
GO:0006704,glucocorticoid biosynthetic process,go
GO:0006713,glucocorticoid catabolic process,go
GO:0008211,glucocorticoid metabolic process,go
GO:0006094,gluconeogenesis,go
GO:0042593,glucose homeostasis,go
GO:0010255,glucose mediated signaling pathway,go
GO:0006006,glucose metabolic process,go
GO:0006680,glucosylceramide catabolic process,go
GO:0019585,glucuronate metabolic process,go
GO:0014047,glutamate secretion,go
GO:1901687,glutathione derivative biosynthetic process,go
GO:0006749,glutathione metabolic process,go
GO:0034775,glutathione transmembrane transport,go
GO:0031460,glycine betaine transport,go
GO:1903804,glycine import across plasma membrane,go
GO:0005978,glycogen biosynthetic process,go
GO:0005980,glycogen catabolic process,go
GO:0005977,glycogen metabolic process,go
GO:0009247,glycolipid biosynthetic process,go
GO:0006096,glycolytic process,go
GO:0009101,glycoprotein biosynthetic process,go
GO:0006688,glycosphingolipid biosynthetic process,go
GO:0008406,gonad development,go
GO:0007625,grooming behavior,go
GO:0060397,growth hormone receptor signaling pathway via JAK-STAT,go
GO:0030252,growth hormone secretion,go
GO:0003430,growth plate cartilage chondrocyte growth,go
GO:0006147,guanine catabolic process,go
GO:0046098,guanine metabolic process,go
GO:0031069,hair follicle morphogenesis,go
GO:0060789,hair follicle placode formation,go
GO:0042197,halogenated hydrocarbon metabolic process,go
GO:0060047,heart contraction,go
GO:0007507,heart development,go
GO:0001947,heart looping,go
GO:0003007,heart morphogenesis,go
GO:0003015,heart process,go
GO:0060347,heart trabecula formation,go
GO:0003170,heart valve development,go
GO:0002244,hematopoietic progenitor cell differentiation,go
GO:0060218,hematopoietic stem cell differentiation,go
GO:0006784,heme A biosynthetic process,go
GO:0006785,heme B biosynthetic process,go
GO:0006783,heme biosynthetic process,go
GO:0042167,heme catabolic process,go
GO:0030097,hemopoiesis,go
GO:0007599,hemostasis,go
GO:0070365,hepatocyte differentiation,go
GO:0048012,hepatocyte growth factor receptor signaling pathway,go
GO:0072574,hepatocyte proliferation,go
GO:0051122,hepoxilin biosynthetic process,go
GO:0031507,heterochromatin formation,go
GO:0070828,heterochromatin organization,go
GO:0007157,heterophilic cell-cell adhesion,go
GO:0034380,high-density lipoprotein particle assembly,go
GO:0034384,high-density lipoprotein particle clearance,go
GO:0034375,high-density lipoprotein particle remodeling,go
GO:0030902,hindbrain development,go
GO:0007442,hindgut morphogenesis,go
GO:0110088,hippocampal neuron apoptotic process,go
GO:0021766,hippocampus development,go
GO:0051608,histamine transport,go
GO:0051615,histamine uptake,go
GO:0071044,histone mRNA catabolic process,go
GO:0042592,homeostatic process,go
GO:0050667,homocysteine metabolic process,go
GO:0042446,hormone biosynthetic process,go
GO:0042447,hormone catabolic process,go
GO:0042445,hormone metabolic process,go
GO:0046879,hormone secretion,go
GO:0009755,hormone-mediated signaling pathway,go
GO:0044794,host-mediated activation of viral process,go
GO:0043923,host-mediated activation of viral transcription,go
GO:0043922,host-mediated suppression of viral transcription,go
GO:0006959,humoral immune response,go
GO:1990384,hyaloid vascular plexus regression,go
GO:0050665,hydrogen peroxide biosynthetic process,go
GO:0042744,hydrogen peroxide catabolic process,go
GO:0042743,hydrogen peroxide metabolic process,go
GO:0021854,hypothalamus development,go
GO:0009114,hypoxanthine catabolic process,go
GO:0046456,icosanoid biosynthetic process,go
GO:0006690,icosanoid metabolic process,go
GO:0002327,immature B cell differentiation,go
GO:0006955,immune response,go
GO:0002429,immune response-activating cell surface receptor signaling pathway,go
GO:0002767,immune response-inhibiting cell surface receptor signaling pathway,go
GO:0002768,immune response-regulating cell surface receptor signaling pathway,go
GO:0002520,immune system development,go
GO:0002376,immune system process,go
GO:0001701,in utero embryonic development,go
GO:0006954,inflammatory response,go
GO:0002437,inflammatory response to antigenic stimulus,go
GO:0090594,inflammatory response to wounding,go
GO:0140928,inhibition of non-skeletal tissue mineralization,go
GO:0060080,inhibitory postsynaptic potential,go
GO:1904862,inhibitory synapse assembly,go
GO:0045087,innate immune response,go
GO:0001826,inner cell mass cell differentiation,go
GO:0048839,inner ear development,go
GO:0060119,inner ear receptor cell development,go
GO:0060384,innervation,go
GO:0030505,inorganic diphosphate transport,go
GO:0006148,inosine catabolic process,go
GO:0032958,inositol phosphate biosynthetic process,go
GO:0043647,inositol phosphate metabolic process,go
GO:0017143,insecticide metabolic process,go
GO:0030070,insulin processing,go
GO:0038020,insulin receptor recycling,go
GO:0008286,insulin receptor signaling pathway,go
GO:0048009,insulin-like growth factor receptor signaling pathway,go
GO:0140467,integrated stress response signaling,go
GO:0007229,integrin-mediated signaling pathway,go
GO:0035722,interleukin-12-mediated signaling pathway,go
GO:0035655,interleukin-18-mediated signaling pathway,go
GO:0038110,interleukin-2-mediated signaling pathway,go
GO:0038155,interleukin-23-mediated signaling pathway,go
GO:0070106,interleukin-27-mediated signaling pathway,go
GO:0061514,interleukin-34-mediated signaling pathway,go
GO:0070102,interleukin-6-mediated signaling pathway,go
GO:0038111,interleukin-7-mediated signaling pathway,go
GO:0038113,interleukin-9-mediated signaling pathway,go
GO:0071831,intermediate-density lipoprotein particle clearance,go
GO:0120009,intermembrane lipid transfer,go
GO:0018393,internal peptidyl-lysine acetylation,go
GO:0006475,internal protein amino acid acetylation,go
GO:0036297,interstrand cross-link repair,go
GO:0050892,intestinal absorption,go
GO:0060576,intestinal epithelial cell development,go
GO:0060729,intestinal epithelial structure maintenance,go
GO:0014827,intestine smooth muscle contraction,go
GO:0006874,intracellular calcium ion homeostasis,go
GO:0030644,intracellular chloride ion homeostasis,go
GO:0032367,intracellular cholesterol transport,go
GO:0006878,intracellular copper ion homeostasis,go
GO:0048312,intracellular distribution of mitochondria,go
GO:0001678,intracellular glucose homeostasis,go
GO:0006879,intracellular iron ion homeostasis,go
GO:0032365,intracellular lipid transport,go
GO:0006873,intracellular monoatomic ion homeostasis,go
GO:0032364,intracellular oxygen homeostasis,go
GO:0030643,intracellular phosphate ion homeostasis,go
GO:0030007,intracellular potassium ion homeostasis,go
GO:0008104,intracellular protein localization,go
GO:0006886,intracellular protein transport,go
GO:0030522,intracellular receptor signaling pathway,go
GO:0035556,intracellular signal transduction,go
GO:0006883,intracellular sodium ion homeostasis,go
GO:0046907,intracellular transport,go
GO:0035356,intracellular triglyceride homeostasis,go
GO:0006882,intracellular zinc ion homeostasis,go
GO:0097193,intrinsic apoptotic signaling pathway,go
GO:0008630,intrinsic apoptotic signaling pathway in response to DNA damage,go
GO:0042771,intrinsic apoptotic signaling pathway in response to DNA damage by p53 class mediator,go
GO:0070059,intrinsic apoptotic signaling pathway in response to endoplasmic reticulum stress,go
GO:0036481,intrinsic apoptotic signaling pathway in response to hydrogen peroxide,go
GO:0008627,intrinsic apoptotic signaling pathway in response to osmotic stress,go
GO:0008631,intrinsic apoptotic signaling pathway in response to oxidative stress,go
GO:0035235,ionotropic glutamate receptor signaling pathway,go
GO:0019287,"isopentenyl diphosphate biosynthetic process, mevalonate pathway",go
GO:0008299,isoprenoid biosynthetic process,go
GO:0033076,isoquinoline alkaloid metabolic process,go
GO:0072051,juxtaglomerular apparatus development,go
GO:0030216,keratinocyte differentiation,go
GO:0042180,ketone metabolic process,go
GO:0001822,kidney development,go
GO:0007595,lactation,go
GO:0006273,lagging strand elongation,go
GO:0030032,lamellipodium assembly,go
GO:0120056,large intestinal transit,go
GO:0021670,lateral ventricle development,go
GO:0006272,leading strand elongation,go
GO:0007612,learning,go
GO:0007611,learning or memory,go
GO:0045321,leukocyte activation,go
GO:0002366,leukocyte activation involved in immune response,go
GO:0061756,leukocyte adhesion to vascular endothelial cell,go
GO:0071887,leukocyte apoptotic process,go
GO:0007159,leukocyte cell-cell adhesion,go
GO:0030595,leukocyte chemotaxis,go
GO:0002232,leukocyte chemotaxis involved in inflammatory response,go
GO:0001776,leukocyte homeostasis,go
GO:0002443,leukocyte mediated immunity,go
GO:0050900,leukocyte migration,go
GO:0002523,leukocyte migration involved in inflammatory response,go
GO:0070661,leukocyte proliferation,go
GO:0050901,leukocyte tethering or rolling,go
GO:1901753,leukotriene A4 biosynthetic process,go
GO:1901751,leukotriene A4 metabolic process,go
GO:0019370,leukotriene biosynthetic process,go
GO:0006691,leukotriene metabolic process,go
GO:0071716,leukotriene transport,go
GO:0060173,limb development,go
GO:0043651,linoleic acid metabolic process,go
GO:0008610,lipid biosynthetic process,go
GO:0016042,lipid catabolic process,go
GO:1905691,lipid droplet disassembly,go
GO:0055088,lipid homeostasis,go
GO:0002933,lipid hydroxylation,go
GO:0006629,lipid metabolic process,go
GO:0034440,lipid oxidation,go
GO:0006869,lipid transport,go
GO:1990379,lipid transport across blood-brain barrier,go
GO:0010877,lipid transport involved in lipid storage,go
GO:0042158,lipoprotein biosynthetic process,go
GO:0042157,lipoprotein metabolic process,go
GO:2001303,lipoxin A4 biosynthetic process,go
GO:2001306,lipoxin B4 biosynthetic process,go
GO:2001301,lipoxin biosynthetic process,go
GO:0019372,lipoxygenase pathway,go
GO:0001889,liver development,go
GO:0097421,liver regeneration,go
GO:0007626,locomotory behavior,go
GO:0035641,locomotory exploration behavior,go
GO:0042759,long-chain fatty acid biosynthetic process,go
GO:0001676,long-chain fatty acid metabolic process,go
GO:0015909,long-chain fatty acid transport,go
GO:0007616,long-term memory,go
GO:0034374,low-density lipoprotein particle remodeling,go
GO:0030324,lung development,go
GO:0001553,luteinization,go
GO:0001554,luteolysis,go
GO:0048535,lymph node development,go
GO:1904977,lymphatic endothelial cell migration,go
GO:0070227,lymphocyte apoptotic process,go
GO:0097022,lymphocyte migration into lymph node,go
GO:0046651,lymphocyte proliferation,go
GO:0006554,lysine catabolic process,go
GO:1905146,lysosomal protein catabolic process,go
GO:0007041,lysosomal transport,go
GO:0032418,lysosome localization,go
GO:0007040,lysosome organization,go
GO:0006402,mRNA catabolic process,go
GO:0061157,mRNA destabilization,go
GO:0006406,mRNA export from nucleus,go
GO:0016556,mRNA modification,go
GO:0006397,mRNA processing,go
GO:0000398,"mRNA splicing, via spliceosome",go
GO:0042789,mRNA transcription by RNA polymerase II,go
GO:0051028,mRNA transport,go
GO:0016236,macroautophagy,go
GO:0098732,macromolecule deacylation,go
GO:0043170,macromolecule metabolic process,go
GO:0002281,macrophage activation involved in immune response,go
GO:0048246,macrophage chemotaxis,go
GO:0030225,macrophage differentiation,go
GO:0044351,macropinocytosis,go
GO:0002034,maintenance of blood vessel diameter homeostasis by renin-angiotensin,go
GO:0030011,maintenance of cell polarity,go
GO:0030277,maintenance of gastrointestinal epithelium,go
GO:0072656,maintenance of protein location in mitochondrion,go
GO:0051457,maintenance of protein location in nucleus,go
GO:0099558,maintenance of synapse structure,go
GO:0030539,male genitalia development,go
GO:0008584,male gonad development,go
GO:0060179,male mating behavior,go
GO:0030238,male sex determination,go
GO:0030879,mammary gland development,go
GO:0060644,mammary gland epithelial cell differentiation,go
GO:0002551,mast cell chemotaxis,go
GO:0043303,mast cell degranulation,go
GO:0060374,mast cell differentiation,go
GO:0070662,mast cell proliferation,go
GO:0002125,maternal aggressive behavior,go
GO:0042711,maternal behavior,go
GO:0060135,maternal process involved in female pregnancy,go
GO:0060137,maternal process involved in parturition,go
GO:0007617,mating behavior,go
GO:0002313,mature B cell differentiation involved in immune response,go
GO:0051791,medium-chain fatty acid metabolic process,go
GO:0035855,megakaryocyte development,go
GO:0051321,meiotic cell cycle,go
GO:0000212,meiotic spindle organization,go
GO:0042438,melanin biosynthetic process,go
GO:0006583,melanin biosynthetic process from tyrosine,go
GO:0097326,melanocyte adhesion,go
GO:0030318,melanocyte differentiation,go
GO:0097324,melanocyte migration,go
GO:0032438,melanosome organization,go
GO:0032402,melanosome transport,go
GO:0051899,membrane depolarization,go
GO:0086045,membrane depolarization during AV node cell action potential,go
GO:0086047,membrane depolarization during Purkinje myocyte cell action potential,go
GO:0086046,membrane depolarization during SA node cell action potential,go
GO:0086010,membrane depolarization during action potential,go
GO:0098912,membrane depolarization during atrial cardiac muscle cell action potential,go
GO:0086048,membrane depolarization during bundle of His cell action potential,go
GO:0086012,membrane depolarization during cardiac muscle cell action potential,go
GO:0061025,membrane fusion,go
GO:0046466,membrane lipid catabolic process,go
GO:0061024,membrane organization,go
GO:0006509,membrane protein ectodomain proteolysis,go
GO:0031293,membrane protein intracellular domain proteolysis,go
GO:0140694,membraneless organelle assembly,go
GO:0035683,memory T cell extravasation,go
GO:0007613,memory,go
GO:0001823,mesonephros development,go
GO:0072162,metanephric mesenchymal cell differentiation,go
GO:0072136,metanephric mesenchymal cell proliferation involved in metanephros development,go
GO:0072237,metanephric proximal tubule development,go
GO:0009086,methionine biosynthetic process,go
GO:0006555,methionine metabolic process,go
GO:0032259,methylation,go
GO:0009438,methylglyoxal metabolic process,go
GO:0014005,microglia development,go
GO:0014004,microglia differentiation,go
GO:0001774,microglial cell activation,go
GO:0000226,microtubule cytoskeleton organization,go
GO:1902850,microtubule cytoskeleton organization involved in mitosis,go
GO:0046785,microtubule polymerization,go
GO:0007018,microtubule-based movement,go
GO:0007017,microtubule-based process,go
GO:0061952,midbody abscission,go
GO:0030901,midbrain development,go
GO:0006264,mitochondrial DNA replication,go
GO:1990550,mitochondrial alpha-ketoglutarate transmembrane transport,go
GO:0008053,mitochondrial fusion,go
GO:0051646,mitochondrion localization,go
GO:0007005,mitochondrion organization,go
GO:0000423,mitophagy,go
GO:1902975,mitotic DNA replication initiation,go
GO:0007095,mitotic G2 DNA damage checkpoint signaling,go
GO:0044818,mitotic G2/M transition checkpoint,go
GO:0000278,mitotic cell cycle,go
GO:0007100,mitotic centrosome separation,go
GO:0000281,mitotic cytokinesis,go
GO:0044878,mitotic cytokinesis checkpoint signaling,go
GO:0007080,mitotic metaphase chromosome alignment,go
GO:0007077,mitotic nuclear membrane disassembly,go
GO:0006312,mitotic recombination,go
GO:1990426,mitotic recombination-dependent replication fork processing,go
GO:1990758,mitotic sister chromatid biorientation,go
GO:0007064,mitotic sister chromatid cohesion,go
GO:0071962,"mitotic sister chromatid cohesion, centromeric",go
GO:0000070,mitotic sister chromatid segregation,go
GO:0090307,mitotic spindle assembly,go
GO:0007094,mitotic spindle assembly checkpoint signaling,go
GO:0051256,mitotic spindle midzone assembly,go
GO:0007052,mitotic spindle organization,go
GO:0050804,modulation of chemical synaptic transmission,go
GO:0098815,modulation of excitatory postsynaptic potential,go
GO:0052651,monoacylglycerol catabolic process,go
GO:0015844,monoamine transport,go
GO:0034220,monoatomic ion transmembrane transport,go
GO:0006811,monoatomic ion transport,go
GO:0032787,monocarboxylic acid metabolic process,go
GO:0015718,monocarboxylic acid transport,go
GO:0002548,monocyte chemotaxis,go
GO:0030224,monocyte differentiation,go
GO:0071674,mononuclear cell migration,go
GO:0032943,mononuclear cell proliferation,go
GO:0016098,monoterpenoid metabolic process,go
GO:1903966,monounsaturated fatty acid biosynthetic process,go
GO:0071273,morphine catabolic process,go
GO:0140001,morula formation,go
GO:0061744,motor behavior,go
GO:0070254,mucus secretion,go
GO:0035264,multicellular organism growth,go
GO:0055001,muscle cell development,go
GO:0042692,muscle cell differentiation,go
GO:0006936,muscle contraction,go
GO:0007517,muscle organ development,go
GO:0042552,myelination,go
GO:0001773,myeloid dendritic cell activation,go
GO:0002318,myeloid progenitor cell differentiation,go
GO:0045445,myoblast differentiation,go
GO:0007520,myoblast fusion,go
GO:0014902,myotube differentiation,go
GO:0030101,natural killer cell activation,go
GO:0001779,natural killer cell differentiation,go
GO:0042267,natural killer cell mediated cytotoxicity,go
GO:0097527,necroptotic signaling pathway,go
GO:0046725,negative regulation by virus of viral protein levels in host cell,go
GO:0002903,negative regulation of B cell apoptotic process,go
GO:0030889,negative regulation of B cell proliferation,go
GO:0030514,negative regulation of BMP signaling pathway,go
GO:0043371,"negative regulation of CD4-positive, alpha-beta T cell differentiation",go
GO:0046325,negative regulation of D-glucose import across plasma membrane,go
GO:2000279,negative regulation of DNA biosynthetic process,go
GO:2000002,negative regulation of DNA damage checkpoint,go
GO:0043518,"negative regulation of DNA damage response, signal transduction by p53 class mediator",go
GO:0008156,negative regulation of DNA replication,go
GO:2000104,negative regulation of DNA-templated DNA replication,go
GO:0045892,negative regulation of DNA-templated transcription,go
GO:2000143,negative regulation of DNA-templated transcription initiation,go
GO:0070373,negative regulation of ERK1 and ERK2 cascade,go
GO:0045744,negative regulation of G protein-coupled receptor signaling pathway,go
GO:0046329,negative regulation of JNK cascade,go
GO:0002037,negative regulation of L-glutamate import across plasma membrane,go
GO:0043407,negative regulation of MAP kinase activity,go
GO:0043409,negative regulation of MAPK cascade,go
GO:0051134,negative regulation of NK T cell activation,go
GO:1900226,negative regulation of NLRP3 inflammasome complex assembly,go
GO:0045746,negative regulation of Notch signaling pathway,go
GO:1903898,negative regulation of PERK-mediated unfolded protein response,go
GO:0017055,negative regulation of RNA polymerase II transcription preinitiation complex assembly,go
GO:0060392,negative regulation of SMAD protein signal transduction,go
GO:0050868,negative regulation of T cell activation,go
GO:2001189,negative regulation of T cell activation via T cell receptor contact with antigen bound to MHC molecule on antigen presenting cell,go
GO:0002841,negative regulation of T cell mediated immune response to tumor cell,go
GO:0042130,negative regulation of T cell proliferation,go
GO:0050860,negative regulation of T cell receptor signaling pathway,go
GO:2000320,negative regulation of T-helper 17 cell differentiation,go
GO:2000329,negative regulation of T-helper 17 cell lineage commitment,go
GO:2000552,negative regulation of T-helper 2 cell cytokine production,go
GO:0032007,negative regulation of TOR signaling,go
GO:1904262,negative regulation of TORC1 signaling,go
GO:1903940,negative regulation of TORC2 signaling,go
GO:0061358,negative regulation of Wnt protein secretion,go
GO:0030178,negative regulation of Wnt signaling pathway,go
GO:0030835,negative regulation of actin filament depolymerization,go
GO:0045759,negative regulation of action potential,go
GO:0046007,negative regulation of activated T cell proliferation,go
GO:0032926,negative regulation of activin receptor signaling pathway,go
GO:0002674,negative regulation of acute inflammatory response,go
GO:0002820,negative regulation of adaptive immune response,go
GO:0106072,negative regulation of adenylate cyclase-activating G protein-coupled receptor signaling pathway,go
GO:1905336,negative regulation of aggrephagy,go
GO:1905907,negative regulation of amyloid fibril formation,go
GO:1900222,negative regulation of amyloid-beta clearance,go
GO:1902430,negative regulation of amyloid-beta formation,go
GO:0016525,negative regulation of angiogenesis,go
GO:0110062,negative regulation of angiotensin-activated signaling pathway,go
GO:2000811,negative regulation of anoikis,go
GO:2000426,negative regulation of apoptotic cell clearance,go
GO:0043066,negative regulation of apoptotic process,go
GO:2001234,negative regulation of apoptotic signaling pathway,go
GO:0032099,negative regulation of appetite,go
GO:0048712,negative regulation of astrocyte differentiation,go
GO:0010507,negative regulation of autophagy,go
GO:0030517,negative regulation of axon extension,go
GO:0048681,negative regulation of axon regeneration,go
GO:1903347,negative regulation of bicellular tight junction assembly,go
GO:0120190,negative regulation of bile acid secretion,go
GO:0009890,negative regulation of biosynthetic process,go
GO:1903523,negative regulation of blood circulation,go
GO:0030195,negative regulation of blood coagulation,go
GO:0045776,negative regulation of blood pressure,go
GO:0043537,negative regulation of blood vessel endothelial cell migration,go
GO:0030502,negative regulation of bone mineralization,go
GO:0061048,negative regulation of branching involved in lung morphogenesis,go
GO:1903444,negative regulation of brown fat cell differentiation,go
GO:0141162,negative regulation of cAMP/PKA signal transduction,go
GO:0160049,negative regulation of cGAS/STING signaling pathway,go
GO:0070885,negative regulation of calcineurin-NFAT signaling cascade,go
GO:1905949,negative regulation of calcium ion import across plasma membrane,go
GO:0051926,negative regulation of calcium ion transport,go
GO:0045955,negative regulation of calcium ion-dependent exocytosis,go
GO:1903234,negative regulation of calcium ion-dependent exocytosis of neurotransmitter,go
GO:0050849,negative regulation of calcium-mediated signaling,go
GO:0043124,negative regulation of canonical NF-kappaB signal transduction,go
GO:0090090,negative regulation of canonical Wnt signaling pathway,go
GO:0010667,negative regulation of cardiac muscle cell apoptotic process,go
GO:0060044,negative regulation of cardiac muscle cell proliferation,go
GO:0055118,negative regulation of cardiac muscle contraction,go
GO:0010614,negative regulation of cardiac muscle hypertrophy,go
GO:1903243,negative regulation of cardiac muscle hypertrophy in response to stress,go
GO:1905208,negative regulation of cardiocyte differentiation,go
GO:1904063,negative regulation of cation transmembrane transport,go
GO:0007162,negative regulation of cell adhesion,go
GO:0033629,negative regulation of cell adhesion mediated by integrin,go
GO:0045786,negative regulation of cell cycle,go
GO:0045596,negative regulation of cell differentiation,go
GO:0030308,negative regulation of cell growth,go
GO:0061052,negative regulation of cell growth involved in cardiac muscle cell development,go
GO:0030336,negative regulation of cell migration,go
GO:0090051,negative regulation of cell migration involved in sprouting angiogenesis,go
GO:2000146,negative regulation of cell motility,go
GO:0008285,negative regulation of cell population proliferation,go
GO:0010812,negative regulation of cell-substrate adhesion,go
GO:0051129,negative regulation of cellular component organization,go
GO:0032848,negative regulation of cellular pH reduction,go
GO:1900038,negative regulation of cellular response to hypoxia,go
GO:1903845,negative regulation of cellular response to transforming growth factor beta stimulus,go
GO:2000773,negative regulation of cellular senescence,go
GO:1900060,negative regulation of ceramide biosynthetic process,go
GO:0021941,negative regulation of cerebellar granule cell precursor proliferation,go
GO:1904715,negative regulation of chaperone-mediated autophagy,go
GO:0032682,negative regulation of chemokine production,go
GO:0050922,negative regulation of chemotaxis,go
GO:0045541,negative regulation of cholesterol biosynthetic process,go
GO:0010887,negative regulation of cholesterol storage,go
GO:0032331,negative regulation of chondrocyte differentiation,go
GO:1902340,negative regulation of chromosome condensation,go
GO:1902018,negative regulation of cilium assembly,go
GO:0042323,"negative regulation of circadian sleep/wake cycle, non-REM sleep",go
GO:0042321,"negative regulation of circadian sleep/wake cycle, sleep",go
GO:0120163,negative regulation of cold-induced thermogenesis,go
GO:0032966,negative regulation of collagen biosynthetic process,go
GO:0048671,negative regulation of collateral sprouting,go
GO:1904597,negative regulation of connective tissue replacement involved in inflammatory response wound healing,go
GO:0001818,negative regulation of cytokine production,go
GO:0002719,negative regulation of cytokine production involved in immune response,go
GO:1900016,negative regulation of cytokine production involved in inflammatory response,go
GO:0032466,negative regulation of cytokinesis,go
GO:0051481,negative regulation of cytosolic calcium ion concentration,go
GO:0031348,negative regulation of defense response,go
GO:2000171,negative regulation of dendrite development,go
GO:0050774,negative regulation of dendrite morphogenesis,go
GO:2000669,negative regulation of dendritic cell apoptotic process,go
GO:0061000,negative regulation of dendritic spine development,go
GO:1902951,negative regulation of dendritic spine maintenance,go
GO:0035305,negative regulation of dephosphorylation,go
GO:0051093,negative regulation of developmental process,go
GO:0045963,negative regulation of dopamine metabolic process,go
GO:0060160,negative regulation of dopamine receptor signaling pathway,go
GO:0033602,negative regulation of dopamine secretion,go
GO:0051585,negative regulation of dopamine uptake involved in synaptic transmission,go
GO:1904339,negative regulation of dopaminergic neuron differentiation,go
GO:2000042,negative regulation of double-strand break repair via homologous recombination,go
GO:0045806,negative regulation of endocytosis,go
GO:1902236,negative regulation of endoplasmic reticulum stress-induced intrinsic apoptotic signaling pathway,go
GO:1900102,negative regulation of endoplasmic reticulum unfolded protein response,go
GO:2000352,negative regulation of endothelial cell apoptotic process,go
GO:0010596,negative regulation of endothelial cell migration,go
GO:0001937,negative regulation of endothelial cell proliferation,go
GO:1904905,negative regulation of endothelial cell-matrix adhesion,go
GO:2000420,negative regulation of eosinophil extravasation,go
GO:0042059,negative regulation of epidermal growth factor receptor signaling pathway,go
GO:0032811,negative regulation of epinephrine secretion,go
GO:2000697,negative regulation of epithelial cell differentiation involved in kidney development,go
GO:0050680,negative regulation of epithelial cell proliferation,go
GO:0010719,negative regulation of epithelial to mesenchymal transition,go
GO:1903748,negative regulation of establishment of protein localization to mitochondrion,go
GO:1900118,negative regulation of execution phase of apoptosis,go
GO:0045920,negative regulation of exocytosis,go
GO:1901202,negative regulation of extracellular matrix assembly,go
GO:0010716,negative regulation of extracellular matrix disassembly,go
GO:2001237,negative regulation of extrinsic apoptotic signaling pathway,go
GO:2001240,negative regulation of extrinsic apoptotic signaling pathway in absence of ligand,go
GO:1902042,negative regulation of extrinsic apoptotic signaling pathway via death domain receptors,go
GO:0045599,negative regulation of fat cell differentiation,go
GO:0031999,negative regulation of fatty acid beta-oxidation,go
GO:0045922,negative regulation of fatty acid metabolic process,go
GO:2000195,negative regulation of female gonad development,go
GO:0007621,negative regulation of female receptivity,go
GO:0110076,negative regulation of ferroptosis,go
GO:0051918,negative regulation of fibrinolysis,go
GO:0048147,negative regulation of fibroblast proliferation,go
GO:0051895,negative regulation of focal adhesion assembly,go
GO:1903597,negative regulation of gap junction assembly,go
GO:0060455,negative regulation of gastric acid secretion,go
GO:0010629,negative regulation of gene expression,go
GO:0044027,negative regulation of gene expression via chromosomal CpG island methylation,go
GO:0045814,"negative regulation of gene expression, epigenetic",go
GO:0034351,negative regulation of glial cell apoptotic process,go
GO:0045721,negative regulation of gluconeogenesis,go
GO:0014050,negative regulation of glutamate secretion,go
GO:2000466,negative regulation of glycogen (starch) synthase activity,go
GO:0045719,negative regulation of glycogen biosynthetic process,go
GO:0045820,negative regulation of glycolytic process,go
GO:0030853,negative regulation of granulocyte differentiation,go
GO:0045926,negative regulation of growth,go
GO:0042636,negative regulation of hair cycle,go
GO:0045822,negative regulation of heart contraction,go
GO:0010459,negative regulation of heart rate,go
GO:1902037,negative regulation of hematopoietic stem cell differentiation,go
GO:1903944,negative regulation of hepatocyte apoptotic process,go
GO:0031452,negative regulation of heterochromatin formation,go
GO:0034115,negative regulation of heterotypic cell-cell adhesion,go
GO:0035331,negative regulation of hippo signaling,go
GO:0034111,negative regulation of homotypic cell-cell adhesion,go
GO:0046888,negative regulation of hormone secretion,go
GO:0010730,negative regulation of hydrogen peroxide biosynthetic process,go
GO:0010727,negative regulation of hydrogen peroxide metabolic process,go
GO:1903384,negative regulation of hydrogen peroxide-induced neuron intrinsic apoptotic signaling pathway,go
GO:1901299,negative regulation of hydrogen peroxide-mediated programmed cell death,go
GO:1903298,negative regulation of hypoxia-induced intrinsic apoptotic signaling pathway,go
GO:1902072,negative regulation of hypoxia-inducible factor-1alpha signaling pathway,go
GO:2000521,negative regulation of immunological synapse formation,go
GO:0090084,negative regulation of inclusion body assembly,go
GO:0050728,negative regulation of inflammatory response,go
GO:0002862,negative regulation of inflammatory response to antigenic stimulus,go
GO:0045824,negative regulation of innate immune response,go
GO:0046627,negative regulation of insulin receptor signaling pathway,go
GO:0046676,negative regulation of insulin secretion,go
GO:0061179,negative regulation of insulin secretion involved in cellular response to glucose stimulus,go
GO:0033624,negative regulation of integrin activation,go
GO:0032687,negative regulation of interferon-alpha production,go
GO:0032688,negative regulation of interferon-beta production,go
GO:0032691,negative regulation of interleukin-1 beta production,go
GO:0032692,negative regulation of interleukin-1 production,go
GO:2000660,negative regulation of interleukin-1-mediated signaling pathway,go
GO:0032693,negative regulation of interleukin-10 production,go
GO:0032695,negative regulation of interleukin-12 production,go
GO:0032703,negative regulation of interleukin-2 production,go
GO:0032715,negative regulation of interleukin-6 production,go
GO:0032717,negative regulation of interleukin-8 production,go
GO:2001243,negative regulation of intrinsic apoptotic signaling pathway,go
GO:1902254,negative regulation of intrinsic apoptotic signaling pathway by p53 class mediator,go
GO:1902230,negative regulation of intrinsic apoptotic signaling pathway in response to DNA damage,go
GO:1902166,negative regulation of intrinsic apoptotic signaling pathway in response to DNA damage by p53 class mediator,go
GO:1903751,negative regulation of intrinsic apoptotic signaling pathway in response to hydrogen peroxide,go
GO:1902219,negative regulation of intrinsic apoptotic signaling pathway in response to osmotic stress,go
GO:0010839,negative regulation of keratinocyte proliferation,go
GO:1903038,negative regulation of leukocyte cell-cell adhesion,go
GO:0070664,negative regulation of leukocyte proliferation,go
GO:0050995,negative regulation of lipid catabolic process,go
GO:0010888,negative regulation of lipid storage,go
GO:0032369,negative regulation of lipid transport,go
GO:0031665,negative regulation of lipopolysaccharide-mediated signaling pathway,go
GO:0090327,negative regulation of locomotion involved in locomotory behavior,go
GO:0010748,negative regulation of long-chain fatty acid import across plasma membrane,go
GO:1900453,negative regulation of long-term synaptic depression,go
GO:1900272,negative regulation of long-term synaptic potentiation,go
GO:0061767,negative regulation of lung blood pressure,go
GO:0033685,negative regulation of luteinizing hormone secretion,go
GO:2000402,negative regulation of lymphocyte migration,go
GO:1905672,negative regulation of lysosome organization,go
GO:0016242,negative regulation of macroautophagy,go
GO:0010605,negative regulation of macromolecule metabolic process,go
GO:0043031,negative regulation of macrophage activation,go
GO:2000110,negative regulation of macrophage apoptotic process,go
GO:0010760,negative regulation of macrophage chemotaxis,go
GO:0010745,negative regulation of macrophage derived foam cell differentiation,go
GO:1904908,"negative regulation of maintenance of mitotic sister chromatid cohesion, telomeric",go
GO:0033004,negative regulation of mast cell activation,go
GO:0002906,negative regulation of mature B cell apoptotic process,go
GO:0045653,negative regulation of megakaryocyte differentiation,go
GO:2000740,negative regulation of mesenchymal stem cell differentiation,go
GO:0003340,negative regulation of mesenchymal to epithelial transition involved in metanephros morphogenesis,go
GO:0072308,negative regulation of metanephric nephron tubule epithelial cell differentiation,go
GO:1902894,negative regulation of miRNA transcription,go
GO:0031115,negative regulation of microtubule polymerization,go
GO:0031111,negative regulation of microtubule polymerization or depolymerization,go
GO:0051902,negative regulation of mitochondrial depolarization,go
GO:1902957,"negative regulation of mitochondrial electron transport, NADH to ubiquinone",go
GO:0090258,negative regulation of mitochondrial fission,go
GO:0010917,negative regulation of mitochondrial membrane potential,go
GO:1901029,negative regulation of mitochondrial outer membrane permeabilization involved in apoptotic signaling pathway,go
GO:0045930,negative regulation of mitotic cell cycle,go
GO:0034766,negative regulation of monoatomic ion transmembrane transport,go
GO:0071638,negative regulation of monocyte chemotactic protein-1 production,go
GO:0045656,negative regulation of monocyte differentiation,go
GO:0070256,negative regulation of mucus secretion,go
GO:0051241,negative regulation of multicellular organismal process,go
GO:0010656,negative regulation of muscle cell apoptotic process,go
GO:0051148,negative regulation of muscle cell differentiation,go
GO:0031642,negative regulation of myelination,go
GO:0033033,negative regulation of myeloid cell apoptotic process,go
GO:0045638,negative regulation of myeloid cell differentiation,go
GO:0045662,negative regulation of myoblast differentiation,go
GO:0010832,negative regulation of myotube differentiation,go
GO:0060546,negative regulation of necroptotic process,go
GO:0050768,negative regulation of neurogenesis,go
GO:0043524,negative regulation of neuron apoptotic process,go
GO:0045665,negative regulation of neuron differentiation,go
GO:0010977,negative regulation of neuron projection development,go
GO:0032900,negative regulation of neurotrophin production,go
GO:1902564,negative regulation of neutrophil activation,go
GO:0090024,negative regulation of neutrophil chemotaxis,go
GO:0045019,negative regulation of nitric oxide biosynthetic process,go
GO:0010700,negative regulation of norepinephrine secretion,go
GO:0051622,negative regulation of norepinephrine uptake,go
GO:0046621,negative regulation of organ growth,go
GO:0090350,negative regulation of organofluorine metabolic process,go
GO:0030279,negative regulation of ossification,go
GO:0045668,negative regulation of osteoblast differentiation,go
GO:0033689,negative regulation of osteoblast proliferation,go
GO:0090324,negative regulation of oxidative phosphorylation,go
GO:1902176,negative regulation of oxidative stress-induced intrinsic apoptotic signaling pathway,go
GO:1903377,negative regulation of oxidative stress-induced neuron intrinsic apoptotic signaling pathway,go
GO:0090188,negative regulation of pancreatic juice secretion,go
GO:2000230,negative regulation of pancreatic stellate cell proliferation,go
GO:0051898,negative regulation of phosphatidylinositol 3-kinase/protein kinase B signal transduction,go
GO:0042326,negative regulation of phosphorylation,go
GO:0048550,negative regulation of pinocytosis,go
GO:0010544,negative regulation of platelet activation,go
GO:0090331,negative regulation of platelet aggregation,go
GO:0010642,negative regulation of platelet-derived growth factor receptor signaling pathway,go
GO:0043267,negative regulation of potassium ion transport,go
GO:0043069,negative regulation of programmed cell death,go
GO:0032435,negative regulation of proteasomal ubiquitin-dependent protein catabolic process,go
GO:0032091,negative regulation of protein binding,go
GO:0042177,negative regulation of protein catabolic process,go
GO:0120186,negative regulation of protein localization to chromatin,go
GO:0150033,negative regulation of protein localization to lysosome,go
GO:1900181,negative regulation of protein localization to nucleus,go
GO:1903077,negative regulation of protein localization to plasma membrane,go
GO:1903318,negative regulation of protein maturation,go
GO:0051248,negative regulation of protein metabolic process,go
GO:0032460,negative regulation of protein oligomerization,go
GO:0061084,negative regulation of protein refolding,go
GO:0050709,negative regulation of protein secretion,go
GO:0031397,negative regulation of protein ubiquitination,go
GO:0031333,negative regulation of protein-containing complex assembly,go
GO:0043242,negative regulation of protein-containing complex disassembly,go
GO:0045861,negative regulation of proteolysis,go
GO:1903427,negative regulation of reactive oxygen species biosynthetic process,go
GO:2000378,negative regulation of reactive oxygen species metabolic process,go
GO:0010754,negative regulation of receptor guanylyl cyclase signaling pathway,go
GO:1904893,negative regulation of receptor signaling pathway via STAT,go
GO:1901898,negative regulation of relaxation of cardiac muscle,go
GO:0090201,negative regulation of release of cytochrome c from mitochondria,go
GO:0051280,negative regulation of release of sequestered calcium ion into cytosol,go
GO:1903573,negative regulation of response to endoplasmic reticulum stress,go
GO:1900053,negative regulation of retinoic acid biosynthetic process,go
GO:0048387,negative regulation of retinoic acid receptor signaling pathway,go
GO:0090341,negative regulation of secretion of lysosomal enzymes,go
GO:0014063,negative regulation of serotonin secretion,go
GO:0051612,negative regulation of serotonin uptake,go
GO:0009968,negative regulation of signal transduction,go
GO:1901797,negative regulation of signal transduction by p53 class mediator,go
GO:0023057,negative regulation of signaling,go
GO:0051058,negative regulation of small GTPase mediated signal transduction,go
GO:0071672,negative regulation of smooth muscle cell chemotaxis,go
GO:0014912,negative regulation of smooth muscle cell migration,go
GO:0048662,negative regulation of smooth muscle cell proliferation,go
GO:0045986,negative regulation of smooth muscle contraction,go
GO:0090275,negative regulation of somatostatin secretion,go
GO:1903671,negative regulation of sprouting angiogenesis,go
GO:2000737,negative regulation of stem cell differentiation,go
GO:1902455,negative regulation of stem cell population maintenance,go
GO:0045939,negative regulation of steroid metabolic process,go
GO:0032873,negative regulation of stress-activated MAPK cascade,go
GO:1902904,negative regulation of supramolecular fiber organization,go
GO:0050805,negative regulation of synaptic transmission,go
GO:0032229,"negative regulation of synaptic transmission, GABAergic",go
GO:0032223,"negative regulation of synaptic transmission, cholinergic",go
GO:0032227,"negative regulation of synaptic transmission, dopaminergic",go
GO:0051967,"negative regulation of synaptic transmission, glutamatergic",go
GO:0003085,negative regulation of systemic arterial blood pressure,go
GO:1904354,negative regulation of telomere capping,go
GO:0032205,negative regulation of telomere maintenance,go
GO:1904357,negative regulation of telomere maintenance via telomere lengthening,go
GO:0070495,negative regulation of thrombin-activated receptor signaling pathway,go
GO:0070244,negative regulation of thymocyte apoptotic process,go
GO:0034164,negative regulation of toll-like receptor 9 signaling pathway,go
GO:0000122,negative regulation of transcription by RNA polymerase II,go
GO:0010944,negative regulation of transcription by competitive promoter binding,go
GO:0160217,negative regulation of transcription initiation-coupled chromatin remodeling,go
GO:0071635,negative regulation of transforming growth factor beta production,go
GO:0030512,negative regulation of transforming growth factor beta receptor signaling pathway,go
GO:0017148,negative regulation of translation,go
GO:0051970,negative regulation of transmission of nerve impulse,go
GO:0032720,negative regulation of tumor necrosis factor production,go
GO:0010804,negative regulation of tumor necrosis factor-mediated signaling pathway,go
GO:2000077,negative regulation of type B pancreatic cell development,go
GO:0060339,negative regulation of type I interferon-mediated signaling pathway,go
GO:0032689,negative regulation of type II interferon production,go
GO:0060336,negative regulation of type II interferon-mediated signaling pathway,go
GO:0070473,negative regulation of uterine smooth muscle contraction,go
GO:1905460,negative regulation of vascular associated smooth muscle cell apoptotic process,go
GO:1905931,negative regulation of vascular associated smooth muscle cell differentiation involved in phenotypic switching,go
GO:1904753,negative regulation of vascular associated smooth muscle cell migration,go
GO:1904706,negative regulation of vascular associated smooth muscle cell proliferation,go
GO:1905563,negative regulation of vascular endothelial cell proliferation,go
GO:0030948,negative regulation of vascular endothelial growth factor receptor signaling pathway,go
GO:1900747,negative regulation of vascular endothelial growth factor signaling pathway,go
GO:0043116,negative regulation of vascular permeability,go
GO:0061044,negative regulation of vascular wound healing,go
GO:0045906,negative regulation of vasoconstriction,go
GO:0010903,negative regulation of very-low-density lipoprotein particle remodeling,go
GO:0045071,negative regulation of viral genome replication,go
GO:1901386,negative regulation of voltage-gated calcium channel activity,go
GO:0160275,negative regulation of white fat cell differentiation,go
GO:0061045,negative regulation of wound healing,go
GO:0007399,nervous system development,go
GO:0001976,nervous system process involved in regulation of systemic arterial blood pressure,go
GO:0014033,neural crest cell differentiation,go
GO:0001755,neural crest cell migration,go
GO:0003407,neural retina development,go
GO:0001843,neural tube closure,go
GO:0014016,neuroblast differentiation,go
GO:1902988,neurofibrillary tangle assembly,go
GO:0022008,neurogenesis,go
GO:0150076,neuroinflammatory response,go
GO:0007528,neuromuscular junction development,go
GO:0007274,neuromuscular synaptic transmission,go
GO:0051402,neuron apoptotic process,go
GO:0007158,neuron cell-cell adhesion,go
GO:0070050,neuron cellular homeostasis,go
GO:0048666,neuron development,go
GO:0030182,neuron differentiation,go
GO:0042551,neuron maturation,go
GO:0001764,neuron migration,go
GO:0031175,neuron projection development,go
GO:1990535,neuron projection maintenance,go
GO:0048812,neuron projection morphogenesis,go
GO:0106027,neuron projection organization,go
GO:0016322,neuron remodeling,go
GO:0150099,neuron-glial cell signaling,go
GO:0007270,neuron-neuron synaptic transmission,go
GO:0019228,neuronal action potential,go
GO:0010813,neuropeptide catabolic process,go
GO:0061837,neuropeptide processing,go
GO:0007218,neuropeptide signaling pathway,go
GO:0007269,neurotransmitter secretion,go
GO:0006836,neurotransmitter transport,go
GO:0048011,neurotrophin TRK receptor signaling pathway,go
GO:0001781,neutrophil apoptotic process,go
GO:0030593,neutrophil chemotaxis,go
GO:0097350,neutrophil clearance,go
GO:0140645,neutrophil extracellular trap formation,go
GO:0002446,neutrophil mediated immunity,go
GO:0070944,neutrophil-mediated killing of bacterium,go
GO:0070947,neutrophil-mediated killing of fungus,go
GO:0070945,neutrophil-mediated killing of gram-negative bacterium,go
GO:0070943,neutrophil-mediated killing of symbiont cell,go
GO:0006809,nitric oxide biosynthetic process,go
GO:0046209,nitric oxide metabolic process,go
GO:0035732,nitric oxide storage,go
GO:0038060,nitric oxide-cGMP-mediated signaling,go
GO:0018916,nitrobenzene metabolic process,go
GO:0018937,nitroglycerin metabolic process,go
GO:0038092,nodal signaling pathway,go
GO:0035567,non-canonical Wnt signaling pathway,go
GO:0160075,non-canonical inflammasome complex assembly,go
GO:0042415,norepinephrine metabolic process,go
GO:0015874,norepinephrine transport,go
GO:0051620,norepinephrine uptake,go
GO:0001994,norepinephrine-epinephrine vasoconstriction involved in regulation of systemic arterial blood pressure,go
GO:0002025,norepinephrine-epinephrine-mediated vasodilation involved in regulation of systemic arterial blood pressure,go
GO:0051081,nuclear membrane disassembly,go
GO:0038185,nuclear receptor-mediated bile acid signaling pathway,go
GO:0141193,nuclear receptor-mediated signaling pathway,go
GO:0030518,nuclear receptor-mediated steroid hormone signaling pathway,go
GO:0090304,nucleic acid metabolic process,go
GO:0006139,nucleobase-containing compound metabolic process,go
GO:0006913,nucleocytoplasmic transport,go
GO:0009143,nucleoside triphosphate catabolic process,go
GO:0006337,nucleosome disassembly,go
GO:0009166,nucleotide catabolic process,go
GO:0042475,odontogenesis of dentin-containing tooth,go
GO:0120254,olefinic compound metabolic process,go
GO:0014003,oligodendrocyte development,go
GO:0048709,oligodendrocyte differentiation,go
GO:0035672,oligopeptide transmembrane transport,go
GO:0006857,oligopeptide transport,go
GO:0009312,oligosaccharide biosynthetic process,go
GO:0097267,omega-hydroxylase P450 pathway,go
GO:0006730,one-carbon metabolic process,go
GO:0001556,oocyte maturation,go
GO:0048477,oogenesis,go
GO:0021554,optic nerve development,go
GO:0021769,orbitofrontal cortex development,go
GO:0006082,organic acid metabolic process,go
GO:0015711,organic anion transport,go
GO:0015695,organic cation transport,go
GO:0090346,organofluorine metabolic process,go
GO:0007231,osmosensory signaling pathway,go
GO:0001503,ossification,go
GO:0043931,ossification involved in bone maturation,go
GO:0002076,osteoblast development,go
GO:0001649,osteoblast differentiation,go
GO:0030316,osteoclast differentiation,go
GO:0001541,ovarian follicle development,go
GO:0001542,ovulation from ovarian follicle,go
GO:0070989,oxidative demethylation,go
GO:0015671,oxygen transport,go
GO:0038066,p38MAPK cascade,go
GO:0031016,pancreas development,go
GO:0038001,paracrine signaling,go
GO:0007567,parturition,go
GO:0002221,pattern recognition receptor signaling pathway,go
GO:0007389,pattern specification process,go
GO:0006098,pentose-phosphate shunt,go
GO:0009051,"pentose-phosphate shunt, oxidative branch",go
GO:0043171,peptide catabolic process,go
GO:0016486,peptide hormone processing,go
GO:0006518,peptide metabolic process,go
GO:0007323,peptide pheromone maturation,go
GO:0015835,peptidoglycan transport,go
GO:0035246,peptidyl-arginine N-methylation,go
GO:0018216,peptidyl-arginine methylation,go
GO:0140067,peptidyl-lysine butyrylation,go
GO:0140066,peptidyl-lysine crotonylation,go
GO:0034983,peptidyl-lysine deacetylation,go
GO:0018027,peptidyl-lysine dimethylation,go
GO:0018026,peptidyl-lysine monomethylation,go
GO:0018057,peptidyl-lysine oxidation,go
GO:0061921,peptidyl-lysine propionylation,go
GO:0018401,peptidyl-proline hydroxylation to 4-hydroxy-L-proline,go
GO:0036289,peptidyl-serine autophosphorylation,go
GO:0018105,peptidyl-serine phosphorylation,go
GO:0018107,peptidyl-threonine phosphorylation,go
GO:0038083,peptidyl-tyrosine autophosphorylation,go
GO:0035335,peptidyl-tyrosine dephosphorylation,go
GO:0018108,peptidyl-tyrosine phosphorylation,go
GO:0014012,peripheral nervous system axon regeneration,go
GO:0030432,peristalsis,go
GO:0035357,peroxisome proliferator activated receptor signaling pathway,go
GO:0000425,pexophagy,go
GO:0006909,phagocytosis,go
GO:0019607,phenylethylamine catabolic process,go
GO:0055062,phosphate ion homeostasis,go
GO:0035435,phosphate ion transmembrane transport,go
GO:0006796,phosphate-containing compound metabolic process,go
GO:0036151,phosphatidylcholine acyl-chain remodeling,go
GO:0046470,phosphatidylcholine metabolic process,go
GO:0006646,phosphatidylethanolamine biosynthetic process,go
GO:0043491,phosphatidylinositol 3-kinase/protein kinase B signal transduction,go
GO:0046854,phosphatidylinositol phosphate biosynthetic process,go
GO:0036092,phosphatidylinositol-3-phosphate biosynthetic process,go
GO:0048015,phosphatidylinositol-mediated signaling,go
GO:0070782,phosphatidylserine exposure on apoptotic cell surface,go
GO:0007207,phospholipase C-activating G protein-coupled acetylcholine receptor signaling pathway,go
GO:0007200,phospholipase C-activating G protein-coupled receptor signaling pathway,go
GO:0071882,phospholipase C-activating adrenergic receptor signaling pathway,go
GO:0086097,phospholipase C-activating angiotensin-activated signaling pathway,go
GO:0060158,phospholipase C-activating dopamine receptor signaling pathway,go
GO:0007208,phospholipase C-activating serotonin receptor signaling pathway,go
GO:0008654,phospholipid biosynthetic process,go
GO:0046839,phospholipid dephosphorylation,go
GO:0033700,phospholipid efflux,go
GO:0055091,phospholipid homeostasis,go
GO:0045332,phospholipid translocation,go
GO:0015914,phospholipid transport,go
GO:0016310,phosphorylation,go
GO:0045494,photoreceptor cell maintenance,go
GO:0007602,phototransduction,go
GO:0018963,phthalate metabolic process,go
GO:0043473,pigmentation,go
GO:0097195,pilomotor reflex,go
GO:0021983,pituitary gland development,go
GO:0001890,placenta development,go
GO:0048227,plasma membrane to endosome transport,go
GO:0002270,plasmacytoid dendritic cell activation,go
GO:0030168,platelet activation,go
GO:0070527,platelet aggregation,go
GO:0002576,platelet degranulation,go
GO:0030220,platelet formation,go
GO:0035791,platelet-derived growth factor receptor-beta signaling pathway,go
GO:0072386,plus-end-directed organelle transport along microtubule,go
GO:0070845,polyubiquitinated misfolded protein transport,go
GO:0046931,pore complex assembly,go
GO:0006779,porphyrin-containing compound biosynthetic process,go
GO:0006778,porphyrin-containing compound metabolic process,go
GO:0050918,positive chemotaxis,go
GO:2001171,positive regulation of ATP biosynthetic process,go
GO:0045579,positive regulation of B cell differentiation,go
GO:0030890,positive regulation of B cell proliferation,go
GO:0030513,positive regulation of BMP signaling pathway,go
GO:1905291,positive regulation of CAMKK-AMPK signaling cascade,go
GO:0046326,positive regulation of D-glucose import across plasma membrane,go
GO:0043388,positive regulation of DNA binding,go
GO:2000573,positive regulation of DNA biosynthetic process,go
GO:0043517,"positive regulation of DNA damage response, signal transduction by p53 class mediator",go
GO:0051054,positive regulation of DNA metabolic process,go
GO:0045739,positive regulation of DNA repair,go
GO:0045740,positive regulation of DNA replication,go
GO:2000105,positive regulation of DNA-templated DNA replication,go
GO:0045893,positive regulation of DNA-templated transcription,go
GO:1904294,positive regulation of ERAD pathway,go
GO:0070374,positive regulation of ERK1 and ERK2 cascade,go
GO:1904022,positive regulation of G protein-coupled receptor internalization,go
GO:0045745,positive regulation of G protein-coupled receptor signaling pathway,go
GO:1900087,positive regulation of G1/S transition of mitotic cell cycle,go
GO:0010971,positive regulation of G2/M transition of mitotic cell cycle,go
GO:0110032,positive regulation of G2/MI transition of meiotic cell cycle,go
GO:0043547,positive regulation of GTPase activity,go
GO:1903896,positive regulation of IRE1-mediated unfolded protein response,go
GO:0046330,positive regulation of JNK cascade,go
GO:1905737,positive regulation of L-proline import across plasma membrane,go
GO:0043406,positive regulation of MAP kinase activity,go
GO:0043410,positive regulation of MAPK cascade,go
GO:0045348,positive regulation of MHC class II biosynthetic process,go
GO:0045747,positive regulation of Notch signaling pathway,go
GO:0033120,positive regulation of RNA splicing,go
GO:0035022,positive regulation of Rac protein signal transduction,go
GO:0035025,positive regulation of Rho protein signal transduction,go
GO:0062027,positive regulation of SCF-dependent proteasomal ubiquitin-dependent catabolic process,go
GO:0060391,positive regulation of SMAD protein signal transduction,go
GO:0035543,positive regulation of SNARE complex assembly,go
GO:0050870,positive regulation of T cell activation,go
GO:0002669,positive regulation of T cell anergy,go
GO:0070234,positive regulation of T cell apoptotic process,go
GO:0045582,positive regulation of T cell differentiation,go
GO:0033089,positive regulation of T cell differentiation in thymus,go
GO:2000406,positive regulation of T cell migration,go
GO:0042102,positive regulation of T cell proliferation,go
GO:0050862,positive regulation of T cell receptor signaling pathway,go
GO:2000330,positive regulation of T-helper 17 cell lineage commitment,go
GO:0045630,positive regulation of T-helper 2 cell differentiation,go
GO:0032008,positive regulation of TOR signaling,go
GO:1904263,positive regulation of TORC1 signaling,go
GO:1904515,positive regulation of TORC2 signaling,go
GO:0030177,positive regulation of Wnt signaling pathway,go
GO:0014057,"positive regulation of acetylcholine secretion, neurotransmission",go
GO:2000344,positive regulation of acrosome reaction,go
GO:0030838,positive regulation of actin filament polymerization,go
GO:0045760,positive regulation of action potential,go
GO:0042104,positive regulation of activated T cell proliferation,go
GO:0045762,positive regulation of adenylate cyclase activity,go
GO:0106071,positive regulation of adenylate cyclase-activating G protein-coupled receptor signaling pathway,go
GO:1904992,positive regulation of adenylate cyclase-inhibiting dopamine receptor signaling pathway,go
GO:0070165,positive regulation of adiponectin secretion,go
GO:1904179,positive regulation of adipose tissue development,go
GO:1905337,positive regulation of aggrephagy,go
GO:0051957,positive regulation of amino acid transport,go
GO:2001250,positive regulation of ammonia assimilation cycle,go
GO:1905908,positive regulation of amyloid fibril formation,go
GO:1902993,positive regulation of amyloid precursor protein catabolic process,go
GO:1900223,positive regulation of amyloid-beta clearance,go
GO:1902004,positive regulation of amyloid-beta formation,go
GO:1905786,positive regulation of anaphase-promoting complex-dependent catabolic process,go
GO:0045766,positive regulation of angiogenesis,go
GO:0110063,positive regulation of angiotensin-activated signaling pathway,go
GO:0043065,positive regulation of apoptotic process,go
GO:2001235,positive regulation of apoptotic signaling pathway,go
GO:0032100,positive regulation of appetite,go
GO:0090238,positive regulation of arachidonate secretion,go
GO:1902425,positive regulation of attachment of mitotic spindle microtubules to kinetochore,go
GO:1901098,positive regulation of autophagosome maturation,go
GO:0010508,positive regulation of autophagy,go
GO:0045773,positive regulation of axon extension,go
GO:0120189,positive regulation of bile acid secretion,go
GO:0051099,positive regulation of binding,go
GO:0009891,positive regulation of biosynthetic process,go
GO:0030194,positive regulation of blood coagulation,go
GO:2000334,positive regulation of blood microparticle formation,go
GO:0045777,positive regulation of blood pressure,go
GO:0043536,positive regulation of blood vessel endothelial cell migration,go
GO:1903589,positive regulation of blood vessel endothelial cell proliferation involved in sprouting angiogenesis,go
GO:0030501,positive regulation of bone mineralization,go
GO:0045780,positive regulation of bone resorption,go
GO:0090336,positive regulation of brown fat cell differentiation,go
GO:0141163,positive regulation of cAMP/PKA signal transduction,go
GO:0070886,positive regulation of calcineurin-NFAT signaling cascade,go
GO:0090280,positive regulation of calcium ion import,go
GO:1905665,positive regulation of calcium ion import across plasma membrane,go
GO:0051928,positive regulation of calcium ion transport,go
GO:0010524,positive regulation of calcium ion transport into cytosol,go
GO:1903235,positive regulation of calcium ion-dependent exocytosis of neurotransmitter,go
GO:0050850,positive regulation of calcium-mediated signaling,go
GO:0043123,positive regulation of canonical NF-kappaB signal transduction,go
GO:0090263,positive regulation of canonical Wnt signaling pathway,go
GO:1903679,positive regulation of cap-independent translational initiation,go
GO:0010666,positive regulation of cardiac muscle cell apoptotic process,go
GO:0106134,positive regulation of cardiac muscle cell contraction,go
GO:0060045,positive regulation of cardiac muscle cell proliferation,go
GO:0060452,positive regulation of cardiac muscle contraction,go
GO:0010613,positive regulation of cardiac muscle hypertrophy,go
GO:1903244,positive regulation of cardiac muscle hypertrophy in response to stress,go
GO:1905062,positive regulation of cardioblast proliferation,go
GO:1902553,positive regulation of catalase activity,go
GO:0043085,positive regulation of catalytic activity,go
GO:0045785,positive regulation of cell adhesion,go
GO:0033630,positive regulation of cell adhesion mediated by integrin,go
GO:0010647,positive regulation of cell communication,go
GO:1902808,positive regulation of cell cycle G1/S phase transition,go
GO:1902751,positive regulation of cell cycle G2/M phase transition,go
GO:0045787,positive regulation of cell cycle,go
GO:0090068,positive regulation of cell cycle process,go
GO:0045597,positive regulation of cell differentiation,go
GO:0051781,positive regulation of cell division,go
GO:0030307,positive regulation of cell growth,go
GO:0030335,positive regulation of cell migration,go
GO:0090050,positive regulation of cell migration involved in sprouting angiogenesis,go
GO:0008284,positive regulation of cell population proliferation,go
GO:0022409,positive regulation of cell-cell adhesion,go
GO:0001954,positive regulation of cell-matrix adhesion,go
GO:0010811,positive regulation of cell-substrate adhesion,go
GO:0051130,positive regulation of cellular component organization,go
GO:0032849,positive regulation of cellular pH reduction,go
GO:1900039,positive regulation of cellular response to hypoxia,go
GO:2000774,positive regulation of cellular senescence,go
GO:2000304,positive regulation of ceramide biosynthetic process,go
GO:2000343,positive regulation of chemokine (C-X-C motif) ligand 2 production,go
GO:0032722,positive regulation of chemokine production,go
GO:0070101,positive regulation of chemokine-mediated signaling pathway,go
GO:0050921,positive regulation of chemotaxis,go
GO:1904056,positive regulation of cholangiocyte proliferation,go
GO:0045542,positive regulation of cholesterol biosynthetic process,go
GO:0010875,positive regulation of cholesterol efflux,go
GO:0090205,positive regulation of cholesterol metabolic process,go
GO:0032376,positive regulation of cholesterol transport,go
GO:0032332,positive regulation of chondrocyte differentiation,go
GO:0045724,positive regulation of cilium assembly,go
GO:0042753,positive regulation of circadian rhythm,go
GO:0046010,"positive regulation of circadian sleep/wake cycle, non-REM sleep",go
GO:0045938,"positive regulation of circadian sleep/wake cycle, sleep",go
GO:0120162,positive regulation of cold-induced thermogenesis,go
GO:0032967,positive regulation of collagen biosynthetic process,go
GO:1904343,positive regulation of colon smooth muscle contraction,go
GO:1905205,positive regulation of connective tissue replacement,go
GO:0031281,positive regulation of cyclase activity,go
GO:0001819,positive regulation of cytokine production,go
GO:0002720,positive regulation of cytokine production involved in immune response,go
GO:1900017,positive regulation of cytokine production involved in inflammatory response,go
GO:0001961,positive regulation of cytokine-mediated signaling pathway,go
GO:0032467,positive regulation of cytokinesis,go
GO:2000767,positive regulation of cytoplasmic translation,go
GO:1904690,positive regulation of cytoplasmic translational initiation,go
GO:0007204,positive regulation of cytosolic calcium ion concentration,go
GO:0031349,positive regulation of defense response,go
GO:0002230,positive regulation of defense response to virus by host,go
GO:1900006,positive regulation of dendrite development,go
GO:0002732,positive regulation of dendritic cell cytokine production,go
GO:2001200,positive regulation of dendritic cell differentiation,go
GO:0060999,positive regulation of dendritic spine development,go
GO:1902952,positive regulation of dendritic spine maintenance,go
GO:2000707,positive regulation of dense core granule biogenesis,go
GO:0035306,positive regulation of dephosphorylation,go
GO:0048639,positive regulation of developmental growth,go
GO:0051094,positive regulation of developmental process,go
GO:2001150,positive regulation of dipeptide transmembrane transport,go
GO:0033603,positive regulation of dopamine secretion,go
GO:0051586,positive regulation of dopamine uptake involved in synaptic transmission,go
GO:2000781,positive regulation of double-strand break repair,go
GO:1905168,positive regulation of double-strand break repair via homologous recombination,go
GO:1904000,positive regulation of eating behavior,go
GO:0045807,positive regulation of endocytosis,go
GO:0032079,positive regulation of endodeoxyribonuclease activity,go
GO:2000353,positive regulation of endothelial cell apoptotic process,go
GO:2001028,positive regulation of endothelial cell chemotaxis,go
GO:0010595,positive regulation of endothelial cell migration,go
GO:0001938,positive regulation of endothelial cell proliferation,go
GO:1904472,positive regulation of endothelin production,go
GO:0045742,positive regulation of epidermal growth factor receptor signaling pathway,go
GO:0045684,positive regulation of epidermis development,go
GO:1904037,positive regulation of epithelial cell apoptotic process,go
GO:0010634,positive regulation of epithelial cell migration,go
GO:0050679,positive regulation of epithelial cell proliferation,go
GO:0060054,positive regulation of epithelial cell proliferation involved in wound healing,go
GO:0010718,positive regulation of epithelial to mesenchymal transition,go
GO:0045648,positive regulation of erythrocyte differentiation,go
GO:1904951,positive regulation of establishment of protein localization,go
GO:2000866,positive regulation of estradiol secretion,go
GO:2000463,positive regulation of excitatory postsynaptic potential,go
GO:1900119,positive regulation of execution phase of apoptosis,go
GO:0045921,positive regulation of exocytosis,go
GO:1901203,positive regulation of extracellular matrix assembly,go
GO:2001238,positive regulation of extrinsic apoptotic signaling pathway,go
GO:0045600,positive regulation of fat cell differentiation,go
GO:0032000,positive regulation of fatty acid beta-oxidation,go
GO:0045723,positive regulation of fatty acid biosynthetic process,go
GO:0045923,positive regulation of fatty acid metabolic process,go
GO:0046321,positive regulation of fatty acid oxidation,go
GO:0160020,positive regulation of ferroptosis,go
GO:0031622,positive regulation of fever generation,go
GO:0090271,positive regulation of fibroblast growth factor production,go
GO:0048146,positive regulation of fibroblast proliferation,go
GO:0051894,positive regulation of focal adhesion assembly,go
GO:0032724,positive regulation of fractalkine production,go
GO:1903598,positive regulation of gap junction assembly,go
GO:0010628,positive regulation of gene expression,go
GO:0060252,positive regulation of glial cell proliferation,go
GO:1900168,positive regulation of glial cell-derived neurotrophic factor production,go
GO:0090193,positive regulation of glomerulus development,go
GO:0070094,positive regulation of glucagon secretion,go
GO:0031948,positive regulation of glucocorticoid biosynthetic process,go
GO:0010907,positive regulation of glucose metabolic process,go
GO:1900451,positive regulation of glutamate receptor signaling pathway,go
GO:0014049,positive regulation of glutamate secretion,go
GO:1903788,positive regulation of glutathione biosynthetic process,go
GO:0045725,positive regulation of glycogen biosynthetic process,go
GO:0045821,positive regulation of glycolytic process,go
GO:0060124,positive regulation of growth hormone secretion,go
GO:0042635,positive regulation of hair cycle,go
GO:0051798,positive regulation of hair follicle development,go
GO:0010460,positive regulation of heart rate,go
GO:0001996,positive regulation of heart rate by epinephrine-norepinephrine,go
GO:0031652,positive regulation of heat generation,go
GO:0046985,positive regulation of hemoglobin biosynthetic process,go
GO:2000491,positive regulation of hepatic stellate cell activation,go
GO:2000347,positive regulation of hepatocyte proliferation,go
GO:0034116,positive regulation of heterotypic cell-cell adhesion,go
GO:0046886,positive regulation of hormone biosynthetic process,go
GO:0046887,positive regulation of hormone secretion,go
GO:1903285,positive regulation of hydrogen peroxide catabolic process,go
GO:0002639,positive regulation of immunoglobulin production,go
GO:0050729,positive regulation of inflammatory response,go
GO:0045089,positive regulation of innate immune response,go
GO:0060732,positive regulation of inositol phosphate biosynthetic process,go
GO:0032962,positive regulation of inositol trisphosphate biosynthetic process,go
GO:0046628,positive regulation of insulin receptor signaling pathway,go
GO:0032024,positive regulation of insulin secretion,go
GO:0035774,positive regulation of insulin secretion involved in cellular response to glucose stimulus,go
GO:0033625,positive regulation of integrin activation,go
GO:0033626,positive regulation of integrin activation by cell surface receptor linked signal transduction,go
GO:0045726,positive regulation of integrin biosynthetic process,go
GO:0032727,positive regulation of interferon-alpha production,go
GO:0032728,positive regulation of interferon-beta production,go
GO:0032731,positive regulation of interleukin-1 beta production,go
GO:0032732,positive regulation of interleukin-1 production,go
GO:0032733,positive regulation of interleukin-10 production,go
GO:0032735,positive regulation of interleukin-12 production,go
GO:0032736,positive regulation of interleukin-13 production,go
GO:0032740,positive regulation of interleukin-17 production,go
GO:0032741,positive regulation of interleukin-18 production,go
GO:2000494,positive regulation of interleukin-18-mediated signaling pathway,go
GO:0032743,positive regulation of interleukin-2 production,go
GO:0150129,positive regulation of interleukin-33 production,go
GO:0032753,positive regulation of interleukin-4 production,go
GO:0032754,positive regulation of interleukin-5 production,go
GO:0032755,positive regulation of interleukin-6 production,go
GO:0032757,positive regulation of interleukin-8 production,go
GO:0033148,positive regulation of intracellular estrogen receptor signaling pathway,go
GO:0090316,positive regulation of intracellular protein transport,go
GO:1902533,positive regulation of intracellular signal transduction,go
GO:2001244,positive regulation of intrinsic apoptotic signaling pathway,go
GO:1902220,positive regulation of intrinsic apoptotic signaling pathway in response to osmotic stress,go
GO:0045618,positive regulation of keratinocyte differentiation,go
GO:0051549,positive regulation of keratinocyte migration,go
GO:1903489,positive regulation of lactation,go
GO:0010592,positive regulation of lamellipodium assembly,go
GO:2000394,positive regulation of lamellipodium morphogenesis,go
GO:1905116,positive regulation of lateral attachment of mitotic spindle microtubules to kinetochore,go
GO:1904999,positive regulation of leukocyte adhesion to arterial endothelial cell,go
GO:1904996,positive regulation of leukocyte adhesion to vascular endothelial cell,go
GO:1903039,positive regulation of leukocyte cell-cell adhesion,go
GO:1902107,positive regulation of leukocyte differentiation,go
GO:0070665,positive regulation of leukocyte proliferation,go
GO:1903238,positive regulation of leukocyte tethering or rolling,go
GO:0046889,positive regulation of lipid biosynthetic process,go
GO:0050996,positive regulation of lipid catabolic process,go
GO:0045834,positive regulation of lipid metabolic process,go
GO:1903002,positive regulation of lipid transport across blood-brain barrier,go
GO:1904504,positive regulation of lipophagy,go
GO:0031666,positive regulation of lipopolysaccharide-mediated signaling pathway,go
GO:0140077,positive regulation of lipoprotein transport,go
GO:0040017,positive regulation of locomotion,go
GO:0140214,positive regulation of long-chain fatty acid import into cell,go
GO:0048170,positive regulation of long-term neuronal synaptic plasticity,go
GO:1900273,positive regulation of long-term synaptic potentiation,go
GO:0032805,positive regulation of low-density lipoprotein particle receptor catabolic process,go
GO:0045621,positive regulation of lymphocyte differentiation,go
GO:0048026,"positive regulation of mRNA splicing, via spliceosome",go
GO:0016239,positive regulation of macroautophagy,go
GO:0010604,positive regulation of macromolecule metabolic process,go
GO:0010759,positive regulation of macrophage chemotaxis,go
GO:0010744,positive regulation of macrophage derived foam cell differentiation,go
GO:0045651,positive regulation of macrophage differentiation,go
GO:0120041,positive regulation of macrophage proliferation,go
GO:2000020,positive regulation of male gonad development,go
GO:1902437,positive regulation of male mating behavior,go
GO:0032765,positive regulation of mast cell cytokine production,go
GO:0043306,positive regulation of mast cell degranulation,go
GO:0051446,positive regulation of meiotic cell cycle,go
GO:0051044,positive regulation of membrane protein ectodomain proteolysis,go
GO:0002053,positive regulation of mesenchymal cell proliferation,go
GO:1902895,positive regulation of miRNA transcription,go
GO:1904141,positive regulation of microglial cell migration,go
GO:0031117,positive regulation of microtubule depolymerization,go
GO:0090063,positive regulation of microtubule nucleation,go
GO:0031116,positive regulation of microtubule polymerization,go
GO:0061885,positive regulation of mini excitatory postsynaptic potential,go
GO:0032425,positive regulation of mismatch repair,go
GO:1905448,positive regulation of mitochondrial ATP synthesis coupled electron transport,go
GO:0051901,positive regulation of mitochondrial depolarization,go
GO:0090141,positive regulation of mitochondrial fission,go
GO:0010918,positive regulation of mitochondrial membrane potential,go
GO:1901030,positive regulation of mitochondrial outer membrane permeabilization involved in apoptotic signaling pathway,go
GO:1901526,positive regulation of mitophagy,go
GO:0045931,positive regulation of mitotic cell cycle,go
GO:0090267,positive regulation of mitotic cell cycle spindle assembly checkpoint,go
GO:1903490,positive regulation of mitotic cytokinesis,go
GO:0045840,positive regulation of mitotic nuclear division,go
GO:0062033,positive regulation of mitotic sister chromatid segregation,go
GO:1901970,positive regulation of mitotic sister chromatid separation,go
GO:1903793,positive regulation of monoatomic anion transport,go
GO:0043270,positive regulation of monoatomic ion transport,go
GO:0071639,positive regulation of monocyte chemotactic protein-1 production,go
GO:0090026,positive regulation of monocyte chemotaxis,go
GO:2000439,positive regulation of monocyte extravasation,go
GO:0071677,positive regulation of mononuclear cell migration,go
GO:0070257,positive regulation of mucus secretion,go
GO:0040018,positive regulation of multicellular organism growth,go
GO:0051240,positive regulation of multicellular organismal process,go
GO:0051149,positive regulation of muscle cell differentiation,go
GO:0045933,positive regulation of muscle contraction,go
GO:0061081,positive regulation of myeloid leukocyte cytokine production involved in immune response,go
GO:0045663,positive regulation of myoblast differentiation,go
GO:1901741,positive regulation of myoblast fusion,go
GO:2000288,positive regulation of myoblast proliferation,go
GO:0010831,positive regulation of myotube differentiation,go
GO:0032825,positive regulation of natural killer cell differentiation,go
GO:2000179,positive regulation of neural precursor cell proliferation,go
GO:0002052,positive regulation of neuroblast proliferation,go
GO:0050769,positive regulation of neurogenesis,go
GO:0150078,positive regulation of neuroinflammatory response,go
GO:0043525,positive regulation of neuron apoptotic process,go
GO:0045666,positive regulation of neuron differentiation,go
GO:0010976,positive regulation of neuron projection development,go
GO:1904457,positive regulation of neuronal action potential,go
GO:1902565,positive regulation of neutrophil activation,go
GO:0033031,positive regulation of neutrophil apoptotic process,go
GO:0070965,positive regulation of neutrophil mediated killing of fungus,go
GO:1902624,positive regulation of neutrophil migration,go
GO:0045429,positive regulation of nitric oxide biosynthetic process,go
GO:0141150,positive regulation of nitric oxide-cGMP mediated signal transduction,go
GO:1901224,positive regulation of non-canonical NF-kappaB signal transduction,go
GO:2000052,positive regulation of non-canonical Wnt signaling pathway,go
GO:0032244,positive regulation of nucleoside transport,go
GO:0070434,positive regulation of nucleotide-binding oligomerization domain containing 2 signaling pathway,go
GO:0048714,positive regulation of oligodendrocyte differentiation,go
GO:0045669,positive regulation of osteoblast differentiation,go
GO:0045672,positive regulation of osteoclast differentiation,go
GO:1903862,positive regulation of oxidative phosphorylation,go
GO:1903378,positive regulation of oxidative stress-induced neuron intrinsic apoptotic signaling pathway,go
GO:1900745,positive regulation of p38MAPK cascade,go
GO:0060406,positive regulation of penile erection,go
GO:1905857,positive regulation of pentose-phosphate shunt,go
GO:0002793,positive regulation of peptide secretion,go
GO:0033138,positive regulation of peptidyl-serine phosphorylation,go
GO:0010800,positive regulation of peptidyl-threonine phosphorylation,go
GO:0035360,positive regulation of peroxisome proliferator activated receptor signaling pathway,go
GO:0050766,positive regulation of phagocytosis,go
GO:0060100,"positive regulation of phagocytosis, engulfment",go
GO:1905695,positive regulation of phosphatidic acid biosynthetic process,go
GO:0051897,positive regulation of phosphatidylinositol 3-kinase/protein kinase B signal transduction,go
GO:0010513,positive regulation of phosphatidylinositol biosynthetic process,go
GO:1900738,positive regulation of phospholipase C-activating G protein-coupled receptor signaling pathway,go
GO:0071073,positive regulation of phospholipid biosynthetic process,go
GO:1902995,positive regulation of phospholipid efflux,go
GO:2001140,positive regulation of phospholipid transport,go
GO:0042327,positive regulation of phosphorylation,go
GO:0048549,positive regulation of pinocytosis,go
GO:1900100,positive regulation of plasma cell differentiation,go
GO:0010756,positive regulation of plasminogen activation,go
GO:0010572,positive regulation of platelet activation,go
GO:1901731,positive regulation of platelet aggregation,go
GO:0090362,positive regulation of platelet-derived growth factor production,go
GO:0010641,positive regulation of platelet-derived growth factor receptor signaling pathway,go
GO:0071803,positive regulation of podosome assembly,go
GO:0050927,positive regulation of positive chemotaxis,go
GO:1901381,positive regulation of potassium ion transmembrane transport,go
GO:0043268,positive regulation of potassium ion transport,go
GO:0099533,positive regulation of presynaptic cytosolic calcium concentration,go
GO:0043068,positive regulation of programmed cell death,go
GO:0031394,positive regulation of prostaglandin biosynthetic process,go
GO:0032308,positive regulation of prostaglandin secretion,go
GO:0061078,positive regulation of prostaglandin secretion involved in immune response,go
GO:0032436,positive regulation of proteasomal ubiquitin-dependent protein catabolic process,go
GO:1902524,positive regulation of protein K48-linked ubiquitination,go
GO:1901985,positive regulation of protein acetylation,go
GO:0032092,positive regulation of protein binding,go
GO:0045732,positive regulation of protein catabolic process,go
GO:0046827,positive regulation of protein export from nucleus,go
GO:0042307,positive regulation of protein import into nucleus,go
GO:0090037,positive regulation of protein kinase C signaling,go
GO:0045860,positive regulation of protein kinase activity,go
GO:1903829,positive regulation of protein localization,go
GO:1904377,positive regulation of protein localization to cell periphery,go
GO:2000010,positive regulation of protein localization to cell surface,go
GO:1904781,positive regulation of protein localization to centrosome,go
GO:1903566,positive regulation of protein localization to cilium,go
GO:1905552,positive regulation of protein localization to endoplasmic reticulum,go
GO:1905477,positive regulation of protein localization to membrane,go
GO:1904751,positive regulation of protein localization to nucleolus,go
GO:1900182,positive regulation of protein localization to nucleus,go
GO:1903078,positive regulation of protein localization to plasma membrane,go
GO:1902474,positive regulation of protein localization to synapse,go
GO:0051247,positive regulation of protein metabolic process,go
GO:0032461,positive regulation of protein oligomerization,go
GO:0001934,positive regulation of protein phosphorylation,go
GO:0050714,positive regulation of protein secretion,go
GO:0071902,positive regulation of protein serine/threonine kinase activity,go
GO:0033235,positive regulation of protein sumoylation,go
GO:0090314,positive regulation of protein targeting to membrane,go
GO:1903955,positive regulation of protein targeting to mitochondrion,go
GO:0051222,positive regulation of protein transport,go
GO:0031398,positive regulation of protein ubiquitination,go
GO:0031334,positive regulation of protein-containing complex assembly,go
GO:0043243,positive regulation of protein-containing complex disassembly,go
GO:0045862,positive regulation of proteolysis,go
GO:0031274,positive regulation of pseudopodium assembly,go
GO:0120072,positive regulation of pyloric antrum smooth muscle contraction,go
GO:0140639,positive regulation of pyroptotic inflammatory response,go
GO:2000234,positive regulation of rRNA processing,go
GO:2000379,positive regulation of reactive oxygen species metabolic process,go
GO:2000646,positive regulation of receptor catabolic process,go
GO:0002092,positive regulation of receptor internalization,go
GO:0001921,positive regulation of receptor recycling,go
GO:0046427,positive regulation of receptor signaling pathway via JAK-STAT,go
GO:0045591,positive regulation of regulatory T cell differentiation,go
GO:0090200,positive regulation of release of cytochrome c from mitochondria,go
GO:0051281,positive regulation of release of sequestered calcium ion into cytosol,go
GO:0060267,positive regulation of respiratory burst,go
GO:1900029,positive regulation of ruffle assembly,go
GO:0046878,positive regulation of saliva secretion,go
GO:1904411,positive regulation of secretory granule organization,go
GO:0014064,positive regulation of serotonin secretion,go
GO:0009967,positive regulation of signal transduction,go
GO:0023056,positive regulation of signaling,go
GO:0045870,positive regulation of single stranded viral RNA replication via double stranded DNA intermediate,go
GO:0043415,positive regulation of skeletal muscle tissue regeneration,go
GO:0051057,positive regulation of small GTPase mediated signal transduction,go
GO:0120058,positive regulation of small intestinal transit,go
GO:1904349,positive regulation of small intestine smooth muscle contraction,go
GO:0071673,positive regulation of smooth muscle cell chemotaxis,go
GO:0048661,positive regulation of smooth muscle cell proliferation,go
GO:0045987,positive regulation of smooth muscle contraction,go
GO:0045880,positive regulation of smoothened signaling pathway,go
GO:0010765,positive regulation of sodium ion transport,go
GO:1903672,positive regulation of sprouting angiogenesis,go
GO:2000738,positive regulation of stem cell differentiation,go
GO:1902459,positive regulation of stem cell population maintenance,go
GO:2000648,positive regulation of stem cell proliferation,go
GO:0051496,positive regulation of stress fiber assembly,go
GO:1900026,positive regulation of substrate adhesion-dependent cell spreading,go
GO:0032930,positive regulation of superoxide anion generation,go
GO:1901671,positive regulation of superoxide dismutase activity,go
GO:0051965,positive regulation of synapse assembly,go
GO:0050806,positive regulation of synaptic transmission,go
GO:0032230,"positive regulation of synaptic transmission, GABAergic",go
GO:0032224,"positive regulation of synaptic transmission, cholinergic",go
GO:0051968,"positive regulation of synaptic transmission, glutamatergic",go
GO:1901647,positive regulation of synoviocyte proliferation,go
GO:0003084,positive regulation of systemic arterial blood pressure,go
GO:1904884,positive regulation of telomerase catalytic core complex assembly,go
GO:1904355,positive regulation of telomere capping,go
GO:0032206,positive regulation of telomere maintenance,go
GO:0032212,positive regulation of telomere maintenance via telomerase,go
GO:1904358,positive regulation of telomere maintenance via telomere lengthening,go
GO:2001051,positive regulation of tendon cell differentiation,go
GO:2000611,positive regulation of thyroid hormone generation,go
GO:0002157,positive regulation of thyroid hormone receptor signaling pathway,go
GO:0034105,positive regulation of tissue remodeling,go
GO:0034137,positive regulation of toll-like receptor 2 signaling pathway,go
GO:0034145,positive regulation of toll-like receptor 4 signaling pathway,go
GO:0034165,positive regulation of toll-like receptor 9 signaling pathway,go
GO:0045943,positive regulation of transcription by RNA polymerase I,go
GO:0045944,positive regulation of transcription by RNA polymerase II,go
GO:0045945,positive regulation of transcription by RNA polymerase III,go
GO:0032968,positive regulation of transcription elongation by RNA polymerase II,go
GO:1901838,positive regulation of transcription of nucleolar large rRNA by RNA polymerase I,go
GO:1903620,positive regulation of transdifferentiation,go
GO:0071636,positive regulation of transforming growth factor beta production,go
GO:0030511,positive regulation of transforming growth factor beta receptor signaling pathway,go
GO:0032916,positive regulation of transforming growth factor beta3 production,go
GO:0045727,positive regulation of translation,go
GO:0045948,positive regulation of translational initiation,go
GO:0051971,positive regulation of transmission of nerve impulse,go
GO:0010867,positive regulation of triglyceride biosynthetic process,go
GO:0061365,positive regulation of triglyceride lipase activity,go
GO:0032760,positive regulation of tumor necrosis factor production,go
GO:1903265,positive regulation of tumor necrosis factor-mediated signaling pathway,go
GO:1905091,positive regulation of type 2 mitophagy,go
GO:2000078,positive regulation of type B pancreatic cell development,go
GO:0032481,positive regulation of type I interferon production,go
GO:0060340,positive regulation of type I interferon-mediated signaling pathway,go
GO:0032729,positive regulation of type II interferon production,go
GO:0042531,positive regulation of tyrosine phosphorylation of STAT protein,go
GO:2000060,positive regulation of ubiquitin-dependent protein catabolic process,go
GO:0035810,positive regulation of urine volume,go
GO:0070474,positive regulation of uterine smooth muscle contraction,go
GO:1905461,positive regulation of vascular associated smooth muscle cell apoptotic process,go
GO:1905065,positive regulation of vascular associated smooth muscle cell differentiation,go
GO:1904754,positive regulation of vascular associated smooth muscle cell migration,go
GO:1904707,positive regulation of vascular associated smooth muscle cell proliferation,go
GO:1905564,positive regulation of vascular endothelial cell proliferation,go
GO:0010575,positive regulation of vascular endothelial growth factor production,go
GO:0030949,positive regulation of vascular endothelial growth factor receptor signaling pathway,go
GO:0043117,positive regulation of vascular permeability,go
GO:0035470,positive regulation of vascular wound healing,go
GO:2001214,positive regulation of vasculogenesis,go
GO:0045907,positive regulation of vasoconstriction,go
GO:0046598,positive regulation of viral entry into host cell,go
GO:0045070,positive regulation of viral genome replication,go
GO:1903902,positive regulation of viral life cycle,go
GO:0060557,positive regulation of vitamin D biosynthetic process,go
GO:0070564,positive regulation of vitamin D receptor signaling pathway,go
GO:0090303,positive regulation of wound healing,go
GO:1903691,"positive regulation of wound healing, spreading of epidermal cells",go
GO:1905701,positive regulation of xenobiotic detoxification by transmembrane export across the plasma membrane,go
GO:0010608,post-transcriptional regulation of gene expression,go
GO:0043687,post-translational protein modification,go
GO:0099170,postsynaptic modulation of chemical synaptic transmission,go
GO:1990573,potassium ion import across plasma membrane,go
GO:0071805,potassium ion transmembrane transport,go
GO:0006813,potassium ion transport,go
GO:0002331,pre-B cell allelic exclusion,go
GO:0060134,prepulse inhibition,go
GO:0099171,presynaptic modulation of chemical synaptic transmission,go
GO:0031053,primary miRNA processing,go
GO:0001545,primary ovarian follicle growth,go
GO:0007538,primary sex determination,go
GO:0002328,pro-B cell differentiation,go
GO:0042448,progesterone metabolic process,go
GO:0050847,progesterone receptor signaling pathway,go
GO:0012501,programmed cell death,go
GO:0007344,pronuclear fusion,go
GO:0001516,prostaglandin biosynthetic process,go
GO:0006693,prostaglandin metabolic process,go
GO:0032310,prostaglandin secretion,go
GO:0015732,prostaglandin transport,go
GO:0046457,prostanoid biosynthetic process,go
GO:0030850,prostate gland development,go
GO:0060740,prostate gland epithelium morphogenesis,go
GO:0010499,proteasomal ubiquitin-independent protein catabolic process,go
GO:0043161,proteasome-mediated ubiquitin-dependent protein catabolic process,go
GO:0006493,protein O-linked glycosylation,go
GO:0016266,protein O-linked glycosylation via N-acetyl-galactosamine,go
GO:0006473,protein acetylation,go
GO:0070213,protein auto-ADP-ribosylation,go
GO:0046777,protein autophosphorylation,go
GO:0016540,protein autoprocessing,go
GO:0030163,protein catabolic process,go
GO:0006476,protein deacetylation,go
GO:0006470,protein dephosphorylation,go
GO:0031648,protein destabilization,go
GO:0016926,protein desumoylation,go
GO:0016579,protein deubiquitination,go
GO:0006611,protein export from nucleus,go
GO:0018343,protein farnesylation,go
GO:0006457,protein folding,go
GO:0034975,protein folding in endoplasmic reticulum,go
GO:0018344,protein geranylgeranylation,go
GO:0051260,protein homooligomerization,go
GO:0051289,protein homotetramerization,go
GO:0070207,protein homotrimerization,go
GO:0017038,protein import,go
GO:0006606,protein import into nucleus,go
GO:0051205,protein insertion into membrane,go
GO:0070528,protein kinase C signaling,go
GO:0071168,protein localization to chromatin,go
GO:0071459,"protein localization to chromosome, centromeric region",go
GO:0070198,"protein localization to chromosome, telomeric region",go
GO:0034501,protein localization to kinetochore,go
GO:1990044,protein localization to lipid droplet,go
GO:1903044,protein localization to membrane raft,go
GO:0072659,protein localization to plasma membrane,go
GO:0051604,protein maturation,go
GO:0006479,protein methylation,go
GO:0036211,protein modification process,go
GO:0000413,protein peptidyl-prolyl isomerization,go
GO:0006468,protein phosphorylation,go
GO:0070212,protein poly-ADP-ribosylation,go
GO:0051258,protein polymerization,go
GO:0000209,protein polyubiquitination,go
GO:0016485,protein processing,go
GO:0006515,protein quality control for misfolded or incompletely synthesized proteins,go
GO:0042026,protein refolding,go
GO:0050821,protein stabilization,go
GO:0016925,protein sumoylation,go
GO:0061740,protein targeting to lysosome involved in chaperone-mediated autophagy,go
GO:0006612,protein targeting to membrane,go
GO:0006626,protein targeting to mitochondrion,go
GO:0051262,protein tetramerization,go
GO:0015031,protein transport,go
GO:0016567,protein ubiquitination,go
GO:0065003,protein-containing complex assembly,go
GO:0043933,protein-containing complex organization,go
GO:0170040,proteinogenic amino acid catabolic process,go
GO:0030167,proteoglycan catabolic process,go
GO:0006029,proteoglycan metabolic process,go
GO:0006508,proteolysis,go
GO:0051603,proteolysis involved in protein catabolic process,go
GO:1902600,proton transmembrane transport,go
GO:0006782,protoporphyrinogen IX biosynthetic process,go
GO:0009954,proximal/distal pattern formation,go
GO:0003184,pulmonary valve morphogenesis,go
GO:0006144,purine nucleobase metabolic process,go
GO:0006152,purine nucleoside catabolic process,go
GO:0006164,purine nucleotide biosynthetic process,go
GO:0006166,purine ribonucleoside salvage,go
GO:0072530,purine-containing compound transmembrane transport,go
GO:0035590,purinergic nucleotide receptor signaling pathway,go
GO:0015847,putrescine transport,go
GO:0006290,pyrimidine dimer repair,go
GO:0009220,pyrimidine ribonucleotide biosynthetic process,go
GO:0070269,pyroptotic inflammatory response,go
GO:0042866,pyruvate biosynthetic process,go
GO:0015697,quaternary ammonium group transport,go
GO:0019805,quinolinate biosynthetic process,go
GO:1901662,quinone catabolic process,go
GO:0035928,rRNA import into mitochondrion,go
GO:0016072,rRNA metabolic process,go
GO:0051029,rRNA transport,go
GO:1903409,reactive oxygen species biosynthetic process,go
GO:0043113,receptor clustering,go
GO:0031623,receptor internalization,go
GO:0006898,receptor-mediated endocytosis,go
GO:0019065,receptor-mediated endocytosis of virus by host cell,go
GO:0046813,receptor-mediated virion attachment to host cell,go
GO:0007131,reciprocal meiotic recombination,go
GO:0038026,reelin-mediated signaling pathway,go
GO:0030888,regulation of B cell proliferation,go
GO:0030510,regulation of BMP signaling pathway,go
GO:1905289,regulation of CAMKK-AMPK signaling cascade,go
GO:2000514,"regulation of CD4-positive, alpha-beta T cell activation",go
GO:0032489,regulation of Cdc42 protein signal transduction,go
GO:0010827,regulation of D-glucose transmembrane transport,go
GO:2000001,regulation of DNA damage checkpoint,go
GO:0043516,"regulation of DNA damage response, signal transduction by p53 class mediator",go
GO:0051052,regulation of DNA metabolic process,go
GO:0006282,regulation of DNA repair,go
GO:0006275,regulation of DNA replication,go
GO:0006355,regulation of DNA-templated transcription,go
GO:0070372,regulation of ERK1 and ERK2 cascade,go
GO:0010389,regulation of G2/M transition of mitotic cell cycle,go
GO:0090170,regulation of Golgi inheritance,go
GO:0046328,regulation of JNK cascade,go
GO:0043408,regulation of MAPK cascade,go
GO:2000310,regulation of NMDA receptor activity,go
GO:0043484,regulation of RNA splicing,go
GO:0014038,regulation of Schwann cell differentiation,go
GO:0070232,regulation of T cell apoptotic process,go
GO:0045580,regulation of T cell differentiation,go
GO:0001914,regulation of T cell mediated cytotoxicity,go
GO:0002840,regulation of T cell mediated immune response to tumor cell,go
GO:0042129,regulation of T cell proliferation,go
GO:0032006,regulation of TOR signaling,go
GO:0030111,regulation of Wnt signaling pathway,go
GO:0014056,"regulation of acetylcholine secretion, neurotransmission",go
GO:0032956,regulation of actin cytoskeleton organization,go
GO:0110053,regulation of actin filament organization,go
GO:0002819,regulation of adaptive immune response,go
GO:0000381,"regulation of alternative mRNA splicing, via spliceosome",go
GO:0034248,regulation of amide metabolic process,go
GO:0051952,regulation of amine transport,go
GO:1905906,regulation of amyloid fibril formation,go
GO:1902991,regulation of amyloid precursor protein catabolic process,go
GO:1900221,regulation of amyloid-beta clearance,go
GO:1902003,regulation of amyloid-beta formation,go
GO:0060765,regulation of androgen receptor signaling pathway,go
GO:0045765,regulation of angiogenesis,go
GO:0060177,regulation of angiotensin metabolic process,go
GO:0042981,regulation of apoptotic process,go
GO:2001233,regulation of apoptotic signaling pathway,go
GO:0032098,regulation of appetite,go
GO:2000458,regulation of astrocyte chemotaxis,go
GO:0060371,regulation of atrial cardiac muscle cell membrane depolarization,go
GO:0060372,regulation of atrial cardiac muscle cell membrane repolarization,go
GO:1902423,regulation of attachment of mitotic spindle microtubules to kinetochore,go
GO:2000785,regulation of autophagosome assembly,go
GO:0010506,regulation of autophagy,go
GO:1903146,regulation of autophagy of mitochondrion,go
GO:0030516,regulation of axon extension,go
GO:0050770,regulation of axonogenesis,go
GO:0050795,regulation of behavior,go
GO:2000822,regulation of behavioral fear response,go
GO:2000810,regulation of bicellular tight junction assembly,go
GO:0070857,regulation of bile acid biosynthetic process,go
GO:0120188,regulation of bile acid secretion,go
GO:1903522,regulation of blood circulation,go
GO:0030193,regulation of blood coagulation,go
GO:0008217,regulation of blood pressure,go
GO:0002017,regulation of blood volume by renal aldosterone,go
GO:0050878,regulation of body fluid levels,go
GO:0030500,regulation of bone mineralization,go
GO:0045124,regulation of bone resorption,go
GO:1905664,regulation of calcium ion import across plasma membrane,go
GO:1902514,regulation of calcium ion transmembrane transport via high voltage-gated calcium channel,go
GO:0051924,regulation of calcium ion transport,go
GO:0050848,regulation of calcium-mediated signaling,go
GO:0043122,regulation of canonical NF-kappaB signal transduction,go
GO:1903779,regulation of cardiac conduction,go
GO:0086004,regulation of cardiac muscle cell contraction,go
GO:0055117,regulation of cardiac muscle contraction,go
GO:0010881,regulation of cardiac muscle contraction by regulation of the release of sequestered calcium ion,go
GO:0050790,regulation of catalytic activity,go
GO:2001286,regulation of caveolin-mediated endocytosis,go
GO:0030155,regulation of cell adhesion,go
GO:0060353,regulation of cell adhesion molecule production,go
GO:0010649,regulation of cell communication by electrical coupling,go
GO:1901844,regulation of cell communication by electrical coupling involved in cardiac conduction,go
GO:0051726,regulation of cell cycle,go
GO:1901987,regulation of cell cycle phase transition,go
GO:0042659,regulation of cell fate specification,go
GO:0001558,regulation of cell growth,go
GO:0030334,regulation of cell migration,go
GO:2000145,regulation of cell motility,go
GO:0042127,regulation of cell population proliferation,go
GO:0061006,regulation of cell proliferation involved in kidney morphogenesis,go
GO:0008360,regulation of cell shape,go
GO:0008361,regulation of cell size,go
GO:0022407,regulation of cell-cell adhesion,go
GO:0033632,regulation of cell-cell adhesion mediated by integrin,go
GO:0001952,regulation of cell-matrix adhesion,go
GO:1900034,regulation of cellular response to heat,go
GO:1900076,regulation of cellular response to insulin stimulus,go
GO:1900407,regulation of cellular response to oxidative stress,go
GO:0080135,regulation of cellular response to stress,go
GO:1905890,regulation of cellular response to very-low-density lipoprotein particle stimulus,go
GO:2000772,regulation of cellular senescence,go
GO:0046605,regulation of centrosome cycle,go
GO:0050920,regulation of chemotaxis,go
GO:2001225,regulation of chloride transport,go
GO:0010874,regulation of cholesterol efflux,go
GO:0090181,regulation of cholesterol metabolic process,go
GO:0033044,regulation of chromosome organization,go
GO:0051983,regulation of chromosome segregation,go
GO:1905818,regulation of chromosome separation,go
GO:0042752,regulation of circadian rhythm,go
GO:0045187,"regulation of circadian sleep/wake cycle, sleep",go
GO:2000369,regulation of clathrin-dependent endocytosis,go
GO:0043397,regulation of corticotropin-releasing hormone secretion,go
GO:0000079,regulation of cyclin-dependent protein serine/threonine kinase activity,go
GO:0001817,regulation of cytokine production,go
GO:1900015,regulation of cytokine production involved in inflammatory response,go
GO:0032465,regulation of cytokinesis,go
GO:0039531,regulation of cytoplasmic pattern recognition receptor signaling pathway,go
GO:0051493,regulation of cytoskeleton organization,go
GO:0051480,regulation of cytosolic calcium ion concentration,go
GO:0050691,regulation of defense response to virus by host,go
GO:0048814,regulation of dendrite morphogenesis,go
GO:0061001,regulation of dendritic spine morphogenesis,go
GO:0050793,regulation of developmental process,go
GO:1903179,regulation of dopamine biosynthetic process,go
GO:0042053,regulation of dopamine metabolic process,go
GO:0014059,regulation of dopamine secretion,go
GO:0051584,regulation of dopamine uptake involved in synaptic transmission,go
GO:2000779,regulation of double-strand break repair,go
GO:0010569,regulation of double-strand break repair via homologous recombination,go
GO:2000641,regulation of early endosome to late endosome transport,go
GO:0045995,regulation of embryonic development,go
GO:0030100,regulation of endocytosis,go
GO:1905364,regulation of endosomal vesicle fusion,go
GO:2000351,regulation of endothelial cell apoptotic process,go
GO:1901074,regulation of engulfment of apoptotic cell,go
GO:0010632,regulation of epithelial cell migration,go
GO:0045646,regulation of erythrocyte differentiation,go
GO:1903140,regulation of establishment of endothelial barrier,go
GO:0032878,regulation of establishment or maintenance of cell polarity,go
GO:0010715,regulation of extracellular matrix disassembly,go
GO:1902041,regulation of extrinsic apoptotic signaling pathway via death domain receptors,go
GO:0045598,regulation of fat cell differentiation,go
GO:0031998,regulation of fatty acid beta-oxidation,go
GO:0019217,regulation of fatty acid metabolic process,go
GO:0046320,regulation of fatty acid oxidation,go
GO:2000191,regulation of fatty acid transport,go
GO:2000194,regulation of female gonad development,go
GO:0031620,regulation of fever generation,go
GO:1903596,regulation of gap junction assembly,go
GO:1905333,regulation of gastric motility,go
GO:0010468,regulation of gene expression,go
GO:0060251,regulation of glial cell proliferation,go
GO:0010906,regulation of glucose metabolic process,go
GO:2000211,regulation of glutamate metabolic process,go
GO:1900449,regulation of glutamate receptor signaling pathway,go
GO:0005979,regulation of glycogen biosynthetic process,go
GO:0006110,regulation of glycolytic process,go
GO:0060123,regulation of growth hormone secretion,go
GO:0008016,regulation of heart contraction,go
GO:0002027,regulation of heart rate,go
GO:0086091,regulation of heart rate by cardiac conduction,go
GO:1902036,regulation of hematopoietic stem cell differentiation,go
GO:1902033,regulation of hematopoietic stem cell proliferation,go
GO:1903706,regulation of hemopoiesis,go
GO:1902202,regulation of hepatocyte growth factor receptor signaling pathway,go
GO:0120261,regulation of heterochromatin organization,go
GO:0043134,regulation of hindgut contraction,go
GO:0046883,regulation of hormone secretion,go
GO:0050776,regulation of immune response,go
GO:0002682,regulation of immune system process,go
GO:0050727,regulation of inflammatory response,go
GO:0106014,regulation of inflammatory response to wounding,go
GO:0045088,regulation of innate immune response,go
GO:0046626,regulation of insulin receptor signaling pathway,go
GO:0050796,regulation of insulin secretion,go
GO:0061178,regulation of insulin secretion involved in cellular response to glucose stimulus,go
GO:0033623,regulation of integrin activation,go
GO:0032651,regulation of interleukin-1 beta production,go
GO:0032383,regulation of intracellular cholesterol transport,go
GO:0033146,regulation of intracellular estrogen receptor signaling pathway,go
GO:0032377,regulation of intracellular lipid transport,go
GO:0051453,regulation of intracellular pH,go
GO:0033157,regulation of intracellular protein transport,go
GO:1902531,regulation of intracellular signal transduction,go
GO:0010565,regulation of ketone metabolic process,go
GO:0090183,regulation of kidney development,go
GO:1903037,regulation of leukocyte cell-cell adhesion,go
GO:1903236,regulation of leukocyte tethering or rolling,go
GO:0046890,regulation of lipid biosynthetic process,go
GO:0019216,regulation of lipid metabolic process,go
GO:0010883,regulation of lipid storage,go
GO:0040012,regulation of locomotion,go
GO:0090325,regulation of locomotion involved in locomotory behavior,go
GO:1904059,regulation of locomotor rhythm,go
GO:0048169,regulation of long-term neuronal synaptic plasticity,go
GO:1900452,regulation of long-term synaptic depression,go
GO:1900271,regulation of long-term synaptic potentiation,go
GO:0010988,regulation of low-density lipoprotein particle clearance,go
GO:0051249,regulation of lymphocyte activation,go
GO:1905165,regulation of lysosomal protein catabolic process,go
GO:1905671,regulation of lysosome organization,go
GO:0043488,regulation of mRNA stability,go
GO:0016241,regulation of macroautophagy,go
GO:0043030,regulation of macrophage activation,go
GO:0045652,regulation of megakaryocyte differentiation,go
GO:0051445,regulation of meiotic cell cycle,go
GO:1902630,regulation of membrane hyperpolarization,go
GO:0042391,regulation of membrane potential,go
GO:0098903,regulation of membrane repolarization during action potential,go
GO:1902893,regulation of miRNA transcription,go
GO:1903978,regulation of microglial cell activation,go
GO:1904139,regulation of microglial cell migration,go
GO:0150101,regulation of microtubule anchoring at centrosome,go
GO:0070507,regulation of microtubule cytoskeleton organization,go
GO:0031113,regulation of microtubule polymerization,go
GO:0031110,regulation of microtubule polymerization or depolymerization,go
GO:0060632,regulation of microtubule-based movement,go
GO:0032886,regulation of microtubule-based process,go
GO:0090140,regulation of mitochondrial fission,go
GO:0046902,regulation of mitochondrial membrane permeability,go
GO:0051881,regulation of mitochondrial membrane potential,go
GO:0010821,regulation of mitochondrion organization,go
GO:0007346,regulation of mitotic cell cycle,go
GO:0007088,regulation of mitotic nuclear division,go
GO:1901673,regulation of mitotic spindle assembly,go
GO:0099159,regulation of modification of postsynaptic structure,go
GO:0044070,regulation of monoatomic anion transport,go
GO:0040014,regulation of multicellular organism growth,go
GO:0051239,regulation of multicellular organismal process,go
GO:0090257,regulation of muscle system process,go
GO:0031641,regulation of myelination,go
GO:0031644,regulation of nervous system process,go
GO:1902996,regulation of neurofibrillary tangle assembly,go
GO:0050767,regulation of neurogenesis,go
GO:0150077,regulation of neuroinflammatory response,go
GO:0043523,regulation of neuron apoptotic process,go
GO:0010975,regulation of neuron projection development,go
GO:0098908,regulation of neuronal action potential,go
GO:0048168,regulation of neuronal synaptic plasticity,go
GO:0098696,regulation of neurotransmitter receptor localization to postsynaptic specialization membrane,go
GO:0046928,regulation of neurotransmitter secretion,go
GO:2000389,regulation of neutrophil extravasation,go
GO:1901222,regulation of non-canonical NF-kappaB signal transduction,go
GO:0014061,regulation of norepinephrine secretion,go
GO:0051621,regulation of norepinephrine uptake,go
GO:0070424,"regulation of nucleotide-binding domain, leucine rich repeat containing receptor signaling pathway",go
GO:2000819,regulation of nucleotide-excision repair,go
GO:0045667,regulation of osteoblast differentiation,go
GO:0045670,regulation of osteoclast differentiation,go
GO:1902175,regulation of oxidative stress-induced intrinsic apoptotic signaling pathway,go
GO:1900744,regulation of p38MAPK cascade,go
GO:0050730,regulation of peptidyl-tyrosine phosphorylation,go
GO:0035358,regulation of peroxisome proliferator activated receptor signaling pathway,go
GO:0050764,regulation of phagocytosis,go
GO:0051896,regulation of phosphatidylinositol 3-kinase/protein kinase B signal transduction,go
GO:0060304,regulation of phosphatidylinositol dephosphorylation,go
GO:0090330,regulation of platelet aggregation,go
GO:0150052,regulation of postsynapse assembly,go
GO:0099175,regulation of postsynapse organization,go
GO:0099151,regulation of postsynaptic density assembly,go
GO:0060078,regulation of postsynaptic membrane potential,go
GO:0099149,regulation of postsynaptic neurotransmitter receptor internalization,go
GO:0043266,regulation of potassium ion transport,go
GO:1905606,regulation of presynapse assembly,go
GO:0099509,regulation of presynaptic cytosolic calcium ion concentration,go
GO:0080090,regulation of primary metabolic process,go
GO:0002700,regulation of production of molecular mediator of immune response,go
GO:0031392,regulation of prostaglandin biosynthetic process,go
GO:0061136,regulation of proteasomal protein catabolic process,go
GO:0032434,regulation of proteasomal ubiquitin-dependent protein catabolic process,go
GO:0042176,regulation of protein catabolic process,go
GO:0061635,regulation of protein complex stability,go
GO:1901879,regulation of protein depolymerization,go
GO:0046825,regulation of protein export from nucleus,go
GO:1904589,regulation of protein import,go
GO:0032880,regulation of protein localization,go
GO:1900180,regulation of protein localization to nucleus,go
GO:1903076,regulation of protein localization to plasma membrane,go
GO:0051246,regulation of protein metabolic process,go
GO:2000434,regulation of protein neddylation,go
GO:0031647,regulation of protein stability,go
GO:0031396,regulation of protein ubiquitination,go
GO:0043254,regulation of protein-containing complex assembly,go
GO:0030162,regulation of proteolysis,go
GO:1903426,regulation of reactive oxygen species biosynthetic process,go
GO:2000377,regulation of reactive oxygen species metabolic process,go
GO:0046425,regulation of receptor signaling pathway via JAK-STAT,go
GO:0010880,regulation of release of sequestered calcium ion into cytosol by sarcoplasmic reticulum,go
GO:2000121,regulation of removal of superoxide radicals,go
GO:0002019,regulation of renal output by angiotensin,go
GO:0035813,regulation of renal sodium excretion,go
GO:0002087,regulation of respiratory gaseous exchange by nervous system process,go
GO:0048385,regulation of retinoic acid receptor signaling pathway,go
GO:0099178,regulation of retrograde trans-synaptic signaling by endocanabinoid,go
GO:0060700,regulation of ribonuclease activity,go
GO:0060314,regulation of ryanodine-sensitive calcium-release channel activity,go
GO:0046877,regulation of saliva secretion,go
GO:0051046,regulation of secretion,go
GO:1903530,regulation of secretion by cell,go
GO:0051930,regulation of sensory perception of pain,go
GO:1905627,regulation of serotonin biosynthetic process,go
GO:0014062,regulation of serotonin secretion,go
GO:0009966,regulation of signal transduction,go
GO:1901796,regulation of signal transduction by p53 class mediator,go
GO:0100001,regulation of skeletal muscle contraction by action potential,go
GO:0014809,regulation of skeletal muscle contraction by regulation of release of sequestered calcium ion,go
GO:0048742,regulation of skeletal muscle fiber development,go
GO:0014842,regulation of skeletal muscle satellite cell proliferation,go
GO:0014910,regulation of smooth muscle cell migration,go
GO:0006940,regulation of smooth muscle contraction,go
GO:0008589,regulation of smoothened signaling pathway,go
GO:1902305,regulation of sodium ion transmembrane transport,go
GO:0002028,regulation of sodium ion transport,go
GO:0150003,regulation of spontaneous synaptic transmission,go
GO:2000736,regulation of stem cell differentiation,go
GO:2000035,regulation of stem cell division,go
GO:0050810,regulation of steroid biosynthetic process,go
GO:0019218,regulation of steroid metabolic process,go
GO:0051492,regulation of stress fiber assembly,go
GO:0062028,regulation of stress granule assembly,go
GO:0032872,regulation of stress-activated MAPK cascade,go
GO:0051153,regulation of striated muscle cell differentiation,go
GO:1902903,regulation of supramolecular fiber organization,go
GO:0050807,regulation of synapse organization,go
GO:0051823,regulation of synapse structural plasticity,go
GO:0050803,regulation of synapse structure or activity,go
GO:0099179,regulation of synaptic membrane adhesion,go
GO:0048167,regulation of synaptic plasticity,go
GO:0032228,"regulation of synaptic transmission, GABAergic",go
GO:0051966,"regulation of synaptic transmission, glutamatergic",go
GO:0098693,regulation of synaptic vesicle cycle,go
GO:2000300,regulation of synaptic vesicle exocytosis,go
GO:1903421,regulation of synaptic vesicle recycling,go
GO:0003081,regulation of systemic arterial blood pressure by renin-angiotensin,go
GO:0001992,regulation of systemic arterial blood pressure by vasopressin,go
GO:0110002,regulation of tRNA methylation,go
GO:0032204,regulation of telomere maintenance,go
GO:0032210,regulation of telomere maintenance via telomerase,go
GO:2000224,regulation of testosterone biosynthetic process,go
GO:0090067,regulation of thalamus size,go
GO:0002643,regulation of tolerance induction,go
GO:0034139,regulation of toll-like receptor 3 signaling pathway,go
GO:0150036,"regulation of trans-synaptic signaling by endocannabinoid, modulating synaptic transmission",go
GO:0006357,regulation of transcription by RNA polymerase II,go
GO:2000677,regulation of transcription regulatory region DNA binding,go
GO:0032909,regulation of transforming growth factor beta2 production,go
GO:0006417,regulation of translation,go
GO:0043555,regulation of translation in response to stress,go
GO:0051969,regulation of transmission of nerve impulse,go
GO:0051049,regulation of transport,go
GO:0090043,regulation of tubulin deacetylation,go
GO:0010803,regulation of tumor necrosis factor-mediated signaling pathway,go
GO:2000074,regulation of type B pancreatic cell development,go
GO:0032479,regulation of type I interferon production,go
GO:0060338,regulation of type I interferon-mediated signaling pathway,go
GO:0001807,regulation of type IV hypersensitivity,go
GO:0003056,regulation of vascular associated smooth muscle contraction,go
GO:0043114,regulation of vascular permeability,go
GO:0019229,regulation of vasoconstriction,go
GO:0098911,regulation of ventricular cardiac muscle cell action potential,go
GO:0060373,regulation of ventricular cardiac muscle cell membrane depolarization,go
GO:0060307,regulation of ventricular cardiac muscle cell membrane repolarization,go
GO:0097494,regulation of vesicle size,go
GO:0045069,regulation of viral genome replication,go
GO:0050792,regulation of viral process,go
GO:0140252,regulation protein catabolic process at postsynapse,go
GO:0045066,regulatory T cell differentiation,go
GO:0031048,regulatory ncRNA-mediated heterochromatin formation,go
GO:0055119,relaxation of cardiac muscle,go
GO:0090075,relaxation of muscle,go
GO:0001836,release of cytochrome c from mitochondria,go
GO:0051209,release of sequestered calcium ion into cytosol,go
GO:0019430,removal of superoxide radicals,go
GO:0070293,renal absorption,go
GO:0097205,renal filtration,go
GO:0097254,renal tubular secretion,go
GO:0061326,renal tubule development,go
GO:0097744,renal urate salt excretion,go
GO:0070295,renal water absorption,go
GO:0003091,renal water homeostasis,go
GO:0003092,renal water retention,go
GO:0002018,renin-angiotensin regulation of aldosterone production,go
GO:0140273,repair of mitotic kinetochore microtubule attachment defect,go
GO:0031297,replication fork processing,go
GO:0071932,replication fork reversal,go
GO:0090399,replicative senescence,go
GO:0000712,resolution of meiotic recombination intermediates,go
GO:0045730,respiratory burst,go
GO:0007585,respiratory gaseous exchange by respiratory system,go
GO:1904612,"response to 2,3,7,8-tetrachlorodibenzodioxine",go
GO:1905242,"response to 3,3',5-triiodo-L-thyronine",go
GO:1904681,response to 3-methylcholanthrene,go
GO:0033198,response to ATP,go
GO:1904010,response to Aroclor 1254,go
GO:0140460,response to Gram-negative bacterium,go
GO:0033591,response to L-ascorbic acid,go
GO:1902065,response to L-glutamate,go
GO:0043201,response to L-leucine,go
GO:0009411,response to UV,go
GO:0070141,response to UV-A,go
GO:0010225,response to UV-C,go
GO:0010165,response to X-ray,go
GO:1905144,response to acetylcholine,go
GO:1903937,response to acrylamide,go
GO:0014823,response to activity,go
GO:0097305,response to alcohol,go
GO:0043279,response to alkaloid,go
GO:0014075,response to amine,go
GO:0043200,response to amino acid,go
GO:0001975,response to amphetamine,go
GO:1904645,response to amyloid-beta,go
GO:0072347,response to anesthetic,go
GO:1990776,response to angiotensin,go
GO:0046677,response to antibiotic,go
GO:0046685,response to arsenic-containing substance,go
GO:0048678,response to axon injury,go
GO:1903412,response to bile acid,go
GO:1904614,response to biphenyl,go
GO:0009637,response to blue light,go
GO:1903544,response to butyrate,go
GO:0051591,response to cAMP,go
GO:0070305,response to cGMP,go
GO:0046686,response to cadmium ion,go
GO:0031000,response to caffeine,go
GO:0051592,response to calcium ion,go
GO:0061771,response to caloric restriction,go
GO:1901594,response to capsazepine,go
GO:0032025,response to cobalt ion,go
GO:0042220,response to cocaine,go
GO:0009409,response to cold,go
GO:0046688,response to copper ion,go
GO:0051412,response to corticosterone,go
GO:0051414,response to cortisol,go
GO:0034097,response to cytokine,go
GO:0014894,response to denervation involved in regulation of muscle adaptation,go
GO:1904307,response to desipramine,go
GO:0071548,response to dexamethasone,go
GO:0002021,response to dietary excess,go
GO:1901497,response to diphenyl ether,go
GO:0051602,response to electrical stimulus,go
GO:0034976,response to endoplasmic reticulum stress,go
GO:0070849,response to epidermal growth factor,go
GO:0032355,response to estradiol,go
GO:0043627,response to estrogen,go
GO:0045471,response to ethanol,go
GO:0070542,response to fatty acid,go
GO:0034405,response to fluid shear stress,go
GO:0051593,response to folic acid,go
GO:0032354,response to follicle-stimulating hormone,go
GO:0032094,response to food,go
GO:0009750,response to fructose,go
GO:0060992,response to fungicide,go
GO:0010332,response to gamma radiation,go
GO:0033595,response to genistein,go
GO:0051384,response to glucocorticoid,go
GO:0009749,response to glucose,go
GO:1904631,response to glucoside,go
GO:1990268,response to gold nanoparticle,go
GO:0097210,response to gonadotropin-releasing hormone,go
GO:0070848,response to growth factor,go
GO:0060416,response to growth hormone,go
GO:0009408,response to heat,go
GO:0009635,response to herbicide,go
GO:0034776,response to histamine,go
GO:0009725,response to hormone,go
GO:0042542,response to hydrogen peroxide,go
GO:1904880,response to hydrogen sulfide,go
GO:0055093,response to hyperoxia,go
GO:0001666,response to hypoxia,go
GO:0035902,response to immobilization stress,go
GO:0014854,response to inactivity,go
GO:0071680,response to indole-3-methanol,go
GO:0032868,response to insulin,go
GO:1990418,response to insulin-like growth factor stimulus,go
GO:0035456,response to interferon-beta,go
GO:0070555,response to interleukin-1,go
GO:0010212,response to ionizing radiation,go
GO:0010039,response to iron ion,go
GO:0010040,response to iron(II) ion,go
GO:0010041,response to iron(III) ion,go
GO:0002931,response to ischemia,go
GO:0035900,response to isolation stress,go
GO:1901654,response to ketone,go
GO:0010288,response to lead ion,go
GO:0009416,response to light stimulus,go
GO:0070543,response to linoleic acid,go
GO:0033993,response to lipid,go
GO:0032496,response to lipopolysaccharide,go
GO:0036005,response to macrophage colony-stimulating factor,go
GO:0032026,response to magnesium ion,go
GO:0009612,response to mechanical stimulus,go
GO:0010038,response to metal ion,go
GO:1904313,response to methamphetamine hydrochloride,go
GO:0031427,response to methotrexate,go
GO:0051788,response to misfolded protein,go
GO:0043278,response to morphine,go
GO:0014850,response to muscle activity,go
GO:0014870,response to muscle inactivity,go
GO:0035994,response to muscle stretch,go
GO:0009624,response to nematode,go
GO:0035094,response to nicotine,go
GO:0071731,response to nitric oxide,go
GO:1904842,response to nitroglycerin,go
GO:0007584,response to nutrient,go
GO:0031667,response to nutrient levels,go
GO:0051707,response to other organism,go
GO:0006979,response to oxidative stress,go
GO:0009268,response to pH,go
GO:0043434,response to peptide hormone,go
GO:1904627,response to phorbol 13-acetate 12-myristate,go
GO:0032570,response to progesterone,go
GO:0034695,response to prostaglandin E,go
GO:1990911,response to psychosocial stress,go
GO:0014074,response to purine-containing compound,go
GO:1905235,response to quercetin,go
GO:0009314,response to radiation,go
GO:0000302,response to reactive oxygen species,go
GO:0051775,response to redox state,go
GO:1904638,response to resveratrol,go
GO:0032526,response to retinoic acid,go
GO:0009651,response to salt stress,go
GO:0000304,response to singlet oxygen,go
GO:0042594,response to starvation,go
GO:0048545,response to steroid hormone,go
GO:0006950,response to stress,go
GO:1901327,response to tacrolimus,go
GO:0033574,response to testosterone,go
GO:0097066,response to thyroid hormone,go
GO:0009636,response to toxic substance,go
GO:0034612,response to tumor necrosis factor,go
GO:0034341,response to type II interferon,go
GO:0006986,response to unfolded protein,go
GO:0009615,response to virus,go
GO:0033189,response to vitamin A,go
GO:0033274,response to vitamin B2,go
GO:0033280,response to vitamin D,go
GO:0009611,response to wounding,go
GO:0009410,response to xenobiotic stimulus,go
GO:0061304,retinal blood vessel morphogenesis,go
GO:0042574,retinal metabolic process,go
GO:0042573,retinoic acid metabolic process,go
GO:0048384,retinoic acid receptor signaling pathway,go
GO:0001523,retinoid metabolic process,go
GO:0042572,retinol metabolic process,go
GO:0098921,retrograde trans-synaptic signaling by endocannabinoid,go
GO:0006890,"retrograde vesicle-mediated transport, Golgi to endoplasmic reticulum",go
GO:0043691,reverse cholesterol transport,go
GO:0048511,rhythmic process,go
GO:0032218,riboflavin transport,go
GO:0009156,ribonucleoside monophosphate biosynthetic process,go
GO:0000055,ribosomal large subunit export from nucleus,go
GO:0000028,ribosomal small subunit assembly,go
GO:0000056,ribosomal small subunit export from nucleus,go
GO:0000054,ribosomal subunit export from nucleus,go
GO:0042254,ribosome biogenesis,go
GO:1990116,ribosome-associated ubiquitin-dependent protein catabolic process,go
GO:0060021,roof of mouth development,go
GO:0046541,saliva secretion,go
GO:0097264,self proteolysis,go
GO:0071526,semaphorin-plexin signaling pathway,go
GO:0046960,sensitization,go
GO:0007600,sensory perception,go
GO:0160025,sensory perception of itch,go
GO:0019233,sensory perception of pain,go
GO:0007608,sensory perception of smell,go
GO:0050909,sensory perception of taste,go
GO:0050951,sensory perception of temperature stimulus,go
GO:0050975,sensory perception of touch,go
GO:0050893,sensory processing,go
GO:0042429,serotonin catabolic process,go
GO:0042428,serotonin metabolic process,go
GO:0007210,serotonin receptor signaling pathway,go
GO:0006837,serotonin transport,go
GO:0051610,serotonin uptake,go
GO:0140227,serotonin-gated cation-selective signaling pathway,go
GO:0007530,sex determination,go
GO:0007548,sex differentiation,go
GO:0019626,short-chain fatty acid catabolic process,go
GO:0007614,short-term memory,go
GO:0030422,siRNA processing,go
GO:0140745,siRNA transcription,go
GO:0007172,signal complex assembly,go
GO:0007165,signal transduction,go
GO:0042770,signal transduction in response to DNA damage,go
GO:0023019,signal transduction involved in regulation of gene expression,go
GO:0023052,signaling,go
GO:0140448,signaling receptor ligand precursor processing,go
GO:0003163,sinoatrial node development,go
GO:0000819,sister chromatid segregation,go
GO:0071340,skeletal muscle acetylcholine-gated channel clustering,go
GO:0003009,skeletal muscle contraction,go
GO:0048741,skeletal muscle fiber development,go
GO:0043403,skeletal muscle tissue regeneration,go
GO:0001501,skeletal system development,go
GO:0044281,small molecule metabolic process,go
GO:0034390,smooth muscle cell apoptotic process,go
GO:0006939,smooth muscle contraction,go
GO:0007224,smoothened signaling pathway,go
GO:0035176,social behavior,go
GO:0036376,sodium ion export across plasma membrane,go
GO:0035725,sodium ion transmembrane transport,go
GO:0006814,sodium ion transport,go
GO:0043252,sodium-independent organic anion transport,go
GO:0035019,somatic stem cell population maintenance,go
GO:0006060,sorbitol metabolic process,go
GO:0042713,sperm ejaculation,go
GO:0007286,spermatid development,go
GO:0007283,spermatogenesis,go
GO:0015848,spermidine transport,go
GO:0046521,sphingoid catabolic process,go
GO:0030148,sphingolipid biosynthetic process,go
GO:0006665,sphingolipid metabolic process,go
GO:0099039,sphingolipid translocation,go
GO:0006686,sphingomyelin biosynthetic process,go
GO:0046512,sphingosine biosynthetic process,go
GO:0006670,sphingosine metabolic process,go
GO:0003376,sphingosine-1-phosphate receptor signaling pathway,go
GO:0021510,spinal cord development,go
GO:0021513,spinal cord dorsal/ventral patterning,go
GO:0021965,spinal cord ventral commissure morphogenesis,go
GO:0051225,spindle assembly,go
GO:0007051,spindle organization,go
GO:0000387,spliceosomal snRNP assembly,go
GO:0002040,sprouting angiogenesis,go
GO:0030322,stabilization of membrane potential,go
GO:0001964,startle response,go
GO:0048863,stem cell differentiation,go
GO:0017145,stem cell division,go
GO:0019827,stem cell population maintenance,go
GO:0072089,stem cell proliferation,go
GO:0006694,steroid biosynthetic process,go
GO:0006706,steroid catabolic process,go
GO:0008202,steroid metabolic process,go
GO:0016126,sterol biosynthetic process,go
GO:0055092,sterol homeostasis,go
GO:0016125,sterol metabolic process,go
GO:0015918,sterol transport,go
GO:0046272,stilbene catabolic process,go
GO:0002223,stimulatory C-type lectin receptor signaling pathway,go
GO:0043149,stress fiber assembly,go
GO:0034063,stress granule assembly,go
GO:0051403,stress-activated MAPK cascade,go
GO:0031098,stress-activated protein kinase signaling cascade,go
GO:0090400,stress-induced premature senescence,go
GO:0051146,striated muscle cell differentiation,go
GO:0021756,striatum development,go
GO:0010814,substance P catabolic process,go
GO:0021762,substantia nigra development,go
GO:0034446,substrate adhesion-dependent cell spreading,go
GO:0006930,"substrate-dependent cell migration, cell extension",go
GO:0031509,subtelomeric heterochromatin formation,go
GO:0051923,sulfation,go
GO:0000098,sulfur amino acid catabolic process,go
GO:0006790,sulfur compound metabolic process,go
GO:0071109,superior temporal gyrus development,go
GO:0042554,superoxide anion generation,go
GO:0006801,superoxide metabolic process,go
GO:0097435,supramolecular fiber organization,go
GO:0036268,swimming,go
GO:0036269,swimming behavior,go
GO:0046718,symbiont entry into host cell,go
GO:0075342,symbiont-mediated disruption of host cell PML body,go
GO:0007416,synapse assembly,go
GO:0050808,synapse organization,go
GO:0098883,synapse pruning,go
GO:0099560,synaptic membrane adhesion,go
GO:0060084,synaptic transmission involved in micturition,go
GO:0051932,"synaptic transmission, GABAergic",go
GO:0007271,"synaptic transmission, cholinergic",go
GO:0001963,"synaptic transmission, dopaminergic",go
GO:0035249,"synaptic transmission, glutamatergic",go
GO:0060012,"synaptic transmission, glycinergic",go
GO:0016185,synaptic vesicle budding from presynaptic endocytic zone membrane,go
GO:0048488,synaptic vesicle endocytosis,go
GO:0016079,synaptic vesicle exocytosis,go
GO:0016082,synaptic vesicle priming,go
GO:0048489,synaptic vesicle transport,go
GO:0060715,syncytiotrophoblast cell differentiation involved in labyrinthine layer development,go
GO:0006949,syncytium formation,go
GO:0003008,system process,go
GO:0140958,target-directed miRNA degradation,go
GO:0021537,telencephalon development,go
GO:0000723,telomere maintenance,go
GO:0000722,telomere maintenance via recombination,go
GO:0007004,telomere maintenance via telomerase,go
GO:0010833,telomere maintenance via telomere lengthening,go
GO:0032200,telomere organization,go
GO:0001659,temperature homeostasis,go
GO:0023021,termination of signal transduction,go
GO:0006721,terpenoid metabolic process,go
GO:0046865,terpenoid transport,go
GO:0061370,testosterone biosynthetic process,go
GO:0006729,tetrahydrobiopterin biosynthetic process,go
GO:0046654,tetrahydrofolate biosynthetic process,go
GO:0035999,tetrahydrofolate interconversion,go
GO:0046653,tetrahydrofolate metabolic process,go
GO:0021794,thalamus development,go
GO:0050955,thermoception,go
GO:0071934,thiamine transmembrane transport,go
GO:0015888,thiamine transport,go
GO:0001966,thigmotaxis,go
GO:0070493,thrombin-activated receptor signaling pathway,go
GO:0030878,thyroid gland development,go
GO:0006590,thyroid hormone generation,go
GO:0042403,thyroid hormone metabolic process,go
GO:0002154,thyroid hormone receptor signaling pathway,go
GO:0070327,thyroid hormone transport,go
GO:0009888,tissue development,go
GO:0001894,tissue homeostasis,go
GO:0048771,tissue remodeling,go
GO:0002394,tolerance induction in gut-associated lymphoid tissue,go
GO:0034138,toll-like receptor 3 signaling pathway,go
GO:0034162,toll-like receptor 9 signaling pathway,go
GO:0002224,toll-like receptor signaling pathway,go
GO:0043586,tongue development,go
GO:0110052,toxic metabolite repair,go
GO:0009403,toxin biosynthetic process,go
GO:0009404,toxin metabolic process,go
GO:0002930,trabecular meshwork development,go
GO:0099537,trans-synaptic signaling,go
GO:0099553,"trans-synaptic signaling by endocannabinoid, modulating synaptic transmission",go
GO:0006366,transcription by RNA polymerase II,go
GO:0006367,transcription initiation at RNA polymerase II promoter,go
GO:0045815,transcription initiation-coupled chromatin remodeling,go
GO:0045056,transcytosis,go
GO:0060290,transdifferentiation,go
GO:0030321,transepithelial chloride transport,go
GO:0070633,transepithelial transport,go
GO:0007179,transforming growth factor beta receptor signaling pathway,go
GO:0141091,transforming growth factor beta receptor superfamily signaling pathway,go
GO:0006412,translation,go
GO:0019985,translesion synthesis,go
GO:0055085,transmembrane transport,go
GO:0150104,transport across blood-brain barrier,go
GO:0019433,triglyceride catabolic process,go
GO:0070328,triglyceride homeostasis,go
GO:0006641,triglyceride metabolic process,go
GO:0034197,triglyceride transport,go
GO:0071830,triglyceride-rich lipoprotein particle clearance,go
GO:0140207,tripeptide import across plasma membrane,go
GO:0061450,trophoblast cell migration,go
GO:0015827,tryptophan transport,go
GO:0035295,tube development,go
GO:0090042,tubulin deacetylation,go
GO:0033209,tumor necrosis factor-mediated signaling pathway,go
GO:0061734,type 2 mitophagy,go
GO:0003323,type B pancreatic cell development,go
GO:0044342,type B pancreatic cell proliferation,go
GO:0060337,type I interferon-mediated signaling pathway,go
GO:0060333,type II interferon-mediated signaling pathway,go
GO:0006743,ubiquinone metabolic process,go
GO:0006511,ubiquitin-dependent protein catabolic process,go
GO:0140627,ubiquitin-dependent protein catabolic process via the C-end degron rule pathway,go
GO:0006636,unsaturated fatty acid biosynthetic process,go
GO:0033559,unsaturated fatty acid metabolic process,go
GO:0046415,urate metabolic process,go
GO:0015747,urate transport,go
GO:0000050,urea cycle,go
GO:0019627,urea metabolic process,go
GO:0001657,ureteric bud development,go
GO:0014832,urinary bladder smooth muscle contraction,go
GO:0001655,urogenital system development,go
GO:0035886,vascular associated smooth muscle cell differentiation,go
GO:0097700,vascular endothelial cell response to laminar fluid shear stress,go
GO:0097706,vascular endothelial cell response to oscillatory fluid shear stress,go
GO:0010573,vascular endothelial growth factor production,go
GO:0048010,vascular endothelial growth factor receptor signaling pathway,go
GO:0036324,vascular endothelial growth factor receptor-2 signaling pathway,go
GO:0038084,vascular endothelial growth factor signaling pathway,go
GO:0061042,vascular wound healing,go
GO:0001944,vasculature development,go
GO:0001570,vasculogenesis,go
GO:0042310,vasoconstriction,go
GO:0042311,vasodilation,go
GO:0060841,venous blood vessel development,go
GO:0007418,ventral midline development,go
GO:0021517,ventral spinal cord development,go
GO:0086005,ventricular cardiac muscle cell action potential,go
GO:0055015,ventricular cardiac muscle cell development,go
GO:0055010,ventricular cardiac muscle tissue morphogenesis,go
GO:0003281,ventricular septum development,go
GO:0060412,ventricular septum morphogenesis,go
GO:0034447,very-low-density lipoprotein particle clearance,go
GO:0034372,very-low-density lipoprotein particle remodeling,go
GO:0016050,vesicle organization,go
GO:0099050,vesicle scission,go
GO:0047496,vesicle transport along microtubule,go
GO:0019058,viral life cycle,go
GO:0019082,viral protein processing,go
GO:0019068,virion assembly,go
GO:0008542,visual learning,go
GO:0007601,visual perception,go
GO:0150063,visual system development,go
GO:0042369,vitamin D catabolic process,go
GO:0042359,vitamin D metabolic process,go
GO:0070561,vitamin D receptor signaling pathway,go
GO:0070640,vitamin D3 metabolic process,go
GO:0042360,vitamin E metabolic process,go
GO:0042373,vitamin K metabolic process,go
GO:0042297,vocal learning,go
GO:0050872,white fat cell differentiation,go
GO:0070343,white fat cell proliferation,go
GO:0042060,wound healing,go
GO:0035313,"wound healing, spreading of epidermal cells",go
GO:0009115,xanthine catabolic process,go
GO:0042178,xenobiotic catabolic process,go
GO:1990961,xenobiotic detoxification by transmembrane export across the plasma membrane,go
GO:0046618,xenobiotic export from cell,go
GO:0006805,xenobiotic metabolic process,go
GO:0006855,xenobiotic transmembrane transport,go
GO:0042908,xenobiotic transport,go
GO:1990962,xenobiotic transport across blood-brain barrier,go
GO:0098792,xenophagy,go
GO:0141064,zygotic genome activation,go
GO:0036197,zymosterol biosynthetic process,go
